prediction_season,target,feature,coef_per_training_sd,rate_mean,median_denom,training_mean_after_shrink,training_sd_after_shrink,model_intercept,alpha,lambda
2004,orapm,rim_ast_m_75,0.44832387596301704,1.3563515097281453,3411.0,1.3654196617424643,0.7520820330784009,0.586618801840615,0.1,0.1
2004,orapm,rim_unast_m_75,0.5339621432268812,1.1164915378269458,3411.0,1.1237585165611375,0.5015865769993165,0.586618801840615,0.1,0.1
2004,orapm,rim_miss_75,-0.5340576165795724,1.7419368572238738,3411.0,1.7432228048684886,0.6853236870966226,0.586618801840615,0.1,0.1
2004,orapm,flt_ast_m_75,0.14611237881067668,0.30316862573731235,3411.0,0.3041594583215253,0.31208005701498603,0.586618801840615,0.1,0.1
2004,orapm,flt_unast_m_75,0.2522363220344008,0.38124762529791717,3411.0,0.3837521599951359,0.2701698726369699,0.586618801840615,0.1,0.1
2004,orapm,flt_miss_75,-0.37652912532722393,1.1034382071390874,3411.0,1.1060994597067841,0.6632291839851695,0.586618801840615,0.1,0.1
2004,orapm,mid_ast_m_75,0.4238395166230194,1.1806536786695725,3411.0,1.1817590198646621,0.7049536983520037,0.586618801840615,0.1,0.1
2004,orapm,mid_unast_m_75,0.42753682197991855,0.6736823968003676,3411.0,0.6823663515969,0.5507622761342651,0.586618801840615,0.1,0.1
2004,orapm,mid_miss_75,-0.3769443981287989,2.818274341650246,3411.0,2.8253515183628743,1.267400440885453,0.586618801840615,0.1,0.1
2004,orapm,tp_ast_m_75,0.4796972214809579,0.7058739184813474,3411.0,0.7090089676067174,0.6423356997822278,0.586618801840615,0.1,0.1
2004,orapm,tp_unast_m_75,0.07782834308130637,0.12864559444064672,3411.0,0.1298743822117513,0.19210216755372952,0.586618801840615,0.1,0.1
2004,orapm,tp_miss_75,0.4254003808113387,1.4779483055973486,3411.0,1.4842641669729169,1.215936073927181,0.586618801840615,0.1,0.1
2004,orapm,ftm_75,0.6654483001342043,3.047430582387402,3411.0,3.072975692530172,1.3136547561264442,0.586618801840615,0.1,0.1
2004,orapm,ft_miss_75,0.013887670778527704,1.0128179690945327,3411.0,1.0210916587738181,0.5910793292621096,0.586618801840615,0.1,0.1
2004,orapm,ast_rim_75,0.46789375240591546,1.3576970068913554,3411.0,1.3713158763076123,0.8645548167958758,0.586618801840615,0.1,0.1
2004,orapm,ast_mid2_75,0.1695259607368657,1.471763035056025,3411.0,1.4811104637092214,0.9778032132364092,0.586618801840615,0.1,0.1
2004,orapm,ast_tp_75,0.12129123444804382,0.6886937270914046,3411.0,0.6944587884911486,0.4348689431874446,0.586618801840615,0.1,0.1
2004,orapm,tov_bp_75,-0.25597857160390985,1.0881557692106871,3411.0,1.0916272731993506,0.43769059011387434,0.586618801840615,0.1,0.1
2004,orapm,tov_lb_75,-0.28612331884219466,0.6109460813097993,3411.0,0.6115656926913235,0.22258763063414802,0.586618801840615,0.1,0.1
2004,orapm,tov_dead_75,-0.2817028655608052,0.6198926333427853,3411.0,0.6182262851568251,0.28745426124836454,0.586618801840615,0.1,0.1
2004,orapm,oreb_opp_rate,0.5928888582882343,0.0521717970883171,1705.0,0.05190297357423236,0.029406162432705534,0.586618801840615,0.1,0.1
2004,orapm,dreb_opp_rate,0.04472078601190932,0.12752127503848568,1704.5,0.12747993986320375,0.045583492996670465,0.586618801840615,0.1,0.1
2004,orapm,off_boxout_75,0.0,0.0,1.0,0.0,1.0,0.586618801840615,0.1,0.1
2004,orapm,def_boxout_75,0.0,0.0,1.0,0.0,1.0,0.586618801840615,0.1,0.1
2004,orapm,stl_75,0.06366411184997373,1.2908639537695208,3411.0,1.2951410797313763,0.4290436021255065,0.586618801840615,0.1,0.1
2004,orapm,blk_75,0.0070501159995519655,0.8125196302011498,3411.0,0.8165796869460811,0.7630109254289399,0.586618801840615,0.1,0.1
2004,orapm,rim_dfg_diff,0.0,0.0,1.0,0.0,1.0,0.586618801840615,0.1,0.1
2004,orapm,contested_2pt_75,0.0,0.0,1.0,0.0,1.0,0.586618801840615,0.1,0.1
2004,orapm,contested_3pt_75,0.0,0.0,1.0,0.0,1.0,0.586618801840615,0.1,0.1
2004,orapm,defl_75,0.0,0.0,1.0,0.0,1.0,0.586618801840615,0.1,0.1
2004,orapm,pf_nonoff_75,-0.3066459710866121,3.1151271635393565,3411.0,3.0936473628785675,0.9170555745479465,0.586618801840615,0.1,0.1
2004,orapm,charges_drawn_75,0.0,0.0,1.0,0.0,1.0,0.586618801840615,0.1,0.1
2004,orapm,height,0.09178757889207298,79.11992445703494,inf,79.06508068600407,3.5698514931559266,0.586618801840615,0.1,0.1
2004,orapm,age,-0.011576182575708527,27.710044374074204,inf,27.563391909722792,4.270448710401339,0.586618801840615,0.1,0.1
2004,orapm,wing_rel,0.050608509529721867,5.1454545454545455,inf,5.141297180442084,0.340624574518855,0.586618801840615,0.1,0.1
2005,orapm,rim_ast_m_75,0.4554481624966004,1.350452394820199,3390.0,1.3582303872208465,0.7538138286528916,0.6143852753154568,0.1,0.1
2005,orapm,rim_unast_m_75,0.5685146593484169,1.1239645818832746,3390.0,1.131550760971926,0.5103557102846383,0.6143852753154568,0.1,0.1
2005,orapm,rim_miss_75,-0.5397308563858504,1.7466674661055888,3390.0,1.7476111694655811,0.6824301160560055,0.6143852753154568,0.1,0.1
2005,orapm,flt_ast_m_75,0.15187268785330757,0.29564768867501684,3390.0,0.29635656642091224,0.30521877772422845,0.6143852753154568,0.1,0.1
2005,orapm,flt_unast_m_75,0.24648236908836865,0.3798205110996071,3390.0,0.3829090972817799,0.26941869115590567,0.6143852753154568,0.1,0.1
2005,orapm,flt_miss_75,-0.36807118800981387,1.0822521743252447,3390.0,1.0839936052185948,0.6548414962384963,0.6143852753154568,0.1,0.1
2005,orapm,mid_ast_m_75,0.46855238498913604,1.172338654530214,3390.0,1.1726404966919293,0.7043442821950917,0.6143852753154568,0.1,0.1
2005,orapm,mid_unast_m_75,0.4618233609768356,0.6791026352854819,3390.0,0.689214325175561,0.5550967480576297,0.6143852753154568,0.1,0.1
2005,orapm,mid_miss_75,-0.4369608954301016,2.8134050888433215,3390.0,2.8203246151969887,1.2620127572209077,0.6143852753154568,0.1,0.1
2005,orapm,tp_ast_m_75,0.5130717622718086,0.7137661739713638,3390.0,0.7183746504648945,0.650264687241805,0.6143852753154568,0.1,0.1
2005,orapm,tp_unast_m_75,0.07317969364128755,0.12862205672324223,3390.0,0.1302775736526769,0.1909512092672186,0.6143852753154568,0.1,0.1
2005,orapm,tp_miss_75,0.4149228114182578,1.4885697443187818,3390.0,1.4978658905384334,1.2236081931036422,0.6143852753154568,0.1,0.1
2005,orapm,ftm_75,0.6713298041795621,3.0701475973887917,3390.0,3.0994490926611697,1.348531484000593,0.6143852753154568,0.1,0.1
2005,orapm,ft_miss_75,0.015581422875267203,1.0138315058096994,3390.0,1.021862893478874,0.6013557823515564,0.6143852753154568,0.1,0.1
2005,orapm,ast_rim_75,0.4579016691512178,1.3466507576756697,3390.0,1.361012422004036,0.86463043862128,0.6143852753154568,0.1,0.1
2005,orapm,ast_mid2_75,0.14731080664061427,1.4530349971206118,3390.0,1.4620727173978898,0.9737473240149641,0.6143852753154568,0.1,0.1
2005,orapm,ast_tp_75,0.14268890456628575,0.6956555970189533,3390.0,0.7031480998742559,0.45263058383990584,0.6143852753154568,0.1,0.1
2005,orapm,tov_bp_75,-0.24054666246793238,1.078582538470456,3390.0,1.0830711927947698,0.4359721410529039,0.6143852753154568,0.1,0.1
2005,orapm,tov_lb_75,-0.26667954211112493,0.5975434383977555,3390.0,0.597392085020521,0.22071897592582812,0.6143852753154568,0.1,0.1
2005,orapm,tov_dead_75,-0.3270063520712832,0.6306757621226464,3390.0,0.6295779039901681,0.2937164400436733,0.6143852753154568,0.1,0.1
2005,orapm,oreb_opp_rate,0.5977188505993005,0.05207710623578748,1698.5,0.05174663255223826,0.0295729995398627,0.6143852753154568,0.1,0.1
2005,orapm,dreb_opp_rate,0.03319388175473909,0.12767676159747826,1695.0,0.12759313372076633,0.04563872035039596,0.6143852753154568,0.1,0.1
2005,orapm,off_boxout_75,0.0,0.0,1.0,0.0,1.0,0.6143852753154568,0.1,0.1
2005,orapm,def_boxout_75,0.0,0.0,1.0,0.0,1.0,0.6143852753154568,0.1,0.1
2005,orapm,stl_75,0.06456594315397035,1.2800605070445275,3390.0,1.2835424641729258,0.42733572658910035,0.6143852753154568,0.1,0.1
2005,orapm,blk_75,-0.013064312790073434,0.8085783003490467,3390.0,0.8123878988269004,0.7601449383197421,0.6143852753154568,0.1,0.1
2005,orapm,rim_dfg_diff,0.0,0.0,1.0,0.0,1.0,0.6143852753154568,0.1,0.1
2005,orapm,contested_2pt_75,0.0,0.0,1.0,0.0,1.0,0.6143852753154568,0.1,0.1
2005,orapm,contested_3pt_75,0.0,0.0,1.0,0.0,1.0,0.6143852753154568,0.1,0.1
2005,orapm,defl_75,0.0,0.0,1.0,0.0,1.0,0.6143852753154568,0.1,0.1
2005,orapm,pf_nonoff_75,-0.2955526832758594,3.1242241257525247,3390.0,3.1018298089258476,0.9208986732921836,0.6143852753154568,0.1,0.1
2005,orapm,charges_drawn_75,0.0,0.0,1.0,0.0,1.0,0.6143852753154568,0.1,0.1
2005,orapm,height,0.10137885794391115,79.1300578034682,inf,79.05906860485526,3.5853552918191944,0.6143852753154568,0.1,0.1
2005,orapm,age,-0.00958434633065881,27.621932582132356,inf,27.482432832927547,4.238672807875633,0.6143852753154568,0.1,0.1
2005,orapm,wing_rel,0.04397914861515278,5.132978723404255,inf,5.130707327490359,0.38959048910990324,0.6143852753154568,0.1,0.1
2006,orapm,rim_ast_m_75,0.4750865306473384,1.342346683025833,3399.0,1.3503197642813056,0.7511700918810555,0.6340681925857307,0.1,0.1
2006,orapm,rim_unast_m_75,0.5657092100076431,1.1388578187873908,3399.0,1.144786226406294,0.5228185191914687,0.6340681925857307,0.1,0.1
2006,orapm,rim_miss_75,-0.5251036360034224,1.7498685837231833,3399.0,1.7502342330508862,0.678240986156213,0.6340681925857307,0.1,0.1
2006,orapm,flt_ast_m_75,0.12465698105330093,0.28856900792514545,3399.0,0.2900336800133884,0.30060994001048275,0.6340681925857307,0.1,0.1
2006,orapm,flt_unast_m_75,0.23159565725227405,0.37927226455665947,3399.0,0.38210544651347783,0.2707369798630011,0.6340681925857307,0.1,0.1
2006,orapm,flt_miss_75,-0.33589535347845756,1.063596434730827,3399.0,1.066592818462751,0.6486552320719935,0.6340681925857307,0.1,0.1
2006,orapm,mid_ast_m_75,0.4811411188878973,1.1608534176696874,3399.0,1.164211036858733,0.704526387311815,0.6340681925857307,0.1,0.1
2006,orapm,mid_unast_m_75,0.46400949229104815,0.6862642624384363,3399.0,0.6954975835694994,0.562198814551665,0.6340681925857307,0.1,0.1
2006,orapm,mid_miss_75,-0.43656351867441995,2.800065763344286,3399.0,2.810381591112033,1.2632630300385435,0.6340681925857307,0.1,0.1
2006,orapm,tp_ast_m_75,0.5584320644469224,0.7229525112733031,3399.0,0.7263891337056997,0.6550065886958603,0.6340681925857307,0.1,0.1
2006,orapm,tp_unast_m_75,0.08086514117135196,0.12927639185321083,3399.0,0.13072054512928558,0.19207169189661372,0.6340681925857307,0.1,0.1
2006,orapm,tp_miss_75,0.39246896122491753,1.5029405804945333,3399.0,1.5097569058969622,1.2293945131950827,0.6340681925857307,0.1,0.1
2006,orapm,ftm_75,0.6448900846356684,3.0928540776165194,3399.0,3.118916310014899,1.3709510276555146,0.6340681925857307,0.1,0.1
2006,orapm,ft_miss_75,0.041921711504422074,1.0231541862301399,3399.0,1.0300769871546915,0.6024280248994984,0.6340681925857307,0.1,0.1
2006,orapm,ast_rim_75,0.4334730856259031,1.3385847968060929,3399.0,1.351833190797893,0.8584413715020036,0.6340681925857307,0.1,0.1
2006,orapm,ast_mid2_75,0.12324473000453187,1.4350058050294552,3399.0,1.4452984695362385,0.9642524405488502,0.6340681925857307,0.1,0.1
2006,orapm,ast_tp_75,0.15370081182081513,0.7034884961992593,3399.0,0.7100201545131329,0.45654730759793205,0.6340681925857307,0.1,0.1
2006,orapm,tov_bp_75,-0.2104335207516822,1.0643298842453677,3399.0,1.0689556625431436,0.43218986137606813,0.6340681925857307,0.1,0.1
2006,orapm,tov_lb_75,-0.24395765658047167,0.5886050652496667,3399.0,0.5889875950217581,0.21840249446959772,0.6340681925857307,0.1,0.1
2006,orapm,tov_dead_75,-0.35581461080888854,0.6455854173201553,3399.0,0.6431611867396992,0.29785778553226394,0.6340681925857307,0.1,0.1
2006,orapm,oreb_opp_rate,0.5966550019736232,0.05164745947049379,1694.0,0.051369090203394065,0.0295637479368926,0.6340681925857307,0.1,0.1
2006,orapm,dreb_opp_rate,0.02487791561354879,0.12798750803710848,1698.0,0.12796162997280933,0.04566203790836925,0.6340681925857307,0.1,0.1
2006,orapm,off_boxout_75,0.0,0.0,1.0,0.0,1.0,0.6340681925857307,0.1,0.1
2006,orapm,def_boxout_75,0.0,0.0,1.0,0.0,1.0,0.6340681925857307,0.1,0.1
2006,orapm,stl_75,0.06651144077252458,1.2678345215916496,3399.0,1.2718451559270287,0.4257900190580354,0.6340681925857307,0.1,0.1
2006,orapm,blk_75,-0.010520267092499244,0.8033164957159713,3399.0,0.8079038486557429,0.7579826913094542,0.6340681925857307,0.1,0.1
2006,orapm,rim_dfg_diff,0.0,0.0,1.0,0.0,1.0,0.6340681925857307,0.1,0.1
2006,orapm,contested_2pt_75,0.0,0.0,1.0,0.0,1.0,0.6340681925857307,0.1,0.1
2006,orapm,contested_3pt_75,0.0,0.0,1.0,0.0,1.0,0.6340681925857307,0.1,0.1
2006,orapm,defl_75,0.0,0.0,1.0,0.0,1.0,0.6340681925857307,0.1,0.1
2006,orapm,pf_nonoff_75,-0.3042333279813154,3.1293372760494718,3399.0,3.1084063699558295,0.9223791247149404,0.6340681925857307,0.1,0.1
2006,orapm,charges_drawn_75,0.0,0.0,1.0,0.0,1.0,0.6340681925857307,0.1,0.1
2006,orapm,height,0.1000214075153702,79.12717834631071,inf,79.05564286783415,3.599093565521132,0.6340681925857307,0.1,0.1
2006,orapm,age,-0.004384254239476957,27.498427109592168,inf,27.392958638340932,4.211374943987705,0.6340681925857307,0.1,0.1
2006,orapm,wing_rel,0.056636641107570204,5.1314935064935066,inf,5.1273877486151065,0.4488649769620629,0.6340681925857307,0.1,0.1
2007,orapm,rim_ast_m_75,0.4325747468975344,1.3235473971702238,3399.0,1.330803001145909,0.7461446331988635,0.676693518660599,0.1,0.1
2007,orapm,rim_unast_m_75,0.5695453722729391,1.142039059379778,3399.0,1.1462112450514625,0.5262050762788014,0.676693518660599,0.1,0.1
2007,orapm,rim_miss_75,-0.44308802537677533,1.7018994411747157,3399.0,1.699829475478448,0.6339250117858365,0.676693518660599,0.1,0.1
2007,orapm,flt_ast_m_75,0.14308042002501747,0.280997137610222,3399.0,0.28348962165931035,0.2937608550978593,0.676693518660599,0.1,0.1
2007,orapm,flt_unast_m_75,0.2672074444959209,0.38258001941099873,3399.0,0.3859784452729859,0.27555408905304074,0.676693518660599,0.1,0.1
2007,orapm,flt_miss_75,-0.3729402749976276,1.0662301067519997,3399.0,1.0727456457274354,0.6498458771449621,0.676693518660599,0.1,0.1
2007,orapm,mid_ast_m_75,0.5446061626743,1.1608141366086722,3399.0,1.1660645782648895,0.7043061855561505,0.676693518660599,0.1,0.1
2007,orapm,mid_unast_m_75,0.4916168052298287,0.7060559683088162,3399.0,0.7147791367284841,0.5756055715442209,0.676693518660599,0.1,0.1
2007,orapm,mid_miss_75,-0.5435116835600894,2.8416772105065693,3399.0,2.856083827424384,1.2700601222670291,0.676693518660599,0.1,0.1
2007,orapm,tp_ast_m_75,0.5482515441944888,0.727323241963768,3399.0,0.7303079848902185,0.6551010232526365,0.676693518660599,0.1,0.1
2007,orapm,tp_unast_m_75,0.1137956861995023,0.12312087327836735,3399.0,0.12490078748680716,0.1812541614479386,0.676693518660599,0.1,0.1
2007,orapm,tp_miss_75,0.36604838217901603,1.500278361619984,3399.0,1.5072694491934937,1.2212485049728845,0.676693518660599,0.1,0.1
2007,orapm,ftm_75,0.6787910987600383,3.1076096975158296,3399.0,3.1319608647583905,1.3954349599168332,0.676693518660599,0.1,0.1
2007,orapm,ft_miss_75,0.05411167503718728,1.0201284540143845,3399.0,1.0268343401603188,0.6087895782974111,0.676693518660599,0.1,0.1
2007,orapm,ast_rim_75,0.4400640511680591,1.3227352437023072,3399.0,1.3336178822784668,0.8377072417596056,0.676693518660599,0.1,0.1
2007,orapm,ast_mid2_75,0.06593129179620567,1.4276304376859592,3399.0,1.439204734682227,0.9551007406286128,0.676693518660599,0.1,0.1
2007,orapm,ast_tp_75,0.1485327130844531,0.7078156341559687,3399.0,0.7126067948082355,0.4573358205698275,0.676693518660599,0.1,0.1
2007,orapm,tov_bp_75,-0.19242961800980818,1.040607461068123,3399.0,1.0460901703970389,0.4249122572208914,0.676693518660599,0.1,0.1
2007,orapm,tov_lb_75,-0.22844939931819444,0.5804508608932923,3399.0,0.5823314820414348,0.21685696213527578,0.676693518660599,0.1,0.1
2007,orapm,tov_dead_75,-0.40656551117894557,0.6666267136703583,3399.0,0.6602096090089664,0.3060457344047558,0.676693518660599,0.1,0.1
2007,orapm,oreb_opp_rate,0.5668297146648485,0.050976567354393376,1690.5,0.05071792389157712,0.02952821551531768,0.676693518660599,0.1,0.1
2007,orapm,dreb_opp_rate,0.03007319380382868,0.12892894395177315,1693.5,0.12887736890417895,0.04574058787971411,0.676693518660599,0.1,0.1
2007,orapm,off_boxout_75,0.0,0.0,1.0,0.0,1.0,0.676693518660599,0.1,0.1
2007,orapm,def_boxout_75,0.0,0.0,1.0,0.0,1.0,0.676693518660599,0.1,0.1
2007,orapm,stl_75,0.10726935665665974,1.2490999959445408,3399.0,1.2536658770917648,0.4181686429036935,0.676693518660599,0.1,0.1
2007,orapm,blk_75,-0.039532279251294475,0.7963483244477728,3399.0,0.8023426099163748,0.7559883324470658,0.676693518660599,0.1,0.1
2007,orapm,rim_dfg_diff,0.0,0.0,1.0,0.0,1.0,0.676693518660599,0.1,0.1
2007,orapm,contested_2pt_75,0.0,0.0,1.0,0.0,1.0,0.676693518660599,0.1,0.1
2007,orapm,contested_3pt_75,0.0,0.0,1.0,0.0,1.0,0.676693518660599,0.1,0.1
2007,orapm,defl_75,0.0,0.0,1.0,0.0,1.0,0.676693518660599,0.1,0.1
2007,orapm,pf_nonoff_75,-0.32649382642859237,3.1133186586579487,3399.0,3.0937207703751657,0.9253790236199849,0.676693518660599,0.1,0.1
2007,orapm,charges_drawn_75,0.0,0.0,1.0,0.0,1.0,0.676693518660599,0.1,0.1
2007,orapm,height,0.13320960914738225,79.11131934032983,inf,79.03881739808706,3.6125887170140287,0.676693518660599,0.1,0.1
2007,orapm,age,0.028684323843636866,27.39834102933821,inf,27.304851659442452,4.21917113084824,0.676693518660599,0.1,0.1
2007,orapm,wing_rel,0.04401842393425698,5.150966183574879,inf,5.146670437541786,0.518302680059016,0.676693518660599,0.1,0.1
2008,orapm,rim_ast_m_75,0.45575839475612223,1.313046382328769,3413.0,1.3208580333024125,0.7452322420148784,0.702773499754729,0.1,0.1
2008,orapm,rim_unast_m_75,0.5328874039416616,1.1446603231903358,3413.0,1.1484234896182859,0.5307481755957068,0.702773499754729,0.1,0.1
2008,orapm,rim_miss_75,-0.4846240071177762,1.694791026335975,3413.0,1.6929123713990386,0.6239548718712568,0.702773499754729,0.1,0.1
2008,orapm,flt_ast_m_75,0.09915894007151721,0.27440012466431934,3413.0,0.27749894158561106,0.2885687878262214,0.702773499754729,0.1,0.1
2008,orapm,flt_unast_m_75,0.33736466843282326,0.38227045210254723,3413.0,0.3861349357504784,0.2768833020149172,0.702773499754729,0.1,0.1
2008,orapm,flt_miss_75,-0.3491416433693716,1.0388852613441504,3413.0,1.0473946372666012,0.6467836297176183,0.702773499754729,0.1,0.1
2008,orapm,mid_ast_m_75,0.5593506137056009,1.1362792608221663,3413.0,1.1426050091030167,0.6944267970505513,0.702773499754729,0.1,0.1
2008,orapm,mid_unast_m_75,0.4496498901059127,0.7246511900630556,3413.0,0.7333861568840608,0.5879086253832708,0.702773499754729,0.1,0.1
2008,orapm,mid_miss_75,-0.5507875500536078,2.8198769481588273,3413.0,2.8361618707602165,1.2639875548066812,0.702773499754729,0.1,0.1
2008,orapm,tp_ast_m_75,0.6437382687456633,0.7592270557264166,3413.0,0.7606288478280376,0.670530744821537,0.702773499754729,0.1,0.1
2008,orapm,tp_unast_m_75,0.1927113373719206,0.12554066615742948,3413.0,0.12773148619693048,0.18400587090843154,0.702773499754729,0.1,0.1
2008,orapm,tp_miss_75,0.27538342838179036,1.5466007781322468,3413.0,1.5520498545225148,1.2364846146779265,0.702773499754729,0.1,0.1
2008,orapm,ftm_75,0.7126001720880217,3.09670694356677,3413.0,3.118681694658418,1.4053323217746732,0.702773499754729,0.1,0.1
2008,orapm,ft_miss_75,0.057061626199961184,1.0047475690935737,3413.0,1.0114510348343726,0.6025446549911528,0.702773499754729,0.1,0.1
2008,orapm,ast_rim_75,0.3849616850483487,1.306919921339109,3413.0,1.3180160912769219,0.8350484040599665,0.702773499754729,0.1,0.1
2008,orapm,ast_mid2_75,0.0742079431060218,1.3925629065651761,3413.0,1.4054905985856576,0.9378368227097889,0.702773499754729,0.1,0.1
2008,orapm,ast_tp_75,0.12020502533128775,0.7367846102025254,3413.0,0.7407918040022985,0.4798768794362756,0.702773499754729,0.1,0.1
2008,orapm,tov_bp_75,-0.07657209394716423,1.0175103655895885,3413.0,1.0233156481625703,0.4234968732786499,0.702773499754729,0.1,0.1
2008,orapm,tov_lb_75,-0.19038056606925222,0.5652277689133969,3413.0,0.5677271213099082,0.2123954377845476,0.702773499754729,0.1,0.1
2008,orapm,tov_dead_75,-0.43819017600894233,0.6809852177817463,3413.0,0.6741207349691848,0.3080510457261027,0.702773499754729,0.1,0.1
2008,orapm,oreb_opp_rate,0.6665329474213332,0.050083753677383755,1698.0,0.049906217483142994,0.029252010327189947,0.702773499754729,0.1,0.1
2008,orapm,dreb_opp_rate,-0.016374600758172098,0.13002525978119625,1694.0,0.12996520944372023,0.045969261094392165,0.702773499754729,0.1,0.1
2008,orapm,off_boxout_75,0.0,0.0,1.0,0.0,1.0,0.702773499754729,0.1,0.1
2008,orapm,def_boxout_75,0.0,0.0,1.0,0.0,1.0,0.702773499754729,0.1,0.1
2008,orapm,stl_75,0.11092771750276345,1.230303308416403,3413.0,1.2359987301278275,0.41228771287936644,0.702773499754729,0.1,0.1
2008,orapm,blk_75,-0.0711884424475451,0.7878995305011716,3413.0,0.7954213124920955,0.7460009334855411,0.702773499754729,0.1,0.1
2008,orapm,rim_dfg_diff,0.0,0.0,1.0,0.0,1.0,0.702773499754729,0.1,0.1
2008,orapm,contested_2pt_75,0.0,0.0,1.0,0.0,1.0,0.702773499754729,0.1,0.1
2008,orapm,contested_3pt_75,0.0,0.0,1.0,0.0,1.0,0.702773499754729,0.1,0.1
2008,orapm,defl_75,0.0,0.0,1.0,0.0,1.0,0.702773499754729,0.1,0.1
2008,orapm,pf_nonoff_75,-0.30563561103992887,3.078263826283203,3413.0,3.0612371408226604,0.9190562958289692,0.702773499754729,0.1,0.1
2008,orapm,charges_drawn_75,0.0,0.0,1.0,0.0,1.0,0.702773499754729,0.1,0.1
2008,orapm,height,0.1479386086585698,79.08680947012401,inf,79.01948559558633,3.6090931525354906,0.702773499754729,0.1,0.1
2008,orapm,age,0.0341845396324788,27.252437239557594,inf,27.181867821877045,4.1864126818435246,0.702773499754729,0.1,0.1
2008,orapm,wing_rel,0.020575063677786904,5.132562277580071,inf,5.131330951974698,0.6103184898470698,0.702773499754729,0.1,0.1
2009,orapm,rim_ast_m_75,0.44845699191524735,1.3108691011279372,3566.0,1.3182631843946115,0.7470258453527542,0.7078913597244966,0.1,0.1
2009,orapm,rim_unast_m_75,0.5330660805263161,1.1581427601737517,3566.0,1.1631639430584373,0.5426405339395955,0.7078913597244966,0.1,0.1
2009,orapm,rim_miss_75,-0.49021769868849585,1.6997495535915468,3566.0,1.6989213702018175,0.6270310240686511,0.7078913597244966,0.1,0.1
2009,orapm,flt_ast_m_75,0.07675581423964205,0.2651878488577554,3566.0,0.26846687900917426,0.2798133024529347,0.7078913597244966,0.1,0.1
2009,orapm,flt_unast_m_75,0.30541073232253074,0.3818873640538093,3566.0,0.3866201187408264,0.2768415014221552,0.7078913597244966,0.1,0.1
2009,orapm,flt_miss_75,-0.2575198694848171,1.0098802528331416,3566.0,1.018675859467678,0.6262154722102437,0.7078913597244966,0.1,0.1
2009,orapm,mid_ast_m_75,0.5853658455533399,1.1104030758950074,3566.0,1.117610854921132,0.6881070449874201,0.7078913597244966,0.1,0.1
2009,orapm,mid_unast_m_75,0.48981304203912646,0.7380229999591505,3566.0,0.7477432249588247,0.596077320357213,0.7078913597244966,0.1,0.1
2009,orapm,mid_miss_75,-0.5898892778400048,2.787005431574675,3566.0,2.805469709714623,1.254543175631924,0.7078913597244966,0.1,0.1
2009,orapm,tp_ast_m_75,0.6251943552788016,0.7839410185810901,3566.0,0.7847615969810625,0.6809024682354626,0.7078913597244966,0.1,0.1
2009,orapm,tp_unast_m_75,0.23699688491797608,0.128615617405649,3566.0,0.13061499726738357,0.1848364273236951,0.7078913597244966,0.1,0.1
2009,orapm,tp_miss_75,0.2946408290904676,1.580535838687341,3566.0,1.5850905106890585,1.2396318607937136,0.7078913597244966,0.1,0.1
2009,orapm,ftm_75,0.6928130288200357,3.091374147141807,3566.0,3.114039651807192,1.4109601822052442,0.7078913597244966,0.1,0.1
2009,orapm,ft_miss_75,0.06621620536681537,0.9860932136781698,3566.0,0.9931425602336765,0.5937331434723495,0.7078913597244966,0.1,0.1
2009,orapm,ast_rim_75,0.36863302007453164,1.3023705039108602,3566.0,1.3134354386909366,0.8339068373343592,0.7078913597244966,0.1,0.1
2009,orapm,ast_mid2_75,0.08471514946135464,1.3567494820296948,3566.0,1.3701862237782632,0.9165911605876519,0.7078913597244966,0.1,0.1
2009,orapm,ast_tp_75,0.07951933638136953,0.7596044687114621,3566.0,0.7640663323915953,0.4954816823810017,0.7078913597244966,0.1,0.1
2009,orapm,tov_bp_75,-0.03194695739743879,1.0036700290031253,3566.0,1.0087945525404447,0.420406149465559,0.7078913597244966,0.1,0.1
2009,orapm,tov_lb_75,-0.18480579655051813,0.5527174484154972,3566.0,0.5550871505325443,0.21021238214856836,0.7078913597244966,0.1,0.1
2009,orapm,tov_dead_75,-0.4488360726507681,0.6892821523235672,3566.0,0.683078439889894,0.3072864292617429,0.7078913597244966,0.1,0.1
2009,orapm,oreb_opp_rate,0.6814512085161115,0.049697888428072386,1765.0,0.04953175938136237,0.029179944598023873,0.7078913597244966,0.1,0.1
2009,orapm,dreb_opp_rate,-0.025170211869162466,0.1305662164476872,1761.0,0.13058487656419349,0.0461403840575455,0.7078913597244966,0.1,0.1
2009,orapm,off_boxout_75,0.0,0.0,1.0,0.0,1.0,0.7078913597244966,0.1,0.1
2009,orapm,def_boxout_75,0.0,0.0,1.0,0.0,1.0,0.7078913597244966,0.1,0.1
2009,orapm,stl_75,0.10905249327175398,1.2175124999887086,3566.0,1.2231674836759572,0.40563610836976666,0.7078913597244966,0.1,0.1
2009,orapm,blk_75,-0.0975626947831797,0.7829699654003965,3566.0,0.7898900674111402,0.7326188072078954,0.7078913597244966,0.1,0.1
2009,orapm,rim_dfg_diff,0.0,0.0,1.0,0.0,1.0,0.7078913597244966,0.1,0.1
2009,orapm,contested_2pt_75,0.0,0.0,1.0,0.0,1.0,0.7078913597244966,0.1,0.1
2009,orapm,contested_3pt_75,0.0,0.0,1.0,0.0,1.0,0.7078913597244966,0.1,0.1
2009,orapm,defl_75,0.0,0.0,1.0,0.0,1.0,0.7078913597244966,0.1,0.1
2009,orapm,pf_nonoff_75,-0.288085082368277,3.064418011947517,3566.0,3.0455205933432388,0.9162883619300946,0.7078913597244966,0.1,0.1
2009,orapm,charges_drawn_75,0.0,0.0,1.0,0.0,1.0,0.7078913597244966,0.1,0.1
2009,orapm,height,0.17037068041324635,79.07010533962949,inf,79.00189721069353,3.60086980834991,0.7078913597244966,0.1,0.1
2009,orapm,age,0.03003502470399662,27.109939512037258,inf,27.0703941410495,4.16051423079352,0.7078913597244966,0.1,0.1
2009,orapm,wing_rel,-0.02275019030894125,5.1361788617886175,inf,5.136244471294787,0.6873928301116616,0.7078913597244966,0.1,0.1
2010,orapm,rim_ast_m_75,0.44464548590864794,1.3182768423083544,3546.5,1.3252494816680152,0.750787466420391,0.7222002190842626,0.1,0.1
2010,orapm,rim_unast_m_75,0.5164183648355218,1.1769614375354138,3546.5,1.183685653562073,0.5521438720060599,0.7222002190842626,0.1,0.1
2010,orapm,rim_miss_75,-0.46294214187883403,1.7172616814389983,3546.5,1.718633683985189,0.6285321421903092,0.7222002190842626,0.1,0.1
2010,orapm,flt_ast_m_75,0.11047524813251469,0.25622315834109594,3546.5,0.2592656324281297,0.2657856918581209,0.7222002190842626,0.1,0.1
2010,orapm,flt_unast_m_75,0.28046680698280896,0.3842448136142383,3546.5,0.3895806448882563,0.2797767785262532,0.7222002190842626,0.1,0.1
2010,orapm,flt_miss_75,-0.25295775361954076,0.9777425364913673,3546.5,0.9863330012102869,0.6075762379171111,0.7222002190842626,0.1,0.1
2010,orapm,mid_ast_m_75,0.6006364816328661,1.0718478951263546,3546.5,1.0780290082848958,0.6797179438767706,0.7222002190842626,0.1,0.1
2010,orapm,mid_unast_m_75,0.5249349405674949,0.7483316868933821,3546.5,0.7596165153553559,0.6015749854756262,0.7222002190842626,0.1,0.1
2010,orapm,mid_miss_75,-0.6494761761240073,2.740947835846523,3546.5,2.7590184854435167,1.2494303620866756,0.7222002190842626,0.1,0.1
2010,orapm,tp_ast_m_75,0.5914867150801197,0.8047064769085922,3546.5,0.8049734718770374,0.6898404744321085,0.7222002190842626,0.1,0.1
2010,orapm,tp_unast_m_75,0.2302937491133714,0.13336463351065994,3546.5,0.13561446881276096,0.18931400451817076,0.7222002190842626,0.1,0.1
2010,orapm,tp_miss_75,0.367649401129826,1.6254418885297373,3546.5,1.6294498503618189,1.2554893641984846,0.7222002190842626,0.1,0.1
2010,orapm,ftm_75,0.7083358630724806,3.090144810446919,3546.5,3.1149422305676353,1.4326531021859208,0.7222002190842626,0.1,0.1
2010,orapm,ft_miss_75,0.06657238397268837,0.980485215362239,3546.5,0.987571270486624,0.586784424092103,0.7222002190842626,0.1,0.1
2010,orapm,ast_rim_75,0.3532063142380807,1.3039714489627428,3546.5,1.3161387550978956,0.8418442218331857,0.7222002190842626,0.1,0.1
2010,orapm,ast_mid2_75,0.08376737713856036,1.3080255180041132,3546.5,1.3206605998128809,0.8865574240687828,0.7222002190842626,0.1,0.1
2010,orapm,ast_tp_75,0.08959845632155988,0.7797076334298283,3546.5,0.7849178076307971,0.5094074837427147,0.7222002190842626,0.1,0.1
2010,orapm,tov_bp_75,0.013985992998496287,0.9942285843490654,3546.5,0.9988164294656245,0.42261562947941683,0.7222002190842626,0.1,0.1
2010,orapm,tov_lb_75,-0.12834833401186,0.5392136634765997,3546.5,0.5415970153042804,0.20767325978753873,0.7222002190842626,0.1,0.1
2010,orapm,tov_dead_75,-0.48733674593556625,0.6946920820909265,3546.5,0.6893753827265049,0.3040758896743088,0.7222002190842626,0.1,0.1
2010,orapm,oreb_opp_rate,0.7223879453475085,0.0492811947212696,1747.5,0.04909891429485361,0.02933197753908413,0.7222002190842626,0.1,0.1
2010,orapm,dreb_opp_rate,-0.0789786731227428,0.13118107718705038,1746.5,0.13121917693032017,0.04660506575592681,0.7222002190842626,0.1,0.1
2010,orapm,off_boxout_75,0.0,0.0,1.0,0.0,1.0,0.7222002190842626,0.1,0.1
2010,orapm,def_boxout_75,0.0,0.0,1.0,0.0,1.0,0.7222002190842626,0.1,0.1
2010,orapm,stl_75,0.1035498520772373,1.2068611334227843,3546.5,1.2122718151446323,0.4006509221593935,0.7222002190842626,0.1,0.1
2010,orapm,blk_75,-0.09039541644724249,0.7782388764388698,3546.5,0.7834177197436151,0.7192616778308428,0.7222002190842626,0.1,0.1
2010,orapm,rim_dfg_diff,0.0,0.0,1.0,0.0,1.0,0.7222002190842626,0.1,0.1
2010,orapm,contested_2pt_75,0.0,0.0,1.0,0.0,1.0,0.7222002190842626,0.1,0.1
2010,orapm,contested_3pt_75,0.0,0.0,1.0,0.0,1.0,0.7222002190842626,0.1,0.1
2010,orapm,defl_75,0.0,0.0,1.0,0.0,1.0,0.7222002190842626,0.1,0.1
2010,orapm,pf_nonoff_75,-0.27059326773521897,3.041256184890727,3546.5,3.021023415560125,0.905259318339566,0.7222002190842626,0.1,0.1
2010,orapm,charges_drawn_75,0.0,0.0,1.0,0.0,1.0,0.7222002190842626,0.1,0.1
2010,orapm,height,0.1891757258367779,79.03920863309352,inf,78.97583147182691,3.601329801081503,0.7222002190842626,0.1,0.1
2010,orapm,age,0.03512220449956439,26.969147491841877,inf,26.94442191364416,4.134848449538239,0.7222002190842626,0.1,0.1
2010,orapm,wing_rel,-0.001730916536763263,5.074896694214876,inf,5.077468456302671,0.8087626604333399,0.7222002190842626,0.1,0.1
2011,orapm,rim_ast_m_75,0.45183507102721016,1.3240650801359883,3547.5,1.3299154690476216,0.7572578525846443,0.7359107460266475,0.1,0.1
2011,orapm,rim_unast_m_75,0.5007450181589471,1.197992553019265,3547.5,1.203408038594144,0.570272764722359,0.7359107460266475,0.1,0.1
2011,orapm,rim_miss_75,-0.42105216670376344,1.723530840213696,3547.5,1.723911797328051,0.6386024540234271,0.7359107460266475,0.1,0.1
2011,orapm,flt_ast_m_75,0.13870762496341726,0.2506535595008964,3547.5,0.2541151735545866,0.2592687695160956,0.7359107460266475,0.1,0.1
2011,orapm,flt_unast_m_75,0.30865582547248177,0.38866553942642657,3547.5,0.39415537722473526,0.282017219882465,0.7359107460266475,0.1,0.1
2011,orapm,flt_miss_75,-0.3226092052206224,0.9656716373164487,3547.5,0.9741153441370605,0.5978888286682926,0.7359107460266475,0.1,0.1
2011,orapm,mid_ast_m_75,0.5704793765586333,1.043169403821824,3547.5,1.0525788434610872,0.6770156201267736,0.7359107460266475,0.1,0.1
2011,orapm,mid_unast_m_75,0.5216309940766342,0.7523354259229279,3547.5,0.7629440371558457,0.6021819432089455,0.7359107460266475,0.1,0.1
2011,orapm,mid_miss_75,-0.5932059988986866,2.696105325010943,3547.5,2.717149640823974,1.2339824966132786,0.7359107460266475,0.1,0.1
2011,orapm,tp_ast_m_75,0.6393581212296228,0.8270001019312984,3547.5,0.8233800628630683,0.7023081724063979,0.7359107460266475,0.1,0.1
2011,orapm,tp_unast_m_75,0.24219456842179188,0.13676032354193274,3547.5,0.13878840569050854,0.1920354467528286,0.7359107460266475,0.1,0.1
2011,orapm,tp_miss_75,0.34796051667683103,1.6661869899687611,3547.5,1.663114382452048,1.2746919095151283,0.7359107460266475,0.1,0.1
2011,orapm,ftm_75,0.687709303745812,3.0955186204498166,3547.5,3.11859999718373,1.452368716813397,0.7359107460266475,0.1,0.1
2011,orapm,ft_miss_75,0.09589059091205752,0.9715326869689829,3547.5,0.9785724820152086,0.5754989196551853,0.7359107460266475,0.1,0.1
2011,orapm,ast_rim_75,0.353111614250759,1.3118333243393951,3547.5,1.3213965647745056,0.8540535269719283,0.7359107460266475,0.1,0.1
2011,orapm,ast_mid2_75,0.07069325880881977,1.2714580372828714,3547.5,1.2868881994925345,0.8710073327936113,0.7359107460266475,0.1,0.1
2011,orapm,ast_tp_75,0.10882362976327281,0.79977095437675,3547.5,0.8034579777685611,0.5267699417527446,0.7359107460266475,0.1,0.1
2011,orapm,tov_bp_75,0.031188835462970948,0.9858855131641274,3547.5,0.9901445347583705,0.42709788180099895,0.7359107460266475,0.1,0.1
2011,orapm,tov_lb_75,-0.10614535357833013,0.5277567919222445,3547.5,0.530314583720749,0.20601973764280704,0.7359107460266475,0.1,0.1
2011,orapm,tov_dead_75,-0.5063247156081878,0.7031535744907932,3547.5,0.6975285198651991,0.30658026636279667,0.7359107460266475,0.1,0.1
2011,orapm,oreb_opp_rate,0.749226093139482,0.04889619565583576,1742.5,0.04881119570666098,0.02959653980251132,0.7359107460266475,0.1,0.1
2011,orapm,dreb_opp_rate,-0.09845191869383832,0.13151671502719808,1740.0,0.13161736790303832,0.04688569270612919,0.7359107460266475,0.1,0.1
2011,orapm,off_boxout_75,0.0,0.0,1.0,0.0,1.0,0.7359107460266475,0.1,0.1
2011,orapm,def_boxout_75,0.0,0.0,1.0,0.0,1.0,0.7359107460266475,0.1,0.1
2011,orapm,stl_75,0.09896146662672083,1.1988169973437903,3547.5,1.2045684869631492,0.4021677653227524,0.7359107460266475,0.1,0.1
2011,orapm,blk_75,-0.09348642501648809,0.7694164133374106,3547.5,0.7752099735192501,0.7067668845347739,0.7359107460266475,0.1,0.1
2011,orapm,rim_dfg_diff,0.0,0.0,1.0,0.0,1.0,0.7359107460266475,0.1,0.1
2011,orapm,contested_2pt_75,0.0,0.0,1.0,0.0,1.0,0.7359107460266475,0.1,0.1
2011,orapm,contested_3pt_75,0.0,0.0,1.0,0.0,1.0,0.7359107460266475,0.1,0.1
2011,orapm,defl_75,0.0,0.0,1.0,0.0,1.0,0.7359107460266475,0.1,0.1
2011,orapm,pf_nonoff_75,-0.2671796992479002,3.0140560262383156,3547.5,2.9975062920101383,0.8974731618166415,0.7359107460266475,0.1,0.1
2011,orapm,charges_drawn_75,0.0,0.0,1.0,0.0,1.0,0.7359107460266475,0.1,0.1
2011,orapm,height,0.19762818629355464,79.01365923795831,inf,78.95998967463632,3.594727961063767,0.7359107460266475,0.1,0.1
2011,orapm,age,0.05116316955742903,26.83750235684639,inf,26.850648558767965,4.109732098647027,0.7359107460266475,0.1,0.1
2011,orapm,wing_rel,0.007170338803247605,5.03476821192053,inf,5.042727118239369,0.9194062955476274,0.7359107460266475,0.1,0.1
2012,orapm,rim_ast_m_75,0.4623688188988545,1.3352704605757633,3480.0,1.3404556899175577,0.7697041961605862,0.7389361095224278,0.1,0.1
2012,orapm,rim_unast_m_75,0.5270357860777063,1.2142343699922655,3480.0,1.2202647162164666,0.5791411763175224,0.7389361095224278,0.1,0.1
2012,orapm,rim_miss_75,-0.43428359892733753,1.7353351368608538,3480.0,1.7346239349728918,0.6456678206607133,0.7389361095224278,0.1,0.1
2012,orapm,flt_ast_m_75,0.11629934438543661,0.24385814967065503,3480.0,0.24711311201052452,0.25321381182032193,0.7389361095224278,0.1,0.1
2012,orapm,flt_unast_m_75,0.32665193811323306,0.39145182384752975,3480.0,0.39738169014266395,0.28366449155597356,0.7389361095224278,0.1,0.1
2012,orapm,flt_miss_75,-0.3231477301589637,0.9570317110691596,3480.0,0.96491721075522,0.5890841999497193,0.7389361095224278,0.1,0.1
2012,orapm,mid_ast_m_75,0.585581443705989,1.0108117842789208,3480.0,1.0180464061385135,0.6762233260189134,0.7389361095224278,0.1,0.1
2012,orapm,mid_unast_m_75,0.49548146449172,0.7542121796557518,3480.0,0.7646039797066772,0.6039289123747144,0.7389361095224278,0.1,0.1
2012,orapm,mid_miss_75,-0.5871966676955542,2.651737997338108,3480.0,2.667309618384848,1.2185987056949283,0.7389361095224278,0.1,0.1
2012,orapm,tp_ast_m_75,0.674345022022236,0.8409746841928335,3480.0,0.8381918053855929,0.7098431608166953,0.7389361095224278,0.1,0.1
2012,orapm,tp_unast_m_75,0.2635852816303483,0.14040341136993423,3480.0,0.14243735299284113,0.19386457482965247,0.7389361095224278,0.1,0.1
2012,orapm,tp_miss_75,0.3184730849742293,1.6983941952570243,3480.0,1.696639577426313,1.2858352512152804,0.7389361095224278,0.1,0.1
2012,orapm,ftm_75,0.704309859024396,3.095392675457102,3480.0,3.119562321915528,1.4633599124274679,0.7389361095224278,0.1,0.1
2012,orapm,ft_miss_75,0.10434261918656466,0.9693324724947965,3480.0,0.9757349411578046,0.5785064170105485,0.7389361095224278,0.1,0.1
2012,orapm,ast_rim_75,0.39908170227595413,1.3226372461386227,3480.0,1.3314511575599048,0.862677023995847,0.7389361095224278,0.1,0.1
2012,orapm,ast_mid2_75,0.046618795529934046,1.2344908092978397,3480.0,1.2474634272699605,0.8530507141420276,0.7389361095224278,0.1,0.1
2012,orapm,ast_tp_75,0.11793153094715365,0.8141619622417909,3480.0,0.8185038944599016,0.5362004575444266,0.7389361095224278,0.1,0.1
2012,orapm,tov_bp_75,0.02099690263766737,0.9810765684127992,3480.0,0.9842915329414397,0.427210607314785,0.7389361095224278,0.1,0.1
2012,orapm,tov_lb_75,-0.10038756590187496,0.5191524375918691,3480.0,0.5205242463548228,0.20520024288311572,0.7389361095224278,0.1,0.1
2012,orapm,tov_dead_75,-0.5319388444037905,0.7194051224978529,3480.0,0.7152235903976419,0.3052147414712451,0.7389361095224278,0.1,0.1
2012,orapm,oreb_opp_rate,0.7406469953553784,0.04859411744081767,1697.5,0.04848611548422607,0.02985185533575259,0.7389361095224278,0.1,0.1
2012,orapm,dreb_opp_rate,-0.10852117721285993,0.13207113425609082,1698.5,0.13217103221219395,0.04735236868720068,0.7389361095224278,0.1,0.1
2012,orapm,off_boxout_75,0.0,0.0,1.0,0.0,1.0,0.7389361095224278,0.1,0.1
2012,orapm,def_boxout_75,0.0,0.0,1.0,0.0,1.0,0.7389361095224278,0.1,0.1
2012,orapm,stl_75,0.10351415074293871,1.1955396866942203,3480.0,1.2010341772125168,0.400413780368065,0.7389361095224278,0.1,0.1
2012,orapm,blk_75,-0.10687135231433406,0.7655465079084128,3480.0,0.769754657307297,0.7008038485827706,0.7389361095224278,0.1,0.1
2012,orapm,rim_dfg_diff,0.0,0.0,1.0,0.0,1.0,0.7389361095224278,0.1,0.1
2012,orapm,contested_2pt_75,0.0,0.0,1.0,0.0,1.0,0.7389361095224278,0.1,0.1
2012,orapm,contested_3pt_75,0.0,0.0,1.0,0.0,1.0,0.7389361095224278,0.1,0.1
2012,orapm,defl_75,0.0,0.0,1.0,0.0,1.0,0.7389361095224278,0.1,0.1
2012,orapm,pf_nonoff_75,-0.22433583817648317,2.9890463691028377,3480.0,2.974476133001585,0.89018464105121,0.7389361095224278,0.1,0.1
2012,orapm,charges_drawn_75,0.0,0.0,1.0,0.0,1.0,0.7389361095224278,0.1,0.1
2012,orapm,height,0.21442271754610462,78.98724489795919,inf,78.94080659793973,3.5831723365585835,0.7389361095224278,0.1,0.1
2012,orapm,age,0.07723975248060715,26.749813927938593,inf,26.779734789999686,4.058864915512605,0.7389361095224278,0.1,0.1
2012,orapm,wing_rel,0.03077480509443631,5.014788732394366,inf,5.025096958008099,1.0139261826807862,0.7389361095224278,0.1,0.1
2013,orapm,rim_ast_m_75,0.4454531591136135,1.351309969643139,3461.0,1.3573688163806303,0.7871418575084119,0.7228651913180462,0.1,0.1
2013,orapm,rim_unast_m_75,0.5824791315305196,1.2294841208462424,3461.0,1.2362429498395673,0.5923622970487255,0.7228651913180462,0.1,0.1
2013,orapm,rim_miss_75,-0.46869945941414937,1.7522845764335142,3461.0,1.7512371392703674,0.6603965860705147,0.7228651913180462,0.1,0.1
2013,orapm,flt_ast_m_75,0.11756036950799821,0.23876928941822007,3461.0,0.24111642571731898,0.2436024503624699,0.7228651913180462,0.1,0.1
2013,orapm,flt_unast_m_75,0.32250265207592815,0.3907723266666979,3461.0,0.39666964239598335,0.28342180884771606,0.7228651913180462,0.1,0.1
2013,orapm,flt_miss_75,-0.32968240884334643,0.9470778201180214,3461.0,0.9532052231097823,0.5752206685197657,0.7228651913180462,0.1,0.1
2013,orapm,mid_ast_m_75,0.5204301628816387,0.9779736990530472,3461.0,0.9825040061939357,0.6715047878841038,0.7228651913180462,0.1,0.1
2013,orapm,mid_unast_m_75,0.47009542393393056,0.7486645637158172,3461.0,0.7587336990063142,0.6035226026112606,0.7228651913180462,0.1,0.1
2013,orapm,mid_miss_75,-0.5083144741608052,2.586621732887745,3461.0,2.59614094018403,1.19354201612207,0.7228651913180462,0.1,0.1
2013,orapm,tp_ast_m_75,0.7305050961847634,0.8664594963229607,3461.0,0.8668764451992148,0.7318784264850116,0.7228651913180462,0.1,0.1
2013,orapm,tp_unast_m_75,0.3023952420142946,0.14577699034298722,3461.0,0.14805506104753416,0.19938597839991568,0.7228651913180462,0.1,0.1
2013,orapm,tp_miss_75,0.23238482004961478,1.745824173935596,3461.0,1.7489491823706058,1.3147216157131496,0.7228651913180462,0.1,0.1
2013,orapm,ftm_75,0.7160553503348288,3.070019201534873,3461.0,3.0922029018948223,1.4627033038008548,0.7228651913180462,0.1,0.1
2013,orapm,ft_miss_75,0.12525211032706132,0.9631936730239528,3461.0,0.9682129936915624,0.5838966379290597,0.7228651913180462,0.1,0.1
2013,orapm,ast_rim_75,0.40156851402877464,1.3442089951925855,3461.0,1.3529374225057709,0.8750413638065483,0.7228651913180462,0.1,0.1
2013,orapm,ast_mid2_75,0.06352924862271286,1.1991585071861237,3461.0,1.2098846368035105,0.834272102756354,0.7228651913180462,0.1,0.1
2013,orapm,ast_tp_75,0.08614090657657444,0.8441254083646198,3461.0,0.8515084614679799,0.5543167607753776,0.7228651913180462,0.1,0.1
2013,orapm,tov_bp_75,0.0007120574045259017,0.9797860489678198,3461.0,0.9828326269677659,0.43041733292310297,0.7228651913180462,0.1,0.1
2013,orapm,tov_lb_75,-0.11975342152896565,0.5059346647855725,3461.0,0.5063447277349272,0.19946931638154738,0.7228651913180462,0.1,0.1
2013,orapm,tov_dead_75,-0.5407779136835588,0.7311894483738065,3461.0,0.727699979977835,0.304328864774678,0.7228651913180462,0.1,0.1
2013,orapm,oreb_opp_rate,0.7034391388745015,0.04829887350108659,1687.0,0.04813512098755998,0.030226443460303152,0.7228651913180462,0.1,0.1
2013,orapm,dreb_opp_rate,-0.11164252424829109,0.13262211211038835,1685.0,0.13268156849825785,0.047922238699260496,0.7228651913180462,0.1,0.1
2013,orapm,off_boxout_75,0.0,0.0,1.0,0.0,1.0,0.7228651913180462,0.1,0.1
2013,orapm,def_boxout_75,0.0,0.0,1.0,0.0,1.0,0.7228651913180462,0.1,0.1
2013,orapm,stl_75,0.10221798246851448,1.191518514872987,3461.0,1.1974871046533304,0.39956966211691564,0.7228651913180462,0.1,0.1
2013,orapm,blk_75,-0.13293452626110985,0.7654053648682219,3461.0,0.7694955884517893,0.6952099921047172,0.7228651913180462,0.1,0.1
2013,orapm,rim_dfg_diff,0.0,0.0,1.0,0.0,1.0,0.7228651913180462,0.1,0.1
2013,orapm,contested_2pt_75,0.0,0.0,1.0,0.0,1.0,0.7228651913180462,0.1,0.1
2013,orapm,contested_3pt_75,0.0,0.0,1.0,0.0,1.0,0.7228651913180462,0.1,0.1
2013,orapm,defl_75,0.0,0.0,1.0,0.0,1.0,0.7228651913180462,0.1,0.1
2013,orapm,pf_nonoff_75,-0.18976090174672716,2.95930180781904,3461.0,2.944032448956717,0.8824367994933107,0.7228651913180462,0.1,0.1
2013,orapm,charges_drawn_75,0.0,0.0,1.0,0.0,1.0,0.7228651913180462,0.1,0.1
2013,orapm,height,0.2581693063961093,78.93523600439077,inf,78.88453437645921,3.570476531562331,0.7228651913180462,0.1,0.1
2013,orapm,age,0.10397827714168272,26.678023502885242,inf,26.710356268709504,4.027531013941702,0.7228651913180462,0.1,0.1
2013,orapm,wing_rel,0.028884174115221827,5.0103241296518615,inf,5.018712603392927,1.1187547547376655,0.7228651913180462,0.1,0.1
2014,orapm,rim_ast_m_75,0.42552631549525965,1.3603548194657935,3434.5,1.36644292349472,0.8019212999888481,0.7124325857504683,0.1,0.1
2014,orapm,rim_unast_m_75,0.60493123839589,1.2403420813459536,3434.5,1.2467140901952858,0.6040121815304,0.7124325857504683,0.1,0.1
2014,orapm,rim_miss_75,-0.4928790768598634,1.7518918541017146,3434.5,1.7507593480062376,0.6727025876710969,0.7124325857504683,0.1,0.1
2014,orapm,flt_ast_m_75,0.13710794829940068,0.23734603613794744,3434.5,0.23977559812707572,0.2405984852386241,0.7124325857504683,0.1,0.1
2014,orapm,flt_unast_m_75,0.38772549796356465,0.390659287016388,3434.5,0.3964157011374078,0.2835036871130847,0.7124325857504683,0.1,0.1
2014,orapm,flt_miss_75,-0.4074001146900243,0.9420464824341143,3434.5,0.9484210264416444,0.5654498766960456,0.7124325857504683,0.1,0.1
2014,orapm,mid_ast_m_75,0.5099527033458322,0.9416230077053922,3434.5,0.9445398818808732,0.6746574925568433,0.7124325857504683,0.1,0.1
2014,orapm,mid_unast_m_75,0.5058021051285126,0.7473328021676978,3434.5,0.756555592452515,0.6085164592801983,0.7124325857504683,0.1,0.1
2014,orapm,mid_miss_75,-0.5598141966848278,2.5167334114169404,3434.5,2.523111313653224,1.1993077586392635,0.7124325857504683,0.1,0.1
2014,orapm,tp_ast_m_75,0.7896384131978597,0.8947636040871625,3434.5,0.8962202217395514,0.7405148107678392,0.7124325857504683,0.1,0.1
2014,orapm,tp_unast_m_75,0.331177512152033,0.15419099849797363,3434.5,0.1569125857434839,0.2129458351550017,0.7124325857504683,0.1,0.1
2014,orapm,tp_miss_75,0.11931178084679152,1.8033093857090985,3434.5,1.8084541516057056,1.3288606777545386,0.7124325857504683,0.1,0.1
2014,orapm,ftm_75,0.7051579591862015,3.0495878127976837,3434.5,3.068828490688568,1.4684245336524369,0.7124325857504683,0.1,0.1
2014,orapm,ft_miss_75,0.10681639538878478,0.9540115684056438,3434.5,0.9574520523506125,0.5794656768567984,0.7124325857504683,0.1,0.1
2014,orapm,ast_rim_75,0.42986457364117847,1.3496986553830415,3434.5,1.3590340768743319,0.8859240254660986,0.7124325857504683,0.1,0.1
2014,orapm,ast_mid2_75,0.023738834372510544,1.1579185000555907,3434.5,1.1664424528203141,0.8138369470659849,0.7124325857504683,0.1,0.1
2014,orapm,ast_tp_75,0.07451371912052429,0.8717265788446809,3434.5,0.8809033528398602,0.5679287020757195,0.7124325857504683,0.1,0.1
2014,orapm,tov_bp_75,-0.02946384697494824,0.9727907477393379,3434.5,0.9765528894333553,0.4355931297730286,0.7124325857504683,0.1,0.1
2014,orapm,tov_lb_75,-0.13266835657805345,0.49709773519555445,3434.5,0.49725666232055876,0.1966440253124087,0.7124325857504683,0.1,0.1
2014,orapm,tov_dead_75,-0.5278429760911458,0.7345207667387241,3434.5,0.7314920111026393,0.30204156788267594,0.7124325857504683,0.1,0.1
2014,orapm,oreb_opp_rate,0.7026176439116786,0.04771199695258109,1674.5,0.047519220002598186,0.030408078291347947,0.7124325857504683,0.1,0.1
2014,orapm,dreb_opp_rate,-0.11751880618019772,0.1330797315807819,1678.0,0.1332103962096033,0.04847176108276339,0.7124325857504683,0.1,0.1
2014,orapm,off_boxout_75,0.0,0.0,1.0,0.0,1.0,0.7124325857504683,0.1,0.1
2014,orapm,def_boxout_75,0.0,0.0,1.0,0.0,1.0,0.7124325857504683,0.1,0.1
2014,orapm,stl_75,0.12569166600370182,1.1830574998606382,3434.5,1.189815758185879,0.40084443732708114,0.7124325857504683,0.1,0.1
2014,orapm,blk_75,-0.15632899269280442,0.7548629527984289,3434.5,0.7590318393163191,0.6756387344941222,0.7124325857504683,0.1,0.1
2014,orapm,rim_dfg_diff,0.03135518749473646,-0.001815604988203595,162.0,-0.00418836956848729,0.023186845317235246,0.7124325857504683,0.1,0.1
2014,orapm,contested_2pt_75,0.0,0.0,1.0,0.0,1.0,0.7124325857504683,0.1,0.1
2014,orapm,contested_3pt_75,0.0,0.0,1.0,0.0,1.0,0.7124325857504683,0.1,0.1
2014,orapm,defl_75,0.0,0.0,1.0,0.0,1.0,0.7124325857504683,0.1,0.1
2014,orapm,pf_nonoff_75,-0.1657585327879263,2.9412013808663953,3434.5,2.925592687931873,0.8648893211860361,0.7124325857504683,0.1,0.1
2014,orapm,charges_drawn_75,0.0,0.0,1.0,0.0,1.0,0.7124325857504683,0.1,0.1
2014,orapm,height,0.25562617849107605,78.90007163323783,inf,78.83432505372528,3.5521286216648473,0.7124325857504683,0.1,0.1
2014,orapm,age,0.11481679934592058,26.65087189186315,inf,26.69437552762882,4.0305408309143615,0.7124325857504683,0.1,0.1
2014,orapm,wing_rel,0.044884720894968505,4.9367,inf,4.944371812806687,1.241362421673497,0.7124325857504683,0.1,0.1
2015,orapm,rim_ast_m_75,0.3947601717310598,1.3712058267187583,3456.0,1.3779657584378153,0.8095267284012289,0.7016990674900531,0.1,0.1
2015,orapm,rim_unast_m_75,0.6195671117698012,1.2483842689408395,3456.0,1.2549839405709813,0.616465641735864,0.7016990674900531,0.1,0.1
2015,orapm,rim_miss_75,-0.48608355601380177,1.7534750566480768,3456.0,1.7518026463213558,0.6856799092910096,0.7016990674900531,0.1,0.1
2015,orapm,flt_ast_m_75,0.13117235640752692,0.23896701360905703,3456.0,0.24091198184810292,0.23888491240243545,0.7016990674900531,0.1,0.1
2015,orapm,flt_unast_m_75,0.38567286108913246,0.3926889404443871,3456.0,0.3976135766772618,0.28477286690700254,0.7016990674900531,0.1,0.1
2015,orapm,flt_miss_75,-0.3893084242914103,0.9503852277205895,3456.0,0.955373834930304,0.5607660209852973,0.7016990674900531,0.1,0.1
2015,orapm,mid_ast_m_75,0.46356250311000324,0.9052669452882006,3456.0,0.9080378452250625,0.6718822638873659,0.7016990674900531,0.1,0.1
2015,orapm,mid_unast_m_75,0.5331642233658977,0.7420768084489086,3456.0,0.7509572376406795,0.6110612731159493,0.7016990674900531,0.1,0.1
2015,orapm,mid_miss_75,-0.5582253999019972,2.4509795255808053,3456.0,2.4568325104201443,1.1988554779594631,0.7016990674900531,0.1,0.1
2015,orapm,tp_ast_m_75,0.7527400385887661,0.9244373408316426,3456.0,0.9260194298857499,0.7493880921354039,0.7016990674900531,0.1,0.1
2015,orapm,tp_unast_m_75,0.34023048178044785,0.16148211543001065,3456.0,0.16421734199691737,0.2235275203417184,0.7016990674900531,0.1,0.1
2015,orapm,tp_miss_75,0.14852735984728815,1.8717340914833944,3456.0,1.8754817820079819,1.348782234868375,0.7016990674900531,0.1,0.1
2015,orapm,ftm_75,0.6687393837592036,3.004222478497648,3456.0,3.0189404525258166,1.4511153021040946,0.7016990674900531,0.1,0.1
2015,orapm,ft_miss_75,0.1021144487621314,0.9421492888703558,3456.0,0.9450531476699278,0.5666450178778961,0.7016990674900531,0.1,0.1
2015,orapm,ast_rim_75,0.4804387028852084,1.3619715922503144,3456.0,1.3703823177431491,0.8924257761084095,0.7016990674900531,0.1,0.1
2015,orapm,ast_mid2_75,-0.01864718436232888,1.1226848120760493,3456.0,1.1293210714352804,0.7874870491554338,0.7016990674900531,0.1,0.1
2015,orapm,ast_tp_75,0.07144527937247395,0.9004158525184607,3456.0,0.9100882703049488,0.5792793409451386,0.7016990674900531,0.1,0.1
2015,orapm,tov_bp_75,-0.08014935146495056,0.9746718883073586,3456.0,0.9756399572613541,0.4446365361613597,0.7016990674900531,0.1,0.1
2015,orapm,tov_lb_75,-0.15343200627323905,0.49481926169799684,3456.0,0.49510483634846403,0.19807636263885164,0.7016990674900531,0.1,0.1
2015,orapm,tov_dead_75,-0.48857495783531135,0.7296527075129025,3456.0,0.7273027750859162,0.29606294902663877,0.7016990674900531,0.1,0.1
2015,orapm,oreb_opp_rate,0.6580446837964025,0.04713772108192787,1684.0,0.04699935800018757,0.030552951897272227,0.7016990674900531,0.1,0.1
2015,orapm,dreb_opp_rate,-0.09754630508531319,0.13402023435110513,1683.0,0.13423190233536578,0.048873359362714086,0.7016990674900531,0.1,0.1
2015,orapm,off_boxout_75,0.0,0.0,1.0,0.0,1.0,0.7016990674900531,0.1,0.1
2015,orapm,def_boxout_75,0.0,0.0,1.0,0.0,1.0,0.7016990674900531,0.1,0.1
2015,orapm,stl_75,0.12121400122385095,1.1831674880074539,3456.0,1.1897453436257892,0.4006159459418835,0.7016990674900531,0.1,0.1
2015,orapm,blk_75,-0.16215334962412653,0.7499539848113481,3456.0,0.7541184810504308,0.6643411792954073,0.7016990674900531,0.1,0.1
2015,orapm,rim_dfg_diff,0.01880853733344426,-0.002478346261610703,158.5,-0.006799106740927312,0.030855103080601246,0.7016990674900531,0.1,0.1
2015,orapm,contested_2pt_75,0.0,0.0,1.0,0.0,1.0,0.7016990674900531,0.1,0.1
2015,orapm,contested_3pt_75,0.0,0.0,1.0,0.0,1.0,0.7016990674900531,0.1,0.1
2015,orapm,defl_75,0.0,0.0,1.0,0.0,1.0,0.7016990674900531,0.1,0.1
2015,orapm,pf_nonoff_75,-0.15482171951951726,2.897490638378851,3456.0,2.882670128850009,0.8408598433855589,0.7016990674900531,0.1,0.1
2015,orapm,charges_drawn_75,0.0,0.0,1.0,0.0,1.0,0.7016990674900531,0.1,0.1
2015,orapm,height,0.2660771903414516,78.86315789473684,inf,78.8044184193612,3.52481698593555,0.7016990674900531,0.1,0.1
2015,orapm,age,0.11959984211594513,26.625732861892853,inf,26.66292254726212,4.0239969814483025,0.7016990674900531,0.1,0.1
2015,orapm,wing_rel,0.05447315416472203,4.900133214920071,inf,4.904856779790219,1.3398835279514243,0.7016990674900531,0.1,0.1
2016,orapm,rim_ast_m_75,0.38620388179004567,1.3832332089936732,3454.5,1.3893060388484553,0.8175620254745659,0.6778967606131281,0.1,0.1
2016,orapm,rim_unast_m_75,0.6505222362983124,1.243242895121901,3454.5,1.2498771571882297,0.6185982881934444,0.6778967606131281,0.1,0.1
2016,orapm,rim_miss_75,-0.5170322321118517,1.7522669661809864,3454.5,1.7507251972100855,0.6943066889285192,0.6778967606131281,0.1,0.1
2016,orapm,flt_ast_m_75,0.1656475752198211,0.24135461533705665,3454.5,0.24271852945092048,0.23706035345032622,0.6778967606131281,0.1,0.1
2016,orapm,flt_unast_m_75,0.36936070021999845,0.3934938070605692,3454.5,0.398401733048596,0.2837130509613424,0.6778967606131281,0.1,0.1
2016,orapm,flt_miss_75,-0.377225485930635,0.9547070461430662,3454.5,0.9584400575645113,0.551216435242794,0.6778967606131281,0.1,0.1
2016,orapm,mid_ast_m_75,0.4768320977406035,0.8632813305030604,3454.5,0.8655324846011001,0.6641149595336647,0.6778967606131281,0.1,0.1
2016,orapm,mid_unast_m_75,0.6188214440608053,0.7340488015992416,3454.5,0.7433170004689603,0.6065918462537401,0.6778967606131281,0.1,0.1
2016,orapm,mid_miss_75,-0.6548707633141322,2.3778568926076296,3454.5,2.384096180308192,1.1829393654895304,0.6778967606131281,0.1,0.1
2016,orapm,tp_ast_m_75,0.725666815208424,0.9576747109618119,3454.5,0.9597372939080024,0.7550650509791845,0.6778967606131281,0.1,0.1
2016,orapm,tp_unast_m_75,0.33028017481141536,0.17053253096469714,3454.5,0.17366989846401917,0.23452046712784633,0.6778967606131281,0.1,0.1
2016,orapm,tp_miss_75,0.1908739447292805,1.951077324155555,3454.5,1.9558038606476897,1.368431811689237,0.6778967606131281,0.1,0.1
2016,orapm,ftm_75,0.6598351882745882,2.944904993508233,3454.5,2.9638479318460242,1.4372663082199162,0.6778967606131281,0.1,0.1
2016,orapm,ft_miss_75,0.02854559697687967,0.9169775158172413,3454.5,0.9185989400514764,0.5627621596803729,0.6778967606131281,0.1,0.1
2016,orapm,ast_rim_75,0.5151061597101326,1.3722513035055541,3454.5,1.3829112307221445,0.9049530659227984,0.6778967606131281,0.1,0.1
2016,orapm,ast_mid2_75,-0.03078486213427786,1.0815979020258435,3454.5,1.0894957657216304,0.7671863252504539,0.6778967606131281,0.1,0.1
2016,orapm,ast_tp_75,0.07587070266992325,0.9325886692908517,3454.5,0.9428310207021775,0.5963350412034263,0.6778967606131281,0.1,0.1
2016,orapm,tov_bp_75,-0.10001718645682194,0.9625126228798714,3454.5,0.9644936908399225,0.4505166854025343,0.6778967606131281,0.1,0.1
2016,orapm,tov_lb_75,-0.16924030449840644,0.48788718751932075,3454.5,0.48864075781745947,0.1988303424746943,0.6778967606131281,0.1,0.1
2016,orapm,tov_dead_75,-0.4323726938695965,0.7363672897388868,3454.5,0.734708586081872,0.2921073482082127,0.6778967606131281,0.1,0.1
2016,orapm,oreb_opp_rate,0.6646390033376298,0.046605185120338205,1683.0,0.04640849610720897,0.030603234496221418,0.6778967606131281,0.1,0.1
2016,orapm,dreb_opp_rate,-0.06039186581533986,0.13495529361792502,1675.0,0.13501498561422118,0.0493340093427236,0.6778967606131281,0.1,0.1
2016,orapm,off_boxout_75,0.0,0.0,1.0,0.0,1.0,0.6778967606131281,0.1,0.1
2016,orapm,def_boxout_75,0.0,0.0,1.0,0.0,1.0,0.6778967606131281,0.1,0.1
2016,orapm,stl_75,0.13901634677894195,1.187436885600643,3454.5,1.194919681895372,0.40127396945941723,0.6778967606131281,0.1,0.1
2016,orapm,blk_75,-0.16606291204524926,0.749196257444923,3454.5,0.7525689078929303,0.6509174607048165,0.6778967606131281,0.1,0.1
2016,orapm,rim_dfg_diff,0.0009314172129419338,-0.0024163531683383597,160.0,-0.009006231639220954,0.03751133059596611,0.6778967606131281,0.1,0.1
2016,orapm,contested_2pt_75,0.0,0.0,1.0,0.0,1.0,0.6778967606131281,0.1,0.1
2016,orapm,contested_3pt_75,0.0,0.0,1.0,0.0,1.0,0.6778967606131281,0.1,0.1
2016,orapm,defl_75,0.0,0.0,1.0,0.0,1.0,0.6778967606131281,0.1,0.1
2016,orapm,pf_nonoff_75,-0.15837084426626016,2.8545689672938606,3454.5,2.83919406666831,0.8098774817883637,0.6778967606131281,0.1,0.1
2016,orapm,charges_drawn_75,0.0,0.0,1.0,0.0,1.0,0.6778967606131281,0.1,0.1
2016,orapm,height,0.2547294081419021,78.81541218637993,inf,78.75026622898325,3.5033313502820733,0.6778967606131281,0.1,0.1
2016,orapm,age,0.13570460822724545,26.634118945511663,inf,26.659797768337903,4.037916435482745,0.6778967606131281,0.1,0.1
2016,orapm,wing_rel,0.07705657911863263,4.868549019607843,inf,4.876362530035304,1.4337519300985415,0.6778967606131281,0.1,0.1
2017,orapm,rim_ast_m_75,0.4133012448084432,1.3915737362765823,3429.5,1.3971981580397035,0.8313099066357237,0.6711963982097391,0.1,0.1
2017,orapm,rim_unast_m_75,0.6171491171566448,1.2454351675060642,3429.5,1.250140866502559,0.6312665892406062,0.6711963982097391,0.1,0.1
2017,orapm,rim_miss_75,-0.4980594068921543,1.7526962801866481,3429.5,1.7506098812946234,0.7045541214196634,0.6711963982097391,0.1,0.1
2017,orapm,flt_ast_m_75,0.16052983014611533,0.24355413382950328,3429.5,0.24505143894477996,0.23633315772468283,0.6711963982097391,0.1,0.1
2017,orapm,flt_unast_m_75,0.3142242589418767,0.39267605427995284,3429.5,0.3972061608076435,0.2843636147258912,0.6711963982097391,0.1,0.1
2017,orapm,flt_miss_75,-0.31165838156660475,0.9548780235356005,3429.5,0.9579666189969077,0.5425092949977907,0.6711963982097391,0.1,0.1
2017,orapm,mid_ast_m_75,0.46461671618213407,0.8204673755272618,3429.5,0.8233053362992336,0.6475274009331015,0.6711963982097391,0.1,0.1
2017,orapm,mid_unast_m_75,0.6457249352831735,0.7247261404927279,3429.5,0.7328465669572161,0.6072568486475226,0.6711963982097391,0.1,0.1
2017,orapm,mid_miss_75,-0.6713470357504887,2.2983452139732887,3429.5,2.3053494413033353,1.1765528896735353,0.6711963982097391,0.1,0.1
2017,orapm,tp_ast_m_75,0.7731806725793442,0.9980605169844038,3429.5,0.9999500196994934,0.7643872201508805,0.6711963982097391,0.1,0.1
2017,orapm,tp_unast_m_75,0.34248025206732435,0.1816648076529668,3429.5,0.18427401229017706,0.25402490336746153,0.6711963982097391,0.1,0.1
2017,orapm,tp_miss_75,0.13559293629326583,2.0431468758828286,3429.5,2.0470842798387294,1.3922322635780744,0.6711963982097391,0.1,0.1
2017,orapm,ftm_75,0.6399464568830767,2.904460293415682,3429.5,2.926562543563947,1.4487901673681676,0.6711963982097391,0.1,0.1
2017,orapm,ft_miss_75,0.015035514561877286,0.8936888717329254,3429.5,0.896220707021539,0.5491218015530345,0.6711963982097391,0.1,0.1
2017,orapm,ast_rim_75,0.49184580421796775,1.3763982177822371,3429.5,1.388485016297006,0.9255273946993201,0.6711963982097391,0.1,0.1
2017,orapm,ast_mid2_75,-0.010782447877676626,1.0390663814014203,3429.5,1.0483008743920679,0.7512427262824376,0.6711963982097391,0.1,0.1
2017,orapm,ast_tp_75,0.1064979515847822,0.9712636260021626,3429.5,0.9814836499289,0.6241583520536356,0.6711963982097391,0.1,0.1
2017,orapm,tov_bp_75,-0.04821103375431886,0.9474272549267923,3429.5,0.9488421520471169,0.4526843320746397,0.6711963982097391,0.1,0.1
2017,orapm,tov_lb_75,-0.1778947885854695,0.47998475446406824,3429.5,0.48099092671015853,0.19994087048681783,0.6711963982097391,0.1,0.1
2017,orapm,tov_dead_75,-0.4569839762131846,0.7331358435700857,3429.5,0.7350157733278138,0.2887687348271261,0.6711963982097391,0.1,0.1
2017,orapm,oreb_opp_rate,0.666188028195494,0.046036425987495556,1665.0,0.04582512027742988,0.03056125922424958,0.6711963982097391,0.1,0.1
2017,orapm,dreb_opp_rate,-0.09964182785146644,0.13564432385221986,1662.0,0.13571033484115327,0.04964507168545849,0.6711963982097391,0.1,0.1
2017,orapm,off_boxout_75,0.0,0.0,3467.5264000000006,0.0,1.0,0.6711963982097391,0.1,0.1
2017,orapm,def_boxout_75,0.0,0.0,3467.5264000000006,0.0,1.0,0.6711963982097391,0.1,0.1
2017,orapm,stl_75,0.13336297625949106,1.189953958968564,3429.5,1.1969830494956484,0.40097887232551466,0.6711963982097391,0.1,0.1
2017,orapm,blk_75,-0.1469121642970546,0.7501302933182664,3429.5,0.7544984998297979,0.6396830595359642,0.6711963982097391,0.1,0.1
2017,orapm,rim_dfg_diff,0.012612811420228957,-0.0014222883756662282,162.0,-0.009787705743787857,0.04287704021112959,0.6711963982097391,0.1,0.1
2017,orapm,contested_2pt_75,0.020350723511818575,6.263466907500851,3467.5264000000006,6.26304600583797,1.0412684841850905,0.6711963982097391,0.1,0.1
2017,orapm,contested_3pt_75,0.04738827811117275,3.27467366032443,3467.5264000000006,3.2763892643654726,0.251181639156575,0.6711963982097391,0.1,0.1
2017,orapm,defl_75,0.08197726217080234,2.3525805239279,3467.5264000000006,2.3536969310553455,0.26304539981405545,0.6711963982097391,0.1,0.1
2017,orapm,pf_nonoff_75,-0.13978718724496353,2.8241228946061003,3429.5,2.810846907216411,0.7918274561789149,0.6711963982097391,0.1,0.1
2017,orapm,charges_drawn_75,-0.010762615855470302,0.07993540534326586,3467.5264000000006,0.07986034311793047,0.033461492347284544,0.6711963982097391,0.1,0.1
2017,orapm,height,0.250972668097314,78.79922915206727,inf,78.72280109071065,3.4810524126348166,0.6711963982097391,0.1,0.1
2017,orapm,age,0.1308398053537053,26.628102503574052,inf,26.643924776738547,4.036281027286015,0.6711963982097391,0.1,0.1
2017,orapm,wing_rel,0.0788993220225909,4.867722419928826,inf,4.8818644759905565,1.4994453138223003,0.6711963982097391,0.1,0.1
2018,orapm,rim_ast_m_75,0.38919059666070555,1.3940414128777505,3416.0,1.3968729303968175,0.8380182629348152,0.6633065464710284,0.1,0.1
2018,orapm,rim_unast_m_75,0.6459999095879604,1.2479356645726336,3416.0,1.2521214766655944,0.651372274599121,0.6633065464710284,0.1,0.1
2018,orapm,rim_miss_75,-0.46165369700439096,1.7382524297632949,3416.0,1.7339640653060582,0.7117132444861476,0.6633065464710284,0.1,0.1
2018,orapm,flt_ast_m_75,0.1908291622178646,0.24475467132922576,3416.0,0.24556561045330716,0.23147802887876792,0.6633065464710284,0.1,0.1
2018,orapm,flt_unast_m_75,0.3273176940188151,0.3925280867335799,3416.0,0.3959978144045944,0.28298112344351156,0.6633065464710284,0.1,0.1
2018,orapm,flt_miss_75,-0.36983484824521246,0.9605762491606327,3416.0,0.9613982750386123,0.5288969435050381,0.6633065464710284,0.1,0.1
2018,orapm,mid_ast_m_75,0.43136594618561064,0.773925816130622,3416.0,0.776914196986814,0.6279878674553439,0.6633065464710284,0.1,0.1
2018,orapm,mid_unast_m_75,0.6216132730329428,0.7106374724143212,3416.0,0.7201301315570053,0.6022558430526591,0.6633065464710284,0.1,0.1
2018,orapm,mid_miss_75,-0.6411639905714368,2.2069574367086378,3416.0,2.215022126082519,1.163053782651286,0.6633065464710284,0.1,0.1
2018,orapm,tp_ast_m_75,0.7848969765753334,1.0451367808984253,3416.0,1.0487232915186941,0.7733191432976488,0.6633065464710284,0.1,0.1
2018,orapm,tp_unast_m_75,0.30515579318231795,0.19590938113301554,3416.0,0.1992009184403402,0.27499383474152456,0.6633065464710284,0.1,0.1
2018,orapm,tp_miss_75,0.1283762225680198,2.151516938165218,3416.0,2.1586910365984178,1.415465856404459,0.6633065464710284,0.1,0.1
2018,orapm,ftm_75,0.6391914416911707,2.8523974261482556,3416.0,2.8734006641366645,1.440896713022639,0.6633065464710284,0.1,0.1
2018,orapm,ft_miss_75,0.01361454351265863,0.8712013662494765,3416.0,0.871797760006866,0.5379473908087045,0.6633065464710284,0.1,0.1
2018,orapm,ast_rim_75,0.46970996730736414,1.386133199665078,3416.0,1.3974942097473784,0.9280882890540791,0.6633065464710284,0.1,0.1
2018,orapm,ast_mid2_75,0.010548252052532776,0.995906644448545,3416.0,1.0050471485964245,0.7210474753057954,0.6633065464710284,0.1,0.1
2018,orapm,ast_tp_75,0.09075770397686704,1.0165298760422794,3416.0,1.0276118210671399,0.65215667664341,0.6633065464710284,0.1,0.1
2018,orapm,tov_bp_75,-0.014248547819004682,0.9302413091654581,3416.0,0.9310589550439667,0.45313947467408916,0.6633065464710284,0.1,0.1
2018,orapm,tov_lb_75,-0.1941469016423513,0.4737306462579764,3416.0,0.47433244905036254,0.20098385580922948,0.6633065464710284,0.1,0.1
2018,orapm,tov_dead_75,-0.45443048994274626,0.7489334476569856,3416.0,0.7510604387128748,0.2912388598236845,0.6633065464710284,0.1,0.1
2018,orapm,oreb_opp_rate,0.614125425194502,0.0452875700780654,1654.0,0.04495631688958685,0.030480978479522847,0.6633065464710284,0.1,0.1
2018,orapm,dreb_opp_rate,-0.09271209871866487,0.13656196593739778,1649.5,0.13661702570841933,0.05006494835494977,0.6633065464710284,0.1,0.1
2018,orapm,off_boxout_75,-0.04112978958352941,0.3609799224444642,3467.5264000000006,0.3625839646828258,0.3714703194129839,0.6633065464710284,0.1,0.1
2018,orapm,def_boxout_75,0.02904747019615416,1.8079558996312373,3467.5264000000006,1.811499871982383,1.1391244608838171,0.6633065464710284,0.1,0.1
2018,orapm,stl_75,0.11919682436319325,1.1898540642883404,3416.0,1.196504258998087,0.40063416511691635,0.6633065464710284,0.1,0.1
2018,orapm,blk_75,-0.10945091715556694,0.7484882333635241,3416.0,0.752385897751161,0.6251959936075461,0.6633065464710284,0.1,0.1
2018,orapm,rim_dfg_diff,-0.0018256603492974746,0.002304869649465623,174.0,-0.006636398809543032,0.04552331572993999,0.6633065464710284,0.1,0.1
2018,orapm,contested_2pt_75,0.039966791402429425,6.1247354859053855,3467.5264000000006,6.121579683245119,1.424390903775145,0.6633065464710284,0.1,0.1
2018,orapm,contested_3pt_75,0.037579748684296706,3.330966039666599,3467.5264000000006,3.3319221621362773,0.35246861720466904,0.6633065464710284,0.1,0.1
2018,orapm,defl_75,0.0697186225580973,2.2491460328063004,3467.5264000000006,2.2505581039569353,0.36138475514052204,0.6633065464710284,0.1,0.1
2018,orapm,pf_nonoff_75,-0.12609621261304335,2.7972512217988186,3416.0,2.783099166925031,0.7705545925198556,0.6633065464710284,0.1,0.1
2018,orapm,charges_drawn_75,0.008561732021149095,0.07968846475164945,3467.5264000000006,0.07963367410835014,0.04895906824098791,0.6633065464710284,0.1,0.1
2018,orapm,height,0.22135600897993987,78.75586206896551,inf,78.6724739264002,3.4701522784564984,0.6633065464710284,0.1,0.1
2018,orapm,age,0.14457921861089346,26.641434718067696,inf,26.64256043031017,4.059401888078642,0.6633065464710284,0.1,0.1
2018,orapm,wing_rel,0.08331751395311117,4.864950495049505,inf,4.88490898555209,1.5558244914770054,0.6633065464710284,0.1,0.1
2019,orapm,rim_ast_m_75,0.3420908902224897,1.4193665012355048,3401.0,1.420993658333345,0.8610282943381995,0.6637769918004337,0.1,0.1
2019,orapm,rim_unast_m_75,0.7063772950487466,1.2479495400097407,3401.0,1.2516188683052045,0.6657902512586106,0.6637769918004337,0.1,0.1
2019,orapm,rim_miss_75,-0.5319098355244294,1.734838547751441,3401.0,1.7300829868168488,0.7152897479915397,0.6637769918004337,0.1,0.1
2019,orapm,flt_ast_m_75,0.23947581090889553,0.25098526656726855,3401.0,0.2510240365162209,0.23012537037586464,0.6637769918004337,0.1,0.1
2019,orapm,flt_unast_m_75,0.2970951553446164,0.3885192168064515,3401.0,0.3908220887925775,0.2809859538095237,0.6637769918004337,0.1,0.1
2019,orapm,flt_miss_75,-0.3988921356702332,0.9676677194104236,3401.0,0.966374015473339,0.520799523584009,0.6637769918004337,0.1,0.1
2019,orapm,mid_ast_m_75,0.3703165635554686,0.7216872185753,3401.0,0.7232762847492206,0.6104106917808856,0.6637769918004337,0.1,0.1
2019,orapm,mid_unast_m_75,0.49843820564365654,0.6803568173873031,3401.0,0.6892565548387061,0.5922249565444896,0.6637769918004337,0.1,0.1
2019,orapm,mid_miss_75,-0.5597541529112373,2.082251457357902,3401.0,2.0875865182486697,1.1527524413589276,0.6637769918004337,0.1,0.1
2019,orapm,tp_ast_m_75,0.8200216543762774,1.096581520910957,3401.0,1.1015033446532616,0.7767775380880209,0.6637769918004337,0.1,0.1
2019,orapm,tp_unast_m_75,0.30407123035480854,0.21305362419737003,3401.0,0.21749200241127978,0.30548728895075633,0.6637769918004337,0.1,0.1
2019,orapm,tp_miss_75,0.038817728897774864,2.2856316910729917,3401.0,2.2960374296053314,1.445917319806131,0.6637769918004337,0.1,0.1
2019,orapm,ftm_75,0.6594724228475612,2.8010329238887177,3401.0,2.8202263839507564,1.4282193072985059,0.6637769918004337,0.1,0.1
2019,orapm,ft_miss_75,0.03164608345125258,0.8577272088944398,3401.0,0.8564992210492575,0.5263246850409621,0.6637769918004337,0.1,0.1
2019,orapm,ast_rim_75,0.43865404602587177,1.4128229567857153,3401.0,1.4237906385800967,0.93620450372379,0.6637769918004337,0.1,0.1
2019,orapm,ast_mid2_75,0.04379202057234748,0.9500464621535133,3401.0,0.957911263220708,0.6930347652373096,0.6637769918004337,0.1,0.1
2019,orapm,ast_tp_75,0.11207786529774118,1.0688760341937547,3401.0,1.0813716271350444,0.673788060085104,0.6637769918004337,0.1,0.1
2019,orapm,tov_bp_75,-0.005844644744504705,0.9081334165966995,3401.0,0.9088774747562136,0.45403842031558694,0.6637769918004337,0.1,0.1
2019,orapm,tov_lb_75,-0.18012288677102634,0.4629557698226072,3401.0,0.4635039552148741,0.19992780419258588,0.6637769918004337,0.1,0.1
2019,orapm,tov_dead_75,-0.453117218330171,0.7632193043525028,3401.0,0.7649518078427343,0.29432741730482304,0.6637769918004337,0.1,0.1
2019,orapm,oreb_opp_rate,0.6046137392661382,0.04460082704718016,1647.0,0.04425736992258455,0.030450977603881182,0.6637769918004337,0.1,0.1
2019,orapm,dreb_opp_rate,-0.11832779203043406,0.1372336198148434,1639.0,0.1372542005827328,0.050503075136751396,0.6637769918004337,0.1,0.1
2019,orapm,off_boxout_75,-0.020717276816846226,0.3954369616931732,3427.8607999999995,0.3970034877967528,0.42783502335992935,0.6637769918004337,0.1,0.1
2019,orapm,def_boxout_75,-0.021215173927409806,2.278196385528741,3427.8607999999995,2.2812332971285416,1.4231787784110839,0.6637769918004337,0.1,0.1
2019,orapm,stl_75,0.13488822784043691,1.1838138406422833,3401.0,1.1905808819599746,0.398463009957246,0.6637769918004337,0.1,0.1
2019,orapm,blk_75,-0.09896659694057185,0.7454113021055871,3401.0,0.7486122434393255,0.6141747461702995,0.6637769918004337,0.1,0.1
2019,orapm,rim_dfg_diff,0.000958172163503624,0.004104721285973533,185.0,-0.005615897751488262,0.04757884601578686,0.6637769918004337,0.1,0.1
2019,orapm,contested_2pt_75,0.03586376352077949,6.0128362504733195,3427.8607999999995,6.008701907118345,1.7785873349727055,0.6637769918004337,0.1,0.1
2019,orapm,contested_3pt_75,0.01751455170776145,3.4433931828344253,3427.8607999999995,3.4459729172656863,0.4478794361821505,0.6637769918004337,0.1,0.1
2019,orapm,defl_75,0.056965691195166264,2.1699545823297908,3427.8607999999995,2.172507859445639,0.43713311599572285,0.6637769918004337,0.1,0.1
2019,orapm,pf_nonoff_75,-0.13314253847509627,2.771557094666264,3401.0,2.759594441282696,0.7467492914519611,0.6637769918004337,0.1,0.1
2019,orapm,charges_drawn_75,0.028915827043772924,0.07845490486540525,3427.8607999999995,0.07846837658350644,0.06188355513407249,0.6637769918004337,0.1,0.1
2019,orapm,height,0.19441550101183205,78.69588854909956,inf,78.61347979097792,3.440880702906084,0.6637769918004337,0.1,0.1
2019,orapm,age,0.14832246842346658,26.589382527615584,inf,26.5888708573613,4.058123794106816,0.6637769918004337,0.1,0.1
2019,orapm,wing_rel,0.08076315320866839,4.873787599754451,inf,4.893040156832989,1.6144982115681288,0.6637769918004337,0.1,0.1
2020,orapm,rim_ast_m_75,0.32711957673164965,1.4147126181358942,3334.0,1.4142422275781137,0.871895249043506,0.6771866728947605,0.1,0.1
2020,orapm,rim_unast_m_75,0.695306479312383,1.2303150297196146,3334.0,1.2312150827833475,0.67841778574219,0.6771866728947605,0.1,0.1
2020,orapm,rim_miss_75,-0.526388110823666,1.723543606517397,3334.0,1.7161804471376672,0.7249955288018116,0.6771866728947605,0.1,0.1
2020,orapm,flt_ast_m_75,0.20408039104471515,0.2535974501920438,3334.0,0.25386806790368993,0.2280260554338809,0.6771866728947605,0.1,0.1
2020,orapm,flt_unast_m_75,0.25395484959551695,0.38225007876896194,3334.0,0.38356865393817813,0.28055405651720294,0.6771866728947605,0.1,0.1
2020,orapm,flt_miss_75,-0.34502311306995986,0.9831705174042804,3334.0,0.9827243899487552,0.5169993194878885,0.6771866728947605,0.1,0.1
2020,orapm,mid_ast_m_75,0.34067973644843563,0.670518908461742,3334.0,0.6649303874961237,0.5861230139857008,0.6771866728947605,0.1,0.1
2020,orapm,mid_unast_m_75,0.44410592214387257,0.65197987365278,3334.0,0.6570654844960395,0.5823530433476898,0.6771866728947605,0.1,0.1
2020,orapm,mid_miss_75,-0.5128067142454343,1.9748772638179612,3334.0,1.967112772107766,1.1342739827757997,0.6771866728947605,0.1,0.1
2020,orapm,tp_ast_m_75,0.6975944595683704,1.1468480080928967,3334.0,1.1592297193492065,0.778263146118436,0.6771866728947605,0.1,0.1
2020,orapm,tp_unast_m_75,0.2874984505274846,0.2282895994284913,3334.0,0.23639241562059832,0.33307683226231943,0.6771866728947605,0.1,0.1
2020,orapm,tp_miss_75,0.1701848676763867,2.434186551776629,3334.0,2.468314305780835,1.4841067235089926,0.6771866728947605,0.1,0.1
2020,orapm,ftm_75,0.6324790776564524,2.7667460005322795,3334.0,2.78285141951076,1.4314711920930052,0.6771866728947605,0.1,0.1
2020,orapm,ft_miss_75,0.03456325973379875,0.84193541205844,3334.0,0.8385423566178709,0.5262999852764336,0.6771866728947605,0.1,0.1
2020,orapm,ast_rim_75,0.4562944066762312,1.414035736540435,3334.0,1.4240673002262922,0.9342324160465582,0.6771866728947605,0.1,0.1
2020,orapm,ast_mid2_75,0.024298464270958903,0.9036895762841547,3334.0,0.9041340581330517,0.6630142896405666,0.6771866728947605,0.1,0.1
2020,orapm,ast_tp_75,0.1426948740058058,1.1188927982004375,3334.0,1.1373629882740257,0.692460185287372,0.6771866728947605,0.1,0.1
2020,orapm,tov_bp_75,-0.04381350733267156,0.8853460850472142,3334.0,0.8835335427066588,0.45085475030643907,0.6771866728947605,0.1,0.1
2020,orapm,tov_lb_75,-0.20865079636111367,0.4560376935806154,3334.0,0.4553900257790159,0.20232650117419243,0.6771866728947605,0.1,0.1
2020,orapm,tov_dead_75,-0.41539431856552783,0.7790831954667585,3334.0,0.7829635296960143,0.299172704108871,0.6771866728947605,0.1,0.1
2020,orapm,oreb_opp_rate,0.604836204075219,0.04383864587812746,1622.0,0.04336430197989819,0.030169590158158413,0.6771866728947605,0.1,0.1
2020,orapm,dreb_opp_rate,-0.08168148075088005,0.13765266545634594,1616.0,0.13766698594071142,0.050566576493554234,0.6771866728947605,0.1,0.1
2020,orapm,off_boxout_75,-0.019234879007873237,0.3606326875058658,3286.8160000000003,0.35992057607810524,0.4446270942284092,0.6771866728947605,0.1,0.1
2020,orapm,def_boxout_75,-0.03691502201103656,2.2294000479169784,3286.8160000000003,2.228853497893246,1.5111630230684059,0.6771866728947605,0.1,0.1
2020,orapm,stl_75,0.15948288787335324,1.1812335931422167,3334.0,1.1870317071206056,0.3995103971258613,0.6771866728947605,0.1,0.1
2020,orapm,blk_75,-0.08861692269723669,0.7407641762571596,3334.0,0.743321787614747,0.6079926597281138,0.6771866728947605,0.1,0.1
2020,orapm,rim_dfg_diff,0.010469679278619522,0.005994841731463888,190.0,-0.004219072875963489,0.05030406097846782,0.6771866728947605,0.1,0.1
2020,orapm,contested_2pt_75,0.02691810437025894,5.884355962327475,3286.8160000000003,5.867284694984266,2.0582300736838395,0.6771866728947605,0.1,0.1
2020,orapm,contested_3pt_75,0.023505343028129233,3.486128748310795,3286.8160000000003,3.4901599120258004,0.5180731828660278,0.6771866728947605,0.1,0.1
2020,orapm,defl_75,0.04639997778847166,2.181727983997406,3286.8160000000003,2.1863241095834076,0.5129457360447139,0.6771866728947605,0.1,0.1
2020,orapm,pf_nonoff_75,-0.16887073789934626,2.7475300841278587,3334.0,2.734724393943256,0.7338509144186167,0.6771866728947605,0.1,0.1
2020,orapm,charges_drawn_75,0.026359789548214857,0.08103504139509642,3286.8160000000003,0.08131034673837341,0.07155307805160716,0.6771866728947605,0.1,0.1
2020,orapm,height,0.15116649799571114,78.65378151260504,inf,78.55598212909908,3.3971914300078097,0.6771866728947605,0.1,0.1
2020,orapm,age,0.15791938269960334,26.535017552574992,inf,26.557329915492744,4.056309319603039,0.6771866728947605,0.1,0.1
2020,orapm,wing_rel,0.04292579899148641,4.895555555555555,inf,4.911352493090016,1.6669037213340632,0.6771866728947605,0.1,0.1
2021,orapm,rim_ast_m_75,0.34905114387736647,1.417780223621563,3220.0,1.4141933711611683,0.8845423275160027,0.7015902787697289,0.1,0.1
2021,orapm,rim_unast_m_75,0.7825129920571793,1.2187147561091416,3220.0,1.21840126394229,0.6829611306255786,0.7015902787697289,0.1,0.1
2021,orapm,rim_miss_75,-0.5495287161523151,1.6973924120927677,3220.0,1.6807200624390137,0.725802429769516,0.7015902787697289,0.1,0.1
2021,orapm,flt_ast_m_75,0.1688654048168568,0.2622995319215204,3220.0,0.2647929068537157,0.23516214987216413,0.7015902787697289,0.1,0.1
2021,orapm,flt_unast_m_75,0.23697610736415597,0.38305944774179884,3220.0,0.38711611888336184,0.29207607502847455,0.7015902787697289,0.1,0.1
2021,orapm,flt_miss_75,-0.36156527434043934,0.981654700895154,3220.0,0.9842962813820919,0.5104499315593382,0.7015902787697289,0.1,0.1
2021,orapm,mid_ast_m_75,0.321113042401121,0.616449400264107,3220.0,0.6087407664156257,0.5517376813744421,0.7015902787697289,0.1,0.1
2021,orapm,mid_unast_m_75,0.39774952063085606,0.6342433817569624,3220.0,0.6421210089307081,0.5882521159276797,0.7015902787697289,0.1,0.1
2021,orapm,mid_miss_75,-0.47049720542026385,1.8566508026644946,3220.0,1.8442334294423768,1.1172571102466777,0.7015902787697289,0.1,0.1
2021,orapm,tp_ast_m_75,0.6610854550398546,1.2119837276069838,3220.0,1.2332751700514561,0.7940140114319977,0.7015902787697289,0.1,0.1
2021,orapm,tp_unast_m_75,0.29563580662792405,0.2466263884595125,3220.0,0.25719004463594025,0.35639059264216055,0.7015902787697289,0.1,0.1
2021,orapm,tp_miss_75,0.14491751786785403,2.573321080939502,3220.0,2.619292958331565,1.4985659417593211,0.7015902787697289,0.1,0.1
2021,orapm,ftm_75,0.6459711284951233,2.7141236682215135,3220.0,2.7319924243066662,1.4308061859493935,0.7015902787697289,0.1,0.1
2021,orapm,ft_miss_75,0.005365061122500104,0.8218472990601228,3220.0,0.8156585737597123,0.5229143448119076,0.7015902787697289,0.1,0.1
2021,orapm,ast_rim_75,0.4599403484241083,1.4164039351121833,3220.0,1.4266565015766524,0.9300237875962419,0.7015902787697289,0.1,0.1
2021,orapm,ast_mid2_75,0.015033428485023557,0.8597065141214221,3220.0,0.8599516435971524,0.6161746874352532,0.7015902787697289,0.1,0.1
2021,orapm,ast_tp_75,0.08201756660692473,1.1879701253640897,3220.0,1.2163340794623527,0.7310176070222696,0.7015902787697289,0.1,0.1
2021,orapm,tov_bp_75,-0.005232221433906886,0.8637300898182427,3220.0,0.8605977307077537,0.4458306436712963,0.7015902787697289,0.1,0.1
2021,orapm,tov_lb_75,-0.24729645138830372,0.44734641046408447,3220.0,0.44606238648381896,0.2018032377577414,0.7015902787697289,0.1,0.1
2021,orapm,tov_dead_75,-0.3923336953651312,0.7877258730106363,3220.0,0.7920927772088786,0.299964519890866,0.7015902787697289,0.1,0.1
2021,orapm,oreb_opp_rate,0.5820049529907162,0.04317188285653796,1558.0,0.04260648604551291,0.030054512296571058,0.7015902787697289,0.1,0.1
2021,orapm,dreb_opp_rate,-0.06856893432960454,0.13848587401774048,1572.0,0.13853808721053057,0.05074662973265459,0.7015902787697289,0.1,0.1
2021,orapm,off_boxout_75,-0.03767494158085035,0.3384295376525369,3136.744,0.3351433276257299,0.45739697779108124,0.7015902787697289,0.1,0.1
2021,orapm,def_boxout_75,-0.008876220587052338,2.030129621862517,3136.744,2.006090714483096,1.547121827473924,0.7015902787697289,0.1,0.1
2021,orapm,stl_75,0.14928442054137714,1.1760272502116575,3220.0,1.1787721157392717,0.39247516448426606,0.7015902787697289,0.1,0.1
2021,orapm,blk_75,-0.07965658803881108,0.7367505532479256,3220.0,0.7374967085398864,0.6008326906066433,0.7015902787697289,0.1,0.1
2021,orapm,rim_dfg_diff,-0.0030979692678627015,0.0075470921878544785,189.0,-0.002654168892029718,0.05192109021141892,0.7015902787697289,0.1,0.1
2021,orapm,contested_2pt_75,0.033918529379156986,5.67503252645669,3136.744,5.633425614699847,2.2946205143667324,0.7015902787697289,0.1,0.1
2021,orapm,contested_3pt_75,0.044988184909371766,3.425533750291054,3136.744,3.4217539100133023,0.5777586855600777,0.7015902787697289,0.1,0.1
2021,orapm,defl_75,0.03417206863525073,2.176226379963491,3136.744,2.1791924236539915,0.5669905886907587,0.7015902787697289,0.1,0.1
2021,orapm,pf_nonoff_75,-0.17447813862112138,2.71971154998364,3220.0,2.7019530380140315,0.7214620437568552,0.7015902787697289,0.1,0.1
2021,orapm,charges_drawn_75,0.03890866779266413,0.0803921833192395,3136.744,0.08043770402173057,0.07832460914457175,0.7015902787697289,0.1,0.1
2021,orapm,height,0.098846578765248,78.59449721585325,inf,78.49303957346689,3.362247508455974,0.7015902787697289,0.1,0.1
2021,orapm,age,0.16074635980620935,26.517185084150938,inf,26.542094998202874,4.059107241177068,0.7015902787697289,0.1,0.1
2021,orapm,wing_rel,0.0032859904885332394,4.909554317548746,inf,4.90905422507849,1.6963525133392934,0.7015902787697289,0.1,0.1
2022,orapm,rim_ast_m_75,0.34385951604419995,1.4146437332129884,3251.0,1.4111167060605039,0.887887616015761,0.7134296884186011,0.1,0.1
2022,orapm,rim_unast_m_75,0.760596114680661,1.2022593770699432,3251.0,1.2012484674195765,0.6790832716815773,0.7134296884186011,0.1,0.1
2022,orapm,rim_miss_75,-0.4661205271673558,1.650735534964297,3251.0,1.6297720883704452,0.7168854060511202,0.7134296884186011,0.1,0.1
2022,orapm,flt_ast_m_75,0.15562168035756174,0.27426974225340833,3251.0,0.27800160481837866,0.24168494629116924,0.7134296884186011,0.1,0.1
2022,orapm,flt_unast_m_75,0.24338718741265353,0.3879373721639504,3251.0,0.39376973592275444,0.3023272538497208,0.7134296884186011,0.1,0.1
2022,orapm,flt_miss_75,-0.37992304392075954,0.9912216213068574,3251.0,0.9966803271837105,0.511364365986491,0.7134296884186011,0.1,0.1
2022,orapm,mid_ast_m_75,0.29029474584466625,0.5735862515740666,3251.0,0.5649113696873409,0.5207238553906385,0.7134296884186011,0.1,0.1
2022,orapm,mid_unast_m_75,0.4224646817696079,0.6189994395230851,3251.0,0.6273607654683029,0.5927879655480838,0.7134296884186011,0.1,0.1
2022,orapm,mid_miss_75,-0.48897811448184514,1.7537177088868345,3251.0,1.740643997114535,1.091015705540817,0.7134296884186011,0.1,0.1
2022,orapm,tp_ast_m_75,0.6838654015005158,1.2699533421165647,3251.0,1.2936526085389795,0.7989654602612013,0.7134296884186011,0.1,0.1
2022,orapm,tp_unast_m_75,0.3419305685806233,0.2638026538945867,3251.0,0.27650954199655,0.3752718755061773,0.7134296884186011,0.1,0.1
2022,orapm,tp_miss_75,0.0543989761289196,2.708522888566999,3251.0,2.761079811152426,1.517576979647717,0.7134296884186011,0.1,0.1
2022,orapm,ftm_75,0.676022302982353,2.693848583885925,3251.0,2.7136798355057525,1.4425907678340333,0.7134296884186011,0.1,0.1
2022,orapm,ft_miss_75,-0.05638251622075898,0.807749139267595,3251.0,0.8019868393055072,0.5161002665757647,0.7134296884186011,0.1,0.1
2022,orapm,ast_rim_75,0.43635451557462107,1.4174024442616626,3251.0,1.4295476322039773,0.9203084288289689,0.7134296884186011,0.1,0.1
2022,orapm,ast_mid2_75,0.009346639078388574,0.8297242016843424,3251.0,0.8314977733005455,0.5776936713667989,0.7134296884186011,0.1,0.1
2022,orapm,ast_tp_75,0.06033914097221781,1.2463914749277567,3251.0,1.2792509312202638,0.7430662524369921,0.7134296884186011,0.1,0.1
2022,orapm,tov_bp_75,0.025731293241075832,0.8416689110006332,3251.0,0.838967682816226,0.4379230384750524,0.7134296884186011,0.1,0.1
2022,orapm,tov_lb_75,-0.2699266689958272,0.43796539600969553,3251.0,0.43734006515534046,0.2009190146632151,0.7134296884186011,0.1,0.1
2022,orapm,tov_dead_75,-0.3581111743829749,0.7938682369725512,3251.0,0.7984214426469103,0.3018398306984183,0.7134296884186011,0.1,0.1
2022,orapm,oreb_opp_rate,0.5542800297774209,0.04262103772787185,1570.0,0.04205531495232744,0.02977930136108411,0.7134296884186011,0.1,0.1
2022,orapm,dreb_opp_rate,-0.08307638411435396,0.13905767472836397,1578.0,0.1390997808217127,0.050795036068135846,0.7134296884186011,0.1,0.1
2022,orapm,off_boxout_75,-0.06672352197303037,0.32070250381524257,3123.848,0.3161810812141485,0.4622880897452578,0.7134296884186011,0.1,0.1
2022,orapm,def_boxout_75,0.01996535708520208,1.8566640427079046,3123.848,1.8239191367453746,1.5492865283104953,0.7134296884186011,0.1,0.1
2022,orapm,stl_75,0.15524960751055225,1.1683687210207958,3251.0,1.17108606245712,0.3865611190817182,0.7134296884186011,0.1,0.1
2022,orapm,blk_75,-0.05313950833760819,0.7279430497223092,3251.0,0.7286783439110803,0.5827428739021714,0.7134296884186011,0.1,0.1
2022,orapm,rim_dfg_diff,-0.0010854755709815518,0.008844661494946808,192.0,-0.001216765016933888,0.052964724212948275,0.7134296884186011,0.1,0.1
2022,orapm,contested_2pt_75,0.04160900021027298,5.467106172764655,3123.848,5.413216394831938,2.407416229975339,0.7134296884186011,0.1,0.1
2022,orapm,contested_3pt_75,0.05151257038592033,3.3730121952321097,3123.848,3.366441376249913,0.6257060314368295,0.7134296884186011,0.1,0.1
2022,orapm,defl_75,0.018834982917133685,2.1675538323911567,3123.848,2.1701671851306883,0.6053743261898374,0.7134296884186011,0.1,0.1
2022,orapm,pf_nonoff_75,-0.18525628762284882,2.711106905512327,3251.0,2.6916812975203848,0.7122117641193795,0.7134296884186011,0.1,0.1
2022,orapm,charges_drawn_75,0.04991411629096237,0.07870690218659121,3123.848,0.078557038507332,0.0833076449904683,0.7134296884186011,0.1,0.1
2022,orapm,height,0.09664453801549937,78.53919694072658,inf,78.4367533846029,3.3275577724190653,0.7134296884186011,0.1,0.1
2022,orapm,age,0.1682483131328039,26.466178847830996,inf,26.49639995992816,4.083915827705946,0.7134296884186011,0.1,0.1
2022,orapm,wing_rel,-0.0337909859182911,4.917959073774906,inf,4.913448792141349,1.7039272673626107,0.7134296884186011,0.1,0.1
2023,orapm,rim_ast_m_75,0.312245184384146,1.4187721746143265,3245.5,1.4149241114299982,0.8884101429202406,0.7467650956383429,0.1,0.1
2023,orapm,rim_unast_m_75,0.7790676221116102,1.195471905945046,3245.5,1.1955533970702281,0.68193829979466,0.7467650956383429,0.1,0.1
2023,orapm,rim_miss_75,-0.42861917493426765,1.6005583305844915,3245.5,1.5803451203591878,0.7021096893920602,0.7467650956383429,0.1,0.1
2023,orapm,flt_ast_m_75,0.12399946709044782,0.2915648990841848,3245.5,0.2948894595246767,0.2521969512781198,0.7467650956383429,0.1,0.1
2023,orapm,flt_unast_m_75,0.20758950154756825,0.3987458792418559,3245.5,0.40464422326843424,0.3138607742795459,0.7467650956383429,0.1,0.1
2023,orapm,flt_miss_75,-0.34057329642963935,1.0077030231663204,3245.5,1.0124199326836238,0.5103818667628444,0.7467650956383429,0.1,0.1
2023,orapm,mid_ast_m_75,0.27233811236231126,0.5297933592877444,3245.5,0.5222338720562029,0.48688941787397394,0.7467650956383429,0.1,0.1
2023,orapm,mid_unast_m_75,0.42259018810225535,0.607568807799033,3245.5,0.615840736865752,0.5928127316963332,0.7467650956383429,0.1,0.1
2023,orapm,mid_miss_75,-0.48473558159732927,1.649307535153768,3245.5,1.6377486500329892,1.064501068129942,0.7467650956383429,0.1,0.1
2023,orapm,tp_ast_m_75,0.7156214673069801,1.3191196975698203,3245.5,1.342149241397144,0.7940251413657837,0.7467650956383429,0.1,0.1
2023,orapm,tp_unast_m_75,0.3584587922590757,0.2773595010997435,3245.5,0.2901260911331682,0.3860451900554418,0.7467650956383429,0.1,0.1
2023,orapm,tp_miss_75,0.0038528703095853747,2.818486931176982,3245.5,2.868649047256183,1.5085119219909755,0.7467650956383429,0.1,0.1
2023,orapm,ftm_75,0.6694916819098772,2.700020352721344,3245.5,2.72202263709968,1.472561063699932,0.7467650956383429,0.1,0.1
2023,orapm,ft_miss_75,-0.08396309025507591,0.7986725598275066,3245.5,0.7940628445735414,0.512937148678114,0.7467650956383429,0.1,0.1
2023,orapm,ast_rim_75,0.4013756835089223,1.4195307500230674,3245.5,1.4340034649023965,0.9204821691836735,0.7467650956383429,0.1,0.1
2023,orapm,ast_mid2_75,0.017794440896322292,0.8031309794468048,3245.5,0.8050787230973403,0.5412912299410743,0.7467650956383429,0.1,0.1
2023,orapm,ast_tp_75,0.05811637206238562,1.297908211612196,3245.5,1.3304982169987054,0.7581734168268984,0.7467650956383429,0.1,0.1
2023,orapm,tov_bp_75,0.07241020418530586,0.8113035560202214,3245.5,0.809416090909041,0.42636119754889806,0.7467650956383429,0.1,0.1
2023,orapm,tov_lb_75,-0.29049289630122854,0.4272210825567636,3245.5,0.42698444727856333,0.19973664367365704,0.7467650956383429,0.1,0.1
2023,orapm,tov_dead_75,-0.34618741302546224,0.8133216528623436,3245.5,0.817691514147012,0.3073468398895152,0.7467650956383429,0.1,0.1
2023,orapm,oreb_opp_rate,0.5840990061338422,0.04229828027924178,1563.0,0.041773649155943934,0.029564711420724716,0.7467650956383429,0.1,0.1
2023,orapm,dreb_opp_rate,-0.07480961056585214,0.13956589215928883,1574.5,0.13956716304330566,0.05072565292118496,0.7467650956383429,0.1,0.1
2023,orapm,off_boxout_75,-0.08336500299793091,0.2977878023772417,3155.6616000000004,0.2932151665574225,0.46458777249615946,0.7467650956383429,0.1,0.1
2023,orapm,def_boxout_75,0.03248534059152593,1.6851156643438698,3155.6616000000004,1.6513676049614572,1.565761951704794,0.7467650956383429,0.1,0.1
2023,orapm,stl_75,0.17671985996838518,1.1517965689681973,3245.5,1.1538310768349929,0.37860297958138406,0.7467650956383429,0.1,0.1
2023,orapm,blk_75,-0.036208007323155836,0.7185498213721895,3245.5,0.7189674535929498,0.570079941390547,0.7467650956383429,0.1,0.1
2023,orapm,rim_dfg_diff,-0.00113975722084952,0.00992497357968003,196.0,-0.00047920299412928396,0.054129902741508466,0.7467650956383429,0.1,0.1
2023,orapm,contested_2pt_75,0.03586603863991285,5.289485407863556,3155.6616000000004,5.232663989162849,2.542232898695878,0.7467650956383429,0.1,0.1
2023,orapm,contested_3pt_75,0.08190794892188934,3.267025291335231,3155.6616000000004,3.2589963405479687,0.681088920445111,0.7467650956383429,0.1,0.1
2023,orapm,defl_75,-0.010544009612481505,2.158573332698373,3155.6616000000004,2.1609336487638746,0.6418770736650226,0.7467650956383429,0.1,0.1
2023,orapm,pf_nonoff_75,-0.17858447241994652,2.6958625007168298,3245.5,2.676315969148745,0.7028420689742867,0.7467650956383429,0.1,0.1
2023,orapm,charges_drawn_75,0.06500953397168545,0.07726763283093077,3155.6616000000004,0.0769903036320373,0.0875670698732546,0.7467650956383429,0.1,0.1
2023,orapm,height,0.09941362034790827,78.51939924906132,inf,78.41838558772832,3.297105745840398,0.7467650956383429,0.1,0.1
2023,orapm,age,0.16573961769952072,26.417427735883358,inf,26.46744233446265,4.095799506497565,0.7467650956383429,0.1,0.1
2023,orapm,wing_rel,-0.06025328625743858,4.922929936305732,inf,4.914060284215252,1.70747110034461,0.7467650956383429,0.1,0.1
2024,orapm,rim_ast_m_75,0.2816433350693765,1.4353415009912402,3251.0,1.4320346262616737,0.8965615353603471,0.7668131400974335,0.1,0.1
2024,orapm,rim_unast_m_75,0.798923319676189,1.1906698163697584,3251.0,1.19104725122139,0.6850852351163624,0.7668131400974335,0.1,0.1
2024,orapm,rim_miss_75,-0.3860237106669104,1.5655305817499292,3251.0,1.546106631714873,0.6871500568215033,0.7668131400974335,0.1,0.1
2024,orapm,flt_ast_m_75,0.1223735689923177,0.31364392003511526,3251.0,0.31758650354803825,0.26832228254224993,0.7668131400974335,0.1,0.1
2024,orapm,flt_unast_m_75,0.20534551061197598,0.40977451674497434,3251.0,0.41568167382160176,0.3274448323136697,0.7668131400974335,0.1,0.1
2024,orapm,flt_miss_75,-0.3861708499654379,1.033141173612307,3251.0,1.0382777835649715,0.5200958423267202,0.7668131400974335,0.1,0.1
2024,orapm,mid_ast_m_75,0.2660518373718763,0.4949460949654037,3251.0,0.48752134687297793,0.4487566329381416,0.7668131400974335,0.1,0.1
2024,orapm,mid_unast_m_75,0.444279572234526,0.5948021781194208,3251.0,0.6030631475243508,0.5931806213103537,0.7668131400974335,0.1,0.1
2024,orapm,mid_miss_75,-0.5279407200624251,1.5590363485710077,3251.0,1.5474121616512,1.0269570985005758,0.7668131400974335,0.1,0.1
2024,orapm,tp_ast_m_75,0.6228689293496191,1.3905631833803296,3251.0,1.4123952529846733,0.8027026414447606,0.7668131400974335,0.1,0.1
2024,orapm,tp_unast_m_75,0.3226806687065598,0.29157367446612475,3251.0,0.30530069590028486,0.40030804688258576,0.7668131400974335,0.1,0.1
2024,orapm,tp_miss_75,0.07106286504504206,2.9592828974949077,3251.0,3.00798487718356,1.512147980827681,0.7668131400974335,0.1,0.1
2024,orapm,ftm_75,0.6856820696642808,2.6800091267169854,3251.0,2.7020006561221726,1.4806097645793805,0.7668131400974335,0.1,0.1
2024,orapm,ft_miss_75,-0.11092476781713544,0.7796703828756348,3251.0,0.7743620313367143,0.501353635940025,0.7668131400974335,0.1,0.1
2024,orapm,ast_rim_75,0.3895073270692364,1.442741737682846,3251.0,1.4562683827720817,0.9233816419691265,0.7668131400974335,0.1,0.1
2024,orapm,ast_mid2_75,0.004788903693982834,0.7926878413458834,3251.0,0.7945729472190978,0.5116418122964025,0.7668131400974335,0.1,0.1
2024,orapm,ast_tp_75,0.06732135606412733,1.372979467206152,3251.0,1.4053665904927035,0.7812976846572106,0.7668131400974335,0.1,0.1
2024,orapm,tov_bp_75,0.04875452562916322,0.7879838711080264,3251.0,0.7857272105030833,0.41163246956006777,0.7668131400974335,0.1,0.1
2024,orapm,tov_lb_75,-0.28072308776202237,0.42440828548185183,3251.0,0.4242326498380971,0.20192007886323204,0.7668131400974335,0.1,0.1
2024,orapm,tov_dead_75,-0.3001843688097834,0.8294933280451721,3251.0,0.833942209387361,0.3087824997305896,0.7668131400974335,0.1,0.1
2024,orapm,oreb_opp_rate,0.5529471221032045,0.042007459753664995,1568.0,0.04153634051495976,0.029349736328723407,0.7668131400974335,0.1,0.1
2024,orapm,dreb_opp_rate,-0.0414970560997788,0.14017826079388893,1574.0,0.14021072766889456,0.050908220167170344,0.7668131400974335,0.1,0.1
2024,orapm,off_boxout_75,-0.0959706795550846,0.2871024085667885,3188.3488,0.2834609913851321,0.4775380737195508,0.7668131400974335,0.1,0.1
2024,orapm,def_boxout_75,0.03456851211139246,1.5757342393927982,3188.3488,1.549580918518038,1.6003119114490607,0.7668131400974335,0.1,0.1
2024,orapm,stl_75,0.1700792393355335,1.1425936459726767,3251.0,1.1443464743979943,0.37099615866972485,0.7668131400974335,0.1,0.1
2024,orapm,blk_75,-0.015531367952540573,0.7211860441248354,3251.0,0.7230762414309113,0.5655132756414243,0.7668131400974335,0.1,0.1
2024,orapm,rim_dfg_diff,-0.006383133918093872,0.011659459798207674,204.0,0.002743520991154279,0.05197688769716426,0.7668131400974335,0.1,0.1
2024,orapm,contested_2pt_75,0.04175066384160306,5.111395250917759,3188.3488,5.067196806857494,2.6799034538191577,0.7668131400974335,0.1,0.1
2024,orapm,contested_3pt_75,0.11353453910162076,3.169598776667345,3188.3488,3.168158159988466,0.7400432429892165,0.7668131400974335,0.1,0.1
2024,orapm,defl_75,-0.0162312377328814,2.156739409321112,3188.3488,2.160126519154199,0.680014339889175,0.7668131400974335,0.1,0.1
2024,orapm,pf_nonoff_75,-0.18573176801998115,2.6566342360897295,3251.0,2.637369869487528,0.6909691093524224,0.7668131400974335,0.1,0.1
2024,orapm,charges_drawn_75,0.07019865889828325,0.07549063377028013,3188.3488,0.07532197449332201,0.09237490907587337,0.7668131400974335,0.1,0.1
2024,orapm,height,0.07597869122586078,78.47996213316503,inf,78.39533512650506,3.2705916991220905,0.7668131400974335,0.1,0.1
2024,orapm,age,0.18144311717176398,26.39374661416308,inf,26.48017611418281,4.1156967438114185,0.7668131400974335,0.1,0.1
2024,orapm,wing_rel,-0.10799606507599858,4.955474649406689,inf,4.9455108095612905,1.6983369410115656,0.7668131400974335,0.1,0.1
2025,orapm,rim_ast_m_75,0.2828336377917646,1.4384724568534988,3203.0,1.4355218784244013,0.893327499696633,0.7731284062613591,0.1,0.1
2025,orapm,rim_unast_m_75,0.8020842130054401,1.1680706654940234,3203.0,1.168015362600764,0.6750666004529889,0.7731284062613591,0.1,0.1
2025,orapm,rim_miss_75,-0.39169599794439663,1.510330011949027,3203.0,1.4933653772988265,0.6663365212019255,0.7731284062613591,0.1,0.1
2025,orapm,flt_ast_m_75,0.14421197859717935,0.33645533038846415,3203.0,0.3411600246827888,0.28376567417588344,0.7731284062613591,0.1,0.1
2025,orapm,flt_unast_m_75,0.24021118734767402,0.41872743573313176,3203.0,0.4251899505227311,0.33860575957318734,0.7731284062613591,0.1,0.1
2025,orapm,flt_miss_75,-0.43027025009638037,1.0527931028113602,3203.0,1.0589938974846205,0.528514827532415,0.7731284062613591,0.1,0.1
2025,orapm,mid_ast_m_75,0.2365350285844607,0.4572243305490159,3203.0,0.45441927037673485,0.40643772243304643,0.7731284062613591,0.1,0.1
2025,orapm,mid_unast_m_75,0.4247893290262502,0.5737095832332845,3203.0,0.5822610416833885,0.5848182667937378,0.7731284062613591,0.1,0.1
2025,orapm,mid_miss_75,-0.4965156415732419,1.4560336902886095,3203.0,1.4524445449618515,0.9824512795539043,0.7731284062613591,0.1,0.1
2025,orapm,tp_ast_m_75,0.6360388323125423,1.452375099989628,3203.0,1.469177085779026,0.8048064559441286,0.7731284062613591,0.1,0.1
2025,orapm,tp_unast_m_75,0.3614833353377595,0.30542480140603534,3203.0,0.31758049108616326,0.4104376947397435,0.7731284062613591,0.1,0.1
2025,orapm,tp_miss_75,-0.0058571946999715985,3.084305286982665,3203.0,3.1204458133089017,1.5084739758456203,0.7731284062613591,0.1,0.1
2025,orapm,ftm_75,0.722196580034973,2.6578344271215917,3203.0,2.6817997777385796,1.4758274147147317,0.7731284062613591,0.1,0.1
2025,orapm,ft_miss_75,-0.14146944847965842,0.7607381401289813,3203.0,0.7571279819020719,0.49012861512159983,0.7731284062613591,0.1,0.1
2025,orapm,ast_rim_75,0.44210199047962223,1.449725286044929,3203.0,1.4637953786974192,0.9163436689134482,0.7731284062613591,0.1,0.1
2025,orapm,ast_mid2_75,8.958807500719416e-05,0.7824552479813817,3203.0,0.7891257676846086,0.4863484072187673,0.7731284062613591,0.1,0.1
2025,orapm,ast_tp_75,0.04011352576125006,1.4387921395009824,3203.0,1.4660231820591043,0.7891722166477212,0.7731284062613591,0.1,0.1
2025,orapm,tov_bp_75,-0.02218454430188291,0.7643114817219671,3203.0,0.7671291961716215,0.3963738619901489,0.7731284062613591,0.1,0.1
2025,orapm,tov_lb_75,-0.29491624705891356,0.42474457356466044,3203.0,0.42576410563979217,0.20473856867290574,0.7731284062613591,0.1,0.1
2025,orapm,tov_dead_75,-0.24095269521021126,0.8385488965265415,3203.0,0.8392808223574009,0.30638036289946496,0.7731284062613591,0.1,0.1
2025,orapm,oreb_opp_rate,0.5723674618716281,0.041941749712120675,1549.0,0.04153138587250433,0.029005228250416175,0.7731284062613591,0.1,0.1
2025,orapm,dreb_opp_rate,-0.02397578922083911,0.13993153756558988,1551.0,0.13983072086309176,0.05086642002932358,0.7731284062613591,0.1,0.1
2025,orapm,off_boxout_75,-0.12153116688983406,0.2761508576580483,3177.3664,0.2717440079072626,0.47767472737498917,0.7731284062613591,0.1,0.1
2025,orapm,def_boxout_75,0.05131444973836812,1.4763076897605578,3177.3664,1.4466121396930196,1.589906465799784,0.7731284062613591,0.1,0.1
2025,orapm,stl_75,0.13596156906804627,1.143618494990928,3203.0,1.146728273048182,0.3679877886511665,0.7731284062613591,0.1,0.1
2025,orapm,blk_75,-0.013177474304463121,0.7196553678978947,3203.0,0.7207950896157191,0.5558848285368517,0.7731284062613591,0.1,0.1
2025,orapm,rim_dfg_diff,0.014995645211984895,0.013523366501508259,209.0,0.0059609370946248205,0.049770686363586156,0.7731284062613591,0.1,0.1
2025,orapm,contested_2pt_75,-0.0060633056967067155,4.928501774901591,3177.3664,4.876971637058354,2.7592552221553825,0.7731284062613591,0.1,0.1
2025,orapm,contested_3pt_75,0.14784058129920435,3.082595028178803,3177.3664,3.077120714562516,0.7848985100006085,0.7731284062613591,0.1,0.1
2025,orapm,defl_75,0.02081926432786821,2.194124844185218,3177.3664,2.1984233742640047,0.7255464063622756,0.7731284062613591,0.1,0.1
2025,orapm,pf_nonoff_75,-0.167112823391068,2.6309455644387865,3203.0,2.6119891017137213,0.6852113542814687,0.7731284062613591,0.1,0.1
2025,orapm,charges_drawn_75,0.06468267569388712,0.07243321770196075,3177.3664,0.07210578212425224,0.09425444841097708,0.7731284062613591,0.1,0.1
2025,orapm,height,0.04282726264359543,78.4624348359399,inf,78.38342199402929,3.2434402699375906,0.7731284062613591,0.1,0.1
2025,orapm,age,0.20217504206888934,26.340254155945967,inf,26.46785213431685,4.1543620955952605,0.7731284062613591,0.1,0.1
2025,orapm,wing_rel,-0.13401077264620329,4.966639828234031,inf,4.9546682012898975,1.6891182563031018,0.7731284062613591,0.1,0.1
2004,drapm,rim_ast_m_75,-0.056786135175392424,1.3563515097281453,3411.0,1.3669018446078463,0.6697704038525453,0.4280280185417926,200.0,0.25
2004,drapm,rim_unast_m_75,-0.04119243310718862,1.1164915378269458,3411.0,1.1273188826897025,0.44919964997662043,0.4280280185417926,200.0,0.25
2004,drapm,rim_miss_75,-0.23830899874466863,1.7419368572238738,3411.0,1.7453369010206181,0.6091396116584193,0.4280280185417926,200.0,0.25
2004,drapm,flt_ast_m_75,0.029084930042099992,0.30316862573731235,3411.0,0.30497792520517886,0.2789972672145368,0.4280280185417926,200.0,0.25
2004,drapm,flt_unast_m_75,-0.14297865417448777,0.38124762529791717,3411.0,0.3859968980983825,0.24176946299717655,0.4280280185417926,200.0,0.25
2004,drapm,flt_miss_75,-0.09466794310903089,1.1034382071390874,3411.0,1.109383633471515,0.5917640648400019,0.4280280185417926,200.0,0.25
2004,drapm,mid_ast_m_75,-0.05328919454147063,1.1806536786695725,3411.0,1.1851562104552924,0.628589243596955,0.4280280185417926,200.0,0.25
2004,drapm,mid_unast_m_75,0.08906115791172044,0.6736823968003676,3411.0,0.6875866146019194,0.4956855623681798,0.4280280185417926,200.0,0.25
2004,drapm,mid_miss_75,-0.17794570840578475,2.818274341650246,3411.0,2.835162558073612,1.1320173289699735,0.4280280185417926,200.0,0.25
2004,drapm,tp_ast_m_75,-0.0243332154814834,0.7058739184813474,3411.0,0.7113929283401517,0.5698915294353187,0.4280280185417926,200.0,0.25
2004,drapm,tp_unast_m_75,-0.14720902002625608,0.12864559444064672,3411.0,0.13087168400305768,0.17293169207265116,0.4280280185417926,200.0,0.25
2004,drapm,tp_miss_75,-0.11673253076742439,1.4779483055973486,3411.0,1.4891527832713292,1.0789289760361664,0.4280280185417926,200.0,0.25
2004,drapm,ftm_75,0.14971293749643885,3.047430582387402,3411.0,3.08679958786053,1.1760293204516605,0.4280280185417926,200.0,0.25
2004,drapm,ft_miss_75,0.10865182376626982,1.0128179690945327,3411.0,1.0219524780839209,0.5280913806337223,0.4280280185417926,200.0,0.25
2004,drapm,ast_rim_75,0.16623217663461948,1.3576970068913554,3411.0,1.3769018284656758,0.7730577276231847,0.4280280185417926,200.0,0.25
2004,drapm,ast_mid2_75,0.0524313638093673,1.471763035056025,3411.0,1.4863973658378251,0.8724911825145908,0.4280280185417926,200.0,0.25
2004,drapm,ast_tp_75,0.08750007957498696,0.6886937270914046,3411.0,0.6972878854568013,0.38847228358057995,0.4280280185417926,200.0,0.25
2004,drapm,tov_bp_75,-0.18242342145117876,1.0881557692106871,3411.0,1.0938684884382504,0.3885583022581648,0.4280280185417926,200.0,0.25
2004,drapm,tov_lb_75,-0.11174623251688784,0.6109460813097993,3411.0,0.6128635824178634,0.1977243663872009,0.4280280185417926,200.0,0.25
2004,drapm,tov_dead_75,0.08727816388308589,0.6198926333427853,3411.0,0.6186601696476673,0.25464690038061977,0.4280280185417926,200.0,0.25
2004,drapm,oreb_opp_rate,-0.00836077121549123,0.0521717970883171,1705.0,0.05182596526497501,0.02599465253200798,0.4280280185417926,200.0,0.25
2004,drapm,dreb_opp_rate,0.20350631256590157,0.12752127503848568,1704.5,0.12756109302091737,0.04075191456978267,0.4280280185417926,200.0,0.25
2004,drapm,off_boxout_75,0.0,0.0,1.0,0.0,1.0,0.4280280185417926,200.0,0.25
2004,drapm,def_boxout_75,0.0,0.0,1.0,0.0,1.0,0.4280280185417926,200.0,0.25
2004,drapm,stl_75,0.4609067683582452,1.2908639537695208,3411.0,1.2959400071622558,0.3805662932005406,0.4280280185417926,200.0,0.25
2004,drapm,blk_75,0.6591323735858935,0.8125196302011498,3411.0,0.8152479023636261,0.677441043413065,0.4280280185417926,200.0,0.25
2004,drapm,rim_dfg_diff,0.0,0.0,1.0,0.0,1.0,0.4280280185417926,200.0,0.25
2004,drapm,contested_2pt_75,0.0,0.0,1.0,0.0,1.0,0.4280280185417926,200.0,0.25
2004,drapm,contested_3pt_75,0.0,0.0,1.0,0.0,1.0,0.4280280185417926,200.0,0.25
2004,drapm,defl_75,0.0,0.0,1.0,0.0,1.0,0.4280280185417926,200.0,0.25
2004,drapm,pf_nonoff_75,0.11368210549471326,3.1151271635393565,3411.0,3.0783204733132234,0.7978733501776687,0.4280280185417926,200.0,0.25
2004,drapm,charges_drawn_75,0.0,0.0,1.0,0.0,1.0,0.4280280185417926,200.0,0.25
2004,drapm,height,0.25734400039884364,79.11992445703494,inf,79.06508068600407,3.5698514931559266,0.4280280185417926,200.0,0.25
2004,drapm,age,0.08874544577101716,27.710044374074204,inf,27.563391909722792,4.270448710401339,0.4280280185417926,200.0,0.25
2004,drapm,wing_rel,-0.01336472804426732,5.1454545454545455,inf,5.141297180442084,0.340624574518855,0.4280280185417926,200.0,0.25
2005,drapm,rim_ast_m_75,-0.08719154766497368,1.350452394820199,3390.0,1.3598117008917334,0.6717125359023851,0.41666065336171554,200.0,0.25
2005,drapm,rim_unast_m_75,-0.04641711577622417,1.1239645818832746,3390.0,1.1351702387116807,0.4576286806278429,0.41666065336171554,200.0,0.25
2005,drapm,rim_miss_75,-0.20251698023476614,1.7466674661055888,3390.0,1.749684869992258,0.6069075819077959,0.41666065336171554,200.0,0.25
2005,drapm,flt_ast_m_75,0.02213530795586815,0.29564768867501684,3390.0,0.2971061903379149,0.27286080528522283,0.41666065336171554,200.0,0.25
2005,drapm,flt_unast_m_75,-0.14060715520345743,0.3798205110996071,3390.0,0.3850310878583844,0.2410537969516519,0.41666065336171554,200.0,0.25
2005,drapm,flt_miss_75,-0.08943092982396528,1.0822521743252447,3390.0,1.087254520632613,0.584303988030316,0.41666065336171554,200.0,0.25
2005,drapm,mid_ast_m_75,-0.06030329150559978,1.172338654530214,3390.0,1.176087151301442,0.6285253319708012,0.41666065336171554,200.0,0.25
2005,drapm,mid_unast_m_75,0.06514727604992257,0.6791026352854819,3390.0,0.6943552597129662,0.49952780124983087,0.41666065336171554,200.0,0.25
2005,drapm,mid_miss_75,-0.15274362977174882,2.8134050888433215,3390.0,2.8302053757933163,1.12754842197884,0.41666065336171554,200.0,0.25
2005,drapm,tp_ast_m_75,-0.0008217681561081365,0.7137661739713638,3390.0,0.720692895617469,0.577512677708142,0.41666065336171554,200.0,0.25
2005,drapm,tp_unast_m_75,-0.1428748922509193,0.12862205672324223,3390.0,0.13130491892006305,0.17206948720841,0.41666065336171554,200.0,0.25
2005,drapm,tp_miss_75,-0.14259975064355476,1.4885697443187818,3390.0,1.5026355023339861,1.0868795987446984,0.41666065336171554,200.0,0.25
2005,drapm,ftm_75,0.14464533276152644,3.0701475973887917,3390.0,3.1132015208272787,1.2085543557087752,0.41666065336171554,200.0,0.25
2005,drapm,ft_miss_75,0.12000582675561944,1.0138315058096994,3390.0,1.0226909321753006,0.5376477759450948,0.41666065336171554,200.0,0.25
2005,drapm,ast_rim_75,0.13966378735490906,1.3466507576756697,3390.0,1.36643624535287,0.7738041569372635,0.41666065336171554,200.0,0.25
2005,drapm,ast_mid2_75,0.07981183229439576,1.4530349971206118,3390.0,1.4672519578845167,0.8692876124827654,0.41666065336171554,200.0,0.25
2005,drapm,ast_tp_75,0.06242834223127595,0.6956555970189533,3390.0,0.7059191818233118,0.40498985850357827,0.41666065336171554,200.0,0.25
2005,drapm,tov_bp_75,-0.1771219814590879,1.078582538470456,3390.0,1.0851918045056659,0.38726242537083355,0.41666065336171554,200.0,0.25
2005,drapm,tov_lb_75,-0.10795443169987608,0.5975434383977555,3390.0,0.5987299436556194,0.1962524316423653,0.41666065336171554,200.0,0.25
2005,drapm,tov_dead_75,0.08120205153671775,0.6306757621226464,3390.0,0.6297591567669868,0.2599505498266801,0.41666065336171554,200.0,0.25
2005,drapm,oreb_opp_rate,-0.034333447790114886,0.05207710623578748,1698.5,0.05166987256732458,0.02614798215661265,0.41666065336171554,200.0,0.25
2005,drapm,dreb_opp_rate,0.24189255715455205,0.12767676159747826,1695.0,0.12767035913545632,0.04082465228869195,0.41666065336171554,200.0,0.25
2005,drapm,off_boxout_75,0.0,0.0,1.0,0.0,1.0,0.41666065336171554,200.0,0.25
2005,drapm,def_boxout_75,0.0,0.0,1.0,0.0,1.0,0.41666065336171554,200.0,0.25
2005,drapm,stl_75,0.4729966118489241,1.2800605070445275,3390.0,1.2843457691344748,0.37909102023764196,0.41666065336171554,200.0,0.25
2005,drapm,blk_75,0.6463168548073003,0.8085783003490467,3390.0,0.8108249268726558,0.6745846669475521,0.41666065336171554,200.0,0.25
2005,drapm,rim_dfg_diff,0.0,0.0,1.0,0.0,1.0,0.41666065336171554,200.0,0.25
2005,drapm,contested_2pt_75,0.0,0.0,1.0,0.0,1.0,0.41666065336171554,200.0,0.25
2005,drapm,contested_3pt_75,0.0,0.0,1.0,0.0,1.0,0.41666065336171554,200.0,0.25
2005,drapm,defl_75,0.0,0.0,1.0,0.0,1.0,0.41666065336171554,200.0,0.25
2005,drapm,pf_nonoff_75,0.1117795293297948,3.1242241257525247,3390.0,3.0862180916377655,0.8016718172031537,0.41666065336171554,200.0,0.25
2005,drapm,charges_drawn_75,0.0,0.0,1.0,0.0,1.0,0.41666065336171554,200.0,0.25
2005,drapm,height,0.28260836419854607,79.1300578034682,inf,79.05906860485526,3.5853552918191944,0.41666065336171554,200.0,0.25
2005,drapm,age,0.10760026721477302,27.621932582132356,inf,27.482432832927547,4.238672807875633,0.41666065336171554,200.0,0.25
2005,drapm,wing_rel,-0.020993075852577113,5.132978723404255,inf,5.130707327490359,0.38959048910990324,0.41666065336171554,200.0,0.25
2006,drapm,rim_ast_m_75,-0.09795658654467432,1.342346683025833,3399.0,1.3514745346479415,0.6688650561785958,0.4217546143469361,200.0,0.25
2006,drapm,rim_unast_m_75,-0.029936119173517246,1.1388578187873908,3399.0,1.1485713427177986,0.4688619052458999,0.4217546143469361,200.0,0.25
2006,drapm,rim_miss_75,-0.20239192747880766,1.7498685837231833,3399.0,1.7523493102359151,0.6030383056716373,0.4217546143469361,200.0,0.25
2006,drapm,flt_ast_m_75,0.032838016060205755,0.28856900792514545,3399.0,0.29060055733098683,0.26854562939654875,0.4217546143469361,200.0,0.25
2006,drapm,flt_unast_m_75,-0.1508855512251318,0.37927226455665947,3399.0,0.38425877919258333,0.24222321915764455,0.4217546143469361,200.0,0.25
2006,drapm,flt_miss_75,-0.07483596795813029,1.063596434730827,3399.0,1.0695872782814346,0.5786105493531308,0.4217546143469361,200.0,0.25
2006,drapm,mid_ast_m_75,-0.06995259498632733,1.1608534176696874,3399.0,1.1673733485428248,0.6286563963214391,0.4217546143469361,200.0,0.25
2006,drapm,mid_unast_m_75,0.0617858128892931,0.6862642624384363,3399.0,0.7008922876114525,0.5058871264104546,0.4217546143469361,200.0,0.25
2006,drapm,mid_miss_75,-0.1337127498563955,2.800065763344286,3399.0,2.8199756122095216,1.1284042961020098,0.4217546143469361,200.0,0.25
2006,drapm,tp_ast_m_75,0.01831609348409281,0.7229525112733031,3399.0,0.7290275322290558,0.5817277878472434,0.4217546143469361,200.0,0.25
2006,drapm,tp_unast_m_75,-0.12336273243241493,0.12927639185321083,3399.0,0.1318212486209155,0.17314718691040565,0.4217546143469361,200.0,0.25
2006,drapm,tp_miss_75,-0.16646266134493423,1.5029405804945333,3399.0,1.5151053975321955,1.091821642683716,0.4217546143469361,200.0,0.25
2006,drapm,ftm_75,0.12768102512042048,3.0928540776165194,3399.0,3.1334218070535695,1.2293188137988245,0.4217546143469361,200.0,0.25
2006,drapm,ft_miss_75,0.1329840651089464,1.0231541862301399,3399.0,1.030956155927169,0.5382977278074893,0.4217546143469361,200.0,0.25
2006,drapm,ast_rim_75,0.11676857793154699,1.3385847968060929,3399.0,1.3575034025294537,0.768181398244128,0.4217546143469361,200.0,0.25
2006,drapm,ast_mid2_75,0.07529953783335429,1.4350058050294552,3399.0,1.4505107370955894,0.8609445058570898,0.4217546143469361,200.0,0.25
2006,drapm,ast_tp_75,0.08004642693947167,0.7034884961992593,3399.0,0.7130415816111153,0.4085332904951868,0.4217546143469361,200.0,0.25
2006,drapm,tov_bp_75,-0.16701308136389126,1.0643298842453677,3399.0,1.0710986493551464,0.3838298913830625,0.4217546143469361,200.0,0.25
2006,drapm,tov_lb_75,-0.11202612953832056,0.5886050652496667,3399.0,0.5902547698034148,0.1941976701634733,0.4217546143469361,200.0,0.25
2006,drapm,tov_dead_75,0.06462654904565894,0.6455854173201553,3399.0,0.6433533758391782,0.26348693745209495,0.4217546143469361,200.0,0.25
2006,drapm,oreb_opp_rate,-0.05399649981631174,0.05164745947049379,1694.0,0.05127444977910431,0.02613883841726051,0.4217546143469361,200.0,0.25
2006,drapm,dreb_opp_rate,0.23547740419256105,0.12798750803710848,1698.0,0.1280228018712183,0.040827632373700504,0.4217546143469361,200.0,0.25
2006,drapm,off_boxout_75,0.0,0.0,1.0,0.0,1.0,0.4217546143469361,200.0,0.25
2006,drapm,def_boxout_75,0.0,0.0,1.0,0.0,1.0,0.4217546143469361,200.0,0.25
2006,drapm,stl_75,0.48066330380137634,1.2678345215916496,3399.0,1.272595057202282,0.3778264007303956,0.4217546143469361,200.0,0.25
2006,drapm,blk_75,0.640054196267279,0.8033164957159713,3399.0,0.8060274194224998,0.6721974363271156,0.4217546143469361,200.0,0.25
2006,drapm,rim_dfg_diff,0.0,0.0,1.0,0.0,1.0,0.4217546143469361,200.0,0.25
2006,drapm,contested_2pt_75,0.0,0.0,1.0,0.0,1.0,0.4217546143469361,200.0,0.25
2006,drapm,contested_3pt_75,0.0,0.0,1.0,0.0,1.0,0.4217546143469361,200.0,0.25
2006,drapm,defl_75,0.0,0.0,1.0,0.0,1.0,0.4217546143469361,200.0,0.25
2006,drapm,pf_nonoff_75,0.12242311324199158,3.1293372760494718,3399.0,3.0922471985957363,0.8026971871134845,0.4217546143469361,200.0,0.25
2006,drapm,charges_drawn_75,0.0,0.0,1.0,0.0,1.0,0.4217546143469361,200.0,0.25
2006,drapm,height,0.29977833732635994,79.12717834631071,inf,79.05564286783415,3.599093565521132,0.4217546143469361,200.0,0.25
2006,drapm,age,0.1169608440258167,27.498427109592168,inf,27.392958638340932,4.211374943987705,0.4217546143469361,200.0,0.25
2006,drapm,wing_rel,-0.01730572185467702,5.1314935064935066,inf,5.1273877486151065,0.4488649769620629,0.4217546143469361,200.0,0.25
2007,drapm,rim_ast_m_75,-0.14369965202025128,1.3235473971702238,3399.0,1.3317991405419893,0.6641092855322029,0.4338924806437898,200.0,0.25
2007,drapm,rim_unast_m_75,0.013726846370360849,1.142039059379778,3399.0,1.15007604981699,0.4713972020054584,0.4338924806437898,200.0,0.25
2007,drapm,rim_miss_75,-0.12701999311471787,1.7018994411747157,3399.0,1.7017728476331486,0.5622708044589242,0.4338924806437898,200.0,0.25
2007,drapm,flt_ast_m_75,0.05473242938520771,0.280997137610222,3399.0,0.28391468489491023,0.2623451692958417,0.4338924806437898,200.0,0.25
2007,drapm,flt_unast_m_75,-0.15126514469556612,0.38258001941099873,3399.0,0.38809103764341923,0.24651457513850772,0.4338924806437898,200.0,0.25
2007,drapm,flt_miss_75,-0.09803569683738828,1.0662301067519997,3399.0,1.0753971285592163,0.5797892783171851,0.4338924806437898,200.0,0.25
2007,drapm,mid_ast_m_75,-0.08030601423426156,1.1608141366086722,3399.0,1.1687973014489341,0.6279476696214349,0.4338924806437898,200.0,0.25
2007,drapm,mid_unast_m_75,0.026835045486457588,0.7060559683088162,3399.0,0.7204674610887154,0.5174808828282327,0.4338924806437898,200.0,0.25
2007,drapm,mid_miss_75,-0.12032251726790473,2.8416772105065693,3399.0,2.865306499470187,1.13387509999591,0.4338924806437898,200.0,0.25
2007,drapm,tp_ast_m_75,0.021592676622357275,0.727323241963768,3399.0,0.7329841116386786,0.5812649379449412,0.4338924806437898,200.0,0.25
2007,drapm,tp_unast_m_75,-0.10091421045768542,0.12312087327836735,3399.0,0.12592909817720008,0.1633097912954609,0.4338924806437898,200.0,0.25
2007,drapm,tp_miss_75,-0.1925167741049313,1.500278361619984,3399.0,1.5125995276176405,1.0840234810523122,0.4338924806437898,200.0,0.25
2007,drapm,ftm_75,0.1178762721174694,3.1076096975158296,3399.0,3.146707377675712,1.2512223587168492,0.4338924806437898,200.0,0.25
2007,drapm,ft_miss_75,0.13986965548283442,1.0201284540143845,3399.0,1.027698700935801,0.5435957095482628,0.4338924806437898,200.0,0.25
2007,drapm,ast_rim_75,0.11535344216491342,1.3227352437023072,3399.0,1.3392087020486974,0.7488757542040798,0.4338924806437898,200.0,0.25
2007,drapm,ast_mid2_75,0.07602871985227924,1.4276304376859592,3399.0,1.4442404775124016,0.852254133437154,0.4338924806437898,200.0,0.25
2007,drapm,ast_tp_75,0.06313488782331876,0.7078156341559687,3399.0,0.7158234332381737,0.408607947802711,0.4338924806437898,200.0,0.25
2007,drapm,tov_bp_75,-0.13776062868963626,1.040607461068123,3399.0,1.047977184262019,0.3773395757083989,0.4338924806437898,200.0,0.25
2007,drapm,tov_lb_75,-0.12235622153185963,0.5804508608932923,3399.0,0.5833759227108433,0.19272295823233052,0.4338924806437898,200.0,0.25
2007,drapm,tov_dead_75,0.01604015434090494,0.6666267136703583,3399.0,0.6609367348179516,0.27082944930737923,0.4338924806437898,200.0,0.25
2007,drapm,oreb_opp_rate,-0.08167653344195887,0.050976567354393376,1690.5,0.05061539707838407,0.02610115962236522,0.4338924806437898,200.0,0.25
2007,drapm,dreb_opp_rate,0.26002930717427325,0.12892894395177315,1693.5,0.1289343687452651,0.04089691996775001,0.4338924806437898,200.0,0.25
2007,drapm,off_boxout_75,0.0,0.0,1.0,0.0,1.0,0.4338924806437898,200.0,0.25
2007,drapm,def_boxout_75,0.0,0.0,1.0,0.0,1.0,0.4338924806437898,200.0,0.25
2007,drapm,stl_75,0.4474368878055099,1.2490999959445408,3399.0,1.2541109028921802,0.37077821061994315,0.4338924806437898,200.0,0.25
2007,drapm,blk_75,0.6299677012820468,0.7963483244477728,3399.0,0.800270142290987,0.6701046519383287,0.4338924806437898,200.0,0.25
2007,drapm,rim_dfg_diff,0.0,0.0,1.0,0.0,1.0,0.4338924806437898,200.0,0.25
2007,drapm,contested_2pt_75,0.0,0.0,1.0,0.0,1.0,0.4338924806437898,200.0,0.25
2007,drapm,contested_3pt_75,0.0,0.0,1.0,0.0,1.0,0.4338924806437898,200.0,0.25
2007,drapm,defl_75,0.0,0.0,1.0,0.0,1.0,0.4338924806437898,200.0,0.25
2007,drapm,pf_nonoff_75,0.12071990541742224,3.1133186586579487,3399.0,3.0775226036793466,0.8052404011473707,0.4338924806437898,200.0,0.25
2007,drapm,charges_drawn_75,0.0,0.0,1.0,0.0,1.0,0.4338924806437898,200.0,0.25
2007,drapm,height,0.3150283727065213,79.11131934032983,inf,79.03881739808706,3.6125887170140287,0.4338924806437898,200.0,0.25
2007,drapm,age,0.12620992042025056,27.39834102933821,inf,27.304851659442452,4.21917113084824,0.4338924806437898,200.0,0.25
2007,drapm,wing_rel,-0.01356576359507439,5.150966183574879,inf,5.146670437541786,0.518302680059016,0.4338924806437898,200.0,0.25
2008,drapm,rim_ast_m_75,-0.17451140019327394,1.313046382328769,3413.0,1.3215361292381427,0.6630037393467215,0.42939664775147524,200.0,0.25
2008,drapm,rim_unast_m_75,0.03666232130374972,1.1446603231903358,3413.0,1.152267562822871,0.4750353608532812,0.42939664775147524,200.0,0.25
2008,drapm,rim_miss_75,-0.13396940926020617,1.694791026335975,3413.0,1.6946302949861451,0.5528621995094115,0.42939664775147524,200.0,0.25
2008,drapm,flt_ast_m_75,0.026673329489708086,0.27440012466431934,3413.0,0.27783437648175524,0.25782079762842935,0.42939664775147524,200.0,0.25
2008,drapm,flt_unast_m_75,-0.13065402844010565,0.38227045210254723,3413.0,0.38828156646981216,0.24792391734563138,0.42939664775147524,200.0,0.25
2008,drapm,flt_miss_75,-0.07483599345715544,1.0388852613441504,3413.0,1.04974512198578,0.5773219314899052,0.42939664775147524,200.0,0.25
2008,drapm,mid_ast_m_75,-0.07698661618393836,1.1362792608221663,3413.0,1.145007751001527,0.618569226746392,0.42939664775147524,200.0,0.25
2008,drapm,mid_unast_m_75,0.022186862278073843,0.7246511900630556,3413.0,0.7394182191481928,0.5281392194070785,0.42939664775147524,200.0,0.25
2008,drapm,mid_miss_75,-0.13329446259710673,2.8198769481588273,3413.0,2.8451093348290977,1.127876604218561,0.42939664775147524,200.0,0.25
2008,drapm,tp_ast_m_75,-0.008770896775855614,0.7592270557264166,3413.0,0.7637725751373435,0.5949109992025026,0.42939664775147524,200.0,0.25
2008,drapm,tp_unast_m_75,-0.10219146734092974,0.12554066615742948,3413.0,0.12877167435683684,0.16583487575491535,0.42939664775147524,200.0,0.25
2008,drapm,tp_miss_75,-0.17595598549885072,1.5466007781322468,3413.0,1.5580186800381637,1.0971763602428013,0.42939664775147524,200.0,0.25
2008,drapm,ftm_75,0.1025079739730051,3.09670694356677,3413.0,3.1340692316285965,1.2605803067671824,0.42939664775147524,200.0,0.25
2008,drapm,ft_miss_75,0.14507927276398372,1.0047475690935737,3413.0,1.0121835467645235,0.5379419536912088,0.42939664775147524,200.0,0.25
2008,drapm,ast_rim_75,0.08479747345653464,1.306919921339109,3413.0,1.3236890507107317,0.7472555198131616,0.42939664775147524,200.0,0.25
2008,drapm,ast_mid2_75,0.07172129083222611,1.3925629065651761,3413.0,1.4101496808422138,0.836926694499807,0.42939664775147524,200.0,0.25
2008,drapm,ast_tp_75,0.03244182488258231,0.7367846102025254,3413.0,0.7442757588756339,0.42877345884104073,0.42939664775147524,200.0,0.25
2008,drapm,tov_bp_75,-0.09615446109736694,1.0175103655895885,3413.0,1.0251771359605681,0.37628491555227583,0.42939664775147524,200.0,0.25
2008,drapm,tov_lb_75,-0.10970820208569507,0.5652277689133969,3413.0,0.5686941409621699,0.18877393203923704,0.42939664775147524,200.0,0.25
2008,drapm,tov_dead_75,0.0024941568372989077,0.6809852177817463,3413.0,0.6748240539678486,0.2724988601896443,0.42939664775147524,200.0,0.25
2008,drapm,oreb_opp_rate,-0.07777897806028862,0.050083753677383755,1698.0,0.0497857359749203,0.02583385448207877,0.42939664775147524,200.0,0.25
2008,drapm,dreb_opp_rate,0.25293623969431606,0.13002525978119625,1694.0,0.13002876472934333,0.04111509114836573,0.42939664775147524,200.0,0.25
2008,drapm,off_boxout_75,0.0,0.0,1.0,0.0,1.0,0.42939664775147524,200.0,0.25
2008,drapm,def_boxout_75,0.0,0.0,1.0,0.0,1.0,0.42939664775147524,200.0,0.25
2008,drapm,stl_75,0.43658858374978643,1.230303308416403,3413.0,1.2362518426170057,0.3656129435873032,0.42939664775147524,200.0,0.25
2008,drapm,blk_75,0.6035494443742118,0.7878995305011716,3413.0,0.7931891305670665,0.66111787929369,0.42939664775147524,200.0,0.25
2008,drapm,rim_dfg_diff,0.0,0.0,1.0,0.0,1.0,0.42939664775147524,200.0,0.25
2008,drapm,contested_2pt_75,0.0,0.0,1.0,0.0,1.0,0.42939664775147524,200.0,0.25
2008,drapm,contested_3pt_75,0.0,0.0,1.0,0.0,1.0,0.42939664775147524,200.0,0.25
2008,drapm,defl_75,0.0,0.0,1.0,0.0,1.0,0.42939664775147524,200.0,0.25
2008,drapm,pf_nonoff_75,0.10685366607636798,3.078263826283203,3413.0,3.044508895147079,0.799598119565536,0.42939664775147524,200.0,0.25
2008,drapm,charges_drawn_75,0.0,0.0,1.0,0.0,1.0,0.42939664775147524,200.0,0.25
2008,drapm,height,0.3405375573649997,79.08680947012401,inf,79.01948559558633,3.6090931525354906,0.42939664775147524,200.0,0.25
2008,drapm,age,0.14564482124399292,27.252437239557594,inf,27.181867821877045,4.1864126818435246,0.42939664775147524,200.0,0.25
2008,drapm,wing_rel,-0.009717783747945857,5.132562277580071,inf,5.131330951974698,0.6103184898470698,0.42939664775147524,200.0,0.25
2009,drapm,rim_ast_m_75,-0.16513650081426537,1.3108691011279372,3566.0,1.3187331142287702,0.6632147599914682,0.40946854635845126,200.0,0.25
2009,drapm,rim_unast_m_75,0.04647154369929757,1.1581427601737517,3566.0,1.166952566343856,0.48449492570356134,0.40946854635845126,200.0,0.25
2009,drapm,rim_miss_75,-0.13486322596570824,1.6997495535915468,3566.0,1.7004573462027526,0.5544515980736366,0.40946854635845126,200.0,0.25
2009,drapm,flt_ast_m_75,0.01989993449348746,0.2651878488577554,3566.0,0.26884204316847865,0.24981938124903358,0.40946854635845126,200.0,0.25
2009,drapm,flt_unast_m_75,-0.09573636770892459,0.3818873640538093,3566.0,0.38888040991198336,0.24773860014729804,0.40946854635845126,200.0,0.25
2009,drapm,flt_miss_75,-0.08341630376445636,1.0098802528331416,3566.0,1.0214142906370365,0.558802122430634,0.40946854635845126,200.0,0.25
2009,drapm,mid_ast_m_75,-0.06520260635019029,1.1104030758950074,3566.0,1.1200020352747029,0.6116545611021791,0.40946854635845126,200.0,0.25
2009,drapm,mid_unast_m_75,0.021981036944536646,0.7380229999591505,3566.0,0.7539494029298742,0.5343044007626294,0.40946854635845126,200.0,0.25
2009,drapm,mid_miss_75,-0.13097554932216574,2.787005431574675,3566.0,2.8145986825896734,1.1171202211723286,0.40946854635845126,200.0,0.25
2009,drapm,tp_ast_m_75,-0.049925752034768275,0.7839410185810901,3566.0,0.7880576111416578,0.602718210682347,0.40946854635845126,200.0,0.25
2009,drapm,tp_unast_m_75,-0.08355109841222544,0.128615617405649,3566.0,0.1317114322120056,0.1661944081736856,0.40946854635845126,200.0,0.25
2009,drapm,tp_miss_75,-0.1622633106773921,1.580535838687341,3566.0,1.591303578435704,1.0970721882459216,0.40946854635845126,200.0,0.25
2009,drapm,ftm_75,0.08913392508579396,3.091374147141807,3566.0,3.1304869283726995,1.2629179546409435,0.40946854635845126,200.0,0.25
2009,drapm,ft_miss_75,0.1274722176873551,0.9860932136781698,3566.0,0.9940639240016643,0.5296140064176371,0.40946854635845126,200.0,0.25
2009,drapm,ast_rim_75,0.05495716141033199,1.3023705039108602,3566.0,1.3193956823953643,0.7452837286984237,0.40946854635845126,200.0,0.25
2009,drapm,ast_mid2_75,0.05715089254183149,1.3567494820296948,3566.0,1.3748982381168315,0.8172035547581245,0.40946854635845126,200.0,0.25
2009,drapm,ast_tp_75,0.026288599771009037,0.7596044687114621,3566.0,0.7674638545339689,0.44166579708477594,0.40946854635845126,200.0,0.25
2009,drapm,tov_bp_75,-0.0778637726800674,1.0036700290031253,3566.0,1.011044726536977,0.3728301823977476,0.40946854635845126,200.0,0.25
2009,drapm,tov_lb_75,-0.10951686683704692,0.5527174484154972,3566.0,0.5562750554200985,0.18666596941253707,0.40946854635845126,200.0,0.25
2009,drapm,tov_dead_75,0.006471988181118275,0.6892821523235672,3566.0,0.6834946967162995,0.2711841908568998,0.40946854635845126,200.0,0.25
2009,drapm,oreb_opp_rate,-0.07003839680291712,0.049697888428072386,1765.0,0.04940081020461806,0.025714526493428463,0.40946854635845126,200.0,0.25
2009,drapm,dreb_opp_rate,0.24289875736536243,0.1305662164476872,1761.0,0.13063350294486387,0.04117433744974535,0.40946854635845126,200.0,0.25
2009,drapm,off_boxout_75,0.0,0.0,1.0,0.0,1.0,0.40946854635845126,200.0,0.25
2009,drapm,def_boxout_75,0.0,0.0,1.0,0.0,1.0,0.40946854635845126,200.0,0.25
2009,drapm,stl_75,0.43935230632927014,1.2175124999887086,3566.0,1.2236139307238598,0.35930236773793156,0.40946854635845126,200.0,0.25
2009,drapm,blk_75,0.5738014999424143,0.7829699654003965,3566.0,0.7873166280705846,0.6474914805353795,0.40946854635845126,200.0,0.25
2009,drapm,rim_dfg_diff,0.0,0.0,1.0,0.0,1.0,0.40946854635845126,200.0,0.25
2009,drapm,contested_2pt_75,0.0,0.0,1.0,0.0,1.0,0.40946854635845126,200.0,0.25
2009,drapm,contested_3pt_75,0.0,0.0,1.0,0.0,1.0,0.40946854635845126,200.0,0.25
2009,drapm,defl_75,0.0,0.0,1.0,0.0,1.0,0.40946854635845126,200.0,0.25
2009,drapm,pf_nonoff_75,0.07649237151886795,3.064418011947517,3566.0,3.0284410011919056,0.7944822163680285,0.40946854635845126,200.0,0.25
2009,drapm,charges_drawn_75,0.0,0.0,1.0,0.0,1.0,0.40946854635845126,200.0,0.25
2009,drapm,height,0.35728442945928357,79.07010533962949,inf,79.00189721069353,3.60086980834991,0.40946854635845126,200.0,0.25
2009,drapm,age,0.16028949926739416,27.109939512037258,inf,27.0703941410495,4.16051423079352,0.40946854635845126,200.0,0.25
2009,drapm,wing_rel,0.006638903839758885,5.1361788617886175,inf,5.136244471294787,0.6873928301116616,0.40946854635845126,200.0,0.25
2010,drapm,rim_ast_m_75,-0.17346482322144866,1.3182768423083544,3546.5,1.3258036491297507,0.6665049435880642,0.39989396630943236,200.0,0.25
2010,drapm,rim_unast_m_75,0.018103950011430208,1.1769614375354138,3546.5,1.187437928953534,0.49313041818055625,0.39989396630943236,200.0,0.25
2010,drapm,rim_miss_75,-0.11416824443591304,1.7172616814389983,3546.5,1.7200620429029059,0.5558900207683869,0.39989396630943236,200.0,0.25
2010,drapm,flt_ast_m_75,-0.01179538736157827,0.25622315834109594,3546.5,0.259557199952758,0.23679068536802084,0.39989396630943236,200.0,0.25
2010,drapm,flt_unast_m_75,-0.05436567558198204,0.3842448136142383,3546.5,0.39176275669099564,0.2501917392490141,0.39989396630943236,200.0,0.25
2010,drapm,flt_miss_75,-0.09047493929584619,0.9777425364913673,3546.5,0.9888169197634762,0.5414932808660052,0.39989396630943236,200.0,0.25
2010,drapm,mid_ast_m_75,-0.04773771399616248,1.0718478951263546,3546.5,1.0804086493309417,0.6043969360446919,0.39989396630943236,200.0,0.25
2010,drapm,mid_unast_m_75,0.0001065067135755078,0.7483316868933821,3546.5,0.7656340749247276,0.5388463455131886,0.39989396630943236,200.0,0.25
2010,drapm,mid_miss_75,-0.1208371977515121,2.740947835846523,3546.5,2.768195886600356,1.1126403592500724,0.39989396630943236,200.0,0.25
2010,drapm,tp_ast_m_75,-0.0796112677197361,0.8047064769085922,3546.5,0.8081521840551881,0.61061972568712,0.39989396630943236,200.0,0.25
2010,drapm,tp_unast_m_75,-0.05751766436539384,0.13336463351065994,3546.5,0.1366988842303325,0.17008992361459696,0.39989396630943236,200.0,0.25
2010,drapm,tp_miss_75,-0.16834155385959754,1.6254418885297373,3546.5,1.6354086906450362,1.110642864440481,0.39989396630943236,200.0,0.25
2010,drapm,ftm_75,0.0996743997821921,3.090144810446919,3546.5,3.131235228234075,1.282960552537643,0.39989396630943236,200.0,0.25
2010,drapm,ft_miss_75,0.12393941510162904,0.980485215362239,3546.5,0.9884801568587948,0.52328871234187,0.39989396630943236,200.0,0.25
2010,drapm,ast_rim_75,0.05921618606744632,1.3039714489627428,3546.5,1.321934415227462,0.7523575664444209,0.39989396630943236,200.0,0.25
2010,drapm,ast_mid2_75,0.03582163100513098,1.3080255180041132,3546.5,1.324984681728543,0.7903557352554289,0.39989396630943236,200.0,0.25
2010,drapm,ast_tp_75,0.02125788460463809,0.7797076334298283,3546.5,0.7883044557438884,0.4539119023432007,0.39989396630943236,200.0,0.25
2010,drapm,tov_bp_75,-0.06251013507910463,0.9942285843490654,3546.5,1.0011491518403937,0.3750843796677804,0.39989396630943236,200.0,0.25
2010,drapm,tov_lb_75,-0.1216757675903522,0.5392136634765997,3546.5,0.5428015948809084,0.18447513636586574,0.39989396630943236,200.0,0.25
2010,drapm,tov_dead_75,-0.0018609037153853101,0.6946920820909265,3546.5,0.689528209579604,0.26819184811683605,0.39989396630943236,200.0,0.25
2010,drapm,oreb_opp_rate,-0.05477693409213454,0.0492811947212696,1747.5,0.04896949077809418,0.02584779857779725,0.39989396630943236,200.0,0.25
2010,drapm,dreb_opp_rate,0.22261227755535204,0.13118107718705038,1746.5,0.13127463407250342,0.04159380868988506,0.39989396630943236,200.0,0.25
2010,drapm,off_boxout_75,0.0,0.0,1.0,0.0,1.0,0.39989396630943236,200.0,0.25
2010,drapm,def_boxout_75,0.0,0.0,1.0,0.0,1.0,0.39989396630943236,200.0,0.25
2010,drapm,stl_75,0.42481064420996073,1.2068611334227843,3546.5,1.2128659537271396,0.3549063998177336,0.39989396630943236,200.0,0.25
2010,drapm,blk_75,0.5555738948742118,0.7782388764388698,3546.5,0.7808679991275594,0.6348752462726448,0.39989396630943236,200.0,0.25
2010,drapm,rim_dfg_diff,0.0,0.0,1.0,0.0,1.0,0.39989396630943236,200.0,0.25
2010,drapm,contested_2pt_75,0.0,0.0,1.0,0.0,1.0,0.39989396630943236,200.0,0.25
2010,drapm,contested_3pt_75,0.0,0.0,1.0,0.0,1.0,0.39989396630943236,200.0,0.25
2010,drapm,defl_75,0.0,0.0,1.0,0.0,1.0,0.39989396630943236,200.0,0.25
2010,drapm,pf_nonoff_75,0.05425153364006648,3.041256184890727,3546.5,3.004350999398445,0.7846670147704706,0.39989396630943236,200.0,0.25
2010,drapm,charges_drawn_75,0.0,0.0,1.0,0.0,1.0,0.39989396630943236,200.0,0.25
2010,drapm,height,0.3795152122941461,79.03920863309352,inf,78.97583147182691,3.601329801081503,0.39989396630943236,200.0,0.25
2010,drapm,age,0.16518017002379926,26.969147491841877,inf,26.94442191364416,4.134848449538239,0.39989396630943236,200.0,0.25
2010,drapm,wing_rel,0.010816096443309596,5.074896694214876,inf,5.077468456302671,0.8087626604333399,0.39989396630943236,200.0,0.25
2011,drapm,rim_ast_m_75,-0.1637922795598946,1.3240650801359883,3547.5,1.3305931763044743,0.6721332837387511,0.39258365693787994,200.0,0.25
2011,drapm,rim_unast_m_75,0.01736549210656408,1.197992553019265,3547.5,1.207491382465193,0.5092849602560683,0.39258365693787994,200.0,0.25
2011,drapm,rim_miss_75,-0.10867725354210755,1.723530840213696,3547.5,1.7256642838859693,0.5649444738589933,0.39258365693787994,200.0,0.25
2011,drapm,flt_ast_m_75,-0.021805480840822785,0.2506535595008964,3547.5,0.25432673243252607,0.23080800754648534,0.39258365693787994,200.0,0.25
2011,drapm,flt_unast_m_75,-0.010606528429600345,0.38866553942642657,3547.5,0.39633829167972706,0.2519505575655377,0.39258365693787994,200.0,0.25
2011,drapm,flt_miss_75,-0.11174364068227943,0.9656716373164487,3547.5,0.9765007796781702,0.5321853437153999,0.39258365693787994,200.0,0.25
2011,drapm,mid_ast_m_75,-0.04882772268996252,1.043169403821824,3547.5,1.0541309949114992,0.6011929811556042,0.39258365693787994,200.0,0.25
2011,drapm,mid_unast_m_75,-0.0444793988568771,0.7523354259229279,3547.5,0.7688579268349024,0.5388427738659105,0.39258365693787994,200.0,0.25
2011,drapm,mid_miss_75,-0.11342690373719272,2.696105325010943,3547.5,2.72527260148635,1.0972628831526194,0.39258365693787994,200.0,0.25
2011,drapm,tp_ast_m_75,-0.09741073176904987,0.8270001019312984,3547.5,0.8267365272080939,0.6210969239047612,0.39258365693787994,200.0,0.25
2011,drapm,tp_unast_m_75,-0.04347898944080963,0.13676032354193274,3547.5,0.1399148623405099,0.17244385106772386,0.39258365693787994,200.0,0.25
2011,drapm,tp_miss_75,-0.16922210853905842,1.6661869899687611,3547.5,1.6695215873816653,1.1268622615792248,0.39258365693787994,200.0,0.25
2011,drapm,ftm_75,0.09188071961566321,3.0955186204498166,3547.5,3.135119652360033,1.3003960360241547,0.39258365693787994,200.0,0.25
2011,drapm,ft_miss_75,0.1052773850135934,0.9715326869689829,3547.5,0.9793662312396996,0.5122402441053792,0.39258365693787994,200.0,0.25
2011,drapm,ast_rim_75,0.07013136957213108,1.3118333243393951,3547.5,1.327612213448054,0.7631936674092623,0.39258365693787994,200.0,0.25
2011,drapm,ast_mid2_75,0.058902988649608835,1.2714580372828714,3547.5,1.2906586012004038,0.7762133184476233,0.39258365693787994,200.0,0.25
2011,drapm,ast_tp_75,0.025952869539331333,0.79977095437675,3547.5,0.8072115696895888,0.4696502869586773,0.39258365693787994,200.0,0.25
2011,drapm,tov_bp_75,-0.08871564694516827,0.9858855131641274,3547.5,0.9924696226760884,0.3790811258704991,0.39258365693787994,200.0,0.25
2011,drapm,tov_lb_75,-0.12514194610490534,0.5277567919222445,3547.5,0.5315340345672566,0.18291256709599815,0.39258365693787994,200.0,0.25
2011,drapm,tov_dead_75,0.0014750328778884618,0.7031535744907932,3547.5,0.6977231759050488,0.27044928882797425,0.39258365693787994,200.0,0.25
2011,drapm,oreb_opp_rate,-0.06333430210504026,0.04889619565583576,1742.5,0.048670593457177745,0.02608200531191449,0.39258365693787994,200.0,0.25
2011,drapm,dreb_opp_rate,0.2347965586401169,0.13151671502719808,1740.0,0.1316611592082808,0.04181178399163477,0.39258365693787994,200.0,0.25
2011,drapm,off_boxout_75,0.0,0.0,1.0,0.0,1.0,0.39258365693787994,200.0,0.25
2011,drapm,def_boxout_75,0.0,0.0,1.0,0.0,1.0,0.39258365693787994,200.0,0.25
2011,drapm,stl_75,0.42013507869039923,1.1988169973437903,3547.5,1.205162908663285,0.3562291174866579,0.39258365693787994,200.0,0.25
2011,drapm,blk_75,0.5243434625851,0.7694164133374106,3547.5,0.7725137967401711,0.6234425441649871,0.39258365693787994,200.0,0.25
2011,drapm,rim_dfg_diff,0.0,0.0,1.0,0.0,1.0,0.39258365693787994,200.0,0.25
2011,drapm,contested_2pt_75,0.0,0.0,1.0,0.0,1.0,0.39258365693787994,200.0,0.25
2011,drapm,contested_3pt_75,0.0,0.0,1.0,0.0,1.0,0.39258365693787994,200.0,0.25
2011,drapm,defl_75,0.0,0.0,1.0,0.0,1.0,0.39258365693787994,200.0,0.25
2011,drapm,pf_nonoff_75,0.038789858985236694,3.0140560262383156,3547.5,2.9808351396044386,0.7777963078958842,0.39258365693787994,200.0,0.25
2011,drapm,charges_drawn_75,0.0,0.0,1.0,0.0,1.0,0.39258365693787994,200.0,0.25
2011,drapm,height,0.3894676859840319,79.01365923795831,inf,78.95998967463632,3.594727961063767,0.39258365693787994,200.0,0.25
2011,drapm,age,0.18115094310701077,26.83750235684639,inf,26.850648558767965,4.109732098647027,0.39258365693787994,200.0,0.25
2011,drapm,wing_rel,0.01277459261345252,5.03476821192053,inf,5.042727118239369,0.9194062955476274,0.39258365693787994,200.0,0.25
2012,drapm,rim_ast_m_75,-0.14818505914013308,1.3352704605757633,3480.0,1.3412417216825756,0.6829439435731391,0.39573897341645015,200.0,0.25
2012,drapm,rim_unast_m_75,0.009539130476165543,1.2142343699922655,3480.0,1.224391436399869,0.5170363308039585,0.39573897341645015,200.0,0.25
2012,drapm,rim_miss_75,-0.0950575985787495,1.7353351368608538,3480.0,1.7368214863564273,0.5713837141733465,0.39573897341645015,200.0,0.25
2012,drapm,flt_ast_m_75,-0.0401470853081351,0.24385814967065503,3480.0,0.24732054438173082,0.22545555594613828,0.39573897341645015,200.0,0.25
2012,drapm,flt_unast_m_75,-0.011886840861702205,0.39145182384752975,3480.0,0.39943531590905873,0.25314939999866926,0.39573897341645015,200.0,0.25
2012,drapm,flt_miss_75,-0.06929437872968101,0.9570317110691596,3480.0,0.967199538218158,0.5239493663197433,0.39573897341645015,200.0,0.25
2012,drapm,mid_ast_m_75,-0.03370009593639333,1.0108117842789208,3480.0,1.0200167321815352,0.600780363779222,0.39573897341645015,200.0,0.25
2012,drapm,mid_unast_m_75,-0.047976567766565045,0.7542121796557518,3480.0,0.7703567764132345,0.5404406819462763,0.39573897341645015,200.0,0.25
2012,drapm,mid_miss_75,-0.1371607446261296,2.651737997338108,3480.0,2.67613651004326,1.0838208977507777,0.39573897341645015,200.0,0.25
2012,drapm,tp_ast_m_75,-0.12758859100530603,0.8409746841928335,3480.0,0.8409459332488061,0.6273669768843043,0.39573897341645015,200.0,0.25
2012,drapm,tp_unast_m_75,-0.06070816483799697,0.14040341136993423,3480.0,0.14344677823791532,0.17380898837651232,0.39573897341645015,200.0,0.25
2012,drapm,tp_miss_75,-0.14512517327553565,1.6983941952570243,3480.0,1.7018429124835082,1.1361688586086647,0.39573897341645015,200.0,0.25
2012,drapm,ftm_75,0.07097464252146883,3.095392675457102,3480.0,3.136348418710215,1.310431220919737,0.39573897341645015,200.0,0.25
2012,drapm,ft_miss_75,0.09336994157789626,0.9693324724947965,3480.0,0.9768389675516654,0.5153178418596085,0.39573897341645015,200.0,0.25
2012,drapm,ast_rim_75,0.03967817304272816,1.3226372461386227,3480.0,1.337261795909495,0.7695658045215865,0.39573897341645015,200.0,0.25
2012,drapm,ast_mid2_75,0.051014212840192696,1.2344908092978397,3480.0,1.2515441822808566,0.7604698424225005,0.39573897341645015,200.0,0.25
2012,drapm,ast_tp_75,0.05842449615752165,0.8141619622417909,3480.0,0.8220004338562936,0.47773257466262764,0.39573897341645015,200.0,0.25
2012,drapm,tov_bp_75,-0.05122349359902046,0.9810765684127992,3480.0,0.9865188736963223,0.3786828908886048,0.39573897341645015,200.0,0.25
2012,drapm,tov_lb_75,-0.14087335521079775,0.5191524375918691,3480.0,0.5219510188346036,0.18241729706605794,0.39573897341645015,200.0,0.25
2012,drapm,tov_dead_75,0.030733804247438254,0.7194051224978529,3480.0,0.715333944224134,0.26937938089222185,0.39573897341645015,200.0,0.25
2012,drapm,oreb_opp_rate,-0.10105147098419227,0.04859411744081767,1697.5,0.048358160585862675,0.026320575566157165,0.39573897341645015,200.0,0.25
2012,drapm,dreb_opp_rate,0.26734775353057355,0.13207113425609082,1698.5,0.1322191370085054,0.042223116174321965,0.39573897341645015,200.0,0.25
2012,drapm,off_boxout_75,0.0,0.0,1.0,0.0,1.0,0.39573897341645015,200.0,0.25
2012,drapm,def_boxout_75,0.0,0.0,1.0,0.0,1.0,0.39573897341645015,200.0,0.25
2012,drapm,stl_75,0.41046794644676415,1.1955396866942203,3480.0,1.201509315416344,0.35469517506421633,0.39573897341645015,200.0,0.25
2012,drapm,blk_75,0.5013232254070487,0.7655465079084128,3480.0,0.767060945616329,0.6176576281585212,0.39573897341645015,200.0,0.25
2012,drapm,rim_dfg_diff,0.0,0.0,1.0,0.0,1.0,0.39573897341645015,200.0,0.25
2012,drapm,contested_2pt_75,0.0,0.0,1.0,0.0,1.0,0.39573897341645015,200.0,0.25
2012,drapm,contested_3pt_75,0.0,0.0,1.0,0.0,1.0,0.39573897341645015,200.0,0.25
2012,drapm,defl_75,0.0,0.0,1.0,0.0,1.0,0.39573897341645015,200.0,0.25
2012,drapm,pf_nonoff_75,0.025501479723045176,2.9890463691028377,3480.0,2.9589499423103995,0.7720886302614994,0.39573897341645015,200.0,0.25
2012,drapm,charges_drawn_75,0.0,0.0,1.0,0.0,1.0,0.39573897341645015,200.0,0.25
2012,drapm,height,0.37956657007508804,78.98724489795919,inf,78.94080659793973,3.5831723365585835,0.39573897341645015,200.0,0.25
2012,drapm,age,0.20473126056298435,26.749813927938593,inf,26.779734789999686,4.058864915512605,0.39573897341645015,200.0,0.25
2012,drapm,wing_rel,0.015009546708196358,5.014788732394366,inf,5.025096958008099,1.0139261826807862,0.39573897341645015,200.0,0.25
2013,drapm,rim_ast_m_75,-0.14015711716438142,1.351309969643139,3461.0,1.3581285621931947,0.6982484542622152,0.3879444214493679,200.0,0.25
2013,drapm,rim_unast_m_75,-0.015213632904728597,1.2294841208462424,3461.0,1.2405834581544306,0.5284420435226084,0.3879444214493679,200.0,0.25
2013,drapm,rim_miss_75,-0.08556745546826314,1.7522845764335142,3461.0,1.753796463218727,0.5842419937096116,0.3879444214493679,200.0,0.25
2013,drapm,flt_ast_m_75,-0.06340567074538177,0.23876928941822007,3461.0,0.24134247709508616,0.216741739154133,0.3879444214493679,200.0,0.25
2013,drapm,flt_unast_m_75,0.009687516913033949,0.3907723266666979,3461.0,0.39871649593952047,0.252809585950801,0.3879444214493679,200.0,0.25
2013,drapm,flt_miss_75,-0.055063516707535606,0.9470778201180214,3461.0,0.9556376155899124,0.5110833683496803,0.3879444214493679,200.0,0.25
2013,drapm,mid_ast_m_75,-0.03142549826640854,0.9779736990530472,3461.0,0.9843312198107166,0.5960295988768745,0.3879444214493679,200.0,0.25
2013,drapm,mid_unast_m_75,-0.0911781979313424,0.7486645637158172,3461.0,0.7643519436965798,0.5397186920795087,0.3879444214493679,200.0,0.25
2013,drapm,mid_miss_75,-0.10257300537589566,2.586621732887745,3461.0,2.604897395695748,1.0598990246539335,0.3879444214493679,200.0,0.25
2013,drapm,tp_ast_m_75,-0.11099599396432347,0.8664594963229607,3461.0,0.868996646884179,0.6465344137548503,0.3879444214493679,200.0,0.25
2013,drapm,tp_unast_m_75,-0.009536180635293849,0.14577699034298722,3461.0,0.14909189440269488,0.1787968740273712,0.3879444214493679,200.0,0.25
2013,drapm,tp_miss_75,-0.19531463166006408,1.745824173935596,3461.0,1.7531655492521407,1.161380474872653,0.3879444214493679,200.0,0.25
2013,drapm,ftm_75,0.042865593375462675,3.070019201534873,3461.0,3.108879622749119,1.3094005855033815,0.3879444214493679,200.0,0.25
2013,drapm,ft_miss_75,0.0928957633210381,0.9631936730239528,3461.0,0.9694965550490885,0.5200580796636998,0.3879444214493679,200.0,0.25
2013,drapm,ast_rim_75,0.04387440059816961,1.3442089951925855,3461.0,1.3589336512587735,0.7803519940618429,0.3879444214493679,200.0,0.25
2013,drapm,ast_mid2_75,0.06577734916313051,1.1991585071861237,3461.0,1.2140551501735095,0.7438082015107654,0.3879444214493679,200.0,0.25
2013,drapm,ast_tp_75,0.042804840158049015,0.8441254083646198,3461.0,0.8548498435678088,0.49368565602541903,0.3879444214493679,200.0,0.25
2013,drapm,tov_bp_75,-0.04607590966684177,0.9797860489678198,3461.0,0.9851781955380602,0.381770289189083,0.3879444214493679,200.0,0.25
2013,drapm,tov_lb_75,-0.13345218125277672,0.5059346647855725,3461.0,0.5078708860850526,0.17721298599757726,0.3879444214493679,200.0,0.25
2013,drapm,tov_dead_75,0.03327241010859151,0.7311894483738065,3461.0,0.7278323341006536,0.26857757334054,0.3879444214493679,200.0,0.25
2013,drapm,oreb_opp_rate,-0.07234587711608952,0.04829887350108659,1687.0,0.04801802341502144,0.026653508076721694,0.3879444214493679,200.0,0.25
2013,drapm,dreb_opp_rate,0.2483818297755198,0.13262211211038835,1685.0,0.1327292393999141,0.04270685923617853,0.3879444214493679,200.0,0.25
2013,drapm,off_boxout_75,0.0,0.0,1.0,0.0,1.0,0.3879444214493679,200.0,0.25
2013,drapm,def_boxout_75,0.0,0.0,1.0,0.0,1.0,0.3879444214493679,200.0,0.25
2013,drapm,stl_75,0.4186931053910762,1.191518514872987,3461.0,1.1978290796987894,0.3540367750063936,0.3879444214493679,200.0,0.25
2013,drapm,blk_75,0.4949200656607363,0.7654053648682219,3461.0,0.7668577334690704,0.6122422849391842,0.3879444214493679,200.0,0.25
2013,drapm,rim_dfg_diff,0.0,0.0,1.0,0.0,1.0,0.3879444214493679,200.0,0.25
2013,drapm,contested_2pt_75,0.0,0.0,1.0,0.0,1.0,0.3879444214493679,200.0,0.25
2013,drapm,contested_3pt_75,0.0,0.0,1.0,0.0,1.0,0.3879444214493679,200.0,0.25
2013,drapm,defl_75,0.0,0.0,1.0,0.0,1.0,0.3879444214493679,200.0,0.25
2013,drapm,pf_nonoff_75,0.011315388062855208,2.95930180781904,3461.0,2.928933786961967,0.7653735109195992,0.3879444214493679,200.0,0.25
2013,drapm,charges_drawn_75,0.0,0.0,1.0,0.0,1.0,0.3879444214493679,200.0,0.25
2013,drapm,height,0.3812435220109679,78.93523600439077,inf,78.88453437645921,3.570476531562331,0.3879444214493679,200.0,0.25
2013,drapm,age,0.22097992893019683,26.678023502885242,inf,26.710356268709504,4.027531013941702,0.3879444214493679,200.0,0.25
2013,drapm,wing_rel,0.017847491116172055,5.0103241296518615,inf,5.018712603392927,1.1187547547376655,0.3879444214493679,200.0,0.25
2014,drapm,rim_ast_m_75,-0.1425407662345674,1.3603548194657935,3434.5,1.3671458810340094,0.711401061662686,0.3895299591501104,200.0,0.25
2014,drapm,rim_unast_m_75,-0.033010799300011835,1.2403420813459536,3434.5,1.2513253932609867,0.539008079020393,0.3895299591501104,200.0,0.25
2014,drapm,rim_miss_75,-0.10074901576148805,1.7518918541017146,3434.5,1.7534773475826417,0.5954908870680494,0.3895299591501104,200.0,0.25
2014,drapm,flt_ast_m_75,-0.047239817163918126,0.23734603613794744,3434.5,0.2398981028162392,0.2140715905002029,0.3895299591501104,200.0,0.25
2014,drapm,flt_unast_m_75,0.04467284659401415,0.390659287016388,3434.5,0.3984805207179909,0.25291431550153953,0.3895299591501104,200.0,0.25
2014,drapm,flt_miss_75,-0.04261816316384358,0.9420464824341143,3434.5,0.9507353100974698,0.5026596751952482,0.3895299591501104,200.0,0.25
2014,drapm,mid_ast_m_75,-0.026835599852103275,0.9416230077053922,3434.5,0.9463367172123464,0.5991592120701955,0.3895299591501104,200.0,0.25
2014,drapm,mid_unast_m_75,-0.09831742619635941,0.7473328021676978,3434.5,0.7624420291690958,0.5445602821450769,0.3895299591501104,200.0,0.25
2014,drapm,mid_miss_75,-0.10788140787931745,2.5167334114169404,3434.5,2.532334758721719,1.066614947640513,0.3895299591501104,200.0,0.25
2014,drapm,tp_ast_m_75,-0.11485898871288037,0.8947636040871625,3434.5,0.8979871705866129,0.6543715266806905,0.3895299591501104,200.0,0.25
2014,drapm,tp_unast_m_75,0.026701665551048345,0.15419099849797363,3434.5,0.1580114771440272,0.19130657186335484,0.3895299591501104,200.0,0.25
2014,drapm,tp_miss_75,-0.19746581852891534,1.8033093857090985,3434.5,1.8120120761975151,1.174034417470911,0.3895299591501104,200.0,0.25
2014,drapm,ftm_75,0.049006492027668436,3.0495878127976837,3434.5,3.0861260901743046,1.3155003076209635,0.3895299591501104,200.0,0.25
2014,drapm,ft_miss_75,0.08950676621193727,0.9540115684056438,3434.5,0.9590763204062868,0.5162222066811339,0.3895299591501104,200.0,0.25
2014,drapm,ast_rim_75,0.014350289671740174,1.3496986553830415,3434.5,1.3653640915048824,0.7906962035678116,0.3895299591501104,200.0,0.25
2014,drapm,ast_mid2_75,0.05559962901247996,1.1579185000555907,3434.5,1.1706210820630711,0.7255874221982153,0.3895299591501104,200.0,0.25
2014,drapm,ast_tp_75,0.045922186517554336,0.8717265788446809,3434.5,0.8842251442953375,0.5061646082378226,0.3895299591501104,200.0,0.25
2014,drapm,tov_bp_75,0.009260184925913946,0.9727907477393379,3434.5,0.9789780840917303,0.38678917299404625,0.3895299591501104,200.0,0.25
2014,drapm,tov_lb_75,-0.147684605010437,0.49709773519555445,3434.5,0.49883177013633206,0.17475203886033752,0.3895299591501104,200.0,0.25
2014,drapm,tov_dead_75,0.010083081600114268,0.7345207667387241,3434.5,0.7315150515052353,0.26658531207608577,0.3895299591501104,200.0,0.25
2014,drapm,oreb_opp_rate,-0.05585443290996784,0.04771199695258109,1674.5,0.04740389631308741,0.02682636365610044,0.3895299591501104,200.0,0.25
2014,drapm,dreb_opp_rate,0.23062958880851156,0.1330797315807819,1678.0,0.13324899808464766,0.04317826374345073,0.3895299591501104,200.0,0.25
2014,drapm,off_boxout_75,0.0,0.0,1.0,0.0,1.0,0.3895299591501104,200.0,0.25
2014,drapm,def_boxout_75,0.0,0.0,1.0,0.0,1.0,0.3895299591501104,200.0,0.25
2014,drapm,stl_75,0.4180245893958405,1.1830574998606382,3434.5,1.1902239224514812,0.35555203467163765,0.3895299591501104,200.0,0.25
2014,drapm,blk_75,0.46071313749152887,0.7548629527984289,3434.5,0.7563511792996771,0.5951152030147057,0.3895299591501104,200.0,0.25
2014,drapm,rim_dfg_diff,0.05314761336819652,-0.001815604988203595,162.0,-0.003699825773186799,0.020125558141624242,0.3895299591501104,200.0,0.25
2014,drapm,contested_2pt_75,0.0,0.0,1.0,0.0,1.0,0.3895299591501104,200.0,0.25
2014,drapm,contested_3pt_75,0.0,0.0,1.0,0.0,1.0,0.3895299591501104,200.0,0.25
2014,drapm,defl_75,0.0,0.0,1.0,0.0,1.0,0.3895299591501104,200.0,0.25
2014,drapm,pf_nonoff_75,0.026194130479424312,2.9412013808663953,3434.5,2.911181126383729,0.7508502139561442,0.3895299591501104,200.0,0.25
2014,drapm,charges_drawn_75,0.0,0.0,1.0,0.0,1.0,0.3895299591501104,200.0,0.25
2014,drapm,height,0.3558429558970149,78.90007163323783,inf,78.83432505372528,3.5521286216648473,0.3895299591501104,200.0,0.25
2014,drapm,age,0.2152024784385888,26.65087189186315,inf,26.69437552762882,4.0305408309143615,0.3895299591501104,200.0,0.25
2014,drapm,wing_rel,0.009207404346110544,4.9367,inf,4.944371812806687,1.241362421673497,0.3895299591501104,200.0,0.25
2015,drapm,rim_ast_m_75,-0.11101735324310305,1.3712058267187583,3456.0,1.378417107782288,0.7172475742349183,0.39299932685831324,200.0,0.25
2015,drapm,rim_unast_m_75,-0.03818608545014432,1.2483842689408395,3456.0,1.2596433864744339,0.5494967971423759,0.39299932685831324,200.0,0.25
2015,drapm,rim_miss_75,-0.1392625629971798,1.7534750566480768,3456.0,1.7547407587337038,0.6065841182680547,0.39299932685831324,200.0,0.25
2015,drapm,flt_ast_m_75,-0.033924024156082803,0.23896701360905703,3456.0,0.24104486249995918,0.21240335599764706,0.39299932685831324,200.0,0.25
2015,drapm,flt_unast_m_75,0.05712775242539514,0.3926889404443871,3456.0,0.3997447219934972,0.25392453013231786,0.39299932685831324,200.0,0.25
2015,drapm,flt_miss_75,-0.042829440548430305,0.9503852277205895,3456.0,0.9577657839484202,0.4981232698416746,0.39299932685831324,200.0,0.25
2015,drapm,mid_ast_m_75,0.007794008453024722,0.9052669452882006,3456.0,0.9096013289705117,0.5958357146707488,0.39299932685831324,200.0,0.25
2015,drapm,mid_unast_m_75,-0.09415217361293705,0.7420768084489086,3456.0,0.756758984940846,0.5465372927403563,0.39299932685831324,200.0,0.25
2015,drapm,mid_miss_75,-0.12676759361774018,2.4509795255808053,3456.0,2.465748906366473,1.0652861948809762,0.39299932685831324,200.0,0.25
2015,drapm,tp_ast_m_75,-0.13494043991212792,0.9244373408316426,3456.0,0.9274227902208764,0.6613991893859122,0.39299932685831324,200.0,0.25
2015,drapm,tp_unast_m_75,0.041907102018418255,0.16148211543001065,3456.0,0.16526935282056993,0.20056920288312774,0.39299932685831324,200.0,0.25
2015,drapm,tp_miss_75,-0.16413383587937552,1.8717340914833944,3456.0,1.8785002144802019,1.1898511900066036,0.39299932685831324,200.0,0.25
2015,drapm,ftm_75,0.03127413629822881,3.004222478497648,3456.0,3.0360993661466242,1.298735614398181,0.39299932685831324,200.0,0.25
2015,drapm,ft_miss_75,0.08536974970922838,0.9421492888703558,3456.0,0.9468033668132553,0.5041520524790023,0.39299932685831324,200.0,0.25
2015,drapm,ast_rim_75,0.023508069854501025,1.3619715922503144,3456.0,1.3768916836881135,0.7957969921045842,0.39299932685831324,200.0,0.25
2015,drapm,ast_mid2_75,0.0724283318315649,1.1226848120760493,3456.0,1.1335142048282236,0.7017166079765379,0.39299932685831324,200.0,0.25
2015,drapm,ast_tp_75,0.05200026040753258,0.9004158525184607,3456.0,0.9134159167903256,0.5160539618458541,0.39299932685831324,200.0,0.25
2015,drapm,tov_bp_75,0.016931272511633566,0.9746718883073586,3456.0,0.9784647349709559,0.39481727065338507,0.39299932685831324,200.0,0.25
2015,drapm,tov_lb_75,-0.1313713757046972,0.49481926169799684,3456.0,0.4967173220023418,0.17585338363860406,0.39299932685831324,200.0,0.25
2015,drapm,tov_dead_75,-0.00486412697667082,0.7296527075129025,3456.0,0.7273906358039325,0.2611715574979128,0.39299932685831324,200.0,0.25
2015,drapm,oreb_opp_rate,-0.02794111622561415,0.04713772108192787,1684.0,0.046889323533652806,0.02694774323152089,0.39299932685831324,200.0,0.25
2015,drapm,dreb_opp_rate,0.1991639402931026,0.13402023435110513,1683.0,0.13426531039026735,0.0434830816101871,0.39299932685831324,200.0,0.25
2015,drapm,off_boxout_75,0.0,0.0,1.0,0.0,1.0,0.39299932685831324,200.0,0.25
2015,drapm,def_boxout_75,0.0,0.0,1.0,0.0,1.0,0.39299932685831324,200.0,0.25
2015,drapm,stl_75,0.4203934934624785,1.1831674880074539,3456.0,1.190332791533224,0.35543601220367976,0.39299932685831324,200.0,0.25
2015,drapm,blk_75,0.4458576070183057,0.7499539848113481,3456.0,0.7516810058733647,0.5851546903857471,0.39299932685831324,200.0,0.25
2015,drapm,rim_dfg_diff,0.11069916292123971,-0.002478346261610703,158.5,-0.005938084947000987,0.02692346448162166,0.39299932685831324,200.0,0.25
2015,drapm,contested_2pt_75,0.0,0.0,1.0,0.0,1.0,0.39299932685831324,200.0,0.25
2015,drapm,contested_3pt_75,0.0,0.0,1.0,0.0,1.0,0.39299932685831324,200.0,0.25
2015,drapm,defl_75,0.0,0.0,1.0,0.0,1.0,0.39299932685831324,200.0,0.25
2015,drapm,pf_nonoff_75,0.020556947281817773,2.897490638378851,3456.0,2.8692470233906335,0.7296185990220924,0.39299932685831324,200.0,0.25
2015,drapm,charges_drawn_75,0.0,0.0,1.0,0.0,1.0,0.39299932685831324,200.0,0.25
2015,drapm,height,0.33229170432186883,78.86315789473684,inf,78.8044184193612,3.52481698593555,0.39299932685831324,200.0,0.25
2015,drapm,age,0.20316855987419474,26.625732861892853,inf,26.66292254726212,4.0239969814483025,0.39299932685831324,200.0,0.25
2015,drapm,wing_rel,0.01744250368500671,4.900133214920071,inf,4.904856779790219,1.3398835279514243,0.39299932685831324,200.0,0.25
2016,drapm,rim_ast_m_75,-0.1118631731429754,1.3832332089936732,3454.5,1.3899838096019117,0.724211425797666,0.37905223705175234,200.0,0.25
2016,drapm,rim_unast_m_75,-0.08006185578070198,1.243242895121901,3454.5,1.2546910337338488,0.5511023858560854,0.37905223705175234,200.0,0.25
2016,drapm,rim_miss_75,-0.13581452784049025,1.7522669661809864,3454.5,1.753679786832407,0.6141987459209141,0.37905223705175234,200.0,0.25
2016,drapm,flt_ast_m_75,-0.04281570796793715,0.24135461533705665,3454.5,0.24290834918256415,0.21084519800200935,0.37905223705175234,200.0,0.25
2016,drapm,flt_unast_m_75,0.07459811788928092,0.3934938070605692,3454.5,0.40048732512722257,0.2527146943060242,0.37905223705175234,200.0,0.25
2016,drapm,flt_miss_75,-0.05369305002817294,0.9547070461430662,3454.5,0.9608671869346886,0.4894735951429412,0.37905223705175234,200.0,0.25
2016,drapm,mid_ast_m_75,0.020642424668093927,0.8632813305030604,3454.5,0.8667333575082412,0.5879804695142726,0.37905223705175234,200.0,0.25
2016,drapm,mid_unast_m_75,-0.09742325189751262,0.7340488015992416,3454.5,0.7489085057114288,0.5423721032448522,0.37905223705175234,200.0,0.25
2016,drapm,mid_miss_75,-0.12726529576417508,2.3778568926076296,3454.5,2.392602052577796,1.0504925446433773,0.37905223705175234,200.0,0.25
2016,drapm,tp_ast_m_75,-0.11959071722240786,0.9576747109618119,3454.5,0.9609700118250631,0.6664822899946873,0.37905223705175234,200.0,0.25
2016,drapm,tp_unast_m_75,0.03005437318442501,0.17053253096469714,3454.5,0.17476819797769574,0.2106297109050917,0.37905223705175234,200.0,0.25
2016,drapm,tp_miss_75,-0.16420965735745666,1.951077324155555,3454.5,1.958662797682457,1.2076968773278256,0.37905223705175234,200.0,0.25
2016,drapm,ftm_75,0.04454569878856123,2.944904993508233,3454.5,2.9801531738921194,1.2861160067234862,0.37905223705175234,200.0,0.25
2016,drapm,ft_miss_75,0.05437090722606256,0.9169775158172413,3454.5,0.9206211273963247,0.5010922008515631,0.37905223705175234,200.0,0.25
2016,drapm,ast_rim_75,0.05762520527138323,1.3722513035055541,3454.5,1.3891100377432757,0.8072583204508063,0.37905223705175234,200.0,0.25
2016,drapm,ast_mid2_75,0.05091208276896317,1.0815979020258435,3454.5,1.0930031520141337,0.6830535070818589,0.37905223705175234,200.0,0.25
2016,drapm,ast_tp_75,0.07392740294097508,0.9325886692908517,3454.5,0.9461162268107829,0.5314460079421793,0.37905223705175234,200.0,0.25
2016,drapm,tov_bp_75,0.010246582765328811,0.9625126228798714,3454.5,0.9671824063618961,0.4002730657076591,0.37905223705175234,200.0,0.25
2016,drapm,tov_lb_75,-0.11543318247182842,0.48788718751932075,3454.5,0.4902060836198525,0.176541135356502,0.37905223705175234,200.0,0.25
2016,drapm,tov_dead_75,0.03291004228916349,0.7363672897388868,3454.5,0.7349983695703434,0.25782854338378025,0.37905223705175234,200.0,0.25
2016,drapm,oreb_opp_rate,0.00459717973097083,0.046605185120338205,1683.0,0.04632281512281411,0.026999530308154773,0.37905223705175234,200.0,0.25
2016,drapm,dreb_opp_rate,0.20457570697558455,0.13495529361792502,1675.0,0.13507226906794015,0.04389347813718108,0.37905223705175234,200.0,0.25
2016,drapm,off_boxout_75,0.0,0.0,1.0,0.0,1.0,0.37905223705175234,200.0,0.25
2016,drapm,def_boxout_75,0.0,0.0,1.0,0.0,1.0,0.37905223705175234,200.0,0.25
2016,drapm,stl_75,0.4371680706714346,1.187436885600643,3454.5,1.1955437796110684,0.35600302786920185,0.37905223705175234,200.0,0.25
2016,drapm,blk_75,0.4453122166564062,0.749196257444923,3454.5,0.7504922465376496,0.5733812028916099,0.37905223705175234,200.0,0.25
2016,drapm,rim_dfg_diff,0.1409899059540118,-0.0024163531683383597,160.0,-0.007689820954270019,0.03272792441559904,0.37905223705175234,200.0,0.25
2016,drapm,contested_2pt_75,0.0,0.0,1.0,0.0,1.0,0.37905223705175234,200.0,0.25
2016,drapm,contested_3pt_75,0.0,0.0,1.0,0.0,1.0,0.37905223705175234,200.0,0.25
2016,drapm,defl_75,0.0,0.0,1.0,0.0,1.0,0.37905223705175234,200.0,0.25
2016,drapm,pf_nonoff_75,-0.001436226092674488,2.8545689672938606,3454.5,2.8268566972895046,0.703011718023508,0.37905223705175234,200.0,0.25
2016,drapm,charges_drawn_75,0.0,0.0,1.0,0.0,1.0,0.37905223705175234,200.0,0.25
2016,drapm,height,0.30031315427904054,78.81541218637993,inf,78.75026622898325,3.5033313502820733,0.37905223705175234,200.0,0.25
2016,drapm,age,0.19884869219006646,26.634118945511663,inf,26.659797768337903,4.037916435482745,0.37905223705175234,200.0,0.25
2016,drapm,wing_rel,0.019558249074376807,4.868549019607843,inf,4.876362530035304,1.4337519300985415,0.37905223705175234,200.0,0.25
2017,drapm,rim_ast_m_75,-0.10620486944619728,1.3915737362765823,3429.5,1.397674714327504,0.7356184639763773,0.37818668135922895,200.0,0.25
2017,drapm,rim_unast_m_75,-0.13637288026588804,1.2454351675060642,3429.5,1.255350584654644,0.5628821497685799,0.37818668135922895,200.0,0.25
2017,drapm,rim_miss_75,-0.1336280664844154,1.7526962801866481,3429.5,1.753519417345987,0.6231466413598843,0.37818668135922895,200.0,0.25
2017,drapm,flt_ast_m_75,-0.02980910317831141,0.24355413382950328,3429.5,0.24520180437497247,0.21030934605066537,0.37818668135922895,200.0,0.25
2017,drapm,flt_unast_m_75,0.07838601068732204,0.39267605427995284,3429.5,0.3993590191474419,0.25349543211372044,0.37818668135922895,200.0,0.25
2017,drapm,flt_miss_75,-0.05330830765330078,0.9548780235356005,3429.5,0.9604570090063144,0.48202558619410857,0.37818668135922895,200.0,0.25
2017,drapm,mid_ast_m_75,0.05135521139606297,0.8204673755272618,3429.5,0.8244760926929683,0.5735306946216843,0.37818668135922895,200.0,0.25
2017,drapm,mid_unast_m_75,-0.07615211487938608,0.7247261404927279,3429.5,0.7385528811028361,0.5434360172813711,0.37818668135922895,200.0,0.25
2017,drapm,mid_miss_75,-0.14135220641431295,2.2983452139732887,3429.5,2.313872322224021,1.0458871411287254,0.37818668135922895,200.0,0.25
2017,drapm,tp_ast_m_75,-0.11216645934434905,0.9980605169844038,3429.5,1.0014054381755295,0.675098168662475,0.37818668135922895,200.0,0.25
2017,drapm,tp_unast_m_75,0.059646314375672464,0.1816648076529668,3429.5,0.18561324024851036,0.22865955623724013,0.37818668135922895,200.0,0.25
2017,drapm,tp_miss_75,-0.16321139827698916,2.0431468758828286,3429.5,2.0505872287530242,1.2296642359187395,0.37818668135922895,200.0,0.25
2017,drapm,ftm_75,0.07221587513974873,2.904460293415682,3429.5,2.9427155506738587,1.2979773682996119,0.37818668135922895,200.0,0.25
2017,drapm,ft_miss_75,0.03930506709457224,0.8936888717329254,3429.5,0.898102907755399,0.489652016991297,0.37818668135922895,200.0,0.25
2017,drapm,ast_rim_75,0.07420393644991659,1.3763982177822371,3429.5,1.394660025040186,0.8268208585028864,0.37818668135922895,200.0,0.25
2017,drapm,ast_mid2_75,0.05314466406430016,1.0390663814014203,3429.5,1.051407547928566,0.6693191391929703,0.37818668135922895,200.0,0.25
2017,drapm,ast_tp_75,0.06783301074007793,0.9712636260021626,3429.5,0.9850514105959163,0.5573584515149812,0.37818668135922895,200.0,0.25
2017,drapm,tov_bp_75,0.008407763626343497,0.9474272549267923,3429.5,0.9517170698138696,0.4027271972668866,0.37818668135922895,200.0,0.25
2017,drapm,tov_lb_75,-0.12743563155191276,0.47998475446406824,3429.5,0.48250494873480515,0.17746023628958515,0.37818668135922895,200.0,0.25
2017,drapm,tov_dead_75,0.06107903942458639,0.7331358435700857,3429.5,0.7349657442886813,0.25490750870323836,0.37818668135922895,200.0,0.25
2017,drapm,oreb_opp_rate,0.04854046012013972,0.046036425987495556,1665.0,0.045745579663558356,0.026970082056468052,0.37818668135922895,200.0,0.25
2017,drapm,dreb_opp_rate,0.2057680849496261,0.13564432385221986,1662.0,0.13576917536975389,0.04418769666535109,0.37818668135922895,200.0,0.25
2017,drapm,off_boxout_75,0.0,0.0,3467.5264000000006,0.0,1.0,0.37818668135922895,200.0,0.25
2017,drapm,def_boxout_75,0.0,0.0,3467.5264000000006,0.0,1.0,0.37818668135922895,200.0,0.25
2017,drapm,stl_75,0.43474553791102283,1.189953958968564,3429.5,1.197694380669073,0.35586361375033804,0.37818668135922895,200.0,0.25
2017,drapm,blk_75,0.4273571619461956,0.7501302933182664,3429.5,0.7524169441713134,0.563704129470908,0.37818668135922895,200.0,0.25
2017,drapm,rim_dfg_diff,0.17620673410037038,-0.0014222883756662282,162.0,-0.008089610340262227,0.0373934806294346,0.37818668135922895,200.0,0.25
2017,drapm,contested_2pt_75,0.007368907638005175,6.263466907500851,3467.5264000000006,6.260529769596088,0.9142644261121959,0.37818668135922895,200.0,0.25
2017,drapm,contested_3pt_75,0.011155486337079142,3.27467366032443,3467.5264000000006,3.275874401688885,0.22171871125347134,0.37818668135922895,200.0,0.25
2017,drapm,defl_75,0.0693523024196597,2.3525805239279,3467.5264000000006,2.3535443134094622,0.23253629320909236,0.37818668135922895,200.0,0.25
2017,drapm,pf_nonoff_75,-0.017880356881586665,2.8241228946061003,3429.5,2.7985280969992834,0.6870745678151171,0.37818668135922895,200.0,0.25
2017,drapm,charges_drawn_75,0.059710730844734355,0.07993540534326586,3467.5264000000006,0.07984605384836706,0.029343873868417848,0.37818668135922895,200.0,0.25
2017,drapm,height,0.24993056263232438,78.79922915206727,inf,78.72280109071065,3.4810524126348166,0.37818668135922895,200.0,0.25
2017,drapm,age,0.18295287423123677,26.628102503574052,inf,26.643924776738547,4.036281027286015,0.37818668135922895,200.0,0.25
2017,drapm,wing_rel,0.02732751045037694,4.867722419928826,inf,4.8818644759905565,1.4994453138223003,0.37818668135922895,200.0,0.25
2018,drapm,rim_ast_m_75,-0.10408805244159124,1.3940414128777505,3416.0,1.3976618335159081,0.7414060364850734,0.38636566130281796,200.0,0.25
2018,drapm,rim_unast_m_75,-0.20681911674377942,1.2479356645726336,3416.0,1.2576450789478364,0.5814181062945432,0.38636566130281796,200.0,0.25
2018,drapm,rim_miss_75,-0.10313460251985791,1.7382524297632949,3416.0,1.7374156761943087,0.6298748232294615,0.38636566130281796,200.0,0.25
2018,drapm,flt_ast_m_75,-0.0037986333235061594,0.24475467132922576,3416.0,0.24573994355309456,0.20567611094591112,0.38636566130281796,200.0,0.25
2018,drapm,flt_unast_m_75,0.09206198036450411,0.3925280867335799,3416.0,0.39817192260238626,0.25186109570982246,0.38636566130281796,200.0,0.25
2018,drapm,flt_miss_75,-0.07581453021973027,0.9605762491606327,3416.0,0.9640527515216155,0.4692104355460179,0.38636566130281796,200.0,0.25
2018,drapm,mid_ast_m_75,0.050465487360868144,0.773925816130622,3416.0,0.7779935326366089,0.5561087733816786,0.38636566130281796,200.0,0.25
2018,drapm,mid_unast_m_75,-0.08630105283184772,0.7106374724143212,3416.0,0.7254140040294957,0.538745306844742,0.38636566130281796,200.0,0.25
2018,drapm,mid_miss_75,-0.10743176484997932,2.2069574367086378,3416.0,2.223285911712187,1.034050151123508,0.38636566130281796,200.0,0.25
2018,drapm,tp_ast_m_75,-0.08059843784117975,1.0451367808984253,3416.0,1.0500933079752828,0.6827963383687587,0.38636566130281796,200.0,0.25
2018,drapm,tp_unast_m_75,0.08596172084154897,0.19590938113301554,3416.0,0.20063261730837315,0.2475030560312274,0.38636566130281796,200.0,0.25
2018,drapm,tp_miss_75,-0.18234882569387953,2.151516938165218,3416.0,2.162122717182621,1.2499107755162853,0.38636566130281796,200.0,0.25
2018,drapm,ftm_75,0.0894276064311356,2.8523974261482556,3416.0,2.8892304722695856,1.2907836772134265,0.38636566130281796,200.0,0.25
2018,drapm,ft_miss_75,0.05288705944028332,0.8712013662494765,3416.0,0.874003925762554,0.4799004616611692,0.38636566130281796,200.0,0.25
2018,drapm,ast_rim_75,0.08433541695588277,1.386133199665078,3416.0,1.403664386011344,0.828400602875556,0.38636566130281796,200.0,0.25
2018,drapm,ast_mid2_75,0.0602952283813688,0.995906644448545,3416.0,1.007778452689395,0.6422298023883617,0.38636566130281796,200.0,0.25
2018,drapm,ast_tp_75,0.08615618372455688,1.0165298760422794,3416.0,1.0311567358774099,0.5821544537746399,0.38636566130281796,200.0,0.25
2018,drapm,tov_bp_75,-0.02621841998087244,0.9302413091654581,3416.0,0.9339590821335229,0.40321018357700084,0.38636566130281796,200.0,0.25
2018,drapm,tov_lb_75,-0.131195404281154,0.4737306462579764,3416.0,0.4759399672993116,0.17834959534136782,0.38636566130281796,200.0,0.25
2018,drapm,tov_dead_75,0.0520795131123854,0.7489334476569856,3416.0,0.7511855597363469,0.257239636179872,0.38636566130281796,200.0,0.25
2018,drapm,oreb_opp_rate,0.07867585762907095,0.0452875700780654,1654.0,0.04489669217352239,0.026898179914368794,0.38636566130281796,200.0,0.25
2018,drapm,dreb_opp_rate,0.21108927375807565,0.13656196593739778,1649.5,0.13667461235618447,0.04452756974883794,0.38636566130281796,200.0,0.25
2018,drapm,off_boxout_75,-0.12467035782161724,0.3609799224444642,3467.5264000000006,0.3620871606465955,0.3284632522949946,0.38636566130281796,200.0,0.25
2018,drapm,def_boxout_75,0.07720871038151657,1.8079558996312373,3467.5264000000006,1.8089970434723948,0.9971387621951621,0.38636566130281796,200.0,0.25
2018,drapm,stl_75,0.4380934749175845,1.1898540642883404,3416.0,1.197211638222739,0.3551784802960164,0.38636566130281796,200.0,0.25
2018,drapm,blk_75,0.4129990414480975,0.7484882333635241,3416.0,0.7503373707063452,0.5504511688237503,0.38636566130281796,200.0,0.25
2018,drapm,rim_dfg_diff,0.2181420844043555,0.002304869649465623,174.0,-0.004730467584119518,0.03957732034503246,0.38636566130281796,200.0,0.25
2018,drapm,contested_2pt_75,0.0016631916517941157,6.1247354859053855,3467.5264000000006,6.117338700950794,1.2503121587825288,0.38636566130281796,200.0,0.25
2018,drapm,contested_3pt_75,0.02215866807939845,3.330966039666599,3467.5264000000006,3.331291935947624,0.3114423852248232,0.38636566130281796,200.0,0.25
2018,drapm,defl_75,0.08951027307917478,2.2491460328063004,3467.5264000000006,2.2505605801126354,0.3192108099003187,0.38636566130281796,200.0,0.25
2018,drapm,pf_nonoff_75,-0.024574566729987275,2.7972512217988186,3416.0,2.771687170417925,0.6682945762913811,0.38636566130281796,200.0,0.25
2018,drapm,charges_drawn_75,0.0900640286688676,0.07968846475164945,3467.5264000000006,0.07957147868522693,0.04258941097010415,0.38636566130281796,200.0,0.25
2018,drapm,height,0.17581753505839892,78.75586206896551,inf,78.6724739264002,3.4701522784564984,0.38636566130281796,200.0,0.25
2018,drapm,age,0.1635082744634114,26.641434718067696,inf,26.64256043031017,4.059401888078642,0.38636566130281796,200.0,0.25
2018,drapm,wing_rel,0.025293064672641058,4.864950495049505,inf,4.88490898555209,1.5558244914770054,0.38636566130281796,200.0,0.25
2019,drapm,rim_ast_m_75,-0.11118566959373345,1.4193665012355048,3401.0,1.4222174624400676,0.7623842903940593,0.3843615177682277,200.0,0.25
2019,drapm,rim_unast_m_75,-0.21337217455653645,1.2479495400097407,3401.0,1.2573700003049413,0.5946693509615746,0.3843615177682277,200.0,0.25
2019,drapm,rim_miss_75,-0.10356388311905475,1.734838547751441,3401.0,1.733787491109413,0.6334011273899073,0.3843615177682277,200.0,0.25
2019,drapm,flt_ast_m_75,-0.010757170684774664,0.25098526656726855,3401.0,0.25127762067354026,0.20433001358671274,0.3843615177682277,200.0,0.25
2019,drapm,flt_unast_m_75,0.063965392163498,0.3885192168064515,3401.0,0.3930330964660941,0.25000255738348276,0.3843615177682277,200.0,0.25
2019,drapm,flt_miss_75,-0.0513141610731778,0.9676677194104236,3401.0,0.9692903584536167,0.46192036627088506,0.3843615177682277,200.0,0.25
2019,drapm,mid_ast_m_75,0.0430165845762807,0.7216872185753,3401.0,0.7244445671665993,0.5408534652255179,0.3843615177682277,200.0,0.25
2019,drapm,mid_unast_m_75,-0.07047270074610713,0.6803568173873031,3401.0,0.6941264294619458,0.5296738598280463,0.3843615177682277,200.0,0.25
2019,drapm,mid_miss_75,-0.08953895769505384,2.082251457357902,3401.0,2.095563408160894,1.0252811809717124,0.3843615177682277,200.0,0.25
2019,drapm,tp_ast_m_75,-0.0217921736152986,1.096581520910957,3401.0,1.1026602925410918,0.6861324107265337,0.3843615177682277,200.0,0.25
2019,drapm,tp_unast_m_75,0.06731859440896217,0.21305362419737003,3401.0,0.21913022070919122,0.27585615017822024,0.3843615177682277,200.0,0.25
2019,drapm,tp_miss_75,-0.22331955615964952,2.2856316910729917,3401.0,2.2994347456831723,1.2785298666058906,0.3843615177682277,200.0,0.25
2019,drapm,ftm_75,0.09824482935086563,2.8010329238887177,3401.0,2.835605891169074,1.2803441232723392,0.3843615177682277,200.0,0.25
2019,drapm,ft_miss_75,0.041727363403143494,0.8577272088944398,3401.0,0.8589495009810125,0.4696355080100254,0.3843615177682277,200.0,0.25
2019,drapm,ast_rim_75,0.11648915213570965,1.4128229567857153,3401.0,1.4300098817914124,0.8356060549549117,0.3843615177682277,200.0,0.25
2019,drapm,ast_mid2_75,0.07597404864415325,0.9500464621535133,3401.0,0.9603142824997255,0.6171011231284179,0.3843615177682277,200.0,0.25
2019,drapm,ast_tp_75,0.0913632103291226,1.0688760341937547,3401.0,1.0849803828883051,0.6014143528680921,0.3843615177682277,200.0,0.25
2019,drapm,tov_bp_75,-0.06842432654467612,0.9081334165966995,3401.0,0.9117453188776778,0.40440519997447316,0.3843615177682277,200.0,0.25
2019,drapm,tov_lb_75,-0.1377762921620749,0.4629557698226072,3401.0,0.46513337987807823,0.17745691980030387,0.3843615177682277,200.0,0.25
2019,drapm,tov_dead_75,0.045849309878880036,0.7632193043525028,3401.0,0.7654065588427449,0.2603743537596722,0.3843615177682277,200.0,0.25
2019,drapm,oreb_opp_rate,0.10250804395158301,0.04460082704718016,1647.0,0.04421476393424886,0.026900150863083706,0.3843615177682277,200.0,0.25
2019,drapm,dreb_opp_rate,0.21215992737218103,0.1372336198148434,1639.0,0.1373176231707214,0.04493626573424244,0.3843615177682277,200.0,0.25
2019,drapm,off_boxout_75,-0.11933874718141171,0.3954369616931732,3427.8607999999995,0.39627208270560954,0.37829556350371973,0.3843615177682277,200.0,0.25
2019,drapm,def_boxout_75,0.06368311130892788,2.278196385528741,3427.8607999999995,2.2768346596820286,1.2477321297812913,0.3843615177682277,200.0,0.25
2019,drapm,stl_75,0.4319947426417862,1.1838138406422833,3401.0,1.1914740340127092,0.35318246879967924,0.3843615177682277,200.0,0.25
2019,drapm,blk_75,0.3912632100777992,0.7454113021055871,3401.0,0.7469779968344298,0.5411432165364665,0.3843615177682277,200.0,0.25
2019,drapm,rim_dfg_diff,0.25912854905778765,0.004104721285973533,185.0,-0.0034937357593014307,0.041268090556257596,0.3843615177682277,200.0,0.25
2019,drapm,contested_2pt_75,-0.002267332397440012,6.0128362504733195,3427.8607999999995,6.003113095848367,1.5657199653754776,0.3843615177682277,200.0,0.25
2019,drapm,contested_3pt_75,0.015950086345742985,3.4433931828344253,3427.8607999999995,3.4445977712068228,0.3950782026146972,0.3843615177682277,200.0,0.25
2019,drapm,defl_75,0.10092202872683503,2.1699545823297908,3427.8607999999995,2.1727645502037882,0.3860289699536118,0.3843615177682277,200.0,0.25
2019,drapm,pf_nonoff_75,-0.027977762492544935,2.771557094666264,3401.0,2.748766389282507,0.6483931986573465,0.3843615177682277,200.0,0.25
2019,drapm,charges_drawn_75,0.10486837156267582,0.07845490486540525,3427.8607999999995,0.07835304325596992,0.053769044039036554,0.3843615177682277,200.0,0.25
2019,drapm,height,0.12255106344885049,78.69588854909956,inf,78.61347979097792,3.440880702906084,0.3843615177682277,200.0,0.25
2019,drapm,age,0.1641602433692602,26.589382527615584,inf,26.5888708573613,4.058123794106816,0.3843615177682277,200.0,0.25
2019,drapm,wing_rel,0.026528269581975107,4.873787599754451,inf,4.893040156832989,1.6144982115681288,0.3843615177682277,200.0,0.25
2020,drapm,rim_ast_m_75,-0.10618787678185772,1.4147126181358942,3334.0,1.4152188587955499,0.7714975214079408,0.370041378485232,200.0,0.25
2020,drapm,rim_unast_m_75,-0.2225148568009041,1.2303150297196146,3334.0,1.2374093551739007,0.6063942581656594,0.370041378485232,200.0,0.25
2020,drapm,rim_miss_75,-0.08147453091065476,1.723543606517397,3334.0,1.720197850907419,0.6421218704685031,0.370041378485232,200.0,0.25
2020,drapm,flt_ast_m_75,0.010380619406717766,0.2535974501920438,3334.0,0.2539997678018993,0.202445205507459,0.370041378485232,200.0,0.25
2020,drapm,flt_unast_m_75,0.05239662602876369,0.38225007876896194,3334.0,0.38591837609914487,0.24969403687579048,0.370041378485232,200.0,0.25
2020,drapm,flt_miss_75,-0.08655211456363593,0.9831705174042804,3334.0,0.9855704238885326,0.45880496363940226,0.370041378485232,200.0,0.25
2020,drapm,mid_ast_m_75,0.044147173412546516,0.670518908461742,3334.0,0.6671205122137526,0.5194600709895797,0.370041378485232,200.0,0.25
2020,drapm,mid_unast_m_75,-0.048637444794158595,0.65197987365278,3334.0,0.6623339244281231,0.5211632125522344,0.370041378485232,200.0,0.25
2020,drapm,mid_miss_75,-0.05421962771172124,1.9748772638179612,3334.0,1.9769553577928498,1.009113697927438,0.370041378485232,200.0,0.25
2020,drapm,tp_ast_m_75,0.0007670377264550522,1.1468480080928967,3334.0,1.1595072710953855,0.6875442508638924,0.370041378485232,200.0,0.25
2020,drapm,tp_unast_m_75,0.044459135214124375,0.2282895994284913,3334.0,0.2379504674333922,0.30101928888811424,0.370041378485232,200.0,0.25
2020,drapm,tp_miss_75,-0.2239899120976752,2.434186551776629,3334.0,2.4692259058422117,1.3132405845162514,0.370041378485232,200.0,0.25
2020,drapm,ftm_75,0.044599927828269506,2.7667460005322795,3334.0,2.798481862649757,1.2836147173785124,0.370041378485232,200.0,0.25
2020,drapm,ft_miss_75,0.05780999027934726,0.84193541205844,3334.0,0.8412002104037237,0.46954535100905265,0.370041378485232,200.0,0.25
2020,drapm,ast_rim_75,0.14427249223750224,1.414035736540435,3334.0,1.430623467075255,0.8344769433652142,0.370041378485232,200.0,0.25
2020,drapm,ast_mid2_75,0.09991024298628501,0.9036895762841547,3334.0,0.9074429121524763,0.5906745601453568,0.370041378485232,200.0,0.25
2020,drapm,ast_tp_75,0.10706822114837665,1.1188927982004375,3334.0,1.1403881096620647,0.6181336443153282,0.370041378485232,200.0,0.25
2020,drapm,tov_bp_75,-0.0890195195560368,0.8853460850472142,3334.0,0.8869206596798855,0.4017411950802467,0.370041378485232,200.0,0.25
2020,drapm,tov_lb_75,-0.10982196533352166,0.4560376935806154,3334.0,0.45723573244572185,0.17954662797644835,0.370041378485232,200.0,0.25
2020,drapm,tov_dead_75,0.040095947928979615,0.7790831954667585,3334.0,0.7831978577632732,0.2648921111189028,0.370041378485232,200.0,0.25
2020,drapm,oreb_opp_rate,0.07819807023310767,0.04383864587812746,1622.0,0.04333314762865685,0.02664861664974746,0.370041378485232,200.0,0.25
2020,drapm,dreb_opp_rate,0.25216653903325015,0.13765266545634594,1616.0,0.13771526919442162,0.044967918980094716,0.370041378485232,200.0,0.25
2020,drapm,off_boxout_75,-0.11851962028019022,0.3606326875058658,3286.8160000000003,0.3594989246380434,0.39413790675292787,0.370041378485232,200.0,0.25
2020,drapm,def_boxout_75,0.08589261402190107,2.2294000479169784,3286.8160000000003,2.224081227396165,1.3282708724893029,0.370041378485232,200.0,0.25
2020,drapm,stl_75,0.4075111192467703,1.1812335931422167,3334.0,1.187996522747561,0.3540452715638774,0.370041378485232,200.0,0.25
2020,drapm,blk_75,0.34043120774409596,0.7407641762571596,3334.0,0.7417705773311053,0.5360388718340465,0.370041378485232,200.0,0.25
2020,drapm,rim_dfg_diff,0.30447793059698447,0.005994841731463888,190.0,-0.0019611506824162373,0.0436482993484577,0.370041378485232,200.0,0.25
2020,drapm,contested_2pt_75,0.008474403176322249,5.884355962327475,3286.8160000000003,5.861698818669944,1.812443679483485,0.370041378485232,200.0,0.25
2020,drapm,contested_3pt_75,-0.0035373874623391283,3.486128748310795,3286.8160000000003,3.4879710823816037,0.4573403359231932,0.370041378485232,200.0,0.25
2020,drapm,defl_75,0.12351765699115864,2.181727983997406,3286.8160000000003,2.186470276039886,0.4531404661506166,0.370041378485232,200.0,0.25
2020,drapm,pf_nonoff_75,-0.03137882059186663,2.7475300841278587,3334.0,2.7245814795587657,0.6376090835711533,0.370041378485232,200.0,0.25
2020,drapm,charges_drawn_75,0.1240346999751108,0.08103504139509642,3286.8160000000003,0.081100177645921,0.06231838026015799,0.370041378485232,200.0,0.25
2020,drapm,height,0.09704638850725665,78.65378151260504,inf,78.55598212909908,3.3971914300078097,0.370041378485232,200.0,0.25
2020,drapm,age,0.17501541675653468,26.535017552574992,inf,26.557329915492744,4.056309319603039,0.370041378485232,200.0,0.25
2020,drapm,wing_rel,0.03565511290118747,4.895555555555555,inf,4.911352493090016,1.6669037213340632,0.370041378485232,200.0,0.25
2021,drapm,rim_ast_m_75,-0.09697591967507241,1.417780223621563,3220.0,1.4153896745411383,0.7835848515590175,0.36348994071285257,200.0,0.25
2021,drapm,rim_unast_m_75,-0.20534738662208107,1.2187147561091416,3220.0,1.2247235028485923,0.6110528082982708,0.36348994071285257,200.0,0.25
2021,drapm,rim_miss_75,-0.07387847717418626,1.6973924120927677,3220.0,1.6860987162738337,0.6434586517236942,0.36348994071285257,200.0,0.25
2021,drapm,flt_ast_m_75,0.034605719528606395,0.2622995319215204,3220.0,0.26447109688974146,0.2084882777090443,0.36348994071285257,200.0,0.25
2021,drapm,flt_unast_m_75,-0.014815056653470418,0.38305944774179884,3220.0,0.38910810407855523,0.26037272366842223,0.36348994071285257,200.0,0.25
2021,drapm,flt_miss_75,-0.05685997524131615,0.981654700895154,3220.0,0.9865906466278619,0.45318279597129013,0.36348994071285257,200.0,0.25
2021,drapm,mid_ast_m_75,0.0292986057645973,0.616449400264107,3220.0,0.6114224339300345,0.49026957814518074,0.36348994071285257,200.0,0.25
2021,drapm,mid_unast_m_75,0.00010213066138206996,0.6342433817569624,3220.0,0.6471540572558956,0.527448437152412,0.36348994071285257,200.0,0.25
2021,drapm,mid_miss_75,-0.02402816134907639,1.8566508026644946,3220.0,1.8550842101835607,0.9961553190113684,0.36348994071285257,200.0,0.25
2021,drapm,tp_ast_m_75,0.020354946013267417,1.2119837276069838,3220.0,1.232164901876755,0.7021745435743283,0.36348994071285257,200.0,0.25
2021,drapm,tp_unast_m_75,0.0187915195317901,0.2466263884595125,3220.0,0.258660324309567,0.3221063682736719,0.36348994071285257,200.0,0.25
2021,drapm,tp_miss_75,-0.19287105666118026,2.573321080939502,3220.0,2.6183888366795434,1.3274186291414425,0.36348994071285257,200.0,0.25
2021,drapm,ftm_75,0.021121189924357832,2.7141236682215135,3220.0,2.746828361647043,1.2840501195536702,0.36348994071285257,200.0,0.25
2021,drapm,ft_miss_75,0.08491541306427264,0.8218472990601228,3220.0,0.8186536656189574,0.4671307471139976,0.36348994071285257,200.0,0.25
2021,drapm,ast_rim_75,0.135858589576181,1.4164039351121833,3220.0,1.4331995238286457,0.8319490287962753,0.36348994071285257,200.0,0.25
2021,drapm,ast_mid2_75,0.11902086220513904,0.8597065141214221,3220.0,0.8630589279277439,0.5493058787395363,0.36348994071285257,200.0,0.25
2021,drapm,ast_tp_75,0.11395535550338518,1.1879701253640897,3220.0,1.218115672968423,0.6530144982081065,0.36348994071285257,200.0,0.25
2021,drapm,tov_bp_75,-0.09257758324318523,0.8637300898182427,3220.0,0.864275871147379,0.3979743272394014,0.36348994071285257,200.0,0.25
2021,drapm,tov_lb_75,-0.10165772806328842,0.44734641046408447,3220.0,0.44801653585623674,0.17927324710705536,0.36348994071285257,200.0,0.25
2021,drapm,tov_dead_75,0.052702672875362844,0.7877258730106363,3220.0,0.7924791274262424,0.2659745834273699,0.36348994071285257,200.0,0.25
2021,drapm,oreb_opp_rate,0.07031169889929687,0.04317188285653796,1558.0,0.0425931197611198,0.02658659346115712,0.36348994071285257,200.0,0.25
2021,drapm,dreb_opp_rate,0.2423293908336007,0.13848587401774048,1572.0,0.13858066520810103,0.045144820925864075,0.36348994071285257,200.0,0.25
2021,drapm,off_boxout_75,-0.1264462942471084,0.3384295376525369,3136.744,0.3350441251496,0.40653875134719103,0.36348994071285257,200.0,0.25
2021,drapm,def_boxout_75,0.08388269263224143,2.030129621862517,3136.744,2.0047067213831946,1.364641318356147,0.36348994071285257,200.0,0.25
2021,drapm,stl_75,0.3985430624373175,1.1760272502116575,3220.0,1.1799236112087375,0.34809832661035467,0.36348994071285257,200.0,0.25
2021,drapm,blk_75,0.2876547936600844,0.7367505532479256,3220.0,0.7359845385354306,0.5299916571833413,0.36348994071285257,200.0,0.25
2021,drapm,rim_dfg_diff,0.33958160208663657,0.0075470921878544785,189.0,-0.00038475740776893554,0.04514641508859202,0.36348994071285257,200.0,0.25
2021,drapm,contested_2pt_75,0.0764054913303333,5.67503252645669,3136.744,5.630133795644608,2.0239443543829942,0.36348994071285257,200.0,0.25
2021,drapm,contested_3pt_75,-0.0026006283164018832,3.425533750291054,3136.744,3.4203445971617383,0.511323087093958,0.36348994071285257,200.0,0.25
2021,drapm,defl_75,0.13450719369477854,2.176226379963491,3136.744,2.1792409855664125,0.50158456857203,0.36348994071285257,200.0,0.25
2021,drapm,pf_nonoff_75,-0.02530273035075123,2.71971154998364,3220.0,2.693081899727775,0.6276883143706103,0.36348994071285257,200.0,0.25
2021,drapm,charges_drawn_75,0.13345811111502065,0.0803921833192395,3136.744,0.08020521435411399,0.06831613924612151,0.36348994071285257,200.0,0.25
2021,drapm,height,0.09871015865617332,78.59449721585325,inf,78.49303957346689,3.362247508455974,0.36348994071285257,200.0,0.25
2021,drapm,age,0.20373871309210762,26.517185084150938,inf,26.542094998202874,4.059107241177068,0.36348994071285257,200.0,0.25
2021,drapm,wing_rel,0.043620059767164744,4.909554317548746,inf,4.90905422507849,1.6963525133392934,0.36348994071285257,200.0,0.25
2022,drapm,rim_ast_m_75,-0.07955666999951462,1.4146437332129884,3251.0,1.411903351688114,0.7860263497169176,0.3464042829720064,200.0,0.25
2022,drapm,rim_unast_m_75,-0.17964765228116863,1.2022593770699432,3251.0,1.2076213260094117,0.6075373560405336,0.3464042829720064,200.0,0.25
2022,drapm,rim_miss_75,-0.07280238202039938,1.650735534964297,3251.0,1.635579459550732,0.6357271038394304,0.3464042829720064,200.0,0.25
2022,drapm,flt_ast_m_75,0.022265934910691367,0.27426974225340833,3251.0,0.27740093886062284,0.21390469319783773,0.3464042829720064,200.0,0.25
2022,drapm,flt_unast_m_75,-0.04110396393103088,0.3879373721639504,3251.0,0.3957420783172252,0.26974600607788696,0.3464042829720064,200.0,0.25
2022,drapm,flt_miss_75,-0.05164278969918648,0.9912216213068574,3251.0,0.998806956197044,0.45424728553560406,0.3464042829720064,200.0,0.25
2022,drapm,mid_ast_m_75,0.016806313490756886,0.5735862515740666,3251.0,0.5678885754345903,0.46268591995947556,0.3464042829720064,200.0,0.25
2022,drapm,mid_unast_m_75,-0.029549942253397576,0.6189994395230851,3251.0,0.6326375022905631,0.5319541349989816,0.3464042829720064,200.0,0.25
2022,drapm,mid_miss_75,0.028848438149825947,1.7537177088868345,3251.0,1.752221596338304,0.9735141912128562,0.3464042829720064,200.0,0.25
2022,drapm,tp_ast_m_75,0.0021869952526840557,1.2699533421165647,3251.0,1.2922135385721365,0.706582066372482,0.3464042829720064,200.0,0.25
2022,drapm,tp_unast_m_75,-0.011929629885731517,0.2638026538945867,3251.0,0.27800129303860177,0.3389172839240367,0.3464042829720064,200.0,0.25
2022,drapm,tp_miss_75,-0.1282900111828703,2.708522888566999,3251.0,2.759451069581702,1.3443404189782013,0.3464042829720064,200.0,0.25
2022,drapm,ftm_75,0.01478744497337293,2.693848583885925,3251.0,2.7285546541549057,1.2952459595338282,0.3464042829720064,200.0,0.25
2022,drapm,ft_miss_75,0.08441340008592108,0.807749139267595,3251.0,0.8049809102090022,0.46103191938511534,0.3464042829720064,200.0,0.25
2022,drapm,ast_rim_75,0.13053163058586018,1.4174024442616626,3251.0,1.4360188046131845,0.8236464101417534,0.3464042829720064,200.0,0.25
2022,drapm,ast_mid2_75,0.15115404823418177,0.8297242016843424,3251.0,0.834640259011057,0.5157849623910145,0.3464042829720064,200.0,0.25
2022,drapm,ast_tp_75,0.11792171752724283,1.2463914749277567,3251.0,1.2803507974232864,0.663335692466508,0.3464042829720064,200.0,0.25
2022,drapm,tov_bp_75,-0.12341377008552241,0.8416689110006332,3251.0,0.8428718204498787,0.39129598804727395,0.3464042829720064,200.0,0.25
2022,drapm,tov_lb_75,-0.07991808982732743,0.43796539600969553,3251.0,0.4393063584111741,0.1786265927949929,0.3464042829720064,200.0,0.25
2022,drapm,tov_dead_75,0.0339196345476165,0.7938682369725512,3251.0,0.7988572456503826,0.2677637213439797,0.3464042829720064,200.0,0.25
2022,drapm,oreb_opp_rate,0.06731605318295798,0.04262103772787185,1570.0,0.04203495380601983,0.026332246910857837,0.3464042829720064,200.0,0.25
2022,drapm,dreb_opp_rate,0.25273290069401755,0.13905767472836397,1578.0,0.1391386776703212,0.04520799497085109,0.3464042829720064,200.0,0.25
2022,drapm,off_boxout_75,-0.11994551007859898,0.32070250381524257,3123.848,0.31606153008061194,0.41062135872109295,0.3464042829720064,200.0,0.25
2022,drapm,def_boxout_75,0.07736592331123106,1.8566640427079046,3123.848,1.8231867527631724,1.3670132283866754,0.3464042829720064,200.0,0.25
2022,drapm,stl_75,0.3843864504973119,1.1683687210207958,3251.0,1.172117680296364,0.3424977303542948,0.3464042829720064,200.0,0.25
2022,drapm,blk_75,0.228369210758405,0.7279430497223092,3251.0,0.7271455203041007,0.5145127113263108,0.3464042829720064,200.0,0.25
2022,drapm,rim_dfg_diff,0.3963248095935445,0.008844661494946808,192.0,0.0010445261107860436,0.04606467244590033,0.3464042829720064,200.0,0.25
2022,drapm,contested_2pt_75,0.12476719685371178,5.467106172764655,3123.848,5.409425296798792,2.1242765178627856,0.3464042829720064,200.0,0.25
2022,drapm,contested_3pt_75,-0.0045609498456089925,3.3730121952321097,3123.848,3.3647902690114266,0.5540451630064028,0.3464042829720064,200.0,0.25
2022,drapm,defl_75,0.14179906545758633,2.1675538323911567,3123.848,2.1695070315403675,0.5352070297219075,0.3464042829720064,200.0,0.25
2022,drapm,pf_nonoff_75,-0.018045250062894487,2.711106905512327,3251.0,2.6832316636886095,0.620036142405755,0.3464042829720064,200.0,0.25
2022,drapm,charges_drawn_75,0.13336601375999727,0.07870690218659121,3123.848,0.07830204018262137,0.07271118333677162,0.3464042829720064,200.0,0.25
2022,drapm,height,0.06619864481726538,78.53919694072658,inf,78.4367533846029,3.3275577724190653,0.3464042829720064,200.0,0.25
2022,drapm,age,0.22359056314226838,26.466178847830996,inf,26.49639995992816,4.083915827705946,0.3464042829720064,200.0,0.25
2022,drapm,wing_rel,0.05282913553390379,4.917959073774906,inf,4.913448792141349,1.7039272673626107,0.3464042829720064,200.0,0.25
2023,drapm,rim_ast_m_75,-0.057386345308478366,1.4187721746143265,3245.5,1.4153809116356793,0.7862899311049717,0.33817624654166906,200.0,0.25
2023,drapm,rim_unast_m_75,-0.1538775819932696,1.195471905945046,3245.5,1.201681966204461,0.6102295699757909,0.33817624654166906,200.0,0.25
2023,drapm,rim_miss_75,-0.0849346224036853,1.6005583305844915,3245.5,1.5857012319256376,0.6228391815434147,0.33817624654166906,200.0,0.25
2023,drapm,flt_ast_m_75,0.04494161183111657,0.2915648990841848,3245.5,0.29449855959506754,0.22363295974558645,0.33817624654166906,200.0,0.25
2023,drapm,flt_unast_m_75,-0.055267294941715644,0.3987458792418559,3245.5,0.4067900904094475,0.2803172537165294,0.33817624654166906,200.0,0.25
2023,drapm,flt_miss_75,-0.06366534453171954,1.0077030231663204,3245.5,1.0148078673843295,0.45349896397405276,0.33817624654166906,200.0,0.25
2023,drapm,mid_ast_m_75,0.024282439052154166,0.5297933592877444,3245.5,0.5249830278781225,0.43277825279562754,0.33817624654166906,200.0,0.25
2023,drapm,mid_unast_m_75,-0.03910627780345647,0.607568807799033,3245.5,0.6210252251732354,0.5320403422614496,0.33817624654166906,200.0,0.25
2023,drapm,mid_miss_75,0.034373196697779516,1.649307535153768,3245.5,1.6488200101446473,0.9503795010102885,0.33817624654166906,200.0,0.25
2023,drapm,tp_ast_m_75,-0.00040378790348024837,1.3191196975698203,3245.5,1.341260788720659,0.7022766559003354,0.33817624654166906,200.0,0.25
2023,drapm,tp_unast_m_75,-0.040690946176437516,0.2773595010997435,3245.5,0.29182512910528186,0.34857142955320175,0.33817624654166906,200.0,0.25
2023,drapm,tp_miss_75,-0.09574876235222839,2.818486931176982,3245.5,2.868307395982919,1.3364005441382314,0.33817624654166906,200.0,0.25
2023,drapm,ftm_75,0.035719896574685224,2.700020352721344,3245.5,2.7367180204265584,1.3223920851987971,0.33817624654166906,200.0,0.25
2023,drapm,ft_miss_75,0.09963888002596556,0.7986725598275066,3245.5,0.7968569827481421,0.45812756108382313,0.33817624654166906,200.0,0.25
2023,drapm,ast_rim_75,0.0879003620999691,1.4195307500230674,3245.5,1.4401637072374773,0.8240054880164079,0.33817624654166906,200.0,0.25
2023,drapm,ast_mid2_75,0.17631446315596938,0.8031309794468048,3245.5,0.8080012641468232,0.48322961772349904,0.33817624654166906,200.0,0.25
2023,drapm,ast_tp_75,0.11012028176293655,1.297908211612196,3245.5,1.3321601556872105,0.6772264911760231,0.33817624654166906,200.0,0.25
2023,drapm,tov_bp_75,-0.10255143666754797,0.8113035560202214,3245.5,0.8130119760509454,0.3811164247839623,0.33817624654166906,200.0,0.25
2023,drapm,tov_lb_75,-0.0600741470634421,0.4272210825567636,3245.5,0.42881361050232847,0.1776721490487711,0.33817624654166906,200.0,0.25
2023,drapm,tov_dead_75,0.0203458157620183,0.8133216528623436,3245.5,0.818262006991516,0.2727400015863255,0.33817624654166906,200.0,0.25
2023,drapm,oreb_opp_rate,0.028828586569073656,0.04229828027924178,1563.0,0.04174155635335786,0.02611831810324033,0.33817624654166906,200.0,0.25
2023,drapm,dreb_opp_rate,0.2502196769442029,0.13956589215928883,1574.5,0.13962165500404677,0.04513851275076162,0.33817624654166906,200.0,0.25
2023,drapm,off_boxout_75,-0.11654499714342267,0.2977878023772417,3155.6616000000004,0.2929093587092945,0.4120947019238337,0.33817624654166906,200.0,0.25
2023,drapm,def_boxout_75,0.06951298547675536,1.6851156643438698,3155.6616000000004,1.6500384660223395,1.3803703109564516,0.33817624654166906,200.0,0.25
2023,drapm,stl_75,0.39031142243106354,1.1517965689681973,3245.5,1.1546813812156616,0.3351820769684643,0.33817624654166906,200.0,0.25
2023,drapm,blk_75,0.11572816291143492,0.7185498213721895,3245.5,0.7173298377399253,0.5030860651577965,0.33817624654166906,200.0,0.25
2023,drapm,rim_dfg_diff,0.4777716757590941,0.00992497357968003,196.0,0.0018684067466488619,0.047099240920474135,0.33817624654166906,200.0,0.25
2023,drapm,contested_2pt_75,0.20937887092835786,5.289485407863556,3155.6616000000004,5.227590990633629,2.2438201150941546,0.33817624654166906,200.0,0.25
2023,drapm,contested_3pt_75,-0.01575184437472162,3.267025291335231,3155.6616000000004,3.256657501171929,0.6030909270435356,0.33817624654166906,200.0,0.25
2023,drapm,defl_75,0.14740650489190701,2.158573332698373,3155.6616000000004,2.159907528355884,0.5667934008544225,0.33817624654166906,200.0,0.25
2023,drapm,pf_nonoff_75,-0.004915855518110416,2.6958625007168298,3245.5,2.668212450049397,0.612551443541091,0.33817624654166906,200.0,0.25
2023,drapm,charges_drawn_75,0.12704272239603623,0.07726763283093077,3155.6616000000004,0.07670732512028687,0.07639810691766923,0.33817624654166906,200.0,0.25
2023,drapm,height,0.025626259403519293,78.51939924906132,inf,78.41838558772832,3.297105745840398,0.33817624654166906,200.0,0.25
2023,drapm,age,0.25127835152958944,26.417427735883358,inf,26.46744233446265,4.095799506497565,0.33817624654166906,200.0,0.25
2023,drapm,wing_rel,0.05171237265507827,4.922929936305732,inf,4.914060284215252,1.70747110034461,0.33817624654166906,200.0,0.25
2024,drapm,rim_ast_m_75,-0.021015881737778425,1.4353415009912402,3251.0,1.4324026866045634,0.7929563955145595,0.3318547575709275,200.0,0.25
2024,drapm,rim_unast_m_75,-0.1350000841252597,1.1906698163697584,3251.0,1.19717701875506,0.6128247901747735,0.3318547575709275,200.0,0.25
2024,drapm,rim_miss_75,-0.08458845695229436,1.5655305817499292,3251.0,1.5511713212088978,0.609059073722409,0.3318547575709275,200.0,0.25
2024,drapm,flt_ast_m_75,0.06907209807355101,0.31364392003511526,3251.0,0.31730932171215,0.238261724836826,0.3318547575709275,200.0,0.25
2024,drapm,flt_unast_m_75,-0.08260945423040156,0.40977451674497434,3251.0,0.418084099497355,0.29265450693325007,0.3318547575709275,200.0,0.25
2024,drapm,flt_miss_75,-0.06848424981107422,1.033141173612307,3251.0,1.0409374146662054,0.4619812811714735,0.3318547575709275,200.0,0.25
2024,drapm,mid_ast_m_75,-0.0008383307521009454,0.4949460949654037,3251.0,0.49043532162274706,0.3989042330613955,0.3318547575709275,200.0,0.25
2024,drapm,mid_unast_m_75,-0.0368727501599464,0.5948021781194208,3251.0,0.6081539837133645,0.5320092874413256,0.3318547575709275,200.0,0.25
2024,drapm,mid_miss_75,0.05403914654710956,1.5590363485710077,3251.0,1.5584281238837192,0.9160786965322696,0.3318547575709275,200.0,0.25
2024,drapm,tp_ast_m_75,0.017257847179937856,1.3905631833803296,3251.0,1.4118654437957951,0.7094753709078857,0.3318547575709275,200.0,0.25
2024,drapm,tp_unast_m_75,-0.057526883159634695,0.29157367446612475,3251.0,0.30714630360155326,0.3612395546585521,0.3318547575709275,200.0,0.25
2024,drapm,tp_miss_75,-0.08883592001528239,2.9592828974949077,3251.0,3.0084718331760505,1.3387586272146756,0.3318547575709275,200.0,0.25
2024,drapm,ftm_75,0.03540195771751284,2.6800091267169854,3251.0,2.716521270710327,1.3282267935188656,0.3318547575709275,200.0,0.25
2024,drapm,ft_miss_75,0.07930556173488468,0.7796703828756348,3251.0,0.7770968622999841,0.44754066618623145,0.3318547575709275,200.0,0.25
2024,drapm,ast_rim_75,0.09644791163331168,1.442741737682846,3251.0,1.4624799336509586,0.8261974520664587,0.3318547575709275,200.0,0.25
2024,drapm,ast_mid2_75,0.13266921359896905,0.7926878413458834,3251.0,0.7972955114676318,0.4564598139871869,0.3318547575709275,200.0,0.25
2024,drapm,ast_tp_75,0.15158462484079907,1.372979467206152,3251.0,1.4074680780076767,0.6975284096104634,0.3318547575709275,200.0,0.25
2024,drapm,tov_bp_75,-0.1433212088425615,0.7879838711080264,3251.0,0.7892478412258499,0.36792315109179613,0.3318547575709275,200.0,0.25
2024,drapm,tov_lb_75,-0.04304032373507367,0.42440828548185183,3251.0,0.42603604829148173,0.17953362126339412,0.3318547575709275,200.0,0.25
2024,drapm,tov_dead_75,0.044689151073245996,0.8294933280451721,3251.0,0.834704339199448,0.27373752984997307,0.3318547575709275,200.0,0.25
2024,drapm,oreb_opp_rate,0.017663995145942968,0.042007459753664995,1568.0,0.04149744366040133,0.025896231421445186,0.3318547575709275,200.0,0.25
2024,drapm,dreb_opp_rate,0.259504826968213,0.14017826079388893,1574.0,0.1402745794305562,0.045289312426574795,0.3318547575709275,200.0,0.25
2024,drapm,off_boxout_75,-0.11676370166306359,0.2871024085667885,3188.3488,0.2828624636815377,0.4231042276214454,0.3318547575709275,200.0,0.25
2024,drapm,def_boxout_75,0.06819559805082849,1.5757342393927982,3188.3488,1.5466295082301518,1.4094592710156804,0.3318547575709275,200.0,0.25
2024,drapm,stl_75,0.37717143773376466,1.1425936459726767,3251.0,1.1449004923264479,0.32765674366452174,0.3318547575709275,200.0,0.25
2024,drapm,blk_75,0.14035297026008495,0.7211860441248354,3251.0,0.7213218973580556,0.4985766096824711,0.3318547575709275,200.0,0.25
2024,drapm,rim_dfg_diff,0.4417686768779948,0.011659459798207674,204.0,0.0047776264034505,0.0453172012343172,0.3318547575709275,200.0,0.25
2024,drapm,contested_2pt_75,0.22100245650689695,5.111395250917759,3188.3488,5.058812744277102,2.3642131801590978,0.3318547575709275,200.0,0.25
2024,drapm,contested_3pt_75,-0.011644005096874296,3.169598776667345,3188.3488,3.1642543368582863,0.6551141155817612,0.3318547575709275,200.0,0.25
2024,drapm,defl_75,0.17140924707888006,2.156739409321112,3188.3488,2.1585765210163075,0.5995679632760168,0.3318547575709275,200.0,0.25
2024,drapm,pf_nonoff_75,-0.027847900629292967,2.6566342360897295,3251.0,2.6297251749636863,0.6027086435298378,0.3318547575709275,200.0,0.25
2024,drapm,charges_drawn_75,0.14033345688638463,0.07549063377028013,3188.3488,0.07499436653492669,0.08062616516310585,0.3318547575709275,200.0,0.25
2024,drapm,height,-0.0041598617451805145,78.47996213316503,inf,78.39533512650506,3.2705916991220905,0.3318547575709275,200.0,0.25
2024,drapm,age,0.26232829847775824,26.39374661416308,inf,26.48017611418281,4.1156967438114185,0.3318547575709275,200.0,0.25
2024,drapm,wing_rel,0.0632024972084272,4.955474649406689,inf,4.9455108095612905,1.6983369410115656,0.3318547575709275,200.0,0.25
2025,drapm,rim_ast_m_75,-0.009979572628134025,1.4384724568534988,3203.0,1.435800637155353,0.7910386506461942,0.3375850422520471,200.0,0.25
2025,drapm,rim_unast_m_75,-0.10948897722215647,1.1680706654940234,3203.0,1.1738498025111166,0.6042520901208538,0.3375850422520471,200.0,0.25
2025,drapm,rim_miss_75,-0.0978777436587215,1.510330011949027,3203.0,1.4976903789804146,0.5910234213470764,0.3375850422520471,200.0,0.25
2025,drapm,flt_ast_m_75,0.07137143216195783,0.33645533038846415,3203.0,0.340983298300637,0.25268172434988717,0.3375850422520471,200.0,0.25
2025,drapm,flt_unast_m_75,-0.08089296958707204,0.41872743573313176,3203.0,0.42777569242815394,0.3030126585154264,0.3375850422520471,200.0,0.25
2025,drapm,flt_miss_75,-0.05791079698102597,1.0527931028113602,3203.0,1.0617848793147973,0.4700297611526669,0.3375850422520471,200.0,0.25
2025,drapm,mid_ast_m_75,-0.02762141876713852,0.4572243305490159,3203.0,0.4568048307717105,0.3617114740095686,0.3375850422520471,200.0,0.25
2025,drapm,mid_unast_m_75,-0.016450555730436644,0.5737095832332845,3203.0,0.5872295210827623,0.5251588525688204,0.3375850422520471,200.0,0.25
2025,drapm,mid_miss_75,0.06573388489170226,1.4560336902886095,3203.0,1.4622925936676407,0.8776679060025113,0.3375850422520471,200.0,0.25
2025,drapm,tp_ast_m_75,0.019419514178136685,1.452375099989628,3203.0,1.4695131498374656,0.7116453323986125,0.3375850422520471,200.0,0.25
2025,drapm,tp_unast_m_75,-0.08052627015159652,0.30542480140603534,3203.0,0.31989593346544093,0.37087777498112706,0.3375850422520471,200.0,0.25
2025,drapm,tp_miss_75,-0.06013750826907049,3.084305286982665,3203.0,3.1233536248590084,1.3363898330967292,0.3375850422520471,200.0,0.25
2025,drapm,ftm_75,0.025511066846417838,2.6578344271215917,3203.0,2.696166972131141,1.3254657958561455,0.3375850422520471,200.0,0.25
2025,drapm,ft_miss_75,0.078285831113325,0.7607381401289813,3203.0,0.7595217063051569,0.4379161738693093,0.3375850422520471,200.0,0.25
2025,drapm,ast_rim_75,0.12499449108542282,1.449725286044929,3203.0,1.470062929427034,0.8210070524656358,0.3375850422520471,200.0,0.25
2025,drapm,ast_mid2_75,0.09477071293243054,0.7824552479813817,3203.0,0.7912302830789268,0.4345445773776746,0.3375850422520471,200.0,0.25
2025,drapm,ast_tp_75,0.17103914464986167,1.4387921395009824,3203.0,1.4689676519835206,0.7051574494781473,0.3375850422520471,200.0,0.25
2025,drapm,tov_bp_75,-0.1884089441230476,0.7643114817219671,3203.0,0.769949452696,0.3547617746266468,0.3375850422520471,200.0,0.25
2025,drapm,tov_lb_75,-0.037117469294521574,0.42474457356466044,3203.0,0.42742594814279833,0.18221398280053652,0.3375850422520471,200.0,0.25
2025,drapm,tov_dead_75,0.061784556209403006,0.8385488965265415,3203.0,0.8405293165828192,0.2719184957932407,0.3375850422520471,200.0,0.25
2025,drapm,oreb_opp_rate,-0.0026956723005274975,0.041941749712120675,1549.0,0.04146855231143902,0.025577680505694842,0.3375850422520471,200.0,0.25
2025,drapm,dreb_opp_rate,0.25930748313054647,0.13993153756558988,1551.0,0.13990382223247236,0.0452951124295295,0.3375850422520471,200.0,0.25
2025,drapm,off_boxout_75,-0.10380045632387644,0.2761508576580483,3177.3664,0.27108421381920217,0.4230956376778467,0.3375850422520471,200.0,0.25
2025,drapm,def_boxout_75,0.05604030398746387,1.4763076897605578,3177.3664,1.4439176627975139,1.4007181753217695,0.3375850422520471,200.0,0.25
2025,drapm,stl_75,0.3595871808511763,1.143618494990928,3203.0,1.1468202836547277,0.3249544536550017,0.3375850422520471,200.0,0.25
2025,drapm,blk_75,0.1346855589972379,0.7196553678978947,3203.0,0.7188944548964947,0.4901252654664361,0.3375850422520471,200.0,0.25
2025,drapm,rim_dfg_diff,0.433983768471285,0.013523366501508259,209.0,0.007663343920659208,0.04348880357949013,0.3375850422520471,200.0,0.25
2025,drapm,contested_2pt_75,0.2661685260372492,4.928501774901591,3177.3664,4.868097292840733,2.4348474556081166,0.3375850422520471,200.0,0.25
2025,drapm,contested_3pt_75,-0.0035466251858361744,3.082595028178803,3177.3664,3.0731716914822034,0.6949009633351155,0.3375850422520471,200.0,0.25
2025,drapm,defl_75,0.1954342650672702,2.194124844185218,3177.3664,2.196033567013727,0.6392629287709741,0.3375850422520471,200.0,0.25
2025,drapm,pf_nonoff_75,-0.028331398467892267,2.6309455644387865,3203.0,2.604309186421116,0.598623925611696,0.3375850422520471,200.0,0.25
2025,drapm,charges_drawn_75,0.15455762629634404,0.07243321770196075,3177.3664,0.07178071467910146,0.08231444456990569,0.3375850422520471,200.0,0.25
2025,drapm,height,-0.011687555701142167,78.4624348359399,inf,78.38342199402929,3.2434402699375906,0.3375850422520471,200.0,0.25
2025,drapm,age,0.2639252022903625,26.340254155945967,inf,26.46785213431685,4.1543620955952605,0.3375850422520471,200.0,0.25
2025,drapm,wing_rel,0.06724245819633735,4.966639828234031,inf,4.9546682012898975,1.6891182563031018,0.3375850422520471,200.0,0.25
