player_id,player_name,total_minutes,total_games,unresolved_minutes,unresolved_games,unresolved_minute_rate
1489,Lionel Simmons,487.48,39,334.88,22.0,0.6869615163699023
1629005,Malik Newman,11.36,2,7.68,1.0,0.676056338028169
1642013,Malik Williams,106.52000000000001,7,44.41,3.0,0.4169170108899736
1642884,Vladislav Goldin,23.961666666666666,9,9.483333333333333,2.0,0.3957710231619948
1631495,Donovan Williams,4.25,2,1.68,1.0,0.3952941176470588
1641815,Isaiah Stevens,48.333333333333336,6,18.983333333333334,1.0,0.39275862068965517
1630612,RJ Nembhard,62.73,14,21.4,1.0,0.3411445879164674
1642844,Dylan Harper,2173.3083333333334,92,668.895,25.0,0.3077773133893411
1642876,Adou Thiero,182.44333333333333,31,47.49,7.0,0.2603000018270513
1630545,Terrence Shannon Jr.,1136.561,93,292.37933333333336,22.0,0.2572491343036875
1628427,Vlatko Čančar,146.54533333333333,16,35.32533333333333,5.0,0.2410539628237906
1630525,David Johnson,1.99,2,0.47,1.0,0.23618090452261306
1630618,D.J. Carton,68.91,8,15.72,1.0,0.22812363952982154
51,Mahmoud Abdul-Rauf,3151.18,147,685.42,24.0,0.2175121700442374
1089,Kevin Salvadori,242.23,38,52.22,4.0,0.21558023366222187
1642868,Carter Bryant,1004.675,93,215.38166666666666,24.0,0.21437944277170892
721,Tyus Edney,2259.66,146,465.21,25.0,0.20587610525477285
1631096,Chet Holmgren,6430.4335,221,1301.7835,43.0,0.20244101739019615
1631241,Javon Freeman-Liberty,403.02,22,81.36,3.0,0.20187583742742296
1642450,Daniss Jenkins,1795.6966666666667,93,360.03333333333336,18.0,0.20049785691347277
1628384,OG Anunoby,7943.498666666666,227,1540.4853333333333,42.0,0.1939303319578409
81,Jeff Grayer,351.46,30,66.38,4.0,0.18886928811244522
1642349,Ajay Mitchell,2470.3415,116,462.70983333333334,26.0,0.18730601956585086
1642359,Pacôme Dadiet,291.31333333333333,56,53.93333333333333,10.0,0.18513856786507082
1628426,Sasha Vezenkov,510.82,42,93.93,6.0,0.18388081907521242
1628504,Xavier Rathan-Mayes,117.78,5,21.43,1.0,0.18194939718118525
1642264,Stephon Castle,4960.193333333334,172,888.7733333333333,28.0,0.17918118783004425
203999,Nikola Jokić,5635.6485,155,996.0385,25.0,0.17673893252923775
1077,Ray Owes,591.89,57,104.23,11.0,0.17609690989879878
1478,Stevin Smith,60.63,8,10.58,1.0,0.17450107207652976
1479,Mike Brown,81.15,5,14.15,1.0,0.17436845348120764
1642396,Blake Hinson,285.43333333333334,14,49.733333333333334,2.0,0.174238000700689
1630259,Jordan Ford,21.82,6,3.8,3.0,0.1741521539871677
1629875,Xavier Moon,275.85,28,47.87,2.0,0.17353634221497188
333,Kevin Gamble,953.64,62,164.23000000000002,15.0,0.1722138333123611
1642863,Khaman Maluach,460.9916666666667,51,79.17666666666668,8.0,0.17175292395017988
1641717,Cason Wallace,6504.289833333333,265,1112.1798333333334,46.0,0.17099173957987063
1627762,Joel Bolomboy,90.66,18,15.0,1.0,0.1654533421575116
1642867,Collin Murray-Boyles,1436.4083333333333,64,234.84333333333333,9.0,0.16349343559456747
1628591,Craig Sword,18.98,3,3.07,1.0,0.16174920969441517
1642882,Julian Reese,401.5,13,64.13333333333334,2.0,0.15973432959734332
1642461,Spencer Jones,1686.6716666666666,90,261.07666666666665,11.0,0.15478807869146632
1630555,Joel Ayayi,20.22,7,3.07,1.0,0.15182987141444115
1642272,Jared McCain,2009.6333333333334,105,302.9816666666667,18.0,0.1507646502678764
1627760,Cat Barber,12.84,3,1.93,1.0,0.15031152647975077
1641705,Victor Wembanyama,6249.001666666667,203,937.8766666666667,28.0,0.15008424012262225
1630698,Kevin Pangos,166.02,24,24.38,1.0,0.14684977713528488
1642845,VJ Edgecombe,3072.55,87,449.24333333333334,12.0,0.14621188697770038
2241,Omar Cook,211.46,22,30.75,1.0,0.14541757306346353
1630241,Sam Merrill,4693.634666666667,250,673.3363333333333,34.0,0.14345733768229652
1631173,Terquavion Smith,84.47,16,12.0,1.0,0.14206227062862556
1641767,Ben Sheppard,3726.929166666667,206,527.8191666666667,34.0,0.14162307440330119
190,Duane Causwell,1665.35,158,232.75,16.0,0.13976041072447234
1642281,Jaylon Tyson,2476.8483333333334,134,345.25333333333333,25.0,0.13939219801508504
1629614,Andrew Nembhard,8204.693333333333,288,1142.1133333333332,36.0,0.13920244022933215
1630648,Jordan Schakel,36.5,6,5.08,1.0,0.13917808219178082
202710,Jimmy Butler III,3324.420166666667,104,462.00683333333336,13.0,0.13897365861445213
204001,Kristaps Porziņģis,2252.1226666666666,87,307.801,14.0,0.13667150753185736
1630540,Miles McBride,5809.064333333334,314,784.6393333333333,40.0,0.13507155168362453
1630577,Julian Champagnie,6690.945,278,870.6216666666667,31.0,0.13011938771977152
1641709,Ausar Thompson,5368.725166666667,215,697.0718333333333,25.0,0.12983935882233494
203471,Dennis Schröder,4235.803333333333,168,541.785,27.0,0.12790607999584494
1643024,Chris Mañon,46.085,9,5.833333333333333,1.0,0.1265777006256555
310,Bobby Hurley,1503.71,110,188.87,17.0,0.12560267604790817
1642385,Cui Yongxi,10.32,5,1.28,1.0,0.12403100775193798
1641780,Johni Broome,62.495,13,7.7333333333333325,2.0,0.12374323279195668
1642260,Nikola Topić,182.08166666666665,19,21.99833333333333,9.0,0.12081575117392379
1631119,Jaylin Williams,4254.236166666667,262,512.9311666666666,38.0,0.1205695092072345
1631114,Jalen Williams,8570.339166666667,276,1023.1758333333333,32.0,0.11938568747814045
1631257,Jermaine Samuels Jr.,59.370000000000005,14,7.08,2.0,0.1192521475492673
1642885,Mohamed Diawara,676.7516666666667,75,80.24666666666667,9.0,0.11857623796025622
1630574,Ariel Hukporti,795.6133333333333,92,93.49833333333333,15.0,0.11751730321261585
1631128,Christian Braun,7642.456166666667,301,892.4895,25.0,0.1167804538929097
1630174,Aaron Nesmith,8162.59,356,946.5116666666667,35.0,0.11595727173197069
1642443,Jahmir Young,87.855,20,10.033333333333333,1.0,0.11420332745243109
1642917,Max Shulga,40.94166666666667,13,4.666666666666666,2.0,0.11398330958681048
2839,James Thomas,262.67,32,29.65,2.0,0.11287927818174895
1628392,Isaiah Hartenstein,9381.8575,464,1050.8458333333333,46.0,0.11200829189031418
1631288,Jamal Cain,1636.175,130,181.86666666666667,13.0,0.11115355427546973
203315,Toure' Murry,390.54,56,42.3,2.0,0.10831156859732677
280,Felton Spencer,3042.21,243,323.03000000000003,15.0,0.10618267640958383
1630595,Cade Cunningham,10005.342333333334,292,1030.744,26.0,0.10301936362197434
1631105,Jalen Duren,8082.757833333333,296,831.8911666666667,28.0,0.10292169873455115
1642266,Ja'Kobe Walter,2801.21,131,283.02166666666665,10.0,0.1010355048949085
1642404,Chaz Lanier,269.505,37,27.206666666666663,5.0,0.10095050803015404
63,Michael Smith,7423.8,302,748.83,27.0,0.10086882728521782
1630169,Tyrese Haliburton,11767.165833333333,356,1184.2358333333334,36.0,0.10063900263721108
203919,Jordan Adams,262.64,32,26.259999999999998,4.0,0.09998477002741395
1630167,Obi Toppin,7103.126666666667,409,709.1116666666667,37.0,0.09983091952933403
1641708,Amen Thompson,7062.218833333333,223,701.0605,19.0,0.0992691555649661
1627868,Patricio Garino,43.12,5,4.28,1.0,0.0992578849721707
1641778,Leaky Black,717.1966666666666,41,70.68333333333334,2.0,0.09855502209993541
899,Mark Price,3300.29,133,325.17,12.0,0.09852770514106336
1629622,Max Strus,8905.474,348,875.029,32.0,0.09825743132819208
1630596,Evan Mobley,11717.846666666666,360,1136.0783333333334,34.0,0.09695282466573779
1642263,Reed Sheppard,3002.186833333333,143,288.4635,13.0,0.0960844597668555
1642355,Bronny James,599.7131666666667,78,57.60483333333333,12.0,0.09605397469179015
1628973,Jalen Brunson,18209.6335,598,1737.0118333333332,49.0,0.0953897195862472
1642066,Myron Gardner,410.505,45,39.016666666666666,2.0,0.09504553334713747
1630207,Nate Hinton,169.35999999999999,38,16.08,2.0,0.0949456778460085
1627770,Kay Felder,525.3,58,49.6,6.0,0.09442223491338284
1629029,Luka Dončić,4265.0335,119,399.6635,10.0,0.09370700136352975
2123,Garth Joseph,15.700000000000001,4,1.47,1.0,0.09363057324840764
1629760,Matt Mooney,20.68,5,1.93,1.0,0.09332688588007737
1631107,Nikola Jovic,1100.68,61,102.23,5.0,0.09287894755969037
1627848,Shawn Long,233.61,18,21.68,1.0,0.09280424639356191
1642530,Yuki Kawamura,301.7,40,27.966666666666665,2.0,0.09269693956468898
1627936,Alex Caruso,11221.9925,511,1039.5125,44.0,0.09263172293155605
1630170,Devin Vassell,11246.861666666666,393,1036.74,31.0,0.09218038157903902
1629652,Luguentz Dort,13469.960166666666,470,1232.3485,46.0,0.09148865213793445
1642345,Oso Ighodaro,3033.195,149,277.375,10.0,0.09144647805366947
1629731,Dean Wade,7382.963166666666,369,670.5365,34.0,0.09082213805798256
1642366,Quinten Post,1990.8376666666666,121,179.86933333333334,14.0,0.09034856851713845
1628983,Shai Gilgeous-Alexander,18944.022166666666,568,1708.8421666666666,47.0,0.0902048230113188
1641740,Jaylen Clark,1495.1103333333333,119,134.78866666666667,15.0,0.09015298982393942
1631097,Bennedict Mathurin,7944.554833333334,286,714.7265,35.0,0.08996432336286347
1631210,Jacob Toppin,130.17666666666668,31,11.5,1.0,0.08834148464906665
1641764,Brandin Podziemski,6481.073333333334,234,563.8616666666667,17.0,0.08700127859480065
178,Olden Polynice,9278.68,365,801.87,25.0,0.08642069777166579
1642024,Alex Reese,216.04,15,18.5,1.0,0.08563229031660805
1628404,Josh Hart,19378.503333333334,633,1659.27,50.0,0.08562425959624333
1642347,Jamal Shead,3543.0633333333335,164,300.74833333333333,11.0,0.0848837023329153
182,Billy Owens,6894.25,272,580.63,21.0,0.084219458244189
691,Lou Roe,106.9,17,8.97,1.0,0.08391019644527596
116,David Wood,234.91,46,19.7,1.0,0.08386190455919289
203895,Jordan McRae,1696.8,123,141.43,9.0,0.08335101367279586
1631248,Baylor Scheierman,1934.7816666666668,119,160.635,13.0,0.08302487188476908
1642879,Ben Saraf,916.3183333333334,44,75.16666666666667,4.0,0.08203117184530122
1631221,Collin Gillespie,3119.6133333333332,143,253.95,10.0,0.08140431933872147
782,Mitch Richmond,11931.11,376,963.86,26.0,0.08078544242740197
1628436,Luke Kornet,7174.9695,455,577.9928333333334,41.0,0.08055683488735853
1631106,Tari Eason,5543.970666666667,234,443.46733333333333,18.0,0.07999092347289956
1642853,Rasheer Fleming,692.77,60,55.211666666666666,8.0,0.0796969653227863
1641775,Jordan Walsh,1802.4816666666666,141,143.25833333333333,14.0,0.07947838581807119
1641716,Jarace Walker,3595.4983333333334,196,283.455,23.0,0.07883608160018615
1630183,Jaden McDaniels,13669.242333333334,466,1077.224,33.0,0.07880641616639712
1630238,Malik Fitts,73.58,18,5.77,1.0,0.07841804838271269
1766,Maceo Baston,829.05,105,64.26,5.0,0.07751040347385563
1642962,Drake Powell,1319.5133333333333,63,101.06666666666666,4.0,0.0765938957292335
1641737,Adem Bona,2249.1433333333334,140,172.21833333333333,14.0,0.07657063504178628
1642967,John Poulakidas,253.435,13,19.333333333333332,1.0,0.07628517502844252
2434,Juan Carlos Navarro,2117.02,82,161.02,7.0,0.0760597443576348
1629755,Hassani Gravett,171.48000000000002,8,13.0,1.0,0.07581059015628644
1630296,Braxton Key,299.6793333333333,42,22.619333333333334,5.0,0.07547845586059766
1631466,Nate Williams,519.74,59,39.15,5.0,0.07532612460076192
1631094,Paolo Banchero,9851.216833333334,284,740.7485,20.0,0.07519360425542015
1642400,Tristan Enaruna,85.13333333333333,9,6.4,2.0,0.07517619420516837
1642874,Danny Wolf,1187.1616666666666,57,88.65,4.0,0.0746739070921259
1629061,Deng Adel,194.19,19,14.4,1.0,0.0741541788969566
1641794,Dillon Jones,636.946,71,47.105999999999995,11.0,0.07395603394950277
203992,Bogdan Bogdanović,1916.7173333333333,84,141.714,8.0,0.07393578465404045
1642402,Enrique Freeman,218.00833333333333,25,16.0,1.0,0.0733916899201101
904,Chris Mullin,7039.39,278,515.8,18.0,0.07327339442764216
1641744,Zach Edey,1807.2701666666667,81,132.2885,5.0,0.07319796588242987
1629060,Rui Hachimura,11840.7635,420,863.8785,25.0,0.07295800646639046
1629675,Naz Reid,11178.385666666667,510,813.0373333333333,32.0,0.07273298288121925
1629011,Mitchell Robinson,9917.3095,433,720.8895,41.0,0.07269002747166457
1628969,Mikal Bridges,22519.631833333333,675,1630.5818333333334,46.0,0.07240712660851598
1641816,Hunter Tyson,639.92,95,45.61333333333333,7.0,0.07127974330124599
1630198,Isaiah Joe,7296.606333333333,426,515.8696666666666,42.0,0.07069994502923939
1630537,Chris Duarte,3232.4900000000002,177,227.16,13.0,0.07027399930084857
1380,Lloyd Daniels,390.85,28,27.22,4.0,0.06964308558270435
1642278,Tyler Kolek,1083.1166666666668,114,75.32,13.0,0.06954006185852554
1628418,Thomas Bryant,6863.765333333334,423,474.02366666666666,46.0,0.06906175308246747
1630162,Anthony Edwards,16308.625,467,1125.52,31.0,0.06901378871609348
1629674,Neemias Queta,3435.5416666666665,196,236.685,14.0,0.0688930663529526
1630559,Austin Reaves,10617.160333333333,342,730.107,21.0,0.06876669251266526
1642866,Joan Beringer,337.28333333333336,45,23.151666666666667,5.0,0.06864159707466522
1641710,Anthony Black,5294.733333333334,225,363.42333333333335,15.0,0.06863864720917641
1630611,Gui Santos,2482.5871666666667,159,169.6605,14.0,0.06834019859524235
201174,Nick Fazekas,269.05,26,18.34,2.0,0.06816576844452704
1630202,Payton Pritchard,10095.679666666667,444,683.7663333333334,24.0,0.06772860826705443
1630598,Aaron Wiggins,7269.745666666667,374,491.71066666666667,42.0,0.0676379462518565
1631204,Marcus Sasser,2679.628333333333,172,178.22833333333332,12.0,0.06651233348903486
202732,DeAndre Liggins,1906.3799999999999,177,126.57000000000001,10.0,0.06639284927454128
291,Ed Pinckney,269.78000000000003,27,17.87,2.0,0.0662391578323078
378,Craig Ehlo,850.76,62,56.07,4.0,0.06590577836287555
1630194,Paul Reed,4301.838333333333,339,283.22,24.0,0.06583696969861336
1641720,Jalen Hood-Schifino,423.65,36,27.89,3.0,0.06583264487194619
201785,Othyus Jeffers,441.6,37,28.97,1.0,0.06560235507246376
1642419,Jamison Battle,1629.6516666666666,126,106.89666666666666,10.0,0.06559479479766125
1629618,Jalen Pickett,1655.8911666666668,136,108.33783333333334,13.0,0.0654256967572446
1642505,Alex Ducas,125.36,21,8.17,1.0,0.06517230376515636
1641842,Ronald Holland II,2908.2388333333333,173,189.39216666666667,20.0,0.06512263177835062
1631095,Jabari Smith Jr.,9688.536166666667,302,628.2578333333333,20.0,0.06484548568800821
1627858,Kyle Collinsworth,479.56,32,31.07,1.0,0.06478855617649512
1631342,Daeqwon Plowden,915.9183333333333,38,59.233333333333334,2.0,0.06467097685201192
1627988,Myke Henry,378.08000000000004,20,24.42,1.0,0.06458950486669487
1631212,Peyton Watson,5127.6331666666665,239,326.5181666666667,18.0,0.06367814468267183
1630591,Jalen Suggs,7460.526666666667,277,473.49666666666667,15.0,0.06346692235311359
1631107,Nikola Jović,2038.3683333333333,97,129.36,6.0,0.06346252435567337
1630578,Alperen Sengun,10985.640833333333,371,694.8608333333333,19.0,0.06325173413870788
1629623,Lindell Wigginton,293.42,29,18.54,2.0,0.06318587690000681
1629638,Nickeil Alexander-Walker,11066.860333333334,480,695.9136666666667,28.0,0.06288266461361022
1642869,Noah Penda,765.9416666666666,61,47.72,5.0,0.06230239465581583
1641783,Tristan da Silva,3672.8033333333333,162,228.79166666666669,14.0,0.06229347065502192
1642277,Johnny Furphy,1057.3713333333333,96,65.628,18.0,0.062067126212992346
1641763,Julian Phillips,1897.8700000000001,172,117.74,10.0,0.06203796888090332
203128,Furkan Aldemir,540.5,41,33.4,2.0,0.061794634597594815
1630228,Jonathan Kuminga,6846.390166666667,308,422.9368333333333,17.0,0.06177515786238787
963,Dontae' Jones,92.04,15,5.66,1.0,0.06149500217296827
1631199,Ron Harper Jr.,410.91666666666663,46,25.25,6.0,0.06144798215372136
1642348,Justin Edwards,2241.195,117,137.69,10.0,0.061435975004406125
1642878,Tyrese Proctor,557.9083333333333,54,34.155,6.0,0.061219734424711354
47,Wayman Tisdale,778.63,53,47.62,2.0,0.0611587018224317
202696,Nikola Vučević,4210.246666666667,143,256.44,11.0,0.06090854534255316
1125,Larry Stewart,980.21,70,59.699999999999996,4.0,0.060905316207751393
1631260,AJ Green,5023.105666666666,247,305.76233333333334,14.0,0.0608711728607209
957,Todd Fuller,2498.83,225,151.76,11.0,0.060732422773858166
1642270,Donovan Clingan,3554.108333333333,150,214.985,9.0,0.06048915222524169
203913,Jabari Brown,568.35,19,33.93,1.0,0.05969912905779889
101195,Luke Schenscher,266.62,31,15.87,1.0,0.059522916510389316
37,Greg Graham,249.38,34,14.77,2.0,0.05922688266901917
1630568,Luka Garza,2169.5099999999998,205,128.34333333333333,18.0,0.059157751443106206
1642434,Riley Minix,64.83333333333333,10,3.8333333333333335,1.0,0.059125964010282785
197,Scott Burrell,4119.25,247,243.34,14.0,0.059073860532863995
1641752,Bobi Klintman,113.77333333333334,20,6.720000000000001,2.0,0.059064807219032
1068,Greg Dreiling,386.96,40,22.62,1.0,0.05845565433119703
1631207,Dalen Terry,2472.37,225,143.75,15.0,0.05814259192596578
434,Tony Dumas,324.85,31,18.87,1.0,0.05808834846852393
38,Brad Lohaus,146.17000000000002,15,8.47,1.0,0.0579462269959636
1642276,Kel'el Ware,3241.9145,146,187.3795,9.0,0.0577990258533962
1627883,Jalen Jones,395.5,32,22.82,1.0,0.05769911504424779
1631165,Keon Ellis,4565.54,237,262.695,21.0,0.05753864822123998
200801,Hassan Adams,547.35,73,31.45,3.0,0.05745866447428519
1626157,Karl-Anthony Towns,25507.135166666667,757,1464.1351666666667,44.0,0.057401003958297656
1643018,LJ Cryer,292.14666666666665,18,16.743333333333332,1.0,0.057311396102414314
101261,Andre Owens,602.05,54,34.5,1.0,0.0573042106137364
1629668,Zach Norvell Jr.,40.800000000000004,5,2.33,1.0,0.0571078431372549
1641796,Pelle Larsson,2704.8746666666666,130,154.35966666666667,9.0,0.05706721593015277
1626167,Myles Turner,21041.337666666666,736,1196.651,42.0,0.05687143179569398
203162,Ben Hansbrough,200.3,28,11.38,1.0,0.056814777833250125
1627783,Pascal Siakam,22464.44616666667,714,1276.0745,41.0,0.056804182508334994
768,Acie Earl,500.03000000000003,47,28.35,1.0,0.05669659820410775
1629312,Haywood Highsmith,4552.363833333334,232,257.0505,16.0,0.05646528032707403
1627750,Jamal Murray,20264.521,631,1137.771,29.0,0.056145960716268595
1628368,De'Aaron Fox,20595.928333333333,624,1155.5766666666666,34.0,0.05610704445870652
1628378,Donovan Mitchell,21526.30216666667,636,1204.3371666666667,35.0,0.055947238747376435
1642860,Will Riley,1632.4883333333332,74,91.25,4.0,0.05589626470020715
1642358,AJ Johnson,1093.3133333333333,77,61.0,5.0,0.055793703543357505
1128,Stephen Howard,467.03,62,25.689999999999998,3.0,0.05500717298674603
1630573,Sam Hauser,6935.592166666666,349,380.85716666666667,21.0,0.05491343168894999
1631124,Julian Strawther,2895.476833333333,183,158.38683333333333,15.0,0.05470146799654933
1628386,Jarrett Allen,18332.622166666668,651,1001.4638333333334,35.0,0.05462741904724613
1629718,Charlie Brown Jr.,407.27,49,22.18,1.0,0.05446018611731775
1641738,Kobe Brown,1642.6433333333334,148,88.37666666666667,8.0,0.053801494745258145
1628978,Donte DiVincenzo,13580.805833333334,517,727.4341666666667,28.0,0.05356340231897137
1630224,Jalen Green,11310.894,352,604.949,18.0,0.05348374761535206
1627780,Gary Payton II,5402.344166666667,356,285.82416666666666,16.0,0.052907433856259616
1630572,Sandro Mamukelashvili,4053.008333333333,278,214.23499999999999,15.0,0.052858267829863
1641989,Elijah Harkless,682.8133333333334,36,35.733333333333334,2.0,0.05233250668801624
1641757,Jordan Miller,1801.02,109,94.155,7.0,0.05227870873171869
1642352,Keshad Johnson,385.78499999999997,50,20.133333333333333,3.0,0.052187963070967854
1629013,Landry Shamet,9952.393833333334,479,517.0771666666667,37.0,0.05195505476630472
202685,Jonas Valančiūnas,2419.835,150,125.54666666666667,12.0,0.05188232531005902
1642353,Cam Christie,550.89,70,28.516666666666666,5.0,0.0517647201195641
1641854,Craig Porter Jr.,2366.9266666666667,179,122.25333333333333,18.0,0.05165066372990009
1641766,Adama Sanogo,87.25,13,4.5,1.0,0.05157593123209169
101204,Dwayne Jones,620.46,72,32.0,2.0,0.05157463817167907
1629637,Jaxson Hayes,7420.6,447,377.57166666666666,27.0,0.05088155495063292
1631111,Wendell Moore Jr.,786.245,96,39.95,3.0,0.05081113393407907
1631123,Jamaree Bouyea,881.7716666666666,70,44.75666666666666,7.0,0.05075766024084088
1630532,Franz Wagner,10787.085,336,546.8216666666667,17.0,0.05069225529108807
1024,Horacio Llamas,140.76,28,7.1,2.0,0.05044046604148906
1630250,Marko Simonovic,54.76,16,2.7600000000000002,2.0,0.05040175310445581
1628976,Wendell Carter Jr.,13192.154833333334,475,660.1665,21.0,0.05004235534985699
1630590,Scotty Pippen Jr.,2581.7836666666667,120,128.647,4.0,0.049828729517874655
1631222,Jake LaRavia,4744.433333333333,226,234.54333333333332,14.0,0.04943547877161304
1642848,Tre Johnson,1442.8166666666666,60,71.31666666666666,3.0,0.049428779355196434
1628401,Derrick White,17370.524666666668,589,856.588,24.0,0.04931273041186589
1630311,Pat Spencer,1568.4771666666666,120,76.9505,10.0,0.04906064406633059
1630703,Scoot Henderson,4433.8983333333335,164,217.43833333333333,8.0,0.04903999076809384
293,Charles Smith,328.27,19,16.07,1.0,0.048953605263959546
1629660,Ty Jerome,4668.8065,253,228.01816666666667,11.0,0.04883864145294235
1630217,Desmond Bane,12496.875833333334,408,608.9075,17.0,0.048724777946168016
1631321,Sidy Cissoko,1716.5966666666666,113,83.17166666666667,11.0,0.048451490254942435
1631213,Tyrese Martin,2156.32,121,104.37666666666667,7.0,0.048404998639657686
241,Darrin Hancock,135.86,24,6.53,2.0,0.048064183718533784
1642261,Dalton Knecht,2068.5165,139,99.32983333333333,12.0,0.048019840950426704
1629216,Gabe Vincent,6900.581666666667,342,330.7833333333333,17.0,0.04793557258095875
1629130,Duncan Robinson,13569.939,517,649.754,25.0,0.04788186593911734
1642267,Bub Carrington,4728.76,164,226.34,8.0,0.04786455645877566
1628396,Tony Bradley,2677.0536666666667,248,127.56700000000001,17.0,0.04765201444722625
1630592,Jalen Wilson,3555.0716666666667,176,168.61,9.0,0.047428017156709926
1642346,Ryan Dunn,2815.1916666666666,150,133.15333333333334,10.0,0.04729814133436741
1630178,Tyrese Maxey,13328.13,400,624.3,16.0,0.04684077961424446
1641772,Nae'Qwan Tomlin,1086.51,76,50.635,10.0,0.04660334465398386
101182,Donell Taylor,833.87,98,38.69,4.0,0.04639811961097053
1629617,Reggie Perry,397.92,36,18.439999999999998,2.0,0.046340973059911535
1642942,Jahmai Mashack,673.1516666666666,31,31.005,1.0,0.04605945663557742
1642484,RayJ Dennis,276.60333333333335,28,12.73,3.0,0.04602258348296598
1629151,Ryan Broekhoff,633.14,59,29.08,1.0,0.045929810152572886
1630604,E.J. Liddell,425.13,46,19.5,3.0,0.04586832263072472
1641787,Tosan Evbuomwan,1039.2233333333334,50,47.45,2.0,0.04565909798022241
1631170,Jaime Jaquez Jr.,5663.3195,220,256.29783333333336,12.0,0.04525576092490162
1630231,KJ Martin,1657.83,103,74.81,4.0,0.04512525409722348
1629640,Keldon Johnson,12919.975,475,581.7133333333334,30.0,0.04502433892738441
1642502,Malevy Leons,297.4316666666667,31,13.366666666666667,1.0,0.044940294409360135
203944,Julius Randle,26280.698833333332,816,1179.9205,35.0,0.044896846445477256
204456,T.J. McConnell,16288.522833333333,785,728.9078333333333,40.0,0.044749781228883075
1631247,Luke Travers,190.97166666666666,24,8.516666666666667,1.0,0.044596493371617085
200810,Allan Ray,709.0,47,31.61,2.0,0.04458392101551481
1630639,A.J. Lawson,1182.0716666666667,114,52.656666666666666,9.0,0.04454608646119877
1630692,Jordan Goodwin,4380.728166666667,227,194.99483333333333,12.0,0.04451196831089991
1631250,Pete Nance,902.5983333333334,68,40.129999999999995,2.0,0.044460529692978965
1126,Donald Whiteside,275.71,30,12.23,1.0,0.044358202459105586
1629008,Michael Porter Jr.,12159.799833333333,411,535.3998333333333,17.0,0.04403031634333783
1630245,Ayo Dosunmu,9986.768333333333,358,438.005,16.0,0.04385853214778688
1630552,Jalen Johnson,7081.215,262,310.01666666666665,11.0,0.04378015166418004
1641748,Andre Jackson Jr.,1965.4026666666666,174,85.96766666666667,8.0,0.04374048541028404
200827,Darius Washington,146.09,18,6.380000000000001,2.0,0.04367170922034363
1642857,Kasparas Jakučionis,944.6566666666666,53,41.166666666666664,2.0,0.04357844296164038
200781,Paul Davis,701.91,82,30.02,2.0,0.04276901597070849
203,Nate McMillan,1077.75,55,46.09,2.0,0.04276501971700302
1642273,Kyshawn George,3193.153333333333,116,136.08333333333334,5.0,0.04261722477049855
1630264,Anthony Gill,3121.6833333333334,285,132.79666666666668,9.0,0.04254008254093678
1631120,JD Davison,434.50333333333333,70,18.46666666666667,6.0,0.04250063290653697
1630631,Jose Alvarado,6077.87,314,257.92333333333335,24.0,0.0424364676002174
1630558,Davion Mitchell,8841.585666666666,376,374.01233333333334,15.0,0.042301499689516485
1642259,Alex Sarr,3118.871666666667,115,131.44333333333333,5.0,0.04214451486996098
1642449,Tolu Smith,166.81333333333333,19,7.021666666666667,3.0,0.04209295819678683
181,Kenny Smith,762.26,48,31.880000000000003,2.0,0.04182300002623777
1631230,Dominick Barlow,2996.8433333333332,177,125.12833333333333,11.0,0.04175337827692027
917,Jack Haley,125.86,36,5.23,1.0,0.041554107738757354
1642384,Isaiah Crawford,137.74,29,5.676666666666667,3.0,0.041212913218140454
999,Jeff Nordgaard,48.57,13,2.0,1.0,0.04117768169652049
1627759,Jaylen Brown,21558.181166666665,692,882.9461666666666,25.0,0.04095643133530583
722,Corliss Williamson,18149.73,769,741.27,31.0,0.04084192987994863
356,Chris Morris,2049.0,171,83.6,5.0,0.04080039043435822
1641739,Toumani Camara,7219.981666666667,236,291.9083333333333,9.0,0.04043061974534099
1641741,Ricky Council IV,1538.66,105,62.09,4.0,0.04035329442501917
202351,Lazar Hayward,591.31,72,23.76,1.0,0.04018196884882719
1628415,Dillon Brooks,16623.949,561,665.4673333333334,21.0,0.04003064093455372
1628379,Luke Kennard,12845.1725,552,510.7108333333333,18.0,0.039758970409570854
203099,Jared Cunningham,605.15,84,24.02,7.0,0.03969263818887879
1629661,Cameron Johnson,10853.663333333334,400,426.37,14.0,0.03928351072863571
1629185,Chris Chiozza,1037.54,91,40.68,4.0,0.039208126915588795
1642914,Javon Small,829.9083333333333,41,32.483333333333334,1.0,0.03914086897147276
1642864,Hugo González,1102.68,78,43.13333333333333,6.0,0.03911681841815697
1629020,Jarred Vanderbilt,7441.242333333334,385,290.5106666666667,21.0,0.03904061360363348
1630538,Bones Hyland,4466.821666666667,267,173.565,15.0,0.0388564874427865
1630527,Brandon Boston Jr.,1352.87,105,52.53,2.0,0.03882856445926069
692,Andrew DeClercq,9640.71,565,373.92,18.0,0.03878552513248506
1629656,Quentin Grimes,8415.518333333333,330,326.3883333333333,14.0,0.03878410341529765
240,Brooks Thompson,1221.46,97,47.28,3.0,0.0387077759402682
335,Willie Anderson,300.65000000000003,28,11.63,1.0,0.038682853816730416
1629026,Kenrich Williams,8842.1285,474,341.7785,35.0,0.03865341925306785
1642920,Kobe Sanders,1363.6183333333333,69,52.5,4.0,0.03850050906228649
1630567,Scottie Barnes,12477.035,363,479.915,13.0,0.03846386581427399
2544,LeBron James,61618.91683333334,1637,2366.7701666666667,61.0,0.03840979829405797
1630541,Moses Moody,5962.3075,327,228.80916666666667,14.0,0.0383759419766033
1642265,Rob Dillingham,1502.33,117,57.49166666666667,8.0,0.038268334298500774
201979,Nick Calathes,2010.92,129,76.94,4.0,0.03826109442444254
1642873,Amari Williams,147.27333333333334,23,5.633333333333333,2.0,0.03825087139559096
1641731,Bilal Coulibaly,5130.865,178,196.03,7.0,0.03820603348558187
1629678,Admiral Schofield,1373.35,131,52.4,6.0,0.038154876761204354
320,Jamie Watson,357.47,26,13.6,1.0,0.038045150642011916
894,Ricky Pierce,1693.73,99,63.980000000000004,3.0,0.037774615788821124
1630346,Matt Ryan,773.24,82,29.08,4.0,0.03760798717086545
390,Sasha Danilovic,1789.18,56,67.04,2.0,0.03746967884729317
203932,Aaron Gordon,22691.627166666665,773,848.4921666666667,25.0,0.03739230159365022
1629750,Javonte Green,6047.085,362,225.67666666666668,20.0,0.03731990978573423
1642905,Yang Hansen,304.45666666666665,47,11.296666666666667,6.0,0.037104349825371974
684,Loren Meyer,772.9399999999999,68,28.67,3.0,0.03709214169275753
1642262,Cody Williams,2690.1316666666667,117,99.45,3.0,0.036968450738780446
1629018,Gary Trent Jr.,13243.844000000001,485,480.71566666666666,16.0,0.036297291531572455
1627827,Dorian Finney-Smith,17361.554333333333,637,629.1093333333333,22.0,0.036235772515221996
1630613,Duane Washington Jr.,1361.2,79,49.04,3.0,0.03602703496914487
1628424,Kobi Simmons,738.29,41,26.57,1.0,0.03598856817781631
1642950,Lachlan Olbrich,344.22166666666664,37,12.283333333333335,2.0,0.03568437005224347
1631127,Harrison Ingram,60.86666666666667,12,2.1666666666666665,1.0,0.03559693318729463
1642851,Kon Knueppel,2614.213333333333,83,93.03333333333333,3.0,0.03558750624789612
1630536,Sharife Cooper,738.5683333333334,54,26.28333333333333,3.0,0.0355868673853243
1631157,Ryan Rollins,3364.4575,158,119.5575,6.0,0.035535446650760194
203497,Rudy Gobert,28595.096333333335,932,1016.1113333333333,34.0,0.03553446092604525
1642269,Devin Carter,1095.7883333333334,74,38.93666666666667,4.0,0.03553301808591379
1630288,Jeff Dowtin Jr.,1129.57,87,40.1,1.0,0.03550023460254788
1629639,Tyler Herro,12972.086833333333,399,458.2635,14.0,0.035326891184727274
1630191,Isaiah Stewart,9043.148666666666,380,319.07366666666667,22.0,0.035283470219038014
1631217,Moussa Diabaté,3194.6583333333333,146,112.645,4.0,0.035260421693504
1631211,Trevor Keels,22.986666666666668,11,0.8083333333333333,1.0,0.035165313225058004
1642364,Jamir Watkins,1032.1933333333334,50,36.28333333333333,2.0,0.035151683470150935
200789,Daniel Gibson,9314.55,397,324.84000000000003,13.0,0.03487447058634073
201041,Walker Russell,357.67,28,12.47,1.0,0.03486453993904996
1641747,DaRon Holmes II,213.69833333333335,27,7.371666666666666,3.0,0.03449566756876905
201234,Trey Johnson,169.85,23,5.85,1.0,0.034442154842508094
201935,James Harden,43394.483166666665,1246,1491.8698333333334,40.0,0.03437925110441939
1631131,Oscar Tshiebwe,745.5,49,25.400000000000002,3.0,0.03407109322602281
1641711,Gradey Dick,3925.54,193,133.615,10.0,0.034037355370216585
134,Kevin Johnson,4058.57,126,137.0,3.0,0.0337557316986032
1631099,Keegan Murray,8373.166666666666,256,280.47,8.0,0.03349628774458091
1630209,Omer Yurtseven,1438.625,122,48.14,3.0,0.033462507602745675
1628369,Jayson Tatum,21244.41,615,709.71,19.0,0.03340690562835118
1642875,Maxime Raynaud,1963.88,74,65.46666666666667,2.0,0.03333537011765824
1642383,Walter Clayton Jr.,1410.535,69,46.91666666666667,2.0,0.03326161113809063
203501,Tim Hardaway Jr.,24729.686,906,821.4293333333334,29.0,0.033216326860492015
1631218,Trayce Jackson-Davis,2677.718,194,88.85133333333333,13.0,0.033181736588144585
1641750,Ryan Kalkbrenner,1509.625,71,49.94333333333333,3.0,0.033083271231818055
202779,Dwight Buycks,695.99,49,23.02,1.0,0.03307518786189457
203658,Norvel Pelle,333.28,40,11.0,1.0,0.03300528084493519
929,Tracy Moore,237.68,27,7.789999999999999,2.0,0.032775159878828675
200762,Oleksiy Pecherov,1044.05,111,34.17,1.0,0.0327283176093099
1630579,Jericho Sims,3959.1893333333333,263,129.061,10.0,0.03259783484295775
1472,Tom Chambers,91.42,13,2.97,1.0,0.032487420695690224
201164,Rudy Fernandez,5964.57,249,193.60000000000002,7.0,0.03245833312376249
1642849,Nolan Traore,1243.3916666666667,56,40.31666666666666,2.0,0.03242475218991066
1627826,Ivica Zubac,15139.384166666667,639,490.2441666666667,16.0,0.03238204151963248
1642856,Egor Dëmin,1308.2083333333333,52,42.08333333333333,2.0,0.032168678536165875
140,Donald Royal,1184.18,93,37.9,1.0,0.03200526946916853
2447,Tamar Slay,509.78000000000003,66,16.3,1.0,0.03197457726862568
201619,Sasha Kaun,95.38,24,3.04,2.0,0.03187250996015936
1629028,Deandre Ayton,14514.678333333333,480,462.3066666666667,16.0,0.03185097568472926
1642363,Nique Clifford,1881.925,75,59.71666666666667,2.0,0.03173169316878551
1631100,AJ Griffin,1572.17,92,49.72,3.0,0.03162507871286184
1630678,Terry Taylor,1171.19,98,36.93,1.0,0.031532031523493195
1629048,Goga Bitadze,5704.95,394,179.83666666666667,17.0,0.03152291723269558
1629631,De'Andre Hunter,11179.7545,380,350.1245,14.0,0.03131772705742331
202699,Tobias Harris,33188.467666666664,1053,1037.4876666666667,30.0,0.031260487139292754
1630190,Elijah Hughes,498.17,54,15.5,1.0,0.031113876789047916
1630549,Day'Ron Sharpe,3932.215,253,122.19333333333333,8.0,0.031074936984201863
1626162,Kelly Oubre Jr.,19720.115,717,608.8666666666667,21.0,0.03087541156157896
1629057,Robert Williams III,5887.173333333333,299,181.02166666666668,9.0,0.030748485974027153
200766,Marcus Williams,3092.97,203,95.1,5.0,0.03074714594709939
1627786,Troy Williams,1175.75,72,36.1,1.0,0.030703806081224753
1641724,Jett Howard,1475.3433333333332,136,45.265,6.0,0.030680994028508622
906,Haywoode Workman,1242.35,69,38.08,1.0,0.03065158771682698
1629628,RJ Barrett,14811.331666666667,451,452.065,13.0,0.03052156350109865
1122,Dominique Wilkins,2197.19,90,66.89,2.0,0.030443430017431355
1631126,Caleb Love,1012.6083333333333,49,30.75,2.0,0.030367121213368115
202081,Garret Siler,101.31,21,3.05,1.0,0.030105616424834662
203527,Ryan Kelly,3124.85,163,94.01,3.0,0.03008464406291502
1629685,Dylan Windler,1090.72,101,32.81,2.0,0.030081047381546135
1629636,Darius Garland,14215.112333333333,433,426.89566666666667,14.0,0.03003111453897058
1631110,Jeremy Sochan,5509.168333333333,236,165.24666666666667,14.0,0.02999484798219695
1641998,Trey Jemison III,473.8983333333333,51,14.198333333333334,2.0,0.0299607159060136
1628467,Maxi Kleber,10308.81,487,308.845,17.0,0.029959326052182555
1628502,Nigel Hayes-Davis,195.21333333333334,27,5.833333333333333,1.0,0.02988183867222184
1630557,Corey Kispert,8695.538333333334,355,259.67833333333334,13.0,0.029863399295002434
200978,Jeremy Richardson,243.78,44,7.2700000000000005,2.0,0.029821970629255887
1629713,Justin James,542.92,71,16.19,1.0,0.02982023134163413
1641790,PJ Hall,279.5783333333333,38,8.32,1.0,0.029759101504050745
1631116,Patrick Baldwin Jr.,702.7316666666667,71,20.909999999999997,3.0,0.029755312008613997
1642846,Ace Bailey,1987.6433333333334,72,59.1,2.0,0.029733704739113152
1628391,D.J. Wilson,1818.25,148,53.94,4.0,0.029665887529217654
1630534,Ochai Agbaji,5562.39,263,164.80333333333334,8.0,0.02962815144808856
1641824,Matas Buzelis,3759.5583333333334,157,111.23,6.0,0.029585922105211826
200829,Ivan McFarlin,41.31,11,1.22,1.0,0.029532800774630837
202697,Iman Shumpert,11470.34,461,338.38,14.0,0.029500433291428152
1630168,Onyeka Okongwu,9406.343333333334,387,276.915,10.0,0.02943917632888161
1641736,Reece Beekman,469.3,36,13.78,1.0,0.02936288088642659
1627884,Derrick Jones Jr.,11588.736166666667,555,339.96116666666666,16.0,0.02933548246999669
1626185,Jarell Martin,2926.49,184,85.44,3.0,0.029195384231622185
1641730,Noah Clowney,3192.2633333333333,135,93.18666666666667,4.0,0.029191409647700325
2737,Rafael Araujo,1584.41,139,46.16,3.0,0.02913387317676611
200818,Justin Williams,449.07,42,13.08,2.0,0.029126862181842475
1630570,Trendon Watford,4723.605,276,137.44333333333333,13.0,0.029097126735477107
1630166,Deni Avdija,12090.25,431,350.35,11.0,0.028977895411591986
173,Keith Askins,2863.71,157,82.58,3.0,0.028836718801833982
1641723,Kobe Bufkin,439.1433333333333,43,12.66,1.0,0.028828856182112145
1630192,Zeke Nnaji,3686.804166666667,311,106.1125,13.0,0.02878170230992741
1630284,Kevon Harris,460.52,35,13.22,1.0,0.028706679405889
1627739,Kris Dunn,11911.933166666666,497,341.8415,15.0,0.028697399088552646
1628370,Malik Monk,13306.593333333334,585,381.74333333333334,16.0,0.02868828435427249
1630163,LaMelo Ball,9454.681666666667,305,271.0683333333333,8.0,0.0286702760484268
2562,Sasha Pavlovic,8884.72,567,254.65,13.0,0.028661567275052
341,Joe Wolf,1156.61,116,33.03,2.0,0.02855759504067923
1627741,Buddy Hield,21338.7265,779,609.2648333333333,23.0,0.028552070965122182
1630,Mikki Moore,10245.54,563,291.19,11.0,0.028421147152809904
1627832,Fred VanVleet,17473.540166666666,557,494.5801666666667,14.0,0.028304519974157883
1631172,Ousmane Dieng,2470.099333333333,175,69.85766666666666,12.0,0.028281318780972103
766,David Wingate,1602.97,151,45.22,4.0,0.028210134937023148
202684,Tristan Thompson,20463.196666666667,822,576.4666666666667,24.0,0.028170899984834564
693,Joe Smith,24228.37,947,677.0699999999999,21.0,0.027945338460655833
1626153,Delon Wright,11221.773,554,313.023,18.0,0.02789425521261213
1626171,Bobby Portis,16687.002166666665,726,463.67216666666667,17.0,0.027786426946889296
1630551,Justin Champagnie,3267.96,187,90.69333333333333,5.0,0.027752277669657318
73,Hot Rod Williams,3879.85,164,107.65,3.0,0.027745918012294292
1641729,Brice Sensabaugh,3778.2066666666665,178,104.28666666666666,5.0,0.027602160460606533
2776,Pape Sow,875.85,76,24.13,2.0,0.02755037963121539
1631243,Mouhamed Gueye,1834.855,122,50.458333333333336,6.0,0.027499902353773642
2441,Jamal Sampson,629.8,72,17.299999999999997,2.0,0.02746903778977453
1631451,Javonte Cooke,93.66499999999999,19,2.5666666666666664,1.0,0.02740262282247015
1628984,Devonte' Graham,8357.84,336,228.5,7.0,0.027339599705186984
203923,James Young,812.04,95,21.990000000000002,2.0,0.027079946800650217
1628961,Kostas Antetokounmpo,86.17999999999999,22,2.33,1.0,0.027036435367834767
201144,Mike Conley,38108.68433333333,1253,1029.2726666666667,45.0,0.02700887434642741
201567,Kevin Love,28116.43,989,758.6666666666666,26.0,0.026983036845953295
1630696,Dru Smith,1698.6183333333333,108,45.81333333333333,3.0,0.026970940107204775
1629667,Jalen McDaniels,4549.86,252,122.62,7.0,0.02695027978882867
1642843,Cooper Flagg,2343.8583333333336,70,63.093333333333334,2.0,0.026918577985728658
1631104,Blake Wesley,2593.471666666667,191,69.69333333333333,12.0,0.026872602553976874
1628971,Bruce Brown,13486.208333333334,545,361.37833333333333,17.0,0.026796140501561778
1630543,Isaiah Jackson,3342.2916666666665,218,89.10333333333334,9.0,0.026659352988842488
1630700,Dyson Daniels,7656.6016666666665,278,203.09166666666667,8.0,0.026525040155978688
101180,Sarunas Jasikevicius,2529.44,138,66.94,4.0,0.026464355746726547
202701,Nolan Smith,828.76,84,21.93,3.0,0.026461219170809402
1630249,Vit Krejci,1396.63,81,36.92,4.0,0.02643506154099511
1641706,Brandon Miller,5340.15,168,140.37166666666667,4.0,0.026286090590464065
1630553,Keon Johnson,3099.82,161,80.86,4.0,0.026085385603035013
1626181,Norman Powell,16909.136833333334,683,440.3401666666667,15.0,0.026041552032308055
203158,Kevin Jones,334.0,32,8.67,1.0,0.02595808383233533
202343,Elliot Williams,1469.98,109,38.14,4.0,0.02594593123715969
1627747,Caris LeVert,15920.488333333333,597,412.25333333333333,20.0,0.025894515589084212
2760,Anderson Varejao,15091.55,632,389.22,16.0,0.02579059142367749
1631169,Josh Minott,1320.3416666666667,147,33.85333333333333,10.0,0.025639828074803868
355,Vincent Askew,1286.26,73,32.96,2.0,0.02562467930278482
1641712,Rayan Rupert,2165.285,155,55.25,2.0,0.02551627153007572
1628963,Marvin Bagley III,7698.152166666667,351,196.42216666666667,10.0,0.025515495460999484
1628997,Caleb Martin,8417.991666666667,368,214.73000000000002,9.0,0.0255084595593367
1728,Roshown McLeod,2125.84,113,54.07,2.0,0.025434651714145936
203935,Marcus Smart,20839.543333333335,707,529.97,17.0,0.02543097953362062
1629646,Charles Bassey,1411.4233333333334,127,35.87,5.0,0.025414061928030095
202331,Paul George,32080.54,957,811.6183333333333,23.0,0.02529939749559494
1629604,CJ Elleby,1366.29,88,34.5,1.0,0.025250861822892653
200784,Bobby Jones,866.38,91,21.8,1.0,0.025162169025139087
1629599,Amir Coffey,6452.765,374,162.30333333333334,14.0,0.02515252505450506
1629021,Moritz Wagner,6496.531666666667,402,163.34,12.0,0.025142646627597957
2694,Josh Powell,3966.55,315,99.68,6.0,0.025130150886790787
1630560,Cam Thomas,5859.9766666666665,257,146.88333333333333,6.0,0.025065515050401225
200772,Maurice Ager,505.78,82,12.65,4.0,0.025010874293170945
201950,Jrue Holiday,36210.253666666664,1104,903.6353333333334,26.0,0.024955233444420043
200763,Quincy Douby,1536.06,143,38.23,7.0,0.024888350715466842
202695,Kawhi Leonard,25671.31,806,638.6533333333333,18.0,0.024878096728734655
246,Greg Anderson,2058.52,132,51.04,2.0,0.024794512562423487
1629723,John Konchar,6456.346333333333,367,159.95633333333333,8.0,0.024775054663269562
200796,Leon Powe,3320.49,238,82.22,6.0,0.024761405696147258
1642275,Tidjane Salaün,1828.4233333333334,98,45.24333333333333,3.0,0.02474445195952068
1629052,Oshae Brissett,4073.89,233,100.63,5.0,0.0247012069545324
1631216,Caleb Houstan,2538.1873333333333,191,62.60066666666667,6.0,0.024663532846669316
1628476,Derrick Walton Jr.,503.75,45,12.4,1.0,0.024615384615384615
1629029,Luka Doncic,13942.6,400,343.07,9.0,0.024605884124912138
1630530,Trey Murphy III,9196.288333333334,317,226.27,7.0,0.0246044917034463
1630529,Herbert Jones,8843.82,296,217.15333333333334,7.0,0.02455424616662634
1628385,Harry Giles III,1934.99,165,47.510000000000005,4.0,0.02455309846562515
1630322,Lindy Waters III,2373.2466666666664,205,58.17333333333333,13.0,0.02451213106096571
1627736,Malik Beasley,13900.595166666666,583,340.41516666666666,12.0,0.024489251185659665
1628975,Jevon Carter,7165.455,469,175.12666666666667,13.0,0.024440411204405953
1630171,Isaac Okoro,10569.9105,406,257.6855,14.0,0.024379156285192764
1631109,Mark Williams,3943.2633333333333,167,95.52,4.0,0.024223591458512786
1872,Randell Jackson,268.4,27,6.45,1.0,0.024031296572280182
1642883,Sion James,1874.4,84,45.026666666666664,3.0,0.024021909233176836
1642948,Ryan Nembhard,1170.8799999999999,60,27.9,2.0,0.02382823175731074
1628389,Bam Adebayo,19884.39216666667,645,473.67216666666667,15.0,0.023821304805117963
694,Sam Mack,3897.93,188,92.69,4.0,0.023779287981056614
1631214,Alondes Williams,125.37333333333333,13,2.95,2.0,0.02352972455599277
200788,James Augustine,156.16,27,3.67,1.0,0.0235015368852459
1628970,Miles Bridges,15530.878333333334,503,364.46666666666664,11.0,0.02346722824326205
1629651,Nic Claxton,9942.066666666668,380,232.61666666666667,9.0,0.023397214529507614
67,Tom Hammonds,4017.3,250,93.92999999999999,3.0,0.023381375550743034
1641715,Cam Whitmore,2065.3933333333334,122,48.263333333333335,6.0,0.023367623277567792
1630215,Jared Butler,2045.82,148,47.620000000000005,3.0,0.023276730113108685
1642354,KJ Simpson,1098.73,56,25.55,1.0,0.023254120666587788
1631245,Quenton Jackson,1417.4950000000001,85,32.90833333333333,3.0,0.023215837328056415
1626166,Cameron Payne,8832.021166666667,513,204.05783333333332,20.0,0.023104318873631922
2572,Josh Howard,15340.710000000001,507,351.81,10.0,0.022933097620644674
1626150,Andrew Harrison,2985.9,145,68.43,2.0,0.022917713252285744
1629677,Luka Samanic,921.76,86,21.119999999999997,2.0,0.02291268876931088
980,Zydrunas Ilgauskas,22969.09,843,523.98,19.0,0.022812397008327278
203561,Brandon Davies,998.04,78,22.75,1.0,0.022794677568033345
84,Latrell Sprewell,23156.19,607,526.9300000000001,13.0,0.022755470567481097
923,Donyell Marshall,22016.9,823,499.06,21.0,0.022667132975123655
1630188,Jalen Smith,5463.8983333333335,324,123.81333333333333,9.0,0.02266025569655853
1630225,Isaiah Todd,135.54999999999998,18,3.07,1.0,0.02264846919955736
1631200,Kris Murray,3759.0816666666665,194,84.87333333333333,8.0,0.02257820948290119
1630623,Tyson Etienne,531.0966666666667,31,11.983333333333334,3.0,0.022563375154554415
203084,Harrison Barnes,33203.42166666667,1090,747.49,39.0,0.022512438853565943
1630533,Ziaire Williams,5768.496666666667,269,129.85,6.0,0.022510197630925214
65,Greg Minor,2440.0,136,54.86,3.0,0.02248360655737705
101158,Orien Greene,1554.44,131,34.91,5.0,0.022458248629731604
2484,Devin Brown,9006.63,465,201.2,10.0,0.022339099085895615
1629629,Cam Reddish,5875.74,254,131.01999999999998,5.0,0.02229846793765551
1627824,Guerschon Yabusele,3388.9066666666668,211,75.52333333333334,3.0,0.022285456863177112
1642928,Dylan Cardwell,906.5383333333333,44,20.133333333333333,1.0,0.022209025909917395
1043,Amal McCaskill,965.46,114,21.31,4.0,0.02207238000538603
29,Jim McIlvaine,4197.79,266,92.6,5.0,0.022059226402464154
1627849,Daniel Ochefu,74.91,19,1.65,1.0,0.022026431718061675
1627738,Deyonta Davis,1299.16,107,28.53,2.0,0.021960343606638136
1629670,Jordan Nwora,3358.02,206,73.68,7.0,0.021941501241803208
1641733,Nick Smith Jr.,2489.9766666666665,147,54.62833333333333,9.0,0.02193929528121415
2545,Darko Milicic,8638.35,467,188.11,11.0,0.021776149380379355
1628371,Jonathan Isaac,6230.875333333333,333,135.572,8.0,0.021758098621349403
1642859,Jase Richardson,595.415,56,12.916666666666668,4.0,0.021693552676144652
1628988,Aaron Holiday,8233.801166666666,511,177.6795,16.0,0.021579279898002558
1630173,Precious Achiuwa,8174.857333333333,401,176.299,14.0,0.02156600327214681
2747,JR Smith,26272.7,976,566.58,18.0,0.021565351105900802
1629645,Kevin Porter Jr.,8822.5675,314,190.21583333333334,7.0,0.021560144859569887
938,Rony Seikaly,4344.1,139,93.31,3.0,0.02147970810985014
1641753,Chris Livingston,218.451,47,4.684333333333334,2.0,0.021443405309810135
28,Doug West,3662.25,173,78.28999999999999,3.0,0.021377568434705438
1642285,Cam Spencer,1966.7016666666666,97,41.605,2.0,0.021154708263666493
1630219,Skylar Mays,1111.1,105,23.45,2.0,0.021105211052110523
202681,Kyrie Irving,26877.94,779,565.7,17.0,0.021046999881687366
156,Antoine Carr,2915.84,187,61.35,5.0,0.021040249122036874
1629627,Zion Williamson,8555.821666666667,276,179.99333333333334,6.0,0.021037527469113138
203088,Kendall Marshall,3083.14,160,64.84,3.0,0.02103050785887115
1642854,Asa Newell,510.64166666666665,46,10.733333333333333,2.0,0.021019305775413288
1627752,Taurean Prince,15075.040166666668,613,316.4268333333333,15.0,0.020990115438166715
1629023,P.J. Washington,13651.26,446,286.06666666666666,9.0,0.020955330619053966
1630230,Naji Marshall,8586.57,373,179.52333333333334,8.0,0.020907455868097894
1630181,R.J. Hampton,3116.03,170,65.07,4.0,0.02088234067066106
1629067,Isaac Bonga,1870.77,143,39.01,5.0,0.02085237629425317
1626220,Royce O'Neale,18076.15,684,376.9066666666667,14.0,0.02085104774338931
201604,Chris Douglas-Roberts,4379.59,222,91.22,5.0,0.020828433711831473
1630175,Cole Anthony,8511.968333333334,360,176.48,11.0,0.02073315983905798
1630273,Freddie Gillespie,511.01,29,10.58,1.0,0.020704095810258116
203110,Draymond Green,27611.926666666666,963,570.4483333333334,17.0,0.020659490379640297
1641890,Tyler Smith,287.1533333333333,35,5.883333333333333,1.0,0.020488473057367725
1627742,Brandon Ingram,19071.788333333334,577,390.67833333333334,12.0,0.020484619821965654
201587,Nicolas Batum,34101.3105,1212,696.5288333333333,27.0,0.02042528052795312
203521,Matthew Dellavedova,9285.72,479,188.92,8.0,0.02034521824909646
201632,Hamed Haddadi,1055.85,150,21.43,1.0,0.02029644362362078
2078,Jason Hart,5291.76,341,107.17999999999999,5.0,0.02025413095076118
1630587,Isaiah Livers,2398.72,130,48.55,2.0,0.020239961312700106
1626175,Jordan Mickey,482.27,64,9.75,1.0,0.02021689095320049
201238,Mario West,796.67,162,16.1,1.0,0.020209120463931116
1631159,Leonard Miller,815.575,79,16.42,5.0,0.02013303497532416
203123,Kostas Papanikolaou,1089.09,69,21.92,1.0,0.020126894930630163
203485,Lorenzo Brown,1183.86,103,23.77,1.0,0.020078387647188015
203117,Doron Lamb,1273.22,100,25.53,1.0,0.02005152291041611
1627751,Jakob Poeltl,14602.86,648,291.87,14.0,0.019987180593390608
2753,Delonte West,11839.49,432,236.46,9.0,0.019972144070394927
1629632,Coby White,13856.885,474,276.03,10.0,0.01992006139908067
2400,Drew Gooden,20148.14,791,400.96,14.0,0.01990059628332938
1629611,Terance Mann,10628.836666666666,475,211.1,9.0,0.019861063503029967
1956,Ira Newble,7635.39,380,151.3,7.0,0.0198156217298658
258,Brian Grant,16750.03,598,331.52,13.0,0.01979220335724772
1630200,Tre Jones,8195.403333333334,362,161.63666666666666,6.0,0.019722844635265052
202954,Brad Wanamaker,3084.55,191,60.78,3.0,0.019704657081259826
201143,Al Horford,37282.11483333333,1196,733.1665,24.0,0.019665367784997213
1642271,Kyle Filipowski,3322.4733333333334,149,65.26666666666667,3.0,0.019644000152496833
200821,Yakhouba Diawara,2613.66,187,51.22,3.0,0.019597040165897632
203992,Bogdan Bogdanovic,12950.61,449,253.24,9.0,0.019554291265044658
1630182,Josh Green,7336.575,351,143.44666666666666,7.0,0.019552266100553276
1631098,Johnny Davis,1277.72,112,24.979999999999997,3.0,0.01955044923770466
1626158,Richaun Holmes,9361.98,489,182.63,8.0,0.019507625523660595
365,Derrick McKey,5409.24,259,105.12,5.0,0.019433413936153693
202389,Timofey Mozgov,8181.92,453,157.0,8.0,0.019188650096798796
1631108,Max Christie,5828.42,263,111.63333333333334,5.0,0.019153275387383432
203991,Clint Capela,18352.28,743,350.26,18.0,0.019085367049761666
202346,Dominique Jones,735.42,77,14.0,1.0,0.019036740909956218
1642367,Jonathan Mogbo,1538.5716666666667,106,29.258333333333333,5.0,0.019016555398242742
1628381,John Collins,15630.663333333334,542,297.0733333333333,11.0,0.019005804616097546
1630172,Patrick Williams,8951.38,348,169.90166666666667,7.0,0.018980499840992864
2056,Primoz Brezec,6194.64,342,117.52000000000001,4.0,0.01897123965234461
364,Rex Chapman,6236.47,224,118.31,3.0,0.018970667701440076
1629006,Josh Okogie,9410.723333333333,500,178.115,10.0,0.018926812922988208
203954,Joel Embiid,15841.308333333332,497,299.41999999999996,9.0,0.01890121659774524
376,Eric Montross,4728.65,326,88.97,4.0,0.01881509521745107
1631246,Vince Williams Jr.,2897.4656666666665,137,54.28066666666666,4.0,0.018733842920428047
924,Anthony Goldwire,4324.83,224,81.0,4.0,0.018729059870561386
1630535,Greg Brown III,772.66,70,14.47,1.0,0.018727512748168664
1365,Xavier McDaniel,1351.28,82,25.13,1.0,0.018597181931205967
1626204,Larry Nance Jr.,13040.64,583,242.43333333333334,14.0,0.018590600870304935
1628398,Kyle Kuzma,18763.104,615,348.3156666666667,13.0,0.018563861643929848
1627734,Domantas Sabonis,20462.028333333332,665,379.73,13.0,0.018557788788778437
1630531,Jaden Springer,967.1,110,17.91,3.0,0.018519284458690933
203500,Steven Adams,20627.437166666667,802,381.48216666666667,18.0,0.018493919704340715
2422,John Salmons,23636.94,895,436.61,15.0,0.01847151111776736
204014,Damjan Rudez,1638.66,146,30.240000000000002,5.0,0.018454102742484713
2757,Beno Udrih,18187.9,831,335.39,13.0,0.01844028172576273
1630184,Kira Lewis Jr.,1744.27,131,32.03,2.0,0.018362982795094795
1630583,Santi Aldama,6638.6335,282,121.58516666666667,4.0,0.018314788226623246
1641774,Tristan Vukcevic,1336.89,94,24.476666666666667,2.0,0.018308661645061796
101113,Ike Diogu,2795.36,225,51.03,4.0,0.01825525155972755
203903,Jordan Clarkson,22297.056666666667,843,406.53833333333336,27.0,0.018232825050002864
201572,Brook Lopez,35267.70766666667,1186,642.101,23.0,0.018206485266035105
1641765,Olivier-Maxence Prosper,1903.9116666666666,145,34.47833333333333,3.0,0.018109208497943268
1631101,Shaedon Sharpe,6649.14,240,120.10666666666667,7.0,0.01806348891235057
201154,Al Thornton,8274.19,296,148.94,6.0,0.018000553528502487
1626179,Terry Rozier,18356.46,665,329.63,11.0,0.017957166033102243
1628439,Isaiah Hicks,271.36,21,4.86,1.0,0.017909787735849055
1628998,Cody Martin,5720.53,259,101.62,5.0,0.01776408829251835
1642268,Isaiah Collier,3356.06,130,59.31666666666666,2.0,0.017674495291105242
2411,Bostjan Nachbar,5615.74,317,98.8,6.0,0.017593407102180658
203914,Gary Harris,17410.671166666667,671,305.72950000000003,13.0,0.01755989169362579
1628470,Torrey Craig,8935.903333333334,463,156.87333333333333,11.0,0.01755539730920694
2788,DJ Mbenga,1564.25,234,27.44,5.0,0.01754195301262586
203902,Semaj Christon,972.32,64,17.03,1.0,0.017514809939114695
101128,Francisco Garcia,11852.53,549,206.29999999999998,8.0,0.01740556657523752
724,Cory Alexander,4268.91,247,74.18,2.0,0.017376801103794647
203513,Erik Murphy,62.17,24,1.08,1.0,0.017371722695834004
1626164,Devin Booker,25524.448333333334,743,438.0416666666667,12.0,0.017161650702342962
203507,Giannis Antetokounmpo,29460.993333333332,900,505.20666666666665,14.0,0.017148324258810917
2570,Kendrick Perkins,17164.1,782,293.85,12.0,0.01712003542277195
100,Tim Legler,918.42,76,15.72,1.0,0.01711635199581891
1627789,Timothe Luwawu-Cabarrot,5253.81,328,89.65,3.0,0.01706380702766183
1023,Emanual Davis,3934.62,226,66.58,4.0,0.016921583278690193
323,Greg Foster,4555.19,356,77.00999999999999,5.0,0.016905990749013763
1630581,Josh Giddey,9924.376666666667,334,167.59333333333333,6.0,0.016887038749368977
785,Eric Murdock,2606.05,149,43.92,2.0,0.016853091843978433
1629605,Tacko Fall,226.86,36,3.82,1.0,0.01683857885920832
786,Gerald Wilkins,3483.79,155,58.620000000000005,2.0,0.016826502171485652
201595,Joey Dorsey,1489.32,130,25.0,1.0,0.016786184298874653
1630218,Robert Woodard II,87.58,25,1.47,1.0,0.016784654030600595
2,Byron Scott,1439.79,79,24.0,1.0,0.01666909757672994
201566,Russell Westbrook,43336.093,1314,721.7696666666667,26.0,0.01665516239931151
201159,Javaris Crittenton,1852.23,113,30.77,2.0,0.0166124077463382
1514,Paul Grant,109.75,16,1.82,1.0,0.016583143507972666
203114,Khris Middleton,25263.476666666666,839,418.74333333333334,15.0,0.016575047799570475
1628960,Grayson Allen,11733.058333333332,456,193.90333333333334,7.0,0.01652623960646805
1630649,Stanley Umude,401.5966666666667,49,6.636666666666667,2.0,0.01652570157454826
203995,Vasilije Micic,1961.11,101,32.370000000000005,2.0,0.016505958360316354
201178,Kyrylo Fesenko,1107.3,135,18.27,1.0,0.016499593606068817
203939,Dwight Powell,13476.121666666666,768,222.24,11.0,0.01649139162565689
1510,Brevin Knight,18189.96,729,299.94,11.0,0.01648931608425747
1626208,Keifer Sykes,566.35,32,9.32,1.0,0.016456254966010418
203460,Andre Roberson,6800.86,307,111.8,5.0,0.016439097408268953
1630314,Brandon Williams,2701.145,137,44.36333333333333,2.0,0.016423899247664724
1630643,Jay Huff,2649.753833333333,179,43.430499999999995,4.0,0.016390390478411107
2205,DeSagana Diop,8401.37,601,137.45,10.0,0.01636042693036969
1629680,Matisse Thybulle,7816.035,382,127.80833333333334,9.0,0.016352067683081426
969,Travis Knight,4569.01,370,74.71,3.0,0.016351463446129467
1898,Cal Bowdler,1377.97,142,22.450000000000003,2.0,0.01629208183051881
1628407,Dwayne Bacon,4011.65,207,65.23,3.0,0.016260142335448008
1626172,Kevon Looney,10738.115,632,174.48833333333334,14.0,0.016249437944493364
203468,CJ McCollum,27717.593333333334,869,450.09499999999997,14.0,0.016238603207252962
200759,Cedric Simmons,705.48,75,11.43,2.0,0.016201734988943697
101123,Gerald Green,13023.6,658,210.92,10.0,0.016195214840750635
2470,Smush Parker,7063.99,274,114.27000000000001,5.0,0.016176410215756252
203481,Jeff Withey,2074.12,207,33.54,2.0,0.01617071336277554
1626192,Pat Connaughton,11754.865,641,189.38666666666666,12.0,0.016111343402639387
202,Gary Grant,774.79,59,12.48,1.0,0.01610759044386221
1051,Dean Garrett,6972.8,359,111.81,4.0,0.01603516521340064
1630235,Trent Forrest,1758.22,151,28.12,3.0,0.015993447918917998
1629162,Jordan McLaughlin,4376.693333333334,342,69.93,13.0,0.015977815824427574
204,Jeff Hornacek,8621.27,287,137.65,5.0,0.015966325146991103
202397,Ish Smith,15492.38,805,247.21,10.0,0.01595687686462635
328,Rick Mahorn,1052.64,97,16.77,1.0,0.015931372549019607
706,Jerome Allen,944.43,76,15.040000000000001,3.0,0.015924949440403208
1049,Shane Heal,296.08,49,4.71,1.0,0.015907862739800056
157,Derek Harper,5092.56,186,80.97,3.0,0.01589966539422216
203530,Joffrey Lauvergne,2823.16,208,44.84,2.0,0.015882911347567974
203111,Orlando Johnson,1112.78,103,17.67,1.0,0.01587914951742483
1626191,Chris McCullough,532.58,59,8.45,2.0,0.015866160952345186
202130,Reggie Williams,3734.85,206,59.03,3.0,0.015805186285928485
1831,Marlon Garnett,204.29,24,3.22,1.0,0.015761907092858192
203484,Kentavious Caldwell-Pope,28280.826166666666,968,445.2778333333333,15.0,0.01574486652932941
288,Armen Gilliam,5623.86,246,88.53,3.0,0.015741857016355314
1627875,Marcus Georges-Hunt,271.9,47,4.28,1.0,0.015741081279882312
203083,Andre Drummond,25626.183333333334,979,402.46000000000004,21.0,0.01570503085711164
2766,Antonio Burks,787.6,81,12.32,1.0,0.01564245810055866
2212,Steven Hunter,5996.78,400,93.52,5.0,0.015595036002654758
101211,Stephen Graham,2913.59,238,45.39,3.0,0.015578719037338816
1642377,Jaylen Wells,3864.391666666667,148,60.13333333333333,2.0,0.01556087956922931
228,Adam Keefe,5056.57,315,78.68,5.0,0.015559954672831586
202083,Wesley Matthews,28578.93,986,444.04,16.0,0.015537320676456396
2069,Hanno Mottola,2356.64,155,36.38,2.0,0.015437232670242381
203080,Thomas Robinson,4206.41,313,64.87,3.0,0.01542170164106685
1641722,Jordan Hawkins,3173.185,174,48.906666666666666,5.0,0.01541248514242525
1627781,Malachi Richardson,624.85,70,9.629999999999999,2.0,0.015411698807713849
35,Eric Riley,875.4399999999999,74,13.48,1.0,0.015397971305857627
1628989,Kevin Huerter,15160.328333333333,556,233.25666666666666,13.0,0.015385990430946031
203082,Terrence Ross,17956.43,733,275.12,10.0,0.015321531061575158
201975,Jodie Meeks,12108.83,539,185.47,6.0,0.015316921618356192
1642862,Liam McNeeley,373.23833333333334,32,5.716666666666667,1.0,0.015316397476143483
727,Eric Snow,22744.44,803,346.92,14.0,0.01525295852524837
203994,Jusuf Nurkić,2145.8683333333333,92,32.71666666666667,1.0,0.01524635326336425
1629626,Bol Bol,2750.66,199,41.93,4.0,0.015243614259850364
202685,Jonas Valanciunas,22037.59,856,335.18,13.0,0.01520946709690125
201146,Jianlian Yi,1314.94,93,19.97,1.0,0.015187004730253851
1628382,Justin Jackson,4884.8,278,73.81,4.0,0.015110137569603669
1630249,Vít Krejčí,2561.08,126,38.61333333333333,5.0,0.01507697273546056
2031,Stromile Swift,10800.94,547,162.77,8.0,0.015069984649484211
201151,Acie Law,2384.78,188,35.89,2.0,0.015049606252987695
1641721,Maxwell Lewis,430.5,62,6.47,2.0,0.01502903600464576
101133,Ian Mahinmi,10351.78,618,155.49,11.0,0.015020605151964203
1802,Brad Miller,24546.26,867,368.04,10.0,0.014993730205742139
203963,Shayne Whittington,148.85999999999999,27,2.23,1.0,0.014980518608088137
203897,Zach LaVine,22683.013333333332,693,339.63666666666666,10.0,0.014973172288690627
1630699,MarJon Beauchamp,1661.4116666666666,149,24.62333333333333,3.0,0.01482072976093623
1630702,Jaden Hardy,3503.8166666666666,235,51.903333333333336,4.0,0.014813370182039586
187,Terry Cummings,3418.21,191,50.629999999999995,3.0,0.014811845966163575
1627746,Skal Labissiere,2644.67,155,39.13666666666667,2.0,0.014798317622488504
201593,Nikola Pekovic,6745.65,271,99.78999999999999,4.0,0.014793237123183088
1630811,Keaton Wallace,1052.59,87,15.45,3.0,0.014678079784151475
1497,Chauncey Billups,33038.14,1043,484.74,14.0,0.014672133479669256
101122,Danny Granger,18486.4,586,270.79,8.0,0.014648065604985286
201939,Stephen Curry,36656.7205,1079,536.7388333333333,15.0,0.014642303676165829
203156,Henry Sims,2541.53,135,37.2,2.0,0.01463685260453349
1641707,Taylor Hendricks,2049.425,102,29.950000000000003,2.0,0.01461385510570038
2222,Gerald Wallace,24736.11,832,359.27,11.0,0.014524110702935909
64,Sam Perkins,7062.3,355,102.55,5.0,0.014520765189810684
2419,Tayshaun Prince,31576.02,1017,457.53,13.0,0.014489793203829994
1628367,Josh Jackson,6718.27,291,96.82,3.0,0.014411448185321517
1630165,Killian Hayes,6046.2266666666665,239,87.07333333333332,3.0,0.014401268449523339
1628964,Mo Bamba,6160.67,368,88.58333333333333,6.0,0.014378847322342103
200081,Jamario Moon,6452.23,286,92.53,7.0,0.014340778304555171
2230,Maurice Evans,10908.92,562,156.39,7.0,0.014335974596935351
101112,Channing Frye,19773.05,890,282.92,14.0,0.014308364162332065
1629133,Daryl Macon,103.93,12,1.48,1.0,0.014240354084479937
201228,C.J. Watson,12093.61,600,172.20999999999998,8.0,0.014239751405907745
1628981,Bruno Fernando,2325.6,220,33.06,5.0,0.014215686274509805
1626168,Trey Lyles,11972.04,650,170.19,9.0,0.014215622400192448
1901,Dion Glover,6131.2,294,87.08,3.0,0.01420276617954071
1627757,Stephen Zimmerman,107.77,19,1.53,1.0,0.014196900807274752
380,Tony Smith,1447.26,82,20.53,1.0,0.014185426253748464
1628972,Troy Brown Jr.,6776.46,356,96.03,4.0,0.014171115892368582
17,Clyde Drexler,4744.45,132,67.09,2.0,0.014140732856284713
203948,Johnny O'Bryant III,1684.43,147,23.8,2.0,0.014129408761420777
1643052,Chaney Johnson,347.5833333333333,17,4.9,1.0,0.014097338767681614
202687,Bismack Biyombo,17080.47333333333,900,240.48666666666665,21.0,0.014079625428022878
273,Duane Ferrell,1615.33,120,22.74,1.0,0.014077618814731355
200750,Brandon Roy,11559.84,326,162.4,6.0,0.014048637351382027
763,Tony Massenburg,8431.43,496,118.44,6.0,0.014047439165123828
202357,Nemanja Bjelica,9173.28,449,128.81,5.0,0.014041869429473426
202709,Cory Joseph,18418.49,871,258.46,11.0,0.014032637854677553
107,Dale Ellis,6681.37,251,93.75,2.0,0.014031553408956546
2590,Mo Williams,23866.15,818,334.78,11.0,0.014027398637819672
2586,Keith Bogans,14531.42,671,203.77,7.0,0.014022717669711563
202382,Derrick Caracter,214.99,41,3.0,1.0,0.013954137401739616
1627790,Ante Zizic,1517.17,113,21.15,2.0,0.01394042856107094
200760,Rodney Carney,4598.63,299,63.99,3.0,0.013915013819333149
1631323,Simone Fontecchio,4824.738333333334,264,66.99,5.0,0.013884690810520638
137,Vernon Maxwell,5365.78,250,74.41,3.0,0.013867508544890026
202388,Donald Sloan,3749.42,218,51.92,3.0,0.01384747507614511
200746,LaMarcus Aldridge,36241.23,1076,501.28999999999996,14.0,0.01383203605396395
777,Rex Walters,2173.66,163,30.05,1.0,0.013824609184509078
2594,Kyle Korver,31157.87,1232,429.41,17.0,0.013781750806457568
2067,Eddie House,12384.21,717,170.36,11.0,0.013756226678972661
2549,Chris Kaman,19659.31,735,269.93,10.0,0.013730390334147026
710,David Vaughn,888.21,86,12.17,1.0,0.013701714684590355
200767,Josh Boone,4481.93,256,61.339999999999996,5.0,0.013686068278621039
2210,Richard Jefferson,34300.08,1181,469.4,21.0,0.01368509927673638
203901,Elfrid Payton,13892.97,524,189.91,6.0,0.013669503353134715
1629001,De'Anthony Melton,9321.856666666667,407,127.23333333333333,5.0,0.013648926161705268
226,Antonio Lang,976.77,90,13.31,1.0,0.013626544631796637
765,Hersey Hawkins,9298.47,334,126.66,4.0,0.013621595810923733
1628380,Zach Collins,7321.606666666667,388,99.57,6.0,0.013599474068077953
2245,Damone Brown,346.11,39,4.7,1.0,0.013579497847505128
1627749,Dejounte Murray,15134.106666666667,517,204.99,6.0,0.013544902551235269
203960,JaKarr Sampson,3549.02,236,47.980000000000004,2.0,0.013519225025499999
1888,Richard Hamilton,29576.29,921,398.94,11.0,0.01348850717923039
672,Matt Bullard,4999.46,327,67.27000000000001,3.0,0.013455453188944408
968,Priest Lauderdale,527.41,73,7.08,1.0,0.013424091314157867
1641718,Keyonte George,5917.128333333333,196,79.35,3.0,0.013410221230625102
22,Rik Smits,6725.66,253,90.12,3.0,0.013399428457578886
386,Elliot Perry,4994.02,309,66.75999999999999,3.0,0.013367988113784084
203101,Miles Plumlee,5658.64,346,75.52,5.0,0.013345962987572985
201938,Jonny Flynn,3738.43,163,49.8,2.0,0.013321100033971479
412,Sharone Wright,1054.98,67,14.02,1.0,0.013289351456899657
201586,Serge Ibaka,25128.9,919,333.28999999999996,13.0,0.013263214864160386
1627733,Dragan Bender,3753.29,187,49.56999999999999,2.0,0.01320707965544895
2734,Devin Harris,23968.37,985,316.15999999999997,13.0,0.01319071759990354
1894,Corey Maggette,23366.31,827,308.18,10.0,0.013189074355343227
203087,Jeremy Lamb,11894.39,573,156.81,8.0,0.013183526015205489
2034,Mike Miller,27810.03,1032,366.46,11.0,0.013177260146788767
200782,P.J. Tucker,24996.756666666668,887,329.2866666666667,14.0,0.013173175666656487
200777,Joel Freeland,1821.78,151,23.97,2.0,0.01315746138392122
1074,Matt Maloney,7471.87,295,98.03999999999999,4.0,0.013121213297340558
1628412,Frank Mason III,1616.6299999999999,103,21.18,1.0,0.013101328071358321
1710,Mike Bibby,33964.24,1001,444.44,12.0,0.013085527601971958
1515,Anthony Parker,13748.9,494,179.88,6.0,0.013083228476459935
2240,Gilbert Arenas,19354.92,552,252.33,6.0,0.013036995244619974
2679,Matt Carroll,7587.8,459,98.83,6.0,0.013024855689396136
1629655,Daniel Gafford,8684.858333333334,433,112.66666666666666,5.0,0.01297276965753615
292,Anthony Miller,986.15,107,12.79,1.0,0.012969629366729199
1629659,Talen Horton-Tucker,5942.01,305,77.02,7.0,0.012961943854015728
2224,Jamaal Tinsley,14442.77,547,186.94,6.0,0.012943500450398365
2731,Emeka Okafor,19056.54,616,246.6,7.0,0.01294043934523266
1630647,Eugene Omoruyi,1056.74,87,13.63,1.0,0.012898158487423586
202682,Derrick Williams,8860.78,427,113.94,6.0,0.012858913097943972
1629643,Chuma Okeke,4040.33,201,51.94,5.0,0.01285538557494066
201601,Luc Mbah a Moute,16039.23,688,206.07,8.0,0.012847873619868286
1630195,Leandro Bolmaro,309.42,49,3.97,1.0,0.012830456984034646
1545,DeJuan Wheat,737.76,80,9.45,1.0,0.01280904359141184
2053,Dalibor Bagaric,970.46,95,12.41,1.0,0.012787750139109289
2357,Tierre Brown,1644.96,134,21.0,1.0,0.012766267872775022
203092,Tyler Zeller,7255.9,414,92.4,4.0,0.012734464366928983
1628991,Jaren Jackson Jr.,13232.699666666667,459,168.04133333333334,5.0,0.012698945609461047
2137,Ime Udoka,5711.73,316,72.47,3.0,0.012687924674310586
1627732,Ben Simmons,11946.192,388,151.422,9.0,0.012675336207554675
982,Martin Muursepp,953.62,83,12.05,1.0,0.012636060485308614
1628518,Amile Jefferson,142.58,30,1.8,1.0,0.01262449151353626
1891,Jason Terry,42026.59,1410,530.33,17.0,0.012618915786410462
1112,Ben Wallace,32094.29,1088,404.7,12.0,0.01260971967287639
200809,Chris Quinn,3302.49,241,41.64,3.0,0.012608668005050736
688,Michael Curry,12374.88,610,155.31,6.0,0.012550424731391336
101179,Ronnie Price,7292.51,544,91.15,6.0,0.012499125815391409
1629002,Chimezie Metu,3577.52,261,44.7,3.0,0.012494689058342093
1627788,Furkan Korkmaz,5446.66,328,67.94,4.0,0.012473699478212336
2200,Pau Gasol,40983.13,1226,510.35,13.0,0.012452684799818854
1110,Mark Strickland,3410.48,277,42.459999999999994,4.0,0.012449860430203371
202325,Wesley Johnson,13470.47,607,167.65,5.0,0.012445742427695545
201585,Kosta Koufos,11275.06,686,140.05,8.0,0.01242121993142387
1627753,Zhou Qi,124.92,19,1.55,1.0,0.012407941082292668
1627777,Georges Niang,9495.45,544,117.56,7.0,0.012380666529758989
219,Vinny Del Negro,7194.27,308,89.05,3.0,0.012377906305990739
201584,Courtney Lee,21938.5,811,270.98,9.0,0.01235180162727625
2399,Mike Dunleavy,27341.329999999998,986,337.16,11.0,0.012331514231385234
203469,Cody Zeller,11509.8,552,141.53,7.0,0.01229647778414916
201591,DJ White,2109.98,138,25.93,1.0,0.012289216011526176
101108,Chris Paul,45832.755,1370,561.57,16.0,0.012252590969056957
1800,Damon Jones,13450.81,655,164.62,9.0,0.012238668154557236
101145,Monta Ellis,29009.64,833,354.4,10.0,0.012216628679294192
202693,Markieff Morris,18461.85,791,225.47,9.0,0.012212752243139231
956,Erick Dampier,24008.66,987,292.93,12.0,0.012201014134066625
201168,Tiago Splitter,6812.71,355,82.94,4.0,0.012174303617796735
200826,J.J. Barea,16283.23,831,198.15,10.0,0.012168961563522717
1902,Jeff Foster,15758.18,764,191.43,10.0,0.012147976479517306
203103,Perry Jones III,1675.51,143,20.35,2.0,0.012145555681553677
1913,Michael Ruffin,5952.8,414,72.14,6.0,0.012118666845854052
1642852,Derik Queen,2023.4083333333333,81,24.516666666666666,1.0,0.012116519568879242
1752,Sean Marks,2272.87,230,27.490000000000002,3.0,0.012094840444020117
1629633,Jarrett Culver,2479.74,144,29.96,1.0,0.01208191181333527
201150,Spencer Hawes,15541.24,684,187.5,12.0,0.012064674376047213
896,Tim Hardaway,13947.38,417,168.22,4.0,0.012061046590829246
203142,Chris Copeland,2109.01,171,25.419999999999998,2.0,0.01205304858677768
203584,Troy Daniels,5045.05,339,60.769999999999996,3.0,0.012045470312484513
1630193,Immanuel Quickley,10524.568333333333,394,126.52333333333334,4.0,0.012021712371101207
1628422,Damyean Dotson,4241.11,213,50.94,3.0,0.01201100655252988
934,Derrick Coleman,13162.25,422,158.0,5.0,0.012004026667173165
170,Joe Kleine,1647.3899999999999,143,19.71,1.0,0.011964380019303262
1629684,Grant Williams,9453.148333333333,418,112.53833333333333,5.0,0.011904852157720294
1628425,Sterling Brown,4459.55,268,52.86,4.0,0.011853213889293761
203078,Bradley Beal,27680.496666666666,807,327.86,10.0,0.011844440652497927
201579,Roy Hibbert,16391.5,662,193.82,7.0,0.011824421193911479
203540,Gigi Datome,446.79,55,5.28,1.0,0.011817632444772712
911,Ervin Johnson,14294.94,655,168.81,5.0,0.011809073700204408
201188,Marc Gasol,28719.7,891,339.01,10.0,0.01180409266113504
1907,Vonteego Cummings,3778.88,199,44.56,3.0,0.011791853670928953
2754,Tony Allen,18048.52,820,212.55,8.0,0.011776588883742268
165,Hakeem Olajuwon,10230.91,338,120.42,4.0,0.011770213988784967
686,Antonio McDyess,25781.8,939,303.1,10.0,0.01175635525836055
200752,Rudy Gay,34558.95,1120,406.01,11.0,0.011748331474191201
203482,Kelly Olynyk,18393.413333333334,850,216.04666666666668,17.0,0.011745871348149266
1036,Litterial Green,429.17,67,5.0,1.0,0.01165039494838875
203477,Isaiah Canaan,4796.68,235,55.8,2.0,0.011633046190281611
1627812,Yogi Ferrell,5210.74,259,60.58,3.0,0.01162598786352802
1629673,Jordan Poole,12281.796666666667,451,142.7,5.0,0.011618821241951842
201142,Kevin Durant,44107.005,1202,511.19166666666666,14.0,0.011589806804308447
400,Derek Strong,4986.42,232,57.59,2.0,0.011549368083715372
1642847,Jeremiah Fears,2111.931666666667,82,24.35,1.0,0.011529729102661939
1500,Ron Mercer,13419.52,432,154.72,5.0,0.011529473483403281
101141,Ersan Ilyasova,18958.25,825,218.05,7.0,0.011501589017973705
203105,Festus Ezeli,2394.18,170,27.5,1.0,0.01148618733762708
200765,Rajon Rondo,28569.74,957,327.96,11.0,0.011479278425354938
203090,Maurice Harkless,14018.33,621,160.09,6.0,0.011420047894435358
201972,Jon Brockman,1570.61,150,17.93,3.0,0.011415946670401945
1628966,Keita Bates-Diop,4565.27,283,51.910000000000004,2.0,0.011370630871777573
1627098,Malcolm Delaney,2261.53,127,25.7,1.0,0.011363988096554102
101139,CJ Miles,17282.19,849,196.19,9.0,0.011352149235716076
202722,Davis Bertans,8544.56,475,96.96000000000001,4.0,0.011347570852097711
201588,George Hill,24500.46,915,277.79,11.0,0.011338154467303881
1563,Kevin Ollie,10287.58,662,116.28,6.0,0.011302949770499962
203924,Jerami Grant,21879.28,782,246.90166666666667,11.0,0.011284725396204386
912,Rafael Addison,352.75,41,3.98,1.0,0.011282778171509567
2605,Marquis Daniels,11706.19,548,131.84,9.0,0.01126241757565869
147,Jalen Rose,24012.4,762,269.93,9.0,0.011241275341073779
1629630,Ja Morant,10451.298166666667,330,117.18816666666666,4.0,0.011212785703543142
203952,Andrew Wiggins,28113.647666666668,839,314.38266666666664,10.0,0.011182564083970462
2041,Etan Thomas,7075.05,408,78.86,5.0,0.011146210980841124
203107,Tomas Satoransky,8616.05,388,96.03,4.0,0.011145478496526832
1642382,Branden Carlson,734.6233333333333,74,8.17,1.0,0.011121345632909382
1630205,Lamar Stevens,3361.1568333333335,222,37.33683333333333,5.0,0.011108328228857316
1630846,Olivier Sarr,672.04,50,7.46,2.0,0.011100529730373192
1629140,Johnathan Williams,551.5,39,6.12,1.0,0.011097008159564823
238,Tyrone Hill,12474.87,400,138.17000000000002,4.0,0.011075866922861721
203124,Kyle O'Quinn,6716.15,472,74.24,3.0,0.011053952040975857
201563,Michael Beasley,13904.34,609,153.68,7.0,0.011052664132206203
1628397,Ivan Rabb,1236.28,85,13.65,2.0,0.011041188080370143
203524,Solomon Hill,9652.74,447,106.5,5.0,0.011033136705225667
1629059,Elie Okobo,1676.89,108,18.48,1.0,0.011020400861117902
1628962,Udoka Azubuike,723.41,84,7.96,2.0,0.01100344203148975
243,Aaron McKie,16083.03,667,176.63,6.0,0.010982383294690116
203138,Hollis Thompson,6420.68,265,70.49000000000001,3.0,0.010978587937726223
105,Dan Majerle,9614.21,343,105.41999999999999,3.0,0.010965019486780504
202066,Garrett Temple,15535.171666666667,795,169.91166666666666,10.0,0.010937224918553094
2216,Zach Randolph,34624.34,1116,377.5,11.0,0.01090273489689623
101177,Fabricio Oberto,4870.97,336,53.08,3.0,0.010897213491357983
200768,Kyle Lowry,36801.706666666665,1189,400.62666666666667,17.0,0.010886089340784196
2407,Jared Jeffries,13579.85,629,147.70999999999998,6.0,0.010877145182015999
1628405,Johnathan Motley,372.94,46,4.05,1.0,0.010859655708693086
431,Shawn Kemp,13435.460000000001,507,145.49,4.0,0.010828806754662662
87,Dikembe Mutombo,22398.1,805,242.5,8.0,0.010826811202735947
203552,Seth Curry,12503.396666666667,560,135.30166666666668,8.0,0.01082119285452833
2050,Morris Peterson,19364.31,711,209.54,6.0,0.01082093810727054
1631133,Jabari Walker,3860.161666666667,258,41.666666666666664,7.0,0.010794021148509754
770,Mark West,1685.27,156,18.1,1.0,0.010740118794021137
2755,Kevin Martin,21562.67,714,231.31,7.0,0.010727335714918422
180,John Crotty,3604.55,254,38.58,2.0,0.010703139088096987
304,John Stockton,15830.29,524,169.3,6.0,0.010694687210404863
1630606,Javonte Smart,199.85,17,2.13,1.0,0.01065799349512134
1642954,Will Richard,1377.905,70,14.683333333333334,2.0,0.010656274077917806
202396,Samardo Samuels,1722.15,109,18.35,1.0,0.0106552855442325
101124,Hakim Warrick,10625.3,526,113.09,7.0,0.010643464184540673
202328,Greg Monroe,17670.25,646,186.38,6.0,0.010547671934466122
2561,David West,29138.63,1034,307.03,9.0,0.01053687150013573
1629003,Shake Milton,6701.338166666666,361,70.51816666666667,7.0,0.010522997782358346
201976,Patrick Beverley,17688.01,666,185.96,8.0,0.01051333643524625
201580,JaVale McGee,14677.71,908,154.17,12.0,0.01050368211389924
202710,Jimmy Butler,27042.55,814,283.93,9.0,0.010499379681280058
1037,Stojko Vrankovic,1774.69,120,18.63,1.0,0.010497608032952233
901,Otis Thorpe,7821.95,302,82.1,3.0,0.010496103912707189
1737,Nazr Mohammed,15912.92,1005,166.48,9.0,0.010461939103571186
1629010,Jerome Robinson,1686.02,135,17.63,1.0,0.010456578213781568
45,George McCloud,9905.29,398,103.53,4.0,0.010451990804913333
1631132,Christian Koloko,1499.9983333333332,122,15.67,2.0,0.010446678274086973
1630526,Jeremiah Robinson-Earl,3835.575,219,39.93,3.0,0.010410433898437653
203925,Joe Harris,12297.64,504,127.91,6.0,0.010401182665942409
2403,Nene Hilario,11909.35,513,123.76,5.0,0.010391834986796088
1629027,Trae Young,17004.463333333333,498,176.69666666666666,6.0,0.01039119337099534
101198,Will Bynum,6610.36,360,68.57,3.0,0.010373111298023102
1934,Rodney Buford,4175.95,230,43.27,2.0,0.010361714100983011
202362,Lance Stephenson,12680.43,554,131.24,6.0,0.010349806749455659
2592,James Jones,11059.12,691,114.39,5.0,0.010343499301933607
1628373,Frank Ntilikina,5453.0,321,56.3,2.0,0.010324591967724188
202692,Alec Burks,17590.533333333333,792,181.41333333333333,8.0,0.010313122967656846
203210,JaMychal Green,10920.82,539,112.49,5.0,0.010300508569869296
201155,Rodney Stuckey,17890.15,651,184.11,7.0,0.010291137860778137
203488,Mike Muscala,8241.55,547,84.81,7.0,0.010290540007644195
1641771,Jalen Slawson,347.51,25,3.56,3.0,0.010244309516272913
201952,Jeff Teague,22163.45,826,227.01,7.0,0.010242538954900973
1626209,Mario Hezonja,6108.13,330,62.51,3.0,0.010233901374070296
1630256,Jae'Sean Tate,6831.815,347,69.46166666666667,7.0,0.010167381093701553
1628365,Markelle Fultz,6158.196666666667,260,62.54,4.0,0.010155570434851328
123,Robert Pack,5373.73,264,54.45,3.0,0.010132626685747145
101118,Sean May,1868.28,119,18.93,2.0,0.010132314214143491
781,Will Perdue,4928.7300000000005,261,49.9,2.0,0.010124311942427359
2408,Melvin Ely,6010.09,375,60.8,4.0,0.010116321053428483
204028,Tarik Black,3320.9,220,33.480000000000004,3.0,0.01008160438435364
1716,Larry Hughes,22367.86,727,225.43,7.0,0.010078299846297321
3,Grant Long,8084.67,370,81.4,3.0,0.010068438167544254
948,Marcus Camby,28689.32,973,288.27,10.0,0.010047989983729137
201967,Dante Cunningham,14877.18,715,149.44,8.0,0.010044914425986646
202349,Greivis Vasquez,9518.79,401,95.53999999999999,5.0,0.010036989995577167
2199,Tyson Chandler,31620.83,1160,316.78,10.0,0.010018079854323873
1631103,Malaki Branham,3845.415,216,38.5,6.0,0.010011923290464098
1628384,O.G. Anunoby,10425.27,367,104.27,3.0,0.010001659429444032
423,Chris Gatling,7710.33,365,77.09,4.0,0.009998275041405491
1629012,Collin Sexton,13769.913333333334,475,137.35666666666665,5.0,0.009975129352060796
1749,Cuttino Mobley,27631.95,747,275.19,7.0,0.009959123406057119
202738,Isaiah Thomas,15577.51,556,155.08,5.0,0.009955377977610029
1631306,Cole Swider,297.46,35,2.95,2.0,0.009917299805015801
202336,Larry Sanders,4635.22,238,45.96,3.0,0.009915386971923663
203493,Reggie Bullock,12143.8,513,120.1,6.0,0.00988982031983399
1626161,Willie Cauley-Stein,9275.32,422,91.46000000000001,5.0,0.009860576238879091
202407,Elijah Millsap,1119.15,69,11.03,1.0,0.00985569405352276
203095,Evan Fournier,19514.49,704,191.42000000000002,6.0,0.009809121324718197
1751,Jahidi White,5910.95,334,57.78,3.0,0.00977507845608574
203504,Trey Burke,10399.76,498,101.62,5.0,0.00977137933952322
461,Popeye Jones,6103.94,306,59.57,3.0,0.009759270241843794
101110,Martell Webster,13914.32,580,135.71,6.0,0.009753261388267627
761,Matt Geiger,6407.71,281,62.370000000000005,3.0,0.009733586569929039
994,Jamie Feick,4313.41,201,41.93,3.0,0.00972084731106016
101109,Raymond Felton,28829.16,971,279.83,10.0,0.009706491621677495
731,Greg Ostertag,14093.0,699,136.76,6.0,0.009704108422621158
201564,O.J. Mayo,16919.59,547,163.59,5.0,0.00966867400451193
1629164,Brandon Goodwin,1608.4,133,15.55,1.0,0.00966799303655807
203486,Mason Plumlee,18987.051666666666,886,183.47333333333333,14.0,0.009663076529961515
2574,Jason Kapono,9062.32,509,87.51,4.0,0.009656467659495583
1628021,David Nwaba,4582.96,237,44.17,2.0,0.009637875957896207
203081,Damian Lillard,32684.42,903,313.69,10.0,0.009597539133324073
1626147,Justin Anderson,3279.51,242,31.25,1.0,0.009528862543489728
202690,Jimmer Fredette,3210.9,241,30.58,1.0,0.009523809523809523
2062,A.J. Guyton,1241.02,80,11.8,1.0,0.009508307682390292
297,Alonzo Mourning,15702.5,553,149.06,5.0,0.009492755930584303
1517,Bobby Jackson,16795.63,755,159.33,7.0,0.009486396163764028
735,Bryant Reeves,9603.14,318,90.99,3.0,0.009475025876952746
2073,Brian Cardinal,6470.18,456,61.040000000000006,4.0,0.00943404974822957
2063,Jake Voskuhl,6439.69,450,60.6,3.0,0.009410390872852576
203458,Alex Len,11770.588166666666,692,110.50816666666667,11.0,0.009388499971447193
2403,Nene,13333.02,452,124.91,4.0,0.009368470159048736
1498,Antonio Daniels,19661.9,872,183.62,7.0,0.009338873659208926
200747,Adam Morrison,3277.5,161,30.58,1.0,0.009330282227307399
82,Bill Wennington,1754.51,154,16.37,1.0,0.009330240352007114
2745,Kirk Snyder,3533.59,211,32.879999999999995,2.0,0.009304984449242836
101137,Daniel Ewing,1683.12,127,15.66,1.0,0.009304149436760303
916,Corie Blount,7621.26,452,70.86,4.0,0.00929767518756741
223,Bill Curley,1019.67,94,9.48,1.0,0.009297125540616083
101162,Marcin Gortat,20691.98,806,192.17000000000002,7.0,0.00928717309798289
1628366,Lonzo Ball,9692.273333333333,322,89.89333333333333,4.0,0.009274741873423573
1718,Paul Pierce,45884.63,1343,424.02,12.0,0.009241002924072832
2748,Dorell Wright,12279.13,549,113.41000000000001,5.0,0.00923599636130573
101153,Mickael Gelabale,2347.62,145,21.67,1.0,0.009230625058569957
202338,Kevin Seraphin,6431.71,423,59.3,5.0,0.009219943063353291
200811,Lou Amundson,5503.33,426,50.64,3.0,0.009201701515264395
2758,David Harrison,2686.68,189,24.72,2.0,0.009200946893563804
164,Chris Childs,10187.62,410,93.72,3.0,0.0091994008414134
685,Cherokee Parks,6578.44,408,60.47,5.0,0.009192148898523055
1641713,GG Jackson,2868.055,132,26.261666666666667,1.0,0.009156611943169385
203922,Glenn Robinson III,5300.31,304,48.48,4.0,0.009146634819472822
203953,Jabari Parker,8536.66,310,77.97999999999999,3.0,0.009134720136446806
203115,Will Barton,17113.72,679,156.16,6.0,0.009124842524009975
202337,Luke Babbitt,5331.45,381,48.589999999999996,5.0,0.009113843325924466
345,Terry Porter,9308.09,434,84.72999999999999,4.0,0.00910283420121636
1736,Corey Benjamin,2188.18,152,19.9,1.0,0.009094315824109534
1626246,Boban Marjanovic,2884.02,327,26.22,3.0,0.009091476480745625
1897,Metta World Peace,31442.08,991,285.84000000000003,8.0,0.009091001613124832
184,Bobby Phills,6665.64,202,60.58,2.0,0.009088399613540485
202323,Evan Turner,18936.0,705,171.81,7.0,0.00907319391634981
397,Reggie Miller,23112.78,669,209.6,6.0,0.009068575913412407
1626188,Quinn Cook,2652.0,188,24.03,1.0,0.009061085972850678
2416,Kareem Rush,5959.5199999999995,346,53.980000000000004,2.0,0.009057776465218676
201172,Gabe Pruitt,460.71,62,4.17,1.0,0.009051246988344077
203926,Doug McDermott,14010.438333333334,726,126.79333333333332,8.0,0.00904991909008795
201573,Jerryd Bayless,12483.39,586,112.8,4.0,0.009036007046162942
2449,Luis Scola,19001.89,743,171.65,9.0,0.00903331194949555
203200,Justin Holiday,15716.45,680,141.83,6.0,0.00902430256196533
979,Jermaine O'Neal,27372.75,1010,246.65,7.0,0.009010786274670978
201229,Anthony Tolliver,14198.15,730,127.63,6.0,0.008989199297091523
1631117,Walker Kessler,5090.64,201,45.75,3.0,0.0089870821743435
202694,Marcus Morris Sr.,22081.1,832,198.39,9.0,0.008984606745134979
1626174,Christian Wood,7856.94,339,70.47,3.0,0.008969140657813348
2418,Casey Jacobsen,5328.5,287,47.77,5.0,0.00896499953082481
201599,DeAndre Jordan,28106.26033333333,1129,251.83366666666666,14.0,0.008960056004604715
203648,Thanasis Antetokounmpo,1660.2583333333332,226,14.866666666666667,3.0,0.008954429782513767
1628464,Daniel Theis,7735.2300000000005,411,69.1,3.0,0.008933153894583611
201175,Glen Davis,10867.05,514,97.05,6.0,0.008930666556241114
203109,Jae Crowder,20158.56,812,179.82,8.0,0.008920280020001429
200770,Jordan Farmar,9838.76,504,87.73,6.0,0.008916774065024455
201943,Brandon Jennings,16841.91,555,150.1,5.0,0.008912290826871774
61,Carl Herrera,2652.66,161,23.64,1.0,0.008911809278233925
202730,Lavoy Allen,6906.6,388,61.510000000000005,6.0,0.008905973995887991
426,Terry Davis,2513.03,130,22.37,1.0,0.008901604835596868
203937,Kyle Anderson,16251.821166666667,767,144.5945,12.0,0.008897125960047535
417,Sam Mitchell,8566.88,435,76.07,4.0,0.008879545412098688
965,Derek Fisher,32712.28,1287,290.4,10.0,0.008877400168988527
1096,Ivano Newbill,1096.45,100,9.72,1.0,0.008864973322996945
201942,DeMar DeRozan,43633.845,1264,386.79333333333335,11.0,0.008864525538222298
1641809,Drew Peterson,273.0083333333333,34,2.42,1.0,0.00886419828454565
932,Oliver Miller,4411.4,228,39.089999999999996,2.0,0.008861132520288344
1626163,Frank Kaminsky,8158.95,413,72.06,4.0,0.00883201882595187
2575,Luke Walton,9666.81,564,85.35,5.0,0.00882917942940846
201145,Jeff Green,33447.18,1251,295.05,19.0,0.008821371487820499
1629056,Terence Davis,3667.88,228,32.35,3.0,0.00881980871784246
1754,Andrae Patterson,302.9,40,2.67,1.0,0.008814790359854737
203518,Alex Abrines,2777.67,174,24.439999999999998,2.0,0.008798741391165977
202696,Nikola Vucevic,28223.99,899,247.99,8.0,0.008786496877301897
201146,Yi Jianlian,4722.75,179,41.43,1.0,0.00877243131649992
330,Danny Manning,8275.38,405,72.42,3.0,0.008751259760881073
1631121,Bryce McGowens,2580.7633333333333,160,22.5,1.0,0.008718350772187557
203490,Otto Porter Jr.,13400.25,527,116.8,6.0,0.00871625529374452
1536,Stephen Jackson,27386.8,858,238.64,8.0,0.008713686885652942
96,Detlef Schrempf,8757.11,292,76.15,2.0,0.0086957911913862
201945,Gerald Henderson,13854.66,535,120.45,5.0,0.008693825759708286
203957,Dante Exum,5633.3,300,48.8,2.0,0.00866277315250386
1629139,Yuta Watanabe,2839.83,213,24.6,2.0,0.008662490360338471
2743,Kris Humphries,14231.97,800,123.14,6.0,0.00865235100973372
202350,Daniel Orton,541.21,51,4.68,1.0,0.008647290330925149
1501,Tim Thomas,21339.21,824,184.16,6.0,0.008630122670895501
201941,Jordan Hill,7692.68,409,66.32,3.0,0.008621182734755636
201571,D.J. Augustin,22851.17,976,196.73,9.0,0.008609187188227124
2211,Troy Murphy,19940.75,729,171.44,6.0,0.008597470004889486
202322,John Wall,22586.59,647,193.82,6.0,0.008581197958611725
1631093,Jaden Ivey,6089.965,218,52.25333333333333,2.0,0.008580235409125229
739,Rasheed Wallace,34481.56,1044,294.82,10.0,0.008550077200683496
1630556,Kessler Edwards,2256.2599999999998,177,19.22,7.0,0.008518521801565423
203076,Anthony Davis,27740.29,807,236.1,7.0,0.008511086221521115
467,Jason Kidd,44442.57,1231,378.08,11.0,0.008507158789421944
1863,Earl Boykins,12960.82,652,109.38,6.0,0.00843928084797104
709,Ed O'Bannon,806.54,64,6.78,1.0,0.008406278671857566
947,Allen Iverson,37590.12,914,315.46000000000004,8.0,0.00839209877489085
202339,Eric Bledsoe,21018.71,756,176.08,6.0,0.008377298131046103
1520,Charles Smith,1974.46,142,16.52,1.0,0.008366844605613686
2406,Caron Butler,28319.23,881,236.87,7.0,0.00836428109097599
201581,JJ Hickson,11928.21,534,99.59,7.0,0.008349115248641667
935,Bryon Russell,17244.05,652,143.76,6.0,0.00833678863144099
2852,Awvee Storey,401.92,60,3.35,1.0,0.008334992038216561
1630637,Carlik Jones,79.22,12,0.66,1.0,0.008331229487503157
202700,Donatas Motiejunas,4565.02,251,37.97,1.0,0.008317597732320997
1626203,Treveon Graham,2883.14,180,23.98,2.0,0.008317320698960162
358,Anfernee Hardaway,14785.91,463,122.81,4.0,0.008305880395592831
2306,Carlos Arroyo,10634.57,569,88.28,6.0,0.008301228916636968
1630695,Micah Potter,1883.0466666666666,111,15.55,1.0,0.008257894121937144
696,Travis Best,14576.65,649,120.17,5.0,0.008244006681919372
203915,Spencer Dinwiddie,17218.96,621,141.95,5.0,0.008243819603506833
2588,Matt Bonner,13347.43,792,110.03,8.0,0.008243534523125425
101114,Deron Williams,28862.5,845,237.47,8.0,0.008227631009094846
2243,Brian Scalabrine,6758.58,519,55.54,5.0,0.008217702535147916
1513,Scot Pollard,8376.54,506,68.78999999999999,4.0,0.00821222127513269
201161,Daequan Cook,5992.94,328,49.15,2.0,0.008201316882865505
1626173,Rashad Vaughn,1671.19,139,13.7,1.0,0.008197751302963756
252,Karl Malone,21049.47,578,172.54,6.0,0.008196880966599158
1627863,Danuel House Jr.,6270.27,294,51.32,3.0,0.008184655525200668
2049,Speedy Claxton,8554.83,334,70.0,3.0,0.008182512101350932
2738,Andre Iguodala,39498.37,1231,322.9,9.0,0.00817502089326724
203487,Michael Carter-Williams,9943.15,395,81.25,3.0,0.008171454720083677
1629117,Wenyen Gabriel,1940.12,150,15.8,1.0,0.008143826155083191
101131,Jason Maxiell,11378.91,618,92.47,6.0,0.00812643741799522
1960,Milt Palacio,8411.44,470,68.32,3.0,0.00812227157300058
101115,Andrew Bynum,10690.74,418,86.8,3.0,0.008119176034586941
200794,Paul Millsap,30497.76,1085,247.51999999999998,9.0,0.00811600589682652
203145,Kent Bazemore,13546.0,657,109.93,4.0,0.00811531079285398
1628374,Lauri Markkanen,15399.676666666666,492,124.65333333333334,4.0,0.008094542244718126
203079,Dion Waiters,11834.77,419,95.78999999999999,3.0,0.008093946903911102
203506,Victor Oladipo,16247.08,504,131.35999999999999,4.0,0.008085145146081633
1713,Vince Carter,46384.49,1541,374.71,13.0,0.008078346878450103
203457,Nerlens Noel,10281.45,467,82.96000000000001,3.0,0.008068900787340308
1733,Al Harrington,28003.21,981,225.95,8.0,0.008068717836276627
2217,Brendan Haywood,18693.42,816,150.46,7.0,0.008048821456961862
2246,Mehmet Okur,18436.85,634,148.37,5.0,0.008047470148100137
201959,Taj Gibson,23171.053333333333,1012,186.44,9.0,0.008046246207192997
1885,Lamar Odom,32117.79,961,257.91,8.0,0.008030129096678197
468,Jon Barry,10760.34,582,86.36,5.0,0.008025768702475945
200757,Thabo Sefolosha,19058.3,869,152.87,7.0,0.008021177124927198
1626145,Tyus Jones,15432.091666666667,752,123.56666666666666,8.0,0.008007123683276893
72,Kenny Anderson,14608.79,516,116.97,3.0,0.008006823289266256
101161,Amir Johnson,18320.83,870,146.64,7.0,0.008004004185399895
203086,Meyers Leonard,7273.29,456,58.17,5.0,0.007997756173616066
203096,Jared Sullinger,6532.69,269,52.11,2.0,0.007976805879354447
757,Damon Stoudamire,26254.27,808,208.7,6.0,0.00794918312335479
1717,Dirk Nowitzki,51385.76,1522,408.43,12.0,0.0079483109717556
1630180,Saddiq Bey,11049.323333333334,364,87.78333333333333,3.0,0.0079446795686131
433,Buck Williams,2239.83,115,17.78,1.0,0.007938102445274865
203135,Robert Sacre,2745.94,189,21.77,1.0,0.007928068348179494
201203,Mustafa Shakur,170.6,25,1.35,1.0,0.00791324736225088
702,Voshon Lenard,15032.68,535,118.89,4.0,0.007908769427673575
202704,Reggie Jackson,21856.39,884,172.84,7.0,0.007907984804443918
203100,Tony Wroten,3075.49,145,24.28,1.0,0.007894676945787502
2744,Al Jefferson,26296.62,915,207.21,7.0,0.007879719903166263
1882,Elton Brand,34912.53,1058,274.34,9.0,0.00785792378839345
202330,Gordon Hayward,25651.77,835,201.53,7.0,0.007856377941950984
754,Jim Jackson,20269.73,642,159.18,4.0,0.007853089311007103
200769,Shannon Brown,7327.18,407,57.5,4.0,0.007847493851659164
203999,Nikola Jokic,21075.86,675,164.95,5.0,0.007826489642652779
201609,Goran Dragic,25603.91,946,200.08,7.0,0.007814431467693802
1642880,Kam Jones,616.325,37,4.8,1.0,0.00778809881150367
1630208,Nick Richards,5363.65,305,41.623333333333335,4.0,0.007760262756394123
344,Dana Barros,6373.37,316,49.44,3.0,0.007757277547043401
950,Stephon Marbury,31910.45,846,247.2,6.0,0.0077466785958831665
2215,Jason Collins,14983.31,734,115.97,7.0,0.007739945312484358
2037,Jamal Crawford,38982.75,1327,300.53000000000003,12.0,0.007709307321828245
202087,Alonzo Gee,9069.07,417,69.86,3.0,0.007703105169548807
1002,Reggie Geary,925.86,101,7.13,1.0,0.007700948307519495
711,Jerry Stackhouse,27523.03,898,211.65,8.0,0.0076899236748279535
202340,Avery Bradley,18151.57,660,139.3,4.0,0.00767426729478497
1477,Bruce Bowen,24047.5,873,184.52,7.0,0.007673146896766816
201167,Arron Afflalo,20827.95,762,159.73,7.0,0.007669021675200871
1630233,Nathan Knight,837.05,108,6.380000000000001,2.0,0.007622005853891644
2740,Andris Biedrins,11147.18,516,84.94,4.0,0.007619864396197064
949,Shareef Abdur-Rahim,28882.12,830,219.43,7.0,0.007597433983377952
203094,Andrew Nicholson,4079.7799999999997,285,30.92,2.0,0.007578840035492111
1889,Andre Miller,40274.84,1304,304.85,10.0,0.007569241740004431
1134,Ike Austin,7734.29,341,58.160000000000004,3.0,0.007519759409073103
898,Blue Edwards,3689.74,166,27.68,2.0,0.007501883601554581
2756,Sasha Vujacic,8903.96,581,66.56,6.0,0.007475325585469837
203459,Allen Crabbe,9119.62,381,68.17,3.0,0.007475092163927883
201570,Joe Alexander,745.29,67,5.57,1.0,0.007473600880194288
203526,Raul Neto,6762.38,435,50.5,4.0,0.007467785010602776
101155,Ryan Gomes,13461.72,487,100.36,4.0,0.0074552137468317575
203920,Khem Birch,4825.95,282,35.900000000000006,2.0,0.007438949844072153
177,Muggsy Bogues,5925.74,245,43.85,1.0,0.007399919672479724
2038,Joel Przybilla,11727.41,592,86.76,5.0,0.007398052937519879
1628402,Frank Jackson,3870.7599999999998,214,28.63,1.0,0.007396480277774908
1626169,Stanley Johnson,8877.84,448,65.38,4.0,0.007364403954114964
168,Chris Mills,9390.72,329,69.13,2.0,0.0073615228651264224
124,Vlade Divac,18441.67,614,135.26,4.0,0.0073344767583413
1080,Henry James,1115.53,81,8.18,1.0,0.007332837306033903
1642964,Brooks Barnhizer,347.88166666666666,40,2.55,1.0,0.007330078714505411
2746,Josh Smith,29003.94,894,212.07,6.0,0.007311765229137834
1628449,Chris Boucher,7310.57,416,53.39,3.0,0.007303124106601811
204060,Joe Ingles,17647.393333333333,753,128.845,9.0,0.007301078270671891
717,Arvydas Sabonis,9623.4,397,69.98,2.0,0.007271858179021968
962,Walter McCarty,10363.82,593,75.26,3.0,0.007261801150541017
361,Clifford Robinson,25808.15,817,186.79,6.0,0.007237636173069359
101143,Travis Diener,2660.79,179,19.2,2.0,0.007215902044129751
2206,Rodney White,3357.23,218,24.15,2.0,0.007193430298192259
202498,Lance Thomas,7323.46,399,52.55,2.0,0.007175570017450767
2209,Vladimir Radmanovic,16174.56,737,116.0,5.0,0.007171756140507068
203118,Mike Scott,9182.73,555,65.8,5.0,0.007165625037434401
1900,Quincy Lewis,1849.07,159,13.22,1.0,0.007149540039046657
203613,Jonathon Simmons,5300.38,258,37.81,1.0,0.007133450809187266
1904,Devean George,11680.84,630,83.32,5.0,0.007133048650610743
788,Kevin Willis,11683.33,560,83.31,3.0,0.007130672505184738
202725,Josh Harrellson,887.77,75,6.33,1.0,0.007130225170933913
1630164,James Wiseman,2857.161666666667,152,20.33,1.0,0.007115453156600051
204001,Kristaps Porzingis,14194.6,459,100.96000000000001,4.0,0.007112563932763164
203144,Alexey Shved,3270.63,182,23.26,1.0,0.007111779687705427
101120,Antoine Wright,5713.48,297,40.57,3.0,0.007100751205920035
201576,Anthony Randolph,3839.93,252,27.25,1.0,0.007096483529647676
203705,Josh Magette,254.05,26,1.8,1.0,0.007085219444991143
406,Shaquille O'Neal,30754.43,912,217.59,8.0,0.007075078289534223
201988,Patty Mills,18317.496666666666,922,129.23666666666668,10.0,0.007055367281810161
185,Chris Webber,25788.93,686,181.82999999999998,5.0,0.007050699660668356
2772,Trevor Ariza,32951.2,1118,232.15,9.0,0.007045266940202482
2397,Yao Ming,15747.73,481,110.81,3.0,0.0070365697151271965
203967,Dario Saric,10868.210000000001,477,76.19,4.0,0.007010354050943071
976,Jeff McInnis,15938.83,576,111.64,4.0,0.007004278231212705
1642949,Yanic Konan Niederhäuser,423.67833333333334,41,2.95,1.0,0.006962829505088373
1629234,Drew Eubanks,6449.073333333334,429,44.839999999999996,6.0,0.006952936907731445
2547,Chris Bosh,31937.96,893,222.0,6.0,0.006950976205117672
2446,Rasual Butler,17212.94,809,119.35,7.0,0.006933737060606729
2045,Hedo Turkoglu,26717.15,997,184.87,7.0,0.006919525473338286
213,Antonio Davis,21252.47,696,146.98000000000002,5.0,0.006915902010448669
1627885,Shaquille Harrison,2779.38,183,19.2,2.0,0.006908015456684584
201933,Blake Griffin,24385.55,765,168.35,5.0,0.006903678612949062
951,Ray Allen,46359.53,1300,319.28,9.0,0.00688704134834844
1627735,Wade Baldwin IV,579.08,56,3.98,1.0,0.006872970919389375
200758,Ronnie Brewer,11536.23,501,79.11,3.0,0.006857526245575895
988,Randy Livingston,2684.12,203,18.4,2.0,0.006855133153510275
1922,Francisco Elson,7211.39,472,49.13,2.0,0.006812833586867442
708,Kevin Garnett,48121.21,1382,327.47,10.0,0.006805107352869972
201569,Eric Gordon,28957.72,931,196.2,7.0,0.006775395300458737
271,Johnny Newman,9725.92,417,65.88,2.0,0.0067736522611742634
913,Larry Johnson,11052.74,330,74.82,2.0,0.006769362167209216
101138,Brandon Bass,16415.97,758,111.00999999999999,5.0,0.006762317426262352
216,Brian Shaw,8006.05,421,54.08,2.0,0.0067548916132175035
202220,Zabian Dowdell,291.69,24,1.97,1.0,0.006753745414652542
1642258,Zaccharie Risacher,3369.16,145,22.716666666666665,3.0,0.006742531273868461
1903,Kenny Thomas,17314.02,632,116.65,5.0,0.006737314615554331
1626159,Justise Winslow,8907.91,344,59.82000000000001,4.0,0.006715379926380038
101127,Jarrett Jack,24139.53,867,161.99,6.0,0.006710569758400433
1594,Rick Brunson,4507.15,337,30.21,2.0,0.006702683513972245
201162,Jared Dudley,20112.52,904,134.48,8.0,0.00668638241254701
202348,Jordan Crawford,6841.54,280,45.72,1.0,0.00668270594047539
1629111,Jock Landale,4341.856833333333,290,28.930166666666665,3.0,0.006663086273265343
200835,Walter Herrmann,1938.82,152,12.91,2.0,0.006658689305866455
2624,Quinton Ross,8435.6,458,56.15,4.0,0.0066563137180520645
1628995,Kevin Knox II,5644.046666666667,325,37.56666666666666,5.0,0.006655980874242711
1630625,Dalano Banton,3206.6233333333334,224,21.333333333333332,4.0,0.0066528965568141765
1627767,Cheick Diallo,2184.43,183,14.53,1.0,0.006651620788947231
2440,Matt Barnes,21951.12,929,145.5,5.0,0.006628363381913999
2039,Keyon Dooling,14132.29,728,93.64999999999999,5.0,0.00662666843094785
202703,Nikola Mirotic,7717.94,319,51.05,2.0,0.006614459298724789
2124,Malik Allen,7261.99,478,47.9,3.0,0.006595988152007921
101154,Andray Blatche,12463.15,564,82.17999999999999,4.0,0.006593838636299812
1916,Calvin Booth,4465.13,366,29.43,2.0,0.0065910734961804026
2553,Jarvis Hayes,9899.26,427,65.22,3.0,0.006588371251992573
2457,Jannero Pargo,7441.34,499,48.92,5.0,0.006574084775053955
203961,Eric Moreland,898.33,83,5.9,1.0,0.00656774236639097
203918,Rodney Hood,10976.1,448,72.07,3.0,0.006566084492670437
2202,Jason Richardson,29239.02,857,190.93,6.0,0.006529972618781341
201858,Cartier Martin,3350.39,243,21.849999999999998,2.0,0.006521628825300935
1000,Shandon Anderson,15944.32,718,103.85,5.0,0.006513291253562397
420,Jayson Williams,4793.77,136,31.08,1.0,0.006483414932297544
1627761,DeAndre' Bembry,5670.75,296,36.67,2.0,0.006466516774677071
56,Gary Payton,30738.5,845,198.55,6.0,0.00645932625209428
1627782,Wayne Selden,2385.19,127,15.38,1.0,0.006448123629564102
339,Tom Gugliotta,12562.25,449,80.86,2.0,0.006436745009850942
204025,Tim Frazier,5087.46,289,32.72,3.0,0.006431500198527359
202702,Kenneth Faried,11729.49,478,75.33,3.0,0.0064222741142198
1952,Raja Bell,19825.99,706,127.19999999999999,4.0,0.006415820849299328
136,P.J. Brown,26481.04,849,169.82,5.0,0.0064128901281822765
953,Lorenzen Wright,18537.73,778,118.71000000000001,4.0,0.006403696676993354
1629004,Svi Mykhailiuk,6541.751666666667,381,41.88666666666666,3.0,0.006402974126960388
1899,James Posey,23260.07,864,148.82,6.0,0.006398089085716423
977,Kobe Bryant,48648.55,1346,309.54,8.0,0.006362779568969682
2730,Dwight Howard,39463.54,1242,250.39,7.0,0.006344843873610933
375,Isaiah Rider,10205.73,334,64.65,2.0,0.0063346766963264765
202379,Jeremy Evans,2626.55,250,16.6,1.0,0.006320077668424359
201578,Marreese Speights,10653.83,706,67.33,6.0,0.006319792975859386
2430,Carlos Boozer,26914.42,861,169.45,5.0,0.006295881538595296
203476,Gorgui Dieng,12630.5,628,78.86,4.0,0.006243616642254859
101129,Luther Head,7794.29,348,48.65,2.0,0.00624174876736688
2749,Jameer Nelson,24538.84,878,153.07999999999998,5.0,0.0062382736918289525
1630206,Jay Scrubb,235.68,24,1.47,1.0,0.006237270875763747
203949,James Michael McAdoo,873.77,111,5.43,1.0,0.00621445002689495
1626156,D'Angelo Russell,19237.385,655,119.47,5.0,0.0062103035313791355
1628982,Melvin Frazier Jr.,289.92,32,1.8,1.0,0.006208609271523178
204066,John Holland,174.45,24,1.08,1.0,0.006190885640584696
101106,Andrew Bogut,19866.17,706,122.86000000000001,4.0,0.006184382797489401
952,Antoine Walker,31544.48,893,194.98,5.0,0.006181113145628014
201187,Dominic McGuire,5349.39,342,33.06,3.0,0.006180143904258243
195,Lee Mayberry,3921.03,168,24.22,1.0,0.00617694840386327
1063,Carl Thomas,497.2,62,3.07,1.0,0.006174577634754626
209,Dell Curry,6853.04,356,42.18,2.0,0.006154932701399671
1714,Robert Traylor,6232.05,438,38.33,3.0,0.006150464132989947
201951,Ty Lawson,16085.49,551,98.63999999999999,3.0,0.0061322347034501274
2736,Luol Deng,30936.34,902,189.48,5.0,0.00612483571101171
2668,Josh Davis,488.03000000000003,67,2.98,1.0,0.00610618199700838
210,Terrell Brandon,12248.59,345,74.73,2.0,0.006101110413525149
1723,Matt Harpring,17586.16,665,107.19,5.0,0.006095133900749225
1761,Greg Buckner,10887.56,570,66.22999999999999,3.0,0.006083089323962393
202333,Xavier Henry,2905.34,185,17.62,1.0,0.006064694665684567
920,A.C. Green,9407.55,379,57.03,2.0,0.006062152207535438
202970,Gustavo Ayon,2253.29,135,13.62,1.0,0.006044494938512131
1719,Bonzi Wells,15139.46,591,91.22,3.0,0.006025313980815696
203546,Ian Clark,4505.5,330,27.119999999999997,2.0,0.006019309732549106
201583,Ryan Anderson,16767.09,649,100.63,4.0,0.006001637732009549
203912,C.J. Wilcox,375.12,66,2.25,2.0,0.005998080614203455
1626178,Rondae Hollis-Jefferson,6762.2,305,40.53,2.0,0.005993611546538109
2564,Boris Diaw,28757.5,1064,172.26,7.0,0.005990089541858645
85,Brent Price,3080.16,204,18.34,2.0,0.0059542361435769575
905,Dale Davis,18791.4,730,111.71,5.0,0.005944740679246888
121,Patrick Ewing,10072.24,348,59.650000000000006,2.0,0.005922217897905531
458,Howard Eisley,14499.88,672,85.85,5.0,0.0059207386543888635
2557,Luke Ridnour,21623.4,830,127.83000000000001,4.0,0.005911651266683316
201958,Rodrigue Beaubois,2895.71,182,17.08,1.0,0.005898380708012887
202335,Patrick Patterson,14920.87,719,87.83,4.0,0.005886385981514483
200753,Patrick O'Bryant,524.0600000000001,90,3.07,1.0,0.005858107850246154
1627775,Patrick McCaw,3373.93,198,19.71,1.0,0.005841852083475354
1627758,Ron Baker,1393.64,96,8.14,1.0,0.005840819723888522
203089,John Henson,8752.44,445,50.91,3.0,0.005816663696066467
53,Mario Elie,9694.31,345,56.3,2.0,0.005807530396696619
697,Fred Hoiberg,9882.58,526,57.28,3.0,0.005796057304873829
120,Steven Smith,17127.9,594,99.24,3.0,0.005794055313260819
2223,Samuel Dalembert,21657.25,886,125.2,7.0,0.005780974038716827
203471,Dennis Schroder,20919.46,767,120.85999999999999,5.0,0.005777395783638774
1626151,Aaron Harrison,343.12,35,1.98,1.0,0.0057705758918162745
201954,Darren Collison,20833.66,711,120.17999999999999,4.0,0.005768549549143069
201948,Austin Daye,4131.6,293,23.82,1.0,0.00576532094103979
1627815,Sheldon Mac,286.77,30,1.65,1.0,0.005753739930955121
779,Glen Rice,14779.5,443,85.02000000000001,2.0,0.0057525626712676345
399,Sean Rooks,6688.23,485,38.46,2.0,0.005750400330132188
2420,Nenad Krstic,10551.98,419,60.56999999999999,2.0,0.005740154928269386
1626224,Cedi Osman,10816.03,476,61.580000000000005,4.0,0.005693401368154489
1629022,Lonnie Walker IV,7025.7300000000005,342,40.0,1.0,0.005693358554911731
101111,Charlie Villanueva,13576.31,656,77.19,4.0,0.005685639175887999
201973,Jonas Jerebko,11322.41,635,64.09,5.0,0.005660455680371935
978,Peja Stojakovic,26977.17,804,152.29000000000002,4.0,0.005645143652948031
2568,Carlos Delfino,11581.04,507,65.22,4.0,0.005631618576569979
203994,Jusuf Nurkic,13285.09,539,74.59,3.0,0.005614564899447426
101135,David Lee,24292.35,829,136.05,4.0,0.005600528561460707
428,Sherman Douglas,6253.24,268,34.97,1.0,0.005592300951186905
201946,Tyler Hansbrough,7229.73,428,40.35,3.0,0.005581121286687055
201160,Jason Smith,10027.18,616,55.87,4.0,0.0055718556962176796
202720,Jon Leuer,5944.79,377,33.1,2.0,0.005567900632318383
2059,Eduardo Najera,11204.95,619,62.370000000000005,4.0,0.00556628989866086
1712,Antawn Jamison,37651.77,1083,209.5,5.0,0.0055641474491106265
1629744,Matt Thomas,1226.11,126,6.82,1.0,0.005562306807708934
236,Kevin Edwards,1590.31,117,8.83,1.0,0.005552376580666663
1005,Walt Williams,10886.52,442,60.37,2.0,0.005545390078739578
349,Mark Jackson,16022.22,583,88.77,4.0,0.0055404307268281175
2669,Linton Johnson,2110.88,151,11.68,1.0,0.0055332373228227085
2567,Brian Cook,5640.26,421,31.2,3.0,0.005531659888019346
1531,Marc Jackson,7564.15,387,41.74,3.0,0.005518134886272748
202933,Julyan Stone,502.09,70,2.77,1.0,0.005516939194168377
101235,Kelenna Azubuike,5024.42,208,27.65,2.0,0.005503122748496343
1509,Kelvin Cato,10631.71,541,58.5,3.0,0.0055024074208194175
1628411,Wes Iwundu,3828.18,226,21.05,2.0,0.005498696508523633
1088,Chucky Atkins,17304.53,696,95.09,5.0,0.005495092903418932
203498,Shabazz Muhammad,4770.86,278,26.2,1.0,0.005491672360957983
681,Donny Marshall,713.96,85,3.92,1.0,0.0054905036696733705
2203,Shane Battier,30007.62,977,164.66,4.0,0.005487272899350232
2207,Joe Johnson,44234.35,1277,242.23000000000002,7.0,0.005476061024972675
2584,Willie Green,14782.93,731,80.83,4.0,0.005467792920618578
101181,Jose Calderon,23641.38,894,129.13,4.0,0.005462033096206735
673,Alan Henderson,12364.12,573,67.44,6.0,0.005454492515439837
26,Luc Longley,5828.95,253,31.63,1.0,0.005426363238662195
112,Dontonio Wingfield,573.81,50,3.11,1.0,0.005419912514595424
200755,JJ Redick,23957.62,940,129.27,5.0,0.0053957780447306545
202329,Al-Farouq Aminu,17698.71,711,95.41,5.0,0.0053907883681918066
202705,MarShon Brooks,3457.92,200,18.63,1.0,0.005387631871182676
714,Michael Finley,34804.9,1021,187.0,6.0,0.005372806702504532
203473,Dewayne Dedmon,8900.710000000001,515,47.8,3.0,0.005370358095028374
201163,Wilson Chandler,20285.04,676,108.88,3.0,0.005367502356416354
203093,Terrence Jones,5563.44,234,29.86,1.0,0.005367182894036784
202334,Ed Davis,13763.0,722,73.78999999999999,4.0,0.005361476422291651
787,Charles Barkley,6396.66,183,34.17,1.0,0.005341850278113891
445,Wesley Person,16325.87,573,86.86999999999999,3.0,0.005321002801075838
299,Glenn Robinson,19145.35,526,101.8,3.0,0.00531721801899678
2225,Tony Parker,38290.56,1254,203.33,6.0,0.005310186113757543
2554,Mickael Pietrus,11950.44,557,63.25,3.0,0.005292692151920766
891,Charles Oakley,14354.42,473,75.69999999999999,2.0,0.005273636970354775
201196,Ramon Sessions,16117.09,691,84.98,5.0,0.005272663985868417
203077,Michael Kidd-Gilchrist,10979.7,446,57.58,2.0,0.0052442234305126725
201152,Thaddeus Young,33007.4,1172,172.32999999999998,6.0,0.0052209504535346615
201962,Toney Douglas,7509.7,394,39.08,2.0,0.005203936242459752
1032,Darvin Ham,5143.39,417,26.73,3.0,0.005196961537040745
101132,Linas Kleiza,8183.25,409,42.5,3.0,0.005193535575718694
2761,Jackson Vroman,1111.42,87,5.77,1.0,0.005191556747224271
1629109,Gary Clark,2238.92,170,11.62,1.0,0.005190002322548371
43,Chris Whitney,9191.94,493,47.68,2.0,0.005187153092818273
2571,Leandro Barbosa,18384.27,850,94.88,4.0,0.005160933776538312
381,James Robinson,3099.62,176,15.889999999999999,2.0,0.005126434853304598
760,Jerome Kersey,4739.91,246,24.18,1.0,0.005101362684101597
202380,Hamady Ndiaye,157.35999999999999,33,0.8,1.0,0.005083884087442807
1908,Jumaine Jones,9773.18,469,49.61,3.0,0.005076136938028359
1629014,Anfernee Simons,11790.813333333334,444,59.81666666666666,2.0,0.0050731586511985035
179,Bryant Stith,7561.9,302,38.35,1.0,0.005071476745262434
270,Horace Grant,15432.51,482,78.25999999999999,2.0,0.005071112864984373
2405,Amar'e Stoudemire,26249.69,846,132.28,6.0,0.005039297606943168
462,J.R. Reid,2780.19,160,14.0,1.0,0.0050356270614598285
201596,Mario Chalmers,17243.72,646,86.46,4.0,0.0050139992994551056
2052,DeShawn Stevenson,18389.09,824,92.19,5.0,0.005013298646099399
1883,Steve Francis,21631.2,576,108.42000000000002,3.0,0.00501220459336514
1938,Manu Ginobili,26867.04,1057,134.63,5.0,0.0050109725522424495
2548,Dwyane Wade,35785.17,1054,179.09,5.0,0.005004587095715907
201147,Corey Brewer,18772.53,819,93.65,4.0,0.004988672278057354
203503,Tony Snell,13092.54,601,65.24000000000001,4.0,0.00498299031356788
247,Joe Dumars,6369.79,189,31.74,1.0,0.004982895825451074
201961,Wayne Ellington,16098.27,770,80.15,3.0,0.004978795858188488
1502,Adonal Foyle,13067.08,733,65.02,5.0,0.00497586300841504
2804,Andres Nocioni,12016.71,514,59.72,4.0,0.004969746294950948
201937,Ricky Rubio,20692.09,698,102.7,3.0,0.004963249241618416
1629662,Mfiondu Kabengele,380.86,55,1.88,1.0,0.004936197027779236
200756,Hilton Armstrong,3378.89,291,16.59,2.0,0.004909896445282326
2550,Kirk Hinrich,27013.47,879,132.26,6.0,0.004896075920642553
2033,Marcus Fizer,6038.55,289,29.48,1.0,0.00488196669730316
2424,Dan Dickau,4606.47,300,22.45,5.0,0.004873579986410418
2427,Roger Mason Jr.,9140.41,518,44.53,2.0,0.004871772710414522
1740,Rashard Lewis,33551.11,1049,162.16,4.0,0.004833223103497917
2735,Josh Childress,10427.28,391,50.36,2.0,0.004829639177235098
201577,Robin Lopez,20940.2,992,101.05,6.0,0.004825646364409126
201627,Anthony Morrow,12278.66,564,58.81,3.0,0.004789610592686825
1630561,David Duke Jr.,654.15,55,3.13,1.0,0.004784835282427578
753,Randy Brown,6478.75,328,30.91,1.0,0.004770982056723905
1628427,Vlatko Cancar,1392.15,130,6.63,1.0,0.004762417842904859
2742,Sebastian Telfair,12148.17,564,57.65,3.0,0.004745570732052646
101236,Chuck Hayes,11815.32,644,55.849999999999994,2.0,0.004726913871143565
203121,Darius Miller,5358.74,271,25.29,1.0,0.004719392991636094
937,Scottie Pippen,15964.11,471,75.19,2.0,0.004709939984126894
2436,Flip Murray,11076.37,487,52.07,2.0,0.00470099861236127
1521,Jacque Vaughn,12647.460000000001,776,59.290000000000006,3.0,0.004687897807148629
1626170,Jerian Grant,4998.34,279,23.4,1.0,0.004681554276019638
1444,Lawrence Funderburke,4726.82,318,22.1,2.0,0.004675447764035864
201575,Brandon Rush,10563.38,481,49.34,3.0,0.004670853457889426
201177,Josh McRoberts,8273.52,433,38.57,2.0,0.004661860973322117
203496,Robert Covington,17331.08,614,80.23,3.0,0.004629255649388267
208,Sam Cassell,25137.31,784,116.16,4.0,0.00462101951242993
42,Monty Williams,6941.12,384,32.01,1.0,0.00461164768798119
101150,Lou Williams,27102.17,1123,124.88,7.0,0.004607749121195831
1628372,Dennis Smith Jr.,7601.97,326,34.78,1.0,0.004575129867652727
2863,Damien Wilkins,10990.43,582,50.18,3.0,0.004565790419483132
1642877,Micah Peavy,912.935,61,4.166666666666667,1.0,0.004564034314235589
2563,Dahntay Jones,9770.66,620,44.47,5.0,0.004551381380582274
1495,Tim Duncan,47378.38,1392,215.53,7.0,0.004549121350286777
201589,Darrell Arthur,8943.89,503,40.68,2.0,0.004548356475761665
101107,Marvin Williams,30152.36,1072,137.07,6.0,0.004545912824070819
1627756,Denzel Valentine,4816.13,256,21.87,1.0,0.004540990380243058
192,Dennis Scott,6454.79,249,29.3,1.0,0.004539264639128461
1642274,Yves Missi,3252.9766666666665,139,14.75,1.0,0.004534308576862422
2250,Bobby Simmons,11509.34,466,51.77,1.0,0.00449808590240622
353,Darrell Armstrong,19869.32,824,89.35,8.0,0.0044968826311116835
2106,Ruben Wolkowyski,326.93,41,1.47,1.0,0.004496375370874499
1715,Jason Williams,23179.17,788,103.92,3.0,0.004483335684582321
224,Eddie Jones,28600.35,820,128.01,5.0,0.004475819351861078
201149,Joakim Noah,18646.46,672,83.38,3.0,0.004471626249701015
713,Chris Carr,3905.23,237,17.44,2.0,0.004465806111291781
203382,Aron Baynes,8374.13,522,37.32,3.0,0.004456582355420803
680,John Amaechi,4457.04,266,19.85,1.0,0.004453628417066036
2046,Desmond Mason,19634.07,643,87.12,4.0,0.004437184954520382
970,Othella Harrington,13926.03,709,61.17999999999999,4.0,0.004393211848602939
1924,Lee Nailon,5816.35,306,25.46,2.0,0.004377315670480628
958,Vitaly Potapenko,11611.42,610,50.800000000000004,3.0,0.004375003229579156
1628390,Terrance Ferguson,4000.98,204,17.5,1.0,0.004373928387545052
967,Brian Evans,1092.5,102,4.77,2.0,0.0043661327231121275
203516,James Ennis III,8021.34,395,34.79,4.0,0.004337180570827318
383,Kendall Gill,15967.12,537,68.71000000000001,2.0,0.004303218113222673
769,B.J. Armstrong,2791.8,174,12.0,1.0,0.004298302170642596
1627823,Juancho Hernangomez,5268.49,339,22.63,1.0,0.004295348382553635
200761,Shawne Williams,5355.29,306,23.0,1.0,0.004294818767984553
201582,Alexis Ajinca,3904.29,293,16.69,3.0,0.004274784916079492
1628035,Alfonzo McKinnie,2114.55,182,9.02,2.0,0.004265683005840485
201568,Danilo Gallinari,22407.26,777,94.99,3.0,0.004239251028461311
2198,Kwame Brown,13379.62,607,56.59,3.0,0.004229567057958298
2060,Marko Jaric,11255.39,447,47.6,1.0,0.004229084909541118
1541,Alvin Williams,12610.14,458,53.3,2.0,0.004226757196985917
98,Nick Anderson,7931.97,276,33.5,2.0,0.004223414864151024
1629752,Juwan Morgan,308.92,51,1.3,1.0,0.004208209245112003
1630186,Jahmi'us Ramsey,349.52,39,1.47,1.0,0.004205767910276951
1838,Tyrone Nesby,6661.24,255,27.98,1.0,0.0042004191411809215
202344,Trevor Booker,10874.02,532,45.66,2.0,0.004198999082216144
7,Dan Schayes,1955.19,138,8.2,1.0,0.0041939658038349205
2555,Nick Collison,18608.17,910,78.0,5.0,0.004191707190981166
202689,Kemba Walker,24808.32,750,103.93,3.0,0.004189320357041509
201880,Greg Stiemsma,3047.95,203,12.75,1.0,0.004183139487196313
201949,James Johnson,15579.1965,791,65.1065,9.0,0.004179066616176258
203462,Archie Goodwin,2395.71,165,10.01,2.0,0.004178302048244571
201166,Aaron Brooks,13437.73,645,56.120000000000005,5.0,0.004176300610296531
2732,Ben Gordon,20373.27,744,85.06,3.0,0.004175078423836723
201148,Brandan Wright,6948.9800000000005,427,29.0,2.0,0.004173274351055838
703,Kurt Thomas,25507.38,1036,106.13,5.0,0.0041607566124000185
1887,Wally Szczerbiak,20058.72,651,83.33,3.0,0.004154302966490384
954,Kerry Kittles,16942.21,507,70.14,2.0,0.004139955767281837
442,Pervis Ellison,878.95,78,3.63,1.0,0.004129927754707321
203463,Ben McLemore,12532.49,556,51.69,4.0,0.004124479652487255
2566,Travis Outlaw,13024.74,622,53.67,2.0,0.0041206196822355
203917,Nik Stauskas,6699.53,343,27.6,1.0,0.0041196919783925146
1544,Chris Crawford,3986.03,252,16.39,2.0,0.004111860673401856
200751,Randy Foye,19278.08,752,79.25999999999999,3.0,0.004111405285173626
699,Brent Barry,21751.89,833,89.28999999999999,4.0,0.004104930652003113
1890,Shawn Marion,40093.96,1163,164.44,5.0,0.004101365891520817
895,Tyrone Corbin,7129.25,265,29.23,1.0,0.0041000105200406775
1628417,Jaron Blossomgame,439.17,27,1.8,1.0,0.004098640617528519
1496,Keith Van Horn,18160.01,575,74.16,3.0,0.00408369819179615
255,Grant Hill,28839.01,876,117.32,4.0,0.004068100812059776
101214,Jawad Williams,1153.04,90,4.6899999999999995,4.0,0.0040675084992714905
1506,Austin Croshere,11467.96,659,46.629999999999995,6.0,0.004066111147928664
201953,Eric Maynor,3894.96,267,15.81,1.0,0.004059091749337606
1626149,Montrezl Harrell,10545.26,515,42.510000000000005,3.0,0.004031195058253661
202683,Enes Freedom,16103.24,748,64.77000000000001,3.0,0.004022171935585635
1559,Adrian Griffin,7978.43,477,32.01,2.0,0.004012067537096897
1739,Ruben Patterson,15969.15,649,63.78,3.0,0.0039939508364565425
201970,Sam Young,3965.15,249,15.82,2.0,0.003989760790890634
1630214,Xavier Tillman,4370.241666666667,292,17.403333333333336,3.0,0.003982235917540792
101136,Salim Stoudamire,2671.66,157,10.59,1.0,0.0039638277325707615
283,Lindsey Hunter,17980.79,733,71.1,3.0,0.003954220031489161
469,Jamal Mashburn,16214.07,434,63.730000000000004,2.0,0.003930536873221838
200780,Solomon Jones,3093.17,281,12.129999999999999,2.0,0.003921543271142549
1442,Zeljko Rebraca,3279.66,215,12.86,1.0,0.003921138166761188
201980,Danny Green,20895.98,832,81.7,3.0,0.003909842945868057
1628977,Hamidou Diallo,4912.7,265,19.18,1.0,0.003904166751480856
1722,Michael Dickerson,7495.22,212,29.12,1.0,0.0038851427976763857
1629634,Brandon Clarke,6413.268333333333,309,24.9,1.0,0.0038825757329661085
1631102,TyTy Washington Jr.,695.1283333333333,74,2.6966666666666668,2.0,0.0038793795869827394
248,George Lynch,13944.33,571,54.04,2.0,0.00387541029221196
1631197,Jared Rhoden,669.05,45,2.58,1.0,0.0038562140348254994
1626144,Emmanuel Mudiay,7185.22,302,27.68,2.0,0.003852352467982887
2043,Mateen Cleaves,1861.55,167,7.16,1.0,0.003846257151298649
1747,Rafer Alston,19397.34,671,74.48,3.0,0.0038397017322993774
203934,Lamar Patterson,435.25,40,1.67,1.0,0.0038368753589890867
2733,Shaun Livingston,17193.31,833,65.9,3.0,0.0038328861632809506
202718,Chandler Parsons,13246.36,440,50.75,2.0,0.0038312411862579604
1548,Mark Blount,14003.66,605,53.59,3.0,0.0038268566931787835
1630201,Malachi Flynn,3076.02,217,11.77,2.0,0.003826373040487383
2404,Chris Wilcox,12476.15,628,47.56,2.0,0.00381207343611611
202341,James Anderson,4320.58,246,16.47,1.0,0.003811988205287253
893,Michael Jordan,11408.87,306,43.47,1.0,0.0038101932969698137
275,Allan Houston,21723.58,602,82.57,2.0,0.0038009388876050812
2294,Charlie Bell,9365.14,376,35.51,1.0,0.0037917212129236723
2585,Zaza Pachulia,22233.8,1098,84.27,4.0,0.0037901753186589788
200783,Craig Smith,6825.55,403,25.78,3.0,0.0037769850048714024
200745,Andrea Bargnani,15806.45,550,59.510000000000005,3.0,0.0037649187515223217
15,Eric Piatkowski,12616.97,643,47.35,3.0,0.0037528820311057256
2581,Steve Blake,20817.58,870,78.03999999999999,3.0,0.0037487546583224365
202691,Klay Thompson,29297.9,934,109.47666666666666,4.0,0.0037366728218290956
1629134,Kendrick Nunn,4593.17,194,17.0,1.0,0.0037011475734623363
1732,Felipe Lopez,4142.57,248,15.24,2.0,0.0036788756737967014
204020,Tyler Johnson,8702.32,351,31.52,1.0,0.0036220226330449814
201565,Derrick Rose,22052.04,723,79.78999999999999,3.0,0.0036182593537831416
201202,Joel Anthony,7058.67,488,25.52,3.0,0.003615411968543649
201,Chris Dudley,4794.56,324,17.29,1.0,0.0036061703263698852
1499,Tony Battie,17660.35,837,63.64,5.0,0.0036035525909735655
2098,Slava Medvedenko,3339.74,262,12.0,1.0,0.0035930940731913265
1905,Andrei Kirilenko,23935.09,797,84.78,4.0,0.003542079850127992
1886,Jonathan Bender,3842.62,261,13.61,2.0,0.003541854255690128
1983,Jermaine Jackson,1331.72,135,4.7,1.0,0.0035292704172048177
2546,Carmelo Anthony,43510.38,1260,150.89,4.0,0.0034679081175572357
70,Steve Kerr,6350.14,403,21.96,1.0,0.0034581914729439034
677,Eric Williams,14254.34,594,49.18,2.0,0.0034501772793408885
2617,Udonis Haslem,21726.55,879,74.36000000000001,3.0,0.0034225406242592597
922,Elden Campbell,14949.51,601,50.93000000000001,4.0,0.003406800624234507
1909,Scott Padgett,5610.51,448,19.04,2.0,0.0033936308820410265
369,Charlie Ward,13260.39,558,44.94,2.0,0.0033890405938286883
101142,Ronny Turiaf,8022.6,473,27.03,2.0,0.00336923191982649
2051,Donnell Harvey,3327.05,205,11.2,1.0,0.003366345561383207
2254,Loren Woods,2413.41,215,8.08,2.0,0.003347959940499128
76,Cedric Ceballos,5392.71,219,17.92,1.0,0.0033230045746943564
101126,Nate Robinson,13876.3,618,46.04,3.0,0.0033178873330787025
1629126,Deonte Burton,602.91,73,2.0,1.0,0.0033172446965550415
202327,Ekpe Udoh,5695.23,384,18.89,3.0,0.0033168107345971985
324,Anthony Peeler,14700.5,574,48.71,2.0,0.003313492738342233
2074,Jabari Smith,1063.62,108,3.52,2.0,0.0033094526240574646
201600,Omer Asik,9221.43,471,30.490000000000002,2.0,0.0033064286124820123
389,Toni Kukoc,15713.94,609,51.44,2.0,0.003273526563038932
2551,T.J. Ford,11895.68,429,38.870000000000005,2.0,0.003267572765911659
201960,DeMarre Carroll,13673.81,578,44.65,2.0,0.003265366419454417
57,Doug Christie,23118.46,672,75.03,2.0,0.0032454583912596255
1626195,Willy Hernangomez,5150.19,344,16.55,3.0,0.0032134736776701445
302,Mookie Blaylock,12924.03,373,41.22,1.0,0.0031894076383295303
1532,Jerald Honeycutt,630.14,54,2.0,1.0,0.0031738978639667377
1725,Rasho Nesterovic,18005.76,811,57.12,3.0,0.0031723181915120496
201158,Marco Belinelli,19546.24,860,62.0,3.0,0.0031719655545005073
1626196,Josh Richardson,15812.69,554,49.95,3.0,0.0031588553244261412
202324,Derrick Favors,19208.42,790,60.42,2.0,0.0031454955691306214
907,Malik Sealy,7220.77,270,22.67,1.0,0.003139554368855399
201956,Omri Casspi,11959.64,588,37.43,3.0,0.003129692867009375
203512,Lucas Nogueira,1753.96,141,5.48,1.0,0.003124358594266688
1629726,Garrison Mathews,5681.58,329,17.689999999999998,3.0,0.003113570520876235
1627745,Damian Jones,3779.56,279,11.7,2.0,0.003095598429446814
718,Gary Trent,8643.58,437,26.669999999999998,2.0,0.0030855270617035995
2030,Kenyon Martin,23146.0,757,71.31,3.0,0.0030808779054696278
436,Juwan Howard,31008.37,1057,95.49000000000001,4.0,0.00307949111804329
2443,Darius Songaila,9216.2,495,28.38,1.0,0.0030793602569388684
1627846,Abdel Nader,2582.63,202,7.87,1.0,0.0030472812598010554
202711,Bojan Bogdanovic,20887.55,719,63.39,3.0,0.00303482217876199
202734,E'Twaun Moore,12563.32,598,38.08,3.0,0.003031045933718157
317,John Starks,10168.59,387,30.58,2.0,0.0030072999304721695
2768,Chris Duhon,15519.96,606,46.24,2.0,0.002979389122136913
200771,Sergio Rodriguez,5279.96,353,15.66,2.0,0.0029659315600875764
200797,Ryan Hollins,6135.01,517,18.17,3.0,0.002961690363992887
990,Malik Rose,13398.27,813,39.42,3.0,0.0029421708922122035
1631115,Orlando Robinson,1520.6066666666666,112,4.45,1.0,0.002926463560596429
678,George Zidek,437.96,64,1.28,1.0,0.002922641337108412
1762,Tremaine Fowlkes,1216.48,103,3.52,1.0,0.0028935946336972247
201974,Derrick Brown,2553.63,171,7.38,2.0,0.002890003641874508
1627763,Malcolm Brogdon,13480.88,463,38.5,2.0,0.0028558966476965896
201977,Marcus Thornton,11297.33,483,32.19,2.0,0.002849345818879328
202355,Hassan Whiteside,12651.43,511,36.03,1.0,0.002847899407418766
363,Christian Laettner,15233.23,562,43.35,1.0,0.002845752345366019
109,Robert Horry,17686.11,812,50.17,3.0,0.0028366893567890283
2469,Pat Burke,1296.36,127,3.67,1.0,0.0028310037335308093
393,Rod Strickland,15859.85,525,44.3,2.0,0.0027932168337027143
679,Jason Caffey,8504.39,405,23.75,1.0,0.0027926753123974795
202688,Brandon Knight,13202.77,451,36.7,1.0,0.0027797197103335133
2032,Darius Miles,11727.3,446,32.5,1.0,0.002771311384547168
111,LaPhonso Ellis,10837.08,412,30.0,1.0,0.0027682733725320845
2036,Chris Mihm,8754.33,436,24.0,1.0,0.0027415004917566506
432,Pete Chilcutt,3385.47,238,9.25,1.0,0.002732264648630766
1629717,Armoni Brooks,1468.17,84,3.97,1.0,0.002704046534120708
198,Danny Ferry,9135.38,458,24.6,1.0,0.002692827227767209
2239,Trenton Hassell,16279.210000000001,644,43.66,4.0,0.0026819483255022813
1711,Raef LaFrentz,14549.27,563,38.879999999999995,2.0,0.0026722990225626435
2501,Reggie Evans,15583.68,809,41.56,2.0,0.0026668925439947435
203187,Chris Johnson,2274.86,147,6.04,1.0,0.002655108446234054
145,Tracy Murray,7815.62,410,20.37,1.0,0.002606319140388095
55,Marty Conlon,1865.17,102,4.85,2.0,0.00260029916844041
1627362,Briante Weber,610.16,45,1.58,1.0,0.0025894847253179498
200748,Tyrus Thomas,7928.08,402,20.33,1.0,0.002564303084731738
201986,Nando De Colo,1414.62,119,3.62,1.0,0.002558991107152451
2365,Chris Andersen,12264.69,695,31.279999999999998,4.0,0.0025504109765513844
682,Bob Sura,14452.76,578,36.75,3.0,0.0025427669178758935
201274,Ivan Johnson,1968.27,125,4.98,1.0,0.0025301406819186393
1721,Keon Clark,7976.1,353,20.1,1.0,0.0025200285853988792
2071,Olumide Oyedeji,587.1,93,1.47,1.0,0.0025038323965252936
101121,Joey Graham,6115.84,377,15.200000000000001,2.0,0.0024853495186270406
1631255,Karlo Matković,1702.5466666666666,104,4.166666666666667,1.0,0.0024473142194829708
2061,Dan Langhi,1246.66,133,3.03,1.0,0.002430494280718078
203898,Tyler Ennis,2337.45,186,5.6,2.0,0.002395773171618644
1630547,James Bouknight,900.8,79,2.13,1.0,0.002364564831261101
201153,Julian Wright,3048.23,231,7.17,2.0,0.0023521847104713226
452,Vin Baker,16506.63,545,38.82,2.0,0.0023517822838459456
1504,Danny Fortson,8837.06,440,20.6,1.0,0.002331092014765092
1507,Derek Anderson,17968.02,615,41.66,2.0,0.002318563759390294
278,Stacey Augmon,9766.28,611,22.2,2.0,0.0022731275367898524
1425,Aaron Williams,11914.37,688,26.7,2.0,0.0022409913407087406
203143,Pablo Prigioni,4564.45,270,10.22,1.0,0.0022390430391394365
1629647,Darius Bazley,5536.19,237,12.32,1.0,0.0022253571499533074
1914,Chris Herren,1003.85,70,2.23,1.0,0.0022214474274044925
201171,Carl Landry,11525.47,513,25.6,1.0,0.002221167553253794
1709,Michael Olowokandi,13136.51,500,28.87,2.0,0.0021976917765829736
695,Eldridge Recasner,3831.33,230,8.4,1.0,0.0021924501413347324
1727,Pat Garrity,11058.44,552,23.77,2.0,0.002149489439740144
202326,DeMarcus Cousins,19508.92,654,41.5,2.0,0.002127232055900583
764,David Robinson,13064.79,430,27.25,1.0,0.002085758745452472
698,Eddie Johnson,2419.72,130,5.0,1.0,0.00206635478485114
2693,Keith McLeod,3716.86,200,7.6499999999999995,2.0,0.0020581889013845016
201944,Terrence Williams,2918.83,153,6.0,1.0,0.0020556181757759103
1508,Maurice Taylor,13329.94,534,27.33,1.0,0.0020502717941716163
959,Steve Nash,38074.46,1217,77.6,4.0,0.0020381116370396324
2201,Eddy Curry,13124.38,527,26.68,1.0,0.002032857933098554
1631166,Drew Timme,488.95166666666665,36,0.9883333333333333,1.0,0.002021331351769602
221,Clar. Weatherspoon,15852.06,597,32.03,2.0,0.002020557580528966
201574,Jason Thompson,14822.34,588,29.2,2.0,0.0019699993388358383
281,Scott Williams,7222.43,433,14.13,1.0,0.0019564052541873028
1629671,Miye Oni,672.7,80,1.3,1.0,0.0019325107774639512
448,Bo Outlaw,17244.21,716,33.0,1.0,0.0019136858110635397
998,Mark Pope,1626.88,153,3.07,1.0,0.0018870476003147126
966,Jerome Williams,12736.92,587,23.91,2.0,0.0018772199244401315
690,Don Reid,4374.32,334,8.15,1.0,0.0018631467290916076
201628,Bobby Brown,1688.87,158,3.13,2.0,0.0018533102014956747
203943,Noah Vonleh,5855.85,362,10.83,1.0,0.0018494326186633877
201978,Chase Budinger,7997.02,407,14.77,1.0,0.0018469379843991886
193,Anthony Mason,17939.7,463,33.0,1.0,0.0018394956437398618
202332,Cole Aldrich,3388.71,339,6.19,2.0,0.0018266538004137267
1630544,Tre Mann,4531.135,235,8.266666666666667,2.0,0.0018244141184640642
2552,Michael Sweetney,3606.57,233,6.57,1.0,0.0018216754423177701
1853,Anthony Carter,12165.73,623,22.13,1.0,0.0018190441510702604
89,Nick Van Exel,20825.72,645,37.77,1.0,0.0018136227703051803
2410,Fred Jones,10292.35,430,18.54,1.0,0.0018013378868771465
2366,Mike Wilks,2228.22,233,4.0,1.0,0.0017951548769870123
2229,Mike James,14361.3,594,25.78,3.0,0.001795102114711064
371,Terry Mills,4764.82,226,8.52,1.0,0.0017881053219219194
1928,Todd MacCulloch,3433.88,223,6.07,1.0,0.0017676797092501778
1629729,Josh Reaves,28.310000000000002,4,0.05,1.0,0.0017661603673613563
202713,Kyle Singler,7795.06,356,13.75,1.0,0.0017639376733469658
2109,Eddie Gill,2020.0,187,3.56,1.0,0.0017623762376237624
1628539,Mychal Mulder,1208.99,84,2.13,1.0,0.0017618011728798419
1724,Bryce Drew,3963.17,243,6.98,1.0,0.001761216400003028
203085,Austin Rivers,16856.19,707,29.22,2.0,0.0017334878166418391
422,Avery Johnson,13098.77,500,22.6,1.0,0.00172535283847262
93,Hubert Davis,9524.34,423,16.41,1.0,0.0017229540314604476
2035,DerMarr Johnson,5903.71,342,10.13,2.0,0.0017158701901008012
762,Shawn Bradley,13441.44,622,22.83,2.0,0.0016984787344213118
1729,Ricky Davis,21936.6,736,37.17,1.0,0.0016944284893739233
200749,Shelden Williams,5570.5,358,9.4,1.0,0.001687460730634593
2048,Jamaal Magloire,14650.98,680,23.49,4.0,0.0016033057174332365
203108,Bernard James,757.78,89,1.2,1.0,0.0015835730687006782
2429,Dan Gadzuric,7780.4,527,12.28,2.0,0.0015783250218497763
101183,Shavlik Randolph,1203.3799999999999,146,1.88,1.0,0.0015622662833020327
200779,Steve Novak,5655.4,467,8.459999999999999,2.0,0.0014959154082823496
1628408,PJ Dozier,2008.19,130,3.0,1.0,0.001493882550953844
1540,Eric Washington,2297.22,104,3.38,1.0,0.0014713436240325263
2248,Earl Watson,19501.38,878,28.479999999999997,2.0,0.0014604094684581295
1629066,Rodions Kurucs,2101.68,131,3.0,1.0,0.0014274294849834419
1503,Tracy McGrady,30669.9,938,42.68,2.0,0.0013915924081917448
1628410,Edmond Sumner,2256.14,161,3.13,1.0,0.0013873252546384534
384,Calbert Cheaney,15425.92,612,21.18,1.0,0.0013730137327303655
2560,Zarko Cabarkapa,1555.52,150,2.12,1.0,0.0013628882945895906
674,Reggie Jordan,1152.34,139,1.57,1.0,0.0013624451116857872
133,David Wesley,26250.62,756,35.37,2.0,0.0013473967472006376
1884,Baron Davis,28592.14,835,37.97,1.0,0.0013279873419758017
1630240,Saben Lee,1943.01,134,2.58,1.0,0.0013278367069649668
203940,Adreian Payne,1403.51,107,1.85,1.0,0.0013181238466416342
201611,Henry Walker,3015.09,181,3.97,1.0,0.0013167102806218058
201936,Tyreke Evans,18241.95,594,24.0,1.0,0.0013156488204386044
1741,Jelani McCoy,3820.94,260,5.0,1.0,0.0013085785173281967
1626202,Joe Young,1078.0,127,1.4,1.0,0.0012987012987012987
1627854,Bryn Forbes,8581.41,431,11.1,1.0,0.0012934937265554262
348,Mitchell Butler,1730.08,150,2.18,1.0,0.0012600573383889763
1627737,Marquese Chriss,5339.2,292,6.63,1.0,0.0012417590650284688
1720,Michael Doleac,8784.04,587,10.76,2.0,0.0012249488845679207
101189,James Singleton,3254.5,243,3.98,1.0,0.0012229221078506683
1533,Anthony Johnson,15563.25,793,18.66,2.0,0.0011989783624885549
457,Andrew Lang,2519.68,149,3.0,1.0,0.0011906273812547627
203104,Marquis Teague,907.9399999999999,91,1.08,1.0,0.0011895059144877416
202951,Jeremy Pargo,1123.16,86,1.28,1.0,0.0011396417251326614
201971,DeJuan Blair,7055.48,424,7.8100000000000005,2.0,0.0011069409877145142
1629603,Mamadi Diakite,529.05,55,0.58,1.0,0.0010963046970985729
2047,Quentin Richardson,20792.98,783,20.73,1.0,0.0009969710931285462
1731,Tyronn Lue,12578.16,554,12.4,2.0,0.000985835766121595
1629676,Isaiah Roby,2858.56,151,2.8,1.0,0.0009795141609761557
2873,Billy Thomas,523.72,53,0.5,1.0,0.0009547086229282823
1630550,JT Thor,2260.54,185,2.13,1.0,0.000942252736071912
203998,Bruno Caboclo,1293.43,105,1.13,1.0,0.0008736460419195471
2413,Juan Dixon,8506.79,436,7.13,1.0,0.0008381539922814598
915,Rodney Rogers,16375.43,640,13.1,1.0,0.0007999789929180486
983,Moochie Norris,7624.73,445,6.07,1.0,0.0007960937633201439
960,Tony Delk,11710.28,545,9.15,1.0,0.0007813647496046209
2260,Jarron Collins,8545.49,542,6.6,2.0,0.0007723372211540825
1629610,DaQuan Jeffries,1819.6933333333334,114,1.38,1.0,0.0007583695421206503
201156,Nick Young,16417.94,720,12.399999999999999,2.0,0.0007552713677842652
201157,Sean Williams,1979.95,137,1.42,1.0,0.0007171898280259602
1626143,Jahlil Okafor,4830.11,248,3.42,1.0,0.0007080584086076715
200764,Renaldo Balkman,3065.06,221,2.12,1.0,0.0006916667210429813
1742,Shammond Williams,5338.72,325,3.58,1.0,0.0006705727215512333
2556,Marcus Banks,5559.56,348,3.67,1.0,0.0006601241824892617
689,Theo Ratliff,19193.76,735,12.0,1.0,0.0006252031910370871
203148,Brian Roberts,5207.0,314,3.1799999999999997,2.0,0.0006107163433839062
201965,Jeff Ayres,2322.54,237,1.28,1.0,0.0005511207557243363
446,Lucious Harris,11817.539999999999,583,6.12,1.0,0.0005178742784031194
961,John Wallace,6129.2,381,2.85,1.0,0.0004649872740325002
239,Darrick Martin,7211.32,421,3.0,2.0,0.00041601260240843564
1626199,Darrun Hilliard,860.47,91,0.35,1.0,0.00040675444815042937
202706,Jordan Hamilton,2100.02,151,0.8,1.0,0.0003809487528690203
2774,Bernard Robinson,1910.53,128,0.58,1.0,0.0003035806818003381
200776,Mardy Collins,2770.54,189,0.82,1.0,0.00029597118251315624
1627748,Thon Maker,3624.81,263,1.03,1.0,0.00028415282456183914
1065,Erick Strickland,10187.9,501,2.85,1.0,0.00027974361742851814
203933,T.J. Warren,10363.36,385,2.23,1.0,0.00021518117676120485
2767,Royal Ivey,6165.84,492,1.08,1.0,0.00017515861585769337
2226,Will Solomon,1595.16,115,0.1,1.0,6.268963614935179e-05
1630548,Johnny Juzang,1961.6183333333333,123,0.12000000000000001,1.0,6.117397964775683e-05
9,Sedale Threatt,335.12,21,0.0,0.0,0.0
12,Chris King,40.92,8,0.0,0.0,0.0
21,Greg Anthony,7612.29,395,0.0,0.0,0.0
23,Dennis Rodman,5855.52,170,0.0,0.0,0.0
31,Lorenzo Williams,454.65999999999997,41,0.0,0.0,0.0
32,Clifford Rozier,765.4,48,0.0,0.0,0.0
36,Sarunas Marciulionis,255.64,17,0.0,0.0,0.0
49,Gheorghe Muresan,2112.82,104,0.0,0.0,0.0
52,Micheal Williams,175.9,27,0.0,0.0,0.0
54,Dickey Simpkins,3930.14,207,0.0,0.0,0.0
71,Pooh Richardson,2453.18,139,0.0,0.0,0.0
77,Doug Overton,3228.52,256,0.0,0.0,0.0
78,LaSalle Thompson,138.84,26,0.0,0.0,0.0
80,Ken Norman,221.09,17,0.0,0.0,0.0
88,Steve Scheffler,27.14,7,0.0,0.0,0.0
95,Mark Bryant,5437.99,295,0.0,0.0,0.0
103,Todd Day,3633.72,175,0.0,0.0,0.0
104,Benoit Benjamin,285.85,27,0.0,0.0,0.0
122,Fred Roberts,40.44,12,0.0,0.0,0.0
128,David Benoit,1567.75,126,0.0,0.0,0.0
129,Dino Radja,873.62,25,0.0,0.0,0.0
138,Anthony Avent,422.17,54,0.0,0.0,0.0
143,Terry Dehere,2752.2,176,0.0,0.0,0.0
146,Jud Buechler,4427.12,381,0.0,0.0,0.0
154,Adrian Caldwell,574.31,46,0.0,0.0,0.0
160,Tim Breaux,28.81,6,0.0,0.0,0.0
166,Ron Harper,8311.21,320,0.0,0.0,0.0
175,Alton Lister,558.57,60,0.0,0.0,0.0
176,Antonio Harvey,313.93,46,0.0,0.0,0.0
183,Bison Dele,3938.71,136,0.0,0.0,0.0
194,Anthony Bowie,221.44,27,0.0,0.0,0.0
199,Reggie Williams,199.53,13,0.0,0.0,0.0
211,Eric Mobley,304.94,28,0.0,0.0,0.0
212,Yinka Dare,373.95,51,0.0,0.0,0.0
234,Khalid Reeves,3542.11,159,0.0,0.0,0.0
244,Dee Brown,4519.74,194,0.0,0.0,0.0
251,Sean Elliott,5538.69,196,0.0,0.0,0.0
262,Michael Cage,2685.96,181,0.0,0.0,0.0
265,Harvey Grant,3292.93,190,0.0,0.0,0.0
279,Charles Jones,217.82999999999998,36,0.0,0.0,0.0
287,Eric Leckner,130.14,20,0.0,0.0,0.0
289,Ledell Eackles,546.88,42,0.0,0.0,0.0
296,Rick Fox,15383.45,562,0.0,0.0,0.0
305,Robert Parish,406.43,43,0.0,0.0,0.0
308,Derrick Alston,10.600000000000001,2,0.0,0.0,0.0
316,Richard Manning,201.12,26,0.0,0.0,0.0
351,Stacey King,102.52,11,0.0,0.0,0.0
359,Chucky Brown,4681.09,302,0.0,0.0,0.0
368,Dwayne Schintzius,181.32,31,0.0,0.0,0.0
404,Kevin Duckworth,383.46,26,0.0,0.0,0.0
416,Willie Burton,441.48,40,0.0,0.0,0.0
418,Scott Brooks,558.1899999999999,81,0.0,0.0,0.0
435,Carlos Rogers,3597.39,193,0.0,0.0,0.0
438,Robert Werdann,30.759999999999998,6,0.0,0.0,0.0
440,Zan Tabak,2087.64,143,0.0,0.0,0.0
441,Lamond Murray,14103.92,578,0.0,0.0,0.0
456,Chuck Person,2782.82,148,0.0,0.0,0.0
511,Melvin Booker,34.15,6,0.0,0.0,0.0
671,Donnie Boyce,153.78,22,0.0,0.0,0.0
676,Thomas Hamilton,273.89,22,0.0,0.0,0.0
700,Keith Tower,72.69,5,0.0,0.0,0.0
701,Frankie King,59.47,7,0.0,0.0,0.0
704,Shawn Respert,1499.52,110,0.0,0.0,0.0
707,Mark Davis,3115.16,173,0.0,0.0,0.0
712,Mario Bennett,376.55,49,0.0,0.0,0.0
715,John Coker,131.59,20,0.0,0.0,0.0
716,Rumeal Robinson,500.65999999999997,54,0.0,0.0,0.0
719,Randolph Childress,151.57999999999998,23,0.0,0.0,0.0
725,Dell Demps,9.26,2,0.0,0.0,0.0
728,Jimmy King,21.68,2,0.0,0.0,0.0
729,Martin Lewis,50.2,9,0.0,0.0,0.0
732,Ashraf Amaya,145.04,31,0.0,0.0,0.0
733,Cuonzo Martin,13.03,3,0.0,0.0,0.0
734,Lawrence Moten,1242.47,75,0.0,0.0,0.0
737,Bob McCann,5.05,1,0.0,0.0,0.0
771,Elmore Spencer,5.48,1,0.0,0.0,0.0
783,Frank Brickowski,255.82,17,0.0,0.0,0.0
892,Spud Webb,34.21,4,0.0,0.0,0.0
900,Matt Fish,6.640000000000001,5,0.0,0.0,0.0
902,Bimbo Coles,8205.93,383,0.0,0.0,0.0
914,Stanley Roberts,1794.1,103,0.0,0.0,0.0
919,Loy Vaught,4420.08,223,0.0,0.0,0.0
925,Sean Higgins,12.479999999999999,2,0.0,0.0,0.0
927,John Salley,304.45,45,0.0,0.0,0.0
931,Don MacLean,1356.53,87,0.0,0.0,0.0
939,Pete Myers,39.04,9,0.0,0.0,0.0
940,Earl Cureton,45.11,9,0.0,0.0,0.0
941,Ennis Whatley,20.85,3,0.0,0.0,0.0
955,Samaki Walker,7616.59,445,0.0,0.0,0.0
964,Roy Rogers,2312.98,137,0.0,0.0,0.0
971,Mark Hendrickson,1500.28,114,0.0,0.0,0.0
981,Efthimios Rentzias,143.37,35,0.0,0.0,0.0
984,Steve Hamer,266.68,35,0.0,0.0,0.0
987,Jason Sasser,106.51,14,0.0,0.0,0.0
989,Ben Davis,151.92000000000002,40,0.0,0.0,0.0
992,Marcus Brown,227.60999999999999,27,0.0,0.0,0.0
997,Chris Robinson,1094.02,76,0.0,0.0,0.0
1003,Drew Barry,598.55,60,0.0,0.0,0.0
1006,Herb Williams,392.68,50,0.0,0.0,0.0
1026,Evric Gray,42.400000000000006,5,0.0,0.0,0.0
1035,Shawnelle Scott,626.07,105,0.0,0.0,0.0
1038,Juaquin Hawkins,680.8,58,0.0,0.0,0.0
1041,Nate Driggers,133.22,15,0.0,0.0,0.0
1052,Ben Handlogten,466.18,38,0.0,0.0,0.0
1055,Ed Stokes,17.5,4,0.0,0.0,0.0
1059,Aleksandar Djordjevic,62.21,8,0.0,0.0,0.0
1061,William Cunningham,200.69,22,0.0,0.0,0.0
1064,Brent Scott,53.89,16,0.0,0.0,0.0
1070,Devin Gray,174.02,27,0.0,0.0,0.0
1073,Reggie Slater,3204.65,223,0.0,0.0,0.0
1075,Michael McDonald,4.28,1,0.0,0.0,0.0
1085,Ira Bowman,66.43,17,0.0,0.0,0.0
1086,Joe Stephens,227.72,22,0.0,0.0,0.0
1093,Gaylon Nickerson,41.8,4,0.0,0.0,0.0
1099,Matt Steigenga,11.73,2,0.0,0.0,0.0
1108,Tony Farmer,1367.61,101,0.0,0.0,0.0
1109,James Scott,32.18,8,0.0,0.0,0.0
1114,Jaren Jackson,6165.14,310,0.0,0.0,0.0
1118,Tim Kempton,104.58,18,0.0,0.0,0.0
1120,Elmer Bennett,75.23,9,0.0,0.0,0.0
1121,Dexter Boney,44.59,8,0.0,0.0,0.0
1129,Ruben Nembhard,114.09,10,0.0,0.0,0.0
1131,Jimmy Carruth,19.119999999999997,4,0.0,0.0,0.0
1133,Corey Beck,916.66,83,0.0,0.0,0.0
1136,Brett Szabo,665.08,69,0.0,0.0,0.0
1137,Chris Jent,9.34,3,0.0,0.0,0.0
1138,Michael Hawkins,639.43,75,0.0,0.0,0.0
1361,Mark Bradtke,248.68,36,0.0,0.0,0.0
1381,John Long,369.7,32,0.0,0.0,0.0
1429,Jimmy Oliver,63.75,7,0.0,0.0,0.0
1432,Joe Courtney,101.17,9,0.0,0.0,0.0
1434,Dragan Tarlac,599.03,43,0.0,0.0,0.0
1474,Larry Krystkowiak,11.58,3,0.0,0.0,0.0
1505,Tariq Abdul-Wahad,4802.59,236,0.0,0.0,0.0
1511,Johnny Taylor,863.4,54,0.0,0.0,0.0
1512,Chris Anstey,2156.86,155,0.0,0.0,0.0
1516,Ed Gray,808.8,60,0.0,0.0,0.0
1518,Rodrick Rhodes,1236.54,72,0.0,0.0,0.0
1519,John Thomas,2250.03,208,0.0,0.0,0.0
1522,Keith Booth,446.34000000000003,45,0.0,0.0,0.0
1525,Charles O'Bannon,396.29,48,0.0,0.0,0.0
1526,James Cotton,91.19,19,0.0,0.0,0.0
1527,Marko Milic,213.68,44,0.0,0.0,0.0
1528,Bubba Wells,388.52,39,0.0,0.0,0.0
1529,Kebu Stewart,111.81,15,0.0,0.0,0.0
1530,James Collins,101.21,23,0.0,0.0,0.0
1535,Jason Lawson,78.55,17,0.0,0.0,0.0
1538,Cedric Henderson,6181.97,260,0.0,0.0,0.0
1539,God Shammgod,145.75,20,0.0,0.0,0.0
1542,Predrag Drobnjak,5546.24,278,0.0,0.0,0.0
1554,Jamal Robinson,71.66,6,0.0,0.0,0.0
1562,Gerard King,1824.08,126,0.0,0.0,0.0
1564,Etdrick Bohannon,144.99,24,0.0,0.0,0.0
1565,Michael Stewart,3296.36,286,0.0,0.0,0.0
1569,Keith Closs,1649.4,130,0.0,0.0,0.0
1572,Nate Huffman,78.09,7,0.0,0.0,0.0
1575,Derek Grimm,33.300000000000004,9,0.0,0.0,0.0
1576,Travis Williams,429.76,47,0.0,0.0,0.0
1578,Shea Seals,8.1,4,0.0,0.0,0.0
1585,Brandon Williams,163.37,18,0.0,0.0,0.0
1591,Alvin Sims,25.229999999999997,4,0.0,0.0,0.0
1593,Charles Shackleford,363.13,32,0.0,0.0,0.0
1600,Kornel David,1584.1399999999999,109,0.0,0.0,0.0
1601,Rusty LaRue,1557.16,98,0.0,0.0,0.0
1607,Troy Hudson,11304.2,517,0.0,0.0,0.0
1609,Art Long,1216.91,98,0.0,0.0,0.0
1612,Chris Garner,435.78999999999996,46,0.0,0.0,0.0
1619,Kiwane Garris,244.98,31,0.0,0.0,0.0
1666,Gerald Madkins,242.3,19,0.0,0.0,0.0
1667,Steve Henson,79.6,27,0.0,0.0,0.0
1677,Harold Ellis,342.29,27,0.0,0.0,0.0
1680,Brian Oliver,60.8,5,0.0,0.0,0.0
1682,Reggie Hanson,23.630000000000003,8,0.0,0.0,0.0
1683,Larry Robinson,681.69,41,0.0,0.0,0.0
1726,Mirsad Turkcan,88.87,17,0.0,0.0,0.0
1730,Brian Skinner,10911.04,606,0.0,0.0,0.0
1734,Sam Jacobson,744.95,68,0.0,0.0,0.0
1735,Vladimir Stepania,3724.81,270,0.0,0.0,0.0
1738,Ansu Sesay,1288.93,127,0.0,0.0,0.0
1743,Bruno Sundov,517.1,102,0.0,0.0,0.0
1744,Jerome James,4769.47,357,0.0,0.0,0.0
1745,Casey Shaw,13.91,9,0.0,0.0,0.0
1746,DeMarco Johnson,36.0,4,0.0,0.0,0.0
1748,Korleone Young,15.75,3,0.0,0.0,0.0
1750,Miles Simon,18.61,5,0.0,0.0,0.0
1753,Toby Bailey,698.69,73,0.0,0.0,0.0
1755,Tyson Wheeler,3.13,1,0.0,0.0,0.0
1756,Ryan Stack,398.68,43,0.0,0.0,0.0
1757,Cory Carr,621.16,42,0.0,0.0,0.0
1760,Derrick Dial,681.12,82,0.0,0.0,0.0
1763,Ryan Bowen,6479.33,505,0.0,0.0,0.0
1764,J.R. Henderson,332.48,30,0.0,0.0,0.0
1765,Torraye Braggs,172.08,22,0.0,0.0,0.0
1801,Jonathan Kerner,4.53,1,0.0,0.0,0.0
1817,Adonis Jordan,18.58,4,0.0,0.0,0.0
1820,Kelly McCarty,4.23,2,0.0,0.0,0.0
1823,Makhtar N'diaye,26.91,4,0.0,0.0,0.0
1824,Peter Aluma,5.42,2,0.0,0.0,0.0
1829,Ike Fontaine,76.0,6,0.0,0.0,0.0
1844,Fred Vinson,39.03,8,0.0,0.0,0.0
1845,Andrew Gaze,56.22,19,0.0,0.0,0.0
1847,Thurl Bailey,545.6899999999999,43,0.0,0.0,0.0
1852,Jeff Sheppard,183.69,17,0.0,0.0,0.0
1855,Mark Macon,69.84,7,0.0,0.0,0.0
1858,Mark Baker,1.58,1,0.0,0.0,0.0
1861,Negele Knight,57.54,6,0.0,0.0,0.0
1864,Steve Goodrich,181.28,21,0.0,0.0,0.0
1868,Trevor Winter,4.9,1,0.0,0.0,0.0
1869,Charles R. Jones,1133.4,85,0.0,0.0,0.0
1871,Gerald Brown,237.63,33,0.0,0.0,0.0
1892,Trajan Langdon,1737.44,119,0.0,0.0,0.0
1893,Aleksandar Radojevic,152.36,15,0.0,0.0,0.0
1895,William Avery,1201.72,142,0.0,0.0,0.0
1906,Tim James,263.34,43,0.0,0.0,0.0
1910,Leon Smith,104.27000000000001,15,0.0,0.0,0.0
1911,John Celestand,183.63,16,0.0,0.0,0.0
1915,Evan Eschmeyer,2144.25,153,0.0,0.0,0.0
1917,Wang Zhi-zhi,1249.7,137,0.0,0.0,0.0
1918,Obinna Ekezie,1511.38,144,0.0,0.0,0.0
1919,Laron Profit,1526.58,135,0.0,0.0,0.0
1920,A.J. Bramlett,60.75,8,0.0,0.0,0.0
1921,Gordan Giricek,8822.86,384,0.0,0.0,0.0
1926,Ryan Robertson,24.63,1,0.0,0.0,0.0
1930,Lari Ketner,137.38,25,0.0,0.0,0.0
1937,Tim Young,138.62,25,0.0,0.0,0.0
1942,Harold Jamison,251.29,37,0.0,0.0,0.0
1943,Wayne Turner,40.32,3,0.0,0.0,0.0
1944,Eddie Robinson,5346.22,278,0.0,0.0,0.0
1953,Lazaro Borrell,163.64000000000001,17,0.0,0.0,0.0
1954,Jason Miskiri,3.2,1,0.0,0.0,0.0
1965,Rick Hughes,224.84,21,0.0,0.0,0.0
1967,Derek Hood,3.9299999999999997,2,0.0,0.0,0.0
1975,Jamel Thomas,102.83,12,0.0,0.0,0.0
1985,Zendon Hamilton,1557.29,134,0.0,0.0,0.0
2000,Dedric Willoughby,507.09,25,0.0,0.0,0.0
2040,Jerome Moiso,1380.27,145,0.0,0.0,0.0
2042,Courtney Alexander,4056.07,187,0.0,0.0,0.0
2044,Jason Collier,2175.81,151,0.0,0.0,0.0
2054,Jake Tsakalidis,5008.66,315,0.0,0.0,0.0
2055,Mamadou N'diaye,866.26,69,0.0,0.0,0.0
2057,Erick Barkley,263.73,27,0.0,0.0,0.0
2058,Mark Madsen,5330.32,453,0.0,0.0,0.0
2064,Khalid El-Amin,935.33,50,0.0,0.0,0.0
2065,Mike Smith,179.62,17,0.0,0.0,0.0
2066,Soumaila Samake,300.1,47,0.0,0.0,0.0
2068,Lavor Postell,444.34,61,0.0,0.0,0.0
2072,Michael Redd,20110.59,629,0.0,0.0,0.0
2079,Kaniel Dickens,79.39999999999999,19,0.0,0.0,0.0
2080,Igor Rakocevic,240.14,42,0.0,0.0,0.0
2081,Ernest Brown,21.43,3,0.0,0.0,0.0
2082,Dan McClintock,58.47,6,0.0,0.0,0.0
2084,Chris Porter,1145.01,51,0.0,0.0,0.0
2091,Daniel Santiago,1417.82,122,0.0,0.0,0.0
2092,Ruben Garces,73.3,13,0.0,0.0,0.0
2101,Paul McPherson,593.35,55,0.0,0.0,0.0
2121,Terrance Roberson,12.32,3,0.0,0.0,0.0
2128,David Vanterpool,409.67,22,0.0,0.0,0.0
2130,Mike Penberthy,858.52,56,0.0,0.0,0.0
2143,Pepe Sanchez,183.93,38,0.0,0.0,0.0
2173,Sean Colson,44.68,13,0.0,0.0,0.0
2204,Eddie Griffin,6722.47,303,0.0,0.0,0.0
2208,Kedrick Brown,1934.78,141,0.0,0.0,0.0
2213,Kirk Haston,135.41,27,0.0,0.0,0.0
2214,Michael Bradley,2010.73,173,0.0,0.0,0.0
2218,Joseph Forte,122.61,25,0.0,0.0,0.0
2219,Jeryl Sasser,1058.53,82,0.0,0.0,0.0
2220,Brandon Armstrong,690.94,108,0.0,0.0,0.0
2221,Raul Lopez,2138.84,113,0.0,0.0,0.0
2228,Alton Ford,519.28,73,0.0,0.0,0.0
2237,Ratko Varda,5.65,1,0.0,0.0,0.0
2238,Antonis Fotsis,317.35,28,0.0,0.0,0.0
2242,Terence Morris,1939.65,139,0.0,0.0,0.0
2244,Jeff Trepagnier,269.58,31,0.0,0.0,0.0
2249,Jamison Brewer,464.15999999999997,54,0.0,0.0,0.0
2253,Sean Lampley,549.04,45,0.0,0.0,0.0
2256,Ken Johnson,155.61,16,0.0,0.0,0.0
2257,Ruben Boumtje-Boumtje,274.57,44,0.0,0.0,0.0
2261,Kenny Satterfield,1058.3,75,0.0,0.0,0.0
2264,Alvin Jones,124.57,23,0.0,0.0,0.0
2321,Paul Shirley,119.38,18,0.0,0.0,0.0
2343,Joe Crispin,154.48,21,0.0,0.0,0.0
2347,Tang Hamilton,97.95,9,0.0,0.0,0.0
2349,Victor Alexander,95.46000000000001,14,0.0,0.0,0.0
2351,Oscar Torres,1180.94,81,0.0,0.0,0.0
2352,Dean Oliver,233.25,35,0.0,0.0,0.0
2367,Geno Carlisle,15.4,6,0.0,0.0,0.0
2369,Norman Richardson,68.46,11,0.0,0.0,0.0
2370,Mengke Bateer,493.63,46,0.0,0.0,0.0
2397,Ming Yao,90.52000000000001,5,0.0,0.0,0.0
2398,Jay Williams,1961.78,75,0.0,0.0,0.0
2401,Nikoloz Tskitishvili,1939.06,172,0.0,0.0,0.0
2402,Dajuan Wagner,2203.43,103,0.0,0.0,0.0
2409,Marcus Haislip,852.6899999999999,89,0.0,0.0,0.0
2412,Jiri Welsch,4601.71,247,0.0,0.0,0.0
2414,Curtis Borchardt,1113.79,83,0.0,0.0,0.0
2415,Ryan Humphrey,772.16,85,0.0,0.0,0.0
2417,Qyntel Woods,2049.6,167,0.0,0.0,0.0
2421,Frank Williams,950.01,86,0.0,0.0,0.0
2423,Chris Jefferies,864.16,72,0.0,0.0,0.0
2425,Robert Archibald,324.8,44,0.0,0.0,0.0
2428,Vincent Yarbrough,1379.25,59,0.0,0.0,0.0
2431,David Andersen,1263.35,103,0.0,0.0,0.0
2432,Tito Maddox,34.02,9,0.0,0.0,0.0
2435,Mario Kasun,564.45,73,0.0,0.0,0.0
2437,Lonny Baxter,1885.02,162,0.0,0.0,0.0
2442,Chris Owens,6.32,1,0.0,0.0,0.0
2450,Randy Holcomb,10.52,4,0.0,0.0,0.0
2451,Corsley Edwards,110.11,10,0.0,0.0,0.0
2452,J.R. Bremer,1939.25,100,0.0,0.0,0.0
2453,Predrag Savovic,255.86,27,0.0,0.0,0.0
2454,Junior Harrington,3088.68,140,0.0,0.0,0.0
2456,Cezary Trybanski,101.13,22,0.0,0.0,0.0
2462,Guy Rucker,3.22,3,0.0,0.0,0.0
2466,Maurice Carter,109.0,10,0.0,0.0,0.0
2471,Mike Batiste,1249.52,75,0.0,0.0,0.0
2486,Maurice Baker,18.07,4,0.0,0.0,0.0
2492,Adam Harrington,109.63,19,0.0,0.0,0.0
2499,Richie Frahm,1455.35,140,0.0,0.0,0.0
2541,Antoine Rigaudeau,89.41,11,0.0,0.0,0.0
2558,Reece Gaines,588.56,71,0.0,0.0,0.0
2559,Troy Bell,34.89,6,0.0,0.0,0.0
2565,Zoran Planinic,1572.81,148,0.0,0.0,0.0
2569,Ndudi Ebi,85.41,19,0.0,0.0,0.0
2573,Maciej Lampe,631.96,64,0.0,0.0,0.0
2580,Travis Hansen,509.55,41,0.0,0.0,0.0
2582,Slavko Vranes,2.75,1,0.0,0.0,0.0
2583,Derrick Zimmerman,31.880000000000003,2,0.0,0.0,0.0
2591,James Lang,54.620000000000005,11,0.0,0.0,0.0
2599,Brandon Hunter,621.52,67,0.0,0.0,0.0
2601,Andreas Glyniadakis,80.55,13,0.0,0.0,0.0
2602,Jerome Beasley,5.12,2,0.0,0.0,0.0
2604,Theron Smith,686.59,53,0.0,0.0,0.0
2632,Kirk Penney,29.22,6,0.0,0.0,0.0
2639,Britton Johnsen,375.5,26,0.0,0.0,0.0
2648,Ronald Dupree,1757.95,156,0.0,0.0,0.0
2657,Yuta Tabuse,17.28,4,0.0,0.0,0.0
2667,Desmond Penigar,86.37,10,0.0,0.0,0.0
2673,Hiram Fuller,42.53,4,0.0,0.0,0.0
2682,Alex Garcia,158.29,10,0.0,0.0,0.0
2684,Melvin Sanders,112.93,16,0.0,0.0,0.0
2688,Brandin Knight,2.78,1,0.0,0.0,0.0
2696,Lynn Greer,431.76,41,0.0,0.0,0.0
2724,Desmond Ferguson,30.7,7,0.0,0.0,0.0
2739,Luke Jackson,724.09,73,0.0,0.0,0.0
2741,Robert Swift,1496.58,97,0.0,0.0,0.0
2750,Pavel Podkolzin,25.650000000000002,6,0.0,0.0,0.0
2751,Viktor Khryapa,2356.74,143,0.0,0.0,0.0
2752,Sergei Monia,343.07,26,0.0,0.0,0.0
2762,Peter John Ramos,19.57,6,0.0,0.0,0.0
2763,Lionel Chalmers,424.37,36,0.0,0.0,0.0
2764,Donta Smith,561.05,61,0.0,0.0,0.0
2765,Andre Emmett,70.86,14,0.0,0.0,0.0
2770,Justin Reed,1429.56,136,0.0,0.0,0.0
2775,Ha Ha,311.92,46,0.0,0.0,0.0
2779,Vassilis Spanoulis,271.9,31,0.0,0.0,0.0
2782,Matt Freije,584.03,42,0.0,0.0,0.0
2784,Luis Flores,74.35,16,0.0,0.0,0.0
2798,Horace Jenkins,101.53,15,0.0,0.0,0.0
2800,Tony Bobbitt,11.93,2,0.0,0.0,0.0
2809,Gerald Fitch,239.47,18,0.0,0.0,0.0
2810,Andre Brown,591.52,70,0.0,0.0,0.0
2823,John Edwards,429.37,65,0.0,0.0,0.0
2824,Desmon Farmer,85.72,11,0.0,0.0,0.0
2825,Ibrahim Kutluay,10.91,5,0.0,0.0,0.0
2845,Erik Daniels,70.82,21,0.0,0.0,0.0
2853,Earl Barron,1984.42,140,0.0,0.0,0.0
2857,Andre Barrett,812.98,67,0.0,0.0,0.0
2866,Jackie Butler,847.43,69,0.0,0.0,0.0
2867,Kasib Powell,304.19,11,0.0,0.0,0.0
2876,Jared Reiner,375.62,46,0.0,0.0,0.0
2891,Mark Jones,115.15,10,0.0,0.0,0.0
101117,Yaroslav Korolev,167.59,34,0.0,0.0,0.0
101119,Rashad McCants,5036.44,249,0.0,0.0,0.0
101125,Julius Hodge,97.35,23,0.0,0.0,0.0
101130,Johan Petro,7262.89,473,0.0,0.0,0.0
101134,Wayne Simien,507.3,51,0.0,0.0,0.0
101144,Von Wafer,2473.78,199,0.0,0.0,0.0
101146,Roko Ukic,986.47,85,0.0,0.0,0.0
101147,Chris Taft,144.35,17,0.0,0.0,0.0
101148,Mile Ilic,5.869999999999999,5,0.0,0.0,0.0
101149,Martynas Andriuskevicius,9.37,6,0.0,0.0,0.0
101152,Bracey Wright,325.24,26,0.0,0.0,0.0
101156,Robert Whaley,211.82,23,0.0,0.0,0.0
101159,Dijon Thompson,92.69,16,0.0,0.0,0.0
101160,Lawrence Roberts,1149.56,87,0.0,0.0,0.0
101165,Alex Acker,234.69,30,0.0,0.0,0.0
101166,Uros Slokar,72.0,20,0.0,0.0,0.0
101178,Arvydas Macijauskas,134.5,19,0.0,0.0,0.0
101185,Rawle Marshall,602.7,63,0.0,0.0,0.0
101187,Alan Anderson,6791.9,330,0.0,0.0,0.0
101188,Eddie Basden,140.89,19,0.0,0.0,0.0
101190,Matt Walsh,3.38,2,0.0,0.0,0.0
101194,Anthony Roberson,590.72,65,0.0,0.0,0.0
101207,Kevin Burleson,340.19,39,0.0,0.0,0.0
101209,Devin Green,134.59,27,0.0,0.0,0.0
101212,Esteban Batista,576.1,70,0.0,0.0,0.0
101213,Sharrod Ford,13.04,3,0.0,0.0,0.0
101215,Will Conroy,107.7,16,0.0,0.0,0.0
101219,Anthony Grundy,108.01,12,0.0,0.0,0.0
101223,Aaron Miles,118.14,19,0.0,0.0,0.0
101230,Noel Felix,81.62,12,0.0,0.0,0.0
101232,Roger Powell,13.299999999999999,3,0.0,0.0,0.0
101238,Boniface Ndong,151.52,22,0.0,0.0,0.0
101247,Keith Langford,9.600000000000001,2,0.0,0.0,0.0
101249,John Lucas III,2926.94,242,0.0,0.0,0.0
200754,Mouhamed Sene,259.71,47,0.0,0.0,0.0
200778,James White,583.64,67,0.0,0.0,0.0
200785,Kosta Perovic,37.95,7,0.0,0.0,0.0
200786,David Noel,791.28,68,0.0,0.0,0.0
200790,Marcus Vinicius,172.45,26,0.0,0.0,0.0
200792,Alexander Johnson,1296.14,99,0.0,0.0,0.0
200793,Dee Brown,710.72,68,0.0,0.0,0.0
200798,Cheikh Samb,114.44,22,0.0,0.0,0.0
200799,Guillermo Diaz,17.98,6,0.0,0.0,0.0
200806,Damir Markota,170.4,30,0.0,0.0,0.0
200807,Will Blalock,165.67,14,0.0,0.0,0.0
200814,Tarence Kinsey,1340.05,109,0.0,0.0,0.0
200816,Jorge Garbajosa,1982.54,74,0.0,0.0,0.0
200817,Pooh Jeter,857.87,62,0.0,0.0,0.0
200822,Pops Mensah-Bonsu,508.81,61,0.0,0.0,0.0
200823,Robert Hite,135.7,12,0.0,0.0,0.0
200837,Mike Hall,12.760000000000002,2,0.0,0.0,0.0
200838,Kevinn Pinkney,99.97,6,0.0,0.0,0.0
200839,Mike Harris,495.68,54,0.0,0.0,0.0
200840,Chris McCray,11.78,5,0.0,0.0,0.0
200841,Cedric Bozeman,199.0,23,0.0,0.0,0.0
200848,Steven Smith,24.0,4,0.0,0.0,0.0
200970,Renaldo Major,27.39,1,0.0,0.0,0.0
200971,Dontell Jefferson,83.78,6,0.0,0.0,0.0
200984,Lance Allred,10.08,3,0.0,0.0,0.0
201043,Randolph Morris,437.46999999999997,74,0.0,0.0,0.0
201141,Greg Oden,2028.07,105,0.0,0.0,0.0
201165,Morris Almond,360.38,38,0.0,0.0,0.0
201169,Alando Tucker,425.83,51,0.0,0.0,0.0
201173,Marcus Williams,36.75,9,0.0,0.0,0.0
201176,Jermareo Davidson,432.62,52,0.0,0.0,0.0
201180,Sun Sun,28.14,10,0.0,0.0,0.0
201181,Chris Richard,779.97,70,0.0,0.0,0.0
201182,Derrick Byars,36.86,2,0.0,0.0,0.0
201186,Stephane Lasme,303.26,15,0.0,0.0,0.0
201189,Aaron Gray,3851.38,318,0.0,0.0,0.0
201192,Taurean Green,73.78999999999999,17,0.0,0.0,0.0
201193,Demetris Nichols,58.64,18,0.0,0.0,0.0
201199,DJ Strawberry,270.21999999999997,33,0.0,0.0,0.0
201207,Coby Karl,183.82,24,0.0,0.0,0.0
201208,Darryl Watkins,168.83,14,0.0,0.0,0.0
201235,Courtney Sims,24.41,5,0.0,0.0,0.0
201242,Thomas Gardner,142.45000000000002,20,0.0,0.0,0.0
201281,Andre Ingram,77.0,5,0.0,0.0,0.0
201286,Eric Dawson,39.23,4,0.0,0.0,0.0
201291,Carldell Johnson,116.0,14,0.0,0.0,0.0
201336,Blake Ahearn,226.3,19,0.0,0.0,0.0
201446,Mike Taylor,768.88,51,0.0,0.0,0.0
201590,Donte Greene,4260.13,253,0.0,0.0,0.0
201592,J.R. Giddens,246.71,38,0.0,0.0,0.0
201594,Walter Sharpe,19.52,8,0.0,0.0,0.0
201602,Kyle Weaver,1379.43,73,0.0,0.0,0.0
201603,Sonny Weems,3334.43,183,0.0,0.0,0.0
201605,Nathan Jawai,430.84,45,0.0,0.0,0.0
201606,Sean Singletary,302.94,37,0.0,0.0,0.0
201607,Patrick Ewing,19.15,7,0.0,0.0,0.0
201612,Malik Hairston,472.18,62,0.0,0.0,0.0
201616,Darnell Jackson,1033.06,132,0.0,0.0,0.0
201621,Joe Crawford,23.0,2,0.0,0.0,0.0
201623,Semih Erden,927.44,69,0.0,0.0,0.0
201629,Othello Hunter,124.55,23,0.0,0.0,0.0
201631,Steven Hill,2.43,1,0.0,0.0,0.0
201633,Rob Kurz,441.91,40,0.0,0.0,0.0
201634,DeMarcus Nelson,170.71,13,0.0,0.0,0.0
201802,Oliver Lafayette,21.53,1,0.0,0.0,0.0
201805,Chris Hunter,783.34,60,0.0,0.0,0.0
201814,Gary Forbes,1503.3,111,0.0,0.0,0.0
201821,Trey Gilder,5.12,2,0.0,0.0,0.0
201934,Hasheem Thabeet,2356.7,223,0.0,0.0,0.0
201947,Earl Clark,3632.02,261,0.0,0.0,0.0
201957,Byron Mullens,3446.91,189,0.0,0.0,0.0
201963,Christian Eyenga,1049.41,51,0.0,0.0,0.0
201964,Victor Claver,1071.7,80,0.0,0.0,0.0
201966,Jermaine Taylor,784.9399999999999,65,0.0,0.0,0.0
201969,DaJuan Summers,819.06,83,0.0,0.0,0.0
201981,Taylor Griffin,32.49,8,0.0,0.0,0.0
201985,AJ Price,3929.32,261,0.0,0.0,0.0
201991,Lester Hudson,594.08,57,0.0,0.0,0.0
202068,Marcus Landry,110.65,18,0.0,0.0,0.0
202077,Jerel McNeal,35.93,6,0.0,0.0,0.0
202079,Antonio Anderson,14.62,1,0.0,0.0,0.0
202082,Larry Owens,217.65,19,0.0,0.0,0.0
202091,Dionte Christmas,197.85,31,0.0,0.0,0.0
202132,Cedric Jackson,74.52000000000001,12,0.0,0.0,0.0
202148,Mickell Gladness,252.73,26,0.0,0.0,0.0
202178,Sundiata Gaines,1309.6,113,0.0,0.0,0.0
202197,Shane Edwards,11.77,2,0.0,0.0,0.0
202227,Terrel Harris,455.0,42,0.0,0.0,0.0
202342,Craig Brackins,120.81,17,0.0,0.0,0.0
202345,Damion James,623.68,39,0.0,0.0,0.0
202347,Quincy Pondexter,5529.74,355,0.0,0.0,0.0
202353,Tibor Pleiss,81.54,12,0.0,0.0,0.0
202354,Dexter Pittman,346.98,50,0.0,0.0,0.0
202356,Armon Johnson,390.63,38,0.0,0.0,0.0
202359,Darington Hobson,38.89,5,0.0,0.0,0.0
202360,Andy Rautins,24.11,5,0.0,0.0,0.0
202361,Landry Fields,6010.23,255,0.0,0.0,0.0
202363,Jarvis Varnado,397.54,37,0.0,0.0,0.0
202365,Devin Ebanks,710.06,63,0.0,0.0,0.0
202366,Jerome Jordan,490.99,65,0.0,0.0,0.0
202371,Gani Lawal,1.93,1,0.0,0.0,0.0
202374,Solomon Alabi,181.19,26,0.0,0.0,0.0
202376,Luke Harangody,871.45,70,0.0,0.0,0.0
202377,Pape Sy,20.979999999999997,3,0.0,0.0,0.0
202378,Willie Warren,133.79,19,0.0,0.0,0.0
202385,Ryan Reid,16.66,5,0.0,0.0,0.0
202386,Ben Uzoh,807.63,60,0.0,0.0,0.0
202390,Gary Neal,7506.09,352,0.0,0.0,0.0
202391,Jeremy Lin,12216.6,480,0.0,0.0,0.0
202395,Sherron Collins,65.9,20,0.0,0.0,0.0
202399,Jeff Adrien,2149.25,153,0.0,0.0,0.0
202406,Jerome Dyson,180.16,9,0.0,0.0,0.0
202408,Marcus Cousin,18.32,4,0.0,0.0,0.0
202412,Manny Harris,1592.81,93,0.0,0.0,0.0
202419,Chris Johnson,597.53,67,0.0,0.0,0.0
202458,Justin Dentmon,95.08,8,0.0,0.0,0.0
202536,Jerry Smith,45.95,5,0.0,0.0,0.0
202545,Luke Zeller,58.18,16,0.0,0.0,0.0
202620,Arinze Onuaku,126.71,19,0.0,0.0,0.0
202622,Courtney Fortson,95.2,10,0.0,0.0,0.0
202686,Jan Vesely,2455.32,161,0.0,0.0,0.0
202698,Chris Singleton,2602.7,148,0.0,0.0,0.0
202707,JaJuan Johnson,298.71,36,0.0,0.0,0.0
202708,Norris Cole,8017.29,360,0.0,0.0,0.0
202712,Justin Harper,150.02,22,0.0,0.0,0.0
202714,Shelvin Mack,8393.04,456,0.0,0.0,0.0
202715,Tyler Honeycutt,119.53,24,0.0,0.0,0.0
202716,Jordan Williams,635.16,43,0.0,0.0,0.0
202717,Trey Thompkins,119.04,24,0.0,0.0,0.0
202719,Jeremy Tyler,1034.49,104,0.0,0.0,0.0
202721,Darius Morris,1464.18,132,0.0,0.0,0.0
202723,Malcolm Lee,533.66,36,0.0,0.0,0.0
202724,Charles Jenkins,1333.58,110,0.0,0.0,0.0
202726,Andrew Goudelock,474.54,49,0.0,0.0,0.0
202727,Travis Leslie,45.28,10,0.0,0.0,0.0
202728,Keith Benson,9.13,3,0.0,0.0,0.0
202729,Josh Selby,295.61,38,0.0,0.0,0.0
202731,Vernon Macklin,135.45,23,0.0,0.0,0.0
202775,Edwin Ubiles,52.0,4,0.0,0.0,0.0
202809,Cory Higgins,455.27,44,0.0,0.0,0.0
202810,D.J. Kennedy,58.86,2,0.0,0.0,0.0
202814,Mychel Thompson,95.25,5,0.0,0.0,0.0
202862,Dennis Horner,22.11,8,0.0,0.0,0.0
202874,Chris Wright,311.35,32,0.0,0.0,0.0
202880,Jeff Foote,39.13,4,0.0,0.0,0.0
202918,Xavier Silas,46.2,4,0.0,0.0,0.0
202952,Malcolm Thomas,328.85,40,0.0,0.0,0.0
202962,Greg Smith,1835.1,149,0.0,0.0,0.0
203006,Josh Akognon,8.71,3,0.0,0.0,0.0
203091,Royce White,8.91,3,0.0,0.0,0.0
203097,Fab Melo,35.99,6,0.0,0.0,0.0
203098,John Jenkins,2182.83,171,0.0,0.0,0.0
203102,Arnett Moultrie,728.79,59,0.0,0.0,0.0
203106,Jeffery Taylor,2567.22,132,0.0,0.0,0.0
203112,Quincy Acy,5393.72,337,0.0,0.0,0.0
203113,Quincy Miller,934.51,69,0.0,0.0,0.0
203116,Tyshawn Taylor,490.68,61,0.0,0.0,0.0
203119,Kim English,406.55,41,0.0,0.0,0.0
203120,Justin Hamilton,1961.18,113,0.0,0.0,0.0
203122,Kevin Murphy,52.4,17,0.0,0.0,0.0
203126,Kris Joseph,53.919999999999995,10,0.0,0.0,0.0
203129,Tornike Shengelia,247.5,45,0.0,0.0,0.0
203130,Darius Johnson-Odom,20.9,7,0.0,0.0,0.0
203133,Robbie Hummel,1396.87,98,0.0,0.0,0.0
203136,Ognjen Kuzmic,164.21,35,0.0,0.0,0.0
203139,Viacheslav Kravtsov,283.21,45,0.0,0.0,0.0
203141,Mirza Teletovic,5763.91,324,0.0,0.0,0.0
203146,Maalik Wayns,211.35,29,0.0,0.0,0.0
203159,Scott Machado,40.41,10,0.0,0.0,0.0
203183,Tony Mitchell,9.75,3,0.0,0.0,0.0
203186,Willie Reed,1884.22,152,0.0,0.0,0.0
203197,Diante Garrett,1196.95,90,0.0,0.0,0.0
203199,DeQuan Jones,804.38,63,0.0,0.0,0.0
203203,Chris Wright,4.37,3,0.0,0.0,0.0
203263,James Nunnally,314.75,37,0.0,0.0,0.0
203268,Jorge Gutierrez,481.77,47,0.0,0.0,0.0
203317,Tim Ohlbrecht,11.74,3,0.0,0.0,0.0
203318,Glen Rice,151.25,16,0.0,0.0,0.0
203461,Anthony Bennett,1904.83,151,0.0,0.0,0.0
203464,Brandon Paul,575.81,64,0.0,0.0,0.0
203467,Carrick Felix,38.09,7,0.0,0.0,0.0
203474,DJ Stephens,21.369999999999997,4,0.0,0.0,0.0
203475,Erick Green,452.03,52,0.0,0.0,0.0
203479,Jamaal Franklin,174.73,24,0.0,0.0,0.0
203480,James Southerland,29.939999999999998,4,0.0,0.0,0.0
203489,Nate Wolters,1574.83,84,0.0,0.0,0.0
203491,Peyton Siva,224.09,24,0.0,0.0,0.0
203492,Ray McCallum,2806.94,154,0.0,0.0,0.0
203493,Reggie Bullock Jr.,411.51,43,0.0,0.0,0.0
203495,Ricky Ledo,277.21999999999997,28,0.0,0.0,0.0
203499,Shane Larkin,4880.94,256,0.0,0.0,0.0
203502,Tony Mitchell,79.13,21,0.0,0.0,0.0
203505,Vander Blue,133.31,10,0.0,0.0,0.0
203508,Sergey Karasev,1110.44,95,0.0,0.0,0.0
203510,Pierre Jackson,84.71000000000001,9,0.0,0.0,0.0
203511,Grant Jerrett,50.93,8,0.0,0.0,0.0
203515,Phil Pressey,2015.75,148,0.0,0.0,0.0
203517,Nemanja Nedovic,142.35,24,0.0,0.0,0.0
203519,Adonis Thomas,37.57,6,0.0,0.0,0.0
203539,Gal Mekel,335.17,35,0.0,0.0,0.0
203543,Vitor Faverani,487.61,37,0.0,0.0,0.0
203544,Pero Antic,1961.97,113,0.0,0.0,0.0
203545,Miroslav Raduljica,487.28,53,0.0,0.0,0.0
203548,Elias Harris,12.0,2,0.0,0.0,0.0
203564,Kalin Lucas,11.11,2,0.0,0.0,0.0
203565,Patrick Christopher,28.73,4,0.0,0.0,0.0
203569,Chris Babb,132.34,14,0.0,0.0,0.0
203580,Larry Drew II,288.93,22,0.0,0.0,0.0
203585,Rodney McGruder,6156.91,317,0.0,0.0,0.0
203687,Reggie Hearn,6.63,3,0.0,0.0,0.0
203710,C.J. Williams,834.7,53,0.0,0.0,0.0
203798,PJ Hairston,1999.99,111,0.0,0.0,0.0
203805,Will Cherry,69.41,8,0.0,0.0,0.0
203810,Casper Ware,115.77,9,0.0,0.0,0.0
203816,Scotty Hopson,32.88,4,0.0,0.0,0.0
203893,Russ Smith,131.25,27,0.0,0.0,0.0
203894,Shabazz Napier,5986.37,345,0.0,0.0,0.0
203900,Markel Brown,1793.7,112,0.0,0.0,0.0
203906,Devyn Marble,456.89,44,0.0,0.0,0.0
203909,KJ McDaniels,2092.68,148,0.0,0.0,0.0
203910,Nick Johnson,262.34,28,0.0,0.0,0.0
203921,Cleanthony Early,800.88,56,0.0,0.0,0.0
203928,Cory Jefferson,581.78,58,0.0,0.0,0.0
203930,Sean Kilpatrick,3080.91,157,0.0,0.0,0.0
203945,Alex Kirk,13.99,5,0.0,0.0,0.0
203946,Cameron Bairstow,166.16,36,0.0,0.0,0.0
203950,Jarnell Stokes,151.26,28,0.0,0.0,0.0
203951,Keith Appling,26.85,5,0.0,0.0,0.0
203955,Bryce Cotton,198.15,23,0.0,0.0,0.0
203956,Mitch McGary,557.38,52,0.0,0.0,0.0
203957,Danté Exum,372.32,20,0.0,0.0,0.0
203958,Andre Dawkins,21.67,4,0.0,0.0,0.0
203962,Josh Huestis,1067.46,76,0.0,0.0,0.0
203966,Jamil Wilson,273.75,15,0.0,0.0,0.0
203967,Dario Šarić,251.62833333333333,21,0.0,0.0,0.0
203968,Jerrelle Benimon,2.73,2,0.0,0.0,0.0
203996,Damien Inglis,156.37,20,0.0,0.0,0.0
204002,Edy Tavares,100.25,13,0.0,0.0,0.0
204021,Sim Bhullar,2.6900000000000004,3,0.0,0.0,0.0
204022,Jack Cooley,174.42,23,0.0,0.0,0.0
204033,David Wear,6.970000000000001,2,0.0,0.0,0.0
204037,Travis Wear,899.53,68,0.0,0.0,0.0
204038,Langston Galloway,9839.61,452,0.0,0.0,0.0
204054,Zoran Dragic,75.21000000000001,16,0.0,0.0,0.0
204065,David Stockton,42.42,6,0.0,0.0,0.0
204067,Jarell Eddie,217.7,34,0.0,0.0,0.0
204079,Drew Gordon,71.18,9,0.0,0.0,0.0
204098,Xavier Munford,265.06,20,0.0,0.0,0.0
204179,Omari Johnson,75.0,4,0.0,0.0,0.0
204222,Greg Whittington,12.02,4,0.0,0.0,0.0
1626146,Cliff Alexander,35.96,8,0.0,0.0,0.0
1626148,Anthony Brown,761.42,41,0.0,0.0,0.0
1626154,RJ Hunter,394.46,45,0.0,0.0,0.0
1626155,Sam Dekker,3096.56,200,0.0,0.0,0.0
1626176,Rakeem Christmas,225.47,29,0.0,0.0,0.0
1626177,Dakari Johnson,161.34,31,0.0,0.0,0.0
1626183,Branden Dawson,28.87,6,0.0,0.0,0.0
1626184,Chasson Randle,1919.39,119,0.0,0.0,0.0
1626187,Michael Frazier II,144.57,13,0.0,0.0,0.0
1626205,Vincent Hunter,7.41,4,0.0,0.0,0.0
1626210,Alan Williams,871.92,67,0.0,0.0,0.0
1626214,Bryce Dejean-Jones,278.54,14,0.0,0.0,0.0
1626242,Luis Montero,49.99,14,0.0,0.0,0.0
1626245,Cristiano Felicio,3553.93,252,0.0,0.0,0.0
1626251,Duje Dukan,24.23,1,0.0,0.0,0.0
1626253,Axel Toupane,414.13,33,0.0,0.0,0.0
1626254,Maurice Ndour,331.46999999999997,32,0.0,0.0,0.0
1626257,Salah Mejri,2432.14,202,0.0,0.0,0.0
1626259,Malcolm Miller,354.81,53,0.0,0.0,0.0
1626262,Coty Clarke,5.8,3,0.0,0.0,0.0
1626266,JJ O'Brien,6.2700000000000005,2,0.0,0.0,0.0
1626273,Marcelo Huertas,1105.39,76,0.0,0.0,0.0
1626296,Jordan Sibert,4.23,1,0.0,0.0,0.0
1626643,Jacob Pullen,6.08,3,0.0,0.0,0.0
1626780,Jonathan Gibson,270.89,21,0.0,0.0,0.0
1627215,Walt Lemon Jr.,202.26,11,0.0,0.0,0.0
1627293,Alex Stepheson,72.16,8,0.0,0.0,0.0
1627395,Julian Washburn,253.88,18,0.0,0.0,0.0
1627740,Henry Ellenson,787.77,83,0.0,0.0,0.0
1627743,Demetrius Jackson,134.18,24,0.0,0.0,0.0
1627744,Brice Johnson,106.28999999999999,19,0.0,0.0,0.0
1627754,Diamond Stone,24.25,7,0.0,0.0,0.0
1627755,Tyler Ulis,2780.32,132,0.0,0.0,0.0
1627771,Michael Gbinije,31.55,9,0.0,0.0,0.0
1627772,Daniel Hamilton,231.91,25,0.0,0.0,0.0
1627773,AJ Hammons,163.21,22,0.0,0.0,0.0
1627774,Jake Layman,3100.4,242,0.0,0.0,0.0
1627778,Chinanu Onuaku,73.17,6,0.0,0.0,0.0
1627779,Marcus Paige,28.02,5,0.0,0.0,0.0
1627784,Jarrod Uthoff,167.89,16,0.0,0.0,0.0
1627785,Isaiah Whitehead,1823.17,89,0.0,0.0,0.0
1627787,Kyle Wiltjer,43.89,14,0.0,0.0,0.0
1627791,Ben Bentil,9.86,3,0.0,0.0,0.0
1627814,Damion Lee,6189.0,315,0.0,0.0,0.0
1627816,Alex Poythress,565.84,52,0.0,0.0,0.0
1627817,Tim Quarterman,92.78,19,0.0,0.0,0.0
1627819,Isaiah Taylor,1219.0,71,0.0,0.0,0.0
1627820,Tyrone Wallace,1714.23,112,0.0,0.0,0.0
1627821,James Webb III,119.94,10,0.0,0.0,0.0
1627822,Petr Cornelie,37.96,13,0.0,0.0,0.0
1627834,Georgios Papagiannis,476.64,39,0.0,0.0,0.0
1627835,Paul Zipser,1667.33,98,0.0,0.0,0.0
1627850,Marshall Plumlee,221.91,29,0.0,0.0,0.0
1627851,Mindaugas Kuzminskas,1018.17,69,0.0,0.0,0.0
1627852,Nicolas Brussino,531.27,58,0.0,0.0,0.0
1627853,Ryan Arcidiacono,3939.55,257,0.0,0.0,0.0
1627855,Okaro White,557.01,44,0.0,0.0,0.0
1627856,Matt Costello,32.21,4,0.0,0.0,0.0
1627861,Mike Tobey,25.18,2,0.0,0.0,0.0
1627866,Jameel Warney,26.85,3,0.0,0.0,0.0
1627879,Nicolas Laprovittola,173.94,18,0.0,0.0,0.0
1627982,Josh Gray,109.14999999999999,7,0.0,0.0,0.0
1628070,Jordan Loyd,54.84,12,0.0,0.0,0.0
1628221,Gabe York,77.15,5,0.0,0.0,0.0
1628238,Paris Bass,7.38,2,0.0,0.0,0.0
1628249,Mitchell Creek,47.15,5,0.0,0.0,0.0
1628383,Justin Patton,295.32,22,0.0,0.0,0.0
1628387,Ike Anigbogu,35.94,14,0.0,0.0,0.0
1628388,T.J. Leaf,1238.03,146,0.0,0.0,0.0
1628393,Jawun Evans,842.17,56,0.0,0.0,0.0
1628394,Anzejs Pasecniks,443.62,27,0.0,0.0,0.0
1628395,Jordan Bell,1937.49,161,0.0,0.0,0.0
1628399,Tyler Lydon,93.52,25,0.0,0.0,0.0
1628400,Semi Ojeleye,4110.69,284,0.0,0.0,0.0
1628403,Caleb Swanigan,655.45,75,0.0,0.0,0.0
1628409,Alec Peters,224.85,20,0.0,0.0,0.0
1628413,Jonah Bolden,685.94,51,0.0,0.0,0.0
1628414,Sindarius Thornwell,1721.61,160,0.0,0.0,0.0
1628416,Tyler Dorsey,1680.41,107,0.0,0.0,0.0
1628419,Cameron Oliver,130.68,6,0.0,0.0,0.0
1628420,Monte Morris,9238.19,375,0.0,0.0,0.0
1628420,Monté Morris,635.3866666666667,51,0.0,0.0,0.0
1628421,Devin Robinson,107.73,8,0.0,0.0,0.0
1628429,Charles Cooke,38.1,13,0.0,0.0,0.0
1628430,Nigel Williams-Goss,49.81,10,0.0,0.0,0.0
1628432,Davon Reed,1299.46,122,0.0,0.0,0.0
1628435,Chance Comanche,20.78,1,0.0,0.0,0.0
1628443,Kadeem Allen,639.27,47,0.0,0.0,0.0
1628444,Jabari Bird,114.88,13,0.0,0.0,0.0
1628450,Eric Mika,19.04,1,0.0,0.0,0.0
1628451,Jacob Wiley,33.26,5,0.0,0.0,0.0
1628455,Mike James,922.48,49,0.0,0.0,0.0
1628462,Milos Teodosic,1284.06,60,0.0,0.0,0.0
1628463,Tyler Cavanaugh,558.0,50,0.0,0.0,0.0
1628469,Antonio Blakeney,1143.02,76,0.0,0.0,0.0
1628475,Matt Williams Jr.,11.4,3,0.0,0.0,0.0
1628492,Gian Clavell,63.64,7,0.0,0.0,0.0
1628493,Mangok Mathiang,19.8,4,0.0,0.0,0.0
1628495,Milton Doyle,124.50999999999999,10,0.0,0.0,0.0
1628499,Antonius Cleveland,168.28,28,0.0,0.0,0.0
1628500,Ben Moore,9.28,2,0.0,0.0,0.0
1628502,Nigel Hayes,122.16000000000001,9,0.0,0.0,0.0
1628503,Jamel Artis,279.01,15,0.0,0.0,0.0
1628505,Troy Caupain,15.63,4,0.0,0.0,0.0
1628506,London Perrantes,65.54,14,0.0,0.0,0.0
1628510,Andrew White III,209.09,15,0.0,0.0,0.0
1628513,Naz Mitrou-Long,131.3,20,0.0,0.0,0.0
1628515,Isaiah Briscoe,559.23,39,0.0,0.0,0.0
1628537,Jaylen Morris,143.04,13,0.0,0.0,0.0
1628571,Erik McCree,7.5200000000000005,4,0.0,0.0,0.0
1628578,Amida Brimah,29.27,5,0.0,0.0,0.0
1628605,Dusty Hannahs,39.35,4,0.0,0.0,0.0
1628656,Billy Garrett,63.43,4,0.0,0.0,0.0
1628681,Rodney Purvis,289.59,16,0.0,0.0,0.0
1628769,Tahjere McCall,7.97,1,0.0,0.0,0.0
1628778,Paul Watson,540.07,46,0.0,0.0,0.0
1628935,Aaron Jackson,35.0,1,0.0,0.0,0.0
1628959,Rawle Alkins,120.35,10,0.0,0.0,0.0
1628968,Brian Bowen II,45.910000000000004,12,0.0,0.0,0.0
1628979,Trevon Duval,5.6,3,0.0,0.0,0.0
1628980,Jacob Evans,621.7,59,0.0,0.0,0.0
1628985,Devon Hall,80.74,11,0.0,0.0,0.0
1628987,Kevin Hervey,52.13,10,0.0,0.0,0.0
1628990,Chandler Hutchison,1789.35,103,0.0,0.0,0.0
1628993,Alize Johnson,565.58,76,0.0,0.0,0.0
1628994,George King,25.07,5,0.0,0.0,0.0
1628999,Yante Maten,13.03,2,0.0,0.0,0.0
1629007,Jontay Porter,413.75,37,0.0,0.0,0.0
1629015,Zhaire Smith,142.95,13,0.0,0.0,0.0
1629016,Omari Spellman,1690.88,95,0.0,0.0,0.0
1629017,Khyri Thomas,409.69,39,0.0,0.0,0.0
1629019,Allonzo Trier,1749.27,88,0.0,0.0,0.0
1629033,Theo Pinson,1081.94,127,0.0,0.0,0.0
1629034,Ray Spalding,165.43,15,0.0,0.0,0.0
1629035,Carsen Edwards,705.31,72,0.0,0.0,0.0
1629044,Shamorie Ponds,10.58,4,0.0,0.0,0.0
1629045,Bonzie Colson,98.47999999999999,8,0.0,0.0,0.0
1629053,Vincent Edwards,15.72,2,0.0,0.0,0.0
1629055,Donte Grantham,2.4299999999999997,3,0.0,0.0,0.0
1629058,Dzanan Musa,526.52,49,0.0,0.0,0.0
1629065,Ky Bowman,1014.82,45,0.0,0.0,0.0
1629076,Tyler Cook,690.73,65,0.0,0.0,0.0
1629083,Arnoldas Kulboka,5.300000000000001,2,0.0,0.0,0.0
1629091,Elijah Bryant,31.57,1,0.0,0.0,0.0
1629093,Tyler Davis,0.91,1,0.0,0.0,0.0
1629094,Marcus Derrickson,67.32,11,0.0,0.0,0.0
1629098,Jack McVeigh,43.25,9,0.0,0.0,0.0
1629102,Brandon Sampson,213.69,13,0.0,0.0,0.0
1629103,Kelan Martin,1267.17,96,0.0,0.0,0.0
1629116,Angel Delgado,14.77,2,0.0,0.0,0.0
1629118,Thomas Welsh,36.31,11,0.0,0.0,0.0
1629121,Jaylen Adams,445.69,41,0.0,0.0,0.0
1629122,J.P. Macura,16.830000000000002,2,0.0,0.0,0.0
1629123,Jared Terrell,110.92,14,0.0,0.0,0.0
1629147,Joe Chealey,41.2,5,0.0,0.0,0.0
1629150,Emanuel Terry,40.940000000000005,6,0.0,0.0,0.0
1629152,DeVaughn Akoon-Purcell,21.63,7,0.0,0.0,0.0
1629155,Zach Lofton,3.75,1,0.0,0.0,0.0
1629168,BJ Johnson,196.52,21,0.0,0.0,0.0
1629203,Jemerrio Jones,157.83999999999997,8,0.0,0.0,0.0
1629232,Kaiser Gates,7.43,1,0.0,0.0,0.0
1629244,Cam Reynolds,299.93,24,0.0,0.0,0.0
1629308,Juan Toscano-Anderson,3126.48,202,0.0,0.0,0.0
1629309,Trayvon Palmer,16.77,1,0.0,0.0,0.0
1629346,Alen Smailagic,222.72,29,0.0,0.0,0.0
1629353,Isaac Humphries,56.44,5,0.0,0.0,0.0
1629541,Dairis Bertans,167.04,12,0.0,0.0,0.0
1629597,Zylan Cheatham,56.23,5,0.0,0.0,0.0
1629598,Chris Clemons,290.51,33,0.0,0.0,0.0
1629600,Jarron Cumberland,12.31,3,0.0,0.0,0.0
1629602,Javin DeLaurier,2.8,1,0.0,0.0,0.0
1629606,Robert Franks,100.72,7,0.0,0.0,0.0
1629607,Jared Harper,67.00999999999999,16,0.0,0.0,0.0
1629608,Dewan Hernandez,28.23,6,0.0,0.0,0.0
1629619,Myles Powell,52.06,11,0.0,0.0,0.0
1629620,Justin Robinson,436.46999999999997,40,0.0,0.0,0.0
1629621,Marial Shayok,27.869999999999997,4,0.0,0.0,0.0
1629625,Justin Wright-Foreman,45.15,4,0.0,0.0,0.0
1629635,Sekou Doumbouya,1639.3700000000001,96,0.0,0.0,0.0
1629641,Romeo Langford,2267.47,141,0.0,0.0,0.0
1629642,Nassir Little,3735.49,237,0.0,0.0,0.0
1629644,KZ Okpala,965.02,98,0.0,0.0,0.0
1629648,Jordan Bone,248.89000000000001,24,0.0,0.0,0.0
1629649,Ignas Brazdeikis,837.66,64,0.0,0.0,0.0
1629650,Moses Brown,1910.95,163,0.0,0.0,0.0
1629653,Devon Dotson,188.48000000000002,28,0.0,0.0,0.0
1629657,Kyle Guy,430.59000000000003,53,0.0,0.0,0.0
1629658,Jaylen Hoard,662.21,39,0.0,0.0,0.0
1629663,Louis King,279.91,27,0.0,0.0,0.0
1629665,Jalen Lecque,43.74,9,0.0,0.0,0.0
1629669,Jaylen Nowell,3518.54,205,0.0,0.0,0.0
1629672,Eric Paschall,3085.34,158,0.0,0.0,0.0
1629681,Killian Tillie,642.35,54,0.0,0.0,0.0
1629682,Tremont Waters,406.34000000000003,40,0.0,0.0,0.0
1629683,Quinndary Weatherspoon,272.27,42,0.0,0.0,0.0
1629686,Deividas Sirvydis,159.72,23,0.0,0.0,0.0
1629690,Adam Mokoka,167.85,25,0.0,0.0,0.0
1629712,Didi Louzada,186.03,12,0.0,0.0,0.0
1629714,Jarrell Brantley,273.3,41,0.0,0.0,0.0
1629716,Marques Bolden,152.73,18,0.0,0.0,0.0
1629719,Devontae Cacok,227.52,36,0.0,0.0,0.0
1629724,Vic Law,61.89,8,0.0,0.0,0.0
1629725,Jeremiah Martin,174.26,18,0.0,0.0,0.0
1629730,Rayjon Tucker,300.44,39,0.0,0.0,0.0
1629734,Kyle Alexander,13.370000000000001,2,0.0,0.0,0.0
1629735,Chris Silva,532.79,70,0.0,0.0,0.0
1629738,Vincent Poirier,169.12,32,0.0,0.0,0.0
1629739,William Howard,13.27,2,0.0,0.0,0.0
1629740,Nicolo Melli,1608.24,105,0.0,0.0,0.0
1629741,Marko Guduric,483.59,44,0.0,0.0,0.0
1629742,Stanton Kidd,15.29,4,0.0,0.0,0.0
1629743,Donta Hall,312.4,22,0.0,0.0,0.0
1629745,Tariq Owens,15.399999999999999,3,0.0,0.0,0.0
1629751,Dakota Mathias,139.68,14,0.0,0.0,0.0
1629783,Shaq Buchanan,9.82,2,0.0,0.0,0.0
1629833,Keljin Blevins,424.23,48,0.0,0.0,0.0
1629873,Jaysean Paige,6.62,1,0.0,0.0,0.0
1629958,Ahmad Caver,0.84,1,0.0,0.0,0.0
1629962,Devin Cannady,218.86,13,0.0,0.0,0.0
1630176,Vernon Carey Jr.,187.31,37,0.0,0.0,0.0
1630177,Theo Maledon,3752.71,177,0.0,0.0,0.0
1630179,Tyrell Terry,59.36,13,0.0,0.0,0.0
1630185,Nico Mannion,363.9,30,0.0,0.0,0.0
1630187,Daniel Oturu,188.16,33,0.0,0.0,0.0
1630189,Tyler Bey,70.96000000000001,18,0.0,0.0,0.0
1630196,Filip Petrusev,9.299999999999999,3,0.0,0.0,0.0
1630197,Aleksej Pokusevski,3429.32,168,0.0,0.0,0.0
1630199,Cassius Stanley,248.13,33,0.0,0.0,0.0
1630203,Grant Riller,27.240000000000002,7,0.0,0.0,0.0
1630204,Ashton Hagans,319.63,21,0.0,0.0,0.0
1630210,Markus Howard,381.42,68,0.0,0.0,0.0
1630211,Karim Mane,88.31,10,0.0,0.0,0.0
1630216,Cassius Winston,137.2,29,0.0,0.0,0.0
1630221,Josh Hall,336.03,21,0.0,0.0,0.0
1630222,Mason Jones,458.27,51,0.0,0.0,0.0
1630223,Jalen Harris,172.04,13,0.0,0.0,0.0
1630227,Daishen Nix,1239.25,99,0.0,0.0,0.0
1630231,Kenyon Martin Jr.,5017.11,206,0.0,0.0,0.0
1630234,Ty-Shon Alexander,47.49,15,0.0,0.0,0.0
1630237,Anthony Lamb,1617.94,88,0.0,0.0,0.0
1630243,Trevelin Queen,739.13,62,0.0,0.0,0.0
1630253,Sean McDermott,157.67,18,0.0,0.0,0.0
1630257,Jon Teske,7.75,3,0.0,0.0,0.0
1630266,Will Magnay,3.27,1,0.0,0.0,0.0
1630267,Facundo Campazzo,2661.08,138,0.0,0.0,0.0
1630268,Nate Darling,26.12,7,0.0,0.0,0.0
1630270,Xavier Sneed,86.94,13,0.0,0.0,0.0
1630271,Brodric Thomas,457.95,43,0.0,0.0,0.0
1630283,Kylor Kelley,125.96,11,0.0,0.0,0.0
1630285,Zavier Simpson,335.46999999999997,11,0.0,0.0,0.0
1630286,Tre Scott,11.37,2,0.0,0.0,0.0
1630286,Trevon Scott,182.235,6,0.0,0.0,0.0
1630306,Rob Edwards,10.85,2,0.0,0.0,0.0
1630466,Gabriel Deck,267.2,17,0.0,0.0,0.0
1630527,Brandon Boston,992.8,42,0.0,0.0,0.0
1630528,Josh Christopher,2189.25,152,0.0,0.0,0.0
1630539,Kai Jones,1080.83,107,0.0,0.0,0.0
1630542,Marcus Bagley,253.14999999999998,10,0.0,0.0,0.0
1630554,Jason Preston,194.9,21,0.0,0.0,0.0
1630562,Matt Hurt,113.26,8,0.0,0.0,0.0
1630563,Joshua Primo,1068.32,56,0.0,0.0,0.0
1630564,RaiQuan Gray,74.10999999999999,4,0.0,0.0,0.0
1630565,Aaron Henry,16.990000000000002,6,0.0,0.0,0.0
1630575,Scottie Lewis,6.55,2,0.0,0.0,0.0
1630580,Joe Wieskamp,254.8,38,0.0,0.0,0.0
1630582,Yves Pons,70.99,12,0.0,0.0,0.0
1630585,Marcus Garrett,207.22,16,0.0,0.0,0.0
1630586,Usman Garuba,1226.73,105,0.0,0.0,0.0
1630589,Moses Wright,13.26,3,0.0,0.0,0.0
1630593,McKinley Wright IV,353.95,32,0.0,0.0,0.0
1630600,Isaiah Mobley,173.99,23,0.0,0.0,0.0
1630602,Chaundee Brown,103.66,5,0.0,0.0,0.0
1630605,JaQuori McLaughlin,10.89,4,0.0,0.0,0.0
1630610,DeJon Jarreau,380.2733333333333,20,0.0,0.0,0.0
1630619,Moussa Cisse,529.58,38,0.0,0.0,0.0
1630620,Darius Days,24.979999999999997,4,0.0,0.0,0.0
1630621,Hunter Dickinson,42.47833333333333,5,0.0,0.0,0.0
1630622,Jalen Crutcher,2.65,1,0.0,0.0,0.0
1630624,Feron Hunt,8.36,2,0.0,0.0,0.0
1630640,MJ Walker,8.39,2,0.0,0.0,0.0
1630641,Ibou Badji,225.82,22,0.0,0.0,0.0
1630644,Mac McClung,210.855,17,0.0,0.0,0.0
1630658,Colin Castleton,512.4533333333334,46,0.0,0.0,0.0
1630679,Ethan Thompson,653.2316666666667,32,0.0,0.0,0.0
1630686,Georgios Kalaitzakis,213.49,13,0.0,0.0,0.0
1630688,Ish Wainright,1336.2,116,0.0,0.0,0.0
1630691,Jamorko Pickett,176.46,13,0.0,0.0,0.0
1630758,Aleem Ford,73.53,5,0.0,0.0,0.0
1630762,Phillip Wheeler,44.4,5,0.0,0.0,0.0
1630787,Cameron McGriff,45.96,3,0.0,0.0,0.0
1630792,Malcolm Hill,219.39,23,0.0,0.0,0.0
1630828,Alex Antetokounmpo,20.638333333333332,6,0.0,0.0,0.0
1630929,Henri Drell,29.91,4,0.0,0.0,0.0
1630994,Gabriel Lundberg,44.2,4,0.0,0.0,0.0
1631112,Kendall Brown,87.0,14,0.0,0.0,0.0
1631113,Kennedy Chandler,636.7466666666667,47,0.0,0.0,0.0
1631116,Patrick Baldwin,225.87,31,0.0,0.0,0.0
1631160,Jordan Hall,82.67,9,0.0,0.0,0.0
1631167,Izaiah Brockington,3.38,1,0.0,0.0,0.0
1631174,Tyler Burton,306.74333333333334,12,0.0,0.0,0.0
1631205,Buddy Boeheim,189.16333333333333,24,0.0,0.0,0.0
1631209,Isaiah Wong,269.79,21,0.0,0.0,0.0
1631217,Moussa Diabate,259.73,33,0.0,0.0,0.0
1631219,John Butler Jr.,221.10000000000002,19,0.0,0.0,0.0
1631220,Dereon Seabron,66.68,11,0.0,0.0,0.0
1631223,David Roddy,2917.766666666667,173,0.0,0.0,0.0
1631232,Keion Brooks Jr.,331.78,14,0.0,0.0,0.0
1631254,Kenneth Lofton Jr.,374.28,45,0.0,0.0,0.0
1631262,Jules Bernard,149.28,19,0.0,0.0,0.0
1631298,Jack White,129.69,21,0.0,0.0,0.0
1631301,Jaylen Sims,111.81,6,0.0,0.0,0.0
1631303,Justin Minaya,570.5,57,0.0,0.0,0.0
1631309,Trevor Hudgins,28.33,5,0.0,0.0,0.0
1631311,Lester Quinones,595.89,54,0.0,0.0,0.0
1631320,Chima Moneke,7.94,2,0.0,0.0,0.0
1631338,Mouhamadou Gueye,165.37166666666667,13,0.0,0.0,0.0
1631351,Lucas Williamson,223.74,7,0.0,0.0,0.0
1631367,Jacob Gilyard,739.55,42,0.0,0.0,0.0
1631376,Dmytro Skapintsev,2.13,2,0.0,0.0,0.0
1631386,Taze Moore,60.18,6,0.0,0.0,0.0
1631457,Alex Morales,23.583333333333336,4,0.0,0.0,0.0
1631466,Jeenathan Williams,126.57,5,0.0,0.0,0.0
1641645,Xavier Cooks,125.78,10,0.0,0.0,0.0
1641725,Trey Alexander,226.65333333333334,32,0.0,0.0,0.0
1641726,Dereck Lively II,2242.5533333333333,98,0.0,0.0,0.0
1641727,Dariq Whitehead,452.8666666666667,28,0.0,0.0,0.0
1641732,Colby Jones,703.7566666666667,63,0.0,0.0,0.0
1641734,Emoni Bates,207.62,25,0.0,0.0,0.0
1641735,Amari Bailey,64.63,10,0.0,0.0,0.0
1641745,Adam Flagler,216.97,39,0.0,0.0,0.0
1641749,Keyontae Johnson,66.2,9,0.0,0.0,0.0
1641754,Seth Lundy,51.98,9,0.0,0.0,0.0
1641755,Kevin McCullar Jr.,184.16333333333333,25,0.0,0.0,0.0
1641761,Grant Nelson,35.01,4,0.0,0.0,0.0
1641779,Jalen Bridges,30.369999999999997,8,0.0,0.0,0.0
1641788,Alex Fudge,40.220000000000006,6,0.0,0.0,0.0
1641789,Jazian Gortman,56.620000000000005,16,0.0,0.0,0.0
1641793,D'Moi Hodge,41.24,7,0.0,0.0,0.0
1641798,Jaylen Martin,238.65,16,0.0,0.0,0.0
1641801,Emanuel Miller,57.78,11,0.0,0.0,0.0
1641803,Tristen Newton,28.14,9,0.0,0.0,0.0
1641806,Markquis Nowell,3.52,1,0.0,0.0,0.0
1641807,Norchad Omier,23.666666666666668,6,0.0,0.0,0.0
1641810,Antonio Reeves,727.2566666666667,54,0.0,0.0,0.0
1641813,Mark Sears,26.081666666666667,7,0.0,0.0,0.0
1641817,Anton Watson,22.16,9,0.0,0.0,0.0
1641847,Andrew Funk,13.399999999999999,5,0.0,0.0,0.0
1641851,Timmy Allen,125.45,5,0.0,0.0,0.0
1641857,Liam Robbins,56.97,13,0.0,0.0,0.0
1641869,Malachi Smith,358.82,15,0.0,0.0,0.0
1641871,Duop Reath,1941.7,146,0.0,0.0,0.0
1641877,Nathan Mensah,306.66,25,0.0,0.0,0.0
1641878,Damion Baugh,370.49,15,0.0,0.0,0.0
1641879,Yuri Collins,16.299999999999997,2,0.0,0.0,0.0
1641926,Dexter Dennis,29.869999999999997,4,0.0,0.0,0.0
1641931,Onuralp Bitim,268.0,23,0.0,0.0,0.0
1641936,Miles Norris,34.92,3,0.0,0.0,0.0
1641970,Maozinha Pereira,121.65,7,0.0,0.0,0.0
1641998,Trey Jemison,573.74,25,0.0,0.0,0.0
1642050,Jackson Rowe,51.73,6,0.0,0.0,0.0
1642279,Ulrich Chomche,32.17,7,0.0,0.0,0.0
1642280,Trentyn Flowers,32.059999999999995,8,0.0,0.0,0.0
1642282,Hunter Sallis,25.673333333333332,7,0.0,0.0,0.0
1642357,David Jones Garcia,67.975,11,0.0,0.0,0.0
1642362,Payton Sandfort,63.333333333333336,4,0.0,0.0,0.0
1642368,N'Faly Dante,66.02666666666667,8,0.0,0.0,0.0
1642380,Adama Bal,241.315,8,0.0,0.0,0.0
1642389,Zyon Pullin,45.17333333333333,8,0.0,0.0,0.0
1642399,Jesse Edwards,4.66,2,0.0,0.0,0.0
1642403,Isaac Jones,338.31333333333333,46,0.0,0.0,0.0
1642422,Armel Traore,66.68,9,0.0,0.0,0.0
1642439,Quincy Olivari,10.299999999999999,2,0.0,0.0,0.0
1642468,Darius Brown,2.6666666666666665,1,0.0,0.0,0.0
1642490,Josh Oduro,81.76666666666667,3,0.0,0.0,0.0
1642504,Cormac Ryan,270.67833333333334,11,0.0,0.0,0.0
1642855,Noa Essengue,6.033333333333333,2,0.0,0.0,0.0
1642886,Koby Brea,83.86666666666666,12,0.0,0.0,0.0
1642907,Cedric Coward,1597.9466666666667,62,0.0,0.0,0.0
1642910,John Tonje,41.89833333333333,6,0.0,0.0,0.0
1642911,Rocco Zikarsky,36.483333333333334,5,0.0,0.0,0.0
1642918,Alijah Martin,145.615,23,0.0,0.0,0.0
1642933,Keshon Gilbert,73.78333333333333,4,0.0,0.0,0.0
1642935,Chucky Hepburn,13.233333333333333,2,0.0,0.0,0.0
1642938,Curtis Jones,87.71666666666667,10,0.0,0.0,0.0
1642939,Miles Kelly,133.72333333333333,14,0.0,0.0,0.0
1642951,Sean Pedulla,31.0,7,0.0,0.0,0.0
1642955,Kadary Richmond,66.8,3,0.0,0.0,0.0
1642959,Chris Youngblood,185.09166666666667,34,0.0,0.0,0.0
1643007,Taelon Peter,492.23,38,0.0,0.0,0.0
1643016,Bez Mbeng,492.185,15,0.0,0.0,0.0
1643047,CJ Huntley,40.4,4,0.0,0.0,0.0
1643060,Hayden Gray,24.75,1,0.0,0.0,0.0
1643133,Lawson Lovering,49.265,2,0.0,0.0,0.0
1643141,Jahmyl Telfort,32.03333333333333,8,0.0,0.0,0.0
1643158,Andersson Garcia,168.75,5,0.0,0.0,0.0
1643253,Toby Okani,217.09,6,0.0,0.0,0.0
1643257,Jayson Kent,22.46666666666667,5,0.0,0.0,0.0
