game_id,method,official_source,seed_coverage,seed_score_error,seed_max_seconds_error,seed_max_pm_error,seed_calibrated,seed_coverage_ok,seed_adjacency_error,seed_unsupported_player_changes,seed_inferred_partial_substitutions,seed_recorded_transition_violations,seed_action_presence_violations,seed_accepted,score_error,max_seconds_error,max_pm_error,calibrated,coverage_ok,adjacency_error,unsupported_player_changes,inferred_partial_substitutions,recorded_transition_violations,action_presence_violations,seed_agreement,accepted,error,max_seconds_error_endpoint,max_endpoint_pm_error,all_pm_present,players,strict_accepted,intrinsic_box_match
29600021,official_gamerotation_rejected,player_game_facts,1.0,0.0,1637.0,6.0,True,True,0.0,2,0,0,0,False,0.0,1637.0,6.0,True,True,0.0,0,3,3,0,0.4315972222222222,False,,1637.0,6.0,True,22,False,False
29600175,official_gamerotation_rejected,player_game_facts,0.8895833333333333,33.0,733.0,6.0,False,False,318.0,4,0,2,33,False,0.0,26.0,0.0,True,True,0.0,0,0,0,1,0.8430913348946136,False,,26.0,0.0,True,21,False,True
29600193,deterministic_replay,player_game_facts,1.0,0.0,43.40000000000009,0.0,True,True,0.0,0,0,0,0,True,0.0,43.40000000000009,0.0,True,True,0.0,0,0,0,0,1.0,True,,43.40000000000032,0.0,True,21,True,True
29600341,official_gamerotation,player_game_facts,0.9957291666666666,0.2882271143863306,12.599999999999907,3.0,True,False,13.0,10,0,0,0,False,0.0,24.0,0.0,True,True,0.0,0,0,0,0,1.0,True,,24.0,2.0,True,20,True,False
29600378,official_gamerotation_rejected,player_game_facts,0.95188679245283,11.0,153.20000000000005,3.0,False,False,153.0,4,0,0,1,False,1.2857444460223633e-05,0.2999999999997271,0.0002536516454951,True,True,0.0,0,0,1,0,1.0,False,,0.29999999999972715,0.0,True,19,False,True
29600449,official_gamerotation_rejected,player_game_facts,1.0,1.782525474425256e-05,745.5,0.0001100737190116,True,True,0.0,16,0,0,1,False,0.0,25.5,0.0,True,True,0.0,0,0,0,1,0.75,False,,25.5,0.0,True,19,False,True
29600565,official_gamerotation_rejected,player_game_facts,1.0,0.0,93.89999999999964,0.0,True,True,0.0,10,0,0,1,False,0.0,93.89999999999986,0.0,True,True,0.0,0,0,0,1,1.0,False,,93.89999999999964,0.0,True,16,False,False
29600837,official_gamerotation_rejected,player_game_facts,1.0,0.0,221.0,5.0,True,True,0.0,0,1,0,0,False,0.0,221.0,5.0,True,True,0.0,0,1,0,0,1.0,False,,221.0,5.0,True,22,False,False
29600890,official_gamerotation_rejected,player_game_facts,1.0,1.7282136980156793e-05,0.2000000000002728,0.0001072378269064,True,True,0.0,2,0,0,1,False,1.7282136980156793e-05,0.2000000000002728,0.0001072378269064,True,True,0.0,0,0,0,1,1.0,False,,0.20000000000027285,0.0,True,18,False,True
29600967,deterministic_replay,player_game_facts,1.0,7.952231385388586e-05,25.799999999999955,0.0004144975478164,True,True,0.0,0,0,0,0,True,7.952231385388586e-05,25.799999999999955,0.0004144975478164,True,True,0.0,0,0,0,0,1.0,True,,25.800000000000182,2.0,True,19,True,False
29600974,official_gamerotation_rejected,player_game_facts,1.0,0.000228154955451,16.0,0.0024199835968119,True,True,0.0,0,0,0,1,False,0.000228154955451,16.0,0.0024199835968119,True,True,0.0,0,0,0,1,1.0,False,,16.0,0.0,True,17,False,True
29601055,official_gamerotation_rejected,player_game_facts,1.0,0.0,23.200000000000045,0.0,True,True,0.0,4,0,0,1,False,0.0,23.200000000000045,0.0,True,True,0.0,0,0,0,1,1.0,False,,23.200000000000045,0.0,True,20,False,True
29601095,deterministic_replay,player_game_facts,1.0,0.0,12.200000000000044,0.0,True,True,0.0,0,0,0,0,True,0.0,12.200000000000044,0.0,True,True,0.0,0,0,0,0,1.0,True,,12.200000000000045,0.0,True,20,True,True
29601101,official_gamerotation_rejected,player_game_facts,1.0,4.395575351168191e-05,0.2000000000000454,0.0005328754359812,True,True,0.0,2,0,0,1,False,4.395575351168191e-05,0.2000000000000454,0.0005328754359812,True,True,0.0,0,0,0,1,1.0,False,,0.20000000000004547,0.0,True,20,False,True
29601120,official_gamerotation_rejected,player_game_facts,1.0,4.435509001154969e-05,0.2000000000002728,0.0005993292607833,True,True,0.0,2,0,0,1,False,4.435509001154969e-05,0.2000000000002728,0.0005993292607833,True,True,0.0,0,0,0,1,1.0,False,,0.20000000000027285,0.0,True,24,False,True
29601163,official_gamerotation_rejected,player_game_facts,1.0,4.509644725203543e-05,0.2999999999999545,0.0001707716163608,True,True,0.0,2,0,0,1,False,4.509644725203543e-05,0.3000000000001819,0.0001707716163608,True,True,0.0,0,0,0,1,1.0,False,,0.2999999999999545,0.0,True,21,False,True
29700072,official_gamerotation,player_game_facts,1.0,0.0001782975837301,0.2000000000002728,2.000209459952119,True,True,0.0,18,0,0,3,False,0.0,22.09999999999991,0.0,True,True,0.0,0,0,0,0,0.9923263888888888,True,,22.09999999999991,2.0,True,21,True,False
29700110,official_gamerotation,player_game_facts,0.966421568627451,16.0,299.9000000000001,7.0,False,False,137.0,76,0,0,2,False,0.0,40.59999999999991,0.0,True,True,0.0,0,0,0,0,0.9583312198833376,True,,40.59999999999991,4.0,True,19,True,False
29700142,deterministic_replay,player_game_facts,1.0,0.0001004713158749,16.199999999999818,0.001500004294753,True,True,0.0,0,0,0,0,True,0.0001004713158749,16.199999999999818,0.001500004294753,True,True,0.0,0,0,0,0,1.0,True,,16.199999999999818,2.0,True,20,True,False
29700206,deterministic_replay,player_game_facts,1.0,0.0002718605784792,35.799999999999955,0.0020906050554634,True,True,0.0,0,0,0,0,True,0.0002718605784792,35.799999999999955,0.0020906050554634,True,True,0.0,0,0,0,0,1.0,True,,35.799999999999955,1.0,True,20,True,False
29700213,official_gamerotation_rejected,player_game_facts,1.0,6.600301652781582e-05,720.2000000000003,0.0009343812877169,True,True,0.0,4,0,0,1,False,1.9300358303553367e-05,0.2000000000002728,0.0002374344935542,True,True,0.0,0,0,0,1,0.75,False,,0.20000000000027285,0.0,True,20,False,True
29700233,official_gamerotation_rejected,player_game_facts,0.9826736111111112,0.0,50.100000000000136,0.0,True,False,50.0,0,0,0,2,False,0.0,14.0,0.0,True,True,0.0,0,0,0,2,1.0,False,,14.0,0.0,True,23,False,True
29700278,official_gamerotation_rejected,player_game_facts,1.0,5.049135357637624e-05,0.2999999999999545,0.0007329722161302,True,True,0.0,22,0,0,1,False,6.379541217427231e-05,9.799999999999956,0.000675627451474,True,True,0.0,0,0,0,1,0.9966319444444444,False,,9.799999999999727,2.0,True,20,False,False
29700325,deterministic_replay,player_game_facts,1.0,8.125861830876602e-05,0.2000000000002728,0.0005147905253579,True,True,0.0,0,0,0,0,True,8.125861830876602e-05,0.2000000000002728,0.0005147905253579,True,True,0.0,0,0,0,0,1.0,True,,0.20000000000027285,0.0,True,23,True,True
29700438,official_gamerotation_rejected,player_game_facts,1.0,0.0001611847159495,0.2999999999999545,0.0016910485310184,True,True,0.0,10,0,0,7,False,0.0001611847159495,0.2999999999999545,0.0016910485310184,True,True,0.0,0,0,0,7,1.0,False,,0.2999999999999545,0.0,True,24,False,True
29700452,official_gamerotation_rejected,player_game_facts,1.0,8.81537146710798e-05,0.2000000000002728,0.0005460585199248,True,True,0.0,2,0,0,4,False,8.81537146710798e-05,0.2000000000002728,0.0005460585199248,True,True,0.0,0,0,0,4,1.0,False,,0.20000000000027285,0.0,True,21,False,True
29700562,official_gamerotation_rejected,player_game_facts,1.0,0.0,16.0,0.0,True,True,0.0,14,0,0,1,False,0.0,16.0,0.0,True,True,0.0,0,0,0,1,1.0,False,,16.0,0.0,True,19,False,True
29700602,official_gamerotation,player_game_facts,1.0,0.0,22.699999999999815,0.0,True,True,0.0,42,0,0,1,False,0.0,22.700000000000045,0.0,True,True,0.0,0,0,0,0,0.9996527777777776,True,,22.699999999999818,0.0,True,20,True,True
29700822,official_gamerotation_rejected,player_game_facts,1.0,0.0,109.59999999999992,0.0,True,True,0.0,34,0,0,1,False,0.0,109.59999999999992,0.0,True,True,0.0,0,0,0,1,0.9996875,False,,109.59999999999991,0.0,True,20,False,False
29700916,official_gamerotation,player_game_facts,1.0,5.949963252760426e-05,0.3000000000001819,0.5456670570541808,True,True,0.0,14,0,0,0,False,0.0,2.200000000000045,0.0,True,True,0.0,0,0,0,0,0.99875,True,,2.2000000000000455,2.0,True,20,True,False
29700950,deterministic_replay,player_game_facts,1.0,0.0,25.299999999999955,0.0,True,True,0.0,0,0,0,0,True,0.0,25.299999999999955,0.0,True,True,0.0,0,0,0,0,1.0,True,,25.299999999999727,1.0,True,18,True,False
29701061,official_gamerotation_rejected,player_game_facts,1.0,0.0,18.399999999999977,0.0,True,True,0.0,14,0,0,1,False,0.0,18.399999999999977,0.0,True,True,0.0,0,0,0,1,1.0,False,,18.399999999999977,0.0,True,20,False,True
29701101,official_gamerotation_rejected,player_game_facts,1.0000000000000002,0.0,94.0,1.0,True,True,0.0,0,1,0,0,False,0.0,94.0,1.0,True,True,0.0,0,1,0,0,1.0,False,,94.0,1.0,True,18,False,False
29701148,official_gamerotation_rejected,player_game_facts,1.0,0.0,23.0,0.0,True,True,0.0,0,0,0,1,False,0.0,23.0,0.0,True,True,0.0,0,0,0,1,1.0,False,,23.0,0.0,True,22,False,True
29800006,official_gamerotation_rejected,player_game_facts,1.0,0.0,184.0,2.0,True,True,0.0,0,1,0,0,False,0.0,184.0,2.0,True,True,0.0,0,1,0,0,1.0,False,,184.0,2.0,True,26,False,False
29800022,official_gamerotation,player_game_facts,1.0,2.117810731760983e-05,0.2999999999999545,0.0004564193137408,True,True,0.0,22,0,0,1,False,6.038493192761507e-05,43.700000000000045,0.0005361833439305,True,True,0.0,0,0,0,0,0.9849305555555556,True,,43.69999999999982,2.0,True,21,True,False
29800063,official_gamerotation_rejected,player_game_facts,1.0,0.0,26.0,0.0,True,True,0.0,10,0,0,1,False,0.0,26.0,0.0,True,True,0.0,0,0,0,1,1.0,False,,26.0,0.0,True,22,False,True
29800075,official_gamerotation_rejected,player_game_facts,1.0,0.0,98.0,0.0,True,True,0.0,0,0,0,3,False,3.4596564546518493e-05,98.0,0.0003506025797079,True,True,0.0,0,0,0,3,1.0,False,,98.0,0.0,True,23,False,False
29800094,official_gamerotation_rejected,player_game_facts,1.0,0.0334483358782051,0.2999999999999545,0.6252307933181962,True,True,0.0,0,0,0,0,False,0.0334483358782051,0.2999999999999545,0.6252307933181962,True,True,0.0,0,0,0,0,1.0,False,,0.2999999999999545,0.0,True,25,False,True
29800100,official_gamerotation_rejected,player_game_facts,0.9463227513227516,14.0,310.4000000000001,12.0,False,False,202.0,32,0,0,8,False,3.903332446952845e-05,90.90000000000008,0.0003618664101441,True,True,0.0,0,0,0,0,0.974315259921744,False,,90.90000000000009,3.0,True,22,False,False
29800104,official_gamerotation,player_game_facts,0.9981944444444444,0.0001212084482205,5.400000000000546,2.220446049250313e-15,True,False,5.0,22,0,0,0,False,0.0,5.400000000000091,0.0,True,True,0.0,0,0,0,0,1.0,True,,5.400000000000091,1.0,True,21,True,False
29800125,official_gamerotation_rejected,player_game_facts,1.0,0.0262599491227746,21.0,0.2107654304337325,True,True,0.0,8,0,0,1,False,0.0262599491227746,21.0,0.2107654304337325,True,True,0.0,0,0,0,1,1.0,False,,21.0,0.0,True,22,False,True
29800241,official_gamerotation_rejected,player_game_facts,1.0,0.0002187488637446,25.0,0.0014807884445637,True,True,0.0,24,0,0,1,False,0.0002187488637446,25.0,0.0014807884445637,True,True,0.0,0,0,0,1,1.0,False,,25.0,0.0,True,24,False,True
29800356,official_gamerotation_rejected,player_game_facts,1.0,0.0,3.0,0.0,True,True,0.0,4,0,0,1,False,0.0,3.0,0.0,True,True,0.0,0,0,0,1,1.0,False,,3.0,0.0,True,19,False,True
29800509,official_gamerotation_rejected,player_game_facts,0.9997916666666667,0.0,0.8999999999998636,0.0,True,False,0.0,12,0,0,1,False,0.0,0.6999999999998181,0.0,True,True,0.0,0,0,0,1,1.0,False,,0.6999999999998181,0.0,True,20,False,True
29800541,official_gamerotation_rejected,player_game_facts,1.0,0.0001656916933114,708.0,0.0024130198251883,True,True,0.0,14,0,0,5,False,0.0,23.200000000000045,0.0,True,True,0.0,0,0,0,1,0.7735849056603774,False,,23.200000000000045,0.0,True,20,False,True
29800606,official_gamerotation_rejected,player_game_facts,1.0,0.0001105916055337,270.69999999999936,0.0008934079740159,True,True,0.0,20,0,0,4,False,0.0,19.700000000000045,0.0,True,True,0.0,0,0,0,1,0.908679245283019,False,,19.699999999999818,2.0,True,18,False,False
29900161,official_gamerotation_rejected,player_game_facts,1.0,0.0,60.79999999999996,0.0,True,True,0.0,0,0,0,1,False,0.0,60.79999999999996,0.0,True,True,0.0,0,0,0,1,1.0,False,,60.799999999999955,0.0,True,22,False,True
29900220,official_gamerotation_rejected,player_game_facts,1.0,0.0001852737939884,3.0,0.0011038961787621,True,True,0.0,8,0,0,1,False,0.0001852737939884,3.0,0.0011038961787621,True,True,0.0,0,0,0,1,1.0,False,,3.0,0.0,True,19,False,True
29900285,official_gamerotation_rejected,player_game_facts,1.0,0.0,18.0,0.0,True,True,0.0,0,0,0,1,False,0.0,18.0,0.0,True,True,0.0,0,0,0,1,1.0,False,,18.0,0.0,True,21,False,True
29900342,official_gamerotation_rejected,player_game_facts,1.0,3.246212122576253e-05,0.2999999999999545,0.0002033876648797,True,True,0.0,12,0,0,1,False,3.246212122576253e-05,0.3000000000000113,0.0002033876648797,True,True,0.0,0,0,0,1,1.0,False,,0.2999999999999545,0.0,True,21,False,True
29900375,official_gamerotation_rejected,player_game_facts,0.9076388888888888,24.0,465.1,4.0,False,False,266.0,10,0,0,13,False,5.324155451091883e-05,15.700000000000044,0.0004127670283702,True,True,0.0,0,0,0,1,0.8263198163733741,False,,15.70000000000016,0.0,True,20,False,True
29900517,official_gamerotation_rejected,player_game_facts,1.0,7.934514950136418e-05,25.0,0.0012748667446584,True,True,0.0,8,0,0,1,False,7.934514950136418e-05,25.0,0.0012748667446584,True,True,0.0,0,0,0,1,1.0,False,,25.0,0.0,True,22,False,True
29900540,official_gamerotation_rejected,player_game_facts,1.0,0.0,27.0,0.0,True,True,0.0,0,0,0,1,False,0.0,27.0,0.0,True,True,0.0,0,0,0,1,1.0,False,,27.0,0.0,True,20,False,True
29900647,official_gamerotation_rejected,player_game_facts,1.0,0.0,1.0,0.0,True,True,0.0,20,0,0,1,False,0.0,1.0,0.0,True,True,0.0,0,0,0,1,0.9996527777777776,False,,1.0,0.0,True,19,False,True
29900692,official_gamerotation_rejected,player_game_facts,1.0,0.0,13.0,0.0,True,True,0.0,0,0,0,1,False,0.0,13.0,0.0,True,True,0.0,0,0,0,1,1.0,False,,13.0,0.0,True,23,False,True
29900749,deterministic_replay,player_game_facts,1.0,0.0,16.300000000000182,0.0,True,True,0.0,0,0,0,0,True,0.0,16.300000000000182,0.0,True,True,0.0,0,0,0,0,1.0,True,,16.30000000000041,0.0,True,20,True,True
29900751,official_gamerotation,player_game_facts,0.9970440251572328,0.0857447916622362,9.600000000000364,0.943018239567042,True,False,10.0,8,0,0,1,False,0.0,9.400000000000093,0.0,True,True,0.0,0,0,0,0,1.0,True,,9.400000000000091,0.0,True,19,True,True
29901010,official_gamerotation_rejected,player_game_facts,1.0,0.0001780020559891,735.7,0.0026839035802765,True,True,0.0,8,0,0,4,False,1.396174083367896e-05,15.700000000000044,0.0001182106916828,True,True,0.0,0,0,0,2,0.75,False,,15.700000000000045,0.0,True,19,False,True
29901133,official_gamerotation_rejected,player_game_facts,1.0,0.0001092153008102,0.2000000000002728,0.0012179722353651,True,True,0.0,4,0,0,1,False,0.0001092153008102,0.2000000000002728,0.0012179722353651,True,True,0.0,0,0,0,1,1.0,False,,0.20000000000027285,0.0,True,21,False,True
29901153,deterministic_replay,player_game_facts,1.0,0.0,8.499999999999773,0.0,True,True,0.0,0,0,0,0,True,0.0,8.499999999999773,0.0,True,True,0.0,0,0,0,0,1.0,True,,8.499999999999773,2.0,True,21,True,False
20000010,official_gamerotation_rejected,player_game_facts,1.0,3.4705154817515904e-05,0.2000000000000454,0.0002003989408028,True,True,0.0,6,0,0,1,False,3.4705154817515904e-05,0.2000000000000454,0.0002003989408028,True,True,0.0,0,0,0,1,1.0,False,,0.20000000000004547,0.0,True,24,False,True
20000202,official_gamerotation_rejected,player_game_facts,0.8170138888888889,25.0,527.2,10.0,False,False,527.0,2,0,0,9,False,0.0,16.0,0.0,True,True,0.0,0,0,0,1,0.9179770505737356,False,,16.0,0.0,True,21,False,True
20000297,official_gamerotation_rejected,player_game_facts,1.0,0.0,26.0,0.0,True,True,0.0,0,0,0,1,False,0.0,26.0,0.0,True,True,0.0,0,0,0,1,1.0,False,,26.0,0.0,True,24,False,True
20000374,official_gamerotation_rejected,player_game_facts,0.75,39.0,1630.8000000000002,24.0,False,False,0.0,0,0,0,0,False,9.215183467858878e-06,0.2000000000000454,0.0001095500915075,True,True,0.0,90,0,0,0,0.0828703703703703,False,,0.20000000000004547,0.0,True,21,False,True
20000375,official_gamerotation_rejected,player_game_facts,0.75,52.0,1380.6,16.0,False,False,0.0,0,0,0,0,False,4.310273295971001e-05,0.2999999999999971,0.0002300163434152,True,True,0.0,86,0,0,0,0.2166666666666666,False,,0.2999999999999048,0.0,True,20,False,True
20000376,official_gamerotation_rejected,player_game_facts,1.0,1.4666855284708191,1039.1999999999998,8.0,True,True,0.0,0,0,0,0,False,0.0,26.0,0.0,True,True,0.0,52,0,0,0,0.3711805555555555,False,,26.0,0.0,True,18,False,True
20000382,official_gamerotation_rejected,player_game_facts,0.75,59.0,1416.0,14.0,False,False,0.0,0,0,0,0,False,0.0,21.299999999999955,0.0,True,True,0.0,84,0,0,0,0.1842592592592592,False,,21.299999999999955,0.0,True,21,False,True
20000480,official_gamerotation_rejected,player_game_facts,1.0,0.0,16.700000000000045,0.0,True,True,0.0,0,0,0,1,False,0.0,16.700000000000045,0.0,True,True,0.0,0,0,0,1,1.0,False,,16.700000000000045,0.0,True,20,False,True
20000485,official_gamerotation_rejected,player_game_facts,1.0,3.128568805266241e-05,0.2999999999999989,0.000444710990421,True,True,0.0,0,0,0,1,False,3.128568805266241e-05,0.2999999999999989,0.000444710990421,True,True,0.0,0,0,0,1,1.0,False,,0.29999999999990834,0.0,True,18,False,True
20000524,official_gamerotation_rejected,player_game_facts,1.0,0.0,76.0,4.0,True,True,0.0,0,1,0,0,False,0.0,76.0,4.0,True,True,0.0,0,1,0,0,1.0,False,,76.0,4.0,True,22,False,False
20000543,official_gamerotation_rejected,player_game_facts,1.0,0.0030160797277289,0.2999999999999545,0.6783625469441255,True,True,0.0,0,0,0,0,False,0.0030160797277289,0.2999999999999545,0.6783625469441255,True,True,0.0,0,0,0,0,1.0,False,,0.2999999999999545,0.0,True,22,False,True
20000614,official_gamerotation_rejected,player_game_facts,0.9454861111111112,11.0,157.0,1.0,False,False,157.0,0,0,0,0,False,0.0,157.0,1.0,True,True,0.0,0,1,0,0,1.0,False,,157.0,1.0,True,19,False,False
20000732,official_gamerotation_rejected,player_game_facts,1.0,0.0,27.0,0.0,True,True,0.0,0,0,0,1,False,0.0,27.0,0.0,True,True,0.0,0,0,0,1,1.0,False,,27.0,0.0,True,23,False,True
20000803,official_gamerotation_rejected,player_game_facts,1.0,9.10268954186222e-05,706.0,0.002425806674891,True,True,0.0,12,0,0,8,False,0.0,20.0,0.0,True,True,0.0,0,0,0,1,0.75,False,,20.0,0.0,True,20,False,True
20000930,official_gamerotation_rejected,player_game_facts,1.0,0.0,145.0,4.0,True,True,0.0,0,1,0,0,False,0.0,145.0,4.0,True,True,0.0,0,1,0,0,1.0,False,,145.0,4.0,True,21,False,False
20001142,official_gamerotation_rejected,player_game_facts,0.989559748427673,3.087072700225235e-05,33.40000000000009,0.0004317895285783,True,False,34.0,14,0,0,2,False,0.0,11.799999999999956,0.0,True,True,0.0,0,0,0,1,0.9963137155205288,False,,11.799999999999727,1.0,True,20,False,False
20001156,official_gamerotation_rejected,player_game_facts,0.9354166666666668,21.0,214.0,4.0,False,False,186.0,6,0,0,1,False,0.0,28.0,0.0,True,True,0.0,0,0,1,0,1.0,False,,28.0,0.0,True,21,False,True
20001169,official_gamerotation_rejected,player_game_facts,1.0,0.0168851351404271,0.2000000000002728,1.0973918606074733,True,True,0.0,2,0,0,0,False,0.0168851351404271,0.2000000000002728,1.0973918606074733,True,True,0.0,0,0,0,0,1.0,False,,0.20000000000027285,0.0,True,21,False,True
20100097,official_gamerotation,player_game_facts,0.984375,3.388777432178358e-05,45.20000000000027,0.0008858184305631,True,False,45.0,24,0,2,0,False,0.0,74.10000000000014,0.0,True,True,0.0,0,0,0,0,0.9897707231040564,True,,74.09999999999991,2.0,True,23,True,False
20100112,official_gamerotation_rejected,player_game_facts,1.0,0.0,166.0,1.0,True,True,0.0,0,1,0,0,False,0.0,166.0,1.0,True,True,0.0,0,1,0,0,1.0,False,,166.0,1.0,True,24,False,False
20100249,official_gamerotation_rejected,player_game_facts,1.0,0.0005876174623722,0.2999999999997271,1.0030664274429772,True,True,0.0,0,0,0,0,False,0.0005876174623722,0.2999999999997271,1.0030664274429772,True,True,0.0,0,0,0,0,1.0,False,,0.29999999999972715,0.0,True,22,False,True
20100490,official_gamerotation_rejected,player_game_facts,1.0,0.0,7.0,0.0,True,True,0.0,4,0,0,1,False,0.0,7.0,0.0,True,True,0.0,0,0,0,1,1.0,False,,7.0,0.0,True,23,False,True
20100500,official_gamerotation_rejected,player_game_facts,1.0,6.033762643653517e-05,0.2999999999999545,1.0000396737536017,True,True,0.0,0,0,0,0,False,6.033762643653517e-05,0.2999999999999545,1.0000396737536017,True,True,0.0,0,0,0,0,1.0,False,,0.2999999999999545,0.0,True,22,False,True
20100528,official_gamerotation_rejected,player_game_facts,1.0,0.0,27.0,0.0,True,True,0.0,14,0,0,1,False,0.0,27.0,0.0,True,True,0.0,0,0,0,1,0.9996180555555556,False,,27.0,0.0,True,21,False,True
20100858,official_gamerotation_rejected,player_game_facts,1.0,0.0,0.2000000000002728,0.0,True,True,0.0,12,0,0,1,False,0.0,0.2000000000002728,0.0,True,True,0.0,0,0,0,1,0.9998263888888888,False,,0.20000000000027285,0.0,True,17,False,True
20100973,official_gamerotation_rejected,player_game_facts,1.0,4.920561710264337e-05,34.299999999999955,0.0004111246073588,True,True,0.0,0,0,0,1,False,4.920561710264337e-05,34.299999999999955,0.0004111246073588,True,True,0.0,0,0,0,1,1.0,False,,34.299999999999955,2.0,True,21,False,False
20101048,official_gamerotation_rejected,player_game_facts,1.0,0.0235497916646494,0.2999999999999545,1.0120320828576914,True,True,0.0,18,0,0,0,False,0.0235497916646494,0.3000000000001819,1.0120320828576914,True,True,0.0,0,0,0,0,1.0,False,,0.2999999999999545,0.0,True,18,False,True
20101185,official_gamerotation_rejected,player_game_facts,1.0,8.175804431687084e-05,12.0,0.0007140128751252,True,True,0.0,0,0,0,1,False,8.175804431687084e-05,12.0,0.0007140128751252,True,True,0.0,0,0,0,1,1.0,False,,12.0,0.0,True,23,False,True
20200084,official_gamerotation_rejected,player_game_facts,0.9583333333333334,13.0,250.0,8.0,False,False,120.0,8,0,0,1,False,9.386130385280468e-05,0.3000000000000113,0.0004381221220697,True,True,0.0,0,0,0,1,0.9094202898550724,False,,0.2999999999998977,0.0,True,18,False,True
20200333,official_gamerotation_rejected,player_game_facts,1.0,0.0,373.7000000000001,0.0,True,True,0.0,16,0,2,1,False,0.0,1.199999999999818,0.0,True,True,0.0,0,0,0,1,0.8701388888888889,False,,1.199999999999818,0.0,True,18,False,True
20200351,deterministic_replay,player_game_facts,1.0,0.0,23.0,0.0,True,True,0.0,0,0,0,0,True,0.0,23.0,0.0,True,True,0.0,0,0,0,0,1.0,True,,23.0,2.0,True,18,True,False
20200645,official_gamerotation,player_game_facts,1.0,1.0201562048450796e-05,0.2999999999999545,0.000156118632189,True,True,0.0,12,0,0,0,False,1.0201562048450796e-05,0.2999999999999545,0.000156118632189,True,True,0.0,0,0,0,0,0.9997222222222222,True,,0.2999999999999545,0.0,True,20,True,True
20200658,official_gamerotation_rejected,player_game_facts,1.0,0.0001023364839909,0.2999999999999545,0.0012325670582988,True,True,0.0,10,0,0,1,False,0.0001023364839909,0.2999999999999545,0.0012325670582988,True,True,0.0,0,0,0,1,1.0,False,,0.2999999999999545,0.0,True,24,False,True
20200876,official_gamerotation_rejected,player_game_facts,1.0,2.7650180840055327e-05,29.09999999999991,0.0002536847225762,True,True,0.0,0,0,0,2,False,2.7650180840055327e-05,29.09999999999991,0.0002536847225762,True,True,0.0,0,0,0,2,1.0,False,,29.09999999999991,0.0,True,23,False,True
20200968,official_gamerotation_rejected,player_game_facts,0.9736111111111112,4.0,90.0,4.0,False,False,76.0,4,0,0,1,False,0.0,14.0,0.0,True,True,0.0,0,0,0,1,1.0,False,,14.0,0.0,True,24,False,True
20201043,official_gamerotation_rejected,player_game_facts,0.9409722222222222,5.0,183.0,3.0,False,False,170.0,4,0,0,2,False,0.0,13.0,0.0,True,True,0.0,0,0,0,1,1.0,False,,13.0,2.0,True,17,False,False
20201170,official_gamerotation_rejected,player_game_facts,1.0,8.989204462750422e-05,0.2000000000002728,0.0011736494465832,True,True,0.0,6,0,0,1,False,8.989204462750422e-05,0.2000000000002728,0.0011736494465832,True,True,0.0,0,0,0,1,1.0,False,,0.20000000000027285,0.0,True,21,False,True
20300165,official_gamerotation_rejected,player_game_facts,1.0,0.0,24.0,0.0,True,True,0.0,18,0,0,1,False,0.0,24.0,0.0,True,True,0.0,0,0,0,1,0.9998958333333332,False,,24.0,0.0,True,21,False,True
20300294,official_gamerotation_rejected,player_game_facts,1.0000000000000002,0.0,86.70000000000005,0.0,True,True,0.0,0,0,0,0,False,0.0,86.70000000000005,0.0,True,True,0.0,0,0,0,0,1.0,False,,86.70000000000027,2.0,True,19,False,False
20300433,official_gamerotation_rejected,player_game_facts,1.0,0.0,20.699999999999815,0.0,True,True,0.0,16,0,0,1,False,0.0,20.699999999999815,0.0,True,True,0.0,0,0,0,1,1.0,False,,20.699999999999818,0.0,True,19,False,True
20300457,official_gamerotation_rejected,player_game_facts,1.0,0.0553480175812381,2.099999999999909,0.7155206682720063,True,True,0.0,0,0,0,0,False,0.0553480175812381,2.099999999999909,0.7155206682720063,True,True,0.0,0,0,0,0,1.0,False,,2.099999999999909,0.0,True,20,False,True
20300497,official_gamerotation_rejected,player_game_facts,1.0,0.0,6.0,0.0,True,True,0.0,4,0,0,1,False,0.0,6.0,0.0,True,True,0.0,0,0,0,1,1.0,False,,6.0,0.0,True,23,False,True
20300594,official_gamerotation_rejected,player_game_facts,1.0,0.0001513955477605,732.0,0.0012064996405252,True,True,0.0,6,0,0,10,False,2.9496087563529727e-05,12.0,0.0001772941316318,True,True,0.0,0,0,0,1,0.75,False,,12.0,0.0,True,22,False,True
20300623,official_gamerotation,player_game_facts,0.9967708333333332,3.135743894233656e-05,9.500000000000457,0.0003055372756932,True,False,10.0,14,0,0,0,False,0.0,9.099999999999907,0.0,True,True,0.0,0,0,0,0,1.0,True,,9.099999999999909,0.0,True,19,True,True
20300785,official_gamerotation_rejected,player_game_facts,0.8881944444444444,20.0,402.0,4.0,False,False,322.0,6,0,0,17,False,0.0,28.0,0.0,True,True,0.0,0,0,0,2,0.844175136825645,False,,28.0,0.0,True,20,False,True
20300915,official_gamerotation_rejected,player_game_facts,0.8364583333333333,23.0,471.1999999999998,7.0,False,False,471.0,6,0,0,5,False,1.881532688230436e-05,13.0,0.0002541136046163,True,True,0.0,0,0,0,1,0.8966376089663761,False,,13.0,0.0,True,22,False,True
20301041,deterministic_replay,player_game_facts,1.0,0.0,28.40000000000009,0.0,True,True,0.0,0,0,0,0,True,0.0,28.40000000000009,0.0,True,True,0.0,0,0,0,0,1.0,True,,28.40000000000009,0.0,True,19,True,True
20301079,official_gamerotation_rejected,player_game_facts,1.0,0.0,12.0,0.0,True,True,0.0,8,0,0,1,False,0.0,12.0,0.0,True,True,0.0,0,0,0,1,1.0,False,,12.0,0.0,True,21,False,True
20301143,official_gamerotation_rejected,player_game_facts,1.0,4.2533685530088405e-05,17.599999999999994,0.0007661976626742,True,True,0.0,0,0,0,1,False,4.2533685530088405e-05,17.599999999999994,0.0007661976626742,True,True,0.0,0,0,0,1,1.0,False,,17.599999999999994,2.0,True,20,False,False
20400151,official_gamerotation_rejected,player_game_facts,0.981527777777778,0.3326906324567176,53.4,2.0,True,False,54.0,30,0,0,0,False,0.0007951158597734,10.0,1.9917050857446832,True,True,0.0,0,0,0,0,1.0,False,,10.0,2.0,True,22,False,False
20400212,official_gamerotation_rejected,player_game_facts,1.0,0.33688899668239,109.2,4.0,True,True,0.0,12,0,0,0,False,0.0,25.0,0.0,True,True,0.0,0,0,1,0,0.9621527777777776,False,,25.0,0.0,True,22,False,True
20400254,official_gamerotation_rejected,player_game_facts,1.0,3.603979654087652e-05,288.5999999999999,0.0002739196439742,True,True,0.0,20,0,2,4,False,0.0,109.0,0.0,True,True,0.0,0,0,0,0,0.913793103448276,False,,109.00000000000023,0.0,True,18,False,False
20400255,official_gamerotation,player_game_facts,1.0,0.0,26.0,0.0,True,True,0.0,16,0,0,0,False,0.0,26.0,0.0,True,True,0.0,0,0,0,0,0.9998611111111112,True,,26.0,0.0,True,20,True,True
20400280,official_gamerotation,player_game_facts,0.9711805555555556,0.0965310851207732,110.0,1.0,True,False,83.0,4,0,0,2,False,0.0,27.0,0.0,True,True,0.0,0,0,0,0,1.0,True,,27.0,0.0,True,20,True,True
20400523,official_gamerotation_rejected,player_game_facts,0.9722222222222222,3.221584633195107e-05,80.20000000000005,0.0011268350883213,True,False,80.0,10,0,8,2,False,3.397271834160165e-05,80.19999999999982,0.0010351997320645,True,True,0.0,0,0,0,0,0.9997142857142856,False,,80.19999999999982,2.0,True,18,False,False
20400547,official_gamerotation,player_game_facts,1.0,0.0,0.3000000000001819,0.0,True,True,0.0,14,0,0,0,False,0.0,0.3000000000001819,0.0,True,True,0.0,0,0,0,0,0.9997222222222222,True,,0.3000000000001819,0.0,True,20,True,True
20400622,official_gamerotation_rejected,player_game_facts,1.0,1.2374483475241504e-05,0.2999999999999545,0.0001493615808696,True,True,0.0,10,0,0,1,False,1.2374483475241504e-05,0.3000000000001819,0.0001493615808696,True,True,0.0,0,0,0,1,1.0,False,,0.2999999999999545,0.0,True,19,False,True
20400716,official_gamerotation_rejected,player_game_facts,1.0,0.0635171556331215,720.0,0.96835288249496,True,True,0.0,0,0,0,9,False,0.0,29.0,0.0,True,True,0.0,0,0,0,1,0.75,False,,29.0,0.0,True,22,False,True
20400888,deterministic_replay,player_game_facts,1.0,0.0,21.0,0.0,True,True,0.0,0,0,0,0,True,0.0,21.0,0.0,True,True,0.0,0,0,0,0,1.0,True,,21.0,0.0,True,21,True,True
20400924,official_gamerotation_rejected,player_game_facts,1.0,0.0,120.0,4.0,True,True,0.0,0,1,0,0,False,0.0,120.0,4.0,True,True,0.0,0,1,0,0,1.0,False,,120.0,4.0,True,22,False,False
20401005,official_gamerotation_rejected,player_game_facts,1.0000000000000002,3.15277159472771e-05,27.0,0.000239447790334,True,True,0.0,0,0,0,1,False,3.15277159472771e-05,27.0,0.000239447790334,True,True,0.0,0,0,0,1,1.0,False,,27.0,0.0,True,20,False,True
20401085,official_gamerotation_rejected,player_game_facts,1.0,5.464123202614246e-05,0.2999999999999545,1.0001506963357585,True,True,0.0,6,0,0,0,False,5.464123202614246e-05,0.2999999999999545,1.0001506963357585,True,True,0.0,0,0,0,0,1.0,False,,0.2999999999999545,0.0,True,21,False,True
20401105,official_gamerotation_rejected,player_game_facts,1.0,0.0,27.89999999999964,0.0,True,True,0.0,10,0,0,1,False,0.0,27.90000000000009,0.0,True,True,0.0,0,0,0,1,1.0,False,,27.899999999999636,0.0,True,18,False,True
20401218,official_gamerotation_rejected,player_game_facts,1.0,0.0580211149964071,0.2000000000002728,0.7386102587580172,True,True,0.0,0,0,0,0,False,0.0580211149964071,0.2000000000002728,0.7386102587580172,True,True,0.0,0,0,0,0,1.0,False,,0.20000000000027285,0.0,True,18,False,True
20500009,official_gamerotation_rejected,player_game_facts,1.0,0.0,169.0,0.0,True,True,0.0,0,1,0,0,False,0.0,169.0,0.0,True,True,0.0,0,1,0,0,1.0,False,,169.0,0.0,True,22,False,False
20500021,official_gamerotation_rejected,player_game_facts,1.0,0.0,117.1,3.0,True,True,0.0,0,3,0,0,False,0.0,117.1,3.0,True,True,0.0,0,3,0,0,1.0,False,,117.09999999999991,3.0,True,21,False,False
20500034,official_gamerotation_rejected,player_game_facts,1.0,0.0,86.0,2.0,True,True,0.0,2,0,0,0,False,0.0,86.0,2.0,True,True,0.0,0,0,0,0,1.0,False,,86.0,2.0,True,23,False,False
20500279,deterministic_replay,player_game_facts,1.0,0.0,12.199999999999818,0.0,True,True,0.0,0,0,0,0,True,0.0,12.199999999999818,0.0,True,True,0.0,0,0,0,0,1.0,True,,12.199999999999818,2.0,True,17,True,False
20500350,official_gamerotation_rejected,player_game_facts,0.9792816091954024,8.0,268.4000000000001,3.0,False,False,72.0,14,0,0,2,False,0.0,21.199999999999815,0.0,True,True,0.0,0,0,1,0,0.9303383315238124,False,,21.199999999999818,1.0,True,19,False,False
20500356,deterministic_replay,player_game_facts,1.0000000000000002,0.0,22.100000000000136,0.0,True,True,0.0,0,0,0,0,True,0.0,22.100000000000136,0.0,True,True,0.0,0,0,0,0,1.0,True,,22.09999999999991,1.0,True,20,True,False
20500696,official_gamerotation,player_game_facts,0.9978301886792452,7.0,303.4000000000001,8.0,False,False,7.0,16,0,0,8,False,0.0,13.099999999999907,0.0,True,True,0.0,0,1,0,0,0.909173993886105,True,,13.099999999999909,2.0,True,20,True,False
20500753,official_gamerotation_rejected,player_game_facts,1.0,0.0,98.0,0.0,True,True,0.0,4,0,0,1,False,0.0,98.0,0.0,True,True,0.0,0,0,0,1,1.0,False,,98.0,0.0,True,19,False,False
20500773,official_gamerotation_rejected,player_game_facts,1.0,0.0,86.0,6.0,True,True,0.0,18,0,0,0,False,0.0,86.0,6.0,True,True,0.0,0,0,0,0,1.0,False,,86.0,6.0,True,21,False,False
20500805,official_gamerotation_rejected,player_game_facts,1.0,0.0,89.80000000000001,0.0,True,True,0.0,20,0,0,0,False,0.0,89.80000000000001,0.0,True,True,0.0,0,0,0,0,1.0,False,,89.80000000000001,0.0,True,19,False,False
20500980,official_gamerotation_rejected,player_game_facts,1.0,0.0,2.599999999999909,0.0,True,True,0.0,10,0,0,1,False,0.0,2.599999999999909,0.0,True,True,0.0,0,0,0,1,1.0,False,,2.599999999999909,2.0,True,21,False,False
20501009,deterministic_replay,player_game_facts,1.0000000000000002,0.0,46.200000000000045,0.0,True,True,0.0,0,0,0,0,True,0.0,46.200000000000045,0.0,True,True,0.0,0,0,0,0,1.0,True,,46.200000000000045,2.0,True,20,True,False
20501056,official_gamerotation_rejected,player_game_facts,0.9981944444444444,0.0,5.4,0.0,True,False,6.0,6,0,0,0,False,0.0,0.3000000000001819,0.0,True,True,0.0,0,0,1,0,0.9998956449144288,False,,0.2999999999999545,0.0,True,20,False,True
20501077,official_gamerotation_rejected,player_game_facts,1.0,0.0,10.200000000000044,0.0,True,True,0.0,0,0,0,1,False,0.0,10.200000000000044,0.0,True,True,0.0,0,0,0,1,1.0,False,,10.200000000000045,2.0,True,18,False,False
20501229,official_gamerotation_rejected,player_game_facts,1.0,1.2270489420984632e-05,11.0,0.000515764805371,True,True,0.0,0,0,0,1,False,1.2270489420984632e-05,11.0,0.000515764805371,True,True,0.0,0,0,0,1,1.0,False,,11.0,0.0,True,23,False,True
20600078,official_gamerotation_rejected,player_game_facts,0.9945138888888888,0.0,16.000000000000227,0.0,True,False,16.0,2,0,0,2,False,0.0,3.0,0.0,True,True,0.0,0,0,0,1,1.0,False,,3.0,0.0,True,19,False,True
20600092,official_gamerotation_rejected,player_game_facts,1.0,0.0,23.0,0.0,True,True,0.0,2,0,0,1,False,0.0,23.0,0.0,True,True,0.0,0,0,0,1,1.0,False,,23.0,0.0,True,20,False,True
20600156,official_gamerotation_rejected,player_game_facts,1.0,0.0,9.0,0.0,True,True,0.0,12,0,0,1,False,5.285308913016706e-05,9.0,0.0005108298870308,True,True,0.0,0,0,0,1,0.9993055555555554,False,,9.0,0.0,True,18,False,True
20600214,deterministic_replay,player_game_facts,1.0,0.0,25.59999999999991,0.0,True,True,0.0,0,0,0,0,True,0.0,25.59999999999991,0.0,True,True,0.0,0,0,0,0,1.0,True,,25.59999999999991,3.0,True,20,True,False
20600234,official_gamerotation_rejected,player_game_facts,1.0,0.0,21.2,2.0,True,True,0.0,0,0,0,0,False,0.0,21.2,2.0,True,True,0.0,0,0,0,0,1.0,False,,21.200000000000045,2.0,True,21,False,False
20600258,official_gamerotation_rejected,player_game_facts,1.0,0.2836470424905428,239.0,0.1805787213464391,True,True,0.0,2,0,0,0,False,6.379609035889189e-05,220.0,2.9997811368694585,True,True,0.0,0,1,1,0,0.9236111111111112,False,,220.0,3.0,True,24,False,False
20600271,official_gamerotation,player_game_facts,0.9997413793103448,9.626444179389182e-05,319.2000000000003,0.000958700868229,True,False,1.0,8,0,0,4,False,0.0,24.200000000000045,0.0,True,True,0.0,0,0,0,0,0.9124012070699812,True,,24.199999999999818,2.0,True,19,True,False
20600335,official_gamerotation_rejected,player_game_facts,1.0,0.0,73.0,2.0,True,True,0.0,0,0,0,0,False,0.0,73.0,2.0,True,True,0.0,0,0,0,0,1.0,False,,73.0,2.0,True,22,False,False
20600344,official_gamerotation_rejected,player_game_facts,1.0,0.2587909647303945,100.0,0.6539263520119274,True,True,0.0,6,0,0,0,False,0.038089219650061,75.0,3.4651977711525856,True,True,0.0,1,0,0,0,0.9739583333333334,False,,75.0,3.0,True,22,False,False
20600420,deterministic_replay,player_game_facts,1.0000000000000002,4.456801767105389e-05,59.700000000000045,0.0001415732803664,True,True,0.0,0,0,0,0,True,4.456801767105389e-05,59.700000000000045,0.0001415732803664,True,True,0.0,0,0,0,0,1.0,True,,59.69999999999959,10.0,True,21,True,False
20600518,official_gamerotation_rejected,player_game_facts,1.0,0.0,73.0,4.0,True,True,0.0,20,0,0,0,False,0.0,73.0,4.0,True,True,0.0,0,0,0,0,1.0,False,,73.0,4.0,True,22,False,False
20600531,official_gamerotation_rejected,player_game_facts,0.9458490566037736,11.0,221.20000000000027,10.0,False,False,173.0,22,0,0,18,False,0.0,29.59999999999991,2.0,True,True,0.0,0,0,0,0,0.9543444285571776,False,,29.600000000000364,2.0,True,23,False,False
20600560,official_gamerotation_rejected,player_game_facts,1.0,0.0,219.0,5.0,True,True,0.0,0,1,0,0,False,0.0,219.0,5.0,True,True,0.0,0,1,0,0,1.0,False,,219.0,5.0,True,22,False,False
20600734,official_gamerotation_rejected,player_game_facts,0.9844025157232704,6.0,87.0,8.0,False,False,50.0,10,0,0,0,False,0.0,7.700000000000045,0.0,True,True,0.0,0,0,1,0,0.9880526450293892,False,,7.699999999999818,0.0,True,20,False,True
20600744,official_gamerotation_rejected,player_game_facts,1.0,0.0,226.0,6.0,True,True,0.0,0,1,0,0,False,0.0,226.0,6.0,True,True,0.0,0,1,0,0,1.0,False,,226.0,6.0,True,24,False,False
20600746,official_gamerotation_rejected,player_game_facts,1.0,0.0001263189845701,13.0,0.0014255431860412,True,True,0.0,0,0,0,1,False,0.0001263189845701,13.0,0.0014255431860412,True,True,0.0,0,0,0,1,1.0,False,,13.0,0.0,True,24,False,True
20600863,official_gamerotation_rejected,player_game_facts,1.0,0.0,7.900000000000091,0.0,True,True,0.0,10,0,0,1,False,0.0,7.900000000000091,0.0,True,True,0.0,0,0,0,1,1.0,False,,7.900000000000091,1.0,True,22,False,False
20600879,official_gamerotation_rejected,player_game_facts,0.98311320754717,7.0,53.80000000000064,5.0,False,False,55.0,26,0,0,2,False,0.0,19.299999999999955,0.0,True,True,0.0,0,0,2,0,0.9995840266222964,False,,19.299999999999955,2.0,True,21,False,False
20600904,official_gamerotation_rejected,player_game_facts,1.0,0.0,94.0,0.0,True,True,0.0,0,1,0,0,False,0.0,94.0,0.0,True,True,0.0,0,1,0,0,1.0,False,,94.0,0.0,True,22,False,False
20600940,official_gamerotation_rejected,player_game_facts,1.0,0.0,73.0,2.0,True,True,0.0,0,0,0,0,False,0.0,73.0,2.0,True,True,0.0,0,0,0,0,1.0,False,,73.0,2.0,True,21,False,False
20600942,official_gamerotation_rejected,player_game_facts,1.0,0.0,58.8,6.0,True,True,0.0,0,1,0,0,False,0.0,58.8,6.0,True,True,0.0,0,1,0,0,1.0,False,,58.80000000000018,6.0,True,23,False,False
20601035,official_gamerotation_rejected,player_game_facts,1.0,0.0,59.0,3.0,True,True,0.0,24,0,0,0,False,0.0,59.0,3.0,True,True,0.0,0,0,0,0,1.0,False,,59.0,3.0,True,20,False,False
20601062,official_gamerotation_rejected,player_game_facts,1.0,0.0,26.299999999999727,0.0,True,True,0.0,18,0,0,2,False,0.0,26.299999999999955,0.0,True,True,0.0,0,0,0,1,0.99875,False,,26.299999999999727,2.0,True,24,False,False
20700016,official_gamerotation_rejected,player_game_facts,1.0,0.0,197.0,2.0,True,True,0.0,0,1,0,0,False,0.0,197.0,2.0,True,True,0.0,0,1,0,0,1.0,False,,197.0,2.0,True,23,False,False
20700049,official_gamerotation_rejected,player_game_facts,1.0,0.0,72.0,1.0,True,True,0.0,32,0,0,0,False,0.0,72.0,1.0,True,True,0.0,0,0,0,0,0.9997569444444444,False,,72.0,1.0,True,21,False,False
20700059,official_gamerotation_rejected,player_game_facts,1.0,0.0,28.7,1.0,True,True,0.0,0,0,0,0,False,0.0,28.7,1.0,True,True,0.0,0,0,0,0,1.0,False,,28.699999999999818,1.0,True,22,False,False
20700092,official_gamerotation_rejected,player_game_facts,1.0,0.0,65.0,1.0,True,True,0.0,12,0,0,0,False,0.0,65.0,1.0,True,True,0.0,0,0,0,0,1.0,False,,65.0,1.0,True,21,False,False
20700107,official_gamerotation_rejected,player_game_facts,1.0,0.0,104.19999999999992,0.0,True,True,0.0,0,0,0,0,False,0.0,104.19999999999992,0.0,True,True,0.0,0,0,0,0,1.0,False,,104.19999999999993,3.0,True,18,False,False
20700204,official_gamerotation_rejected,player_game_facts,1.0,0.0,79.0,1.0,True,True,0.0,0,1,1,0,False,0.0,79.0,1.0,True,True,0.0,0,1,1,0,1.0,False,,79.0,2.0,True,20,False,False
20700238,official_gamerotation_rejected,player_game_facts,1.0,0.0,79.0,3.0,True,True,0.0,18,0,0,0,False,0.0,79.0,3.0,True,True,0.0,0,0,0,0,1.0,False,,79.0,3.0,True,21,False,False
20700252,official_gamerotation_rejected,player_game_facts,1.0,0.0,77.0,2.0,True,True,0.0,2,0,0,0,False,0.0,77.0,2.0,True,True,0.0,0,0,0,0,1.0,False,,77.0,2.0,True,20,False,False
20700274,official_gamerotation_rejected,player_game_facts,0.9072916666666668,21.0,267.29999999999995,5.0,False,False,267.0,6,0,0,5,False,0.0,27.0,0.0,True,True,0.0,0,0,1,0,1.0,False,,27.0,0.0,True,20,False,True
20700284,deterministic_replay,player_game_facts,1.0,0.0,57.6,0.0,True,True,0.0,0,0,0,0,True,0.0,57.6,0.0,True,True,0.0,0,0,0,0,1.0,True,,57.59999999999991,0.0,True,21,True,True
20700344,official_gamerotation_rejected,player_game_facts,0.9135416666666668,17.0,485.0000000000002,7.0,False,False,249.0,18,0,0,8,False,0.0,17.40000000000009,0.0,True,True,0.0,0,0,0,1,0.9103002660585328,False,,17.40000000000032,0.0,True,19,False,True
20700347,official_gamerotation_rejected,player_game_facts,1.0,0.7527592950928863,82.90000000000009,0.950658147387264,True,True,0.0,4,0,0,0,False,0.0,98.0,7.0,True,True,0.0,1,0,0,0,0.9659722222222222,False,,98.0,7.0,True,21,False,False
20700372,official_gamerotation_rejected,player_game_facts,1.0,0.0,64.0,1.0,True,True,0.0,18,0,0,0,False,0.0,64.0,1.0,True,True,0.0,0,0,0,0,1.0,False,,64.0,1.0,True,21,False,False
20700426,official_gamerotation_rejected,player_game_facts,1.0,0.0,72.0,6.0,True,True,0.0,0,0,0,0,False,0.0,72.0,6.0,True,True,0.0,0,0,0,0,1.0,False,,72.0,6.0,True,20,False,False
20700438,official_gamerotation_rejected,player_game_facts,1.0,0.0,66.0,4.0,True,True,0.0,8,0,0,0,False,0.0,66.0,4.0,True,True,0.0,0,0,0,0,1.0,False,,66.0,4.0,True,20,False,False
20700461,official_gamerotation_rejected,player_game_facts,1.0,0.0,79.0,0.0,True,True,0.0,0,1,0,0,False,0.0,79.0,0.0,True,True,0.0,0,1,0,0,1.0,False,,79.0,0.0,True,21,False,False
20700477,official_gamerotation_rejected,player_game_facts,0.8777777777777778,27.0,352.20000000000005,5.0,False,False,352.0,2,0,0,10,False,0.0,352.0,5.0,True,True,0.0,0,2,0,0,1.0,False,,352.0,5.0,True,18,False,False
20700485,official_gamerotation_rejected,player_game_facts,1.0,0.0001720982043877,716.0,0.001765475103042,True,True,0.0,8,0,0,11,False,3.1789207625365634e-05,28.90000000000009,0.000218966118936,True,True,0.0,0,0,0,1,0.75,False,,28.90000000000009,0.0,True,20,False,True
20700504,official_gamerotation_rejected,player_game_facts,1.0,0.0,106.0,1.0,True,True,0.0,0,1,0,0,False,0.0,106.0,1.0,True,True,0.0,0,1,0,0,1.0,False,,106.0,1.0,True,21,False,False
20700510,official_gamerotation_rejected,player_game_facts,1.0,0.0,26.8,0.0,True,True,0.0,0,0,1,0,False,0.0,26.8,0.0,True,True,0.0,0,0,1,0,1.0,False,,26.800000000000182,0.0,True,21,False,True
20700521,official_gamerotation_rejected,player_game_facts,1.0,0.0,19.0,2.0,True,True,0.0,10,0,0,0,False,0.0,19.0,2.0,True,True,0.0,0,0,0,0,0.9998958333333332,False,,19.0,2.0,True,17,False,False
20700562,official_gamerotation_rejected,player_game_facts,1.0,0.0,69.0,3.0,True,True,0.0,2,0,0,0,False,0.0,69.0,3.0,True,True,0.0,0,0,0,0,1.0,False,,69.0,3.0,True,22,False,False
20700598,official_gamerotation,player_game_facts,0.94375,18.0,162.20000000000005,6.0,False,False,162.0,2,0,0,0,False,0.0,24.5,0.0,True,True,0.0,0,0,0,0,1.0,True,,24.5,0.0,True,21,True,True
20700673,official_gamerotation_rejected,player_game_facts,1.0,0.0,88.0,0.0,True,True,0.0,10,0,0,0,False,0.0,88.0,0.0,True,True,0.0,0,0,0,0,1.0,False,,88.0,0.0,True,22,False,False
20700697,official_gamerotation_rejected,player_game_facts,1.0,0.0,212.0,6.0,True,True,0.0,0,1,1,0,False,0.0,212.0,6.0,True,True,0.0,0,1,1,0,1.0,False,,212.0,6.0,True,23,False,False
20700746,official_gamerotation_rejected,player_game_facts,1.0,0.0,6.0,0.0,True,True,0.0,0,0,1,0,False,0.0,6.0,0.0,True,True,0.0,0,0,1,0,1.0,False,,6.0,0.0,True,23,False,True
20700754,official_gamerotation_rejected,player_game_facts,1.0,0.0,98.7999999999999,0.0,True,True,0.0,6,0,0,0,False,0.0,98.8,0.0,True,True,0.0,0,0,0,0,1.0,False,,98.7999999999999,0.0,True,18,False,False
20700768,official_gamerotation_rejected,player_game_facts,1.0,7.768244641681576e-05,26.0,0.0006709975285623,True,True,0.0,0,0,0,1,False,7.768244641681576e-05,26.0,0.0006709975285623,True,True,0.0,0,0,0,1,1.0,False,,26.0,0.0,True,18,False,True
20700787,official_gamerotation_rejected,player_game_facts,1.0,0.0,25.09999999999991,0.0,True,True,0.0,10,0,0,1,False,0.0,25.100000000000023,0.0,True,True,0.0,0,0,0,1,1.0,False,,25.09999999999991,0.0,True,19,False,True
20700798,official_gamerotation_rejected,player_game_facts,1.0,3.2228535204126274e-05,738.5999999999999,0.00049894252769,True,True,0.0,10,0,0,13,False,5.738302148472485e-05,26.0,0.0003950985589211,True,True,0.0,0,0,0,1,0.75,False,,26.0,0.0,True,20,False,True
20700826,official_gamerotation_rejected,player_game_facts,1.0,0.0,27.100000000000023,0.0,True,True,0.0,0,0,1,0,False,0.0,27.100000000000023,0.0,True,True,0.0,0,0,1,0,1.0,False,,27.100000000000023,0.0,True,22,False,True
20700839,official_gamerotation,player_game_facts,1.0,0.0,13.5,0.0,True,True,0.0,24,0,0,0,False,0.0,13.5,0.0,True,True,0.0,0,0,0,0,0.9998263888888888,True,,13.5,0.0,True,18,True,True
20700847,official_gamerotation_rejected,player_game_facts,0.9385416666666668,10.0,177.20000000000005,2.0,False,False,177.0,16,0,0,0,False,0.0,177.0,2.0,True,True,0.0,0,1,0,0,0.9991860895301516,False,,177.0,2.0,True,21,False,False
20700849,official_gamerotation_rejected,player_game_facts,1.0,0.0,29.8,5.0,True,True,0.0,0,1,1,0,False,0.0,29.8,5.0,True,True,0.0,0,1,1,0,1.0,False,,29.800000000000182,5.0,True,20,False,False
20700966,official_gamerotation_rejected,player_game_facts,1.0,0.0001273041235947,13.299999999999956,0.502159354125852,True,True,0.0,0,0,0,0,False,0.0001273041235947,13.299999999999956,0.502159354125852,True,True,0.0,0,0,0,0,1.0,False,,13.299999999999955,0.0,True,20,False,True
20700992,official_gamerotation_rejected,player_game_facts,1.0,0.0,17.5,0.0,True,True,0.0,0,1,1,0,False,0.0,17.5,0.0,True,True,0.0,0,1,1,0,1.0,False,,17.5,0.0,True,22,False,True
20701055,official_gamerotation_rejected,player_game_facts,1.0,0.4045355418590617,194.0,0.2802012561416411,True,True,0.0,2,0,0,0,False,0.0,177.0,5.0,True,True,0.0,1,0,0,0,0.9385416666666668,False,,177.0,5.0,True,21,False,False
20701089,official_gamerotation_rejected,player_game_facts,1.0,0.0,63.0,4.0,True,True,0.0,8,0,0,0,False,0.0,63.0,4.0,True,True,0.0,0,0,0,0,1.0,False,,63.0,4.0,True,21,False,False
20701168,official_gamerotation_rejected,player_game_facts,1.0,0.0,67.0,4.0,True,True,0.0,8,0,0,0,False,0.0,67.0,4.0,True,True,0.0,0,0,0,0,1.0,False,,67.0,4.0,True,22,False,False
20701196,official_gamerotation_rejected,player_game_facts,1.0,0.0,11.699999999999818,1.0,True,True,0.0,12,0,0,0,False,0.0,11.7,1.0,True,True,0.0,0,0,0,0,1.0,False,,11.699999999999818,1.0,True,20,False,False
20800069,official_gamerotation_rejected,player_game_facts,1.0,7.06745992715696e-05,0.2000000000002728,0.0004200111608057,True,True,0.0,4,0,0,1,False,7.06745992715696e-05,0.2000000000002728,0.0004200111608057,True,True,0.0,0,0,0,1,1.0,False,,0.20000000000027285,2.0,True,24,False,False
20800147,official_gamerotation_rejected,player_game_facts,0.9932986111111112,0.3077941512074034,19.5,3.0,True,False,20.0,0,0,0,1,False,5.30316690969812e-05,0.2999999999997271,0.0006549079162243,True,True,0.0,0,0,0,1,1.0,False,,0.29999999999972715,0.0,True,21,False,True
20800356,official_gamerotation_rejected,player_game_facts,1.0,0.0014617851596199,13.7,1.983203666279579,True,True,0.0,0,0,0,0,False,0.0014617851596199,13.7,1.983203666279579,True,True,0.0,0,0,0,0,1.0,False,,13.700000000000045,2.0,True,21,False,False
20800447,official_gamerotation_rejected,player_game_facts,1.0,0.0001115419238288,749.0,0.0033992416190478,True,True,0.0,4,0,0,5,False,9.039184490688967e-06,29.0,0.0002323421704786,True,True,0.0,0,0,0,1,0.75,False,,29.0,0.0,True,19,False,True
20800449,official_gamerotation_rejected,player_game_facts,1.0,2.2561228746553752e-05,0.2000000000000454,0.0002511190423017,True,True,0.0,0,0,0,1,False,2.2561228746553752e-05,0.2000000000000454,0.0002511190423017,True,True,0.0,0,0,0,1,1.0,False,,0.20000000000004547,0.0,True,23,False,True
20800467,official_gamerotation_rejected,player_game_facts,1.0,0.0,28.0,0.0,True,True,0.0,2,0,0,1,False,0.0,28.0,0.0,True,True,0.0,0,0,0,1,1.0,False,,28.0,0.0,True,21,False,True
20800559,official_gamerotation_rejected,player_game_facts,1.0,2.6226439359788856e-05,0.2999999999999545,0.0004249472782307,True,True,0.0,6,0,0,1,False,2.6226439359788856e-05,0.2999999999999545,0.0004249472782307,True,True,0.0,0,0,0,1,1.0,False,,0.2999999999999545,0.0,True,20,False,True
20800638,official_gamerotation_rejected,player_game_facts,1.0,0.2451153104901777,4.5,3.0,True,True,0.0,14,0,0,0,False,7.093402098234947e-05,0.2999999999999998,0.0016991604854741,True,True,0.0,0,0,1,0,0.9984375,False,,0.2999999999999998,0.0,True,19,False,True
20800646,official_gamerotation_rejected,player_game_facts,1.0,0.0,5.0,0.0,True,True,0.0,12,0,0,1,False,0.0,5.0,0.0,True,True,0.0,0,0,0,1,1.0,False,,5.0,0.0,True,24,False,True
20800682,official_gamerotation_rejected,player_game_facts,1.0,0.0452676643309217,0.2000000000002728,0.7244542330314103,True,True,0.0,0,0,0,0,False,0.0452676643309217,0.2000000000002728,0.7244542330314103,True,True,0.0,0,0,0,0,1.0,False,,0.20000000000027285,0.0,True,23,False,True
20800786,deterministic_replay,player_game_facts,1.0,0.0,26.600000000000136,0.0,True,True,0.0,0,0,0,0,True,0.0,26.600000000000136,0.0,True,True,0.0,0,0,0,0,1.0,True,,26.600000000000136,1.0,True,18,True,False
20800800,deterministic_replay,player_game_facts,1.0,0.0,14.199999999999932,0.0,True,True,0.0,0,0,0,0,True,0.0,14.199999999999932,0.0,True,True,0.0,0,0,0,0,1.0,True,,14.199999999999932,0.0,True,19,True,True
20800808,official_gamerotation_rejected,player_game_facts,1.0,0.0003928471473386,709.0,0.0058796940113223,True,True,0.0,0,0,0,2,False,3.250308719771056e-05,28.0,0.0015120287534315,True,True,0.0,0,0,0,2,0.75,False,,28.0,0.0,True,20,False,True
20800884,official_gamerotation_rejected,player_game_facts,1.0,1.76318627609362e-05,0.2000000000002728,0.0014204970097102,True,True,0.0,6,0,0,3,False,7.353697760947853e-05,29.299999999999955,0.5002537602587049,True,True,0.0,0,0,0,0,0.9897916666666666,False,,29.300000000000068,2.0,True,19,False,False
20801144,official_gamerotation_rejected,player_game_facts,1.0,0.0014303227158762,747.0,0.0180212622603823,True,True,0.0,22,0,0,8,False,2.266608548495697e-05,27.0,0.0001878951456459,True,True,0.0,0,0,0,1,0.75,False,,27.0,0.0,True,20,False,True
20801185,official_gamerotation_rejected,player_game_facts,1.0,0.0,28.0,4.0,True,True,0.0,0,0,0,0,False,0.0,28.0,4.0,True,True,0.0,0,0,0,0,1.0,False,,28.0,4.0,True,20,False,False
20801192,official_gamerotation_rejected,player_game_facts,1.0,0.0,15.700000000000044,0.0,True,True,0.0,4,0,0,1,False,0.0,15.700000000000044,0.0,True,True,0.0,0,0,0,1,1.0,False,,15.700000000000045,0.0,True,18,False,True
20801223,official_gamerotation_rejected,player_game_facts,1.0,0.0002262001031141,705.0,0.0026063571186125,True,True,0.0,4,0,0,8,False,0.0,15.0,0.0,True,True,0.0,0,0,0,1,0.7735849056603774,False,,15.0,0.0,True,19,False,True
20900033,official_gamerotation_rejected,player_game_facts,1.0,0.0,76.0,4.0,True,True,0.0,0,1,1,0,False,0.0,76.0,4.0,True,True,0.0,0,1,1,0,1.0,False,,76.0,4.0,True,24,False,False
20900051,official_gamerotation_rejected,player_game_facts,1.0,0.0,80.0,4.0,True,True,0.0,0,1,0,0,False,0.0,80.0,4.0,True,True,0.0,0,1,0,0,1.0,False,,80.0,4.0,True,23,False,False
20900162,official_gamerotation_rejected,player_game_facts,1.0,0.0,25.0,0.0,True,True,0.0,0,0,1,0,False,0.0,25.0,0.0,True,True,0.0,0,0,1,0,1.0,False,,25.0,0.0,True,22,False,True
20900235,official_gamerotation_rejected,player_game_facts,1.0,0.0,11.0,0.0,True,True,0.0,0,0,1,0,False,0.0,11.0,0.0,True,True,0.0,0,0,1,0,1.0,False,,11.0,0.0,True,22,False,True
20900426,official_gamerotation_rejected,player_game_facts,1.0,0.0,11.4,3.0,True,True,0.0,0,1,1,0,False,0.0,11.4,3.0,True,True,0.0,0,1,1,0,1.0,False,,11.400000000000091,3.0,True,22,False,False
20900459,official_gamerotation_rejected,player_game_facts,1.0,0.0188960961173307,65.0,0.5646925282414845,True,True,0.0,14,0,0,0,False,0.0188960961173307,65.0,0.5646925282414845,True,True,0.0,0,0,0,0,1.0,False,,65.0,0.0,True,20,False,True
20900476,official_gamerotation,player_game_facts,0.985972222222222,0.000347879387661,40.600000000000136,0.003531703596173,True,False,40.0,8,0,0,0,False,0.0,44.40000000000009,0.0,True,True,0.0,0,0,0,0,0.9985561346668546,True,,44.40000000000009,2.0,True,20,True,False
20900477,official_gamerotation_rejected,player_game_facts,1.0,0.0,68.0,3.0,True,True,0.0,20,0,0,0,False,0.0,68.0,3.0,True,True,0.0,0,0,0,0,1.0,False,,68.0,3.0,True,22,False,False
20900523,official_gamerotation,player_game_facts,1.0,0.0001012315609045,0.3000000000001819,0.0009495616688228,True,True,0.0,28,0,4,0,False,5.604283953175582e-05,3.899999999999864,0.0002491365181427,True,True,0.0,0,0,0,0,0.9984375,True,,3.8999999999998636,2.0,True,20,True,False
20900546,official_gamerotation_rejected,player_game_facts,1.0,0.0015357917374387,171.0,0.0133214209016099,True,True,0.0,6,0,0,0,False,0.0,14.0,0.0,True,True,0.0,0,0,1,0,0.9385416666666668,False,,14.0,0.0,True,18,False,True
20900573,deterministic_replay,player_game_facts,1.0,0.0,75.0,0.0,True,True,0.0,0,0,0,0,True,0.0,75.0,0.0,True,True,0.0,0,0,0,0,1.0,True,,75.0,0.0,True,20,True,True
20900805,official_gamerotation_rejected,player_game_facts,1.0,1.307587564269852e-05,0.2000000000002728,0.0001226838959311,True,True,0.0,8,0,0,1,False,1.307587564269852e-05,0.2000000000002728,0.0001226838959311,True,True,0.0,0,0,0,1,1.0,False,,0.20000000000027285,0.0,True,21,False,True
20900984,official_gamerotation_rejected,player_game_facts,0.995590277777778,0.0770239423364387,12.900000000000093,1.0,True,False,13.0,12,0,0,1,False,2.815783336984623e-05,0.3000000000000113,0.0001878381705977,True,True,0.0,0,0,1,0,1.0,False,,0.29999999999996874,0.0,True,21,False,True
20901122,official_gamerotation,player_game_facts,1.0,7.451766099109136e-05,275.2999999999997,0.0003048485277901,True,True,0.0,14,0,0,3,False,0.0,28.899999999999977,0.0,True,True,0.0,0,0,0,0,0.9114779874213836,True,,28.90000000000009,0.0,True,20,True,True
20901196,official_gamerotation_rejected,player_game_facts,0.8330902777777779,32.0,683.0999999999999,5.0,False,False,481.0,6,0,0,22,False,2.193842912845412e-05,4.900000000000091,0.0002553292257743,True,True,0.0,0,0,0,1,0.9113491435001876,False,,4.899999999999636,1.0,True,19,False,False
21000025,official_gamerotation_rejected,player_game_facts,1.0,3.2563917685024535e-05,19.0,0.0001996472754459,True,True,0.0,0,0,0,1,False,3.2563917685024535e-05,19.0,0.0001996472754459,True,True,0.0,0,0,0,1,1.0,False,,19.0,0.0,True,22,False,True
21000085,deterministic_replay,player_game_facts,1.0,0.0,16.0,0.0,True,True,0.0,0,0,0,0,True,0.0,16.0,0.0,True,True,0.0,0,0,0,0,1.0,True,,16.0,0.0,True,21,True,True
21000302,official_gamerotation_rejected,player_game_facts,1.0,0.1943120590205467,226.2,2.0,True,True,0.0,2,0,0,0,False,0.0,22.0,0.0,True,True,0.0,0,0,1,0,0.9215277777777776,False,,22.0,0.0,True,23,False,True
21000319,official_gamerotation_rejected,player_game_facts,0.9704861111111112,6.0,85.20000000000005,2.0,False,False,85.0,6,0,0,1,False,0.0,85.0,2.0,True,True,0.0,0,1,0,0,1.0,False,,85.0,2.0,True,21,False,False
21000357,official_gamerotation_rejected,player_game_facts,1.0,0.0,80.0,2.0,True,True,0.0,2,0,0,0,False,0.0,80.0,2.0,True,True,0.0,0,0,0,0,1.0,False,,80.0,2.0,True,21,False,False
21000399,official_gamerotation_rejected,player_game_facts,0.9652777777777778,10.0,123.0,2.0,False,False,100.0,10,0,0,1,False,0.0,100.0,2.0,True,True,0.0,0,1,0,0,1.0,False,,100.0,2.0,True,18,False,False
21000455,official_gamerotation_rejected,player_game_facts,1.0,0.0,3.0,0.0,True,True,0.0,4,0,0,1,False,0.0,3.0,0.0,True,True,0.0,0,0,0,1,1.0,False,,3.0,0.0,True,19,False,True
21000475,official_gamerotation_rejected,player_game_facts,1.0,7.349922996979785e-05,70.0,4.999504646178183,True,True,0.0,0,1,0,0,False,7.349922996979785e-05,70.0,4.999504646178183,True,True,0.0,0,1,0,0,1.0,False,,70.0,5.0,True,20,False,False
21000489,official_gamerotation_rejected,player_game_facts,0.9069444444444444,21.0,268.2000000000003,9.0,False,False,268.0,8,0,0,9,False,0.0,268.0,9.0,True,True,0.0,0,1,0,0,1.0,False,,268.0,9.0,True,21,False,False
21000625,official_gamerotation_rejected,player_game_facts,1.0,5.861214047797603e-05,0.2999999999999545,0.0010246879568605,True,True,0.0,6,0,0,1,False,5.861214047797603e-05,0.2999999999999545,0.0010246879568605,True,True,0.0,0,0,0,1,1.0,False,,0.2999999999999545,0.0,True,23,False,True
21000639,official_gamerotation_rejected,player_game_facts,1.0,0.0,66.0,1.0,True,True,0.0,0,0,0,0,False,0.0,66.0,1.0,True,True,0.0,0,0,0,0,1.0,False,,66.0,1.0,True,22,False,False
21000858,official_gamerotation_rejected,player_game_facts,0.9433962264150944,7.0,180.20000000000027,4.0,False,False,180.0,16,0,0,2,False,0.0,7.8,2.0,True,True,0.0,0,0,0,0,0.9996,False,,7.800000000000182,2.0,True,19,False,False
21000889,official_gamerotation,player_game_facts,0.9991509433962265,0.0,2.899999999999864,0.0,True,False,3.0,44,0,0,1,False,0.0,2.900000000000091,0.0,True,True,0.0,0,0,0,0,0.9997482138922984,True,,2.8999999999998636,3.0,True,19,True,False
21000895,official_gamerotation_rejected,player_game_facts,1.0,2.360975547333055e-05,21.0,0.0001750575151611,True,True,0.0,2,0,0,1,False,2.360975547333055e-05,21.0,0.0001750575151611,True,True,0.0,0,0,0,1,1.0,False,,21.0,0.0,True,20,False,True
21000916,official_gamerotation_rejected,player_game_facts,1.0,0.0326201108591419,24.399999999999864,0.516484419600995,True,True,0.0,0,0,0,0,False,0.0326201108591419,24.399999999999864,0.516484419600995,True,True,0.0,0,0,0,0,1.0,False,,24.399999999999864,2.0,True,18,False,False
21000929,official_gamerotation_rejected,player_game_facts,1.0,0.0,82.0,2.0,True,True,0.0,10,0,0,0,False,0.0,82.0,2.0,True,True,0.0,0,0,0,0,1.0,False,,82.0,2.0,True,22,False,False
21000935,official_gamerotation_rejected,player_game_facts,1.0,6.485321331695104e-05,89.19999999999982,0.0003781265085027,True,True,0.0,24,0,0,0,False,0.0,89.19999999999982,0.0,True,True,0.0,0,0,0,0,0.9982389937106916,False,,89.19999999999982,2.0,True,20,False,False
21001013,official_gamerotation_rejected,player_game_facts,1.0,3.192775787397295e-05,720.0,0.0002242201409288,True,True,0.0,0,0,0,0,False,3.192775787397295e-05,720.0,0.0002242201409288,True,True,0.0,0,0,0,0,1.0,False,,720.0,0.0,False,22,False,False
21001110,official_gamerotation_rejected,player_game_facts,0.971875,10.0,81.19999999999982,5.0,False,False,81.0,12,0,0,1,False,0.0151325913619047,0.2999999999999545,0.582919925514114,True,True,0.0,0,0,0,0,1.0,False,,0.2999999999999545,0.0,True,22,False,True
21001116,official_gamerotation_rejected,player_game_facts,1.0,0.0373867763598809,0.2000000000000454,0.8413641820295781,True,True,0.0,0,0,0,0,False,0.0373867763598809,0.2000000000000454,0.8413641820295781,True,True,0.0,0,0,0,0,1.0,False,,0.20000000000004547,2.0,True,24,False,False
21001124,official_gamerotation_rejected,player_game_facts,1.0,0.0001801055870345,0.2000000000002728,0.6256064851146261,True,True,0.0,20,0,0,0,False,0.0001801055870345,0.2000000000002728,0.6256064851146261,True,True,0.0,0,0,0,0,1.0,False,,0.20000000000027285,0.0,True,20,False,True
21100068,official_gamerotation_rejected,player_game_facts,1.0,0.0,29.799999999999955,0.0,True,True,0.0,0,0,1,0,False,0.0,29.799999999999955,0.0,True,True,0.0,0,0,1,0,1.0,False,,29.800000000000182,0.0,True,24,False,True
21100104,official_gamerotation_rejected,player_game_facts,1.0,0.0,90.0,3.0,True,True,0.0,0,1,1,0,False,0.0,90.0,3.0,True,True,0.0,0,1,1,0,1.0,False,,90.0,3.0,True,20,False,False
21100131,official_gamerotation_rejected,player_game_facts,1.0,0.0,25.0,0.0,True,True,0.0,0,0,1,0,False,0.0,25.0,0.0,True,True,0.0,0,0,1,0,1.0,False,,25.0,0.0,True,23,False,True
21100230,official_gamerotation_rejected,player_game_facts,1.0,0.0,52.40000000000009,1.0,True,True,0.0,12,0,0,0,False,0.0,52.4,1.0,True,True,0.0,0,0,0,0,0.9997222222222224,False,,52.40000000000009,1.0,True,20,False,False
21100287,official_gamerotation_rejected,player_game_facts,1.0,2.0798394686494248e-05,28.0,0.0004101784314727,True,True,0.0,0,0,0,1,False,2.0798394686494248e-05,28.0,0.0004101784314727,True,True,0.0,0,0,0,1,1.0,False,,28.0,0.0,True,25,False,True
21100459,official_gamerotation_rejected,player_game_facts,1.0,1.3331804666449898e-05,120.0,2.0000593268593887,True,True,0.0,0,1,0,0,False,1.3331804666449898e-05,120.0,2.0000593268593887,True,True,0.0,0,1,0,0,1.0,False,,120.0,2.0,True,24,False,False
21100545,official_gamerotation_rejected,player_game_facts,1.0,0.0007330920145136,87.0,0.9918229476480644,True,True,0.0,0,0,0,0,False,0.0007330920145136,87.0,0.9918229476480644,True,True,0.0,0,0,0,0,1.0,False,,87.0,1.0,True,19,False,False
21100897,deterministic_replay,player_game_facts,1.0,0.0,20.200000000000045,0.0,True,True,0.0,0,0,0,0,True,0.0,20.200000000000045,0.0,True,True,0.0,0,0,0,0,1.0,True,,20.200000000000045,2.0,True,21,True,False
21200046,official_gamerotation_rejected,player_game_facts,1.0,0.0,53.8,3.0,True,True,0.0,0,1,0,0,False,0.0,53.8,3.0,True,True,0.0,0,1,0,0,1.0,False,,53.80000000000018,3.0,True,25,False,False
21200061,official_gamerotation_rejected,player_game_facts,1.0,0.0,28.40000000000009,0.0,True,True,0.0,8,0,0,2,False,0.0,28.40000000000009,0.0,True,True,0.0,0,0,0,1,1.0,False,,28.40000000000009,0.0,True,23,False,True
21200385,official_gamerotation_rejected,player_game_facts,1.0,0.0226369488322433,0.2999999999999545,0.5226087374085067,True,True,0.0,0,0,0,0,False,0.0226369488322433,0.2999999999999545,0.5226087374085067,True,True,0.0,0,0,0,0,1.0,False,,0.2999999999999545,0.0,True,23,False,True
21200449,official_gamerotation_rejected,player_game_facts,1.0,0.0,217.0,5.0,True,True,0.0,0,2,0,0,False,0.0,217.0,5.0,True,True,0.0,0,2,0,0,1.0,False,,217.0,5.0,True,25,False,False
21200519,official_gamerotation_rejected,player_game_facts,0.995625,0.0,35.5,0.0,True,False,14.0,10,0,0,2,False,0.0,22.90000000000009,0.0,True,True,0.0,0,0,0,1,1.0,False,,22.90000000000009,0.0,True,21,False,True
21200524,official_gamerotation_rejected,player_game_facts,1.0,0.0,25.0,0.0,True,True,0.0,32,0,0,1,False,0.0,25.0,0.0,True,True,0.0,0,0,0,1,1.0,False,,25.0,0.0,True,19,False,True
21200714,official_gamerotation_rejected,player_game_facts,0.980503144654088,0.0001664553503957,672.0,0.0024951426792654,True,False,62.0,22,0,0,9,False,1.2037795031005771e-05,28.5,0.0002840002868733,True,True,0.0,0,0,0,1,0.7889672867222579,False,,28.5,0.0,True,19,False,True
21200760,official_gamerotation,player_game_facts,1.0,0.0001078033728418,0.2000000000000454,0.0009373370139305,True,True,0.0,10,0,0,1,False,0.0,9.200000000000044,0.0,True,True,0.0,0,0,0,0,0.996875,True,,9.200000000000045,2.0,True,20,True,False
21200820,official_gamerotation_rejected,player_game_facts,1.0,0.0,26.90000000000009,0.0,True,True,0.0,0,1,1,0,False,0.0,26.90000000000009,0.0,True,True,0.0,0,1,1,0,1.0,False,,26.90000000000009,0.0,True,22,False,True
21200836,official_gamerotation_rejected,player_game_facts,0.918611111111111,23.0,480.0,12.0,False,False,234.0,2,0,0,9,False,0.0,29.59999999999991,0.0,True,True,0.0,0,3,3,0,0.8383731478681585,False,,29.59999999999991,0.0,True,23,False,True
21200849,official_gamerotation_rejected,player_game_facts,0.9892138364779872,4.0,263.2,13.0,False,False,33.0,6,0,0,3,False,0.0,49.29999999999998,0.0,True,True,0.0,0,4,4,0,0.9007851988428648,False,,49.2999999999999,1.0,True,21,False,False
21200858,official_gamerotation_rejected,player_game_facts,0.8767295597484277,29.0,420.0,7.0,False,False,392.0,10,0,0,20,False,0.0,28.0,0.0,True,True,0.0,0,2,2,0,1.0,False,,28.0,0.0,True,22,False,True
21200874,official_gamerotation_rejected,player_game_facts,0.8024305555555555,33.0,900.0,19.0,False,False,569.0,0,0,0,21,False,0.0,13.0,0.0,True,True,0.0,0,2,2,0,0.8606663781912592,False,,13.0,0.0,True,22,False,True
21200883,official_gamerotation_rejected,player_game_facts,1.0,0.0975254862575667,740.0999999999999,1.0,True,True,0.0,4,0,0,0,False,7.124399947144866e-05,20.09999999999991,0.001002841981684,True,True,0.0,0,0,0,1,0.75,False,,20.09999999999991,0.0,True,23,False,True
21200910,official_gamerotation_rejected,player_game_facts,0.9392361111111112,6.0,203.0,2.0,False,False,175.0,2,0,0,4,False,0.0,28.0,0.0,True,True,0.0,0,1,1,0,1.0,False,,28.0,0.0,True,23,False,True
21200924,official_gamerotation_rejected,player_game_facts,1.0,0.0,3.900000000000091,0.0,True,True,0.0,0,2,2,0,False,0.0,3.900000000000091,0.0,True,True,0.0,0,2,2,0,1.0,False,,3.900000000000091,0.0,True,21,False,True
21200932,official_gamerotation_rejected,player_game_facts,1.0,0.0,29.0,0.0,True,True,0.0,0,1,1,0,False,0.0,29.0,0.0,True,True,0.0,0,1,1,0,1.0,False,,29.0,0.0,True,20,False,True
21200936,official_gamerotation_rejected,player_game_facts,1.0,5.10435480975957e-05,742.0,0.0007333326542227,True,True,0.0,6,0,0,5,False,4.1261450888896434e-05,22.0,0.0003329467833896,True,True,0.0,0,0,0,1,0.75,False,,22.0,0.0,True,19,False,True
21200946,official_gamerotation_rejected,player_game_facts,0.9802083333333332,8.362833040109763e-05,410.0,1.1686222013144238,True,False,57.0,6,0,0,3,False,0.0,25.0,0.0,True,True,0.0,0,1,1,0,0.8554729011689692,False,,25.0,0.0,True,20,False,True
21200957,official_gamerotation_rejected,player_game_facts,1.0,0.0182699007061017,0.2000000000002728,0.5074576024893043,True,True,0.0,10,0,0,0,False,0.0182699007061017,0.2000000000002728,0.5074576024893043,True,True,0.0,0,0,0,0,1.0,False,,0.20000000000027285,0.0,True,21,False,True
21200959,official_gamerotation_rejected,player_game_facts,1.0,0.0,19.0,0.0,True,True,0.0,0,0,0,1,False,0.0,19.0,0.0,True,True,0.0,0,0,0,1,1.0,False,,19.0,0.0,True,22,False,True
21201031,official_gamerotation_rejected,player_game_facts,1.0,0.000305340297686,314.79999999999995,0.0078672962884027,True,True,0.0,4,0,0,1,False,0.0,57.79999999999996,0.0,True,True,0.0,1,1,1,0,0.9107638888888888,False,,57.799999999999955,0.0,True,23,False,True
21201046,official_gamerotation_rejected,player_game_facts,0.8815972222222223,30.0,736.3000000000002,11.0,False,False,341.0,4,0,0,26,False,0.0,21.0,0.0,True,True,0.0,0,1,1,0,0.8463962189838519,False,,21.0,1.0,True,19,False,False
21201134,official_gamerotation_rejected,player_game_facts,1.0,0.0892326670764873,444.19999999999993,1.0,True,True,0.0,18,0,12,0,False,0.0,24.0,0.0,True,True,0.0,0,1,1,0,0.8455555555555555,False,,24.0,0.0,True,21,False,True
21201160,official_gamerotation_rejected,player_game_facts,0.8493055555555555,30.0,573.0,4.0,False,False,434.0,4,0,0,16,False,0.0,26.0,0.0,True,True,0.0,1,1,1,0,0.9431725265739984,False,,26.0,0.0,True,18,False,True
21201193,official_gamerotation_rejected,player_game_facts,1.0,7.664096747816984e-05,217.0,0.0009080084592438,True,True,0.0,0,0,2,3,False,0.0,42.80000000000007,0.0,True,True,0.0,0,1,1,0,0.9246527777777778,False,,42.80000000000007,0.0,True,18,False,True
21201211,official_gamerotation_rejected,player_game_facts,0.8826388888888889,22.0,995.7999999999996,13.0,False,False,338.0,14,0,0,19,False,4.77301093440019e-05,25.800000000000185,0.000264037310238,True,True,0.0,0,2,2,0,0.7510228166797797,False,,25.799999999999727,0.0,True,20,False,True
21300061,official_gamerotation_rejected,player_game_facts,1.0,0.0185586579301713,0.3000000000000682,1.2204500962618068,True,True,0.0,0,0,0,0,False,0.0185586579301713,0.3000000000000682,1.2204500962618068,True,True,0.0,0,0,0,0,1.0,False,,0.2999999999999545,0.0,True,25,False,True
21300218,official_gamerotation,player_game_facts,1.0,0.0,29.0,0.0,True,True,0.0,18,0,0,0,False,0.0,29.0,0.0,True,True,0.0,0,0,0,0,0.9996527777777776,True,,29.0,0.0,True,20,True,True
21300249,official_gamerotation,player_game_facts,1.0,6.375493953214573e-06,0.2000000000002728,0.0005405651183689,True,True,0.0,4,0,0,3,False,0.0,74.19999999999993,0.0,True,True,0.0,0,0,0,0,0.9743055555555556,True,,74.19999999999993,2.0,True,20,True,False
21300347,official_gamerotation_rejected,player_game_facts,1.0,0.0001333981152669,0.3000000000001819,0.5286361242821118,True,True,0.0,8,0,0,0,False,0.0001333981152669,0.3000000000001819,0.5286361242821118,True,True,0.0,0,0,0,0,1.0,False,,0.3000000000001819,0.0,True,24,False,True
21300405,official_gamerotation_rejected,player_game_facts,0.965625,7.0,450.8999999999999,9.0,False,False,99.0,14,0,0,2,False,0.0,14.600000000000136,0.0,True,True,0.0,0,0,0,1,0.868212873067242,False,,14.600000000000136,2.0,True,21,False,False
21300411,official_gamerotation,player_game_facts,0.9978301886792454,0.0001793506542782,7.099999999999909,0.0014294609379135,True,False,7.0,10,0,2,0,False,0.0,14.699999999999989,0.0,True,True,0.0,0,0,0,0,0.9955879108757996,True,,14.699999999999818,3.0,True,20,True,False
21300419,official_gamerotation_rejected,player_game_facts,1.0,0.1097702175007953,81.0,0.0805769644359077,True,True,0.0,0,0,0,0,False,5.795249698792304e-05,81.0,0.9998561222504444,True,True,0.0,0,1,1,0,0.971875,False,,81.0,1.0,True,23,False,False
21300437,official_gamerotation_rejected,player_game_facts,1.0,0.0,7.099999999999909,0.0,True,True,0.0,0,0,0,1,False,0.0,7.099999999999909,0.0,True,True,0.0,0,0,0,1,1.0,False,,7.099999999999909,0.0,True,21,False,True
21300438,official_gamerotation_rejected,player_game_facts,1.0,0.0740046150150277,36.40000000000055,1.7127688864896338,True,True,0.0,0,1,1,0,False,0.0740046150150277,36.40000000000055,1.7127688864896338,True,True,0.0,0,1,1,0,1.0,False,,36.400000000000546,2.0,True,20,False,False
21300498,official_gamerotation_rejected,player_game_facts,1.0,4.865472777737523e-05,245.0,6.000091072779328,True,True,0.0,0,1,0,0,False,4.865472777737523e-05,245.0,6.000091072779328,True,True,0.0,0,1,0,0,1.0,False,,245.0,6.0,True,22,False,False
21300574,official_gamerotation_rejected,player_game_facts,1.0,0.0228011957848934,5.0,1.022720824840814,True,True,0.0,4,0,0,0,False,0.0228011957848934,5.0,1.022720824840814,True,True,0.0,0,0,0,0,1.0,False,,5.0,0.0,True,18,False,True
21301163,deterministic_replay,player_game_facts,1.0,0.0,13.799999999999956,0.0,True,True,0.0,0,0,0,0,True,0.0,13.799999999999956,0.0,True,True,0.0,0,0,0,0,1.0,True,,13.799999999999955,2.0,True,20,True,False
21301208,official_gamerotation_rejected,player_game_facts,1.0,0.0,126.0,5.0,True,True,0.0,0,2,0,0,False,0.0,126.0,5.0,True,True,0.0,0,2,0,0,1.0,False,,126.0,5.0,True,21,False,False
21400020,deterministic_replay,player_game_facts,1.0,0.0,5.599999999999909,0.0,True,True,0.0,0,0,0,0,True,0.0,5.599999999999909,0.0,True,True,0.0,0,0,0,0,1.0,True,,5.599999999999909,2.0,True,19,True,False
21400139,official_gamerotation_rejected,player_game_facts,1.0,0.0,24.499999999999773,0.0,True,True,0.0,12,0,0,1,False,0.0,24.5,0.0,True,True,0.0,0,0,0,1,1.0,False,,24.499999999999773,0.0,True,20,False,True
21400260,official_gamerotation_rejected,player_game_facts,1.0,0.0290060627505681,36.79999999999996,1.6131862718619698,True,True,0.0,0,0,0,0,False,0.0290060627505681,36.79999999999996,1.6131862718619698,True,True,0.0,0,0,0,0,1.0,False,,36.799999999999955,2.0,True,26,False,False
21400391,official_gamerotation_rejected,player_game_facts,0.8659722222222223,37.0,659.9999999999998,10.0,False,False,386.0,12,0,0,29,False,0.0,20.200000000000276,0.0,True,True,0.0,0,0,0,1,0.8821170809943866,False,,20.200000000000273,2.0,True,20,False,False
21400535,official_gamerotation_rejected,player_game_facts,1.0,0.0,6.0,0.0,True,True,0.0,16,0,0,1,False,2.0739056012075707e-05,6.0,0.0002419159880595,True,True,0.0,0,0,0,1,1.0,False,,6.0,0.0,True,19,False,True
21400633,official_gamerotation_rejected,player_game_facts,0.9072327044025156,29.0,407.3,7.0,False,False,295.0,24,0,0,10,False,0.0,720.0,0.0,True,True,0.0,0,0,0,0,0.8526863084922011,False,,720.0,0.0,False,21,False,False
21400706,deterministic_replay,player_game_facts,1.0,0.0,52.50000000000023,0.0,True,True,0.0,0,0,0,0,True,0.0,52.50000000000023,0.0,True,True,0.0,0,0,0,0,1.0,True,,52.5,2.0,True,21,True,False
21400816,official_gamerotation_rejected,player_game_facts,1.0,0.0,5.0,0.0,True,True,0.0,16,0,0,1,False,1.2013854103543052e-05,5.0,0.0001917396264552,True,True,0.0,0,0,0,1,1.0,False,,5.0,0.0,True,20,False,True
21400833,official_gamerotation,player_game_facts,1.0,0.0001946034990822,0.2999999999997271,0.0017548203288293,True,True,0.0,22,0,0,1,False,0.0,44.50000000000023,0.0,True,True,0.0,0,0,0,0,0.9844791666666668,True,,44.49999999999977,2.0,True,19,True,False
21400851,deterministic_replay,player_game_facts,1.0,0.0,13.399999999999864,0.0,True,True,0.0,0,0,0,0,True,0.0,13.399999999999864,0.0,True,True,0.0,0,0,0,0,1.0,True,,13.399999999999864,2.0,True,19,True,False
21400852,official_gamerotation_rejected,player_game_facts,1.0,0.0,31.9,0.0,True,True,0.0,0,1,1,0,False,0.0,31.9,0.0,True,True,0.0,0,1,1,0,1.0,False,,31.90000000000009,0.0,True,22,False,True
21400855,official_gamerotation,player_game_facts,0.9957861635220124,0.0001151687495166,86.40000000000009,0.0008291727181735,True,False,14.0,16,0,0,0,False,0.0,73.0,0.0,True,True,0.0,0,0,0,0,0.9977578475336324,True,,73.0,3.0,True,19,True,False
21400864,official_gamerotation_rejected,player_game_facts,1.0,0.0,101.0,1.0,True,True,0.0,0,1,1,0,False,0.0,101.0,1.0,True,True,0.0,0,1,1,0,1.0,False,,101.0,1.0,True,24,False,False
21400879,official_gamerotation_rejected,player_game_facts,1.0,2.8553607563708283e-05,0.2999999999998977,0.0007345034277679,True,True,0.0,16,0,0,1,False,2.8553607563708283e-05,0.3000000000000113,0.0007345034277679,True,True,0.0,0,0,0,1,1.0,False,,0.2999999999998977,0.0,True,21,False,True
21400897,official_gamerotation,player_game_facts,1.0,0.0,0.2999999999994998,0.0,True,True,0.0,16,0,0,0,False,0.0,0.2999999999999545,0.0,True,True,0.0,0,0,0,0,0.9995138888888888,True,,0.2999999999994998,2.0,True,21,True,False
21400921,official_gamerotation_rejected,player_game_facts,1.0,0.0,30.0,0.0,True,True,0.0,0,0,0,1,False,0.0,30.0,0.0,True,True,0.0,0,0,0,1,1.0,False,,30.0,0.0,True,23,False,True
21400978,official_gamerotation_rejected,player_game_facts,0.9170138888888888,29.0,248.0,11.0,False,False,239.0,8,0,0,1,False,0.0,12.0,0.0,True,True,0.0,0,1,1,0,1.0,False,,12.0,0.0,True,21,False,True
21401027,official_gamerotation_rejected,player_game_facts,1.0,1.6878956770938203e-05,52.7,4.0001279510504455,True,True,0.0,0,1,1,0,False,1.6878956770938203e-05,52.7,4.0001279510504455,True,True,0.0,0,1,1,0,1.0,False,,52.69999999999982,4.0,True,23,False,False
21401048,official_gamerotation_rejected,player_game_facts,0.7776041666666667,39.0,719.8999999999999,7.0,False,False,640.0,10,0,0,23,False,1.4232974592687242e-05,6.5,0.0001424153122377,True,True,0.0,0,0,0,1,0.8370171913373521,False,,6.5,1.0,True,18,False,False
21401066,official_gamerotation_rejected,player_game_facts,1.0,0.0,29.0,0.0,True,True,0.0,0,0,0,2,False,0.0,29.0,0.0,True,True,0.0,0,0,0,2,1.0,False,,29.0,0.0,True,25,False,True
21401069,official_gamerotation_rejected,player_game_facts,1.0,0.0,27.80000000000001,0.0,True,True,0.0,0,1,1,0,False,0.0,27.80000000000001,0.0,True,True,0.0,0,1,1,0,1.0,False,,27.799999999999955,0.0,True,21,False,True
21401075,official_gamerotation_rejected,player_game_facts,0.9590277777777778,0.3722030070696576,360.0,4.0,True,False,118.0,12,0,0,6,False,0.0,17.0,0.0,True,True,0.0,0,2,2,0,0.9185372918175236,False,,17.0,0.0,True,25,False,True
21401098,official_gamerotation_rejected,player_game_facts,1.0,0.0,42.2,2.0,True,True,0.0,0,1,1,0,False,0.0,42.2,2.0,True,True,0.0,0,1,1,0,1.0,False,,42.19999999999982,2.0,True,24,False,False
21401102,official_gamerotation_rejected,player_game_facts,0.9255974842767296,23.0,898.0,5.0,False,False,237.0,8,0,0,21,False,0.0,17.40000000000009,0.0,True,True,0.0,0,3,2,0,0.7652374804647687,False,,17.40000000000032,2.0,True,18,False,False
21401131,deterministic_replay,player_game_facts,1.0,0.0,6.000000000000455,0.0,True,True,0.0,0,0,0,0,True,0.0,6.000000000000455,0.0,True,True,0.0,0,0,0,0,1.0,True,,6.000000000000455,3.0,True,19,True,False
21401162,official_gamerotation_rejected,player_game_facts,1.0,0.0,15.0,0.0,True,True,0.0,0,2,2,0,False,0.0,15.0,0.0,True,True,0.0,0,2,2,0,1.0,False,,15.0,2.0,True,24,False,False
21401189,official_gamerotation_rejected,player_game_facts,0.7543402777777778,61.0,990.0,9.0,False,False,708.0,8,0,0,29,False,0.0,20.5,0.0,True,True,0.0,0,5,5,0,0.8794016110471806,False,,20.5,0.0,True,20,False,True
21401204,official_gamerotation_rejected,player_game_facts,0.6944444444444444,76.0,959.0,12.0,False,False,880.0,2,0,0,34,False,0.0,22.0,0.0,True,True,0.0,0,3,3,0,0.97,False,,22.0,0.0,True,20,False,True
21401220,official_gamerotation_rejected,player_game_facts,1.0000000000000002,0.0,48.6,1.0,True,True,0.0,0,0,0,0,False,0.0,48.6,1.0,True,True,0.0,0,0,0,0,1.0,False,,48.59999999999991,1.0,True,22,False,False
21500021,official_gamerotation_rejected,player_game_facts,1.0,0.0,88.0,4.0,True,True,0.0,0,2,0,0,False,0.0,88.0,4.0,True,True,0.0,0,2,0,0,1.0,False,,88.0,4.0,True,25,False,False
21500117,official_gamerotation_rejected,player_game_facts,0.9673611111111112,5.0,179.79999999999973,4.0,False,False,94.0,6,0,2,1,False,2.2886602920380028e-05,94.0,0.0004432086747492,True,True,0.0,0,0,0,1,0.9691313711414212,False,,94.0,0.0,True,20,False,False
21500141,official_gamerotation_rejected,player_game_facts,0.935632183908046,9.0,286.0999999999999,3.0,False,False,224.0,16,0,0,10,False,0.0,224.0,3.0,True,True,0.0,0,1,0,0,0.9121007371007372,False,,224.0,3.0,True,21,False,False
21500256,official_gamerotation_rejected,player_game_facts,1.0,0.0,21.90000000000032,0.0,True,True,0.0,0,0,0,1,False,0.0,21.90000000000032,0.0,True,True,0.0,0,0,0,1,1.0,False,,21.90000000000032,2.0,True,20,False,False
21500274,official_gamerotation_rejected,player_game_facts,1.0,4.490892575859107e-05,0.2000000000005002,0.0007600613470275,True,True,0.0,8,0,0,1,False,4.490892575859107e-05,0.2000000000002728,0.0007600613470275,True,True,0.0,0,0,0,1,1.0,False,,0.20000000000050022,0.0,True,20,False,True
21500336,official_gamerotation_rejected,player_game_facts,0.993103448275862,4.2045254389222464e-05,80.40000000000009,0.0002000811211892,True,False,24.0,40,0,0,3,False,0.0,85.10000000000014,0.0,True,True,0.0,0,0,0,0,0.9718460648148148,False,,85.10000000000036,2.0,True,21,False,False
21500473,official_gamerotation_rejected,player_game_facts,1.0,0.0,11.0,2.0,True,True,0.0,4,0,0,0,False,0.0,11.0,2.0,True,True,0.0,0,0,0,0,1.0,False,,11.0,2.0,True,21,False,False
21500543,official_gamerotation_rejected,player_game_facts,1.0,0.0,281.0,0.0,True,True,0.0,0,1,0,0,False,0.0,281.0,0.0,True,True,0.0,0,1,0,0,1.0,False,,281.0,0.0,True,23,False,False
21500572,official_gamerotation_rejected,player_game_facts,1.0,0.0,93.20000000000005,0.0,True,True,0.0,0,0,0,0,False,0.0,93.20000000000005,0.0,True,True,0.0,0,0,0,0,1.0,False,,93.20000000000005,0.0,True,20,False,False
21500624,official_gamerotation_rejected,player_game_facts,0.965,12.0,1200.0,20.0,False,False,111.0,32,0,0,8,False,2.1789737502331263e-05,29.799999999999955,0.0002284956062543,True,True,0.0,7,0,0,0,0.5086192850392673,False,,29.800000000000182,0.0,True,22,False,True
21500699,official_gamerotation_rejected,player_game_facts,1.0,0.0,98.0,7.0,True,True,0.0,0,1,0,0,False,0.0,98.0,7.0,True,True,0.0,0,1,0,0,1.0,False,,98.0,7.0,True,22,False,False
21500786,official_gamerotation_rejected,player_game_facts,0.9996527777777776,0.0246907824791406,1.2000000000002728,1.0124516144983051,True,False,0.0,4,0,0,0,False,0.0247040119704564,0.7999999999999545,1.012497411442844,True,True,0.0,0,0,0,0,1.0,False,,0.7999999999999545,2.0,True,19,False,False
21500814,official_gamerotation_rejected,player_game_facts,1.0,9.566495066337666e-05,0.2999999999999545,0.0004327518346727,True,True,0.0,10,0,0,1,False,9.566495066337666e-05,0.2999999999999545,0.0004327518346727,True,True,0.0,0,0,0,1,1.0,False,,0.2999999999999545,0.0,True,21,False,True
21500916,official_gamerotation_rejected,player_game_facts,0.8830188679245283,6.0,72.2999999999995,2.0,False,False,72.0,28,0,0,2,False,0.0,19.600000000000136,0.0,True,False,0.0,0,0,0,0,0.9931267806267806,False,,19.600000000000136,3.0,True,21,False,False
21501100,official_gamerotation_rejected,player_game_facts,1.0,0.0,7.5,0.0,True,True,0.0,12,0,0,1,False,0.0,7.5,0.0,True,True,0.0,0,0,0,1,1.0,False,,7.5,0.0,True,21,False,True
21501106,official_gamerotation_rejected,player_game_facts,0.9739583333333334,0.463138391285355,616.0,5.0,True,False,75.0,10,0,0,1,False,1.754277617749267e-05,29.0,0.0003296983484593,True,True,0.0,0,0,0,1,0.7700534759358288,False,,29.0,0.0,True,26,False,True
21501203,official_gamerotation_rejected,player_game_facts,1.0,0.0,94.0,0.0,True,True,0.0,0,1,0,0,False,0.0,94.0,0.0,True,True,0.0,0,1,0,0,1.0,False,,94.0,0.0,True,23,False,False
21600021,official_gamerotation,player_game_facts,1.0,0.0001032287406417,0.2000000000002728,0.0005208920319113,True,True,0.0,8,0,0,1,False,6.836562108958333e-05,71.20000000000005,0.0003469915013063,True,True,0.0,0,0,0,0,0.9776729559748428,True,,71.19999999999993,3.0,True,21,True,False
21600066,official_gamerotation_rejected,player_game_facts,1.0,0.0,2.0,0.0,True,True,0.0,0,0,1,0,False,0.0,2.0,0.0,True,True,0.0,0,0,1,0,1.0,False,,2.0,0.0,True,25,False,True
21600068,official_gamerotation_rejected,player_game_facts,1.0,0.0,30.700000000000003,4.0,True,True,0.0,0,0,0,0,False,0.0,30.700000000000003,4.0,True,True,0.0,0,0,0,0,1.0,False,,30.699999999999818,4.0,True,23,False,False
21600081,official_gamerotation_rejected,player_game_facts,0.9981597222222222,0.0,98.5,0.0,True,False,5.0,10,0,0,1,False,0.0,103.80000000000018,0.0,True,True,0.0,0,0,0,0,0.9998608744043684,False,,103.80000000000018,0.0,True,20,False,False
21600122,deterministic_replay,player_game_facts,1.0,0.0,49.6,0.0,True,True,0.0,0,0,0,0,True,0.0,49.6,0.0,True,True,0.0,0,0,0,0,1.0,True,,49.59999999999991,0.0,True,24,True,True
21600160,official_gamerotation_rejected,player_game_facts,1.0,0.0,84.0,2.0,True,True,0.0,0,0,0,0,False,0.0,84.0,2.0,True,True,0.0,0,0,0,0,1.0,False,,84.0,2.0,True,24,False,False
21600246,official_gamerotation_rejected,player_game_facts,1.0,0.0,12.599999999999907,0.0,True,True,0.0,0,0,0,1,False,0.0,12.599999999999907,0.0,True,True,0.0,0,0,0,1,1.0,False,,12.599999999999909,0.0,True,21,False,True
21600267,deterministic_replay,player_game_facts,1.0,0.0,15.0,0.0,True,True,0.0,0,0,0,0,True,0.0,15.0,0.0,True,True,0.0,0,0,0,0,1.0,True,,15.0,0.0,True,20,True,True
21600270,official_gamerotation_rejected,player_game_facts,1.0,0.0001763544074719,285.9000000000001,0.0016791677028464,True,True,0.0,12,0,0,1,False,0.0,19.299999999999955,0.0,True,True,0.0,0,0,0,1,0.9161635220125788,False,,19.300000000000182,0.0,True,19,False,True
21600303,official_gamerotation_rejected,player_game_facts,0.9340277777777778,17.0,190.20000000000005,7.0,False,False,190.0,14,0,0,12,False,0.0,190.0,7.0,True,True,0.0,0,1,0,0,1.0,False,,190.0,7.0,True,22,False,False
21600308,official_gamerotation_rejected,player_game_facts,1.0,0.0,18.399999999999864,0.0,True,True,0.0,0,0,0,1,False,0.0,18.399999999999864,0.0,True,True,0.0,0,0,0,1,1.0,False,,18.399999999999864,2.0,True,18,False,False
21600366,deterministic_replay,player_game_facts,1.0,8.169505903765639e-05,11.799999999999956,0.000645455847279,True,True,0.0,0,0,0,0,True,8.169505903765639e-05,11.799999999999956,0.000645455847279,True,True,0.0,0,0,0,0,1.0,True,,11.799999999999955,1.0,True,22,True,False
21600368,official_gamerotation_rejected,player_game_facts,1.0,3.217534026589419e-05,176.0,1.999990196643572,True,True,0.0,0,1,0,0,False,3.217534026589419e-05,176.0,1.999990196643572,True,True,0.0,0,1,0,0,1.0,False,,176.0,2.0,True,23,False,False
21600474,official_gamerotation_rejected,player_game_facts,1.0,1.422736683309722e-05,18.0,0.000397904187011,True,True,0.0,0,0,0,1,False,1.422736683309722e-05,18.0,0.000397904187011,True,True,0.0,0,0,0,1,1.0,False,,18.0,0.0,True,25,False,True
21600505,official_gamerotation_rejected,player_game_facts,1.0,0.0,119.0,3.0,True,True,0.0,0,1,0,0,False,0.0,119.0,3.0,True,True,0.0,0,1,0,0,1.0,False,,119.0,3.0,True,23,False,False
21600507,official_gamerotation_rejected,player_game_facts,1.0,0.0001969290150185,0.2999999999998408,0.0024361190390713,True,True,0.0,4,0,0,1,False,0.0001969290150185,0.3000000000000682,0.0024361190390713,True,True,0.0,0,0,0,1,1.0,False,,0.29999999999984084,0.0,True,23,False,True
21600599,official_gamerotation_rejected,player_game_facts,1.0,0.0,45.5,2.0,True,True,0.0,0,0,0,0,False,0.0,45.5,2.0,True,True,0.0,0,0,0,0,1.0,False,,45.5,2.0,True,25,False,False
21600612,official_gamerotation_rejected,player_game_facts,1.0,0.0,24.0,0.0,True,True,0.0,10,0,0,1,False,0.0,24.0,0.0,True,True,0.0,0,0,0,1,1.0,False,,24.0,0.0,True,19,False,True
21600796,official_gamerotation_rejected,player_game_facts,1.0,0.0,67.0,1.0,True,True,0.0,0,0,0,0,False,0.0,67.0,1.0,True,True,0.0,0,0,0,0,1.0,False,,67.0,1.0,True,22,False,False
21600896,official_gamerotation_rejected,player_game_facts,1.0,0.0037380906786239,19.0,1.4799218467728696,True,True,0.0,0,1,0,0,False,0.0037380906786239,19.0,1.4799218467728696,True,True,0.0,0,1,0,0,1.0,False,,19.0,0.0,True,25,False,True
21600977,official_gamerotation_rejected,player_game_facts,1.0,0.0,92.0,2.0,True,True,0.0,0,1,0,0,False,0.0,92.0,2.0,True,True,0.0,0,1,0,0,1.0,False,,92.0,2.0,True,24,False,False
21601128,official_gamerotation_rejected,player_game_facts,1.0,0.0,174.0,4.0,True,True,0.0,0,1,0,0,False,0.0,174.0,4.0,True,True,0.0,0,1,0,0,1.0,False,,174.0,4.0,True,21,False,False
21601156,official_gamerotation_rejected,player_game_facts,1.0,0.0,257.0,1.0,True,True,0.0,0,1,1,0,False,0.0,257.0,1.0,True,True,0.0,0,1,1,0,1.0,False,,257.0,1.0,True,24,False,False
21601179,official_gamerotation_rejected,player_game_facts,1.0,0.0,116.0,6.0,True,True,0.0,0,1,0,0,False,0.0,116.0,6.0,True,True,0.0,0,1,0,0,1.0,False,,116.0,6.0,True,23,False,False
21700202,official_gamerotation_rejected,player_game_facts,1.0,0.0001559738009149,93.0,2.0004667739688533,True,True,0.0,0,2,0,0,False,0.0001559738009149,93.0,2.0004667739688533,True,True,0.0,0,2,0,0,1.0,False,,93.0,2.0,True,23,False,False
21700211,deterministic_replay,player_game_facts,1.0,0.0026689814257423,0.2000000000000454,0.0096018538375872,True,True,0.0,0,0,0,0,True,0.0026689814257423,0.2000000000000454,0.0096018538375872,True,True,0.0,0,0,0,0,1.0,True,,0.20000000000004547,0.0,True,23,True,True
21700251,official_gamerotation_rejected,player_game_facts,1.0,0.0,130.0,6.0,True,True,0.0,0,1,0,0,False,0.0,130.0,6.0,True,True,0.0,0,1,0,0,1.0,False,,130.0,6.0,True,22,False,False
21700334,official_gamerotation_rejected,player_game_facts,1.0,0.0511674328594011,4.2999999999999545,0.5466420843137727,True,True,0.0,0,0,0,0,False,0.0511674328594011,4.2999999999999545,0.5466420843137727,True,True,0.0,0,0,0,0,1.0,False,,4.300000000000182,2.0,True,20,False,False
21700338,official_gamerotation_rejected,player_game_facts,1.0,0.0,95.0,1.0,True,True,0.0,0,1,0,0,False,0.0,95.0,1.0,True,True,0.0,0,1,0,0,1.0,False,,95.0,1.0,True,25,False,False
21700360,official_gamerotation_rejected,player_game_facts,0.9010416666666666,18.0,455.0,3.0,False,False,285.0,4,0,0,15,False,0.0,20.0,0.0,True,True,0.0,0,0,0,1,0.8323699421965318,False,,20.0,0.0,True,19,False,True
21700494,deterministic_replay,player_game_facts,1.0,0.0,19.200000000000045,0.0,True,True,0.0,0,0,0,0,True,0.0,19.200000000000045,0.0,True,True,0.0,0,0,0,0,1.0,True,,19.200000000000045,2.0,True,21,True,False
21700504,official_gamerotation_rejected,player_game_facts,1.0,0.0,0.2999999999997271,0.0,True,True,0.0,40,0,0,1,False,0.0,0.2999999999999545,0.0,True,True,0.0,0,0,0,1,0.9997222222222224,False,,0.29999999999972715,0.0,True,19,False,True
21700509,deterministic_replay,player_game_facts,1.0,0.0,7.599999999999909,0.0,True,True,0.0,0,0,0,0,True,0.0,7.599999999999909,0.0,True,True,0.0,0,0,0,0,1.0,True,,7.599999999999909,2.0,True,19,True,False
21700653,official_gamerotation_rejected,player_game_facts,1.0,0.0264739994806859,0.2000000000000454,0.6547619416348454,True,True,0.0,0,0,0,0,False,0.0264739994806859,0.2000000000000454,0.6547619416348454,True,True,0.0,0,0,0,0,1.0,False,,0.20000000000004547,0.0,True,26,False,True
21700796,official_gamerotation,player_game_facts,0.9997569444444444,0.0,30.0,0.0,True,False,0.0,4,0,0,0,False,0.0,29.59999999999991,0.0,True,True,0.0,0,1,0,0,1.0,True,,29.59999999999991,0.0,True,21,True,True
21700837,official_gamerotation_rejected,player_game_facts,1.0,0.0,72.0,6.0,True,True,0.0,0,1,0,0,False,0.0,72.0,6.0,True,True,0.0,0,1,0,0,1.0,False,,72.0,6.0,True,19,False,False
21700918,official_gamerotation_rejected,player_game_facts,1.0,0.0,76.79999999999995,0.0,True,True,0.0,4,0,0,0,False,0.0,76.79999999999995,0.0,True,True,0.0,0,0,0,0,1.0,False,,76.79999999999995,0.0,True,18,False,False
21701002,official_gamerotation_rejected,player_game_facts,1.0,0.0,60.0,2.0,True,True,0.0,0,1,0,0,False,0.0,60.0,2.0,True,True,0.0,0,1,0,0,1.0,False,,60.0,2.0,True,24,False,False
21701026,official_gamerotation_rejected,player_game_facts,1.0,0.0,15.8,2.0,True,True,0.0,0,0,0,0,False,0.0,15.8,2.0,True,True,0.0,0,0,0,0,1.0,False,,15.800000000000182,3.0,True,20,False,False
21701053,official_gamerotation_rejected,player_game_facts,1.0,0.0,8.600000000000136,0.0,True,True,0.0,14,0,0,1,False,0.0,8.599999999999909,0.0,True,True,0.0,0,0,0,1,0.9998263888888888,False,,8.600000000000136,0.0,True,19,False,True
21701152,official_gamerotation,player_game_facts,0.9991194968553458,0.0,3.099999999999909,0.0,True,False,3.0,36,0,0,2,False,0.0,0.7000000000000455,0.0,True,True,0.0,0,0,0,0,1.0,True,,0.6999999999998181,3.0,True,20,True,False
21701180,official_gamerotation_rejected,player_game_facts,1.0,0.0,106.0,0.0,True,True,0.0,0,0,0,0,False,0.0,106.0,0.0,True,True,0.0,0,0,0,0,1.0,False,,106.0,0.0,True,18,False,False
21701207,official_gamerotation_rejected,player_game_facts,1.0,2.956065311821021e-05,720.0,0.0001127987144391,True,True,0.0,0,0,0,0,False,2.956065311821021e-05,720.0,0.0001127987144391,True,True,0.0,0,0,0,0,1.0,False,,720.0,0.0,False,24,False,False
21800328,official_gamerotation_rejected,player_game_facts,1.0,0.0,5.0,0.0,True,True,0.0,16,0,0,1,False,0.0,5.0,0.0,True,True,0.0,0,0,0,1,1.0,False,,5.0,0.0,True,24,False,True
21800523,official_gamerotation_rejected,player_game_facts,1.0,2.843116824635672e-05,0.2999999999997271,0.5002415861406213,True,True,0.0,4,0,0,1,False,2.832689327192384e-05,0.2999999999999545,0.500233895324337,True,True,0.0,0,0,0,1,1.0,False,,0.29999999999972715,0.0,True,22,False,True
21800721,official_gamerotation_rejected,player_game_facts,1.0,9.907636169259604e-05,0.2000000000002728,0.0010864720179925,True,True,0.0,4,0,0,1,False,9.907636169259604e-05,0.2000000000002728,0.0010864720179925,True,True,0.0,0,0,0,1,1.0,False,,0.20000000000027285,0.0,True,21,False,True
21800780,official_gamerotation_rejected,player_game_facts,1.0,0.0,108.0,3.0,True,True,0.0,0,1,0,0,False,0.0,108.0,3.0,True,True,0.0,0,1,0,0,1.0,False,,108.0,3.0,True,22,False,False
21800822,official_gamerotation_rejected,player_game_facts,1.0,2.305964120807857e-05,17.0,0.0002133609536816,True,True,0.0,0,0,0,1,False,2.305964120807857e-05,17.0,0.0002133609536816,True,True,0.0,0,0,0,1,1.0,False,,17.0,0.0,True,20,False,True
21800832,deterministic_replay,player_game_facts,1.0,0.0,3.599999999999909,0.0,True,True,0.0,0,0,0,0,True,0.0,3.599999999999909,0.0,True,True,0.0,0,0,0,0,1.0,True,,3.5999999999996817,0.0,True,19,True,True
21800836,official_gamerotation_rejected,player_game_facts,0.9065972222222224,25.0,288.0,9.0,False,False,269.0,0,0,0,12,False,0.0,54.19999999999982,0.0,True,True,0.0,0,0,0,1,1.0,False,,54.19999999999982,1.0,True,20,False,False
21800921,official_gamerotation_rejected,player_game_facts,1.0,0.0,79.0,4.0,True,True,0.0,10,0,0,0,False,0.0,79.0,4.0,True,True,0.0,0,0,0,0,1.0,False,,79.0,4.0,True,23,False,False
21801061,official_gamerotation_rejected,player_game_facts,1.0,0.0,81.0,2.0,True,True,0.0,0,0,0,0,False,0.0,81.0,2.0,True,True,0.0,0,0,0,0,1.0,False,,81.0,2.0,True,21,False,False
21801123,official_gamerotation_rejected,player_game_facts,1.0,2.175514464397565e-05,0.2999999999997271,0.0003719781063908,True,True,0.0,2,0,0,1,False,2.175514464397565e-05,0.2999999999997271,0.0003719781063908,True,True,0.0,0,0,0,1,1.0,False,,0.29999999999972715,0.0,True,23,False,True
21801125,official_gamerotation_rejected,player_game_facts,1.0,7.474007128394078e-05,347.79999999999995,0.0015012967829228,True,True,0.0,2,0,2,3,False,2.1261084313550785e-05,0.2999999999999545,0.0006278038756057,True,True,0.0,0,0,0,1,0.8791666666666667,False,,0.29999999999972715,0.0,True,24,False,True
21900009,official_gamerotation_rejected,player_game_facts,1.0,0.0,37.09999999999991,3.0,True,True,0.0,20,0,0,0,False,0.0,37.1,3.0,True,True,0.0,0,0,0,0,1.0,False,,37.09999999999991,3.0,True,22,False,False
21900011,deterministic_replay,player_game_facts,1.0000000000000002,0.0,2.800000000000068,0.0,True,True,0.0,0,60,0,0,True,0.0,2.800000000000068,0.0,True,True,0.0,0,60,0,0,1.0,True,,2.800000000000068,1.0,True,20,True,False
21900012,deterministic_replay,player_game_facts,1.0,0.0,22.0,0.0,True,True,0.0,0,52,0,0,True,0.0,22.0,0.0,True,True,0.0,0,52,0,0,1.0,True,,22.0,0.0,True,26,True,True
21900014,deterministic_replay,player_game_facts,1.0,0.0001422701894142,16.0,0.0013326189121478,True,True,0.0,0,56,0,0,True,0.0001422701894142,16.0,0.0013326189121478,True,True,0.0,0,56,0,0,1.0,True,,16.0,1.0,True,21,True,False
21900018,deterministic_replay,player_game_facts,1.0,0.0,21.5,0.0,True,True,0.0,0,57,0,0,True,0.0,21.5,0.0,True,True,0.0,0,57,0,0,1.0,True,,21.5,0.0,True,26,True,True
21900023,deterministic_replay,player_game_facts,1.0,5.896252081072362e-05,25.5,0.0007348665380453,True,True,0.0,0,60,0,0,True,5.896252081072362e-05,25.5,0.0007348665380453,True,True,0.0,0,60,0,0,1.0,True,,25.5,0.0,True,20,True,True
21900026,deterministic_replay,player_game_facts,1.0,0.0,22.0,0.0,True,True,0.0,0,78,0,0,True,0.0,22.0,0.0,True,True,0.0,0,78,0,0,1.0,True,,22.0,3.0,True,21,True,False
21900029,deterministic_replay,player_game_facts,1.0,1.6694697805519354e-05,0.3000000000000113,0.0002065100411208,True,True,0.0,0,58,0,0,True,1.6694697805519354e-05,0.3000000000000113,0.0002065100411208,True,True,0.0,0,58,0,0,1.0,True,,0.2999999999999545,0.0,True,25,True,True
21900030,deterministic_replay,player_game_facts,1.0000000000000002,1.973835416890779e-05,0.2999999999997271,0.0002167375076815,True,True,0.0,0,45,0,0,True,1.973835416890779e-05,0.2999999999997271,0.0002167375076815,True,True,0.0,0,45,0,0,1.0,True,,0.29999999999972715,0.0,True,22,True,True
21900040,official_gamerotation_rejected,player_game_facts,1.0,0.0,72.0,3.0,True,True,0.0,0,51,0,0,False,0.0,72.0,3.0,True,True,0.0,0,51,0,0,1.0,False,,72.0,3.0,True,25,False,False
21900043,deterministic_replay,player_game_facts,1.0,0.0,0.2999999999999545,0.0,True,True,0.0,0,76,0,0,True,0.0,0.2999999999999545,0.0,True,True,0.0,0,76,0,0,1.0,True,,0.2999999999999545,0.0,True,23,True,True
21900045,deterministic_replay,player_game_facts,1.0,0.0,0.3000000000000113,0.0,True,True,0.0,0,51,0,0,True,0.0,0.3000000000000113,0.0,True,True,0.0,0,51,0,0,1.0,True,,0.2999999999999545,0.0,True,21,True,True
21900046,official_gamerotation_rejected,player_game_facts,1.0,0.0,12.0,0.0,True,True,0.0,0,62,0,1,False,0.0,12.0,0.0,True,True,0.0,0,62,0,1,1.0,False,,12.0,0.0,True,23,False,True
21900051,deterministic_replay,player_game_facts,1.0,0.0,15.800000000000011,0.0,True,True,0.0,0,54,0,0,True,0.0,15.800000000000011,0.0,True,True,0.0,0,54,0,0,1.0,True,,15.799999999999955,0.0,True,23,True,True
21900055,deterministic_replay,player_game_facts,1.0,2.069645989877245e-05,0.2999999999999545,9.881378918108474e-05,True,True,0.0,0,56,0,0,True,2.069645989877245e-05,0.2999999999999545,9.881378918108474e-05,True,True,0.0,0,56,0,0,1.0,True,,0.2999999999994998,1.0,True,19,True,False
21900058,deterministic_replay,player_game_facts,1.0,0.0,22.0,0.0,True,True,0.0,0,58,0,0,True,0.0,22.0,0.0,True,True,0.0,0,58,0,0,1.0,True,,22.0,0.0,True,22,True,True
21900068,deterministic_replay,player_game_facts,1.0,2.301196155940488e-05,0.3000000000000682,0.0002249536373533,True,True,0.0,0,56,0,0,True,2.301196155940488e-05,0.3000000000000682,0.0002249536373533,True,True,0.0,0,56,0,0,1.0,True,,0.2999999999999545,0.0,True,21,True,True
21900071,deterministic_replay,player_game_facts,1.0,3.57664018935111e-05,0.2000000000000454,0.0003609747279806,True,True,0.0,0,51,0,0,True,3.57664018935111e-05,0.2000000000000454,0.0003609747279806,True,True,0.0,0,51,0,0,1.0,True,,0.20000000000004547,0.0,True,26,True,True
21900083,deterministic_replay,player_game_facts,1.0,0.0,28.399999999999977,0.0,True,True,0.0,0,60,0,0,True,0.0,28.399999999999977,0.0,True,True,0.0,0,60,0,0,1.0,True,,28.399999999999864,0.0,True,19,True,True
21900085,deterministic_replay,player_game_facts,1.0,7.964058097797988e-05,0.3000000000001819,0.0005081477446275,True,True,0.0,0,55,0,0,True,7.964058097797988e-05,0.3000000000001819,0.0005081477446275,True,True,0.0,0,55,0,0,1.0,True,,0.2999999999999545,0.0,True,21,True,True
21900091,deterministic_replay,player_game_facts,1.0,0.0,6.0,0.0,True,True,0.0,0,46,0,0,True,0.0,6.0,0.0,True,True,0.0,0,46,0,0,1.0,True,,6.0,0.0,True,23,True,True
21900096,deterministic_replay,player_game_facts,1.0,5.194545391873362e-05,0.2999999999999545,0.000580242619959,True,True,0.0,0,47,0,0,True,5.194545391873362e-05,0.2999999999999545,0.000580242619959,True,True,0.0,0,47,0,0,1.0,True,,0.2999999999999545,0.0,True,19,True,True
21900097,deterministic_replay,player_game_facts,1.0,0.0,28.0,0.0,True,True,0.0,0,47,0,0,True,0.0,28.0,0.0,True,True,0.0,0,47,0,0,1.0,True,,28.0,0.0,True,20,True,True
21900099,deterministic_replay,player_game_facts,1.0,7.443444616228589e-06,0.2999999999999545,0.000125040776572,True,True,0.0,0,61,0,0,True,7.443444616228589e-06,0.2999999999999545,0.000125040776572,True,True,0.0,0,61,0,0,1.0,True,,0.2999999999999545,0.0,True,22,True,True
21900103,deterministic_replay,player_game_facts,1.0,1.4184132211880753e-05,35.0,0.0005742745800594,True,True,0.0,0,46,0,0,True,1.4184132211880753e-05,35.0,0.0005742745800594,True,True,0.0,0,46,0,0,1.0,True,,35.0,0.0,True,23,True,True
21900120,deterministic_replay,player_game_facts,1.0,0.0,37.79999999999996,0.0,True,True,0.0,0,64,0,0,True,0.0,37.79999999999996,0.0,True,True,0.0,0,64,0,0,1.0,True,,37.799999999999955,0.0,True,20,True,True
21900122,deterministic_replay,player_game_facts,1.0000000000000002,0.0,4.2000000000000455,0.0,True,True,0.0,0,55,0,0,True,0.0,4.2000000000000455,0.0,True,True,0.0,0,55,0,0,1.0,True,,4.2000000000003865,2.0,True,20,True,False
21900123,deterministic_replay,player_game_facts,1.0,0.0,0.2999999999999545,0.0,True,True,0.0,0,50,0,0,True,0.0,0.2999999999999545,0.0,True,True,0.0,0,50,0,0,1.0,True,,0.2999999999999545,0.0,True,21,True,True
21900124,deterministic_replay,player_game_facts,1.0,0.0,25.09999999999991,0.0,True,True,0.0,0,62,0,0,True,0.0,25.09999999999991,0.0,True,True,0.0,0,62,0,0,1.0,True,,25.09999999999991,0.0,True,21,True,True
21900127,deterministic_replay,player_game_facts,1.0,4.524892844415263e-05,0.3000000000001819,0.0003795491269311,True,True,0.0,0,62,0,0,True,4.524892844415263e-05,0.3000000000001819,0.0003795491269311,True,True,0.0,0,62,0,0,1.0,True,,0.2999999999999545,0.0,True,26,True,True
21900128,deterministic_replay,player_game_facts,1.0,0.0,7.0,0.0,True,True,0.0,0,52,0,0,True,0.0,7.0,0.0,True,True,0.0,0,52,0,0,1.0,True,,7.000000000000227,0.0,True,21,True,True
21900134,deterministic_replay,player_game_facts,1.0,0.0,18.0,0.0,True,True,0.0,0,52,0,0,True,0.0,18.0,0.0,True,True,0.0,0,52,0,0,1.0,True,,18.0,0.0,True,22,True,True
21900142,deterministic_replay,player_game_facts,1.0,5.4315744321797865e-05,0.2000000000002728,0.0006319053297634,True,True,0.0,0,49,0,0,True,5.4315744321797865e-05,0.2000000000002728,0.0006319053297634,True,True,0.0,0,49,0,0,1.0,True,,0.20000000000027285,0.0,True,20,True,True
21900237,official_gamerotation_rejected,player_game_facts,1.0,0.0,36.09999999999991,2.0,True,True,0.0,12,0,0,0,False,0.0,36.1,2.0,True,True,0.0,0,0,0,0,1.0,False,,36.09999999999991,2.0,True,22,False,False
21900318,official_gamerotation,player_game_facts,0.9983333333333332,5.679790660906292e-06,5.000000000000455,1.0002171333910592,True,False,5.0,0,0,0,0,False,0.0,4.7999999999999545,0.0,True,True,0.0,0,0,0,0,1.0,True,,4.7999999999999545,0.0,True,19,True,True
21900339,official_gamerotation_rejected,player_game_facts,1.0,0.0004036759562069,134.0,1.995700775470016,True,True,0.0,12,0,0,0,False,0.0004036759562069,134.0,1.995700775470016,True,True,0.0,0,0,0,0,1.0,False,,134.0,2.0,True,23,False,False
21900366,official_gamerotation,player_game_facts,0.9975786163522014,0.0003272075893363,7.999999999999886,0.0031420804300319,True,False,8.0,16,0,0,0,False,0.0,7.599999999999909,0.0,True,True,0.0,0,0,0,0,1.0,True,,7.599999999999682,0.0,True,22,True,True
21900480,official_gamerotation_rejected,player_game_facts,1.0,0.0,55.90000000000009,3.0,True,True,0.0,8,0,0,0,False,0.0,55.9,3.0,True,True,0.0,0,0,0,0,1.0,False,,55.90000000000009,3.0,True,24,False,False
21900503,official_gamerotation_rejected,player_game_facts,1.0,0.0001338855371244,100.79999999999995,0.0013018021661306,True,True,0.0,8,0,0,1,False,0.0,99.80000000000018,0.0,True,True,0.0,0,0,0,0,0.9638194444444446,False,,99.80000000000018,2.0,True,20,False,False
21900530,official_gamerotation_rejected,player_game_facts,1.0,0.0,16.999999999999545,2.0,True,True,0.0,42,0,0,0,False,0.0,17.0,2.0,True,True,0.0,0,0,0,0,0.9996540880503144,False,,16.999999999999545,2.0,True,21,False,False
21900820,deterministic_replay,player_game_facts,1.0,6.6397299463005766e-06,21.0,0.0003818683329921,True,True,0.0,0,49,0,0,True,6.6397299463005766e-06,21.0,0.0003818683329921,True,True,0.0,0,49,0,0,1.0,True,,21.0,1.0,True,24,True,False
21900825,official_gamerotation_rejected,player_game_facts,1.0,5.176010435548051e-05,0.2999999999999545,0.001208013754729,True,True,0.0,2,0,0,1,False,5.176010435548051e-05,0.2999999999999545,0.001208013754729,True,True,0.0,0,0,0,1,1.0,False,,0.2999999999999545,0.0,True,22,False,True
21900839,deterministic_replay,player_game_facts,1.0,0.0,5.0,0.0,True,True,0.0,0,57,0,0,True,0.0,5.0,0.0,True,True,0.0,0,57,0,0,1.0,True,,5.0,0.0,True,21,True,True
21900840,deterministic_replay,player_game_facts,1.0,6.281424232668087e-05,7.599999999999909,0.0004649040498332,True,True,0.0,0,55,0,0,True,6.281424232668087e-05,7.599999999999909,0.0004649040498332,True,True,0.0,0,55,0,0,1.0,True,,7.599999999999909,0.0,True,25,True,True
21900842,deterministic_replay,player_game_facts,1.0000000000000002,0.0,12.199999999999989,0.0,True,True,0.0,0,47,0,0,True,0.0,12.199999999999989,0.0,True,True,0.0,0,47,0,0,1.0,True,,12.199999999999989,2.0,True,21,True,False
21900851,deterministic_replay,player_game_facts,1.0,0.0,18.0,0.0,True,True,0.0,0,61,0,0,True,0.0,18.0,0.0,True,True,0.0,0,61,0,0,1.0,True,,18.0,0.0,True,20,True,True
21900864,deterministic_replay,player_game_facts,1.0,0.0,15.299999999999956,0.0,True,True,0.0,0,42,0,0,True,0.0,15.299999999999956,0.0,True,True,0.0,0,42,0,0,1.0,True,,15.300000000000182,0.0,True,20,True,True
21900866,deterministic_replay,player_game_facts,1.0,0.0,0.2999999999999545,0.0,True,True,0.0,0,53,0,0,True,0.0,0.2999999999999545,0.0,True,True,0.0,0,53,0,0,1.0,True,,0.29999999999972715,0.0,True,20,True,True
21900868,deterministic_replay,player_game_facts,1.0,0.0,13.799999999999956,0.0,True,True,0.0,0,65,0,0,True,0.0,13.799999999999956,0.0,True,True,0.0,0,65,0,0,1.0,True,,13.799999999999727,2.0,True,19,True,False
21900871,official_gamerotation_rejected,player_game_facts,1.0,0.0,4.0,0.0,True,True,0.0,0,51,0,1,False,0.0,4.0,0.0,True,True,0.0,0,51,0,1,1.0,False,,4.0,0.0,True,19,False,True
21900872,deterministic_replay,player_game_facts,1.0,1.596370722722895e-05,0.3000000000001819,0.0001545043843833,True,True,0.0,0,38,0,0,True,1.596370722722895e-05,0.3000000000001819,0.0001545043843833,True,True,0.0,0,38,0,0,1.0,True,,0.3000000000001819,0.0,True,18,True,True
21900879,official_gamerotation_rejected,player_game_facts,1.0,104.0,19.0,10.0,False,True,0.0,46,26,0,0,False,104.0,19.0,10.0,False,True,0.0,46,26,0,0,1.0,False,,19.0,0.0,True,18,False,True
21900881,official_gamerotation_rejected,player_game_facts,1.0,151.0,11.20000000000016,14.0,False,True,0.0,80,7,0,0,False,151.0,11.20000000000016,14.0,False,True,0.0,80,7,0,0,1.0,False,,11.20000000000016,3.0,True,19,False,False
21900889,deterministic_replay,player_game_facts,1.0000000000000002,0.0,9.0,0.0,True,True,0.0,0,60,0,0,True,0.0,9.0,0.0,True,True,0.0,0,60,0,0,1.0,True,,9.0,0.0,True,19,True,True
21900894,deterministic_replay,player_game_facts,1.0,0.0,4.0,0.0,True,True,0.0,0,48,0,0,True,0.0,4.0,0.0,True,True,0.0,0,48,0,0,1.0,True,,4.0,3.0,True,19,True,False
21900899,deterministic_replay,player_game_facts,1.0,0.0,6.0,0.0,True,True,0.0,0,41,0,0,True,0.0,6.0,0.0,True,True,0.0,0,41,0,0,1.0,True,,6.0,1.0,True,20,True,False
21900901,deterministic_replay,player_game_facts,1.0,0.0,18.0,0.0,True,True,0.0,0,57,0,0,True,0.0,18.0,0.0,True,True,0.0,0,57,0,0,1.0,True,,18.0,0.0,True,20,True,True
21900906,deterministic_replay,player_game_facts,1.0,0.0,15.0,0.0,True,True,0.0,0,54,0,0,True,0.0,15.0,0.0,True,True,0.0,0,54,0,0,1.0,True,,15.0,0.0,True,24,True,True
21900910,official_gamerotation,player_game_facts,0.9967295597484276,5.0,10.700000000000044,5.0,False,False,11.0,6,0,0,0,False,0.0,10.599999999999907,0.0,True,True,0.0,0,0,0,0,1.0,True,,10.599999999999909,2.0,True,24,True,False
21900922,deterministic_replay,player_game_facts,1.0,0.0,7.899999999999864,0.0,True,True,0.0,0,55,0,0,True,0.0,7.899999999999864,0.0,True,True,0.0,0,55,0,0,1.0,True,,7.900000000000091,2.0,True,21,True,False
21900923,deterministic_replay,player_game_facts,1.0,0.0,8.600000000000136,0.0,True,True,0.0,0,54,0,0,True,0.0,8.600000000000136,0.0,True,True,0.0,0,54,0,0,1.0,True,,8.599999999999909,0.0,True,20,True,True
21900926,deterministic_replay,player_game_facts,1.0,0.0,29.69999999999993,0.0,True,True,0.0,0,61,0,0,True,0.0,29.69999999999993,0.0,True,True,0.0,0,61,0,0,1.0,True,,29.699999999999818,0.0,True,18,True,True
21900946,deterministic_replay,player_game_facts,1.0,7.521889793338232e-05,0.599999999999909,0.0007767780672622,True,True,0.0,0,60,0,0,True,7.521889793338232e-05,0.599999999999909,0.0007767780672622,True,True,0.0,0,60,0,0,1.0,True,,0.5999999999994543,3.0,True,19,True,False
21900961,deterministic_replay,player_game_facts,1.0,0.0,12.0,0.0,True,True,0.0,0,55,0,0,True,0.0,12.0,0.0,True,True,0.0,0,55,0,0,1.0,True,,12.0,0.0,True,23,True,True
21900962,deterministic_replay,player_game_facts,1.0,2.0610827860423345e-05,0.2999999999999545,0.0001890636834671,True,True,0.0,0,56,0,0,True,2.0610827860423345e-05,0.2999999999999545,0.0001890636834671,True,True,0.0,0,56,0,0,1.0,True,,0.2999999999999545,0.0,True,17,True,True
21900964,deterministic_replay,player_game_facts,1.0000000000000002,0.0,0.2999999999999545,0.0,True,True,0.0,0,58,0,0,True,0.0,0.2999999999999545,0.0,True,True,0.0,0,58,0,0,1.0,True,,0.29999999999972715,0.0,True,20,True,True
21900966,deterministic_replay,player_game_facts,1.0,2.7511448507766545e-05,0.2000000000002728,0.0002973133828838,True,True,0.0,0,38,0,0,True,2.7511448507766545e-05,0.2000000000002728,0.0002973133828838,True,True,0.0,0,38,0,0,1.0,True,,0.20000000000027285,0.0,True,20,True,True
21901281,official_gamerotation,player_game_facts,0.9968965517241378,6.0,30.300000000000185,4.0,False,False,11.0,54,0,0,0,False,0.0,20.799999999999955,0.0,True,True,0.0,0,0,0,0,1.0,True,,20.799999999999272,2.0,True,21,True,False
22000059,official_gamerotation_rejected,player_game_facts,1.0,0.0,24.09999999999991,0.0,True,True,0.0,4,0,0,1,False,0.0,24.09999999999991,0.0,True,True,0.0,0,0,0,1,1.0,False,,24.09999999999991,0.0,True,26,False,True
22000072,official_gamerotation_rejected,player_game_facts,0.9788194444444444,7.0,177.0,3.0,False,False,61.0,18,0,0,3,False,0.0,177.0,2.0,True,True,0.0,0,0,0,0,1.0,False,,177.0,2.0,True,27,False,False
22000098,official_gamerotation_rejected,player_game_facts,1.0,0.0,68.0,1.0,True,True,0.0,14,0,0,0,False,0.0,68.0,1.0,True,True,0.0,0,0,0,0,1.0,False,,68.0,1.0,True,22,False,False
22000124,official_gamerotation_rejected,player_game_facts,1.0,4.045874855762577e-05,0.2999999999999545,0.0005720532629895,True,True,0.0,6,0,0,1,False,4.045874855762577e-05,0.3000000000000682,0.0005720532629895,True,True,0.0,0,0,0,1,1.0,False,,0.2999999999999545,0.0,True,21,False,True
22000232,official_gamerotation_rejected,player_game_facts,1.0,5.585214168490893e-05,156.0,1.9996422676950845,True,True,0.0,8,0,0,0,False,5.585214168490893e-05,156.0,1.9996422676950845,True,True,0.0,0,0,0,0,1.0,False,,156.0,2.0,True,23,False,False
22000299,official_gamerotation_rejected,player_game_facts,1.0,0.0,72.60000000000014,2.0,True,True,0.0,14,0,0,0,False,0.0,72.6,2.0,True,True,0.0,0,0,0,0,1.0,False,,72.60000000000014,2.0,True,23,False,False
22000300,official_gamerotation_rejected,player_game_facts,1.0,3.572516200733844e-05,0.2000000000000454,0.0007887875802676,True,True,0.0,0,0,0,1,False,3.572516200733844e-05,0.2000000000000454,0.0007887875802676,True,True,0.0,0,0,0,1,1.0,False,,0.20000000000004547,0.0,True,25,False,True
22000340,official_gamerotation_rejected,player_game_facts,1.0,6.11266541028499e-05,0.2000000000000454,0.0009828702103291,True,True,0.0,2,0,0,1,False,6.11266541028499e-05,0.2000000000000454,0.0009828702103291,True,True,0.0,0,0,0,1,1.0,False,,0.20000000000004547,0.0,True,21,False,True
22000478,official_gamerotation_rejected,player_game_facts,1.0,0.0,182.0,3.0,True,True,0.0,8,0,0,0,False,0.0,182.0,3.0,True,True,0.0,0,0,0,0,1.0,False,,182.0,3.0,True,23,False,False
22000496,official_gamerotation_rejected,player_game_facts,0.988611111111111,8.0,33.0,5.0,False,False,32.0,18,0,0,0,False,0.0,32.799999999999955,1.0,True,True,0.0,0,0,0,0,1.0,False,,32.799999999999955,1.0,True,20,False,False
22100058,official_gamerotation_rejected,player_game_facts,1.0,0.0,54.40000000000009,5.0,True,True,0.0,12,0,0,0,False,0.0,54.400000000000006,5.0,True,True,0.0,0,0,0,0,1.0,False,,54.40000000000009,5.0,True,26,False,False
22100072,official_gamerotation_rejected,player_game_facts,1.0,0.0,51.69999999999982,2.0,True,True,0.0,22,0,0,0,False,0.0,51.7,2.0,True,True,0.0,0,0,0,0,1.0,False,,51.69999999999982,2.0,True,22,False,False
22100074,official_gamerotation_rejected,player_game_facts,1.0,3.373493966307706e-05,720.0,0.0005802284760427,True,True,0.0,12,0,0,1,False,0.0,720.0,0.0,True,True,0.0,0,0,0,0,0.9929861111111112,False,,720.0,4.0,False,21,False,False
22100121,official_gamerotation_rejected,player_game_facts,1.0,5.818833329840345e-05,0.2000000000002728,0.0005124963637079,True,True,0.0,14,0,0,1,False,5.818833329840345e-05,0.2000000000002728,0.0005124963637079,True,True,0.0,0,0,0,1,1.0,False,,0.20000000000027285,0.0,True,24,False,True
22100189,official_gamerotation_rejected,player_game_facts,1.0,0.0,18.200000000000045,0.0,True,True,0.0,0,0,0,1,False,0.0,18.200000000000045,0.0,True,True,0.0,0,0,0,1,1.0,False,,18.200000000000045,0.0,True,19,False,True
22100266,official_gamerotation_rejected,player_game_facts,1.0,0.0,25.90000000000009,3.0,True,True,0.0,18,0,0,0,False,0.0,25.90000000000009,3.0,True,True,0.0,0,0,0,0,0.999748427672956,False,,25.90000000000009,3.0,True,22,False,False
22100475,official_gamerotation_rejected,player_game_facts,1.0,0.0001011788044991,88.0,1.0002078971576935,True,True,0.0,8,0,0,0,False,0.0001011788044991,88.0,1.0002078971576935,True,True,0.0,0,0,0,0,1.0,False,,88.0,1.0,True,24,False,False
22100485,official_gamerotation_rejected,player_game_facts,0.9850694444444444,0.0001597660527039,447.1999999999998,0.0015007463544716,True,False,43.0,18,0,0,3,False,5.166511959942e-05,0.2999999999999545,0.0003061096253227,True,True,0.0,0,0,0,1,0.8575960521677829,False,,0.2999999999999545,0.0,True,20,False,True
22100488,official_gamerotation_rejected,player_game_facts,1.0,0.0,116.0,5.0,True,True,0.0,2,0,0,0,False,0.0,116.0,5.0,True,True,0.0,0,0,0,0,1.0,False,,116.0,5.0,True,22,False,False
22100527,official_gamerotation_rejected,player_game_facts,1.0,0.0,184.0,1.0,True,True,0.0,6,0,0,0,False,0.0,184.0,1.0,True,True,0.0,0,0,0,0,1.0,False,,184.0,1.0,True,26,False,False
22100555,official_gamerotation_rejected,player_game_facts,1.0,0.0,30.0,0.0,True,True,0.0,0,0,0,1,False,0.0,30.0,0.0,True,True,0.0,0,0,0,1,1.0,False,,30.0,2.0,True,19,False,False
22100558,official_gamerotation_rejected,player_game_facts,1.0,0.0,27.0,0.0,True,True,0.0,4,0,0,2,False,0.0,27.0,0.0,True,True,0.0,0,0,0,2,1.0,False,,27.0,0.0,True,25,False,True
22100678,official_gamerotation_rejected,player_game_facts,1.0,0.0,20.0,0.0,True,True,0.0,10,0,0,2,False,0.0,20.0,0.0,True,True,0.0,0,0,0,2,1.0,False,,20.0,0.0,True,20,False,True
22100679,official_gamerotation_rejected,player_game_facts,1.0,1.0232922164732372e-05,26.0,0.0002400585949295,True,True,0.0,6,0,0,1,False,1.0232922164732372e-05,26.0,0.0002400585949295,True,True,0.0,0,0,0,1,1.0,False,,26.0,0.0,True,19,False,True
22100712,official_gamerotation_rejected,player_game_facts,1.0,0.0001263184753099,18.40000000000009,0.7504998821526652,True,True,0.0,0,0,0,0,False,0.0001263184753099,18.40000000000009,0.7504998821526652,True,True,0.0,0,0,0,0,1.0,False,,18.40000000000009,3.0,True,19,False,False
22100773,official_gamerotation_rejected,player_game_facts,1.0,0.0,8.899999999999977,0.0,True,True,0.0,0,0,0,1,False,0.0,8.899999999999977,0.0,True,True,0.0,0,0,0,1,1.0,False,,8.900000000000091,2.0,True,21,False,False
22100862,official_gamerotation_rejected,player_game_facts,1.0,0.0,104.0,2.0,True,True,0.0,4,0,0,0,False,0.0,104.0,2.0,True,True,0.0,0,0,0,0,1.0,False,,104.0,2.0,True,20,False,False
22100967,official_gamerotation_rejected,player_game_facts,1.0,0.0,26.300000000000185,0.0,True,True,0.0,26,0,0,1,False,0.0,26.300000000000185,0.0,True,True,0.0,0,0,0,1,1.0,False,,26.300000000000182,0.0,True,20,False,True
22101166,official_gamerotation_rejected,player_game_facts,1.0,0.0,216.0,8.0,True,True,0.0,4,0,0,0,False,0.0,216.0,8.0,True,True,0.0,0,0,0,0,1.0,False,,216.0,8.0,True,24,False,False
22101181,official_gamerotation_rejected,player_game_facts,1.0,0.0172498217965397,0.2000000000002728,1.547300810590154,True,True,0.0,2,0,0,0,False,0.0172498217965397,0.2000000000002728,1.547300810590154,True,True,0.0,0,0,0,0,1.0,False,,0.20000000000027285,0.0,True,24,False,True
22200020,official_gamerotation_rejected,player_game_facts,1.0,0.0,37.69999999999982,2.0,True,True,0.0,2,0,0,0,False,0.0,37.7,2.0,True,True,0.0,0,0,0,0,1.0,False,,37.69999999999982,2.0,True,20,False,False
22200117,official_gamerotation_rejected,player_game_facts,1.0,0.0,993.0,0.0,True,True,0.0,6,0,0,3,False,0.0,1020.0,0.0,True,True,0.0,0,0,0,0,0.6792452830188679,False,,1020.0,0.0,False,20,False,False
22200186,official_gamerotation_rejected,player_game_facts,1.0,7.705691417925209e-05,73.0,0.001416928090304,True,True,0.0,6,0,0,1,False,0.0,14.0,0.0,True,True,0.0,4,0,4,1,0.9746527777777778,False,,14.0,0.0,True,19,False,True
22200202,official_gamerotation_rejected,player_game_facts,1.0,9.957858640063932e-05,88.89999999999964,0.0020764724208115,True,True,0.0,4,0,0,0,False,0.0,28.0,0.0,True,True,0.0,2,0,0,0,1.0,False,,28.0,0.0,True,18,False,True
22200212,official_gamerotation_rejected,player_game_facts,1.0,0.0,11.0,0.0,True,True,0.0,4,0,0,1,False,0.0,11.0,0.0,True,True,0.0,0,0,0,1,1.0,False,,11.0,0.0,True,22,False,True
22200256,official_gamerotation_rejected,player_game_facts,1.0,0.0,62.0,2.0,True,True,0.0,4,0,0,0,False,0.0,62.0,2.0,True,True,0.0,0,0,0,0,1.0,False,,62.0,2.0,True,26,False,False
22200296,official_gamerotation_rejected,player_game_facts,1.0,3.717318486451404e-05,80.20000000000027,0.0006410071651679,True,True,0.0,16,0,0,0,False,6.048464896935002e-06,0.3000000000001819,0.0008422086463528,True,True,0.0,2,1,1,0,0.9722222222222222,False,,0.2999999999999545,0.0,True,21,False,True
22200313,official_gamerotation_rejected,player_game_facts,1.0,0.0,81.0,2.0,True,True,0.0,2,0,0,0,False,0.0,81.0,2.0,True,True,0.0,0,0,0,0,1.0,False,,81.0,2.0,True,24,False,False
22200362,official_gamerotation_rejected,player_game_facts,1.0,1.666325408677949e-05,0.2999999999999545,0.0002571937953526,True,True,0.0,18,0,0,1,False,1.544651659912688e-05,6.5,0.0002562544426716,True,True,0.0,0,0,0,1,0.9978125,False,,6.5,2.0,True,19,False,False
22200439,official_gamerotation_rejected,player_game_facts,1.0,4.76096456338837e-05,0.2999999999999545,0.6665566756526626,True,True,0.0,18,0,0,0,False,4.76096456338837e-05,0.3000000000000682,0.6665566756526626,True,True,0.0,0,0,0,0,0.9996180555555556,False,,0.2999999999999545,0.0,True,22,False,True
22200442,official_gamerotation_rejected,player_game_facts,1.0,0.0,198.0,2.0,True,True,0.0,10,0,0,0,False,0.0,198.0,2.0,True,True,0.0,0,0,0,0,1.0,False,,198.0,2.0,True,28,False,False
22200484,official_gamerotation_rejected,player_game_facts,1.0,0.0001041088633257,155.19999999999982,0.007931542571228,True,True,0.0,2,0,0,0,False,0.0,17.0,0.0,True,True,0.0,4,0,2,0,0.9392361111111112,False,,17.0,0.0,True,19,False,True
22200611,official_gamerotation_rejected,player_game_facts,1.0,0.0,26.199999999999815,0.0,True,True,0.0,22,0,0,1,False,0.0,26.200000000000045,0.0,True,True,0.0,0,0,0,1,1.0,False,,26.199999999999818,0.0,True,19,False,True
22200616,official_gamerotation_rejected,player_game_facts,1.0,0.0001193357919646,187.79999999999995,0.0015660947059776,True,True,0.0,8,0,0,0,False,0.0,16.59999999999991,0.0,True,True,0.0,4,0,0,0,0.9348263888888888,False,,16.59999999999991,0.0,True,20,False,True
22200650,official_gamerotation_rejected,player_game_facts,1.0,0.0006363973723608,119.59999999999992,0.0045704949557527,True,True,0.0,8,0,0,0,False,0.0,11.599999999999907,0.0,True,True,0.0,0,2,2,0,0.9625,False,,11.599999999999909,0.0,True,20,False,True
22200904,official_gamerotation_rejected,player_game_facts,1.0,0.0,28.0,0.0,True,True,0.0,4,0,0,1,False,0.0,28.0,0.0,True,True,0.0,0,0,0,1,1.0,False,,28.0,0.0,True,19,False,True
22200948,official_gamerotation_rejected,player_game_facts,1.0,0.0,26.0,0.0,True,True,0.0,16,0,0,1,False,0.0,26.0,0.0,True,True,0.0,0,0,0,1,1.0,False,,26.0,0.0,True,20,False,True
22201011,official_gamerotation_rejected,player_game_facts,1.0,0.0,27.0,0.0,True,True,0.0,8,0,0,1,False,0.0,27.0,0.0,True,True,0.0,0,0,0,1,1.0,False,,27.0,0.0,True,19,False,True
22201021,official_gamerotation_rejected,player_game_facts,1.0,0.0,108.0,2.0,True,True,0.0,8,0,0,0,False,0.0,108.0,2.0,True,True,0.0,0,0,0,0,1.0,False,,108.0,2.0,True,26,False,False
22201122,official_gamerotation_rejected,player_game_facts,1.0,2.3924982528455985e-05,63.0,3.0000591183849594,True,True,0.0,2,0,0,0,False,1.7629460046464374e-05,63.0,3.0001496780679333,True,True,0.0,0,0,0,0,1.0,False,,63.0,3.0,True,21,False,False
22201182,official_gamerotation_rejected,player_game_facts,1.0,0.0,126.0,0.0,True,True,0.0,0,0,0,0,False,0.0,126.0,0.0,True,True,0.0,0,0,0,0,1.0,False,,126.0,0.0,True,26,False,False
22201193,official_gamerotation_rejected,player_game_facts,1.0,0.0,39.80000000000018,3.0,True,True,0.0,16,0,0,0,False,0.0,39.8,3.0,True,True,0.0,0,0,0,0,1.0,False,,39.80000000000018,3.0,True,24,False,False
