player_id,nerd_v1_o,nerd_v1_d,nerd_v1,prior_v1_o,prior_v1_d,nerd_atomic_raw_o,nerd_atomic_raw_d,nerd_atomic_raw,prior_atomic_raw_o,prior_atomic_raw_d,nerd_atomic_denom_o,nerd_atomic_denom_d,nerd_atomic_denom,prior_atomic_denom_o,prior_atomic_denom_d,poss_season,player_name,team_abbr,previous_candidate,denom_minus_raw,denom_minus_v1
203999,7.8731728390253055,3.6277969159693004,11.500969754994607,5.843252457576216,3.114613325369639,7.970667079802493,3.5588694503699205,11.529536530172415,5.339428772885792,2.154758393999155,8.004653391619712,3.5111541271848647,11.515807518804577,5.3661007766902085,2.1872647482879923,4655.0,Nikola Jokić,DEN,10.002012840690142,-0.013729011367837884,0.014837763809969928
1628983,6.665703035873764,2.3214057343078798,8.987108770181644,5.572681281088359,-0.050870873649136915,6.861203251603541,2.618035584229782,9.479238835833323,6.149710135454774,0.8604813721623713,6.923093236953745,2.6592960038419617,9.582389240795706,6.210175398963173,0.9500734630561649,4581.0,Shai Gilgeous-Alexander,OKC,7.488162457793127,0.10315040496238304,0.5952804706140622
1641705,2.7997939419762496,7.345335848677273,10.145129790653522,3.7352469378468527,3.971275416642285,2.5597351586281607,6.537416982522198,9.097152141150358,2.9240234548374646,2.604795094201987,2.61132334420077,6.579545409796753,9.190868753997524,2.923822397853725,2.7455494463384142,3723.0,Victor Wembanyama,SAS,9.9053068393569,0.09371661284716559,-0.954261036655998
203507,6.485258671997144,2.644774104554557,9.130032776551701,5.389641591238819,1.7981403364205646,6.109239727660885,2.6123179988691443,8.72155772653003,4.883783935167114,2.2078875165062213,6.031277573265464,2.5437967033724744,8.575074276637938,4.6331628179857365,2.0262823677942334,2130.0,Giannis Antetokounmpo,MIL,8.092820074195682,-0.1464834498920915,-0.5549584999137629
202695,6.5948165891194686,2.1143486541783982,8.709165243297868,5.216582508261389,1.1784651776281903,6.24634299723653,1.912306433933678,8.158649431170208,4.543095466380019,0.9021280086361171,6.294311340505846,1.9238713882371572,8.218182728743002,4.550627717209675,0.9498806373386439,3979.0,Kawhi Leonard,LAC,7.672144902429902,0.05953329757279491,-0.4909825145548652
1631096,3.0054526163141397,4.0636653863324845,7.069118002646624,1.7506449261828871,1.6257145050656043,2.8395082952505435,3.8706840512122134,6.710192346462756,1.4091015898991686,1.5884931437875207,2.858164523070945,3.9420398571221114,6.8002043801930565,1.3893187225609478,1.765353393580262,4072.0,Chet Holmgren,OKC,5.61412809745657,0.09001203373030009,-0.2689136224535673
1629029,5.857473992279781,0.6402654419731858,6.497739434252966,5.465721147951483,0.6504622563264375,5.873973131677078,0.6392841989174459,6.513257330594524,5.953440016055345,0.4921882981810872,5.8722870137041445,0.6706656630152853,6.5429526767194295,5.97711429834433,0.49129343470858283,4613.0,Luka Dončić,LAL,5.569315031256747,0.029695346124905875,0.0452132424664633
1628378,5.143837474857327,1.0240780001515597,6.167915475008887,4.170610164853811,-0.14387920198814838,5.296822277726545,1.111809629221701,6.408631906948246,3.9494106401418914,0.27532587973458644,5.384891908806507,1.0798673256267122,6.464759234433219,3.98446356836294,0.29048330622734336,4680.0,Donovan Mitchell,CLE,5.32218217689914,0.0561273274849734,0.2968437594243323
202710,3.8271184762647015,2.6435735198691406,6.4706919961338425,4.0571494237032,0.9234553059066412,4.083180997774617,2.303560118958111,6.386741116732728,4.63654760894084,0.32180847725848866,4.0511865045066155,2.3482563971707213,6.399442901677337,4.475682523774936,0.3631577395228434,2465.0,Jimmy Butler III,GSW,4.6483175868940165,0.012701784944608718,-0.07124909445650562
1628392,1.9209340743151986,4.18165376396631,6.102587838281508,1.150058911746549,2.3557251553491145,1.9564461384139054,4.351459727156174,6.3079058655700795,1.0340886084420098,2.901728053201734,1.9420899858243807,4.262414533245511,6.204504519069891,0.9550019629818479,2.728389408351951,2289.0,Isaiah Hartenstein,OKC,5.885861751460855,-0.1034013465001884,0.10191668078838312
1627936,0.8875363601427004,5.161939415564646,6.0494757757073465,0.9184809209888071,1.7891613543225717,0.8581953370561226,5.237765627918209,6.095960964974332,1.0220140872693724,2.2435511806186526,0.8711986797338149,5.210071824257811,6.081270503991625,0.9798143012927184,2.120896564844808,2148.0,Alex Caruso,OKC,5.475983151176404,-0.014690460982706988,0.03179472828427876
201939,6.955570444664347,-0.6905063871410442,6.265064057523302,4.634855706094106,0.36895242553217106,6.843646245136862,-0.8033633113162486,6.040282933820613,4.798105850383467,0.46628340948604985,6.798918469843661,-0.7784687148030224,6.020449755040639,4.690639769608805,0.5466182513925213,2812.0,Stephen Curry,GSW,6.432894767633764,-0.019833178779974148,-0.24461430248266325
1628401,2.2614998992655795,3.617436587443361,5.878936486708941,2.741240162644726,1.4677739148741866,2.1889203362890184,3.6629295490582723,5.85184988534729,2.06239279069374,1.6714908422881662,2.254304174153412,3.6891880068337883,5.9434921809872,2.055372002178036,1.824276186071698,5059.0,Derrick White,BOS,4.8244527278690175,0.09164229563991011,0.06455569427825925
1629674,2.116370527952038,3.738708014863735,5.8550785428157734,1.03367827678075,2.397229063331576,2.215231500843463,3.4454431282300506,5.6606746290735135,0.6321180627719207,1.9844955231621348,2.174091780450055,3.5168525914335795,5.690944371883635,0.5669907009952104,2.152503075660197,3640.0,Neemias Queta,BOS,5.305447406840463,0.030269742810121514,-0.16413417093213845
1630194,1.8222676463300418,2.8642019569532504,4.686469603283292,1.9433059920159956,2.2212154312221903,2.053883432713043,3.3719657425696923,5.425849175282735,2.146961849510911,3.3621604874427917,1.9823229598254344,3.254029376966793,5.236352336792227,1.9824392734649932,3.093900728787878,1859.0,Paul Reed,DET,4.310462530216143,-0.18949683849050825,0.5498827335089347
203954,3.149892126886015,1.7014957305903458,4.851387857476361,2.633353192288998,0.3409622914737058,3.2726450850862974,1.94559112779211,5.218236212878407,2.6290072259736554,0.772791758420929,3.26321844176225,1.881644958426539,5.144863400188789,2.5154238208062725,0.7502791365458228,2474.0,Joel Embiid,PHI,3.5362515105968475,-0.0733728126896187,0.2934755427124278
1630700,2.242962833154669,2.9631836528424635,5.206146485997133,1.0472959717723742,1.4874627189254093,2.1114503680484886,2.914169041594348,5.025619409642837,0.5070021450245744,1.3874296399874329,2.1264851273402194,2.9754588329789935,5.101943960319213,0.46394571622586034,1.5211142997703044,5327.0,Dyson Daniels,ATL,2.749116967934836,0.07632455067637611,-0.10420252567791977
1630532,3.082048523819421,2.1731811417931395,5.2552296656125606,1.7523515150967808,-0.4530791845348761,2.8754283412830297,2.3270985350678712,5.202526876350901,1.4630535099376292,-0.2182909516651012,2.693940957534905,2.3682089195441773,5.062149877079083,1.339071757828746,-0.18241667950428297,2184.0,Franz Wagner,ORL,4.50664186346782,-0.14037699927181801,-0.19307978853347763
1628389,1.4189474730305904,3.719614862501359,5.138562335531949,1.6804898184490673,1.500319808736269,1.4044134800991084,3.3924994955279772,4.796912975627086,1.3297833575116045,1.2630054196900748,1.4991798808659196,3.4652089970357585,4.964388877901678,1.3127854277793651,1.298867313194695,4980.0,Bam Adebayo,MIA,4.554351352587892,0.16747590227459241,-0.17417345763027114
1641709,1.562424723720396,3.575234691131776,5.1376594148521715,0.11364043230055215,2.426773674369039,1.3255593698614465,3.6505588778405835,4.97611824770203,-0.5759551311487718,2.8417572506970874,1.2617524169821517,3.6757398285541036,4.937492245536255,-0.640883868679207,2.9955345201158106,3892.0,Ausar Thompson,DET,4.654281768279715,-0.03862600216577494,-0.20016716931591638
1631217,3.146591117986772,2.158600559705417,5.305191677692189,1.1388120447487928,1.4172415321087686,3.380515310771803,1.5425005703461259,4.923015881117928,0.754280091468839,0.443878490660255,3.3737422264126993,1.5180986176990556,4.891840844111755,0.7076213247115282,0.4487513670916157,3759.0,Moussa Diabaté,CHA,3.446388362206066,-0.03117503700617341,-0.41335083358043434
202331,1.8481348691012585,2.4791564050639616,4.32729127416522,2.187932640452297,1.5502281090639267,2.054232338217656,2.7094715614591407,4.763703899676797,2.5259053513118706,2.181114038848556,2.034673153285281,2.7124558828752,4.747129036160481,2.4234249508921413,2.1105783410279515,2326.0,Paul George,PHI,3.7488527576011412,-0.016574863516315652,0.4198377619952609
203497,-0.21294398599111564,5.306359694774494,5.093415708783379,1.2817432912604891,2.5747923957698267,-0.37004489430760523,5.093407287412946,4.723362393105341,0.5886644930434434,1.9879398310444025,-0.38068531072407163,5.084441657113447,4.703756346389375,0.5250075605439866,2.061328777418343,4944.0,Rudy Gobert,MIN,4.840421417711078,-0.019606046715965775,-0.38965936239400367
201142,4.190389762551447,0.5250202655745659,4.715410028126012,3.8505580422027985,0.42505963366383004,3.9112989041232833,0.8576475897419376,4.76894649386522,2.6681925690452193,0.9566953500801946,3.882119271596225,0.7527414892265646,4.634860760822789,2.671078047437598,0.8917601188635298,5654.0,Kevin Durant,HOU,3.9362009671162954,-0.134085733042431,-0.08054926730322265
1629057,0.1556963603203131,3.0922042397841256,3.2479006001044386,0.648813624262934,1.9914253065993046,1.058229355530186,3.5752714580924123,4.633500813622598,1.9018848102271761,2.635506330758229,1.0207910672711724,3.5235361443563575,4.54432721162753,1.83233754089671,2.540348218609123,2041.0,Robert Williams III,POR,1.9859464220765906,-0.08917360199506863,1.2964266115230911
1628374,3.319225759009701,1.7001494848490462,5.019375243858748,3.4493186874805457,0.3684245001624651,2.974027345893541,1.3871934192877151,4.3612207651812565,2.390334000591722,-0.11120753074271023,3.011873276766407,1.4949487950729643,4.5068220718393714,2.3155205092837896,-0.12199637355078019,3094.0,Lauri Markkanen,UTA,4.360724586454461,0.145601306658115,-0.5125531720193761
1630549,1.6131765719587823,2.368965123517362,3.982141695476144,1.3450900901611016,0.9640848505914027,1.8646024319660213,2.713189917641795,4.577792349607816,1.8933860582549082,1.8216035486983166,1.7753306607734196,2.6782911120238966,4.453621772797316,1.7797362657474252,1.7293096250477378,2274.0,Day'Ron Sharpe,BKN,2.154365511757945,-0.12417057681050014,0.4714800773211718
1626157,3.4623721344894762,1.2980268375160344,4.760398972005511,2.6633431466942215,1.4105781216796065,3.39854667407117,1.0131894638054537,4.411736137876623,2.1335980946124606,0.8453017346454385,3.439264997415723,1.0132648983623336,4.452529895778056,2.0993845678851755,0.895875157953091,4501.0,Karl-Anthony Towns,NYK,5.2652574942600525,0.040793757901433025,-0.30786907622745474
1642270,1.9141840478261798,2.0203711577053634,3.9345552055315434,2.434011714304645,1.3138052080279616,2.3141990118958797,2.065032766538531,4.379231778434411,2.505587631856938,1.1918038924047387,2.2945066864766677,2.1467732730856057,4.441279959562273,2.5159304559341327,1.3099824097040944,4234.0,Donovan Clingan,POR,5.034980809336268,0.06204818112786192,0.5067247540307296
1628436,1.1050041836898388,2.8721815838084073,3.977185767498246,0.5234828583298594,1.4683680946097397,1.619884566399392,2.803626628534825,4.423511194934217,1.3321460904726372,1.5480033528732373,1.601939956290764,2.799470671669753,4.401410627960517,1.2583375626268065,1.5758543223327335,2901.0,Luke Kornet,SAS,4.073778825608298,-0.022100566973699998,0.4242248604622709
203076,1.462450964689314,3.662695446407179,5.125146411096493,1.6105832891315686,2.8410896005879707,1.1687937186997528,3.274364303073713,4.443158021773466,0.9162716370989286,2.311505796462962,1.161161870225793,3.153989985374108,4.3151518555999,0.8287659460902465,2.0267199989391345,1296.0,Anthony Davis,DAL,5.356050557043311,-0.12800616617356564,-0.8099945554965924
1627783,2.4636475106624767,2.0650001431922202,4.528647653854697,1.721288503878582,0.760585141403549,2.225816935977768,2.0008088971721034,4.226625833149871,1.0073162982991553,0.5996595695266768,2.1855953209861005,2.0434040019994426,4.228999322985543,0.9496384216816532,0.5783501314696955,4266.0,Pascal Siakam,IND,4.11419716972549,0.0023734898356719825,-0.29964833086915377
1628368,3.2688809589305063,1.071966876546352,4.3408478354768585,2.4054731688448623,-0.18520933580737128,3.0693928233916883,1.170080000260311,4.239472823651999,1.8954728713645699,-0.05792847100361384,3.07787528386458,1.139149047729463,4.217024331594043,1.8625731969015407,-0.06028064623207735,4602.0,De'Aaron Fox,SAS,3.521446245293917,-0.02244849205795596,-0.12382350388281527
1628384,1.6911356935076598,2.4305670528759444,4.121702746383605,1.4695120645202926,0.7205766818771228,1.678385547993001,2.4899338349960902,4.168319382989091,1.085457586873862,0.6557671566675601,1.65736513110509,2.5373001085607836,4.1946652396658735,1.0693990393529118,0.6654492374019281,4312.0,OG Anunoby,NYK,3.7021103608707246,0.02634585667678202,0.07296249328226878
1628386,1.634375770841902,2.478854221491571,4.113229992333473,1.2146393433333382,1.708567672346867,1.4213514089617263,2.758218700544678,4.179570109506404,0.4921202525797609,2.385751029139197,1.440077384388112,2.7095362449350286,4.149613629323141,0.4240036986518727,2.407463273502923,3066.0,Jarrett Allen,CLE,3.8416553720774873,-0.029956480183263245,0.036383636989667956
1630188,2.584868439322261,1.7762285611597097,4.361097000481971,1.2173424800782602,0.8784846140593398,2.4613399059617826,1.7055226942811288,4.166862600242911,1.0676159146195152,1.0974559181113648,2.4297890826093074,1.713443497447075,4.143232580056383,1.0223592632719058,1.113732665311977,2283.0,Jalen Smith,CHI,3.0042570338660948,-0.02363002018652871,-0.21786442042558818
1628369,3.3361275764391434,1.2401729934084453,4.5763005698475885,2.3703786889616185,0.6897111263529525,3.300018392133879,0.7443095323759664,4.044327924509846,2.3623038552807945,-0.2564187720734991,3.1675984999958784,0.944254844960383,4.111853344956262,2.0244689855866045,0.2059644318319842,999.0,Jayson Tatum,BOS,4.410379306025778,0.06752542044641618,-0.4644472248913267
203939,0.821402013229004,2.560535979298452,3.381937992527456,-0.95637842327377,1.786383873173365,1.3790408162530408,2.8316812133691585,4.210722029622199,0.08224141666101528,2.3652832326401865,1.3852110281587724,2.638122938727324,4.023333966886097,0.054211631534379356,2.2214728326620894,1888.0,Dwight Powell,DAL,3.1273685083976677,-0.18738806273610287,0.6413959743586406
203994,-0.499577239402922,4.85216425840667,4.352587019003749,0.14699988504009698,2.7831580050739815,-0.6574992177414908,4.882003078942779,4.2245038612012875,-0.41910662921135056,2.7296015450114104,-0.6303778358988591,4.645176231776871,4.014798395878012,-0.4445645828502144,2.568734807052213,2346.0,Jusuf Nurkić,UTA,4.502908469808827,-0.2097054653232755,-0.33778862312573654
1641708,2.2224481334031707,2.432942026293002,4.655390159696173,2.2224927646788406,0.45985669805758345,1.787963624277181,2.3046708063972843,4.092634430674465,0.5237570839294535,0.1206187409124021,1.752120341863414,2.2590784731214075,4.011198814984821,0.4835629028698374,0.1327057475590251,5868.0,Amen Thompson,HOU,2.242117228080791,-0.08143561568964408,-0.6441913447113521
1642349,1.3143192440174551,2.5358761816835234,3.8501954257009787,1.1521221894513216,0.08538198886940673,1.3767953761499023,2.613682424000976,3.9904778001508783,1.3265043428460868,0.4917927779651029,1.3917344006106085,2.6193604921429094,4.011094892753518,1.2779137055735927,0.4864374836386463,3024.0,Ajay Mitchell,OKC,4.873703912260524,0.020617092602639886,0.16089946705253944
1629750,0.730664363154922,2.6117777115246605,3.3424420746795827,1.12297946223577,1.3772311695604247,1.0226586854103976,2.9469856921246524,3.96964437753505,1.5812540943146915,2.257904345524735,1.0351867009288085,2.9329004499217524,3.968087150850561,1.544323208842925,2.296283392588729,2983.0,Javonte Green,DET,2.1600123206108037,-0.0015572266844889882,0.6256450761709784
1630529,0.5368786219420029,3.340804554360841,3.877683176302844,-0.3743243019466632,1.383285955826313,0.5998394991067094,3.271489673469559,3.8713291725762686,-0.10769407517245719,1.2642167479311657,0.6067304789484979,3.3067561434510795,3.9134866223995775,-0.17383565109498766,1.3109408746953302,3256.0,Herbert Jones,NOP,2.8415849646348166,0.042157449823308824,0.03580344609673336
1630559,3.450310873353729,0.2830064776442272,3.733317350997956,3.3297554537238945,-0.3302107983551375,3.508973512359584,0.36264308182810784,3.871616594187692,3.421811478974206,-0.24590506055926992,3.5236902544325144,0.3731318084109335,3.896822062843448,3.3877509317959107,-0.25103825079457465,3551.0,Austin Reaves,LAL,3.3742237711616223,0.025205468655756125,0.16350471184549198
201950,1.9432689967361236,1.7802121683452896,3.723481165081413,2.8333335023061097,-0.4794592671962535,1.7372733799184907,2.0552715595354085,3.792544939453899,2.5677230772118875,0.19870611674498395,1.8137242051267255,2.0552518475943016,3.868976052721027,2.4777712569650747,0.22352619340242635,3238.0,Jrue Holiday,POR,3.741588757227737,0.07643111326712804,0.14549488763961405
1630595,3.5001237789753543,0.9664251232640027,4.4665489022393565,3.5422388988919535,0.7070111087954464,3.2491373097273737,0.655890619070325,3.9050279287976988,2.6288841809145964,0.5324474737365221,3.2061571561855464,0.6628172355981644,3.868974391783711,2.5806465280188173,0.5708508604601299,4433.0,Cade Cunningham,DET,4.505920179537759,-0.036053537013987835,-0.5975745104556456
2544,2.5352878267566785,1.6168100223916493,4.152097849148328,3.0855171102054832,1.1344430731793282,2.1497128702572037,1.7438381991792915,3.893551069436495,2.216016977070463,1.400503675835767,2.1556074671199275,1.6825962991309957,3.838203766250923,2.160013087198218,1.3452851442504339,4003.0,LeBron James,LAL,4.644456203719863,-0.05534730318557202,-0.31389408289740484
203500,2.059842691130355,2.3888716550579394,4.448714346188295,1.3702270391358304,1.052088702085211,1.9228950985566235,1.956669116407439,3.879564214964063,0.9564268634157684,0.20199858957750405,1.93815832253824,1.8981576650384109,3.8363159875766506,0.9144283857645245,0.2324475488715287,1459.0,Steven Adams,HOU,3.0914496879859437,-0.043248227387412186,-0.6123983586116442
1626164,4.837566006765916,-0.363993902156459,4.473572104609457,3.4021998507584836,-0.3663552919218425,4.23064271628996,-0.32042697988639823,3.910215736403562,2.018881609003931,-0.21807659884146752,4.142076624101994,-0.3599842380514432,3.782092386050551,1.9488964772045638,-0.22756055386552182,4395.0,Devin Booker,PHX,3.7655878072853355,-0.12812335035301103,-0.6914797185589059
1630193,2.1124344921586005,2.0742195631680946,4.186654055326695,2.5880024553018037,0.5274877803016249,1.7651502740753056,1.9089170582654895,3.674067332340795,1.7633859436670263,0.549867049441811,1.79635964368714,1.89959701953197,3.69595666321911,1.7598881459350006,0.5500745234793825,4502.0,Immanuel Quickley,TOR,3.1435632354192924,0.02188933087831524,-0.490697392107585
204001,1.9905297231122838,1.7701496928052411,3.760679415917525,2.1630486478545414,1.581891254873261,2.1722278744557357,1.812942947136578,3.985170821592314,2.559137577238339,1.6114556796823614,2.0309130493321406,1.6469885843058458,3.6779016336379864,2.3388688678953256,1.44529488783538,1614.0,Kristaps Porziņģis,GSW,3.421561126293118,-0.30726918795432745,-0.08277778227953858
1641744,1.3212447966771184,3.602876033301838,4.924120829978956,0.7430678701474893,2.41097832963128,0.4896378699889965,3.8297514757486253,4.319389345737622,-0.6472708682792856,2.4702149495755257,0.6949866518999543,2.9540851757901523,3.649071827690107,-0.43217803020211243,1.4490190033472714,591.0,Zach Edey,MEM,4.578890669705056,-0.6703175180475149,-1.2750490022888492
1630568,4.027789704600681,-0.23458079998785017,3.7932089046128312,3.1486895647467845,-0.05473340144879898,3.774154834146481,-0.026868664457420977,3.74728616968906,2.4115811641966842,0.3610744767297017,3.6569661870571735,-0.06414317319505633,3.5928230138621173,2.2899801096503944,0.39623934388546317,2161.0,Luka Garza,BOS,3.8316942465234103,-0.1544631558269427,-0.2003858907507139
1630596,0.28244645395210666,3.5929247367659283,3.875371190718035,1.604930653796353,1.342538088535616,-0.06451266812821708,3.5735694926741624,3.5090568245459455,0.48443448348087004,1.5262957487751354,-0.058863949197899085,3.6314846916322816,3.5726207424343825,0.42719580957918046,1.6552080311801407,4160.0,Evan Mobley,CLE,2.941274901451461,0.06356391788843707,-0.3027504482836525
1629011,1.2348323939367813,2.6131852976114436,3.848017691548225,1.9280548581632773,2.405776961859265,1.4863721487608563,2.1330893748711706,3.619461523632027,2.1261973934992375,1.5029839775277392,1.4902451676466344,2.0781754676366084,3.5684206352832426,2.055495373509371,1.4355843657626495,2254.0,Mitchell Robinson,NYK,3.709683113428129,-0.051040888348784286,-0.2795970562649823
1628978,2.2446372287624334,1.5753314944445387,3.819968723206972,1.6936299236764252,1.1496294106032416,2.2244889000581494,1.2693923079910197,3.493881208049169,1.2862532116024104,0.6128732559098485,2.239559005722599,1.305763795932551,3.54532280165515,1.2654612881343437,0.6697095002135522,5215.0,Donte DiVincenzo,MIN,3.2454131444138294,0.051441593605980884,-0.274645921551822
203991,-0.36156802550454525,2.945727474558213,2.5841594490536677,-0.12969573317095062,1.5831759695321408,0.110276405841377,3.431159799474945,3.541436205316322,0.6709252956561185,2.3566543358156546,0.2361893562441467,3.2984584600391464,3.534647816283293,0.6830973627106652,2.252354479647749,1818.0,Clint Capela,HOU,1.9349673290799387,-0.006788389033029141,0.9504883672296254
1628991,0.07565725225022389,3.557846311996017,3.633503564246241,0.16400371779745104,1.3401214060369253,-0.16800934809734852,3.451081044999924,3.2830716969025757,-0.6154585038697327,1.361942206085661,-0.18916697074450808,3.712651341978435,3.523484371233927,-0.6603047394167189,1.4166990842595335,3091.0,Jaren Jackson Jr.,UTA,3.556899939669087,0.24041267433135127,-0.110019193012314
1630567,1.3110104513908494,2.5139974073979197,3.8250078587887693,1.5806710919737892,1.7443306474858773,1.2592260994580964,2.181332791611503,3.4405588910695992,1.1174876873031208,1.2521192446248892,1.1928884424368262,2.3165588112244206,3.509447253661247,1.1033072278656375,1.3496422091673388,5472.0,Scottie Barnes,TOR,3.909761028148283,0.06888836259164766,-0.3155606051275224
1629655,0.8035876187853055,2.4542558404994566,3.257843459284762,0.06788756878475743,1.55855295571257,1.1026285695614133,2.5062645915343564,3.6088931610957697,0.766377987149478,1.8121407413313992,1.093056259235957,2.391950040940376,3.485006300176333,0.7079360999391567,1.839734455433647,2491.0,Daniel Gafford,DAL,3.0709566809908098,-0.12388686091943679,0.2271628408915709
1630558,2.090683029189528,1.8149999600647566,3.9056829892542844,1.0034349766978279,0.3638987810875086,1.6827170641900757,1.7433559033119597,3.4260729675020354,0.016991923245058854,0.08868256720333703,1.6915185953217513,1.7732508905957602,3.4647694859175115,-0.042794336530328714,0.09974233714457026,4229.0,Davion Mitchell,MIA,1.4626583748480102,0.03869651841547617,-0.4409135033367728
1629680,-0.36162389589281285,4.018135135671056,3.6565112397782427,0.8979835651807401,3.2962815305684727,-0.21188269995116982,4.1924208579159945,3.9805381579648245,1.2302072994050504,3.688355317521536,-0.27780858579907897,3.7395285397610776,3.4617199539619987,1.1472266990233906,2.8361214414267955,996.0,Matisse Thybulle,POR,2.9271712682191726,-0.5188182040028257,-0.19479128581624394
203932,2.57061847734461,1.3671442854909037,3.937762762835514,2.6444717927244112,0.182177622637387,2.262795508316596,1.2717399570379726,3.5345354653545686,1.9674918168846551,-0.43026258954165786,2.19107846570261,1.2614190021041052,3.4524974678067153,1.850791672914983,-0.3621685994385188,2001.0,Aaron Gordon,DEN,2.755490242858126,-0.08203799754785335,-0.4852652950287988
1629048,0.9122737688001803,2.464994281324852,3.3772680501250325,0.9588203944105643,1.8857922202375896,1.2318151543764926,2.3226560693961766,3.554471223772669,1.5516630618663714,1.5839729238002151,1.2326193236047558,2.1902547572158113,3.4228740808205673,1.4383929657153502,1.5096412126096654,2009.0,Goga Bitadze,ORL,2.859852962780454,-0.1315971429521019,0.045606030695534816
1630591,0.13695112385036234,3.3122272742059122,3.4491783980562745,1.4439961160075958,1.3885477857651443,0.12496187734387433,3.2819113842470395,3.406873261590914,1.5036941888768205,1.3920548628354488,0.10182589325075128,3.3194531247937,3.4212790180444514,1.462505890915935,1.4211484295433123,3253.0,Jalen Suggs,ORL,3.0983959348321,0.014405756453537588,-0.027899380011823016
1630167,3.793295748084619,-0.44708868693160786,3.346207061153011,2.263381971779802,-0.32768217035145236,3.7360556402469216,-0.3819846252400438,3.3540710150068778,2.2982259492111816,-0.13305048870768915,3.593120105242072,-0.27751800108789626,3.3156021041541757,1.9504528459482668,0.06572838243591472,881.0,Obi Toppin,IND,2.8398463397530422,-0.0384689108527021,-0.030604956998835142
1629661,2.9814754482365147,0.5732861451486458,3.5547615933851606,1.3310202695298936,0.01591524984588958,2.8369701125230393,0.4957362818132488,3.332706394336288,0.7045705656149215,-0.4719975856929408,2.8129608187674235,0.48725094201498476,3.300211760782408,0.6564321712113018,-0.45119991209685156,3372.0,Cameron Johnson,DEN,2.1971207998779922,-0.032494633553879826,-0.25454983260275243
1627780,2.02799188265431,1.219036086500375,3.2470279691546855,1.3829927157987805,1.4243876284829222,1.9677588541845914,1.325189712687489,3.2929485668720804,1.3739855260691836,1.8105979163063886,1.9627614156011586,1.2981120990394832,3.260873514640642,1.3164957568737208,1.8113341837264756,2303.0,Gary Payton II,GSW,2.785170531079472,-0.03207505223143858,0.01384554548595629
1628371,-0.6095990844320117,3.8078146428632227,3.198215558431211,-0.5752269467386337,1.918707302152639,-0.6403723591735593,4.239835456345645,3.5994630971720856,-0.596534159479235,2.5764651614716025,-0.5683831067231695,3.828913275537171,3.260530168814001,-0.442518141029128,1.9939928006952845,1046.0,Jonathan Isaac,ORL,2.88185845405786,-0.3389329283580844,0.06231461038279029
1630163,4.748268847264957,-0.7709246263249394,3.977344220940018,3.5401833659161484,0.4066837105997327,4.493660875452859,-1.1947165286304764,3.2989443468223825,2.6433181666408503,-0.3057566040662943,4.414451050222654,-1.172716770808353,3.241734279414301,2.573299524763662,-0.2800550311531813,4051.0,LaMelo Ball,CHA,4.165893361116652,-0.05721006740808132,-0.7356099415257167
1631105,2.6119165959401633,0.36613421985353656,2.9780508157937,2.775161102711129,0.18411344524758624,2.6859444511635435,0.4385993650001383,3.1245438161636816,2.497618335679921,0.47011876669630526,2.7104477991251827,0.4681523589391955,3.1786001580643783,2.461000807772049,0.5385435952845374,4026.0,Jalen Duren,DET,2.8988767417586416,0.05405634190069675,0.20054934227067855
1642851,3.37607020483421,0.09397136120725436,3.4700415660414645,2.3793678887604193,-1.0016081399701546,2.6097325285050896,0.47092989689875153,3.0806624254038413,1.159347462226292,-0.22592266243033893,2.696568882350416,0.464558902271173,3.161127784621589,1.1605944336651053,-0.19617139487614238,5173.0,Kon Knueppel,CHA,3.2669589143094617,0.08046535921774778,-0.30891378141987547
1642352,2.036721935516857,-0.23100789581381942,1.8057140397030373,1.273350999752267,-0.872587378396171,1.8174608133077548,2.043280273008186,3.860741086315941,0.9759130496215969,1.7397842627506068,1.6912511110593376,1.4416593299519294,3.132910441011267,0.8067762185096906,1.0679972913549138,626.0,Keshad Johnson,MIA,1.6343131016106092,-0.7278306453046741,1.3271964013082296
1630572,1.9489065310661626,0.774669202747976,2.7235757338141386,1.6906401831902929,0.3700941811776123,2.0740945041423053,1.021330163248121,3.0954246673904264,1.7310916650415669,0.955564587244267,2.0682444909961397,1.0155875518118553,3.083832042807995,1.6950319342003373,0.9691250190379141,3556.0,Sandro Mamukelashvili,TOR,3.450838851458582,-0.011592624582431377,0.3602563089938564
1630166,3.7599395220915457,-0.3496941193944245,3.410245402697121,2.9190788824205143,-0.40506877059580076,3.439312984006448,-0.25523546437862815,3.1840775196278197,2.1422649847527464,-0.27324729360552663,3.385593611214447,-0.32701912941179423,3.058574481802653,2.101599664276011,-0.34411084442311585,4590.0,Deni Avdija,POR,2.3692108840627277,-0.1255030378251667,-0.35167092089446816
1629660,4.78005099004566,-1.2458590767111355,3.5341919133345243,5.274233020570744,-0.46836137585769305,4.373075275269188,-0.7195654692919135,3.6535098059772744,4.498954103313474,0.3426000045947018,3.7644108091439907,-0.7259264119679908,3.038484397176,3.495695763341304,0.37418952112054,689.0,Ty Jerome,MEM,3.62039739825181,-0.6150254088012743,-0.49570751615852426
203935,0.7243141440073474,2.589824575266541,3.3141387192738887,0.8503177541081809,1.4674254049786604,0.4607285159096219,2.534953094613848,2.99568161052347,0.5289784157560753,1.2702029672546833,0.5140320061125959,2.504499216332568,3.018531222445164,0.5001043093098666,1.3287474008426354,3511.0,Marcus Smart,LAL,2.7599438579535955,0.022849611921694102,-0.2956074968287248
1631243,0.5608787699114376,2.0452913616845967,2.606170131596034,-0.06871635445679714,1.4249662469797713,0.8092008830354696,2.2476224862403336,3.0568233692758033,0.13105156672608578,1.6371644562238221,0.8077614941481963,2.1841177688656983,2.9918792630138946,0.08078114058187513,1.5773477631809192,2431.0,Mouhamed Gueye,ATL,2.03144553638836,-0.06494410626190872,0.38570913141786045
201935,4.427199690414319,-1.409703423093432,3.0174962673208876,4.273456476511833,-0.5527300794781728,4.465527109750161,-1.425504085239917,3.0400230245102438,4.187457673954637,-0.3806396695946662,4.465949677249547,-1.4792481243462503,2.986701552903297,4.157602227541337,-0.4895145291782839,4815.0,James Harden,CLE,2.9267117582972144,-0.05332147160694678,-0.03079471441759063
1629026,0.7593003446239491,1.6115792047901005,2.3708795494140498,0.5408674819399475,-0.13962710004485443,1.1140313918319853,1.8994990785623123,3.0135304703942976,1.2184103759271794,0.6878679403367454,1.080406638141088,1.8843213012936424,2.9647279394347303,1.1740398065415674,0.6997251654427417,1693.0,Kenrich Williams,OKC,0.8958335164832196,-0.048802530959567214,0.5938483900206806
1631165,1.38766642049038,1.6916807783790078,3.079347198869388,0.7234366434949071,1.429849036059127,1.1933765146334767,1.790319298017622,2.9836958126510984,-0.004651977078379804,1.2951222512112488,1.1765521347254404,1.7465355506966067,2.923087685422047,-0.0363357101429963,1.3446142675230757,2938.0,Keon Ellis,CLE,2.2919103020189815,-0.06060812722905151,-0.15625951344734101
1631221,2.2620579351204952,1.1186618680556417,3.380719803176137,2.3918200803345755,0.5840938771964107,1.8725715872244701,0.8596340779792274,2.7322056652036975,1.5572346107994248,0.5402400355024995,1.9125977882275693,0.9824884230926242,2.8950862113201934,1.5442628743950837,0.633188417424265,4517.0,Collin Gillespie,PHX,2.526263523656376,0.16288054611649594,-0.4856335918559438
204456,1.7883928590605016,0.4799503728674265,2.268343231927928,1.3251351106258151,1.3409220311370371,1.9924109568814146,0.9362378212167214,2.928648778098136,1.803129713759684,2.341949432718881,2.016515054767436,0.8672164262607595,2.8837314810281955,1.742358435652382,2.2073643147139257,1972.0,T.J. McConnell,IND,1.6531090678873004,-0.04491729706994052,0.6153882491002673
202699,1.0940493434007472,1.8668784676074215,2.960927811008169,1.3839897104897885,0.2848633515030907,0.9025863225939103,1.9529119759691325,2.8554982985630426,0.6924524898758633,0.6248378933640352,0.934364288042755,1.9078648054541938,2.8422290934969485,0.6410978448524359,0.6391032471703504,3563.0,Tobias Harris,DET,1.8294885118998643,-0.01326920506609408,-0.11869871751122041
1642345,-0.3291718928877837,2.8396232998484425,2.5104514069606587,-1.0396710450853106,1.2617981547727999,-0.20173906773509565,3.079949967146706,2.8782108994116102,-1.373270656792256,1.801583570045398,-0.28131600733724793,3.1007810352046343,2.8194650278673863,-1.4622174349999666,1.894681468490299,3541.0,Oso Ighodaro,PHX,1.2130679537046496,-0.05874587154422395,0.30901362090672757
1631106,1.5226839201800122,1.3417831189249845,2.864467039104997,0.6288286130453422,0.342458683821855,1.4467006177491641,1.3040769773891405,2.7507775951383047,0.14718124111100286,0.26436183908570526,1.4526541202202121,1.3308431796269824,2.7834972998471947,0.11779705054568279,0.30104880630356,3084.0,Tari Eason,HOU,2.4073781587663605,0.032719704708890074,-0.08096973925780215
1629638,2.2064092304760736,0.894727557973424,3.1011367884494976,2.31618929924887,0.23141804425989213,2.0602080421080404,0.7120302472091223,2.772238289317163,1.6834456850835893,-0.1402303448461309,2.0619202333180264,0.7210108456909369,2.7829310790089634,1.696482666634897,-0.18274350487807728,5575.0,Nickeil Alexander-Walker,ATL,2.6519726907647314,0.010692789691800542,-0.31820570944053417
1630692,1.1837128963795107,1.5535398832249034,2.737252779604414,1.4148199236855894,1.1597611229611355,1.2110391281095527,1.5974787000689732,2.808517828178526,1.3762689795669887,1.461667759245047,1.1332488880344658,1.605736511935208,2.738985399969674,1.3553594269203666,1.5371707762555156,3159.0,Jordan Goodwin,PHX,2.7513778699152893,-0.06953242820885208,0.0017326203652596739
1630540,1.930293474876272,0.9209092889255028,2.8512027638017745,1.6975789484402863,-0.5272456934300761,1.5498239092933819,1.1305729151879018,2.6803968244812837,0.8632019110330662,-0.14427319410917616,1.529204059120376,1.196949612597823,2.726153671718199,0.8059987898213813,-0.08355699833205588,2191.0,Miles McBride,NYK,1.9137993732069978,0.0457568472369152,-0.12504909208357562
1641706,1.656954536519008,1.2312408600955618,2.8881953966145697,2.0719726783520143,-0.41140712707061117,1.2644771803192072,1.4313032778294628,2.69578045814867,0.9756665517313079,0.1633182093611119,1.1720527695112166,1.5520193958700743,2.724072165381291,0.937641803576505,0.2441013050646355,3908.0,Brandon Miller,CHA,2.286109683307644,0.028291707232620755,-0.16412323123327877
1629731,0.4964349480708399,2.43702011455831,2.93345506262915,1.0647741891958606,0.9720957935974469,0.3000140806458871,2.4243081312950707,2.724322211940958,0.39060459167185413,1.1634122172804013,0.3009365232498018,2.4180970393160877,2.7190335625658895,0.3454802854364162,1.1367611706929914,2603.0,Dean Wade,CLE,2.6715641946091315,-0.005288649375068566,-0.21442150006326033
1627751,0.6693310667800638,2.178147700252442,2.8474787670325057,0.7676716477485396,1.5764664964309052,0.7019947763665146,2.084420612778292,2.7864153891448065,0.7051328427942591,1.4413811901412181,0.7033315858495812,2.010174700050851,2.7135062859004324,0.6160804271363284,1.3616386743227995,2284.0,Jakob Poeltl,TOR,2.489523322875296,-0.07290910324437405,-0.13397248113207327
1626167,0.2759595996409589,2.514671577327918,2.7906311769688767,0.09793899559845698,1.849629526470812,0.5116216042372591,2.1632675558709265,2.6748891601081857,0.17002449072277084,1.2846370871580266,0.5399009984443094,2.169897784187907,2.709798782632216,0.1302401125141977,1.3071697950927534,3807.0,Myles Turner,MIL,2.2789367508500282,0.034909622524030404,-0.08083239433666067
1626172,1.302167731109111,1.6060987096985955,2.9082664408077066,0.49197364010839906,0.8382309074384854,1.4463995264268346,1.1872643016777986,2.633663828104633,0.8858220435718933,0.014922211052774526,1.4374992124445025,1.2646994104725513,2.702198622917054,0.7772329243144049,0.17817669770113975,648.0,Kevon Looney,NOP,2.331465714014942,0.06853479481242086,-0.20606781789065254
1642357,2.0942698970904514,1.8941888604440165,3.9884587575344677,1.419345479220353,1.6399165937813522,2.836604373562749,3.3545541324872756,6.191158506050025,2.2151553516917657,3.13740192014324,1.6528907491037652,1.0433028484118048,2.69619359751557,0.9919626940332765,0.7661665897812304,151.0,David Jones Garcia,SAS,3.6666953296472267,-3.4949649085344547,-1.2922651600188977
1630696,-0.9674105745981038,2.7327987584872417,1.7653881838891379,0.9706480327938226,1.610184656036971,-0.9109921265663012,3.6794887914966896,2.7684966649303884,0.9810277580401543,3.246643016439032,-0.9277332578613536,3.612149106767444,2.6844158489060903,0.9337429009173003,3.163288743608278,2459.0,Dru Smith,MIA,2.214615886752727,-0.08408081602429807,0.9190276650169524
1629634,-1.4672072302533194,2.4609085200259013,0.9937012897725819,-2.964924807104624,1.8916502658862873,-0.4010648749089162,5.844604694777673,5.443539819868757,-1.2300820165074176,7.094911282960065,0.8317933852549192,1.8517445977394413,2.6835379829943604,0.6695799859024939,0.7503767927685725,46.0,Brandon Clarke,MEM,0.3364844282808308,-2.760001836874397,1.6898366932217785
1631119,-0.23862412022755575,2.7230986974933344,2.484474577265779,0.3011549354029037,1.7074418570733358,-0.12392826450157311,2.821498867436982,2.697570602935409,0.575081444747904,2.0556966357256905,-0.13150365638369468,2.7984949442336995,2.6669912878500046,0.5514160435870874,1.9969229228540855,2529.0,Jaylin Williams,OKC,1.766378308988993,-0.030579315085404346,0.1825167105842258
1628973,4.49328968246081,-1.4524978340718335,3.040791848388977,3.9060067085553345,-0.39298812116313736,4.293975365352614,-1.6033582979264724,2.690617067426141,3.2551950612396348,-1.051215679781559,4.278851675215453,-1.641915695890906,2.636935979324547,3.264011091216807,-1.1051332675564416,5005.0,Jalen Brunson,NYK,3.1406171924192887,-0.05368108810159411,-0.40385586906442983
1629008,3.093165880922842,-0.5021189906809506,2.5910468902418917,2.8337238086730565,-0.03698503537034755,3.15274696638159,-0.5113377862777031,2.641409180103887,2.802123394824101,-0.3955236374101184,3.1366259464695263,-0.5059972417185238,2.6306287047510026,2.7578753428961176,-0.4247905429121976,3326.0,Michael Porter Jr.,BKN,2.4514385180292497,-0.010780475352884178,0.03958181450911091
1630162,3.825890708060571,-1.38019616017186,2.445694547888711,3.2345025718566722,-0.8502144259071515,3.860405061809888,-1.2618796542301332,2.598525407579755,2.998417179952172,-0.5811603687748985,3.877365767993028,-1.2834180424743673,2.5939477255186607,2.9900103498377892,-0.5708330394089849,4468.0,Anthony Edwards,MIN,1.7099768167688758,-0.004577682061094102,0.14825317762994983
1642364,0.6713529356397645,2.078471281017591,2.7498242166573554,0.2766659416405862,1.0729771854708685,0.5932497580414067,2.099479123370862,2.6927288814122687,0.33517468226588,1.2215811763249622,0.5611733125880094,2.020027326342868,2.5812006389308775,0.29354230354301586,1.1561730041327867,2125.0,Jamir Watkins,WAS,1.1742362859704214,-0.11152824248139126,-0.16862357772647796
1631117,1.542982351372874,2.2187023240889623,3.7616846754618365,2.7747305026682425,1.4654000343939826,1.1627088932496719,2.3558349383037758,3.5185438315534476,2.0355387737330974,1.934497047105058,0.8682285832581422,1.7025625624695653,2.5707911457277075,1.3612477658420987,0.7675287635896586,308.0,Walker Kessler,UTA,4.063551436101074,-0.9477526858257401,-1.190893529734129
1628969,1.0995709795321529,1.839535086635691,2.939106066167844,1.9099463524802718,1.1959646793413106,0.8510127330447023,1.7558020066059306,2.6068147396506327,0.775645414828934,0.7507330504675825,0.8386425596699637,1.7222080073881603,2.560850567058124,0.7510792472202672,0.7694919690788729,5285.0,Mikal Bridges,NYK,1.9286454286516885,-0.045964172592508845,-0.37825549910972
1630178,3.022821815267366,0.11029864364389458,3.1331204589112605,3.42991066030088,0.31122810325659955,2.703648549720818,-0.26504381562222507,2.438604734098593,2.8360772304718638,-0.07216847498472073,2.76910921007772,-0.23755228367652811,2.531556926401192,2.8544880946273383,-0.030717888084536932,5509.0,Tyrese Maxey,PHI,2.369347067410468,0.0929521923025991,-0.6015635325100686
1642928,-0.3997241238872694,3.3568079316792225,2.9570838077919532,-0.8742911795841073,2.4519981921447123,-0.27003080862551093,2.904022505674965,2.633991697049454,-0.8039452359808799,1.840787776273443,-0.23717362526723504,2.7544139477205274,2.517240322453292,-0.7698569761972477,1.7129364298841365,1844.0,Dylan Cardwell,SAC,2.6605687274795162,-0.11675137459616192,-0.439843485338661
1628976,-0.28260500050928405,3.2225991020600953,2.9399941015508113,0.7417813456992695,1.0214944841378204,-0.5466324993218116,3.231666280354498,2.6850337810326863,0.08537733440778109,0.9664021575585414,-0.6669409088496218,3.161530702190701,2.4945897933410794,0.005912919623086044,1.0192325576176509,4678.0,Wendell Carter Jr.,ORL,1.5069426351221962,-0.19044398769160686,-0.44540430820973187
1630217,2.759062830322058,-0.0595614156738315,2.6995014146482266,1.7591830595156752,-0.49222468446394135,2.5387074746919422,-0.3500421497915639,2.1886653249003785,1.4552636984225886,-0.676313945386467,2.5651084582043113,-0.07145495105754948,2.493653507146762,1.4177621310202357,-0.725277080234175,5625.0,Desmond Bane,ORL,2.482371489124708,0.3049881822463836,-0.20584790750146453
1627884,1.2005497128940983,1.7148299735971346,2.915379686491233,0.6733171646240018,0.9047117869998881,0.980684813432062,1.5397870750743685,2.520471888506431,0.22158596967888985,0.5383614659458401,0.9670378718320132,1.5172874778197871,2.4843253496518,0.18878367568527543,0.547514710402645,2597.0,Derrick Jones Jr.,LAC,2.3566570697726545,-0.036146538854630705,-0.43105433683943284
1631214,2.9413916986324535,0.8830802268824034,3.8244719255148567,2.7032764961326667,0.4833094759506822,2.8805813772313273,0.53277105327658,3.4133524305079073,2.718670877083921,0.11365779666043174,1.8056814520733246,0.6761699802319672,2.481851432305292,1.5429584123155582,0.19946184591280625,212.0,Alondes Williams,WAS,3.199065282032368,-0.9315009982026154,-1.342620493209565
204060,1.6659197535069157,0.34474889592571545,2.010668649432631,0.29791396306471135,1.1419669756280986,2.5654686809724456,-0.23804102864391813,2.3274276523285273,1.896125156169392,0.3265869200503328,2.3055286846286713,0.15898987957495217,2.4645185642036234,1.5577502822955056,0.8796896352897263,342.0,Joe Ingles,MIN,1.581393967887732,0.13709091187509603,0.45384991477099224
201567,1.7260059843996844,0.8674633440956281,2.5934693284953125,1.7374989844255593,1.3319422418974043,2.098323565840695,0.44597702254852334,2.544300588389218,2.2983978869382997,0.5515806386327583,2.0223724211293717,0.439855428769233,2.4622278498986048,2.1322779559409377,0.525652349938202,1273.0,Kevin Love,UTA,2.604902803204474,-0.08207273849061325,-0.13124147859670776
201572,-0.4178699436881691,2.9175848799093016,2.4997149362211326,0.0692790802347556,2.103342945757351,-0.4862960479792824,2.9200631136380286,2.4337670656587465,0.1261695754506831,2.524875015924235,-0.47649219250777675,2.9267124790247316,2.450220286516955,0.08036744301364318,2.5672140295403865,3121.0,Brook Lopez,LAC,2.59276298929587,0.01645322085820844,-0.04949464970417772
1630578,2.3578325667877977,1.0353007080066996,3.393133274794497,2.4254085646545516,1.5587341461427489,1.8554044240639154,0.5494064445832679,2.4048108686471834,0.8708979999991184,0.7974239353572048,1.8748238203778997,0.5655007929238781,2.4403246133017777,0.8277736334056444,0.8639455832080598,4750.0,Alperen Sengun,HOU,4.079675973031286,0.03551374465459434,-0.9528086614927194
1629632,2.811782603628931,-0.769503934967977,2.0422786686609538,2.222941647072415,-1.5740078517694363,2.6711806824202062,-0.3906961420286159,2.2804845403915905,2.0756768144591744,-0.5414909186239345,2.6697873313528264,-0.29810118826327664,2.37168614308955,1.986624852987911,-0.46263760743394083,2571.0,Coby White,CHA,0.8960180687663668,0.0912016026979594,0.3294074744285962
1630611,1.622643577421224,1.1532484648685737,2.7758920422897977,0.5927288832264772,0.3976223470636794,1.504907155678365,0.9022648983629847,2.4071720540413497,0.41705927533389553,0.21384602730853103,1.5122270559592137,0.8584150147203865,2.3706420706796,0.3748086568145814,0.1909091181556844,2792.0,Gui Santos,GSW,2.152095978128342,-0.03652998336174962,-0.4052499716101976
1631169,0.9796279391571948,1.0033313250284317,1.9829592641856264,1.4698883420182924,0.4224391869166658,0.9271361549286967,1.5634222558948214,2.4905584108235184,1.2722735449779135,1.3927071718741182,0.874924458952386,1.4922556072185515,2.3671800661709375,1.1800403357986955,1.2547008529599366,1685.0,Josh Minott,BKN,1.4490360190448364,-0.1233783446525809,0.38422080198531106
1630202,3.0227872428376017,-0.2679572790825687,2.754829963755033,3.1468617912971024,-0.659968536522647,2.6569753062358323,-0.3238276159587547,2.3331476902770776,1.8363738009773312,-0.7165188680874135,2.668646806106132,-0.3172025850270662,2.3514442210790656,1.8387035834232095,-0.7515730277493569,4911.0,Payton Pritchard,BOS,2.927356743461497,0.01829653080198801,-0.4033857426759675
1629001,1.7442578970712714,0.7949869351767962,2.539244832248068,0.4570768506475923,0.6086693328391967,1.4652496825448573,0.7390122336836816,2.204261916228539,0.12516816510163456,0.7253729798139842,1.4543689758608491,0.8830013797238856,2.337370355584735,0.1060231805499024,0.7352789406367657,2293.0,De'Anthony Melton,GSW,2.207646462967555,0.13310843935619587,-0.2018744766633329
1641739,0.8511470591881698,2.4972376768224382,3.3483847360106083,1.536772365532896,0.8617867650320487,0.5192457003767763,1.8581860624047524,2.3774317627815287,0.45886088273767545,-0.24029743813446186,0.49977373879930576,1.830462459669798,2.3302361984691036,0.41590988348173996,-0.27697343666116175,5619.0,Toumani Camara,POR,2.8078784837461908,-0.04719556431242511,-1.0181485375415047
1642066,1.3648316480638092,1.2359976828657766,2.600829330929586,0.9190875564916797,0.6065000122466794,1.2641119163500547,1.3856444712039244,2.649756387553979,0.7228032063106139,0.8637937675964881,1.1268679355179778,1.1959748346737569,2.322842770191735,0.599426754746913,0.6552563854612456,858.0,Myron Gardner,MIA,2.780583745405381,-0.3269136173622442,-0.2779865607378511
1630198,2.3445146275377504,0.3799165050523152,2.7244311325900656,2.549484531862114,-0.021468680214873047,2.021168802460833,0.22315760415564306,2.244326406616476,2.1041100122254304,0.08639141672800368,2.0528372404260677,0.26425603730409963,2.3170932777301676,2.082194115673943,0.12751768442275208,3001.0,Isaiah Joe,OKC,2.0721009819668486,0.07276687111369151,-0.40733785485989804
1628988,0.4916862175389136,1.785199968940655,2.276886186479569,0.4525509950048169,-0.7150522199379693,0.46180750627890327,1.795527953106944,2.257335459385847,0.2154743827557725,-0.846299511049242,0.4503573680696601,1.8549725750756136,2.305329943145274,0.2022529129786551,-0.4970017480094964,1574.0,Aaron Holiday,HOU,0.2984150281769231,0.04799448375942683,0.028443756665704978
1642955,0.27351435248163947,2.8372553398332725,3.110769692314912,0.27011606159607204,2.6186022172033856,2.5686241122632665,3.9400724083133074,6.508696520576574,2.682074395848007,3.709964858185055,1.2018164987270787,1.0911154458533985,2.292931944580477,1.2290205128580087,0.7808235476742316,151.0,Kadary Richmond,WAS,2.822511957786628,-4.215764575996097,-0.8178377477344347
1641726,-0.45477787797193703,2.6737866201389746,2.2190087421670377,-1.8828056174946939,1.8093763628342152,0.1491200114390554,2.551092634204188,2.7002126456432434,-1.0241942458653137,1.641304806445108,0.6124126684941725,1.662742220032978,2.2751548885271506,-0.35677966002952866,0.40569484336888423,250.0,Dereck Lively II,DAL,1.6602224863420085,-0.4250577571160927,0.05614614636011295
203110,-0.8367049917117891,3.3917963404532996,2.5550913487415103,0.3222739325470021,2.1728773764986395,-1.0481175863082457,3.3425714529279915,2.2944538666197456,0.10309111362147419,2.257985198809024,-1.0083852602402454,3.279993653163489,2.2716083929232433,0.04042485180987754,2.265729817401,3796.0,Draymond Green,GSW,2.834656863219349,-0.02284547369650225,-0.283482955818267
201942,2.71624946077657,-0.503880471204482,2.212368989572088,1.814729725919824,0.3478768498652767,2.7752750913728947,-0.479728253810376,2.2955468375625188,1.8394790316246812,0.5611424857735533,2.7721020310606486,-0.5108371741637908,2.2612648568968576,1.8022001561261534,0.5322632275606192,4927.0,DeMar DeRozan,SAC,1.2141150890285557,-0.03428198066566113,0.04889586732476969
1642844,1.5275929469887661,0.6510551453169866,2.1786480923057527,0.917879124857253,-1.000833097055845,1.2641250597349671,0.9969763198502742,2.2611013795852415,0.6051504857567179,-0.4143346034919174,1.2590649275694052,0.9940348508873759,2.253099778456781,0.5639865655312258,-0.4087007158238701,3031.0,Dylan Harper,SAS,2.8892606856122907,-0.00800160112846049,0.07445168615102826
1629723,0.21965050985398638,2.646640823660178,2.866291333514164,1.7257908628030747,2.5119528917274914,-0.1056415903913852,2.168345256191064,2.062703665799679,0.9385099940669228,1.8133325597960046,-0.0833023624323326,2.3283178117489993,2.2450154493166665,0.909145997528919,1.7254404499334928,2316.0,John Konchar,UTA,2.371611617170527,0.18231178351698762,-0.6212758841974977
1630241,2.223537371469624,0.8452732278584949,3.0688105993281187,2.4542036827518143,0.14069853877537086,1.8069293156047863,0.3680819445820904,2.175011260186877,1.352199755698557,-0.553622123517041,1.8370460409318983,0.4008406225845541,2.2378866635164525,1.3062297449196731,-0.5097290631936024,2673.0,Sam Merrill,CLE,3.505174282574793,0.06287540332957553,-0.8309239358116662
1629630,1.5817487694851673,-0.22871026583344845,1.3530385036517187,0.8041910135888622,-0.7146553370737189,1.7750392571943876,0.31287195285445524,2.087911210048843,1.260788246152911,0.5895290691502618,1.5989725469454494,0.6240170582428287,2.2229896051882783,1.1001178573634052,0.5292739153370236,1235.0,Ja Morant,MEM,1.7751033478211193,0.13507839513943543,0.8699511015365595
1628404,1.1850073275105446,1.141191219839595,2.3261985473501396,1.6037694458325285,1.4096556265732347,1.0053166844378167,1.1439413603074082,2.149258044745225,0.7595228271920297,1.2439161283579394,1.035237356553901,1.181046385398138,2.216283741952039,0.6985386394551095,1.271691243680331,3850.0,Josh Hart,NYK,1.7997241601694143,0.06702569720681417,-0.1099148053981005
1641740,0.8668866587744586,0.7797674758390468,1.6466541346135055,0.05229125476469565,-0.18035600467012344,0.8278804362970438,1.3712155988952075,2.1990960351922513,0.031901394410242895,0.7262720629260042,0.8778700647122841,1.3319290781987352,2.2097991429110193,0.002039765324619136,0.6762450352878315,1863.0,Jaylen Clark,MIN,0.9535729441480746,0.010703107718768035,0.5631450082975138
1630577,1.9172788673933179,0.49242074590795337,2.4096996133012714,1.5450974923109415,-0.051829269300222434,1.771333283873986,0.37056449914985373,2.1418977830238397,0.9504394042101076,-0.13275532976685717,1.780454578272087,0.39746112457663973,2.177915702848727,0.945848307714216,-0.14212882072478533,4554.0,Julian Champagnie,SAS,1.4621886672829765,0.03601791982488711,-0.23178391045254454
1626166,0.6561150460610004,1.1352688305227794,1.7913838765837797,1.5222564951579969,1.1703473221226839,0.9183800193241345,1.7797726942903371,2.698152713614472,1.9192446399161416,2.4855120992532087,0.7166941160301036,1.460681886052789,2.1773760020828927,1.583704920841348,1.8384872426778602,744.0,Cameron Payne,PHI,1.0501579074696576,-0.5207767115315791,0.385992125499113
1642346,0.19242838416432345,1.7218403649177572,1.9142687490820807,-0.0015324552156514848,0.49043960086128946,0.21039042933280588,1.9804717998822086,2.1908622292150146,-0.00395908926260477,1.0765239885333222,0.195145860667753,1.9802221009929108,2.175367961660664,-0.03293156297040212,1.092408591291428,2658.0,Ryan Dunn,PHX,1.1679678056808658,-0.015494267554350571,0.2610992125785834
1641750,-1.0624415754237801,1.5718758330335523,0.5094342576097721,-0.2650350812105988,0.2593163064323069,0.10044872314680676,2.0372869213941973,2.1377356445410043,1.0699475845981588,1.2413246475703636,0.11002367823822809,2.0581062264725056,2.168129904710734,1.0296514064661642,1.3021092024004823,2986.0,Ryan Kalkbrenner,CHA,1.876782978564153,0.03039426016972957,1.6586956471009617
203486,0.5256547760729419,0.7853201551559486,1.3109749312288903,-0.6898856641082967,1.7022899164423837,1.5100008925069361,1.2718916842771533,2.7818925767840894,0.931253691619486,2.3969889185819246,1.5382086664242405,0.6281665717051971,2.1663752381294374,1.084890225002273,1.2805138720699991,352.0,Mason Plumlee,SAS,0.7430796877452248,-0.615517338654652,0.8554003069005471
1629013,0.9008282673154379,1.4564294634739847,2.3572577307894225,1.2302253164224703,-0.18973865686594324,0.7504320560065416,1.3891443787077091,2.1395764347142507,0.8750932791460155,-0.3502350110285315,0.7260684571457753,1.435145681205709,2.1612141383514842,0.844146050546157,-0.2991632548583127,2220.0,Landry Shamet,NYK,2.527154738375894,0.021637703637233496,-0.19604359243793823
1641717,-0.13489037403306214,2.2238581260351147,2.0889677520020524,0.07110296616604306,1.178141595450104,-0.18082600398539384,2.2342356094731106,2.0534096054877167,0.13851105735135125,1.7108529557832233,-0.19073468155749643,2.312093070481358,2.1213583889238614,0.1035274921935056,1.8548067535451498,4173.0,Cason Wallace,OKC,2.635285225868984,0.06794878343614474,0.03239063692180899
201143,0.6633570666965097,0.9888831854816094,1.6522402521781192,0.6413654377669825,2.0260275448470857,1.0491192159317704,1.1321519229482404,2.181271138880011,1.3819938607739939,2.2346572494502865,1.0952934675628783,1.0232419592595983,2.1185354268224765,1.3626372988060695,2.1184549132119015,1998.0,Al Horford,GSW,2.1329928497709565,-0.06273571205753425,0.4662951746443573
1641772,0.9126563919262887,0.7372526500330165,1.6499090419593052,0.567212808277679,0.06997583516332023,0.9969666860216025,1.1485553741753889,2.1455220601969915,0.6601250240918657,0.7740835747402304,0.9754917190469806,1.1283012473262182,2.1037929663731987,0.5806244661555128,0.7446780047747177,2016.0,Nae'Qwan Tomlin,CLE,0.7022205539526493,-0.04172909382379286,0.45388392441389347
1630631,0.6836339521129472,1.9928788783947449,2.676512830507692,1.0407366319408111,0.6505662808630509,0.3648595033421056,1.7958449932922256,2.160704496634331,0.584916616700599,0.2405205428711637,0.32185074160759686,1.7810704067468262,2.1029211483544232,0.5210995563958859,0.2961370978581955,2775.0,Jose Alvarado,NYK,2.014197973583801,-0.05778334827990772,-0.573591682153269
1628989,1.66806192017518,0.2942713237263264,1.9623332439015064,0.8471837785318997,0.5426452446830677,1.7804620107628184,0.3531906755391081,2.1336526863019265,1.0408734811700602,0.4550590843400366,1.7760564150464848,0.32035734368961,2.096413758736095,0.9991095259379373,0.47971653317007573,3210.0,Kevin Huerter,DET,1.4633420099881007,-0.03723892756583158,0.1340805148345885
1631114,1.1801660561272473,0.9497427235182785,2.129908779645526,1.2896856248830786,0.060573374571491236,0.675414676351036,1.551238206807374,2.22665288315841,0.42976731540250734,1.4982481508400065,0.6371428490481108,1.4569992514259598,2.0941421004740706,0.3470517882201105,1.3193994926574737,1962.0,Jalen Williams,OKC,2.068330518181861,-0.13251078268433947,-0.03576667917145526
1626181,1.6104311772006692,0.7043917969536477,2.3148229741543167,2.2232743452576242,-0.39031674892846774,1.320155924669979,0.7409513319132447,2.061107256583224,1.2704510911096079,-0.1994095986357472,1.3257627549272781,0.7645534633934311,2.090316218320709,1.225349943422711,-0.17254723932139654,3728.0,Norman Powell,MIA,1.653255900504542,0.02920896173748533,-0.22450675583360757
1642434,3.768288073436754,-1.4521178108377006,2.3161702625990532,3.2770546955420463,-1.3221088871216724,4.412662591393136,-0.9726020287132154,3.4400605626799208,3.943835975653671,-0.8917207655534851,2.1411776748699567,-0.05474264877553743,2.0864350260944193,1.5818090393613256,0.07893208446231376,118.0,Riley Minix,CLE,1.9686394267174772,-1.3536255365855014,-0.2297352365046339
1628415,0.7815186597112195,1.409322451631648,2.1908411113428676,1.0501180795876635,-0.4017553614123612,0.817752547217282,1.144265600931579,1.962018148148861,1.1234328402984142,-0.766894320865661,0.8176830672181513,1.248311120945643,2.065994188163794,1.0533020284920336,-0.6895343796017346,3432.0,Dillon Brooks,PHX,1.5221859652773273,0.10397604001493321,-0.12484692317907342
1642864,-0.019320826483425688,2.2185718140925026,2.199250987609077,-0.9557131504984158,0.5843380103719152,-0.11968088021512367,2.1229905968558698,2.003309716640746,-1.4033058126153752,0.5460345121614802,-0.10166168974405135,2.1664434011039697,2.0647817113599185,-1.3729118047590725,0.5604002659059584,2101.0,Hugo González,BOS,0.5449356981481468,0.06147199471917242,-0.1344692762491584
1631260,1.3076946052779024,1.5043215079939107,2.812016113271813,0.9429292827509302,-0.4407692785005563,0.9277279216225948,1.1759612592372748,2.1036891808598694,0.15055479060317986,-0.9722105816059747,0.9433415072606344,1.1187105234453618,2.0620520307059964,0.10342726944174474,-1.035840106283067,4442.0,AJ Green,MIL,1.4878279573040314,-0.04163715015387304,-0.7499640825658167
1630552,0.6303794513830071,1.3392635780915034,1.9696430294745104,1.7091671210223125,0.4284920304196531,0.5725701663996209,1.4818315364236736,2.0544017028232946,1.3599904375186125,0.712455342627264,0.5880659012837438,1.4542403170312936,2.0423062183150376,1.3425155086760228,0.7222994286010136,5400.0,Jalen Johnson,ATL,0.7135737119175087,-0.012095484508257037,0.07266318884052714
1643024,-0.6082968782253242,3.7203157061160503,3.112018827890726,-0.6312485222369919,3.9533538935441057,1.113496730370647,11.229929304173542,12.343426034544189,1.1532533718078273,11.577364123788113,0.5284832228946971,1.5023243884649795,2.0308076113596765,0.5725527576794092,1.6695229935090963,94.0,Chris Mañon,LAL,2.9551095140591057,-10.312618423184512,-1.0812112165310497
1628963,1.3643668783757028,0.2312843268845094,1.595651205260212,1.0620907973404785,0.11919597439356674,1.55871654073652,0.5140495369903321,2.072766077726852,1.3414670905102621,0.7897379357090613,1.5093742789061038,0.5115880262361441,2.020962305142248,1.2749431174764942,0.8234907853892781,2462.0,Marvin Bagley III,DAL,1.1329802561377322,-0.051803772584604335,0.42531109988203575
1627750,4.388067016130669,-2.0752516025278354,2.3128154136028334,3.791396848489905,-0.31480244408986174,4.122056258706406,-2.1045332140788795,2.0175230446275267,2.9192777120972986,-0.7729757852178806,4.135568683494047,-2.142159718632688,1.9934089648613593,2.9234386397680647,-0.8694336874825632,5299.0,Jamal Murray,DEN,1.3161684781852814,-0.024114079766167418,-0.31940644874147406
1629627,2.540782019005888,-0.47323515064914623,2.0675468683567417,1.5934698925677293,-0.4083898853791427,2.430408209072524,-0.4677498223877673,1.962658386684757,1.5809537477854751,-0.38660898406120703,2.4434044711807443,-0.4571369903184267,1.9862674808623177,1.5415656499023362,-0.38300605316276454,3835.0,Zion Williamson,NOP,1.6966997069217817,0.023609094177560852,-0.08127938749442398
1627827,0.4829352377766662,1.8661747151928012,2.3491099529694672,0.18772964591820712,0.059384613419085554,0.16302183411618676,1.5931725178640312,1.7561943519802181,-0.5085335651670038,-0.705094009114761,0.2451801106775274,1.7382784440252952,1.9834585547028225,-0.404467999142072,-0.37442529182517853,1202.0,Dorian Finney-Smith,HOU,0.8564409745018817,0.2272642027226044,-0.3656513982666447
201144,0.9170627911517294,1.4153205552077186,2.332383346359448,1.095414057598476,1.3090246908738878,0.6014080722050135,1.3352565479580725,1.936664620163086,0.26905617736132426,1.0350775083155104,0.6329208588823384,1.3259080124204954,1.958828871302834,0.239629842166722,1.0311475211534573,2061.0,Mike Conley,MIN,2.059075594075585,0.02216425113974796,-0.373554475056614
1642530,1.408925689413743,0.02643623923023336,1.4353619286439763,0.8425909693649455,0.5596472795416123,1.7491384950465303,1.4615063092473477,3.210644804293878,1.2037917477818978,2.162250611759014,1.4643143472344688,0.49411968329181655,1.9584340305262855,0.8755083346125946,0.9920492320968566,442.0,Yuki Kawamura,CHI,1.1297935440233007,-1.2522107737675925,0.5230721018823092
202685,1.326496576036545,0.7513051083437577,2.0778016843803027,1.398749525773447,1.4332236721334692,1.381430037258915,0.5610735112218194,1.9425035484807345,1.283262109540361,0.9371683527106495,1.3254686371269355,0.6192318893650263,1.9447005264919617,1.1860857848466808,0.955796638534929,1680.0,Jonas Valančiūnas,DEN,1.8265945404252373,0.002196978011227202,-0.13310115788834098
1630168,0.45035296028458005,1.6240745154368335,2.0744274757214134,0.8814606446271268,1.3888188509396948,0.35666933566066994,1.6113247550704655,1.9679940907311355,0.13587567797953473,0.9667559179630182,0.42138538081581034,1.5213958121581557,1.942781192973966,0.08168308781084854,1.0240062355842177,4924.0,Onyeka Okongwu,ATL,1.559608566383207,-0.025212897757169506,-0.13164628274744739
1641764,0.7487766840886373,1.4146656838006941,2.1634423678893313,1.1717937112476489,0.2846148443002459,0.6589416606699143,1.2752041614968266,1.934145822166741,1.1257914804451734,0.5108006780342664,0.6441676475863217,1.2967151364097895,1.9408827839961114,1.1164500349952715,0.5974100482779556,4748.0,Brandin Podziemski,GSW,2.853663468874783,0.006736961829370447,-0.22255958389321995
203468,2.467377716442187,-0.3802552290588584,2.0871224873833283,2.3565295590098474,-0.5830646550827979,2.311560612482933,-0.4322315324052486,1.8793290800776843,1.7801408111247365,-0.43019251574661166,2.3088384843746725,-0.4332958616991618,1.8755426226755108,1.7409789951814885,-0.4763976463751463,4698.0,CJ McCollum,ATL,1.735690803397306,-0.0037864574021735375,-0.21157986470781753
1629645,0.9755324376592348,1.0500313922635762,2.025563829922811,2.0299051124589984,1.4529130335180804,0.7476404300947816,1.0949965079977169,1.8426369380924985,1.6669207115779558,1.8448006844117182,0.7438374902652614,1.1151091440084344,1.8589466342736958,1.5740928726993197,1.8116691937716047,2575.0,Kevin Porter Jr.,MIL,1.5434014347568952,0.016309696181197264,-0.16661719564911515
1643052,0.738806421909446,0.2681179586416862,1.006924380551132,0.7527549809936086,0.04434764088986435,1.0871635936744892,1.6812547046402018,2.7684182983146908,1.0921028343449184,1.6805632350273445,0.8744271895198977,0.9467903379679915,1.8212175274878892,0.8458798187293105,0.9415366345429277,712.0,Chaney Johnson,BKN,1.1655090627007734,-0.9472007708268015,0.8142931469367571
1629312,0.6281115708488544,0.9924307724258385,1.620542343274693,2.0319428255267664,-0.07194327194575492,0.7538100128462575,2.5549645490692305,3.308774561915488,2.236260284619334,2.4660327903299817,0.1946565010468618,1.621544791001015,1.8162012920478767,1.229281305822941,0.923627457690418,134.0,Haywood Highsmith,PHX,1.8673558426274566,-1.4925732698676113,0.19565894877318368
1631323,1.0968139878123189,0.4099489914363398,1.5067629792486588,1.7513128674293381,-0.7063939655841013,1.0769175928854815,0.7531230869029343,1.8300406797884157,1.4055682420316777,0.3554230521161443,1.0397407349113517,0.7711466879506336,1.8108874228619851,1.3473078234861933,0.3776528971951339,2513.0,Simone Fontecchio,MIA,1.5443586063590242,-0.01915325692643055,0.30412444361332636
1629684,1.473360301305541,0.7865119681589288,2.25987226946447,2.3109018208074317,0.29780495780735156,1.1080017418728816,0.7369040710835288,1.8449058129564104,1.3740611647604342,0.16298023440093456,1.0334547626644608,0.7746711340084383,1.808125896672899,1.2878423441069167,0.20309580413005685,1402.0,Grant Williams,CHA,2.5813660259323057,-0.036779916283511405,-0.4517463727915709
1627739,0.46446402665733366,1.3340003660151623,1.798464392672496,0.5598474503498495,1.248692958484259,0.38031519643323985,1.3708463751383415,1.7511615715715814,0.3135242582042135,1.4991470429041285,0.3680400515931106,1.4179018181972993,1.78594186979041,0.2630814497998474,1.5931768479961153,4277.0,Kris Dunn,LAC,2.2752786740375575,0.034780298218828554,-0.012522522882085996
1631255,-0.12847082796996212,1.266959434232383,1.1384886062624209,0.45903351252887314,0.4171241924661099,-0.019115637155043927,1.827808699299419,1.808693062144375,0.7514234231870214,1.1782028593816993,-0.014177787206474696,1.7411154105390987,1.726937623332624,0.700949158617395,1.1594541604486166,1879.0,Karlo Matković,NOP,0.8450829046889582,-0.08175543881175118,0.588449017070203
1642907,1.364725546012338,-0.18307245200122058,1.1816530940111174,1.0137849867767876,-0.7731049613490913,1.4605020264754411,0.23120822006070285,1.691710246536144,0.8129498640054772,0.07047811577982888,1.4711590298438153,0.21823148313385968,1.689390512977675,0.7690965608403825,0.12600980595300387,3397.0,Cedric Coward,MEM,0.3812625340873416,-0.0023197335584690393,0.5077374189665576
1629130,1.7106093079786389,0.15287265046158482,1.8634819584402238,2.174210220888483,0.1277927077340441,1.4641707137506594,0.12758703861417692,1.5917577523648363,1.5182362655997925,0.41489771405985854,1.5197144977781494,0.16653471507009845,1.6862492128482478,1.497223082100125,0.40756928211129057,4316.0,Duncan Robinson,DET,1.6100601075008742,0.0944914604834115,-0.177232745591976
1630573,2.136993749816769,-0.28911317756259014,1.847880572254179,1.4211191299797248,-0.04103256728710216,2.0591768694942267,-0.3739544189223582,1.6852224505718685,0.8790401068164366,-0.18553351454587214,2.0876670040741776,-0.4089491589785249,1.6787178450956528,0.8641021326220691,-0.21536832549569418,3746.0,Sam Hauser,BOS,1.7459522694613367,-0.006504605476215675,-0.1691627271585261
1630200,1.4578281942826237,0.004879697065978461,1.462707891348602,1.655452676048856,-0.02707045641589053,1.4955648873398515,0.1313842732247406,1.626949160564592,1.8436706903992939,0.3376039694577095,1.5094677994251418,0.16056657504167773,1.6700343744668196,1.8193812466890114,0.3489560365030028,3729.0,Tre Jones,CHI,1.6837725847668672,0.043085213902227526,0.20732648311821755
1631099,0.05063478666140038,1.679998345619971,1.7306331322813713,-0.31493272193608457,0.7181212651076953,0.051504918402911284,1.6214713002215455,1.6729762186244568,-0.6012148237986652,0.4763260976400082,0.08327016661774364,1.57238767135948,1.6556578379772235,-0.5381435996968799,0.43015968522536624,1634.0,Keegan Murray,SAC,0.7999845872720457,-0.017318380647233234,-0.07497529430414773
1628449,0.7514994910847385,2.1790659865619837,2.9305654776467223,-0.1638509466028074,3.6885479612465613,0.028130798084000666,2.1456571712690726,2.1737879693530733,-1.3911259559919327,3.6162517897255104,0.6612184336731709,0.9678219230275559,1.6290403567007268,-0.26965111495691085,1.5944953699546083,183.0,Chris Boucher,BOS,3.569666054705734,-0.5447476126523465,-1.3015251209459955
1627734,1.1020405981523775,1.331490857880273,2.4335314560326506,0.8226881792886286,1.17474367134383,0.6309940788947723,0.9612636471992885,1.592257726094061,-0.30483348165135327,0.26648357245611387,0.6886197471527152,0.9259245808325128,1.614544327985228,-0.22564885283906533,0.21901009015633605,1187.0,Domantas Sabonis,SAC,3.5294330614881115,0.022286601891167157,-0.8189871280474226
1630828,6.60951214175407,-2.84004374776279,3.7694683939912803,6.5576894929268565,-2.7831225634078445,7.745188025131558,0.8629729243389019,8.60816094947046,7.715786997552075,0.9326300346036097,1.522167107596325,0.08605875127431645,1.6082258588706415,1.4372414444073085,0.14640611852114233,42.0,Alex Antetokounmpo,MIL,3.5269669511644715,-6.999935090599818,-2.161242535120639
1630543,0.5285365097786627,0.6835454767396381,1.2120819865183008,-0.18319502467441773,1.077567721059827,0.975699945348417,0.6876887716409766,1.6633887169893935,0.5141888940959539,1.256171782249592,0.9434564075900446,0.6573746635732091,1.6008310711632536,0.4385945686325631,1.1756185234074168,1815.0,Isaiah Jackson,LAC,0.09799340323746125,-0.06255764582613987,0.38874908464495284
1629675,-0.4851185762229636,2.0298273535331255,1.544708777310162,0.4340973317507453,0.976567943998843,-0.5323849759046989,2.123676752172783,1.591291776268084,0.08853053707943806,1.1973838533870693,-0.5541379468107118,2.125270989728911,1.5711330429181989,0.05161129993892688,1.2806282436584668,4226.0,Naz Reid,MIN,2.2134312863220846,-0.02015873334988516,0.0264242656080369
1629006,0.6239070279578776,1.2587564842742651,1.8826635122321427,0.23802059516059115,0.7945061705552888,0.3433220707887218,1.2632074789939498,1.6065295497826715,-0.5034270681709172,0.8504333814571512,0.30411909562510686,1.2589604016121083,1.563079497237215,-0.5203683606914057,0.8508678710079844,2675.0,Josh Okogie,HOU,1.3476363465393486,-0.04345005254545642,-0.3195840149949276
1630183,0.29033755402496936,1.500142457533608,1.7904800115585773,0.4957435674162265,0.511974613919484,-0.012840181200114917,1.5847200040590885,1.5718798228589737,-0.40042231090136426,0.7514046955695544,-0.0503426517254775,1.6106360505845387,1.5602933988590613,-0.49038830450157633,0.8927703830807019,4850.0,Jaden McDaniels,MIN,1.2908400218062783,-0.011586423999912387,-0.230186612699516
1631245,0.5191920902265754,0.8309637082642757,1.3501557984908512,0.558101285702038,0.13780423288188584,0.3828089272356978,1.2348036206538069,1.6176125478895047,0.47668485988789944,0.6707208197259642,0.3326964989910842,1.2170455614059386,1.5497420603970227,0.420990205023705,0.6677471101862464,1894.0,Quenton Jackson,IND,0.3879034614702018,-0.06787048749248203,0.19958626190617146
1641854,0.7017696754603654,0.7356997947388112,1.4374694701991766,0.7402711934733522,1.2364585871035874,0.6412675082209138,0.924385290773878,1.5656527989947917,0.46828622238163087,1.646036283796441,0.6369965081632001,0.9015826063641208,1.5385791145273209,0.44616689971533385,1.5956053306097333,2261.0,Craig Porter Jr.,CLE,1.7746649475292806,-0.027073684467470827,0.10110964432814429
1642867,0.14682690643714774,1.3736744463683983,1.520501352805546,0.029512590616253442,0.8384939698007449,0.16763973388396514,1.4213685011741317,1.5890082350580967,-0.0450595393466203,0.9601253000583952,0.151711351336042,1.3868252405594703,1.5385365918955123,-0.09309417631511485,0.951498149423166,2523.0,Collin Murray-Boyles,TOR,1.1011872618581078,-0.050471643162584456,0.018035239089966293
1642396,2.9291438471679574,-1.1374885041634761,1.7916553430044813,2.6825806783709343,-1.2509505031201724,2.2113669575321335,-0.889003578468669,1.3223633790634646,1.8315638745546776,-1.0167867741328436,1.8711446505175162,-0.3329575275033494,1.5381871230141668,1.4446614945785305,-0.4625140851736616,555.0,Blake Hinson,UTA,1.496338771946666,0.21582374395070225,-0.25346821999031444
1626156,0.7164793780695117,-0.06876526763468216,0.6477141104348295,0.4102841903961484,-1.0001269316473307,0.7792505795674551,0.706696152807298,1.485946732374753,0.6280807315979188,0.6264325349762145,0.7323703803924367,0.8041764646633408,1.5365468450557775,0.5677036237914226,0.6491278261687752,1047.0,D'Angelo Russell,DAL,0.19787707296178536,0.05060011268102449,0.888832734620948
1631246,0.20138300621136324,1.6824090379609686,1.883792044172332,0.374803601768088,0.6504390359213262,-0.23163618141841624,1.8161727223112165,1.5845365408928003,-0.5495661572176045,0.7947442138623674,-0.2204356600480887,1.743032882712784,1.522597222664695,-0.5217049063416511,0.7175051434645932,1706.0,Vince Williams Jr.,UTA,0.977617328072903,-0.06193931822810517,-0.3611948215076368
1627742,1.8041659595180428,-0.38870614512636137,1.4154598143916814,1.2478443436462898,-0.3624858640432192,1.5499219286204444,0.0007086542656031813,1.5506305828860476,0.5166007709443405,0.35115196854299957,1.588798222887253,-0.07906822779959868,1.5097299950876544,0.47638898531491713,0.3366908425912117,5226.0,Brandon Ingram,TOR,-0.10978998453636479,-0.04090058779839323,0.09427018069597293
1642377,2.200488110572113,-0.1959911479148768,2.004496962657236,0.8077501425189261,-0.28952711979951845,2.068178180434722,-0.7988018061515986,1.2693763742831234,0.17622575744718114,-0.7760119512104949,2.008310652181453,-0.5275163259204011,1.480794326261052,0.13000424954122403,-0.8018110112697112,3768.0,Jaylen Wells,MEM,1.0614558470464472,0.21141795197792845,-0.5237026363961843
1629111,2.1864814279576428,-0.09254813408810625,2.0939332938695365,2.000988441272358,0.6031728676059155,1.9302974165082738,-0.3008144978729728,1.629482918635301,1.1347560600007698,0.23649712355286023,1.935135581108734,-0.4710163333334937,1.4641192477752405,1.0796410907181389,0.21986598436839216,3120.0,Jock Landale,ATL,2.0512593265955807,-0.16536367086006054,-0.629814046094296
203552,0.9095585028495364,0.033845379909764994,0.9434038827593014,1.9486653547791835,-0.8376137364434973,1.1483074358677312,-0.5923557731791419,0.5559516626885893,2.3686464530693874,-1.9340004453846493,0.75682406632413,0.707223327493102,1.464047393817232,1.722295465635343,0.22934239800063244,238.0,Seth Curry,GSW,1.2396759923406884,0.9080957311286427,0.5206435110579306
1642853,0.834009844381503,0.34844095365845396,1.182450798039957,0.10014664426815245,-0.6088467681622046,0.6032375548059541,0.8423716464393355,1.4456092012452895,-0.18029532939359813,0.3171507119549159,0.6223259910626017,0.8316746173127522,1.4540006083753538,-0.16051908468940468,0.2177657808850189,1275.0,Rasheer Fleming,PHX,0.48711750123387815,0.008391407130064366,0.2715498103353968
203482,0.9344543180588708,-0.22268349087411454,0.7117708271847563,1.4600883118732106,0.687987436828386,1.65661106472692,0.1802963674420447,1.8369074321689647,2.8710875922676165,1.585564379190894,1.4583902802149729,-0.014433491965554962,1.443956788249418,2.4850209951063538,1.1817145164295493,729.0,Kelly Olynyk,SAS,1.0962077514236,-0.3929506439195467,0.7321859610646617
203992,0.8431075679724535,0.6083469083090327,1.4514544762814863,0.20566175380838458,-0.394041250462057,0.7715381463471203,0.3461502393673227,1.1176883857144428,0.1310761885321113,-0.9441342266401842,0.8332436298345465,0.6075957247912015,1.4408393546257479,0.18459021045950696,-0.4430014020365251,893.0,Bogdan Bogdanović,LAC,1.0279110567217704,0.323150968911305,-0.010615121655738413
1629027,4.618720649667497,-2.243682939848826,2.3750377098186712,4.554895678310049,0.25263894031854317,4.389844133762664,-2.851721826533268,1.5381223072293961,4.202059989454348,-1.2102847651922857,4.0947489090674765,-2.6576078202427817,1.4371410888246947,3.424618307285827,-0.7677362455289021,808.0,Trae Young,WAS,3.4342762853278717,-0.10098121840470142,-0.9378966209939765
202066,-1.217761984878657,1.867518150155856,0.649756165277199,0.0001856035989800109,1.4813728230790144,-0.3623915242983087,2.70300520429094,2.3406136799926314,1.160458393278453,2.5685012794283724,-0.40757648118211154,1.806757099287175,1.3991806181050634,1.1492674148834454,1.3073200449527866,138.0,Garrett Temple,TOR,0.45308803902247197,-0.9414330618875679,0.7494244528278644
1641771,-0.027307839125177688,2.669742797478097,2.6424349583529194,-0.39682830711692274,3.077355798810575,-0.2070264198667151,2.323955523761776,2.116929103895061,-0.5189610823123894,2.6712068529378294,0.03844911978100299,1.357470634281384,1.395919754062387,-0.2711050484543224,1.5917625524357952,641.0,Jalen Slawson,IND,2.1135398123449005,-0.7210093498326737,-1.2465152042905323
202696,0.09002204319723218,1.6128048675948903,1.7028269107921226,1.0112137465927078,1.6557196782388401,0.10657582539938117,1.2715842832659776,1.3781601086653588,1.1262304700177654,1.2540524628583363,0.11563430417139217,1.2459409594135826,1.3615752635849747,1.0754728325675047,1.2266872397046278,3810.0,Nikola Vučević,BOS,1.6699635573581295,-0.016584845080384047,-0.34125164720714785
1627826,-1.2670034460206392,2.902892067494056,1.635888621473417,0.4201078337598997,0.9784701835436985,-1.3680940347373494,2.738555220671784,1.3704611859344344,0.10192577387803883,0.8465898025773069,-1.3867039523703073,2.739663495399819,1.3529595430295118,0.03464751957521672,0.9271884798161587,2830.0,Ivica Zubac,IND,1.8572273597464228,-0.01750164290492262,-0.28292907844390514
1628380,0.46343856862935573,1.2542241978604216,1.7176627664897772,1.399795475378467,0.10853536990875304,0.16226125793742008,1.406836340996279,1.569097598933699,1.0204704968599703,0.6226313766380134,0.08914979493325123,1.2537446824850063,1.3428944774182574,0.9120727164577126,0.4435719937129358,390.0,Zach Collins,CHI,1.7012387771352717,-0.22620312151544164,-0.3747682890715198
1630541,0.19813429075874733,1.3140879852869456,1.512222276045693,0.992227190642757,-0.02328270365429643,-0.0038734380278365593,1.331639665418368,1.3277662273905315,0.7771159245367596,0.3420452552305734,-0.02028571639038193,1.3473654363496175,1.3270797199592355,0.7625132998056545,0.3804155700834874,3225.0,Moses Moody,GSW,1.3463975718145014,-0.0006865074312960573,-0.18514255608645747
203083,0.17929778977213473,1.5095565407148983,1.688854330487033,0.6644808029258172,1.692672375291982,0.3327461660696207,1.0153731453834864,1.3481193114531071,0.7775624769727261,0.8317508457353269,0.344638243079446,0.9753534790857606,1.3199917221652067,0.7438656325960273,0.7503418053003952,2493.0,Andre Drummond,PHI,1.655816566323582,-0.02812758928790049,-0.36886260832182627
1642949,-0.7123236484080321,0.7651231139073602,0.052799465499328124,-1.2905748246287034,0.2924804613557206,0.3636545090591514,1.1698539239099444,1.5335084329690958,-0.010034443120546327,0.9500206473105085,0.31144932602457065,0.9856269338891087,1.2970762599136794,-0.026477553408587706,0.691252020460293,844.0,Yanic Konan Niederhäuser,LAC,-0.35682930852222117,-0.23643217305541642,1.2442767944143514
1641813,3.670410954896396,-3.1794135777911743,0.49099737710522184,3.376187302730122,-3.091860652697891,4.9314151225119325,0.852061478012363,5.7834766005242955,4.679002265829939,0.9516950711084379,1.2775503112774433,0.01933146974028746,1.2968817810177309,0.9903122900142728,0.10486846068440253,53.0,Mark Sears,MIL,0.22901455933812054,-4.486594819506564,0.805884403912509
1628366,-0.26852965240580884,1.983376509539455,1.7148468571336464,0.7242051355037358,1.6383221207910992,-0.7132027339950383,2.179000411377641,1.4657976773826027,-0.06365816069375316,2.0464905110763234,-0.7025456523377437,1.9988506713368057,1.2963050189990621,-0.047636787243975354,1.7365048614946357,1527.0,Lonzo Ball,CLE,1.6426159976834303,-0.16949265838354055,-0.41854183813458423
1627749,1.9090002988197423,-0.28480983554052436,1.624190463279218,1.5567857161956593,0.4041362308650623,1.5705459065493346,-0.23178762186366864,1.338758284685666,1.0302555660329669,0.37339870580162293,1.502652518126496,-0.2100403584943468,1.2926121596321491,0.8972289819446916,0.4354736922935108,747.0,Dejounte Murray,NOP,1.4224216279387385,-0.046146125053516895,-0.33157830364706875
1631157,1.0430683026375098,0.02571154183876187,1.0687798444762717,1.225425739426215,-0.04308814900884863,0.7790141405686535,0.4914587242556211,1.2704728648242747,0.6215492355634046,0.7400417849078851,0.7607981229308625,0.5234284135639147,1.2842265364947771,0.5668867484237184,0.8325841248098809,4673.0,Ryan Rollins,MIL,-0.15677445119886402,0.013753671670502454,0.21544669201850541
1631230,-0.5390297293930705,1.3620639177180445,0.823034188324974,0.07697632489416284,0.26631293242537374,-0.5149552287593605,1.7683999628622824,1.253444734102922,-0.056291690354777185,1.0413731200018952,-0.5322081948345153,1.7972526374514097,1.2650444426168943,-0.11508755047937669,1.116153164730928,3461.0,Dominick Barlow,PHI,0.6985245313537349,0.011599708513972296,0.4420102542919203
1631128,1.1440513237014385,0.7033421409227414,1.8473934646241799,1.182333069439752,-0.41744962596967067,0.7469473152311953,0.5141803335039453,1.2611276487351406,0.2702257357180635,-1.0404540456092746,0.7186742933585492,0.545124034489889,1.2637983278484382,0.2105145052436141,-1.0029918208948871,2839.0,Christian Braun,DEN,1.0588702871044229,0.002670679113297547,-0.5835951367757417
1641796,1.4735838171872044,0.003246467460532504,1.476830284647737,0.9561019379774615,-0.10530458516822536,1.253715560058165,0.07451041132894981,1.328225971387115,0.41453468694318163,0.0345616521536197,1.2200396411813108,0.030902254933065476,1.2509418961143763,0.3566697653256147,0.03775761127483601,3924.0,Pelle Larsson,MIA,1.3106312349633615,-0.07728407527273862,-0.22588838853336068
1629004,1.1525449354910273,-0.043505310825375565,1.1090396246656518,1.264751202176766,-1.28309061682159,1.0658885609670268,0.06574478471192469,1.1316333456789516,1.01996638432361,-1.1826819038896503,1.0469270583826256,0.19435810654714417,1.2412851649297698,0.9924681760859299,-1.0411458141517007,2438.0,Svi Mykhailiuk,UTA,0.9953516708910506,0.10965181925081824,0.13224554026411806
1641783,0.16181386494541694,0.9346283653092273,1.0964422302546444,0.2680942711363459,-0.14423732787644852,0.21674618031114107,0.9348088931020188,1.1515550734131599,0.29620886965791104,-0.11046094169337112,0.32056868007649686,0.9179238470263124,1.2384925271028093,0.2564923174805692,-0.11436646429704633,3829.0,Tristan da Silva,ORL,1.039027579785456,0.08693745368964945,0.14205029684816495
1630581,1.5866046249488062,-0.0383090687623413,1.5482955561864649,1.6127859861002052,0.09301796234507695,1.5204328621018173,-0.2112381896563744,1.3091946724454429,1.6378819871999897,-0.11672900921166501,1.5104648580553122,-0.27293666417077656,1.2375281938845357,1.5941058895262579,-0.2099399282529001,3646.0,Josh Giddey,CHI,2.002798333179494,-0.07166647856090713,-0.31076736230192914
1630846,0.36372952149853854,3.324268212995542,3.687997734494081,0.2082905814206769,3.440451648854703,0.4586069631235493,2.2984630521256517,2.757070015249201,0.35962610108142157,2.298467914735425,0.631021252438805,0.6006504965906491,1.231671749029454,0.49118783705815916,0.5398149519400168,85.0,Olivier Sarr,CLE,3.5809713088708417,-1.5253982662197472,-2.456325985464627
1642366,-0.19465938416103956,1.0318623622885283,0.8372029781274888,0.4441798092887054,0.16591017469986877,-0.09028081214281934,1.3528972928151712,1.2626164806723519,0.601084292282602,0.7305822631411534,-0.08908669586327447,1.3112263885695408,1.2221396927062662,0.5463003874362997,0.7251307787181451,2321.0,Quinten Post,GSW,0.5889898493277396,-0.04047678796608567,0.38493671457877743
1629012,1.3017726024351288,-0.00711524283197823,1.2946573596031505,1.9515985233413193,-0.4894438627503423,1.0802003718959163,0.008992974705228723,1.089193346601145,1.5156822727329953,-0.07729598376804636,1.1345167022164655,0.08712648569581288,1.2216431879122784,1.4647246227094621,-0.03294333296386648,3357.0,Collin Sexton,CHI,0.54283119921569,0.13244984131113346,-0.0730141716908721
1628960,2.1428139068714445,-0.1839451508628407,1.9588687560086038,2.927272756435971,0.595615257240578,1.786594678947068,-0.5605893876777706,1.2260052912692974,2.27860800084015,0.10820473690816426,1.7409217567510502,-0.5195477815317077,1.2213739752193424,2.207863455228873,0.16282511298796143,2901.0,Grayson Allen,PHX,2.775940079210268,-0.0046313160499549255,-0.7374947807892613
1630170,0.992507545441462,0.5111504178340109,1.503657963275473,1.1871025885149447,-0.19827931349726804,0.7650174427703131,0.45542509172477563,1.2204425344950889,0.5809026503369505,-0.22144007291303663,0.7327220756202523,0.46424880267928315,1.1969708782995354,0.5713099745044424,-0.2613403074788307,4087.0,Devin Vassell,SAS,0.9963454391411734,-0.02347165619555347,-0.30668708497593755
1630644,0.8529529717583789,-0.518679631914541,0.3342733398438379,0.4907399683945154,0.3979525155697347,1.5576079840670884,1.267265432853939,2.8248734169210277,1.2701072990304103,2.29253542467305,1.2041938818107267,-0.020697431218015677,1.183496450592711,0.8703237516638432,0.8835620044865216,288.0,Mac McClung,CHI,0.9198989351806175,-1.6413769663283166,0.8492231107488731
201587,-0.21498913337605435,1.5960985763337245,1.3811094429576702,0.15864428019982663,1.1083727907904302,-0.2117200342652662,1.4050865238439911,1.1933664895787248,0.15546688731910638,1.0835865586160476,-0.24112688155281095,1.4237237941648364,1.1825969126120255,0.14770502576239652,1.081744930548337,2547.0,Nicolas Batum,LAC,2.2033883771417058,-0.010769576966699335,-0.19851253034564476
203084,1.7744408615814669,-0.835381380004157,0.9390594815773099,1.1517859651048696,-0.2820186000665839,1.9662076343225199,-0.7539533966998159,1.212254237622704,1.250754071759246,-0.13338700342482174,1.9160671468576125,-0.7393278438122185,1.176739303045394,1.22259636958244,-0.1770923297218025,3997.0,Harrison Barnes,SAS,1.5970504692320828,-0.03551493457730981,0.2376798214680842
1630173,-0.19356988395766062,1.1779383228144302,0.9843684388567696,0.5509030958578184,0.49698848915582494,-0.1257582803906777,1.2442170008769962,1.1184587204863186,0.44886159162964123,0.8111545599100136,-0.1491533439555234,1.320697284422057,1.1715439404665335,0.4157139151095176,0.8623353654452275,3426.0,Precious Achiuwa,SAC,0.1648569120971981,0.05308521998021498,0.18717550160976393
1631159,2.200601855660897,-0.987012281071067,1.2135895745898302,1.023963519100041,-1.2026262123302185,1.7757803988873149,-0.7687746414562643,1.0070057574310507,0.5709790360351936,-0.841578494054378,1.7631146559334467,-0.593138324756529,1.1699763311769178,0.49760599356089696,-0.6739951523464485,1555.0,Leonard Miller,CHI,0.12364420379077723,0.1629705737458671,-0.043613243412912395
1629636,2.5015579003733057,-1.1499195365033088,1.351638363869997,2.2025920924103275,-1.034098016190247,2.5177999816924306,-1.3396045876384082,1.1781953940540224,1.839202842449754,-1.254484163018533,2.508947556783731,-1.3394400743111607,1.1695074824725704,1.7378636137498926,-1.1713357294031126,2616.0,Darius Garland,LAC,1.2277489406570692,-0.00868791158145199,-0.1821308813974265
1642883,0.16558356112018896,1.6041887994152335,1.7697723605354225,-0.332244666065562,0.21589412140255274,-0.2627217285005604,1.4148776103182668,1.1521558818177065,-1.02475567070551,0.2496359677700304,-0.27774284223127577,1.4317614964241767,1.154018654192901,-1.0891163759059581,0.28291057923563473,3683.0,Sion James,CHA,1.8689648262322858,0.0018627723751944991,-0.6157537063425216
1642264,1.1582915793355533,0.17454209907081586,1.3328336784063692,1.952231702038092,0.0778093579035572,0.7677156810373658,0.4262103477800928,1.1939260288174585,1.0411480110116735,0.44285764492739077,0.7161585393467065,0.4307377549426693,1.146896294289376,0.9737151315119917,0.43930297632618215,4144.0,Stephon Castle,SAS,1.217633326995498,-0.04702973452808257,-0.18593738411699334
1641989,0.9248095506258175,1.3338452131256724,2.25865476375149,0.5669618477202986,1.4436689908056257,0.5909300770951432,0.46914229133432095,1.0600723684294642,-0.08717671485253684,0.2894652229331643,0.576657111302767,0.5678254752785737,1.1444825865813408,-0.06178574964630479,0.2926994779710099,1113.0,Elijah Harkless,UTA,0.9247841303350711,0.08441021815187666,-1.1141721771701492
1630619,-0.4986974320217149,2.5029161806908133,2.0042187486690985,-0.8551177875331575,2.1910000156466785,-0.6281781265393328,2.0439753149855577,1.4157971884462248,-1.0337700704877122,1.7096159644420852,-0.4853362026182494,1.6064540119604251,1.1211178093421759,-0.8281368552038705,1.3264225238112224,1116.0,Moussa Cisse,DAL,1.1741331544251326,-0.29467937910404896,-0.8831009393269227
101108,0.6003058927119664,0.8979322314063529,1.4982381241183194,0.20929259460746208,1.5877019943308013,0.2390260916372392,0.9369310958056524,1.1759571874428916,-0.575642565883741,1.5568924531286927,0.3137378886694384,0.7921041410831807,1.105842029752619,-0.044723999923490965,1.3154911094867343,457.0,Chris Paul,LAC,1.23316959465858,-0.07011515769027254,-0.39239609436570033
203944,1.6685272433971157,-0.5379717943287688,1.1305554490683467,2.344345454858938,0.10665879281084437,1.550085970980041,-0.4308684596925689,1.119217511287472,1.685103464594546,0.3120956946185844,1.5633893445762603,-0.4700210465477098,1.0933682980285506,1.6300660290052096,0.28982358437678307,5477.0,Julius Randle,MIN,0.8129334437709473,-0.025849213258921422,-0.037187151039796085
1642389,2.007660900941349,-3.388611218260097,-1.380950317318748,1.7150989607467704,-3.02595677156775,3.531545527413206,-0.9043861809003245,2.6271593465128813,3.3648636843924247,-0.5252953165486274,1.4164645562735094,-0.3260574229554887,1.0904071333180207,1.1913981161278957,0.03389997372088996,92.0,Zyon Pullin,MIN,-1.6740211993604857,-1.5367522131948606,2.471357450636769
1629162,-1.333669081568431,1.0360820578013175,-0.29758702376711343,-1.0938268686424764,0.5039919481574258,-0.08004945341400559,1.274532974950811,1.1944835215368055,0.8263528162177021,0.7194797120873434,-0.15619865848119766,1.234991941183601,1.0787932827024034,0.7589523557598248,0.7426249874549438,555.0,Jordan McLaughlin,SAS,-0.6155535597113455,-0.1156902388344021,1.3763803064695168
1641803,6.4430848536539225,0.6044710092154923,7.047555862869415,6.35360159981658,0.7879481729686993,6.77560568539309,1.453967366284803,8.229573051677892,6.724245221223067,1.6162045232140523,1.0394884576050605,0.016131331924736675,1.0556197895297972,0.9301333792970937,0.16390373582152495,24.0,Tristen Newton,HOU,6.8304627363701025,-7.173953262148095,-5.991936073339618
1628418,0.13129161091879726,0.8301455756112706,0.9614371865300678,1.0576613942246142,0.6098862790547898,0.12901992730155232,0.9853796529846196,1.114399580286172,0.9262875893045475,1.0243878245690157,0.10087813529850284,0.9528124459774515,1.0536905812759543,0.8371930182636719,0.9367756916159391,1423.0,Thomas Bryant,CLE,1.2685178854415302,-0.060708999010217646,0.09225339474588645
1631199,2.0435333526678776,-0.541031669267966,1.5025016833999116,1.6733486766335326,-0.451732720619261,0.950203286454288,0.3421166789971166,1.2923199654514046,0.40915069949347393,0.4876818371563062,0.7829219968130623,0.2576677543540392,1.0405897511671016,0.3231941288894689,0.42227662077717804,620.0,Ron Harper Jr.,BOS,1.253535057427991,-0.251730214284303,-0.46191193223281
1631248,0.21630416928836504,1.0203108042976898,1.2366149735860548,0.7700161116007174,0.47064159596764854,0.03512702486117915,1.027053761264857,1.0621807861260362,0.18793405545161282,0.5400416561361576,0.0001297870699452086,1.0342057273716874,1.0343355144416326,0.15888835900740683,0.5589035915847094,2749.0,Baylor Scheierman,BOS,0.45401856849789474,-0.02784527168440354,-0.20227945914442214
1642504,2.8030327613788866,-1.1083687567040783,1.6946640046748083,2.485180759540386,-0.5740746430114151,2.1823991079145846,-1.4031129353025782,0.7792861726120064,1.861742765823564,-0.9146224968886112,1.8136481023005107,-0.7934064293505684,1.0202416729499424,1.4296709123478535,-0.24254483670956672,478.0,Cormac Ryan,MIL,1.6876964552149998,0.240955500337936,-0.6744223317248659
1642285,2.421837522760015,-1.0684276993285133,1.3534098234315015,3.0028757849166015,-0.5709351594935704,1.8877776342651684,-0.813589168473403,1.0741884657917655,1.8828906288807346,-0.13763210006683635,1.8641730928104756,-0.8576305042039939,1.0065425886064818,1.8340039080540103,-0.1600393712430196,3513.0,Cam Spencer,MEM,1.6495246046936887,-0.0676458771852837,-0.3468672348250197
1630174,1.7485612164927293,-0.581948434854701,1.1666127816380283,-0.059251820965082413,-0.022231490523505114,1.553850951235327,-0.589713482145234,0.9641374690900929,-0.3809666097416873,0.04245594928486146,1.5886041399703612,-0.5837322418771951,1.0048718980931661,-0.40293398377861767,0.09458162519091984,2753.0,Aaron Nesmith,IND,0.7335583599871345,0.040734429003073225,-0.16174088354486216
1631095,0.509527005565006,0.6662402883822658,1.1757672939472719,0.8888136005896,0.12589326485866212,0.40615140980810926,0.5694939962258748,0.9756454060339841,0.0036696974736890875,0.07461144746555098,0.4381247413715105,0.562361635420917,1.0004863767924275,-0.053716971563932514,0.07938795805674503,5361.0,Jabari Smith Jr.,HOU,1.0943496421082228,0.02484097075844338,-0.1752809171548444
1642368,-1.259116383076934,4.495962884091326,3.2368465010143916,-1.6405324287851943,4.664065429951444,-0.4843255338533333,4.8486476146347535,4.36432208078142,-0.811640724018585,4.998934473408065,0.6892116529202329,0.31047282505231266,0.9996844779725456,0.3724028950000867,0.3759970492231562,31.0,N'Faly Dante,ATL,3.0168098093751095,-3.364637602808875,-2.2371620230418463
1642276,0.40691763879122234,0.47014977668762703,0.8770674154788494,1.2113556165144805,0.9758948456523359,0.7134997965267185,0.1792251691863384,0.8927249657130569,1.488678807506273,0.7248512285613854,0.7844164522540352,0.21331124854384628,0.9977277007978815,1.4985062099456496,0.7908704211841908,3613.0,Kel'el Ware,MIA,1.0802850304463192,0.1050027350848246,0.12066028531903217
1631207,-0.6206743450451144,1.8334911661951343,1.2128168211500199,-0.2465616777208237,0.8950858550940121,-0.8688722524080207,1.9597416231751934,1.0908693707671726,-0.62014724507281,1.250628444962286,-0.8222963293756543,1.8120268152462864,0.9897304858706321,-0.5419432234258271,0.9582505381274482,1137.0,Dalen Terry,PHI,0.7421922548593496,-0.10113888489654055,-0.22308633527938782
1642400,2.0457249092152785,-0.589425847243749,1.4562990619715295,1.641066090289831,-0.6114703586404177,1.4930366024593726,-3.2563753409103158,-1.7633387384509431,1.10796464625224,-3.4010689828970464,1.115923607246931,-0.13889628287311204,0.9770273243738189,0.6632232665522845,-0.18437440912688796,161.0,Tristan Enaruna,CLE,1.2005398246620609,2.740366062824762,-0.4792717375977106
1641815,-1.2817582569278636,1.9007642173319017,0.6190059604040381,-1.2526608384133517,1.8377055173764145,1.5928932688292188,-0.8513848141516391,0.7415084546775796,1.7169513888630759,-0.9638775825785466,0.5958581985460624,0.38027908128341614,0.9761372798294785,0.691925863559751,0.28222213785331013,95.0,Isaiah Stevens,SAC,0.6197384867234261,0.23462882515189887,0.3571313194254404
201569,0.22689999736248673,-0.5190961516508408,-0.29219615428835405,0.1689991513584566,-0.61864602639396,0.933680706057122,0.7029061534648356,1.6365868595219575,1.5139011549432275,1.6919934252535045,0.6508445410443743,0.32440595688712315,0.9752504979314974,1.0544012548680195,0.9859309242912908,153.0,Eric Gordon,PHI,-0.8024189647107434,-0.66133636159046,1.2674466522198515
1642886,1.2069196422640027,-3.085176679611057,-1.8782570373470542,1.3793360724770314,-3.114507268552583,2.7296452832072453,0.8083588650787901,3.5380041482860354,2.946907186661233,0.9482332389257163,1.1253252850734985,-0.15455944663240379,0.9707658384410947,1.2975892266124815,-0.0626528057016727,161.0,Koby Brea,PHX,-2.364464698619331,-2.5672383098449405,2.849022875788149
1642363,-0.3819837420065789,1.149090202578589,0.76710646057201,-1.0346764991776682,-0.3110244083237184,-0.4133437048331021,1.4227312426226053,1.0093875377895032,-1.2534575552653044,0.07227516928240688,-0.43083266458924874,1.394519892187367,0.9636872275981182,-1.3160259348563073,0.09704553397711274,3733.0,Nique Clifford,SAC,-0.2695715061194822,-0.045700310191384985,0.19658076702610816
1629637,-0.6701290940145161,1.5905437593048828,0.9204146652903666,0.35126575052921327,0.970334525873365,-0.3150147819764497,1.3597079858856826,1.044693203909233,0.9872656135849811,0.4228909473064445,-0.3508351573194668,1.3110960918097951,0.9602609344903283,0.8895156922671174,0.3905935485413115,2423.0,Jaxson Hayes,LAL,0.8345193279583341,-0.08443226941890458,0.039846269199961704
1642269,1.5885191530726042,0.3511396047543136,1.9396587578269178,1.077412655279189,0.22199725953725039,1.5209487113225197,-0.8538642623363796,0.6670844489861402,0.853741779613705,-1.4866400372689283,1.4209336524193545,-0.47273459146289476,0.9481990609564598,0.7705623080347689,-0.8899708454878819,1420.0,Devin Carter,SAC,1.6656063264849166,0.2811146119703196,-0.991459696870458
1630530,1.23264746630223,0.4759202661526397,1.7085677324548696,2.5364653975995375,0.5404325389507301,0.7083503755276936,0.24116311153643655,0.9495134870641302,1.7813435091491592,0.07181811487287051,0.6980179471327522,0.2492773925138795,0.9472953396466317,1.7621068776525624,0.06644826606112156,4834.0,Trey Murphy III,NOP,2.1517724975564745,-0.002218147417498484,-0.7612723928082379
1631205,-1.7730932529995205,-1.9665337920445791,-3.7396270450440996,-1.9722374531253783,-2.2600818221557715,0.19427476163308213,0.6606161143932782,0.8548908760263603,0.07860450875348049,0.4556544592119002,0.5047785658562773,0.4410976283597795,0.9458761942160568,0.43610901212095665,0.23374061454327966,31.0,Buddy Boeheim,OKC,-4.094775847806655,0.09098531818969657,4.685503239260156
1643257,0.9054406835616807,0.4611569483617749,1.3665976319234556,0.8243512381447781,0.46463634051781555,2.5048914300583207,0.2899514392525654,2.794842869310886,2.4758063940570465,0.2597354263976064,0.7804466423117632,0.16275420496847529,0.9432008472802385,0.7313604727777075,0.13311384523268138,45.0,Jayson Kent,POR,1.1885647733274598,-1.8516420220306475,-0.42339678464321717
1641737,-0.5869233308286208,0.7224889874770589,0.13556565664843812,-1.6740693017624189,0.34377384606773936,0.08678920612480447,0.8141829625503963,0.9009721686752008,-0.7497855194920036,0.5514867650668908,0.11640514555317291,0.8212862379112095,0.9376913834643824,-0.7780548880284873,0.6121962410134334,2534.0,Adem Bona,PHI,0.04547400515408517,0.03671921478918161,0.8021257268159443
1641761,-2.5916968855605984,3.1261872444457897,0.5344903588851913,-2.8339742706452915,3.240224619440817,-2.0893081766375636,4.679618785711961,2.5903106090743973,-2.2741757126951883,4.800844953143973,0.248909192965939,0.6766710764743565,0.9255802694402955,0.08975227638206318,0.7289506123614742,70.0,Grant Nelson,BKN,0.4917901337652202,-1.6647303396341018,0.3910899105551042
1626192,-0.587022505612884,0.1986756345671289,-0.38834687104575516,0.189384793463016,0.07526266071432611,0.2891522391470316,0.9654306768183,1.2545829159653317,1.8876068851472791,1.500718569743714,0.1512411465464368,0.7683997675068361,0.919640914053273,1.6010479205551658,1.098260263806006,580.0,Pat Connaughton,CHA,-0.5601203149026465,-0.3349420019120587,1.3079877850990282
1630699,0.307342754624996,-0.2262853887794839,0.0810573658455121,0.6063061983913218,-0.8246060898532585,0.053351907684758684,1.2016706179602936,1.2550225256450522,0.33539230612593596,0.9890854492851117,-0.007651173646686077,0.9204273925060648,0.9127762188593787,0.27680574811820935,0.5860711890720822,411.0,MarJon Beauchamp,PHI,0.017215543698171132,-0.3422463067856736,0.8317188530138666
1630182,0.4198271970369317,0.7544434133071214,1.174270610344053,1.0225179903796824,-0.14290984036939777,0.09513038135591163,0.8036061547378656,0.8987365360937772,0.4315469222316709,-0.03374650900599069,0.08920043859411511,0.8160132591524045,0.9052136977465196,0.40909863089153053,0.022248570872846624,1779.0,Josh Green,CHA,0.7085522053763169,0.006477161652742369,-0.2690569125975334
1629622,1.5156416019613648,-0.09412371418416007,1.4215178877772048,2.134417948045687,0.0781046677706366,1.4411517729030654,-0.6684677838998888,0.7726839890031766,1.8226076292822522,-0.9959042323534717,1.25811493412061,-0.35777486885412013,0.9003400652664898,1.461369887882431,-0.33579845314020523,610.0,Max Strus,CLE,1.8938645267060612,0.1276560762633132,-0.521177822510715
1630598,0.4609394278816288,0.16803385578831448,0.6289732836699433,-0.41391797393407703,-0.2987158199749225,0.6735868284611488,0.21412467978324934,0.8877115082443982,0.05538526609920205,0.21953490912356216,0.6460408157652152,0.24010047669108672,0.8861412924563019,0.02355007765453987,0.2375766372861406,2836.0,Aaron Wiggins,OKC,0.34768228488784564,-0.0015702157880962408,0.2571680087863586
1627759,2.0691781338671533,-0.76558717827831,1.3035909555888434,3.0645022156387656,-0.03132115941738619,1.53083130592929,-0.683022881283547,0.8478084246457429,1.5938787734180593,0.28512982020320154,1.5433889747180733,-0.6585731642745748,0.8848158104434986,1.5339757294066172,0.33204704768599597,4793.0,Jaylen Brown,BOS,1.3940739994656286,0.03700738579775564,-0.41877514514534486
1630264,-0.11450953022335127,0.43257406444449553,0.3180645342211443,0.016694251890480682,0.3300387036706079,0.2537049038855902,0.6017286343620025,0.8554335382475927,0.6987632658687175,0.6498725042105742,0.25223129818010204,0.6240295798124745,0.8762608779925766,0.6385495750892031,0.6693394131016488,1966.0,Anthony Gill,WAS,-0.5542494831519851,0.020827339744983853,0.5581963437714323
1642347,0.5992288923783212,1.4051760216473008,2.004404914025622,0.9088883896368664,0.865129925711699,0.25205832479767903,0.5645426148097297,0.8166009396074088,0.24935489043252437,-0.31098503998404836,0.17638378771508034,0.6934874047225671,0.8698711924376474,0.1919254431786228,-0.27332447707297236,3780.0,Jamal Shead,TOR,2.473944392959969,0.053270252830238674,-1.1345337215879745
1630590,-0.23686716342727399,2.05332696509425,1.816459801666976,0.46215515630811643,2.1054612204198144,-0.2061572440082171,1.298497489236882,1.0923402452286648,0.37518309244136494,1.148504493245115,-0.368108656641717,1.2310204265323872,0.8629117698906702,0.3263472640887132,0.5778600102885083,457.0,Scotty Pippen Jr.,MEM,1.5538383627366796,-0.2294284753379946,-0.9535480317763058
1630228,-0.14999551173676245,0.9665541795909556,0.8165586678541932,0.14743029726817564,-0.9596582084745696,-0.3045370632138079,1.202866427921109,0.8983293647073011,-0.14043751071871377,-0.30147259837058055,-0.3612523661842334,1.2209530059626275,0.8597006397783941,-0.14500332003411187,-0.24789223622112055,1739.0,Jonathan Kuminga,ATL,0.1186870017263856,-0.03862872492890701,0.043141971924200884
1642461,-0.5016577924091731,1.4956513827226876,0.9939935903135145,-0.15242760876280803,0.4148352600379953,-0.6661186903693459,1.5251672930968492,0.8590486027275033,-0.5344059735832491,0.5209250795377995,-0.7161499855644299,1.5744336305789428,0.8582836450145129,-0.5796550338629743,0.5593954934028571,2814.0,Spencer Jones,DEN,-0.5136099049276588,-0.000764957712990344,-0.1357099452990016
1630551,1.433225667012561,-0.8298759307145982,0.6033497362979627,0.9587998426774665,0.3122105595691955,1.8988402963636868,-1.0249798137172934,0.8738604826463934,1.7678992702091954,0.1147434503038528,1.9021678747640498,-1.0464089401942853,0.8557589345697645,1.7309922246258975,0.12965260490586578,2876.0,Justin Champagnie,WAS,0.30772259839006455,-0.018101548076628893,0.25240919827180175
1631131,1.1380558161137702,-0.4911538524411271,0.6469019636726431,1.1620810921001015,-0.2354139525939883,1.1900709397355014,-0.4843316759654968,0.7057392637700046,0.9895179792546716,-0.23846140956531148,1.0540707657035064,-0.20637645561770407,0.8476943100858023,0.8280824937718229,-0.002742196174035455,920.0,Oscar Tshiebwe,UTA,0.14637687881830985,0.1419550463157977,0.20079234641315924
201599,-2.0710694528724933,1.15771718194824,-0.9133522709242534,-1.2028755952976709,0.8003844457665313,-0.6918148316914452,1.963145268495889,1.2713304368044438,0.9177593420618082,1.9173803072343119,-0.7288873274927588,1.5736374570598681,0.8447501295671094,0.804863551591939,1.395718784111406,367.0,DeAndre Jordan,NOP,-1.2606324122668975,-0.4265803072373344,1.7581024004913628
1629726,0.10255013950516169,0.9328946566187908,1.0354447961239526,1.780497518240002,0.3851032543491982,0.06412451426726219,1.036100233217815,1.1002247474850773,1.824385011781724,0.5271112893504154,-0.12692327495788805,0.9708431345976883,0.8439198596398003,1.3639850819600867,0.4275302453237024,413.0,Garrison Mathews,IND,1.3788338302053764,-0.25630488784527694,-0.19152493648415225
1629628,1.554521679749714,-0.8706272183294429,0.683894461420271,1.316917990802625,-0.5581626318836411,1.4431852142537052,-0.6324133783252511,0.810771835928454,0.9319223592553281,-0.11571887360613992,1.4260606815779675,-0.6022653960132247,0.8237952855647428,0.8849453285948677,-0.12611610601007955,3473.0,RJ Barrett,TOR,-0.30179020664939293,0.013023449636288764,0.1399008241444718
1628381,0.5660233191008915,0.3934375871606336,0.9594609062615251,1.0479400090826791,0.5858052191163544,0.47630266216355344,0.30423960529244687,0.7805422674560003,0.6830078146636803,0.4638406914012482,0.5156365947322904,0.307643416776336,0.8232800115086264,0.6377283565903877,0.5282278251711234,3669.0,John Collins,LAC,0.3624685725415743,0.04273774405262609,-0.13618089475289874
1642402,-0.7719034140193518,2.829735664119349,2.0578322500999975,-1.1937442087829484,2.7776679758311804,-1.060236474210905,0.5850806468915589,-0.475155827319346,-1.4210740669963153,0.388864051137357,0.3445554350645208,0.4691263490908637,0.8136817841553845,0.03298839279795407,0.2373772689676346,85.0,Enrique Freeman,MIN,1.7173188438974618,1.2888376114747304,-1.244150465944613
1628467,-0.8159170976430863,1.6500737090346802,0.8341566113915939,-1.045182520930912,1.237825681268772,-0.586473426192808,1.3859281886724935,0.7994547624796855,-0.6137200610964417,0.6910575983375856,-0.5113589629777807,1.319202269830581,0.8078433068528003,-0.45086176159856584,0.6308849260383593,940.0,Maxi Kleber,LAL,0.28046916474409034,0.008388544373114759,-0.026313304538793658
1642271,0.9114488660824005,-0.23074934283644666,0.6806995232459538,0.12686409962193268,0.5533075264095991,1.264326894260134,-0.45086995048947875,0.8134569437706552,0.47741069010583015,0.2936092058258777,1.2613174595229826,-0.4592673892354163,0.8020500702875663,0.3999533229636175,0.2678900116641376,3787.0,Kyle Filipowski,UTA,0.10363738346130444,-0.011406873483088997,0.12135054704161241
1642878,0.7933344705170734,-1.3925267713488887,-0.5991923008318153,0.7226479072377706,-1.4205009184082742,0.9975175333347827,-0.04161207207000059,0.955905461264782,0.9504023302078897,0.20040711544882056,0.8907172489366837,-0.08940223046485254,0.8013150184718312,0.7786236863185523,0.16803768703861754,1080.0,Tyrese Proctor,CLE,-0.3511442528555254,-0.15459044279295087,1.4005073193036464
1641807,5.021351521165425,-1.3413196596013879,3.6800318615640366,4.995525604764351,-0.884829144383566,4.567311070181483,-2.3000853330161015,2.2672257371653814,4.601791468270439,-1.8785999511970162,1.1014636290902764,-0.3048895899007388,0.7965740391895376,1.0891273826615544,0.1392050416403361,47.0,Norchad Omier,LAC,3.663326490767263,-1.470651697975844,-2.883457822374499
1631210,-1.264373804223564,0.08843383551004971,-1.1759399687135141,-1.1098979723204256,-0.16914525747906414,0.9211814047663722,2.5683147519314558,3.489496156697828,1.1780981878813879,2.3837884146888975,0.32881344423712267,0.4439375358173624,0.7727509800544851,0.5601483690765939,0.1676444237684246,33.0,Jacob Toppin,ATL,-1.2968196485945427,-2.716745176643343,1.9486909487679993
1641871,0.5366858940311796,-0.4754683419729046,0.061217552058275004,0.5234310471730951,-0.7046794448109389,0.48365716646144863,0.28857206417215897,0.7722292306336076,0.3442310871916954,0.44058104450613456,0.3906062930034354,0.3760884881497726,0.766694781153208,0.4134954262199403,0.512393359341786,542.0,Duop Reath,POR,-0.10986731509128056,-0.005534449480399606,0.7054772290949329
1628970,1.090250546073901,-0.16067424424764581,0.9295763018262551,1.592391297978994,-0.3337031453444604,1.1453887484635978,-0.2475395189814138,0.897849229482184,1.226908716378852,-0.2874748683668458,1.0473961710856297,-0.28204564779908,0.7653505232865496,1.2010884533070416,-0.3297778461912166,4795.0,Miles Bridges,CHA,0.8092369462821569,-0.13249870619563442,-0.16422577853970544
1630314,1.164067294996344,-0.9839957196124374,0.1800715753839066,0.7824775922804095,-0.4643297781423606,1.7317147396102974,-0.9328492380397081,0.7988655015705893,1.9452527916748055,-0.2424802061913907,1.7229558591921832,-0.9777469721891031,0.7452088870030801,1.9040660392058535,-0.2523382224132685,3115.0,Brandon Williams,DAL,0.24693548229622775,-0.05365661456750925,0.5651373116191735
1642938,1.2602826451094282,-0.4468687089057131,0.8134139362037152,0.7795134223961951,-0.39517407551560796,0.171324775611291,3.7401377893778935,3.9114625649891845,-0.34045948311617724,3.944012605742899,0.5865721930578455,0.14949114990490542,0.7360633429627509,0.0421628971656719,0.21370779762854974,180.0,Curtis Jones,DEN,0.49131657520029437,-3.1753992220264338,-0.07735059324096427
202691,0.2903857549572374,-0.023656793907028018,0.2667289610502094,0.2080159091323539,-0.797893684215259,0.52391859001979,0.24935669002225247,0.7732752800420425,1.1186304479413416,0.046389831391318526,0.48201806636862354,0.23861899131114775,0.7206370576797713,1.1104470971804004,0.018597980281862464,3201.0,Klay Thompson,DAL,0.7677894053138405,-0.052638222362271225,0.4539080966295619
1642278,-0.3025566196643516,0.7094972920020156,0.406940672337664,0.2721800980148022,-0.5794843747030224,-0.5948441534108901,1.325943318632886,0.7310991652219958,-0.11438711959169964,0.40394587773461355,-0.650666296022339,1.3630876205751028,0.7124213245527637,-0.12656876162615793,0.36012430307565996,1470.0,Tyler Kolek,NYK,0.35195813261281284,-0.01867784066923206,0.30548065221509973
203937,-1.5180420709795484,2.5573457304493443,1.039303659469796,-0.4254506265236908,1.7360408250564354,-1.3935392123423924,2.0380749435875023,0.6445357312451099,-0.06920609332132208,0.7463514739282411,-1.3789546558466086,2.08996465779521,0.7110100019486014,-0.08938498165033237,0.800713653056061,1822.0,Kyle Anderson,MIN,0.28998268953744577,0.06647427070349154,-0.32829365752119455
203484,-0.5612281011229675,1.5341078245382571,0.9728797234152896,0.7113130741459406,0.07289601404360824,-0.7915492582607918,1.3259874535453564,0.5344381952845646,-0.09410159936324922,-0.6382536376409703,-0.6859253762548507,1.3874174430590587,0.701492066804208,-0.10555887524647167,-0.47537077082264195,2259.0,Kentavious Caldwell-Pope,MEM,0.4722576302034872,0.16705387151964335,-0.27138765661108166
1630322,-0.18673791997010358,-0.32078598925206814,-0.5075239092221717,-0.1768476476365901,-1.1111425255197058,0.07335881811073054,0.5851253169060947,0.6584841350168252,0.43054222329673086,0.2546496839305021,0.0446567859552455,0.6466129299643483,0.6912697159195937,0.45670206502555677,0.28194206873522915,577.0,Lindy Waters III,SAS,-0.5052126212743071,0.03278558090276851,1.1987936251417655
1642857,1.7022295858626568,-0.8808247676997325,0.8214048181629243,0.9699521295472023,-0.6365809337202012,1.3208467868207938,-0.6074745181171052,0.7133722687036886,0.32833400144550595,-0.15209255151041495,1.2880596039443777,-0.5971548745653837,0.6909047293789939,0.26944650465510445,-0.14171511892054905,2023.0,Kasparas Jakučionis,MIA,1.0714269650120056,-0.022467539324694696,-0.13050008878393038
1641710,-0.6349436378109482,1.6277588450863456,0.9928152072753974,0.3927443074136552,0.5112043344907234,-0.677670788319625,1.2359178004629294,0.5582470121433044,0.17922302518462627,-0.14112303821946365,-0.5324481086005368,1.2210967379937907,0.6886486293932539,0.10636481357662375,-0.14024715321942127,3902.0,Anthony Black,ORL,1.8700879840637552,0.13040161724994948,-0.3041665778821435
1630679,0.07380573146805121,0.6193028237970256,0.6931085552650769,-0.4337371534423604,-0.04886886497820949,0.2876905912804647,0.02057768546820704,0.30826827674867174,-0.14269366747943954,-0.7553539999110326,0.28631350420867263,0.39142850729741774,0.6777420115060904,-0.12687750218350147,-0.2978818182074921,1352.0,Ethan Thompson,IND,0.11172311750883868,0.3694737347574186,-0.015366543758986495
1630230,0.6922897631362749,-0.046410357764973875,0.6458794053713011,0.8864778591572572,-0.4916300529841658,0.5634111369761632,0.06305027619339432,0.6264614131695575,0.7795974151691902,0.04330328389427107,0.5696833727613492,0.10355499194276713,0.6732383647041162,0.7342387483392958,-0.005169523876939863,4636.0,Naji Marshall,DAL,-0.29196981099184016,0.04677695153455874,0.02735895933281518
1642914,1.9258264423277776,-1.8524212691081883,0.07340517321958928,1.5417849377712805,-1.0838879361209919,1.79442585795407,-1.0619109778594535,0.7325148800946164,1.340078752764647,0.04578908924288583,1.7101882272079525,-1.0395334462773376,0.6706547809306149,1.1977314341901613,0.11203650760184078,1701.0,Javon Small,MEM,-0.06770768290827545,-0.06186009916400148,0.5972496077110256
1628370,1.5668559287903367,-0.9562084718424172,0.6106474569479196,1.0170101101706268,-1.0779152946692308,1.4871740464686303,-0.7920151209544036,0.6951589255142266,0.3656992341502465,-0.942122023876178,1.4302664636502176,-0.7724567743693372,0.6578096892808803,0.32500320080951967,-0.8744684795355435,2775.0,Malik Monk,SAC,-0.14737548405381284,-0.037349236233346295,0.047162232332960796
1631218,-1.484739880964923,0.7051235688333705,-0.7796163121315526,-1.327634282909437,0.22371363889584753,-0.8802415343877814,1.706322077137162,0.8260805427493807,-0.33495350020329595,2.0999372790538837,-0.8640313044816069,1.5161588039492324,0.6521274994676255,-0.2348024866754791,1.710578785183693,1044.0,Trayce Jackson-Davis,TOR,-0.6006887161776797,-0.1739530432817552,1.431743811599178
1642490,2.6897435687380082,-1.110402950824712,1.5793406179132963,2.0823977724907055,-0.779657942467895,1.1569591355744584,-1.2955476412475067,-0.13858850567304826,0.5036511186409502,-1.0271309141430154,1.0886945927845493,-0.4376352526740227,0.6510593401105266,0.4692537327184487,-0.10005901497113046,182.0,Josh Oduro,NOP,1.4938471845383459,0.7896478457835748,-0.9282812778027697
1642450,0.9222064597827887,0.0098315034657242,0.932037963248513,0.5132078117490032,-0.3936982077607329,0.7346081237563085,-0.1014117163326343,0.6331964074236742,0.200700729636586,-0.22714754796710973,0.7034722764618548,-0.05322330465873604,0.6502489718031188,0.15082888372629766,-0.20125946679596685,2959.0,Daniss Jenkins,DET,0.134539588826361,0.01705256437944458,-0.28178899144539415
1642866,0.8651965034567912,-0.37236577249899183,0.4928307309577994,0.2741499454132009,0.1518588315144986,1.2433419261122598,-0.4014453985617614,0.8418965275504984,0.8223706248346107,0.20297674326922965,1.0976853439146643,-0.4560713845161656,0.6416139593984987,0.5936804034198994,0.14877496594454476,674.0,Joan Beringer,MIN,0.25097764931421146,-0.20028256815199963,0.14878322844069936
1641801,-0.005853713540378613,0.04533099487034131,0.0394772813299627,-0.05493373894567144,0.20571025812733681,0.7415029358295208,0.928349791849656,1.6698527276791768,0.7352762051528304,1.0802026390952864,0.5043059757940083,0.10792103281218254,0.6122270086061908,0.49463582650105054,0.2536487204621006,67.0,Emanuel Miller,CHI,-0.10760378106945673,-1.0576257190729859,0.5727497272762281
1626220,0.10714466901251986,0.9515493044561041,1.058693973468624,1.037348046108555,1.1074059314455413,-0.13418273586703655,0.800014243245181,0.6658315073781444,0.36839589737710965,0.6090738466027281,-0.1306181745866393,0.7286724543849874,0.5980542797983481,0.33334285509339023,0.6218767825898344,4424.0,Royce O'Neale,PHX,0.8847943014057184,-0.06777722757979632,-0.4606396936702759
1642884,-0.5367640538769266,1.6287488246448556,1.091984770767929,-0.7325646475766023,1.5203348164681643,-0.687226803647597,2.0525386447840495,1.3653118411364524,-0.86419981523322,1.926925910171462,0.24485388066520258,0.34133209892951455,0.5861859795947171,0.08490355307086006,0.20643222771154784,36.0,Vladislav Goldin,MIA,0.6175905618018562,-0.7791258615417354,-0.505798791173212
1628420,-1.2608519988923057,0.041918535441197724,-1.218933463451108,-2.207599074711204,-0.5168602375567988,-0.842450699970565,0.21582762851167392,-0.6266230714588911,-1.3290638230908998,-0.41137013027342306,-0.020039343670621185,0.5794251311843522,0.559385787513731,0.050357813989792666,0.24597700715970772,135.0,Monté Morris,IND,-1.8132465435690193,1.186008858972622,1.778319250964839
1631102,-0.7411322207733472,2.554860175109729,1.813727954336382,-0.4753386580688541,2.747624839777997,-0.01797137790139168,1.8390598378977683,1.8210884599963766,0.4363903008732175,1.96034965277821,-0.06326173796870907,0.6192972140698538,0.5560354761011448,0.3584311442778022,0.5773149787366059,175.0,TyTy Washington Jr.,LAC,2.2209338378720784,-1.2650529838952318,-1.2576924782352372
1631116,-0.4169799045684419,1.0193297042392206,0.6023497996707787,0.26807588939313676,0.15390977523360547,-1.3715109365507014,2.376165922508861,1.0046549859581597,-0.8371854568107793,1.7720698257059047,-0.7186424466758494,1.2740834657906477,0.5554410191147983,-0.08983701877118999,0.4424141981069634,211.0,Patrick Baldwin Jr.,SAC,0.654935368554314,-0.44921396684336146,-0.04690878055598047
1627747,-0.17827510440825922,0.5781348186009027,0.39985971419264343,0.3397961413194507,0.6185990639655977,-0.22136840241447053,0.8148842553880505,0.59351585297358,-0.006205613199577881,1.1188360254918415,-0.23520879623983595,0.787367574714748,0.5521587784749121,-0.05102579482817016,1.075833011552194,2377.0,Caris LeVert,DET,0.30345797014860637,-0.04135707449866788,0.1522990642822687
1631133,0.12887768664654167,0.043104675114275126,0.1719823617608168,0.04864807788087,-0.4934975905700493,0.5032665001651268,0.17305002048877993,0.6763165206539067,0.42816367771520836,-0.14312512362977542,0.29569464226111064,0.2549790418390927,0.5506736841002033,0.3740943533229283,-0.06947109950930686,1578.0,Jabari Walker,PHI,-0.14045126919364814,-0.12564283655370334,0.3786913223393865
1627746,3.077977702236341,1.5930415054108238,4.671019207647165,2.995345890652105,1.6542723626186009,-0.9173602410040974,0.07583158489604228,-0.8415286561080552,-1.0050628439851779,0.060514815103043296,0.31665421434250085,0.23401824486972342,0.5506724592122243,0.2473676743431168,0.24060244055090663,71.0,Skal Labissiere,WAS,4.389128596386897,1.3922011153202796,-4.12034674843494
1629640,0.8370848613746278,-0.11666223845099033,0.7204226229236375,1.5695945533587463,-0.9885050599955433,0.7457959320346222,-0.2463522049744148,0.49944372706020745,1.2226985673832906,-0.8379667587273745,0.7530246177251185,-0.21118778371531752,0.541836834009801,1.1786366411261016,-0.8409500179517815,3829.0,Keldon Johnson,SAS,0.4848228637374478,0.04239310694959353,-0.17858578891383647
1631123,-1.1257300297898556,1.2441804301301131,0.11845040034025756,0.307921535658822,0.17324828919711735,-1.1550917479396774,1.7479687674163245,0.5928770194766471,0.2554489127517783,0.9939205870428715,-1.1446182557825768,1.6830689297451187,0.5384506739625419,0.23951402959121815,0.851991603375112,1249.0,Jamaree Bouyea,PHX,-0.0008752444799934866,-0.05442634551410519,0.4200002736222843
1630180,1.6965462768078041,-1.0309734586434345,0.6655728181643696,1.8811925500284512,-0.882625421044927,1.5767087856160231,-1.084254443836763,0.4924543417792602,2.044722239030525,-1.0488161360520587,1.6551603426737145,-1.1194900553896052,0.5356702872841093,2.049284510507018,-1.1243698528012904,4643.0,Saddiq Bey,NOP,-0.2893124939746903,0.043215945504849085,-0.12990253088026038
1629023,-0.34525906854121835,1.239189214686366,0.8939301461451475,-0.27931038397350705,0.6037829625337782,-0.6910740634195828,1.172213863432673,0.4811398000130903,-0.7808494247307969,0.7248933780732495,-0.768612899451561,1.2957919822291146,0.5271790827775537,-0.8270210216595052,0.7663906690020774,3630.0,P.J. Washington,DAL,0.9357966456688549,0.04603928276446334,-0.3667510633675939
1641763,-0.583841967652061,-0.35780514151408865,-0.9416471091661496,-1.3970130727578,-0.32383378414854264,0.3136274548521773,0.29747992900148035,0.6111073838536576,0.012797585738780787,0.7365109373429606,0.3792743101867373,0.14732519575453903,0.5265995059412764,0.030171546319186615,0.4966348868928367,920.0,Julian Phillips,MIN,-1.4450636251846494,-0.08450787791238124,1.468246615107426
1628975,0.0987312435816758,-0.17910987764126685,-0.08037863405959104,0.3401311717258586,-0.0849361143137399,0.36174004416432637,0.10756362364992139,0.46930366781424776,0.9106218603919418,0.6379000392991537,0.352666235956247,0.17390042986716212,0.5265666658234092,0.8678966017891493,0.6644079858900955,1748.0,Jevon Carter,ORL,0.12623933644251956,0.0572629980091614,0.6069452998830002
1630256,-0.9077249142645324,0.682626660377251,-0.22509825388728144,-0.2582365931510249,-0.7019766885803308,-0.7506172340651691,1.1002866044898725,0.34966937042470336,0.09024134833339029,0.168830433935997,-0.6726418397908591,1.1629033317346404,0.4902614919437813,0.17755818519080135,0.34195677129433794,803.0,Jae'Sean Tate,HOU,-0.9710702967982248,0.14059212151907796,0.7153597458310628
203924,1.2598961876627572,-0.6659953559857155,0.5939008316770418,1.8568901827303823,-0.7057701128503541,1.104930974001781,-0.6450592400469367,0.45987173395484426,1.2991935023426824,-0.6851940564734282,1.1215434802120414,-0.6328496303965934,0.48869384981544806,1.2617492149921303,-0.7225873843483561,3475.0,Jerami Grant,POR,0.4260084344604445,0.028822115860603792,-0.10520698186159372
1643047,-0.09889326731271762,-1.1748517123600033,-1.273744979672721,-0.2516227771087196,-1.2292774679972924,-0.07176821122037734,-0.6648424613218313,-0.7366106725422087,-0.20632349086626586,-0.6639587326535608,0.44511213973640296,0.02304240659703498,0.46815454633343795,0.294986117099129,0.0009371379704057048,83.0,CJ Huntley,PHX,-1.505436024235999,1.2047652188756466,1.741899526006159
1642845,1.416370805531373,-0.2179740962675305,1.1983967092638426,1.0428563344304878,-0.004803896798807793,0.8789264786240042,-0.43427474271277405,0.44465173591123014,0.10370548845787278,-0.1572768291537962,0.8950110837811303,-0.4384158154846699,0.45659526829646035,0.04974444286476554,-0.11893588693130625,5404.0,VJ Edgecombe,PHI,1.4884211061181185,0.011943532385230216,-0.7418014409673822
1642856,-0.09161809810447911,0.19422596772761247,0.10260786962313335,0.05602731559749874,-0.5623105471298581,-0.0830560590333055,0.5164573112483816,0.4334012522150761,0.008831447354689909,-0.25782473950979984,-0.08181694506664425,0.5217044042573845,0.43988745919074024,-0.04526110504071956,-0.26596812142466003,2609.0,Egor Dëmin,BKN,0.21252132256544495,0.006486206975664155,0.3372795895676069
1631222,1.0828006242103143,-0.22289595166000653,0.8599046725503078,0.5651951162863814,0.7023974365399533,0.8198935028282202,-0.3833743621484019,0.43651914067981823,0.1319125611161204,0.34228617740113476,0.7146863333504323,-0.2748656312174981,0.4398207021329342,0.0679978465872787,0.3882415960214049,4169.0,Jake LaRavia,LAL,0.9809874919029922,0.0033015614531159976,-0.42008397041737355
203903,0.8207750452065431,-0.7557951136417702,0.06497993156477289,0.8491082898822956,-1.1620286924634318,0.7340788821783998,-0.38610269803312375,0.34797618414527604,0.5354567217561993,-0.3079497602374994,0.7432824455348666,-0.30425022975393534,0.4390322157809312,0.4788218646662451,-0.22650921339198943,2549.0,Jordan Clarkson,NYK,1.22035892022923,0.09105603163565518,0.3740522842161583
1631127,1.5227695475377323,-2.9269154502157395,-1.4041459026780072,1.4548258745239893,-3.1061240800772847,0.9481750097803058,-1.324324536146908,-0.37614952636660226,0.916178931516743,-1.4775584043724668,0.29620170266353907,0.1426498199179371,0.4388515225814762,0.22656057411128583,0.006230102597324205,49.0,Harrison Ingram,SAS,-1.671911120173565,0.8150010489480785,1.8429974252594834
1641809,0.05959291975536553,1.0893672449305478,1.1489601646859133,0.1139192096839689,1.263925205276625,-1.2243681755876477,2.0404716463914117,0.816103470803764,-1.2607482459434487,2.2856735384556375,-0.12079535120877616,0.5518037630265931,0.4310084118178169,-0.05740251422779241,0.6493857422848199,129.0,Drew Peterson,CHA,1.2794268444667654,-0.3850950589859471,-0.7179517528680964
1641842,-1.3634419541201852,2.335037438875906,0.9715954847557209,-0.16564580327994827,0.7223551877904681,-1.6939690839875998,2.0908181449249947,0.3968490609373949,-0.9879840009152934,0.7007216439859568,-1.7082039775136708,2.13626979079982,0.428065813286149,-1.0482291773047652,0.7723669505639057,3194.0,Ronald Holland II,DET,0.8063681526683903,0.031216752348754095,-0.5435296714695719
1643060,1.923418434952175,-3.1589028596208744,-1.2354844246686993,1.7167918484987204,-3.048036029506882,1.1827173675973826,-0.9154653355947864,0.2672520320025962,0.965227946623709,-0.8231731729016174,0.5891748167773297,-0.1637847023141885,0.42539011446314123,0.38164039866588084,-0.0636411228631984,52.0,Hayden Gray,UTA,-1.4397033063772517,0.15813808246054506,1.6608745391318407
1641794,1.1117787901304614,0.3871555661048025,1.498934356235264,1.640161403645148,0.635415689454155,0.9820891726903929,1.0483535980011451,2.030442770691538,1.555180373570883,1.3909871357596097,0.2502577156988792,0.17252905209557892,0.4227867677944581,0.644587681063476,0.325638431202633,81.0,Dillon Jones,NYK,1.0330467311692932,-1.6076560028970799,-1.0761475884408058
1626162,1.0011288662056768,-0.2997416830440025,0.7013871831616743,0.9180370645361956,0.803966092363752,0.7908293291848695,-0.3395841952299161,0.45124513395495336,0.27668885980858204,0.870979639462517,0.6907868866873677,-0.2687526257360354,0.42203426095133223,0.22128082951227301,0.8723598581051737,3220.0,Kelly Oubre Jr.,PHI,0.2762840106838166,-0.02921087300362113,-0.279352922210342
1642449,-0.8345551241066556,0.5631499260074863,-0.2714051980991693,-0.8748501048631934,0.3120857525021816,-0.316260578234566,0.3632937121047324,0.04703313387016639,-0.27507957923152004,0.14144454444742754,0.03480040798006559,0.38503529301160067,0.4198357009916662,0.10374892844872435,0.1517947993616774,276.0,Tolu Smith,DET,-0.45059375328109585,0.37280256712149984,0.6912408990908355
1630695,0.11267475802709516,-0.037202093080953624,0.07547266494614153,1.1241059727250349,-0.08179886511795839,0.3685496665314676,0.14728067000920045,0.515830336540668,1.5762569587854078,0.4018800271781404,0.34044786753677114,0.07144653835741058,0.4118944058941817,1.4752007344039995,0.34405279999951066,1916.0,Micah Potter,IND,-0.28404014946394757,-0.10393593064648632,0.33642174094804017
1642468,-19.970859525918872,-1.1828364235678461,-21.153695949486718,-20.10957851990445,-0.988871104980157,-8.394668752011647,1.109047521499722,-7.285621230511925,-8.492587958063378,1.2766103345003184,0.39607553454059086,0.0152549328004528,0.41133046734104367,0.30608746631864936,0.18271401557534517,4.0,Darius Brown,CLE,-21.314515504041204,7.696951697852969,21.565026416827763
1642263,0.22497169969491593,-0.25315604734207897,-0.028184347647163044,1.3036254794741873,0.16742552400885194,0.419108504562958,-0.05847026031358582,0.3606382442493722,1.1377696883349595,0.46288871694377576,0.4029463420593411,-0.001426575122931345,0.4015197669364098,1.1203159341779894,0.5243165422977341,4265.0,Reed Sheppard,HOU,-0.11984614049420517,0.0408815226870376,0.4297041145835728
1629060,0.3199309268699053,0.47688700253231386,0.7968179294022192,-0.3222285416898104,-0.7320454267783806,0.1756620975901968,0.31466368631843367,0.49032578390863046,-0.4338301694780846,-1.0719446675408866,0.17081914080419888,0.2190774861369135,0.3898966269411124,-0.4656036256360113,-1.1444446028640174,3854.0,Rui Hachimura,LAL,-0.5758688825257254,-0.10042915696751809,-0.4069213024611068
1629656,0.6169552466830638,0.28986117126579414,0.9068164179488579,1.3141984899087893,-0.22403286202306402,0.242767314037161,0.16202478258557973,0.40479209662274074,0.4661022750615019,-0.48031280677149923,0.21502270450690833,0.17368671862677723,0.38870942313368556,0.40503688567069285,-0.5007469204410593,4546.0,Quentin Grimes,PHI,1.2321214578358355,-0.016082673489055177,-0.5181069948151724
1641747,0.6250334701725456,-0.8779268928052884,-0.2528934226327427,0.8487192704780823,-0.753733784897913,0.5051766180492269,0.15164575944481065,0.6568223774940375,0.6981036036970347,0.4125726326717495,0.42580692438073775,-0.037984202081610616,0.3878227222991271,0.6122602885893927,0.16721637806900785,407.0,DaRon Holmes II,DEN,-0.5106952694970689,-0.26899965519491037,0.6407161449318699
1641775,0.5566085945055248,0.025759413219256566,0.5823680077247814,0.37606360855577536,0.6769673180723942,0.36845685978406806,0.05362027742744768,0.42207713721151574,-0.247650947445458,0.7554446961132523,0.29554566965291784,0.07195823710059882,0.36750390675351663,-0.2816042681905977,0.7685353976598948,2341.0,Jordan Walsh,BOS,1.0575510536815271,-0.05457323045799911,-0.21486410097126474
1630538,0.9149099199990237,-0.475971158391952,0.43893876160707174,1.832722944360961,-0.6372183606576997,0.6666197031130395,-0.2906712077590381,0.37594849535400143,1.4153647772493223,-0.158186991877722,0.6512269977410323,-0.2897305135118037,0.36149648422922864,1.3300935214414764,-0.10032186937141463,2481.0,Bones Hyland,MIN,0.5685010780958918,-0.01445201112477279,-0.0774422773778431
1631457,-0.22940288840041967,-4.029137031971822,-4.258539920372241,-0.45386647215775766,-4.223789342826884,-4.159645427846937,-2.4295866813388707,-6.589232109185808,-4.3942004214765555,-2.609145954109054,0.02138576433806612,0.334759696221529,0.3561454605595951,-0.14779522470751216,0.16590608002536122,47.0,Alex Morales,ORL,-4.5506622770629175,6.945377569745403,4.614685380931837
1642959,0.8737880798280596,-0.6315762509531488,0.24221182887491077,1.2410755656182562,-0.631648018406748,0.29266076712543077,0.39713596493005204,0.6897967320554828,0.6378350890032334,0.4477509683540929,0.14277695092748602,0.17481165453341,0.317588605460896,0.49419719552651786,0.18774137355870657,384.0,Chris Youngblood,POR,0.011764855822035014,-0.37220812659458674,0.07537677658598524
1629651,-1.1958211304254427,1.8717057407970594,0.6758846103716167,0.5747812094309149,1.623523588375219,-1.3011272273810006,1.6265049999790961,0.3253777725980955,0.15778404774842406,0.9333307057109926,-1.2817253383850293,1.5846441951028067,0.3029188567177774,0.084507371399134,0.9594342303184817,3790.0,Nic Claxton,BKN,1.2984589549163796,-0.02245891588031812,-0.3729657536538393
1630191,-0.7920724296619205,1.1919060356489435,0.399833605987023,0.23326775891802537,0.9078203206699375,-0.9879567696397273,1.2645442785605554,0.27658750892082806,-0.6219301225332823,1.067518368324095,-0.9744275222820796,1.275877563868241,0.3014500415861613,-0.6632011133291263,1.1289107520946515,2680.0,Isaiah Stewart,DET,0.024978074143710893,0.024862532665333226,-0.09838356440086171
201959,-2.677990291014772,1.1441413194425476,-1.5338489715722246,-1.6404693144543856,0.6259383265341705,-1.6018054270616555,1.2786787462765083,-0.32312668078514717,-0.18002938743521055,0.8392760888016355,-1.1511809556366377,1.4485957286502222,0.29741477301358454,0.4622022143363186,1.110632776961982,194.0,Taj Gibson,MEM,-1.3858914000453975,0.6205414537987317,1.831263744585809
1630171,0.4512873203221816,-0.12001529915453969,0.33127202116764193,0.3337297120519287,-0.11412791989479923,0.3100922031865365,-0.027544386976294244,0.2825478162102423,-0.06613978187812428,0.11831999053842623,0.31706031191899176,-0.028874054737908078,0.2881862571810837,-0.12066889610613185,0.17655390429931894,3522.0,Isaac Okoro,CHI,-0.19855133558023463,0.00563844097084143,-0.04308576398655822
1630643,-1.2545998096512359,1.8625146830200754,0.6079148733688395,0.853809373890578,2.0584439728274933,-1.2521038043866282,1.5301623651595362,0.278058560772908,0.660738710483743,1.4091685110749554,-1.2729466215243346,1.5511566298530444,0.2782100083287098,0.6205185164458688,1.4625576703584537,3549.0,Jay Huff,IND,1.1155415359124752,0.00015144755580176472,-0.32970486504012975
1629216,0.31907093521232205,-0.18584582267312694,0.1332251125391951,0.10317192041394974,-0.3542461456055264,0.2840094147150007,-0.0018669108177939986,0.2821425038972067,0.0006203897275997294,-0.1797706599485242,0.2429877051635115,0.026969081331576272,0.2699567864950878,-0.010893549649469758,-0.04708510079364617,1797.0,Gabe Vincent,ATL,-0.8122725166829683,-0.012185717402118879,0.1367316739558927
203648,-2.244221343905703,2.8826166099921986,0.6383952660864955,-1.384401440231163,2.780339348554457,-2.5612231550023408,2.78860638411982,0.22738322911747932,-1.7379457065557211,2.6745319702691344,-1.5931084523393981,1.856504823358426,0.2633963710190279,-0.6598346977685899,1.5846200021617853,279.0,Thanasis Antetokounmpo,MIL,1.2723525969604603,0.036013141901548584,-0.37499889506746764
1642918,-1.824198399793691,-0.3452999065093889,-2.1694983063030797,-1.8609152353763752,-0.16514683882768008,-0.16592553625816464,0.7501302434063647,0.5842047071482,-0.05281383096692291,1.021546685033571,-0.006067253434036607,0.26069717475134235,0.2546299213173058,0.12116870377694916,0.4601453400665421,292.0,Alijah Martin,TOR,-1.5149338260751584,-0.3295747858308943,2.4241282276203853
1631170,1.0275647848779519,-0.6613545618855936,0.3662102229923583,0.7069483281360296,-0.9819085575657635,0.8639247800673703,-0.6795530838622692,0.18437169620510108,0.0920674220957596,-0.48369135574849054,0.8764407345773293,-0.6364474463040447,0.2399932882732846,0.03468260978461801,-0.4887711771416317,4559.0,Jaime Jaquez Jr.,MIA,0.00017168137129863759,0.05562159206818351,-0.1262169347190737
1642877,-0.3702188507538521,0.22252902434339417,-0.14768982641045791,-0.7618650757131986,0.05668142759914161,-0.4937947889628742,0.8632036425809069,0.36940885361803266,-0.8749830061720367,0.795489903157718,-0.5015120202411838,0.7396779967939405,0.23816597655275673,-0.8609558788163395,0.6966910955013581,1925.0,Micah Peavy,NOP,-0.6016905050975834,-0.13124287706527593,0.38585580296321464
1629611,1.217724280590735,-0.5990351510422569,0.618689129548478,0.665916987708591,-0.08915394155254006,0.8728065169068145,-0.7081655209261337,0.16464099598068083,-0.045952830339534206,-0.15121852240603928,0.8752027430397525,-0.6540304092275081,0.22117233381224444,-0.12158304850201362,-0.11785814097329755,3022.0,Terance Mann,BKN,0.025422668509502366,0.05653133783156361,-0.39751679573623355
1642911,-1.9565195204531396,1.512505228338623,-0.4440142921145165,-2.337681538561013,1.9252147829329083,1.3142222459615054,0.22401806691038684,1.5382403128718922,1.054531082347953,0.6003140723937838,0.7199593804414952,-0.5133204354723665,0.2066389449691287,0.4143020279141556,-0.14964437301176425,74.0,Rocco Zikarsky,MIN,-0.5771678421623803,-1.3316013679027634,0.6506532370836452
200768,-0.2991822566593869,0.7273369244442796,0.42815466778489264,0.8493459675926464,0.5924250231290077,-1.3230198458260487,1.17853268142446,-0.1444871644015886,-0.8753513347779409,1.320920178081714,-0.8440145269715402,1.0482358937558245,0.20422136678428426,0.05573880430992695,1.0474392873798928,257.0,Kyle Lowry,PHI,1.1947811956709047,0.34870853118587286,-0.22393330100060838
1631211,-2.0263835393018392,-1.1666706122684032,-3.1930541515702426,-1.9871352751047886,-1.2161759865419433,-0.3767453084933511,-0.33537417079772536,-0.7121194792910764,-0.3129854974265407,-0.39458633634176343,0.2057816377953287,-0.004042003100715369,0.20173963469461334,0.28521405668747396,-0.07123111573047786,36.0,Trevor Keels,MIA,-3.5549113697920687,0.9138591139856898,3.394793786264856
1641774,-0.8477061837299323,-0.3929178948287142,-1.2406240785586466,0.06828790688543118,-0.12704150263042416,-0.0860085273975064,0.513056678118604,0.4270481507210976,1.0905346901840225,1.0525657814138558,-0.10861263977102767,0.31016244007288185,0.20154980030185418,0.966149828987842,0.857474408964501,1419.0,Tristan Vukcevic,WAS,-1.2572018907624778,-0.2254983504192434,1.4421738788605007
1631200,-1.3615234327727757,1.396878356277417,0.03535492350464131,-0.10472104968287754,-0.03603469683044854,-1.2813955918655513,1.5564656431958923,0.275070051330341,-0.09549757712402981,0.3982453292909224,-1.3972361128562014,1.5981632501056109,0.20092713724940947,-0.1285971263995095,0.39263065406047487,2758.0,Kris Murray,POR,-0.5712734663746757,-0.07414291408093154,0.16557221374476816
1630583,0.99682273112568,-0.4723798693575608,0.5244428617681192,1.3766309262762948,0.8466796129048325,0.7194828567471943,-0.5793883280632631,0.14009452868393113,0.6204488053351493,0.7544291916263057,0.6998731728076895,-0.5077777128042796,0.19209546000340982,0.5786949144164686,0.6803485893895753,2523.0,Santi Aldama,MEM,0.31217875350260443,0.052000931319478694,-0.33234740176470934
1630649,-1.0260432132446444,5.66187098687334,4.635827773628695,-0.2002762554994978,5.855352199035176,0.6431909188792759,5.29695618625849,5.940147105137767,1.580635286243043,5.41846252825079,-0.3473900780543331,0.5331163445937044,0.1857262665393713,0.5638145554098238,0.3558244942564821,10.0,Stanley Umude,SAS,4.86532668722721,-5.754420838598396,-4.4501015070893235
1629021,-0.09321914291990092,0.03838358842301798,-0.054835554496882946,-0.38949695675503315,0.6325234610549921,0.07815994311248164,0.49718636578328723,0.5753463088957689,-0.03222429044587047,1.3590671970664503,-0.03693709997736622,0.2223144280650509,0.18537732808768467,0.08535571467310088,1.0052488371955828,838.0,Moritz Wagner,ORL,-0.18411896511663162,-0.3899689808080842,0.24021288258456763
1642950,0.5648677305629971,1.097251785076784,1.6621195156397812,0.05003988204315635,1.2075576221890407,-0.31425325845622587,0.262355847900105,-0.05189741055612085,-0.9217166329672011,0.37872004165136575,-0.06485107341323751,0.24346948683927025,0.17861841342603274,-0.6856857185462587,0.24580292390827552,740.0,Lachlan Olbrich,CHI,1.1949143054686968,0.2305158239821536,-1.4835011022137485
203952,0.08496899523990299,0.5034992720404201,0.5884682672803231,1.2813990787948963,0.3758793557388979,0.02477657347818797,0.27918132567701326,0.3039578991552012,1.1785004886183288,0.0741035997396649,-0.04338940473314237,0.22055161937833204,0.17716221464518966,1.1555494175197243,0.06784052143039906,4447.0,Andrew Wiggins,MIA,0.26981096102292734,-0.12679568451001155,-0.4113060526351334
1630658,-3.710358498951394,0.7869653396262891,-2.9233931593251046,-3.829581127684727,0.842215872484788,-1.5261210496039812,2.6363939808054657,1.1102729312014845,-1.3471746507851132,2.986335449881364,-0.152960455528262,0.32871369906247017,0.17575324353420815,0.25701350807915857,0.34014295619108675,42.0,Colin Castleton,ORL,-3.2449914959608206,-0.9345196876672763,3.0991464028593128
1626171,0.25517732163148643,0.0631824671357612,0.31835978876724763,0.6574228732680869,0.1028835599046373,0.36411394812682496,-0.2311736488919259,0.13294029923489906,1.076496982689237,-0.05683245902157938,0.39902091035574294,-0.2257616817511942,0.17325922860454873,1.0526481550226672,-0.12433944071634345,3147.0,Bobby Portis,MIL,-0.05538032652518621,0.040318929369649675,-0.1451005601626989
1641732,3.4299473036335573,1.4602104963724154,4.890157800005973,4.498850635215054,1.491857938176035,2.729680897762042,-2.787203870090864,-0.057522972328821975,3.7246032321312468,-3.5119825540179104,0.0732771885353237,0.09915100906087174,0.17242819759619543,0.6326331260612146,-0.09068150903494776,14.0,Colby Jones,DET,4.964637101492485,0.2299511699250174,-4.7177296024097775
1642967,1.6758340884973106,-0.6800180655056125,0.9958160229916981,1.299295627382263,-0.4954768946199282,1.1018402009106123,-1.2938964691601047,-0.1920562682494924,0.650799436678495,-1.269966286441349,0.9754741336511732,-0.8056652117608631,0.16980892189031005,0.5307560630183562,-0.5172084508380399,551.0,John Poulakidas,DAL,0.9522884826778628,0.36186519013980245,-0.8260071011013881
1642951,-2.027865060182278,-2.306346321714014,-4.334211381896292,-2.0295208116938652,-2.2029144653225137,0.7870138329123509,-1.447850973728099,-0.660837140815748,0.8615087609196848,-1.3678712946729967,0.3322827964866657,-0.16468359704682284,0.16759919943984286,0.3817712464849249,-0.06595798579976692,62.0,Sean Pedulla,LAC,-4.407167417956101,0.8284363402555908,4.501810581336135
1631223,1.4751031386429245,-0.6494800979507258,0.8256230406921987,3.0346552187546956,-0.1771687839618423,2.5250796657805488,-1.189341532111173,1.3357381336693757,4.593857800165341,-0.8750699082799196,0.5970538186996123,-0.44808088068473206,0.1489729380148802,1.8329702665164107,0.021329571834093786,154.0,David Roddy,DEN,1.3997730917663183,-1.1867651956544956,-0.6766501026773185
1642259,-1.564967644283541,2.0470459117105593,0.4820782674270183,-0.4071094802939461,1.2466932548375778,-1.8090404989585318,1.9523555524199847,0.1433150534614529,-0.9960968244431232,1.156048085209251,-1.7758352941568762,1.9228703096259192,0.14703501546904296,-1.0079648510214776,1.2098595515051778,2661.0,Alex Sarr,WAS,0.0870184564076597,0.003719962007590061,-0.33504325195797535
1628379,1.3438325189365392,-1.2605613141752117,0.08327120476132754,0.9054211445276464,-0.46918306010378236,1.4004376781630898,-1.3362158298378817,0.06422184832520816,0.8285719487100635,-0.6324412064830467,1.3430481970819088,-1.200123542083686,0.14292465499822282,0.8076416358280247,-0.6343634427795475,3420.0,Luke Kennard,LAL,-0.7112065165039227,0.07870280667301466,0.05965345023689528
1641869,0.8633820573058771,-0.5520404184537151,0.31134163885216204,0.8107404179193036,-0.07925242670795932,0.30149564051447525,-0.8113499075519033,-0.509854267037428,0.2488608735572391,-0.3344109598481234,0.3406946144344293,-0.20296860737390213,0.13772600706052715,0.29442662155529586,0.40485405417881154,744.0,Malachi Smith,BKN,0.40049546722434437,0.6475802740979552,-0.1736156317916349
1630249,0.08016739176649725,0.40337871680363535,0.4835461085701326,1.2260259358946515,0.054174692721172875,-0.23835735469320607,0.3553341224387203,0.11697676774551424,0.4935212544036738,0.07451155632264642,-0.2428904339087641,0.37473464296342984,0.13184420905466573,0.4363118630092985,0.0875459813086476,2881.0,Vít Krejčí,POR,0.6922043885448363,0.014867441309151491,-0.3517018995154668
1643133,-0.7583838327953564,1.3999584324786103,0.6415745996832539,-0.8131516422441936,1.4247713175850698,-0.96378462644868,1.093165489331,0.1293808628823201,-0.9905471008449434,1.0924350805005307,0.014546854742295362,0.10342025840722188,0.11796711314951724,0.004489059593902223,0.08033390148472203,111.0,Lawson Lovering,MEM,0.4313922927045627,-0.011413749732802847,-0.5236074865337367
1630214,-2.137098018138026,1.5118649509194417,-0.6252330672185844,-0.733705500057358,0.9151670077748092,-1.5927771366662224,2.139123444705616,0.5463463080393935,0.08975031146027815,1.787708876960934,-1.414541816388285,1.5207368678743183,0.10619505148603325,0.20803984573746453,0.8948907646152406,364.0,Xavier Tillman,CHA,-0.05360455817950749,-0.4401512565533603,0.7314281187046177
1631216,1.001251929863525,-1.4282194272453401,-0.42696749738181516,2.2552610107568345,-2.1573170750617363,0.38068154244613606,-0.9991790007793289,-0.6184974583331928,1.38780464359061,-1.629089592255451,-0.07253062461130858,0.17740534657767346,0.10487472196636488,0.7408076205741078,0.032592934855991795,160.0,Caleb Houstan,ATL,-0.32219760272360287,0.7233721802995576,0.53184221934818
1626204,-1.6386443993163808,1.761821119710844,0.12317672039446315,-0.28407377763235886,1.3455077248111325,-1.7114370722981627,1.7661238971164765,0.054686824818313884,-0.6241305242014035,1.3348079423863175,-1.5474542473611026,1.650666570934066,0.1032123235729634,-0.40222362817596646,1.1541719136046193,877.0,Larry Nance Jr.,CLE,0.10433586157159369,0.04852549875464951,-0.019964396821499752
1641824,0.4448162005131051,0.02204563994051892,0.466861840453624,0.47339881829093977,0.035418093768426924,0.2813373486324927,-0.19191872874453553,0.08941861988795718,0.29478967635767295,-0.12210603218290828,0.27269490367659455,-0.1753038121627804,0.09739109151381414,0.26062377083539956,-0.08134000545991682,4744.0,Matas Buzelis,CHI,0.1946015428826267,0.007972471625856958,-0.36947074893980986
1642384,-0.4240194288840594,-0.31841351083432834,-0.7424329397183878,-0.13163631849035484,-0.51609951302367,-0.6936025202376328,-0.11062455116142655,-0.8042270713990594,-0.3828064421765258,-0.3467386538610945,-0.25781282895266855,0.3536046167292476,0.09579178777657904,0.07474845751803527,0.18629070258492397,169.0,Isaiah Crawford,HOU,-0.991605541060413,0.9000188591756384,0.8382247274949668
1641787,-3.999440417431756,-0.07714160458440544,-4.0765820220161615,-4.160375380201385,-0.8205001581030408,-3.1904623007749735,3.0127783729101605,-0.17768392786481302,-3.099028129326439,3.1556064128007493,-0.5309516477075938,0.6111180346168879,0.08016638690929401,0.232822534146025,0.16645114089875324,17.0,Tosan Evbuomwan,NYK,-4.8142910202429,0.257850314774107,4.156748408925456
1630245,0.3991232985506563,-0.4635669326137192,-0.06444363406306286,1.2292586775632826,-0.8813456439745914,0.29143734527932497,-0.22376677403350556,0.0676705712458194,1.0430049991515666,-0.19146585525136728,0.2759258009254275,-0.1993305404384027,0.07659526048702481,1.0176492683449556,-0.17680671009693794,3969.0,Ayo Dosunmu,MIN,-0.9094384327005015,0.008924689241205402,0.14103889455008767
1642404,-0.98136779908296,-1.5745461987375267,-2.5559139978204866,-0.760560543152176,-1.6344523504088158,-0.391662147082805,1.145828677515194,0.754166530432389,-0.08726138628971178,1.4018230436009174,-0.31765727100352625,0.3662709730927628,0.04861370208923654,0.026411563296521612,0.5214503508547654,527.0,Chaz Lanier,DET,-2.348833707164436,-0.7055528283431525,2.604527699909723
1641790,-2.4534797235691066,-0.37226735934437527,-2.825747082913482,-1.8896761213297952,-0.9688360935328969,-0.6414052647175863,0.47266579838635514,-0.16873946633123116,0.05304875849284643,0.015032224895728863,-0.5597797274286725,0.6058383430906539,0.04605861566198133,0.14179879464436607,0.18436105562344013,444.0,PJ Hall,CHA,-3.3632299354422135,0.2147980819932125,2.8718056985754634
203967,-2.103743350371217,-1.235456413946716,-3.339199764317933,-2.659744561663466,-1.8552824363640372,-2.2706115780994525,-0.24193493922827186,-2.512546517327724,-2.877574940366555,-0.474592292815886,-0.27931013886689704,0.32327872185548423,0.04396858298858719,-0.07780940654611568,0.2983750336210634,83.0,Dario Šarić,SAC,-4.1641591328262955,2.5565151003163114,3.3831683473065204
1641753,0.69749680157967,1.0760665159085934,1.7735633174882635,1.1552564596954054,0.9418296631226731,0.10718745519718277,-2.9560798914106634,-2.8488924362134807,0.5700568453477896,-3.339469335309843,-0.1140103312303671,0.15481212826880233,0.04080179703843523,0.3380013056895276,-0.10120353971016888,37.0,Chris Livingston,CLE,1.4047973848935573,2.889694233251916,-1.7327615204498281
1642843,0.43904542448756106,0.3332646607528633,0.7723100852404243,0.7851352338065561,0.0934686257428454,-0.013056065195490199,-0.013959944928178425,-0.027016010123668624,0.19104804284804258,-0.14872155876292914,0.002516793346868884,0.03371834950721045,0.03623514285407933,0.13333495450238442,-0.10383846178727674,4900.0,Cooper Flagg,DAL,0.9891007075201244,0.06325115297774796,-0.736074942386345
203914,-0.47967708783200613,0.4555596007282451,-0.02411748710376105,-0.48793127108664835,0.2018064067562679,-0.4112663334268011,0.45568377454659037,0.04441744111978929,-0.36604194042845495,0.18828548095995862,-0.4960155931493958,0.5254938603519711,0.029478267202575292,-0.2711834828020976,0.28356648221866326,1339.0,Gary Harris,MIL,-0.6774796119276616,-0.014939173917214,0.05359575430633634
1631097,0.12836661118663506,0.10304450809696986,0.23141111928360492,0.68956962918536,-0.814085436660768,-0.18862464964024261,0.17825426716182946,-0.010370382478413154,0.12190624905625061,-0.44927136870977424,-0.1615434366805821,0.18824444269044002,0.02670100600985792,0.04800381307094215,-0.40209520820701544,3220.0,Bennedict Mathurin,LAC,-0.55806649856946,0.03707138848827107,-0.204710113273747
1631247,-1.9623577613072787,0.5356128537718754,-1.4267449075354033,-1.2503534580227749,0.7386652817966891,-0.28870705104702665,1.3796330998141815,1.0909260487671548,0.5437246503774985,1.6281669976248159,-0.32298441128248767,0.34569777391956136,0.022713362637073686,0.4817390864928297,0.5241305655247339,200.0,Luke Travers,CLE,-1.3094259418549066,-1.0682126861300811,1.449458270172477
1629020,-0.04574392738009968,0.30986561399493406,0.2641216866148344,-0.47633936302939617,1.0128979732305445,-0.16487364239065855,0.30072246705823535,0.1358488246675768,-0.6044223903892978,0.9455211530204438,-0.1607858025081946,0.1794914927970345,0.018705690288839893,-0.6185138753856415,0.9024721958081736,2256.0,Jarred Vanderbilt,LAL,-0.07386694845249797,-0.11714313437873691,-0.24541599632599448
1631132,-2.5823912682821017,2.5676359166075535,-0.014755351674548223,-2.5467860919748957,1.638898198834298,-2.67239010195416,2.633380812644157,-0.03900928931000269,-2.7487310833701333,1.759047576625619,-2.215870916927322,2.222724695387774,0.006853778460452098,-2.090208857461366,1.2512627239801093,769.0,Christian Koloko,ATL,-0.9265223021205651,0.04586306777045479,0.02160913013500032
1642280,6.4077516759815865,-6.207064960394533,0.20068671558705375,6.566628554804477,-6.177355157491299,1.4529431592498505,0.4362810426785151,1.8892242019283656,1.5968527140743272,0.5246299807277462,0.20920116404056574,-0.21351519970269844,-0.004314035662132704,0.3411121114362097,-0.13406016735061532,10.0,Trentyn Flowers,CHI,0.09716750143321473,-1.8935382375904983,-0.20500075124918646
1642443,0.02953729823208477,-2.159588340924567,-2.1300510426924824,-0.2830165663880081,-2.261951968428138,-0.6999637499640914,-2.415863054971117,-3.1158268049352085,-1.0318078334980034,-2.525938981012311,0.17358793590350624,-0.18115708856329127,-0.007569152659785028,-0.11336853940089564,-0.23729156793827794,136.0,Jahmir Young,MIA,-2.450587107385142,3.1082576522754235,2.1224818900326974
1630533,-1.1600707660452823,1.4287401080716549,0.2686693420263726,0.7186961316699797,0.6083490683140389,-1.3239819678896094,1.2575503166313275,-0.06643165125828188,0.6875490013433694,0.526319104028412,-1.3258066074042183,1.30448884326319,-0.02131776414102826,0.6285051898166105,0.5354789215377509,2568.0,Ziaire Williams,BKN,0.5710915030158428,0.045113887117253615,-0.28998710616740087
1642854,0.5891543831554271,-0.7954433245344206,-0.20628894137899345,0.6917308759508828,-0.6181315593640125,0.31200660503033967,-0.3280434275132969,-0.016036822482957236,0.28647988284686043,-0.0691716115897984,0.2705125697151807,-0.2964240477678122,-0.025911478052631554,0.24458108834833414,-0.006862850005365989,1067.0,Asa Newell,ATL,0.3058150846605521,-0.009874655569674318,0.1803774633263619
1631094,1.6560324348477398,-1.305976618959737,0.3500558158880027,0.7081534670227992,-0.5287882505713202,1.5245448508893433,-1.187054601233581,0.33749024965576235,0.5595081296572927,-0.2950064019087631,1.3081938430649331,-1.335013152989945,-0.026819309925011803,0.4820776627759922,-0.37177540959229677,5074.0,Paolo Banchero,ORL,-0.4004932184136215,-0.36430955958077416,-0.3768751258130145
1641890,0.3474721586857329,-1.0698138080719042,-0.7223416493861713,0.3239392506239731,-1.4331344401171822,-0.06389563839414757,-3.709444485170231,-3.7733401235643784,-0.13822243673100995,-4.354183769199344,0.12164610837331238,-0.15122404122872588,-0.02957793285541349,0.08626835283139889,-0.3487232670936364,362.0,Tyler Smith,DAL,-0.865581138885867,3.743762190708965,0.6927637165307579
1642362,0.5255903477567042,-1.8331574061860492,-1.307567058429345,0.4219276711147234,-1.6342295341758022,0.25778407130769115,-1.2746144301891804,-1.0168303588814893,0.08004499889062147,-1.060371033850353,0.3651768442366905,-0.40765634388954985,-0.042479499652859354,0.2551056458054221,-0.1404228209592655,132.0,Payton Sandfort,OKC,-1.4203784648106508,0.97435085922863,1.2650875587764858
1642273,-0.24313877889951563,0.5065596285651381,0.2634208496656225,0.44809564556357917,0.37516498501007317,-0.42484934674281605,0.37641616788253685,-0.0484331788602792,0.03813626926833816,0.3653822768961722,-0.4480471213736592,0.39232344090652194,-0.05572368046713727,-0.029141700486229993,0.39541833782876207,2965.0,Kyshawn George,WAS,-0.12263215589622578,-0.007290501606858069,-0.3191445301327598
1629639,1.2455322290831872,-1.1814206051717606,0.06411162391142655,1.73417604802309,-0.7540179655297349,1.107140673465592,-1.3355057379722877,-0.2283650645066957,1.4923328878088258,-0.9216539076287007,1.1276683711543618,-1.1940110669446442,-0.0663426957902824,1.4280168358422585,-0.7919703425601254,2131.0,Tyler Herro,MIA,-0.304797021988345,0.1620223687164133,-0.13045431970170895
203114,0.7958379509563497,-1.263948222438214,-0.46811027148186424,0.1866952603522578,-0.366611407039304,0.7621896525072127,-0.8384566464977928,-0.07626699399058012,0.24766784104165254,0.7287229270143816,0.7719136200763052,-0.8421187635148278,-0.07020514343852269,0.18500500890074317,0.7534087525285789,2947.0,Khris Middleton,DAL,0.9474013200877572,0.006061850552057435,0.39790512804334155
1642910,-1.5377720252995741,0.5794921377878401,-0.958279887511734,-1.5347006167683803,0.7980818702790599,0.20322984962152013,-4.445828761940051,-4.242598912318531,0.2508304730165394,-4.343111833800534,0.24020649309557768,-0.3460695940002315,-0.10586310090465384,0.36416511072090574,-0.1680419747267532,90.0,John Tonje,BOS,-1.1558408768850474,4.136735811413877,0.8524167866070802
1631342,1.812736729356174,-1.4837174454109097,0.32901928394526436,1.4317428924188427,-0.48150919496606476,0.9426101445906931,-1.007371804928367,-0.06476166033767394,0.32604939869813243,0.05684089819163257,0.9383058244673634,-1.0446041600221694,-0.10629833555480594,0.2992006746283049,0.06917143395810996,1608.0,Daeqwon Plowden,SAC,2.1285049418265696,-0.041536675217132,-0.4353176195000703
1628998,-1.0407708357706296,1.9261713854072025,0.8854005496365729,-0.47875858679887107,2.1464508668001496,-3.425885270263853,2.7413934009119356,-0.6844918693519175,-4.23857916444364,3.338660619554406,-1.3339780190374857,1.2212525127122618,-0.11272550632522393,-0.8460741253840963,0.9780462574104904,114.0,Cody Martin,IND,0.97950809113769,0.5717663630266936,-0.9981260559617968
1642274,-0.47895905136249295,-0.040467047509180454,-0.5194260988716735,-0.9690859190909755,0.5539527904270398,-0.13616532567162304,-0.0012423598296118499,-0.1374076855012349,-0.2556867987628628,0.6501467177995578,-0.09673282440233547,-0.019036019177190416,-0.11576884357952588,-0.26663379839017376,0.702944749721724,2648.0,Yves Missi,NOP,-0.41891077434778423,0.021638841921709007,0.4036572552921476
1642863,-2.12098429117752,0.47590498122467517,-1.6450793099528447,-1.9744078382572647,-0.23253745249954003,-1.3005681503586963,1.0077339646558623,-0.29283418570283404,-1.084261257038429,0.6451054483522424,-1.0665316590817693,0.9465464473647519,-0.11998521171701737,-0.8283504660189428,0.4821771123272283,772.0,Khaman Maluach,PHX,-1.8452838451987335,0.17284897398581667,1.5250940982358272
1643141,-1.179418290273076,0.16696177716420557,-1.0124565131088705,-1.2438129138421221,0.07859581168081195,-4.420856633467678,2.643521876947849,-1.7773347565198292,-4.482630332618418,2.585236528152677,-0.5076737691050078,0.3768662515709926,-0.1308075175340152,-0.5158301465515026,0.28514239334501384,63.0,Jahmyl Telfort,LAC,-1.2970862242155639,1.646527238985814,0.8816489955748553
203078,-0.8912294791970502,-0.3815937784148073,-1.2728232576118574,-2.3909258144229524,-0.14826908016254045,-0.20914634976155444,-1.3550253451173297,-1.5641716948788842,-1.0006510159647761,-1.9904848800472181,0.20827401269565432,-0.34876035804333216,-0.14048634534767784,-0.08726255087322421,-0.050434364250594055,240.0,Bradley Beal,LAC,-1.6929179407094141,1.4236853495312063,1.1323369122641795
1642954,0.3523460981938803,0.06814422315317556,0.4204903213470559,1.2188577053703757,0.33940321983933597,-0.2809613305578016,0.1292552596112398,-0.1517060709465618,0.3003433688081796,0.6930190042150461,-0.29091355983348144,0.1468933234235327,-0.14402023640994874,0.26944021734564316,0.7449803202177976,2881.0,Will Richard,GSW,0.711514394552412,0.007685834536613062,-0.5645105577570046
1641755,-0.42534976198826135,0.1100346362145381,-0.3153151257737232,0.08699565405205323,-0.023157452930745635,-1.20981969846987,1.3632933470600368,0.15347364859016688,-0.75531001002566,1.3553698479405294,-0.7955805694284845,0.6493857910180348,-0.1461947784104497,-0.2682892925542101,0.5683048237806834,321.0,Kevin McCullar Jr.,NYK,-0.6874701111490377,-0.2996684270006166,0.16912034736327353
1643018,0.9358155177300254,-2.070977584461179,-1.1351620667311537,0.8719702653260321,-2.4683899393248128,0.5097252819053583,-1.5543449213532199,-1.0446196394478617,0.3719204849972152,-1.8871040692307335,0.47003238263866554,-0.6204081869907573,-0.15037580435209175,0.34757259979440314,-0.8261521631893423,548.0,LJ Cryer,GSW,-1.6907419215896415,0.89424383509577,0.984786262379062
1631120,-0.24626978149924156,-0.5421473324300624,-0.7884171139293039,-0.0302242771837663,-0.12115746921189505,-0.4644066969769185,0.6800199098697217,0.21561321289280322,-0.2926093335149983,1.2383665486070314,-0.30104946923936693,0.1319811910914138,-0.16906827814795314,-0.11787126978178097,0.6135163676483113,428.0,JD Davison,HOU,-0.7487572694159791,-0.38468149104075633,0.6193488357813508
1628997,-2.0123764886362028,1.536363803485879,-0.4760126851503237,-1.2682825077826227,0.977353711348712,-1.9032677996323069,1.809564138667929,-0.09370366096437777,-1.04444183642308,1.6491132867709375,-1.9403426287668564,1.764730695227295,-0.1756119335395614,-0.9737806933592058,1.5437998311634635,1792.0,Caleb Martin,DAL,-0.5769940892159597,-0.08190827257518363,0.3004007516107623
1630639,-0.7451110970034284,0.3217669635698577,-0.4233441334335707,-0.4739852365382464,0.6886501076760932,-0.6973705529086343,1.1500970015063343,0.45272644859770006,-0.325487045778183,1.8437527463814023,-0.5854100017892447,0.405913213677473,-0.17949678811177172,-0.08244948691446763,0.7249706161797249,451.0,A.J. Lawson,TOR,-0.1461175082976623,-0.6322232367094718,0.24384734532179897
1631338,1.3887796466027904,-0.7302958503853234,0.658483796217467,1.7448775538869161,-0.1903598213755727,-0.5251864856253902,-0.2149564875737498,-0.74014297319914,-0.19688976653665488,0.3500976338342634,0.05006897927404699,-0.23550128998548656,-0.18543231071143956,0.3563273544389546,0.29295340164932876,96.0,Mouhamadou Gueye,CHI,0.7266424354245792,0.5547106624877005,-0.8439161069289065
1627741,0.13927892872023884,-0.8761931602204203,-0.7369142315001814,1.0924063141920737,-0.4585687464380456,0.11580936945877697,-0.3470775508337617,-0.23126818137498473,1.339907255926966,1.1073775923917109,0.13068756770848985,-0.3231081455497534,-0.19242057784126357,1.2682433040581027,1.067245265619395,1718.0,Buddy Hield,ATL,0.27492074407325295,0.03884760353372116,0.5444936536589179
1642868,-0.9682297561175442,-0.2699238764349431,-1.2381536325524873,-0.8901909246712043,-0.7613937088582722,-0.7553340617330258,0.6088359904383039,-0.1464980712947218,-0.5864994824428773,0.4453676198258789,-0.7495689525689021,0.5204330981332449,-0.2291358544356572,-0.5649914417084386,0.33356774149122553,1618.0,Carter Bryant,SAS,-1.0735753476874854,-0.0826377831409354,1.0090177781168301
1643158,0.12540931760406981,1.8017814556164742,1.927190773220544,0.5210028610018778,2.2766307577951896,-1.4986421492158744,1.5833133637658934,0.08467121455001902,-1.2887939167782843,1.9573431101322791,-0.8271889230038582,0.5937225451456238,-0.23346637785823432,-0.5782225771787827,0.8956093325937611,361.0,Andersson Garcia,UTA,2.055861385121134,-0.31813759240825334,-2.1606571510787784
1628964,-1.7727158889537054,1.3694600745706325,-0.4032558143830729,-1.0342478267451745,1.4461830418907924,-1.696676442117397,0.9882547895736441,-0.7084216525437529,-1.037175106851142,0.8881648326721417,-1.052675306109544,0.812962545200894,-0.23971276090865,-0.07179914282610589,0.6454919499300129,87.0,Mo Bamba,UTA,-0.4967737203385756,0.4687088916351029,0.16354305347442288
1627824,-0.10294824874579141,-0.21699105756920326,-0.3199393063149947,-0.2561399951330031,-0.0884853053764719,-0.07635784328574009,-0.20295885347653936,-0.27931669676227944,-0.13526240223632577,0.2784466055854809,-0.06806766984157195,-0.19073016696834397,-0.2587978368099159,-0.13342959376629504,0.2938992972433883,2062.0,Guerschon Yabusele,CHI,-0.806903857172034,0.020518859952363522,0.06114146950507876
1642272,0.00806691207157427,-1.0285663032302241,-1.02049939115865,-0.34810596490415024,-1.7577287754726547,0.19764793038454237,-0.4252149136926526,-0.2275669833081102,-0.11741254781309482,-0.7272845491101857,0.11203519718332611,-0.37243827079101355,-0.26040307360768744,-0.1325723800385037,-0.6355394319525425,2394.0,Jared McCain,OKC,-1.570936253596842,-0.032836090299577236,0.7600963175509625
1629614,0.5931527671657623,-0.3137677014732848,0.27938506569247745,1.805034698499675,-0.38855519875267236,0.2515715299400114,-0.45920739570096203,-0.2076358657609506,0.9849004076123531,-0.6877690224082117,0.24061467079725604,-0.5089187739166164,-0.26830410311936037,0.8987016799180477,-0.7358404324515324,3688.0,Andrew Nembhard,IND,-0.013190276252495248,-0.06066823735840976,-0.5476891688118378
1631288,0.9959225358412196,-1.3624314304213851,-0.36650889458016556,0.7106655417224285,-1.128321515154943,0.6816788540301518,-1.1565988611914513,-0.47492000716129945,0.31232579438981223,-0.8892564285386357,0.661394627267753,-0.9356986478563653,-0.27430402058861225,0.28299737382511203,-0.47440139736598647,986.0,Jamal Cain,ORL,-1.4517870932283523,0.2006159865726872,0.0922048739915533
1642359,-0.8505738523295088,-1.0816347482713187,-1.9322086006008274,-0.37467179027047315,-0.9991384297374041,-0.34602092666881723,1.172222021122399,0.8262010944535818,0.15747961244214367,1.4869749258417322,-0.4028185997110164,0.08070881155419699,-0.32210978815681945,0.1623786396261911,0.3047114881701915,278.0,Pacôme Dadiet,NYK,-1.9593734928904367,-1.1483108826104012,1.6100988124440079
1631109,-1.2001809181394443,0.46354233857145255,-0.7366385795679917,1.1397016032641814,0.8602471387492986,-0.8527118284086213,0.5795021147247162,-0.273209713683905,1.4941201155795463,1.03272908012196,-0.8181757043922883,0.4817516776863242,-0.33642402670596405,1.4237680965724686,1.0161154198326672,2874.0,Mark Williams,PHX,-0.32797658275609376,-0.06321431302205904,0.4002145528620277
1642382,-0.202239827970572,-1.0708674205074384,-1.2731072484780104,-0.0752140540254731,0.09319441112836599,0.616413438361485,-0.7652796454790523,-0.14886620711756726,0.7860283021212854,0.5570845124513472,0.5010721237783955,-0.855675007437443,-0.35460288365904746,0.7267732428935466,0.4328305651053989,1013.0,Branden Carlson,OKC,-1.0401606182558143,-0.2057366765414802,0.9185043648189629
1642885,-0.38098351957067783,-0.5404965977095166,-0.9214801172801945,-0.6672055049774048,-1.4801729790140545,-0.3106580105812174,-0.3073975226176129,-0.6180555331988302,-0.6063252260587599,-1.1264311780179,-0.2957221443982089,-0.05901851280705525,-0.35474065720526415,-0.5336799800219069,-0.8821700648046766,1195.0,Mohamed Diawara,NYK,-1.3171487833508986,0.26331487599356607,0.5667394600749304
1642948,-0.0878697939302729,-0.2243136720671124,-0.3121834659973853,-0.2246540290194562,-0.8206595174504313,-0.4955776224464006,0.28830985905444795,-0.20726776339195263,-0.9564293721238233,-0.1481970115589123,-0.5149319588737855,0.1484818266191222,-0.3664501322546633,-0.9798186382469559,-0.15381853765857223,2411.0,Ryan Nembhard,DAL,-1.4066508868151417,-0.15918236886271064,-0.054266666257277996
1631101,0.6325811196291642,-0.42146981431213737,0.21111130531702682,0.9524757197483195,-1.2522457225053294,0.2829565237732572,-0.5731382690296075,-0.2901817452563503,0.0445504341733515,-1.6228089888593829,0.19326410947814132,-0.5600966487554112,-0.3668325392772699,-0.03282820593279845,-1.5929444997670676,3061.0,Shaedon Sharpe,POR,-0.28382878982522586,-0.07665079402091957,-0.5779438445942967
1630536,0.1845088009988442,-1.6186832227774317,-1.4341744217785874,0.18028263311947534,-1.6932841116469686,0.4517271239341347,-1.0821569162557676,-0.6304297923216329,0.6142062359135458,-0.9930084015029126,0.4387448396064756,-0.817520053489876,-0.3787752138834004,0.5583843170004755,-0.6648630349390297,1468.0,Sharife Cooper,WAS,-2.0378672246840037,0.25165457843823247,1.055399207895187
1642874,-1.9879045679628897,1.0062050999290215,-0.9816994680338682,-0.7655049011067061,-0.178009263158615,-1.580458930725428,1.2009429639583997,-0.37951596676702826,-0.17872336033511624,0.14134719491406272,-1.6009104360140036,1.2060673590618425,-0.39484307695216114,-0.23252393950613415,0.12531328169927952,2317.0,Danny Wolf,BKN,-0.4786213530983383,-0.015327110185132886,0.5868563910817071
1629028,-1.1515331231431687,0.5470688494243616,-0.6044642737188071,0.007904525032034426,0.6865824554040925,-0.9126338314871683,0.5210634893185778,-0.39157034216859044,0.01360546700935375,0.7358320738905381,-0.9509406543316935,0.5507903563451416,-0.4001502979865519,-0.07394789270945146,0.7700177220327455,3889.0,Deandre Ayton,LAL,-0.16204874114065004,-0.008579955817961449,0.20431397573225518
1631111,-1.574102023162226,-0.2165011655695318,-1.7906031887317577,-1.2362667380833718,-0.06919878426625733,-1.122910829451901,1.0744124505702755,-0.04849837888162556,-0.6800326301428739,1.5049644062530323,-0.6354090358135108,0.23195146416148474,-0.4034575716520261,-0.09909076562814623,0.5091779844398612,122.0,Wendell Moore Jr.,DET,-1.0421885832346784,-0.35495919277040056,1.3871456170797316
1629631,0.40104396640199297,-0.4976992441633863,-0.09665527776139332,0.7014344445245689,-0.17557604731183338,0.14222601965959458,-0.6000420647495037,-0.45781604508990914,-0.12145882234051494,-0.3868136429093306,0.16693961310969843,-0.5961344576795172,-0.4291948445698188,-0.17728150488086036,-0.3337996062967165,2445.0,De'Andre Hunter,SAC,1.3614165963414722,0.028621200520090317,-0.3325395668084255
203471,0.009104724156894242,-0.5229848143094502,-0.513880090152556,0.898064279386979,-0.16698445083881877,-0.04726563544777594,-0.3862925554935909,-0.43355819094136683,0.49308364803853244,0.12274167935471358,-0.05782651454100654,-0.3755041048267648,-0.4333306193677713,0.4423204491221917,0.11397267830879881,3400.0,Dennis Schröder,CLE,0.17802007998995517,0.00022757157359554192,0.0805494707847847
1642920,0.22950580921323638,-0.5558409404268625,-0.3263351312136261,-0.5304455103901242,-0.6049184018861736,-0.15626465979319448,-0.291905845295242,-0.4481705050884365,-0.8413781573218186,0.08324631312053982,-0.15285598936782077,-0.2890836182958908,-0.44193960766371154,-0.8746190637559096,0.10074911589977131,2699.0,Kobe Sanders,LAC,-0.47791377004878755,0.006230897424724935,-0.11560447645008542
1642852,-0.0411454643423763,-1.1998515884669259,-1.2409970528093022,-0.7937874897097685,0.688089307526144,0.5616988542448562,-1.002270537500511,-0.44057168325565477,0.2692651898741102,0.9404525495338528,0.5102301444397415,-0.9534629756399465,-0.44323283120020507,0.20712888581146693,1.0466541993181733,4232.0,Derik Queen,NOP,-1.097679076415984,-0.0026611479445503017,0.7977642216090971
1630604,0.4549754369695184,-0.20607827731596168,0.24889715965355674,0.2257129554605507,-0.1273791016978351,-0.030304896765336695,-1.0863822771349598,-1.1166871739002966,-0.28673270010160334,-1.1205104243257538,0.06087197651023951,-0.513956614904464,-0.45308463839422447,-0.16811304870342958,-0.39198959078295886,706.0,E.J. Liddell,BKN,0.46206693257655107,0.6636025355060722,-0.7019817980477812
1641730,-0.06277646343560565,0.3031669581950362,0.24039049475943053,0.288421043573571,-0.00807125383454451,-0.3637710509712947,-0.029712418701600574,-0.39348346967289527,-0.18118710016605252,-0.489896824486694,-0.38242880061616535,-0.07182326820791538,-0.45425206882408076,-0.24218538235134968,-0.5511014457596843,3491.0,Noah Clowney,BKN,0.1443636698901224,-0.06076859915118549,-0.6946425635835113
1631250,0.3084728363060848,-0.5332865200632377,-0.22481368375715294,-0.0036998699610472086,-0.5437466839773867,0.18316231721485665,-0.8614504659309958,-0.6782881487161392,-0.24733083821730925,-1.0020576403123551,0.2323286566006614,-0.6932272196978135,-0.46089856309715216,-0.2049283694122157,-0.7574728261308019,1340.0,Pete Nance,MIL,-0.7092993157610139,0.21738958561898702,-0.23608487933999922
1642502,0.1999770957603328,-0.4892114110553739,-0.2892343152950411,0.05382297049277285,0.707700495896756,-0.022365688814533005,-0.2754954527474103,-0.29786114156194327,-0.23228775341466976,0.987687454673953,0.14415956206844194,-0.6065822501153041,-0.46242268804686215,-0.049438419161970226,0.6486634203558035,533.0,Malevy Leons,GSW,0.15740500215073733,-0.16456154648491889,-0.17318837275182103
1642935,-4.030443052815778,2.8375607488199845,-1.1928823039957939,-3.9679670568530643,3.130206565311393,-2.760369095245306,-1.3547521839636145,-4.115121279208921,-2.6607756897520973,-1.1108646795748396,-0.14737198250990666,-0.31900684561459647,-0.46637882812450315,-0.03178913096832736,-0.07484335880484155,26.0,Chucky Hepburn,TOR,-1.2475735149160916,3.648742451084418,0.7265034758712907
1641778,-0.9694307588821575,0.7667623331224477,-0.20266842575970978,-1.4152808462445647,0.8185292201545556,-1.0297073602406432,0.31615473025637564,-0.7135526299842676,-1.4956261643355064,0.21609258138567855,-0.7876129909262938,0.3152442096544509,-0.4723687812718429,-1.1557740989353054,0.2595429044829719,856.0,Leaky Black,WAS,-0.11614315148863474,0.2411838487124247,-0.2697003555121331
1641752,-3.5146568311960933,-0.046993896436790195,-3.5616507276328835,-3.563727009798863,-0.03848141300987281,-2.2784002672175987,1.2858934718579471,-0.9925067953596516,-2.2412234796619552,1.3651394074054473,-0.7026573150509523,0.21427179311418051,-0.48838552193677176,-0.6122479737446554,0.2385307633489437,140.0,Bobi Klintman,DET,-3.469217314823655,0.5041212734228798,3.073265205696112
1641757,0.815093400287406,-2.268478789879695,-1.453385389592289,0.5830982947238018,-1.1361727849294494,1.085241041828853,-1.5924183562092704,-0.5071773143804175,1.0842817508642706,0.16572624480497256,1.0694840807854733,-1.588792454881636,-0.5193083740961626,1.0223215158849364,0.17514201845616034,2541.0,Jordan Miller,LAC,-1.9328829468160396,-0.01213105971574513,0.9340770154961264
1630286,-1.4962931441648535,0.5964359352371055,-0.899857208927748,-1.5255335649202117,1.5414878570282766,-0.641742000325994,-0.1320171000524708,-0.7737591003784648,-0.5689828241970536,0.7041584487772774,-0.18326222468330425,-0.34528360585889617,-0.5285458305422004,-0.08819133632714926,0.5518653382801295,375.0,Trevon Scott,BKN,-1.1752756053766622,0.24521326983626446,0.3713113783855476
1630610,-2.0418991786154916,0.15890063903307544,-1.8829985395824163,-1.7378058119796407,0.6542945020950598,-0.8739839166582752,0.43229139402192374,-0.4416925226363515,-0.3213812777629186,0.8574933065962983,-0.666163697771135,0.13570141076272227,-0.5304622870084128,-0.05598773700613702,0.5995256374279367,483.0,DeJon Jarreau,MEM,-1.8834159845719807,-0.0887697643720613,1.3525362525740035
1630587,-0.4097996325365142,-0.11569019046658062,-0.5254898230030948,-0.4536765656765238,0.0657964216314143,-0.6218577267982137,0.009054534857102475,-0.6128031919411112,-0.7943313398470662,0.3000705914281375,-0.5139057874734384,-0.021813518198767395,-0.5357193056722058,-0.5057603549972106,0.29965387213192046,682.0,Isaiah Livers,PHX,-0.8653056066115337,0.07708388626890539,-0.010229482669111056
1642403,-1.7148573904993805,-1.954220508231291,-3.6690778987306714,-1.5150536011175295,-1.7062924584326582,-0.25545301672019227,-3.1677972489686352,-3.4232502656888277,0.1251856223268836,-3.1565398882245845,-0.03206425749403122,-0.5041123514782454,-0.5361766089722766,0.40069758535424815,-0.1635198510323841,70.0,Isaac Jones,DET,-3.6737278795142276,2.8870736567165514,3.1329012897583945
1628396,-1.5370014106729746,-0.8266980876248704,-2.363699498297845,-1.3970893858896662,-1.3934032996192354,-1.0930405123770615,0.39912381300535077,-0.6939166993717107,-0.8077829496161264,0.19213322971579821,-0.9698432136560972,0.4334208206778162,-0.536422392978281,-0.6324624125921842,0.32107327292446325,935.0,Tony Bradley,ATL,-2.0581423771064236,0.15749430639342976,1.8272771053195642
1631204,-0.6345613710581385,-0.08326096368959335,-0.7178223347477318,-0.05702905881234599,-0.7525988638416935,-0.9144269563113829,0.2721537800650594,-0.6422731762463235,-0.5898495741582015,0.10179935971088572,-0.990248001364015,0.45313657237924854,-0.5371114289847665,-0.45476924828088994,0.22344128795192003,901.0,Marcus Sasser,DET,-0.05956015498703864,0.10516174726155703,0.18071090576296533
1642277,-0.8746690392896418,0.5130941516990752,-0.36157488759056655,-1.1364928488397505,-0.21998581301723516,-1.2544869824129226,0.6460500451500998,-0.6084369372628228,-1.6582291072461854,-0.05026174984931203,-1.143721178775497,0.5773515191202736,-0.5663696596552235,-1.4847288435017165,-0.100091840789863,1336.0,Johnny Furphy,IND,-0.4704516410418965,0.04206727760759932,-0.2047947720646569
203501,1.0612429239866785,-1.4781529125023032,-0.41690998851562466,2.235380405915462,-0.55165423111828,1.0216486150582988,-1.5887423409727166,-0.5670937259144178,1.880705844201078,-1.1131824934619527,1.0469101439687647,-1.6250483895992494,-0.5781382456304847,1.8771893939580235,-1.1982817765813898,4292.0,Tim Hardaway Jr.,DEN,-0.4687903267507034,-0.011044519716066903,-0.16122825711486
1642859,0.2881061288480334,-1.0862089229290743,-0.798102794081041,0.4807397153297195,-0.8417753474892252,-0.12556176108401423,-0.4869819499365422,-0.6125437110205565,-0.11276820566370391,-0.08250006831260615,-0.15754278757309448,-0.4264197998466195,-0.583962587419714,-0.10327714478052652,-0.059140680071202656,1197.0,Jase Richardson,ORL,-0.3916919062353489,0.02858112360084253,0.21414020666132705
1631166,-0.5068407536956393,-1.7725916223415306,-2.2794323760371697,-0.4693997926679949,-1.4172162609379542,-0.019917583129392194,-0.6644835699823456,-0.6844011531117378,0.18516312518811487,0.014182782804555455,-0.029910859551257746,-0.5557029365413761,-0.5856137960926339,0.265640153729293,0.07389950682427512,464.0,Drew Timme,LAL,-3.146689228039638,0.0987873570191039,1.6938185799445358
1641816,-1.9918899445337603,-0.020039609618385024,-2.0119295541521454,-0.7812714902853086,-1.0305374769146582,-1.7310693105966355,0.7098346787197437,-1.021234631876892,-0.4214487808183158,-0.0984640349789912,-1.443279941923114,0.8516748058433322,-0.5916051360797817,-0.07504959262425248,0.04271117427382584,319.0,Hunter Tyson,DEN,-1.9415792514103871,0.4296294957971102,1.4203244180723638
1642862,-0.32812131799658933,-0.9056125310864959,-1.2337338490830851,-0.5893758977653278,-1.073292265773967,-0.27188319310481274,-0.6264559652644891,-0.8983391583693019,-0.44882237186595497,-0.7298792946771858,-0.18420502414977716,-0.41756769464618904,-0.6017727187959662,-0.3391210619634364,-0.5054846316982844,743.0,Liam McNeeley,CHA,-1.1546878163638845,0.2965664395733357,0.631961130287119
1642281,0.4453711875746618,-0.7127460620280192,-0.26737487445335734,0.7640860529418586,-0.297640543334908,0.23221244334036645,-0.8844771530905363,-0.6522647097501699,0.13968919929341886,-0.36837331881218216,0.2202038629976229,-0.8415477060654771,-0.6213438430678542,0.10285327265335076,-0.34561943234092846,3486.0,Jaylon Tyson,CLE,0.1774417851291431,0.03092086668231575,-0.35396896861449684
1641810,-0.3751368415410871,-2.3761743742586567,-2.7513112157997437,-0.13770390207732985,-2.177797833893447,0.24770334868994026,-2.2668164948974816,-2.019113146207541,0.6885211687802923,-2.1300342971915778,0.0625501532771999,-0.7091864525646311,-0.6466362992874312,0.5293960004824622,-0.14343754839365913,131.0,Antonio Reeves,CHA,-2.5764196727727784,1.3724768469201098,2.1046749165123124
1631107,-0.9922231815174266,0.3109516516001838,-0.6812715299172428,-0.48554070944564676,-0.1681856732843943,-1.03813484860891,0.40031917983781495,-0.637815668771095,-0.6806552713848384,0.18079449282563664,-1.0240002353126043,0.3691553437555627,-0.6548448915570416,-0.6580911017391845,0.11412739878251446,1792.0,Nikola Jović,MIA,-0.849703492967461,-0.01702922278594665,0.026426638360201204
1627752,0.004819794278708114,-0.7105666993436879,-0.7057469050649797,-0.2665573964274699,-0.1672180891515749,0.15796672097607606,-1.1036631313965861,-0.9456964104205101,0.15363182721234095,-0.8791735313832252,0.22091058110113188,-0.8822747006894159,-0.661364119588284,0.20735178845363206,-0.3764114016843551,1207.0,Taurean Prince,MIL,-0.9993226859619648,0.2843322908322261,0.04438278547669572
1629618,-1.185051656745576,-0.10263107669951221,-1.2876827334450882,-0.48535412446484205,-0.9612094743036342,-1.1254539406608008,0.2922407082831009,-0.8332132323777,-0.4230191057734658,-0.15145286032073302,-1.090776971088996,0.39564559336920313,-0.6951313777197929,-0.40363390840115776,-0.1315785375606197,1584.0,Jalen Pickett,DEN,-1.7301986309639816,0.138081854657907,0.5925513557252953
1630209,-1.4119762581702278,-0.43578546090183007,-1.8477617190720579,-1.3359658678694704,-0.06094870718429626,-1.23257880534587,-0.017075110842010188,-1.2496539161878801,-1.1415338824873595,0.4674246058668975,-0.5100703053408049,-0.19291962849145114,-0.702989933832256,-0.26750561078364354,0.32195600258505414,221.0,Omer Yurtseven,GSW,-2.323655931943521,0.5466639823556241,1.1447717852398018
1641707,-0.6640184473380741,-0.4316348009977645,-1.0956532483358385,-0.26640609095276546,0.22044495570488323,-0.3851616834869416,-0.35569166516329664,-0.7408533486502382,0.057797746626721686,0.3590616544476699,-0.37648998835803626,-0.3427021532746839,-0.7191921416327202,0.03977229790845527,0.3609448485487439,2329.0,Taylor Hendricks,MEM,-0.8595480261888454,0.021661207017518058,0.3764611067031184
203897,1.2449010097488882,-1.4859034669444957,-0.24100245719560753,1.4187449300973736,-1.2150157823669436,0.907881120419431,-1.6346238565300308,-0.7267427361105998,0.7553855373209601,-1.5597433630191038,0.8502197694561094,-1.5706913901152015,-0.7204716206590921,0.6942075079849944,-1.433362794645321,2536.0,Zach LaVine,SAC,-0.739477059526207,0.006271115451507714,-0.47946916346348456
1641713,0.5502716702087254,-1.5864867008306236,-1.0362150306218982,0.43806896378744553,-1.1492397385059645,0.6016766911366849,-1.279962285646266,-0.6782855945095811,0.30501323040977535,-0.4241431299660443,0.5228083892130168,-1.2461370530997775,-0.7233286638867608,0.26234320530636435,-0.39917701238814846,2426.0,GG Jackson,MEM,-1.1482361319646488,-0.04504306937717961,0.3128863667351375
1641731,-0.799097811859952,0.04481175051508296,-0.754286061344869,-0.07273002967677866,0.6151204893037009,-0.883169880167126,0.12078017198452451,-0.7623897081826015,-0.3833552363163286,0.8600440108016828,-0.8558183084643113,0.12514408812215996,-0.7306742203421513,-0.41486395698293943,0.8799470049701896,3099.0,Bilal Coulibaly,WAS,-1.4466045087006558,0.031715487840450196,0.023611841002717626
1629652,-0.2696952692008385,0.5238396516894859,0.25414438248864735,-0.07263958945933569,0.9792132762952473,-0.5314904447287552,-0.18695432388175315,-0.7184447686105083,-0.33004179011358803,0.11700548399839061,-0.5432095238862745,-0.20110530600944307,-0.7443148298957176,-0.3706650475355031,0.14056162386945753,3676.0,Luguentz Dort,OKC,0.03307746847411985,-0.0258700612852093,-0.998459212384365
1629646,-0.15681775657649144,-0.25873653580526945,-0.4155542923817609,0.8296748978623113,0.8702833662418873,0.03573134684227598,1.1008040567270814,1.1365354035693573,1.0739625371889507,2.6227957719352495,-0.21992662237928165,-0.5379114882886696,-0.7578381106679513,0.7351225970443986,0.6256105440888378,312.0,Charles Bassey,GSW,0.036106087177196544,-1.8943735142373086,-0.34228381828619037
1631212,-0.30519290508087027,-0.08892966500564237,-0.39412257008651264,-0.16940116024299257,0.4642772409486622,-0.448262773136647,-0.30289383583484697,-0.7511566089714939,-0.6011620541034948,0.03208264130410973,-0.4880723640179162,-0.28182691723192727,-0.7698992812498435,-0.632855542075497,0.020003621244004482,3197.0,Peyton Watson,DEN,-1.074611166970123,-0.01874267227834958,-0.3757767111633309
1642367,-3.6087480638843368,0.6400625628517411,-2.9686855010325957,-2.515956404935279,0.7944153515292062,-2.0148157966430604,2.0741078661476116,0.059292069504551126,-0.34289833470943676,2.931492520171809,-1.9476884121619993,1.168390261457383,-0.7792981507046164,-0.14216306819048752,1.5138240356141297,514.0,Jonathan Mogbo,TOR,-2.7914055599086645,-0.8385902202091675,2.189387350327979
1630175,-1.0299259209208123,0.7595989530456468,-0.2703269678751654,-1.1572914215456886,0.3519024447048739,-1.3217535929299897,0.4288000803108458,-0.8929535126191439,-1.6116848315883103,-0.3438668778648293,-1.268891769090713,0.4871783113097655,-0.7817134577809476,-1.3635032767631055,-0.1689499859508366,1064.0,Cole Anthony,MIL,-0.2874953253582391,0.11124005483819632,-0.5113864899057822
1642869,-0.6272929875989711,-0.5550729416067788,-1.18236592920575,-0.5148336149186121,-0.16969261701209373,-0.6923962855081417,-0.05061064177735247,-0.7430069272854942,-0.6942260637821323,0.5060035870982901,-0.6892792113827876,-0.11186206281928437,-0.8011412742020719,-0.6453962876882952,0.42210959444320567,1484.0,Noah Penda,ORL,-0.9737195728755519,-0.058134346916577706,0.3812246550036781
1630534,-1.480297767953412,0.6339752421771988,-0.8463225257762131,-0.49081083108097534,-0.7090119070236366,-1.6934653281597372,0.7132934991015666,-0.9801718290581706,-0.7438653042940684,-0.24909671610523465,-1.6728464803928522,0.8615120564307052,-0.811334423962147,-0.742645809621974,-0.17803266736048634,1933.0,Ochai Agbaji,BKN,-1.8569774762496656,0.16883740509602352,0.034988101814066086
1628971,-0.31558702512160175,-0.08277857628471874,-0.3983656014063205,-0.30844433456497133,0.3639087864916615,-0.5231981550831115,-0.2587118745013168,-0.7819100295844283,-0.7740907875814784,-0.1986851578643546,-0.5113639549744716,-0.3083358018561887,-0.8196997568306603,-0.8541925915391183,-0.19595694751146753,4029.0,Bruce Brown,DEN,-1.1788150321755404,-0.037789727246231974,-0.42133415542433983
1642855,-7.3285711787638625,1.1430860062179802,-6.185485172545882,-7.319062078131207,1.4266484492882707,-8.126703674510205,-1.0423814158394875,-9.169085090349693,-8.088841791566697,-0.7952351292897927,-0.2987747505759655,-0.5282594022447222,-0.8270341528206877,-0.24084586882340986,-0.27846755434058457,13.0,Noa Essengue,CHI,-6.144374009414399,8.342050937529006,5.358451019725194
201145,-0.043982619966400724,-1.9207088623954778,-1.9646914823618784,0.7662697033041878,-1.5050514526892067,0.3293479116753497,-2.070600817985747,-1.7412529063103972,1.465434111341103,-1.725798345975433,0.17314023285379618,-1.027264392718892,-0.8541241598650958,1.2445886725072732,0.11969701036661087,341.0,Jeff Green,HOU,-2.1704173648349725,0.8871287464453014,1.1105673224967827
1642266,-0.2690243591856728,-0.6042307459220995,-0.8732551051077723,0.6716262366394745,0.33861188048621216,-0.38378193284485096,-0.46511241772568734,-0.8488943505705383,0.2768922964649484,0.45025483353535034,-0.41953896054932605,-0.4447800613537596,-0.8643190219030856,0.23933456991927726,0.5054886522192477,2995.0,Ja'Kobe Walter,TOR,-0.4312179659781611,-0.015424671332547324,0.00893608320468664
1629610,1.324431705643151,-1.0902023719052338,0.2342293337379171,2.6744746864525526,-0.223115893068735,0.5955050522246805,-1.148080748985317,-0.5525756967606366,1.887084452318409,-0.30549073122669773,-0.18031606413428627,-0.6906084138447052,-0.8709244779789914,0.8188498392641209,0.35065363671963845,118.0,DaQuan Jeffries,SAC,1.180569397621841,-0.31834878121835486,-1.1051538117169084
1630311,0.2640163249371008,-1.5812346837901161,-1.3172183588530153,0.1271411036525011,-0.7161480175070986,0.4740962371246289,-1.3079462979367857,-0.8338500608121568,0.3380933361469316,-0.07572195520165287,0.43438445343622256,-1.3149639601238545,-0.880579506687632,0.2893405274897035,-0.04946955792811453,2469.0,Pat Spencer,GSW,-0.9771880301670424,-0.04672944587547512,0.43663885216538334
1629014,0.7772420047529501,-1.6244382269732196,-0.8471962222202695,1.9655670826857423,-2.0252893792363014,0.48930421267701063,-1.374926728154585,-0.8856225154775743,0.8716279022980908,-1.272435861888276,0.3929010611923184,-1.2759635773809903,-0.8830625161886719,0.7842241507391944,-1.1857908778248762,2695.0,Anfernee Simons,CHI,-0.6761137653328182,0.0025599992889023815,-0.03586629396840246
1631121,0.07147308922824054,-0.9593645778986375,-0.8878914886703969,-0.1403454649227316,-0.3696010924597963,0.27628898300657595,-1.1695948624673371,-0.8933058794607611,0.4387480457654117,-0.6591995210202815,0.25940931190059935,-1.1523210600159268,-0.8929117481153275,0.38487811831854535,-0.6095121339649223,1810.0,Bryce McGowens,NOP,-1.9582397354761238,0.0003941313454336459,-0.005020259444930564
1642353,-2.554269621705207,-0.7674335082085721,-3.321703129913779,-2.2425855672482484,-1.7461558205954875,-1.8880526503504171,0.8020917165992355,-1.0859609337511817,-1.349148112201918,0.29221153637501657,-1.6863393054423197,0.7347072351625245,-0.9516320702797952,-1.1117482849698201,0.15577024839295178,932.0,Cam Christie,LAC,-3.4150188399371015,0.1343288634713865,2.370071059633984
1630548,-1.0069859578268867,-2.3459994245282614,-3.352985382355148,0.2343062948577096,-2.685798531227449,0.2399734873143664,-0.8491837238031367,-0.6092102364887703,2.0733729956108093,-0.4418545142999196,-0.4171137726305877,-0.5361740818911663,-0.953287854521754,1.070532710091605,-0.028856550730388925,203.0,Johnny Juzang,MIN,-2.6395708975160694,-0.34407761803298376,2.3996975278333936
1630621,-3.3340749007855894,-1.4722742047451278,-4.8063491055307175,-3.3706843818770267,-0.8226760726038099,-2.510201174265488,-2.011100987382391,-4.5213021616478795,-2.5139684259552673,-1.4396708732471888,-0.31014475444230716,-0.6711423064331742,-0.9812870608754813,-0.25477592311380715,-0.04443998634226007,94.0,Hunter Dickinson,NOP,-4.985810055165478,3.540015100772398,3.825062044655236
1641765,-0.5133605129922122,-0.5673739629749468,-1.080734475967159,1.2258201975151142,-0.5732871074998068,-0.7256016630083242,-0.2833822308662067,-1.0089838938745308,0.9413641682323128,0.1183541434986517,-0.6978885353346316,-0.28767275872836817,-0.9855612940629997,0.8630523593216902,0.1280069839928985,2000.0,Olivier-Maxence Prosper,MEM,-0.8662569296055578,0.023422599811531053,0.09517318190415935
203926,-0.22653793482936713,-1.773939909616945,-2.000477844446312,-0.0959338006285384,-1.1271175519497036,0.35640267797657577,-1.6216143023836014,-1.2652116244070255,0.906717366236176,-0.9409975034655209,0.3454746974412002,-1.3382038755262498,-0.9927291780850496,0.9051821659168467,-0.4133315610979675,892.0,Doug McDermott,SAC,-1.5903851648474536,0.27248244632197594,1.0077486663612625
1628502,-2.9807392111327267,-0.34336871365633415,-3.324107924789061,-2.253336667491815,-0.2316917594036437,-3.027803897852679,1.9644040265019118,-1.063399871350767,-2.3118209788662667,2.260645089711129,-2.102284385617375,1.108719955045051,-0.9935644305723239,-1.2982539261204251,1.3328695894209097,390.0,Nigel Hayes-Davis,PHX,-3.0126456386502514,0.06983544077844317,2.3305434942167373
1629599,-1.0173174837177006,-0.8287410736259734,-1.846058557343674,0.6626804185133321,-1.1492742556738056,-1.0985765865576274,0.1135059026330526,-0.9850706839245748,0.38404681512337147,0.795573940738386,-1.0792010297172514,0.06862889114115392,-1.0105721385760975,0.3849349718801568,0.5843250039638244,964.0,Amir Coffey,PHX,-2.2299411959156434,-0.02550145465152276,0.8354864187675766
1643016,0.23764342539254435,0.07893817479027909,0.31658160018282344,0.828122282291354,1.7268707859994186,-0.7025144046146226,0.014850541037607079,-0.6876638635770155,-0.5083844044051342,1.703971184094374,-0.6325799029381726,-0.4011082214615195,-1.033688124399692,-0.4497011931245546,1.0864017081367652,1083.0,Bez Mbeng,UTA,0.4569346381541616,-0.34602426082267657,-1.3502697245825155
1631213,-0.39447377607674294,-0.8892074470933442,-1.2836812231700871,0.4818262828111839,-0.8513394815199989,-0.6971805567795205,-0.3809912112060899,-1.0781717679856104,0.17690266284165565,0.1701014419518757,-0.7769833678399216,-0.2629454377828474,-1.0399288056227691,0.18052228143079485,0.18971551875456788,1501.0,Tyrese Martin,PHI,-0.8210810765419201,0.038242962362841304,0.24375241754731802
1629673,-0.5314832707836327,-0.3015205401507024,-0.8330038109343351,1.2660789695688197,-0.7296735407158078,-0.5440930773010935,-0.5549204531028716,-1.099013530403965,1.3433039270366847,-1.2200542898407614,-0.5843979325630028,-0.46534893656862664,-1.0497468691316294,1.199686352481156,-1.0357028263473893,2000.0,Jordan Poole,NOP,-0.4551274406131433,0.04926666127233559,-0.21674305819729434
1641725,-0.8086744762277822,0.07309442465977242,-0.7355800515680098,-0.5656911576302999,0.33427305186134165,-1.9955783542945902,-0.24210763843128152,-2.2376859927258717,-1.8063303092573604,-0.06656530994773502,-1.0710541081504115,0.0179069650454938,-1.0531471431049177,-0.7741440583977862,0.2841736016556783,238.0,Trey Alexander,NOP,-1.0963988231290842,1.184538849620954,-0.317567091536908
1631108,-0.33208652598185606,-0.3917447713986678,-0.7238312973805239,-0.049243247509533794,-1.1206767674561036,-0.4877125085406785,-0.5638924868087694,-1.051604995349448,-0.30045161161114453,-1.1577346896308152,-0.48570863265273556,-0.5747380490149124,-1.0604466816676479,-0.3414762716221086,-1.2425454703027625,4689.0,Max Christie,DAL,-1.0556262755835977,-0.008841686318199926,-0.336615384287124
1631113,0.551471179451544,-1.824551214864213,-1.273080035412669,0.08252351693363091,-0.4615124234558768,0.20377125845417954,-0.43152157156784743,-0.2277503131136679,-0.41437687183590266,1.140168674861036,0.3389226835929293,-1.4014420250367294,-1.0625193414438001,-0.33772108429212644,-0.08947082782746224,800.0,Kennedy Chandler,UTA,-1.4025652144834628,-0.8347690283301322,0.2105606939688689
1631115,0.642162793527478,1.1090953835919313,1.7512581771194093,2.108656743321157,1.647291209923176,-1.5206507325062422,-1.2738599467617768,-2.794510679268019,-0.7242982786540564,-1.4448332170601819,-0.800558364168069,-0.26633478688445655,-1.0668931510525255,0.22534116285828548,-0.2559389292935825,49.0,Orlando Robinson,ORL,1.9075588086295365,1.7276175282154935,-2.818151328171935
1641718,2.5006350268887245,-2.870569618294576,-0.3699345914058516,2.195268430190754,-0.9856179308298477,2.1199180793497696,-3.250954769272342,-1.1310366899225723,1.3887309483726809,-1.5989145528591773,2.1821992360738296,-3.2575284989522038,-1.0753292628783742,1.3306919387843466,-1.6847409291924076,3745.0,Keyonte George,UTA,-0.36482016198621525,0.05570742704419818,-0.7053946714725225
1630579,-0.6800415036714317,-0.761921987073197,-1.4419634907446288,-0.9961906368998668,-0.36771662788283915,-0.28516723066410854,-0.853694373435033,-1.1388616040991415,-0.4237149869616761,-0.4449815930091914,-0.25997720921633594,-0.8378157785689963,-1.0977929877853323,-0.48228631706733405,-0.39009573918995616,2505.0,Jericho Sims,MIL,-1.7370191536554314,0.0410686163138092,0.3441705029592965
1630811,-1.5082008507320983,0.24953071007654903,-1.2586701406555494,-0.2996661556315201,0.1517575656876455,-1.662959775325706,0.4484152987018828,-1.2145444766238231,-0.5375224960996785,0.44055059643568173,-1.5419828455706306,0.42076046316338844,-1.1212223824072423,-0.44436081186664966,0.4173868959405855,1109.0,Keaton Wallace,ATL,-1.3918002439976136,0.09332209421658089,0.13744775824830713
1642917,-4.477286593169672,-0.7918380521217623,-5.269124645291434,-4.351021951210917,-0.5752372564650831,-3.714979669041785,-2.3326543603212038,-6.047634029362989,-3.556754425329773,-2.1709011983662725,-0.7470774862995212,-0.37800341816723093,-1.1250809044667522,-0.5254931604948826,-0.1739810341659288,80.0,Max Shulga,BOS,-5.364835401657285,4.922553124896236,4.1440437408246815
1642939,-1.1365923961309483,-0.9782309772622341,-2.1148233733931825,-0.8009512276569488,-0.9857238217046188,-1.5610039708745895,-0.6054175849254594,-2.166421555800049,-1.2116954980548258,-0.5789997403341557,-0.9080144577286043,-0.22886381334718167,-1.136878271075786,-0.5147143601028531,-0.1849455198485891,288.0,Miles Kelly,DAL,-2.20757493906074,1.0295432847242627,0.9779451023173964
1630224,-0.40680400359864244,-1.5292577628886554,-1.9360617664872979,0.5001377088882483,-1.225554734443713,-0.1895218290289853,-0.8719754648623687,-1.061497293891354,0.8691593305870811,0.24375767655641112,-0.19184821027241442,-0.9544381590629262,-1.1462863693353407,0.7739732413232759,0.16725471292250998,1634.0,Jalen Green,PHX,-2.1392567537175413,-0.08478907544398662,0.7897753971519572
1630557,0.0812147593541205,-1.6954636155028098,-1.6142488561486892,1.0290473525491453,-1.5228090798144869,0.08619649666719899,-1.2668500078317555,-1.1806535111645564,0.9696027557624076,-0.4013684150573875,0.030134799983323884,-1.2314468849174955,-1.2013120849341716,0.912286630191916,-0.3850451553830048,2259.0,Corey Kispert,ATL,-0.5668990517982919,-0.02065857376961522,0.41293677121451755
1630192,-3.027094596014956,0.9826314131665321,-2.044463182848424,-1.3423520242289122,0.29340058674277597,-2.767976863150713,1.4899114172006018,-1.2780654459501113,-1.0198264597209812,1.0965442441100035,-2.678021109727754,1.4640436934455545,-1.2139774162821997,-0.8942984469012195,1.0230245999889669,1265.0,Zeke Nnaji,DEN,-2.4645586660377456,0.0640880296679116,0.8304857665662242
1630545,0.8928093810171558,-2.9975082694239177,-2.104698888406762,0.14426711075424492,-1.758958097582572,1.0949709564517747,-2.7463677620796956,-1.651396805627921,0.47466296827938237,-1.3829138576321838,1.1245245686901881,-2.3411490986054666,-1.2166245299152785,0.43092915213085325,-0.844817735323881,1126.0,Terrence Shannon Jr.,MIN,-2.038447484353977,0.43477227571264243,0.8880743584914834
1643007,-1.611867523913599,-0.40908505234066217,-2.0209525762542615,-0.8258662668302477,-0.09764160081285592,-0.9070545405033376,-0.2404153575017334,-1.147469898005071,0.0440731142284613,0.04740042424981353,-0.9461855161702689,-0.2782691242543015,-1.2244546404245704,0.07467468025209811,0.07256525304969633,1055.0,Taelon Peter,IND,-1.8625785203319856,-0.07698474241949937,0.7964979358296911
1642419,-0.8831343340625976,-1.6420589882918097,-2.5251933223544074,-0.666500846061471,-1.7139315633907317,-0.9117129623923214,-0.5495220164375149,-1.4612349788298362,-0.5620897257011566,0.00860342803950187,-0.9480093488931317,-0.2908836002621758,-1.2388929491553076,-0.44801392601957823,0.032801228927654635,1047.0,Jamison Battle,TOR,-2.7352926655945358,0.22234202967452865,1.2863003731990998
1631351,-1.1186294959837288,-0.0014989473431530342,-1.1201284433268819,-0.8705701103140424,0.9873185502561531,-0.8286000451918065,-0.5854621041182254,-1.4140621493100318,-0.5665736255754588,0.310996003309615,-0.6077575631916096,-0.6450287765572776,-1.2527863397488872,-0.24731764475480267,0.34678825224399495,416.0,Lucas Williamson,MEM,-1.1242642706749901,0.16127580956114462,-0.13265789642200532
1642383,0.9871486182651815,-2.077346806798846,-1.0901981885336642,-0.01907070746037487,-0.7773942772816961,0.7408828938763712,-1.917526504028451,-1.1766436101520799,-0.33855666573320853,-0.6627730630593909,0.679867957281669,-1.9335248793430717,-1.2536569220614027,-0.41477968229358153,-0.6427632027047105,2849.0,Walter Clayton Jr.,MEM,-2.3049806595611124,-0.07701331190932281,-0.16345873352773843
1630570,-1.160401953577807,-0.04237335543696938,-1.2027753090147764,-0.5980841079684007,-0.20323717944310307,-1.0647578502382218,-0.214585008961573,-1.2793428591997948,-0.48574748532564804,-0.40182260715788354,-1.0802572311169292,-0.1809320553469635,-1.2611892864638927,-0.5144193200419714,-0.336069975140356,1789.0,Trendon Watford,PHI,-1.9693679351005717,0.018153572735902124,-0.05841397744911636
1631321,-1.1787727060478053,1.0727069058966376,-0.10606580015116762,-0.04609195845161229,0.5517687345123524,-1.9951200242230502,0.6999741315424393,-1.295145892680611,-1.281077612687152,0.05028059716399294,-2.006526823988299,0.7350339115352431,-1.2714929124530558,-1.3359986798856656,0.09688330082405686,2919.0,Sidy Cissoko,POR,0.032718681456946785,0.02365298022755513,-1.1654271123018882
1642348,0.21676864707405574,-1.8132888306462094,-1.5965201835721536,-8.962521590194505e-05,-0.4249321758066215,0.32940413279753705,-1.6017647676680236,-1.2723606348704866,0.172249579096482,-0.07580564171195048,0.2731480422795758,-1.5668194313245847,-1.293671389045009,0.13246434228919535,-0.032757851469970706,2013.0,Justin Edwards,PHI,-1.5196868318835417,-0.02131075417452233,0.30284879452714475
1628365,-5.347950474281967,-0.23670594549181087,-5.584656419773777,-6.9604928582781715,-0.020629803827266112,-4.708401842268074,-0.28345908625966165,-4.9918609285277356,-5.939749160384564,-0.0797059673235973,-1.2451660882404259,-0.060671992882422476,-1.3058380811228483,-0.9429411702990779,0.2579583343255595,81.0,Markelle Fultz,TOR,-6.7171226500935735,3.686022847404887,4.278818338650929
1642282,-6.884355009961008,-3.1444966107029373,-10.028851620663946,-6.914575601989668,-2.9618468447024835,-5.1788553882016695,-3.7714849292882215,-8.950340317489891,-5.143243316997634,-3.613688627754676,-0.7592489912750897,-0.5508254030179858,-1.3100743942930755,-0.6397723277166679,-0.36767040607699325,57.0,Hunter Sallis,PHI,-10.212133828954546,7.640265923196815,8.718777226370872
1630625,-3.20197512406149,-0.1231859595816858,-3.325161083643176,-3.948398236172528,-0.15254514518368759,-3.9672945328865783,0.4725406719470393,-3.494753860939539,-5.11998110549752,0.7579677179953341,-1.4931456458721837,0.15446845142341417,-1.3386771944487694,-1.2583547656969003,0.2473655701076986,128.0,Dalano Banton,BOS,-3.7098214490740777,2.15607666649077,1.9864838891944065
1641715,-0.06793873933943258,-1.6417273080718275,-1.7096660474112602,-0.1409686972794859,-1.7178777523984181,-0.13359403646022128,-1.729162394289487,-1.8627564307497082,-0.32209016846911265,-1.8497787271798534,-0.07271571073021851,-1.2770611367222853,-1.3497768474525038,-0.18240950339978035,-1.1268632645238361,745.0,Cam Whitmore,WAS,-2.4544761438896816,0.5129795832972044,0.35988919995875635
1642873,-6.002762750716364,1.1906027747135453,-4.812159976002819,-4.828692205760446,1.2044027205730894,-3.4072812690129934,2.770926537908949,-0.6363547311040443,-2.0924760863228693,2.84365775763283,-2.3422566551385806,0.9881642154767548,-1.3540924396618257,-0.947438406283663,0.9670471859056085,295.0,Amari Williams,BOS,-4.901381173713771,-0.7177377085577814,3.4580675363409936
1630623,0.5697542454566753,-1.7942559146714854,-1.22450166921481,1.1889360565712512,-1.2092928271394379,-0.17313457016646538,-1.2262810951961813,-1.3994156653626466,0.38333344054306195,-0.3956486204734053,-0.2960741662674147,-1.0746769006323287,-1.3707510668997434,0.34417979229924456,-0.20901399098493006,782.0,Tyson Etienne,BKN,-0.9372198499027746,0.028664598462903257,-0.14624939768493328
1630574,-3.2669248421029957,0.8664097562148345,-2.400515085888161,-2.729349191699762,0.5970559684238591,-2.4967472529195405,0.8884289312012045,-1.608318321718336,-1.833464390976056,0.8418955166320298,-2.2524839848900657,0.8506920906353758,-1.40179189425469,-1.5229692133711938,0.6954368364914847,990.0,Ariel Hukporti,NYK,-1.7154059538713657,0.20652642746364602,0.9987231916334709
1631124,-1.2516495768865734,-0.3631628276813391,-1.6148124045679126,-0.31848437782860717,-0.8821973902829275,-1.1796944431543845,-0.43662353521225616,-1.6163179783666406,-0.19323759074118804,-0.8649309556182059,-1.1707535137395877,-0.25615164448981576,-1.4269051582294034,-0.17488331526587353,-0.6972790232533612,1728.0,Julian Strawther,DEN,-1.3478709417637127,0.18941282013723715,0.1879072463385092
1630165,-2.0400257021824655,0.6180918847297541,-1.4219338174527114,-1.0828649662672838,0.581930424628904,-2.0107165610769675,0.4745101395643634,-1.5362064215126041,-1.0975225613135446,0.4789833566975764,-1.949655641088898,0.5172057567093742,-1.432449884379524,-0.8542806375781397,0.5499046430168661,796.0,Killian Hayes,SAC,-1.1556948001974887,0.1037565371330802,-0.010516066926812506
1641748,-2.4144766096264543,0.056507142850658054,-2.3579694667757964,-2.0066311510672588,-0.30681620716551167,-2.225480155139933,0.5318266908396964,-1.6936534643002368,-1.7357231103460917,0.2435619746445019,-1.9302098711493667,0.48894384007905944,-1.4412660310703074,-1.3450349153668117,0.21891735202255985,802.0,Andre Jackson Jr.,MIL,-1.1857608799766028,0.2523874332299294,0.9167034357054891
201566,-0.11800292995325,-1.0963800852349679,-1.2143830151882178,1.503405956395223,0.48619329095338026,-0.3364029171804874,-1.1964518246040612,-1.5328547417845486,1.1312929073234492,0.48798551604356877,-0.34876347780514017,-1.197425945705606,-1.546189423510746,1.0938445576606095,0.4405595364539257,3735.0,Russell Westbrook,SAC,-0.20214750086732192,-0.01333468172619745,-0.3318064083225283
1641780,-6.307432711849848,1.3664841554131477,-4.9409485564367,-6.070457515377515,1.3198341161690375,-5.3740664296992415,0.8909953289390146,-4.483071100760227,-5.071134521462501,0.8241631264632421,-1.6245125213714258,0.06518742226148591,-1.5593250991099399,-1.1887372827906395,0.00281270526567437,114.0,Johni Broome,PHI,-4.993671748524176,2.9237460016502865,3.38162345732676
1631093,-0.24731689144629732,-0.9140118333107676,-1.161328724757065,0.5287824428693778,-0.9590681298459377,-0.5538943406135034,-0.9628883254335339,-1.5167826660470372,-0.19225070027428878,-0.7679782020463368,-0.7176776908940479,-0.843492721686496,-1.561170412580544,-0.16365227528989068,-0.5872645224987676,1399.0,Jaden Ivey,CHI,-1.310045638802151,-0.044387746533506744,-0.39984168782347895
1630703,-0.40038565293037265,-1.1094839158424619,-1.5098695687728345,0.6028644955303651,-0.6225133213138524,-0.4754363853358341,-1.0774915622778862,-1.5529279476137203,0.3394609023283419,-0.3595292960800972,-0.5656420356711194,-0.9988177203271663,-1.5644597559982856,0.2677466493778151,-0.29137977487606587,1527.0,Scoot Henderson,POR,-1.7001946618325134,-0.011531808384565245,-0.05459018722545106
1631126,-0.19178920414714395,-1.6516851892305155,-1.8434743933776594,0.12251942444434588,-2.010212867758042,-0.03051383739999812,-1.704926432029151,-1.735440269429149,0.30959430716787795,-2.1298986335954013,-0.05232097154882906,-1.536287102718498,-1.5886080742673272,0.27241273611125805,-1.8739623632708633,2055.0,Caleb Love,POR,-2.5252161259473014,0.1468321951618219,0.2548663191103322
1642354,-2.9051589049361923,0.2527700207367568,-2.6523888841994356,-1.8811221785529653,0.34391441619398827,-2.6082507771210945,1.1884650267599501,-1.4197857503611444,-1.4264867076576426,1.6230439955415,-2.191979288687081,0.5875150708609922,-1.6044642178260886,-0.8983870080667514,0.8779200018205915,526.0,KJ Simpson,DEN,-2.4874658941297056,-0.1846784674649442,1.047924666373347
1642933,-1.951109653163859,-0.9174172465111864,-2.8685268996750453,-1.6763954586258154,-0.21759470311865434,-1.7835483459804498,-1.8287840208377064,-3.612332366818156,-1.4616731877819966,-1.1605266307385373,-0.7087208249306353,-0.8959915915869209,-1.6047124165175561,-0.354157484571921,-0.19611075986588045,155.0,Keshon Gilbert,ATL,-2.301672223916728,2.0076199503006,1.2638144831574891
1641767,-0.65992358125342,-0.7469269339835379,-1.406850515236958,-0.2544814898930581,-0.5628591847314676,-0.6320043537633737,-0.9460719889246952,-1.5780763426880688,-0.1883921827945074,-0.7830161539993041,-0.657937296774077,-0.9474516068821487,-1.6053889036562257,-0.22740160104215024,-0.754642758605796,2911.0,Ben Sheppard,IND,-0.894899282567607,-0.027312560968156818,-0.19853838841926774
1631466,0.9194736151039945,-3.1363040499211667,-2.2168304348171723,0.2740938294641748,-1.9369744711787282,0.08117467325873041,-3.0675534559552053,-2.986378782696475,-0.686539633679613,-1.842286829736521,0.3919372027575302,-2.0287445084477294,-1.636807305690199,-0.3173626521464036,-0.6130034920372676,457.0,Nate Williams,GSW,-2.6190852158822913,1.3495714770062759,0.5800231291269733
1631451,-5.7892345073896605,-0.7180115836909554,-6.507246091080616,-4.989494767852403,-1.0541655228522753,-3.9284469237786457,0.021931636743556526,-3.906515287035089,-3.037150920355437,-0.30761830201897844,-2.0448844279104845,0.3673100373591941,-1.6775743905512903,-1.058618233527461,0.04702375681120083,196.0,Javonte Cooke,POR,-6.194556110428125,2.228940896483799,4.829671700529326
1641738,-0.09664604597479952,-2.2299713786769555,-2.326617424651755,0.24636524464919757,-1.0598727246695325,0.2313848518519407,-1.9248002311144434,-1.6934153792625026,0.7802400898414792,-0.3392655994709117,0.112067730852741,-1.8542648712026841,-1.7421971403499432,0.7121511458887864,-0.2795593297445564,1933.0,Kobe Brown,IND,-2.4620781028665926,-0.04878176108744059,0.5844202843018116
1631174,-1.2851022266771976,-0.8583492494549008,-2.1434514761320984,-1.367574083318058,0.3099561134496749,-0.39647257601965785,-1.978152988699288,-2.374625564718946,-0.2428526806089761,-0.8967035954289395,-0.25733944008884424,-1.4906298837955616,-1.7479693238844058,-0.0890104027698474,-0.357986227505757,645.0,Tyler Burton,MEM,-2.4868046030107513,0.62665624083454,0.39548215224769256
1642484,-2.5679402276105843,-0.6163143221542258,-3.18425454976481,-2.072593644817104,-1.134023254582419,-1.9817334819028458,-1.4397490419768166,-3.4214825238796625,-1.4371693186585761,-2.045864324385556,-1.5048230003940837,-0.25891069661479527,-1.7637336970088788,-0.8507545541451426,-0.7415914908999988,439.0,RayJ Dennis,ATL,-3.523069977673141,1.6577488268707836,1.420520852755931
1641729,0.4463655624360048,-2.496093346394015,-2.0497277839580104,0.9511039245748486,-1.5208100078423232,0.5626026746497994,-2.4011818887984058,-1.8385792141486064,0.9423631400650705,-1.2896201090813393,0.5993644090645943,-2.3662465816019242,-1.76688217253733,0.90467571857746,-1.3038296229397939,3750.0,Brice Sensabaugh,UTA,-1.7101379450815744,0.07169704161127632,0.2828456114206803
1642882,-0.6858695955119499,0.033974988588859834,-0.6518946069230901,-1.0823343604401345,0.944676401543385,-1.253751533305008,-0.9292509769502573,-2.1830025102552653,-1.7098551279673935,-0.21650517261107405,-0.9549974481680964,-0.8209707570673376,-1.775968205235434,-1.3392707491847204,-0.05621126083083555,789.0,Julian Reese,WAS,-0.9329771650381316,0.4070343050198313,-1.1240735983123438
1642876,-2.141319062080424,-0.6038512679047634,-2.7451703299851875,-2.358575147054051,-0.1414281322142669,-1.928032907572868,-1.7485844918392437,-3.6766173994121116,-2.07531388885327,-1.2897349801473115,-0.9702246869415637,-0.8264764247938088,-1.7967011117353726,-1.0523714508428323,-0.38940437862051297,310.0,Adou Thiero,LAL,-2.4309683611432997,1.879916287676739,0.9484692182498149
1642275,-2.056687340483769,0.006813742016598651,-2.0498735984671703,-0.5163074317248697,-0.21444126667672683,-2.1129156035111585,0.38367893775329276,-1.7292366657578657,-0.6536260171874269,0.4734724206771227,-2.109272592446056,0.29687448106502434,-1.8123981113810317,-0.5605025410858143,0.38499044410528055,1164.0,Tidjane Salaün,CHA,-1.298532172155548,-0.08316144562316596,0.23747548708613864
1642846,-0.4683448423643989,-1.3992202264621214,-1.8675650688265204,-0.22499852643202856,-0.5399007006397001,-0.4390909493539492,-1.4756122488594667,-1.914703198213416,-0.5242853416715085,-0.8396237266528339,-0.4670303719032014,-1.424888347055422,-1.8919187189586235,-0.5877598316121574,-0.8469045164853004,4262.0,Ace Bailey,UTA,-2.15651823596812,0.022784479254792434,-0.02435365013210311
1641723,-3.347543761328577,-1.531216094624571,-4.878759855953148,-2.577856426065462,-1.3693898185410032,-2.2654353631392694,-0.6597053889928466,-2.925140752132116,-1.3034569020124902,-0.4040870144877091,-1.4956192841078677,-0.3982426912376601,-1.8938619753455277,-0.4381443572903624,-0.14034978489227917,247.0,Kobe Bufkin,LAL,-4.494282589934714,1.0312787767865883,2.9848978806076203
1628398,-1.0607329567226056,-0.7099541883541511,-1.7706871450767567,0.23666505195524307,-0.01230329745423666,-1.288620678638089,-0.5049142943998812,-1.7935349730379702,-0.23543915552289726,0.319414416708289,-1.3081520226791878,-0.6139843983400742,-1.9221364210192622,-0.30293022578720064,0.3272790957925034,3606.0,Kyle Kuzma,MIL,-1.6207408419609557,-0.12860144798129203,-0.15144927594250546
1642258,-1.08778370280993,-0.7250552255817829,-1.812838928391713,-0.09438340338644013,-0.20527156042464492,-1.2151707713767272,-0.755659976976812,-1.9708307483535392,-0.4306182824528235,-0.27526194225450024,-1.1713163358046235,-0.7919248449905667,-1.9632411807951902,-0.48075924419718363,-0.28642468048853253,3255.0,Zaccharie Risacher,ATL,-0.769558341869599,0.007589567558349053,-0.15040225240347715
1631104,-1.7627827903179933,-0.7457309277921605,-2.508513718110154,-0.7668964197383481,-0.6221108520611288,-1.9021018242899879,-0.2551840467162857,-2.1572858710062737,-0.9533316399535405,0.23521367756134615,-1.762036105513116,-0.2500206902772144,-2.0120567957903304,-0.7453131404698988,0.20727128240342912,719.0,Blake Wesley,POR,-1.9345901497236653,0.1452290752159433,0.4964569223198234
1630702,-0.4333612630359468,-2.090022929781025,-2.523384192816972,0.03231311221970712,-2.561620476119988,-0.6774104710841586,-1.5505444655229614,-2.2279549366071203,-0.16003972381696505,-1.422449206885637,-0.6451154616224003,-1.3835873310680202,-2.0287027926904204,-0.16777994374624272,-1.1887056573735713,1852.0,Jaden Hardy,WAS,-2.138990960974203,0.19925214391669988,0.4946814001265514
1642847,0.33719529307267887,-2.2223634806647645,-1.8851681875920856,-0.20113124050805564,-0.8856717692728614,0.41995532882774733,-2.3834992598425977,-1.9635439310148504,0.28582909070771734,-1.09154970133718,0.38623774276448475,-2.455919141086778,-2.0696813983222935,0.24316111183494782,-1.1530318107284514,4403.0,Jeremiah Fears,NOP,-1.3933552623442877,-0.10613746730744311,-0.18451321073020788
1642380,-0.9358173895946832,-0.7242471165823441,-1.6600645061770272,-0.2767252293300888,0.25528844072735607,-1.1340997132102897,-1.1557267519086434,-2.2898264651189333,-0.4059524354591517,-0.28683877032189947,-1.0533793466501986,-1.0312618926727393,-2.084641239322938,-0.24041002862211636,-0.10766320698562848,470.0,Adama Bal,MEM,-1.7059843336742837,0.2051852257959954,-0.4245767331459107
1641711,-1.2229436607923752,-0.9583893352727872,-2.181332996065162,-0.15934258347981345,-0.8634602428912438,-1.213157123054023,-0.9884738772018864,-2.2016310002559094,-0.14269389626142112,-0.7313138279557676,-1.2678078375213808,-0.8555680838609837,-2.1233759213823644,-0.16678045524472773,-0.6420039835906923,2208.0,Gradey Dick,TOR,-2.5187226503383107,0.07825507887354499,0.05795707468279776
1642848,-0.16593058301817282,-1.694810464661399,-1.8607410476795718,-0.6417030700621846,-1.7148151360560988,-0.42180362165008933,-1.7157161263542178,-2.137519748004307,-1.012196968542781,-1.5655542525687376,-0.43194028276344276,-1.69777270991615,-2.129712992679593,-1.056653468681596,-1.5286462256422795,2961.0,Tre Johnson,WAS,-2.890706330894809,0.0078067553247143096,-0.268971945000021
1630592,-1.4606832508702063,-0.8283520146702836,-2.28903526554049,-1.092085401714158,-0.9821912883534422,-1.2996867117839397,-1.0478431098728316,-2.3475298216567713,-0.7367871039502343,-0.9409882881821348,-1.3461531883936468,-0.8677745814972688,-2.2139277698909154,-0.68772567652611,-0.7653772808151094,1639.0,Jalen Wilson,BKN,-1.6005811603131468,0.13360205176585582,0.07510749564957475
1630560,1.4423695429204149,-3.7359868954752455,-2.293617352554831,0.5880459429783191,-2.1063252456031374,1.3636273281879805,-3.674846309111558,-2.3112189809235777,0.4591621643444763,-2.133337935863906,1.3644669314620486,-3.580531356465797,-2.2160644250037485,0.37681021867558784,-1.8464281450240327,1630.0,Cam Thomas,MIL,-2.445670654314606,0.09515455591982924,0.07755292755108245
1642260,-1.7010488625005673,-1.7066269928159183,-3.4076758553164854,-1.5648975506144538,-1.6162918712252332,-2.691178015842147,-0.5973186736872479,-3.288496689529395,-2.671286725454537,-0.4304192584300469,-1.6009797610765453,-0.6350401330510319,-2.236019894127577,-1.4231293385558126,-0.4289454493946679,322.0,Nikola Topić,OKC,-3.8467527850093406,1.0524767954018177,1.1716559611889084
202687,-4.838372459412687,0.7889460219740614,-4.049426437438626,-4.735079207403269,0.8038391683231915,-3.781634822339429,-0.3197018364144497,-4.101336658753879,-3.193503579894657,-0.899730792898322,-2.539590758809596,0.2977186690315108,-2.2418720897780853,-1.3093155069027813,0.10385962971127788,250.0,Bismack Biyombo,SAS,-5.227474446134153,1.8594645689757936,1.807554347660541
1631103,-1.6468647901177385,-1.6687352956188073,-3.3156000857365457,-0.2577120144007241,-1.8147105855679762,-1.3934162661000447,-1.1535852984387902,-2.547001564538835,0.20325906618646464,-0.8438077531531591,-1.417454958549993,-0.8263072781303914,-2.2437622366803844,0.16822795022379045,-0.4202943322791923,570.0,Malaki Branham,WAS,-2.922839732485457,0.30323932785845065,1.0718378490561613
1631110,-1.7124778391102373,-0.5459258366673667,-2.258403675777604,-0.32350783653041404,0.07886077360554616,-1.9406918957617885,-0.3724581229013576,-2.313150018663146,-0.7476372212166642,0.5385944813124117,-1.8374739188827813,-0.4078216586319494,-2.2452955775147307,-0.6286434780350708,0.37757954641993413,968.0,Jeremy Sochan,NYK,-2.106808529423712,0.06785444114841521,0.013108098262873291
1626145,-0.7425327871368995,-1.0555964979868246,-1.798129285123724,-0.09453953719617514,0.2516708901078122,-0.9468264923445733,-1.5606332798352969,-2.50745977217987,-0.4841539273709794,-0.5629321159823266,-0.9839597106411481,-1.298454169562102,-2.28241388020325,-0.46674006444507,-0.4756438946188068,2011.0,Tyus Jones,DEN,-1.1578599037170731,0.22504589197662028,-0.4842845950795258
1630526,-0.7454100800307886,-1.9157419735441021,-2.6611520535748907,-0.8700523701808787,-1.1552258275040093,-0.23498265288247666,-2.321575672414225,-2.5565583252967015,0.036299142656910616,-1.849508479136663,-0.2692573147304863,-2.015250056335143,-2.2845073710656294,0.10403976206370524,-1.1309020509941026,763.0,Jeremiah Robinson-Earl,DAL,-2.829983036136852,0.27205095423107206,0.3766446825092613
1642261,-0.6642747637366596,-2.1739827829875553,-2.838257546724215,-0.4708250729171395,-1.4697048046659458,-0.5477232066502633,-1.9332907935845043,-2.481014000234768,-0.2662855318088536,-1.0886284472813395,-0.5865691070783022,-1.7346783377931034,-2.3212474448714056,-0.18414309946632212,-0.7854968403575038,1130.0,Dalton Knecht,LAL,-2.8711202958713313,0.15976655536336226,0.5170101018528093
1642905,-4.273334455710995,-0.4322624921242094,-4.705596947835205,-3.888382906338067,-0.8254051256793459,-2.9570537173426414,-0.027605020335944475,-2.984658737678586,-2.4273041599570786,-0.3754509089829322,-2.4163056954793065,0.05327590537516416,-2.363029790104142,-1.7942635635268886,-0.27280732977417443,615.0,Yang Hansen,POR,-5.056113092740938,0.6216289475744436,2.3425671577310627
1641998,-4.231041001184537,-1.123351277859211,-5.354392279043748,-4.13326662793934,-1.1873512583247756,-4.556712513630245,-2.643379977877609,-7.200092491507855,-4.546155018661634,-3.0616829594732895,-2.0863829398644542,-0.3279113000849011,-2.4142942399493554,-1.4483982761243368,-0.1766032002082215,172.0,Trey Jemison III,NYK,-6.040029497120727,4.785798251558499,2.9400980390943925
1641727,-1.6718703532157577,-2.254199239582369,-3.9260695927981266,-1.2706336331752306,-1.461832257167314,-1.1252554843405136,-2.0352377965655575,-3.160493280906071,-0.6045554834351605,-1.167918806978936,-0.9495398356258867,-1.4936597409862573,-2.443199576612144,-0.2964468335449709,-0.5389521738564567,320.0,Dariq Whitehead,MEM,-3.828077935115657,0.7172937042939269,1.4828700161859825
1630208,-1.9935386182150074,-1.1860998400056546,-3.179638458220662,-2.3251666050746245,-0.09483521753287708,-1.2929829114497133,-1.1851886958790923,-2.4781716073288056,-1.4277186311162053,-0.0730921959212486,-1.3212930216440013,-1.1679366559228714,-2.4892296775668727,-1.2661903381214268,-0.038785022115522566,1420.0,Nick Richards,CHI,-3.724623711988734,-0.011058070238067153,0.6904087806537893
1629234,-3.0390707872001674,0.36288353206251545,-2.676187255137652,-1.6743752370140093,0.693912642383283,-3.265263069269272,0.6042867733579167,-2.6609762959113556,-2.1263835833693,1.321811093289024,-3.037789334967603,0.47135188394092586,-2.566437451026677,-1.7913168766828274,1.1219912399005338,1118.0,Drew Eubanks,SAC,-1.603673990571553,0.09453884488467867,0.10974980411097501
1642964,-3.2770874261647753,-0.46246101767162046,-3.7395484438363957,-2.150163937243166,-0.246216273991497,-2.8742936898450555,0.16857968286553837,-2.705714006979517,-1.7603306147559163,0.5368743701313797,-2.538675812195208,-0.0340263161244472,-2.5727021283196554,-1.2945569355573645,0.33345354546740696,704.0,Brooks Barnhizer,OKC,-3.260731977062068,0.13301187865986153,1.1668463155167403
1642875,-0.5653258681099829,-2.1695421896481193,-2.734868057758102,-0.7421932280076322,0.007354325011361608,-0.5395835537571634,-2.031707694829404,-2.5712912485865678,-0.7975964263695026,0.33941084145001044,-0.5682809009072968,-2.096641155684607,-2.664922056591904,-0.9087210677426593,0.3381692540070926,3917.0,Maxime Raynaud,SAC,-2.478260912191096,-0.09363080800533607,0.06994600116619809
1642358,-3.0089278827580244,-2.129328505944132,-5.138256388702157,-2.6761469081589344,-2.817910467232744,-2.5677737778809333,-0.468282583801216,-3.0360563616821494,-2.1246742236443823,-1.0527363674817818,-2.185040713803068,-0.5655515782274553,-2.7505922920305235,-1.75888192730803,-0.7468976208356526,905.0,AJ Johnson,DAL,-5.295481594882942,0.28546406965162596,2.3876640966716334
1641724,-0.7978162193672461,-2.7978384571485906,-3.595654676515837,-0.26600722039755453,-1.7833490328675392,-0.6346372839151326,-2.3253575064863545,-2.9599947904014874,-0.14046855961258395,-1.0257779945850132,-0.6051394559390693,-2.149304220107747,-2.754443676046816,-0.15445151301471993,-0.8228093720555414,1368.0,Jett Howard,ORL,-2.673866422953675,0.20555111435467133,0.8412110004690208
1642355,-2.0128878266997265,-1.4446590790084675,-3.457546905708194,-1.2982007329681595,-0.7238037787824853,-1.5344246056624935,-1.8085761181089532,-3.3430007237714467,-0.723980231769725,-1.1677339969012621,-1.4454724512072576,-1.3219972040695351,-2.767469655276793,-0.5355303912532065,-0.5841063951701386,756.0,Bronny James,LAL,-3.309754397599787,0.5755310684946537,0.690077250431401
1631172,-2.0428524898447855,-0.8593683767696532,-2.9022208666144387,-0.6754101214001798,-1.1353274870337473,-2.2178401187515533,-0.6590636280099884,-2.876903746761542,-0.8431517673538376,-0.7655764083313471,-2.162961491942034,-0.6143585769945638,-2.7773200689365978,-0.863780151187508,-0.7201793148126738,2131.0,Ousmane Dieng,MIL,-3.0459751414300227,0.09958367782494415,0.1249007976778409
1642265,-2.333900360474048,-1.2129096517136502,-3.5468100121876978,-2.5431358925679377,-1.0266612937002115,-1.8222293655194652,-1.1496624912257976,-2.9718918567452626,-1.776048443727088,-0.8668952452257117,-1.7411750869845453,-1.0866074362752087,-2.8277825232597538,-1.7318783154586916,-0.7622809024908517,2068.0,Rob Dillingham,CHI,-3.8119572592726843,0.1441093334855088,0.719027488927944
1642942,-1.6661001631008663,-0.8710897714977323,-2.5371899345985987,-1.9901811836105678,0.6866977183267812,-1.7993951640995767,-1.0092979065690217,-2.8086930706685984,-2.129126868992427,0.5092593470400345,-1.6800476774325328,-1.1627065111350046,-2.8427541885675374,-1.9240259241863353,0.4032220310368309,1368.0,Jahmai Mashack,MEM,-3.252318372036977,-0.03406111789893895,-0.3055642539689387
1643253,-2.199468868378935,-0.8508348669465088,-3.0503037353254436,-1.8587671472649712,0.14206724798201967,-2.2664252507195806,-1.6953873060333615,-3.961812556752942,-1.9097960608062816,-0.8159294224777616,-1.6161351907524686,-1.2864673494650303,-2.902602540217499,-1.1599936202840482,-0.3132620688486077,392.0,Toby Okani,MEM,-3.1319699388658178,1.059210016535443,0.14770119510794455
1629018,-0.450930429423563,-2.661386663987132,-3.112317093410695,0.022397898641157488,-1.279606385345381,-0.4598319474339142,-2.5080411388546753,-2.9678730862885896,-0.1345989496060089,-1.082334074700711,-0.48081621346958026,-2.4263476345398787,-2.907163848009459,-0.16071203444934468,-1.0198544621627819,2718.0,Gary Trent Jr.,MIL,-2.967009516551503,0.06070923827913077,0.20515324540123636
1642880,-1.4217124609494804,-2.0593127681803347,-3.4810252291298154,-1.0819530425855097,-1.0991839769422653,-1.7481882797504706,-1.4913556904062966,-3.239543970156767,-1.3983030277762525,-0.45367034233346826,-1.6330118860699685,-1.4045336596420905,-3.0375455457120593,-1.241764010391074,-0.32579099799884353,1308.0,Kam Jones,IND,-2.738149893730683,0.20199842444470795,0.4434796834177561
1630164,-3.5269316386192515,-2.8390406663592493,-6.3659723049785,-3.359107496652526,-2.3539146363230783,-4.463729461507221,-2.1203560548477514,-6.584085516354972,-4.6080587005182485,-1.3353225628622076,-1.9016722200405838,-1.1410189252145595,-3.0426911452551435,-1.1429130196480743,-0.10827598345705225,124.0,James Wiseman,IND,-6.234003045938023,3.5413943710998286,3.323281159723357
1630172,-2.8489691641599983,-0.2888926061391347,-3.137861770299133,-1.2372851481440899,-0.6373473516882936,-2.807145082192704,-0.38283615585608505,-3.189981238048789,-0.9628142100074704,-0.6396169161656499,-2.769820250782804,-0.3461645256771477,-3.1159847764599515,-0.9903822368541121,-0.6305738695609047,3139.0,Patrick Williams,CHI,-2.0684457598739607,0.07399646158883755,0.021876993839181402
1642268,-0.7470854948173129,-2.266529243223446,-3.0136147380407587,0.5691515998205156,-0.5076910319791184,-1.2045480641806092,-2.1362627163006893,-3.3408107804812985,-0.2958815797608275,-0.2738724605159386,-1.1667441878889138,-2.142827849503417,-3.3095720373923307,-0.35827086904415695,-0.28703649861363634,3267.0,Isaiah Collier,UTA,-2.404480165669922,0.03123874308896779,-0.295957299351572
1642860,-0.815871975815157,-2.7646960608324163,-3.5805680366475734,-0.3316633428472955,-1.426280899659436,-0.5733484754267257,-2.747571984476197,-3.320920459902923,0.10340735731894571,-1.2381204077850745,-0.6060996768301105,-2.782275011566777,-3.3883746883968877,0.05159183896492947,-1.2638230095887395,3373.0,Will Riley,WAS,-3.2853994617608535,-0.06745422849396476,0.19219334825068568
1630544,-2.4177211269521592,-1.522988604642611,-3.9407097315947706,-1.4224030313894227,-1.1037061100759848,-2.2348023074911127,-1.3791295288422338,-3.6139318363333466,-1.0797390808025928,-0.738471755163546,-2.233322626105692,-1.2049475854950693,-3.438270211600761,-0.9910340940882966,-0.5367656390909197,1329.0,Tre Mann,CHA,-3.5806023839472454,0.1756616247325855,0.5024395199940095
1641712,-3.200113432205557,-0.2534824963529407,-3.4535959285584976,-1.5347279852722213,-0.13775217812853877,-3.3543786580126254,-0.05413289890466322,-3.4085115569172886,-1.8721455734633479,0.2927987726214021,-3.548563361994326,-0.09115739734720699,-3.6397207593415333,-1.8644458611685826,0.30528491029471166,2052.0,Rayan Rupert,MEM,-3.5901876959643078,-0.2312092024242447,-0.18612483078303566
1641722,-1.8484494747099502,-2.3420539485953693,-4.190503423305319,-1.4451567120721522,-1.697882486274261,-1.6197054499282806,-2.2234434446879083,-3.843148894616189,-0.920890652144124,-1.5403773289735523,-1.5663111743319897,-2.1263058487870756,-3.692617023119065,-0.7996043057555705,-1.2581617021619007,1445.0,Jordan Hawkins,NOP,-4.813378310846849,0.15053187149712377,0.4978864001862542
1642849,-2.118398486040239,-1.4347336094869478,-3.553132095527187,-2.177425549129325,-1.0207072668890542,-2.3603848198194823,-1.4607688098330032,-3.8211536296524855,-2.4389633158674657,-1.050964587290584,-2.3038402923303334,-1.4553750076050695,-3.759215299935403,-2.426305561219181,-1.0079818642134932,2436.0,Nolan Traore,BKN,-2.8946338168511785,0.061938329717082574,-0.20608320440821615
1641716,-2.385488795721327,-1.2922482126813375,-3.677737008402665,-1.087284658283421,-0.4820830926764524,-2.485172235703997,-1.1834253449062535,-3.6685975806102507,-1.2458585678160627,-0.15255868785754123,-2.5606739499788516,-1.251390087728621,-3.8120640377074726,-1.3131854125694709,-0.2117837213924355,4094.0,Jarace Walker,IND,-3.0557357449006997,-0.14346645709722194,-0.13432702930480778
1642262,-2.303438899683361,-1.863603903591663,-4.167042803275024,-1.1772666264845215,-0.7786999711661319,-2.4329095336967392,-1.4412624617230358,-3.874171995419775,-1.7887699260119614,-0.14659989946085933,-2.4715430526002375,-1.3493277443399294,-3.820870796940167,-1.862908297896301,-0.1458214091853054,3416.0,Cody Williams,UTA,-3.571119035058179,0.053301198479608125,0.3461720063348568
1642879,-3.08561720476953,-1.5167773875779222,-4.602394592347452,-2.4844488775208013,-1.5511479993435955,-2.629417367677631,-1.4283407381864914,-4.0577581058641226,-1.7681082958044556,-1.3433262397820842,-2.563644163727739,-1.347877249706898,-3.911521413434637,-1.7113218152083212,-1.1847875120139264,1808.0,Ben Saraf,BKN,-4.8233516594382335,0.14623669242948534,0.6908731789128151
1641733,-3.0100205548384857,-2.2921947994516234,-5.302215354290109,-0.7516680350896732,-2.301109412021392,-2.6489840240701494,-2.3405872920891873,-4.989571316159337,-0.16035039756752054,-2.2978477476881127,-2.6565901439684656,-1.7110877712642034,-4.367677915232669,-0.10107533896575971,-1.4004863635978975,768.0,Nick Smith Jr.,LAL,-4.57679307911509,0.6218934009266679,0.9345374390574399
1642267,-1.5687399050115658,-2.074043774750917,-3.6427836797624824,0.0862503134598277,-1.242686468333715,-2.059911186719347,-2.222042380007675,-4.281953566727022,-0.7318621105951642,-1.2734820052090683,-2.053582292612963,-2.3243174590253712,-4.377899751638335,-0.8230851536724247,-1.3557093128933027,4726.0,Bub Carrington,WAS,-3.4815472987643368,-0.09594618491131257,-0.7351160718758525
1642962,-3.2695235671654297,-2.071537864374953,-5.341061431540383,-1.2134611852654054,-1.665116341960294,-3.1317232524729812,-1.9846752692299399,-5.116398521702921,-0.9419383488443243,-1.5990894449764133,-3.120226592334795,-1.9698743361113344,-5.090100928446129,-0.9705929378244581,-1.5203186222502056,2585.0,Drake Powell,BKN,-5.6910080326616,0.026297593256791707,0.25096050309425344
