game_id,possessions_seen,possessions_attached,n_away,n_home,pts_away,pts_home,expected_home,expected_away,attach_rate,home_point_error,away_point_error,possession_gap,trusted
21901231,202,202,101.0,101.0,106.0,104.0,104.0,106.0,1.0,0.0,0.0,0.0,True
21901232,204,204,102.0,102.0,101.0,103.0,103.0,101.0,1.0,0.0,0.0,0.0,True
21901233,207,207,103.0,104.0,128.0,118.0,118.00002842040442,128.0000053254047,1.0,-2.84204044191938e-05,-5.325404686118418e-06,1.0,True
21901234,225,225,113.0,112.0,135.0,140.0,140.0,135.0,1.0,0.0,0.0,1.0,True
21901235,214,214,107.0,107.0,125.0,112.0,112.00004039401223,125.0000008491279,1.0,-4.039401223110417e-05,-8.491279004374519e-07,0.0,True
21901236,212,212,105.0,107.0,112.0,119.0,119.0,112.0,1.0,0.0,0.0,2.0,True
21901237,214,214,107.0,107.0,120.0,129.0,128.99997623804012,120.00010983710439,1.0,2.3761959880630457e-05,-0.00010983710438949856,0.0,True
21901238,236,236,117.0,119.0,153.0,149.0,149.0,153.0,1.0,0.0,0.0,2.0,True
21901239,199,199,100.0,99.0,125.0,105.0,105.0,125.0,1.0,0.0,0.0,1.0,True
21901240,194,194,98.0,96.0,94.0,110.0,110.0,94.0,1.0,0.0,0.0,2.0,True
21901241,209,209,104.0,105.0,103.0,126.0,126.0,103.0,1.0,0.0,0.0,1.0,True
21901242,208,208,104.0,104.0,121.0,127.0,127.0000686354915,121.00005520880194,1.0,-6.86354915018228e-05,-5.520880193898847e-05,0.0,True
21901243,206,206,103.0,103.0,92.0,107.0,107.0,92.0,1.0,0.0,0.0,0.0,True
21901244,199,199,100.0,99.0,110.0,118.0,118.00003655970163,110.00005618378208,1.0,-3.655970162697031e-05,-5.6183782078278455e-05,1.0,True
21901245,195,195,98.0,97.0,124.0,128.0,128.0,124.0,1.0,0.0,0.0,1.0,True
21901246,209,209,105.0,104.0,108.0,106.0,106.00011362950617,108.00001884286775,1.0,-0.00011362950617410661,-1.88428677461161e-05,1.0,True
21901247,207,207,103.0,104.0,116.0,132.0,132.00005726567287,116.00003292097765,1.0,-5.7265672865014494e-05,-3.2920977645289895e-05,1.0,True
21901248,212,212,105.0,107.0,116.0,120.0,119.9999872660956,116.00004945957652,1.0,1.2733904398487539e-05,-4.945957651614208e-05,2.0,True
21901249,208,208,104.0,104.0,115.0,117.0,117.0000474121332,114.99999158604714,1.0,-4.7412133199031814e-05,8.413952855335083e-06,0.0,True
21901250,195,195,98.0,97.0,107.0,103.0,103.00014076757208,106.99999291396233,1.0,-0.0001407675720770385,7.086037669523648e-06,1.0,True
21901251,215,215,108.0,107.0,121.0,113.0,113.0,121.0,1.0,0.0,0.0,1.0,True
21901252,198,198,99.0,99.0,111.0,100.0,100.0000462319711,111.00008586173719,1.0,-4.623197109765442e-05,-8.58617371903847e-05,0.0,True
21901253,209,209,105.0,104.0,99.0,109.0,109.00009487794011,99.00009554373031,1.0,-9.487794011420192e-05,-9.554373031051e-05,1.0,True
21901254,207,207,103.0,104.0,130.0,132.0,132.0,130.0,1.0,0.0,0.0,1.0,True
21901255,205,205,102.0,103.0,116.0,108.0,108.0,116.0,1.0,0.0,0.0,1.0,True
21901256,213,213,106.0,107.0,119.0,116.0,116.00005003764811,119.00000179696056,1.0,-5.003764810851408e-05,-1.7969605607959238e-06,1.0,True
21901257,215,215,106.0,109.0,114.0,110.0,110.0,114.0,1.0,0.0,0.0,3.0,True
21901258,197,197,98.0,99.0,117.0,115.0,115.00009571213543,117.00002686064062,1.0,-9.571213543324575e-05,-2.6860640616632736e-05,1.0,True
21901259,193,193,97.0,96.0,109.0,120.0,120.0,109.0,1.0,0.0,0.0,1.0,True
21901260,181,181,91.0,90.0,106.0,112.0,112.0,106.0,1.0,0.0,0.0,1.0,True
21901261,204,204,102.0,102.0,102.0,110.0,110.0,102.0,1.0,0.0,0.0,0.0,True
21901262,210,210,104.0,106.0,115.0,124.0,124.0,115.0,1.0,0.0,0.0,2.0,True
21901263,199,199,99.0,100.0,107.0,98.0,98.00001183488803,107.0000263602093,1.0,-1.18348880278063e-05,-2.6360209304243654e-05,1.0,True
21901264,200,200,99.0,101.0,132.0,126.0,126.0,132.0,1.0,0.0,0.0,2.0,True
21901265,203,203,101.0,102.0,105.0,86.0,86.0,105.0,1.0,0.0,0.0,1.0,True
21901266,205,205,102.0,103.0,109.0,99.0,99.0,109.0,1.0,0.0,0.0,1.0,True
21901267,217,217,108.0,109.0,115.0,149.0,149.0,115.0,1.0,0.0,0.0,1.0,True
21901268,202,202,100.0,102.0,125.0,140.0,140.0,125.0,1.0,0.0,0.0,2.0,True
21901269,211,211,106.0,105.0,116.0,130.0,130.00006373193168,116.00003162176948,1.0,-6.373193167519275e-05,-3.162176948023898e-05,1.0,True
21901270,204,204,102.0,102.0,99.0,114.0,114.00005897596117,99.00003536016655,1.0,-5.8975961167107016e-05,-3.536016654948071e-05,0.0,True
21901271,189,189,95.0,94.0,126.0,111.0,111.0,126.0,1.0,0.0,0.0,1.0,True
21901272,189,189,94.0,95.0,125.0,115.0,115.0,125.0,1.0,0.0,0.0,1.0,True
21901273,210,210,104.0,106.0,97.0,113.0,113.0,97.0,1.0,0.0,0.0,2.0,True
21901274,210,210,105.0,105.0,111.0,119.0,119.0,111.0,1.0,0.0,0.0,0.0,True
21901275,199,199,100.0,99.0,92.0,121.0,121.0,92.0,1.0,0.0,0.0,1.0,True
21901276,202,202,101.0,101.0,106.0,119.0,119.0,106.0,1.0,0.0,0.0,0.0,True
21901277,194,194,97.0,97.0,101.0,108.0,108.00004224872141,101.00001624911722,1.0,-4.224872141378455e-05,-1.624911722331035e-05,0.0,True
21901278,205,205,102.0,103.0,107.0,118.0,118.00003412338226,107.00001108111341,1.0,-3.4123382263828717e-05,-1.108111341352469e-05,1.0,True
21901279,207,207,104.0,103.0,122.0,100.0,100.0,122.0,1.0,0.0,0.0,1.0,True
21901280,199,199,100.0,99.0,122.0,117.0,117.0,122.0,1.0,0.0,0.0,1.0,True
21901281,239,239,120.0,119.0,132.0,134.0,134.0,132.0,1.0,0.0,0.0,1.0,True
21901282,202,202,101.0,101.0,111.0,116.0,116.0,111.0,1.0,0.0,0.0,0.0,True
21901283,198,198,99.0,99.0,119.0,112.0,112.00003633804253,119.0000471636179,1.0,-3.633804253411199e-05,-4.716361789292023e-05,0.0,True
21901284,229,229,115.0,114.0,132.0,136.0,136.00005093446518,132.00000904077856,1.0,-5.093446517889788e-05,-9.040778564894936e-06,1.0,True
21901285,197,197,99.0,98.0,103.0,121.0,120.99999906832811,103.00003273127219,1.0,9.316718916352329e-07,-3.2731272185060334e-05,1.0,True
21901286,214,214,107.0,107.0,99.0,108.0,108.0,99.0,1.0,0.0,0.0,0.0,True
21901287,212,212,106.0,106.0,122.0,113.0,113.00007359254073,122.00010900534357,1.0,-7.359254072980548e-05,-0.00010900534357460856,0.0,True
21901288,222,222,112.0,110.0,119.0,122.0,122.0,119.0,1.0,0.0,0.0,2.0,True
21901289,203,203,101.0,102.0,121.0,124.0,124.00002187924758,121.00002237690919,1.0,-2.1879247583456163e-05,-2.2376909186050398e-05,1.0,True
21901290,221,221,111.0,110.0,129.0,112.0,112.0,129.0,1.0,0.0,0.0,1.0,True
21901291,197,197,99.0,98.0,129.0,120.0,120.0,129.0,1.0,0.0,0.0,1.0,True
21901292,216,216,108.0,108.0,101.0,128.0,128.00007969045407,101.0000271686789,1.0,-7.969045407207886e-05,-2.7168678897737664e-05,0.0,True
21901293,184,184,92.0,92.0,122.0,114.0,114.00012769058324,121.99997019205797,1.0,-0.0001276905832412467,2.9807942027559875e-05,0.0,True
21901294,210,210,105.0,105.0,114.0,106.0,106.0,114.0,1.0,0.0,0.0,0.0,True
21901295,206,206,103.0,103.0,92.0,114.0,114.0,92.0,1.0,0.0,0.0,0.0,True
21901296,180,180,90.0,90.0,121.0,124.0,124.0,121.0,1.0,0.0,0.0,0.0,True
21901297,201,201,101.0,100.0,108.0,96.0,96.0,108.0,1.0,0.0,0.0,1.0,True
21901298,225,225,112.0,113.0,105.0,123.0,123.0,105.0,1.0,0.0,0.0,1.0,True
21901299,182,182,91.0,91.0,130.0,117.0,117.00003021809476,130.00005392717796,1.0,-3.021809476422277e-05,-5.392717795871249e-05,0.0,True
21901300,212,212,107.0,105.0,134.0,131.0,131.0,134.0,1.0,0.0,0.0,2.0,True
21901301,191,191,95.0,96.0,122.0,107.0,107.0,122.0,1.0,0.0,0.0,1.0,True
21901302,204,204,102.0,102.0,106.0,112.0,112.0,106.0,1.0,0.0,0.0,0.0,True
21901303,210,210,105.0,105.0,126.0,113.0,112.99999537670423,126.00007302785275,1.0,4.623295765782132e-06,-7.3027852749874e-05,0.0,True
21901304,217,217,108.0,109.0,108.0,104.0,104.0,108.0,1.0,0.0,0.0,1.0,True
21901305,209,209,105.0,104.0,125.0,121.0,121.00004759912672,125.00002492174751,1.0,-4.7599126716590945e-05,-2.492174751012044e-05,1.0,True
21901306,199,199,100.0,99.0,115.0,116.0,116.0,115.0,1.0,0.0,0.0,1.0,True
21901307,192,192,96.0,96.0,124.0,111.0,111.0,124.0,1.0,0.0,0.0,0.0,True
21901308,202,202,101.0,98.0,96.0,90.0,90.0,96.0,1.0,0.0,0.0,3.0,True
21901309,219,219,110.0,107.0,134.0,133.0,133.0,134.0,1.0,0.0,0.0,3.0,True
21901310,216,216,106.0,106.0,136.0,122.0,122.0,136.0,1.0,0.0,0.0,0.0,True
21901311,226,226,113.0,111.0,106.0,119.0,119.0,106.0,1.0,0.0,0.0,2.0,True
21901312,208,208,103.0,102.0,127.0,133.0,133.0,127.0,1.0,0.0,0.0,1.0,True
21901313,196,196,97.0,97.0,102.0,128.0,128.00031761520515,101.99997932176275,1.0,-0.0003176152051480585,2.067823724871687e-05,0.0,True
21901314,205,205,101.0,101.0,112.0,118.0,118.0,112.0,1.0,0.0,0.0,0.0,True
21901315,210,210,106.0,104.0,134.0,96.0,96.0,134.0,1.0,0.0,0.0,2.0,True
21901316,207,207,104.0,100.0,92.0,109.0,109.0,92.0,1.0,0.0,0.0,4.0,True
21901317,239,239,120.0,112.0,103.0,107.0,107.0,103.0,1.0,0.0,0.0,8.0,False
21901318,207,207,103.0,102.0,109.0,117.0,117.0,109.0,1.0,0.0,0.0,1.0,True
22000001,223,223,112.0,111.0,99.0,125.0,125.0,99.0,1.0,0.0,0.0,1.0,True
22000002,206,206,103.0,103.0,116.0,109.0,109.0,116.0,1.0,0.0,0.0,0.0,True
22000003,199,199,100.0,99.0,121.0,122.0,122.00000782050424,121.00004267460365,1.0,-7.820504237088244e-06,-4.267460364815179e-05,1.0,True
22000004,205,205,102.0,103.0,102.0,106.0,106.0,102.0,1.0,0.0,0.0,1.0,True
22000005,190,190,96.0,94.0,98.0,111.0,111.0,98.0,1.0,0.0,0.0,2.0,True
22000006,218,218,109.0,109.0,99.0,138.0,138.0,99.0,1.0,0.0,0.0,0.0,True
22000007,195,195,98.0,97.0,123.0,95.0,94.99999194936068,123.00010027570835,1.0,8.05063932318717e-06,-0.00010027570834836297,1.0,True
22000008,202,202,101.0,101.0,115.0,138.0,138.0,115.0,1.0,0.0,0.0,0.0,True
22000009,191,191,95.0,96.0,121.0,108.0,108.0,121.0,1.0,0.0,0.0,1.0,True
22000010,203,203,102.0,101.0,114.0,121.0,121.00007185041507,113.99997197392615,1.0,-7.185041506829748e-05,2.8026073849218847e-05,1.0,True
22000011,212,212,105.0,107.0,107.0,121.0,121.0,107.0,1.0,0.0,0.0,2.0,True
22000012,211,211,105.0,106.0,107.0,113.0,113.00001583790392,107.00002351828866,1.0,-1.5837903916349205e-05,-2.3518288656987352e-05,1.0,True
22000013,213,213,107.0,106.0,107.0,113.0,113.0,107.0,1.0,0.0,0.0,1.0,True
22000014,207,207,103.0,104.0,113.0,99.0,99.0,113.0,1.0,0.0,0.0,1.0,True
22000015,211,211,105.0,106.0,124.0,104.0,104.00006048724714,124.00004905801597,1.0,-6.04872471399176e-05,-4.90580159748788e-05,1.0,True
22000016,203,203,102.0,101.0,114.0,112.0,112.00002998811674,114.00001248682743,1.0,-2.9988116736490156e-05,-1.2486827429825098e-05,1.0,True
22000017,216,216,109.0,107.0,131.0,119.0,119.0,131.0,1.0,0.0,0.0,2.0,True
22000018,202,202,101.0,101.0,101.0,111.0,110.99999267133816,101.0000178483884,1.0,7.328661837391337e-06,-1.7848388395691472e-05,0.0,True
22000019,224,224,113.0,111.0,124.0,122.0,122.0,124.0,1.0,0.0,0.0,2.0,True
22000020,198,198,99.0,99.0,120.0,100.0,100.0,120.0,1.0,0.0,0.0,0.0,True
22000021,207,207,104.0,103.0,122.0,112.0,112.00008349464788,122.00009755232252,1.0,-8.349464788182104e-05,-9.755232251507095e-05,1.0,True
22000022,209,209,104.0,105.0,109.0,107.0,107.00002758863471,109.00004558030038,1.0,-2.7588634708308746e-05,-4.5580300380265726e-05,1.0,True
22000023,246,246,123.0,123.0,128.0,119.0,119.00001948460309,128.00007916295823,1.0,-1.948460308653921e-05,-7.916295822951724e-05,0.0,True
22000024,219,219,109.0,110.0,130.0,120.0,120.0,130.0,1.0,0.0,0.0,1.0,True
22000025,189,189,95.0,94.0,109.0,89.0,89.0,109.0,1.0,0.0,0.0,1.0,True
22000026,214,214,107.0,107.0,125.0,106.0,106.0,125.0,1.0,0.0,0.0,0.0,True
22000027,208,208,104.0,104.0,114.0,119.0,119.00000813415387,114.00004856276796,1.0,-8.134153873129435e-06,-4.856276795806025e-05,0.0,True
22000028,207,207,103.0,104.0,116.0,111.0,111.00005727347074,115.99998628223523,1.0,-5.72734707446898e-05,1.3717764772991359e-05,1.0,True
22000029,214,214,107.0,107.0,126.0,128.0,128.00009258791096,126.00003459234503,1.0,-9.258791095589913e-05,-3.4592345031114746e-05,0.0,True
22000030,204,204,102.0,102.0,103.0,106.0,106.00010997363795,103.00001413696786,1.0,-0.00010997363794729154,-1.4136967863009886e-05,0.0,True
22000031,187,187,94.0,93.0,124.0,73.0,73.0,124.0,1.0,0.0,0.0,1.0,True
22000032,207,207,104.0,103.0,104.0,106.0,106.00028066315089,103.9998028509329,1.0,-0.0002806631508889268,0.00019714906710532887,1.0,True
22000033,202,202,100.0,102.0,120.0,113.0,113.0,120.0,1.0,0.0,0.0,2.0,True
22000034,202,202,100.0,102.0,95.0,98.0,98.0,95.0,1.0,0.0,0.0,2.0,True
22000035,197,197,99.0,98.0,94.0,118.0,118.00004562427274,94.00003065649274,1.0,-4.562427274379388e-05,-3.0656492739922214e-05,1.0,True
22000036,197,197,99.0,98.0,110.0,130.0,130.0,110.0,1.0,0.0,0.0,1.0,True
22000037,203,203,102.0,101.0,107.0,108.0,108.0,107.0,1.0,0.0,0.0,1.0,True
22000038,229,229,114.0,115.0,129.0,128.0,128.0,129.0,1.0,0.0,0.0,1.0,True
22000039,193,193,96.0,97.0,116.0,100.0,100.0,116.0,1.0,0.0,0.0,1.0,True
22000040,211,211,106.0,105.0,91.0,127.0,127.0,91.0,1.0,0.0,0.0,1.0,True
22000041,198,198,99.0,99.0,120.0,128.0,128.0000033187289,120.00002211376105,1.0,-3.3187288863700815e-06,-2.2113761048103697e-05,0.0,True
22000042,220,220,110.0,110.0,116.0,111.0,111.00004580636553,116.00001967170452,1.0,-4.580636553441764e-05,-1.9671704521329048e-05,0.0,True
22000043,198,198,99.0,99.0,110.0,109.0,109.0,110.0,1.0,0.0,0.0,0.0,True
22000044,205,205,103.0,102.0,111.0,124.0,124.00014566495358,111.00015783803934,1.0,-0.0001456649535782617,-0.00015783803934255047,1.0,True
22000045,197,197,99.0,98.0,115.0,107.0,107.0,115.0,1.0,0.0,0.0,1.0,True
22000046,197,197,99.0,98.0,95.0,86.0,86.0,95.0,1.0,0.0,0.0,1.0,True
22000047,198,198,99.0,99.0,116.0,106.0,106.00007364563349,115.99998096065924,1.0,-7.364563349199216e-05,1.9039340756421552e-05,0.0,True
22000048,201,201,100.0,101.0,116.0,111.0,111.0,116.0,1.0,0.0,0.0,1.0,True
22000049,206,206,103.0,103.0,93.0,100.0,100.00003793121009,93.00004212619513,1.0,-3.7931210087549516e-05,-4.212619512600213e-05,0.0,True
22000050,216,216,107.0,109.0,115.0,107.0,107.0,115.0,1.0,0.0,0.0,2.0,True
22000051,204,204,103.0,101.0,144.0,97.0,97.0,144.0,1.0,0.0,0.0,2.0,True
22000052,205,205,103.0,102.0,118.0,107.0,107.0,118.0,1.0,0.0,0.0,1.0,True
22000053,184,184,92.0,92.0,86.0,111.0,111.0,86.0,1.0,0.0,0.0,0.0,True
22000054,195,195,97.0,98.0,101.0,124.0,124.0,101.0,1.0,0.0,0.0,1.0,True
22000055,201,201,100.0,101.0,115.0,125.0,125.0,115.0,1.0,0.0,0.0,1.0,True
22000056,204,204,103.0,101.0,107.0,126.0,126.0,107.0,1.0,0.0,0.0,2.0,True
22000057,215,215,108.0,107.0,141.0,145.0,145.0,141.0,1.0,0.0,0.0,1.0,True
22000058,209,209,104.0,105.0,108.0,119.0,119.00006853932793,108.0000098864902,1.0,-6.853932792694195e-05,-9.886490204280562e-06,1.0,True
22000059,202,202,101.0,101.0,118.0,99.0,99.0,118.0,1.0,0.0,0.0,0.0,True
22000060,202,202,100.0,102.0,121.0,107.0,107.0,121.0,1.0,0.0,0.0,2.0,True
22000061,205,205,102.0,103.0,105.0,128.0,128.0,105.0,1.0,0.0,0.0,1.0,True
22000062,195,195,97.0,98.0,99.0,119.0,119.0,99.0,1.0,0.0,0.0,1.0,True
22000063,206,206,103.0,103.0,133.0,130.0,130.00000750152515,133.00005408771352,1.0,-7.501525146835775e-06,-5.408771352222175e-05,0.0,True
22000064,205,205,103.0,102.0,116.0,92.0,92.0,116.0,1.0,0.0,0.0,1.0,True
22000065,213,213,106.0,107.0,119.0,122.0,122.0,119.0,1.0,0.0,0.0,1.0,True
22000066,202,202,101.0,101.0,83.0,100.0,100.0,83.0,1.0,0.0,0.0,0.0,True
22000067,195,195,98.0,97.0,113.0,80.0,80.0,113.0,1.0,0.0,0.0,1.0,True
22000068,191,191,96.0,95.0,106.0,95.0,95.0,106.0,1.0,0.0,0.0,1.0,True
22000069,201,201,101.0,100.0,108.0,93.0,93.00002869204255,108.0000395915614,1.0,-2.8692042548073005e-05,-3.9591561403540254e-05,1.0,True
22000070,204,204,103.0,101.0,93.0,96.0,96.00004706779754,93.00007137299295,1.0,-4.706779753860246e-05,-7.137299294868171e-05,2.0,True
22000071,196,196,97.0,99.0,83.0,93.0,93.0,83.0,1.0,0.0,0.0,2.0,True
22000072,197,197,98.0,99.0,114.0,96.0,96.0,114.0,1.0,0.0,0.0,1.0,True
22000073,219,219,110.0,109.0,96.0,126.0,126.0,96.0,1.0,0.0,0.0,1.0,True
22000074,207,207,103.0,104.0,130.0,109.0,109.0,130.0,1.0,0.0,0.0,1.0,True
22000075,202,202,102.0,100.0,109.0,103.0,103.0,109.0,1.0,0.0,0.0,2.0,True
22000076,183,183,91.0,92.0,106.0,103.0,103.0,106.0,1.0,0.0,0.0,1.0,True
22000077,183,183,91.0,92.0,100.0,106.0,106.0,100.0,1.0,0.0,0.0,1.0,True
22000078,203,203,101.0,102.0,123.0,98.0,98.0,123.0,1.0,0.0,0.0,1.0,True
22000079,193,193,96.0,97.0,94.0,102.0,102.0,94.0,1.0,0.0,0.0,1.0,True
22000080,184,184,91.0,93.0,106.0,102.0,102.00000836984535,106.00008632679157,1.0,-8.369845346578586e-06,-8.632679157472012e-05,2.0,True
22000081,199,199,100.0,99.0,108.0,99.0,99.0,108.0,1.0,0.0,0.0,1.0,True
22000082,204,204,102.0,102.0,112.0,127.0,127.00002450892784,112.00003128362576,1.0,-2.4508927836564e-05,-3.128362575921528e-05,0.0,True
22000083,193,193,96.0,97.0,96.0,91.0,91.0,96.0,1.0,0.0,0.0,1.0,True
22000084,197,197,99.0,98.0,116.0,120.0,120.0,116.0,1.0,0.0,0.0,1.0,True
22000085,191,191,95.0,96.0,122.0,120.0,120.00000387788491,122.0000375486601,1.0,-3.877884907410589e-06,-3.7548660102970643e-05,1.0,True
22000086,217,217,109.0,108.0,123.0,122.0,122.0,123.0,1.0,0.0,0.0,1.0,True
22000087,189,189,94.0,95.0,108.0,94.0,94.00006988690379,108.00000099889854,1.0,-6.98869037876193e-05,-9.988985425479768e-07,1.0,True
22000088,193,193,97.0,96.0,124.0,109.0,109.0,124.0,1.0,0.0,0.0,1.0,True
22000089,212,212,106.0,106.0,130.0,109.0,109.0,130.0,1.0,0.0,0.0,0.0,True
22000090,202,202,101.0,101.0,108.0,118.0,118.0,108.0,1.0,0.0,0.0,0.0,True
22000091,184,184,92.0,92.0,112.0,107.0,107.0,112.0,1.0,0.0,0.0,0.0,True
22000092,211,211,106.0,105.0,122.0,137.0,137.0,122.0,1.0,0.0,0.0,1.0,True
22000093,186,186,93.0,93.0,83.0,103.0,103.0,83.0,1.0,0.0,0.0,0.0,True
22000094,204,204,103.0,101.0,101.0,118.0,117.99998106940022,101.00002891052152,1.0,1.8930599779309887e-05,-2.89105215216523e-05,2.0,True
22000095,197,197,99.0,98.0,113.0,108.0,108.0,113.0,1.0,0.0,0.0,1.0,True
22000096,200,200,100.0,100.0,90.0,118.0,118.0,90.0,1.0,0.0,0.0,0.0,True
22000097,209,209,105.0,104.0,126.0,114.0,114.0,126.0,1.0,0.0,0.0,1.0,True
22000098,190,190,95.0,95.0,113.0,100.0,100.0,113.0,1.0,0.0,0.0,0.0,True
22000099,200,200,100.0,100.0,115.0,125.0,125.00006587740049,114.99999928060434,1.0,-6.587740048757951e-05,7.193956577111749e-07,0.0,True
22000100,215,215,108.0,107.0,118.0,116.0,116.00001829734776,118.00005658033281,1.0,-1.8297347764928418e-05,-5.6580332810085565e-05,1.0,True
22000101,218,218,109.0,109.0,106.0,137.0,137.00009486818652,106.00002295194955,1.0,-9.486818652248985e-05,-2.2951949546268224e-05,0.0,True
22000102,203,203,101.0,102.0,96.0,130.0,130.0000177696077,96.00007876844059,1.0,-1.7769607694617662e-05,-7.876844058785082e-05,1.0,True
22000103,191,191,96.0,95.0,94.0,92.0,92.0,94.0,1.0,0.0,0.0,1.0,True
22000104,207,207,104.0,103.0,116.0,123.0,123.00009594823597,115.99997155777751,1.0,-9.594823596614788e-05,2.8442222486546598e-05,1.0,True
22000105,195,195,97.0,98.0,116.0,113.0,113.0,116.0,1.0,0.0,0.0,1.0,True
22000106,199,199,100.0,99.0,111.0,108.0,108.0,111.0,1.0,0.0,0.0,1.0,True
22000107,200,200,100.0,100.0,107.0,114.0,114.0,107.0,1.0,0.0,0.0,0.0,True
22000108,187,187,94.0,93.0,94.0,105.0,105.0,94.0,1.0,0.0,0.0,1.0,True
22000109,220,220,110.0,110.0,136.0,141.0,141.000022726933,136.00001137106648,1.0,-2.2726932996874893e-05,-1.1371066477749991e-05,0.0,True
22000110,203,203,102.0,101.0,102.0,94.0,94.00011758421506,102.00002860614177,1.0,-0.00011758421506158356,-2.860614176825038e-05,1.0,True
22000111,185,185,93.0,92.0,107.0,105.0,105.0,107.0,1.0,0.0,0.0,1.0,True
22000112,193,193,97.0,96.0,100.0,112.0,112.0,100.0,1.0,0.0,0.0,1.0,True
22000113,205,205,102.0,103.0,115.0,130.0,130.0,115.0,1.0,0.0,0.0,1.0,True
22000114,206,206,103.0,103.0,111.0,110.0,110.0,111.0,1.0,0.0,0.0,0.0,True
22000115,193,193,96.0,97.0,115.0,123.0,123.0,115.0,1.0,0.0,0.0,1.0,True
22000116,196,196,98.0,98.0,108.0,101.0,101.0,108.0,1.0,0.0,0.0,0.0,True
22000117,198,198,99.0,99.0,124.0,128.0,128.0,124.0,1.0,0.0,0.0,0.0,True
22000118,216,216,108.0,108.0,109.0,122.0,122.0,109.0,1.0,0.0,0.0,0.0,True
22000119,188,188,93.0,95.0,94.0,90.0,90.0,94.0,1.0,0.0,0.0,2.0,True
22000120,214,214,106.0,108.0,124.0,117.0,117.00004265248263,123.99999656003459,1.0,-4.265248263379817e-05,3.439965411189405e-06,2.0,True
22000121,197,197,99.0,98.0,118.0,109.0,109.0,118.0,1.0,0.0,0.0,1.0,True
22000122,214,214,107.0,107.0,117.0,135.0,135.0,117.0,1.0,0.0,0.0,0.0,True
22000123,215,215,108.0,107.0,105.0,110.0,110.0,105.0,1.0,0.0,0.0,1.0,True
22000124,211,211,105.0,106.0,107.0,116.0,116.00001127754102,107.00000750976399,1.0,-1.1277541020149329e-05,-7.509763989332896e-06,1.0,True
22000125,190,190,95.0,95.0,101.0,89.0,89.0,101.0,1.0,0.0,0.0,0.0,True
22000126,193,193,96.0,97.0,118.0,110.0,110.00001160462533,118.00003367982211,1.0,-1.1604625328232032e-05,-3.3679822109888846e-05,1.0,True
22000127,191,191,95.0,96.0,90.0,132.0,132.0,90.0,1.0,0.0,0.0,1.0,True
22000128,203,203,102.0,101.0,110.0,115.0,115.00014652240371,110.00003444251644,1.0,-0.00014652240371049174,-3.444251643713869e-05,1.0,True
22000129,204,204,101.0,103.0,131.0,118.0,117.99999749208901,131.0000646970867,1.0,2.5079109917669484e-06,-6.469708671374974e-05,2.0,True
22000130,190,190,95.0,95.0,105.0,115.0,115.0,105.0,1.0,0.0,0.0,0.0,True
22000131,193,193,96.0,97.0,115.0,117.0,117.0,115.0,1.0,0.0,0.0,1.0,True
22000132,198,198,100.0,98.0,144.0,123.0,123.0,144.0,1.0,0.0,0.0,2.0,True
22000133,193,193,96.0,97.0,115.0,103.0,103.0,115.0,1.0,0.0,0.0,1.0,True
22000134,192,192,96.0,96.0,105.0,113.0,112.999995684109,105.00008412489503,1.0,4.315891004580408e-06,-8.412489502518383e-05,0.0,True
22000135,196,196,98.0,98.0,125.0,117.0,117.0,125.0,1.0,0.0,0.0,0.0,True
22000136,217,217,108.0,109.0,128.0,124.0,124.0,128.0,1.0,0.0,0.0,1.0,True
22000137,188,188,93.0,95.0,90.0,100.0,100.00004967083987,90.0000080961681,1.0,-4.967083987139631e-05,-8.096168102156298e-06,2.0,True
22000138,214,214,107.0,107.0,125.0,122.0,122.00000199347672,125.00004450716446,1.0,-1.9934767152562927e-06,-4.4507164460583226e-05,0.0,True
22000139,196,196,98.0,98.0,98.0,112.0,112.0,98.0,1.0,0.0,0.0,0.0,True
22000140,212,212,106.0,106.0,125.0,99.0,99.00004354354736,125.00002452990081,1.0,-4.354354736335608e-05,-2.452990081280859e-05,0.0,True
22000141,183,183,92.0,91.0,96.0,86.0,86.0,96.0,1.0,0.0,0.0,1.0,True
22000142,200,200,100.0,100.0,127.0,130.0,130.0,127.0,1.0,0.0,0.0,0.0,True
22000143,205,205,103.0,102.0,129.0,116.0,116.0,129.0,1.0,0.0,0.0,1.0,True
22000144,182,182,90.0,92.0,114.0,89.0,89.0,114.0,1.0,0.0,0.0,2.0,True
22000145,199,199,100.0,99.0,130.0,124.0,124.00002391822738,130.0000086642969,1.0,-2.391822738445626e-05,-8.664296899496549e-06,1.0,True
22000146,208,208,104.0,104.0,120.0,102.0,102.0,120.0,1.0,0.0,0.0,0.0,True
22000147,194,194,97.0,97.0,88.0,96.0,96.00002586665373,88.00003216946344,1.0,-2.586665372916741e-05,-3.2169463437980994e-05,0.0,True
22000148,199,199,99.0,100.0,105.0,106.0,106.0,105.0,1.0,0.0,0.0,1.0,True
22000149,180,180,89.0,91.0,88.0,109.0,109.00004930070378,87.99999060342654,1.0,-4.93007037789539e-05,9.396573460662694e-06,2.0,True
22000150,192,192,96.0,96.0,101.0,91.0,91.0,101.0,1.0,0.0,0.0,0.0,True
22000151,198,198,99.0,99.0,121.0,99.0,99.0,121.0,1.0,0.0,0.0,0.0,True
22000152,191,191,96.0,95.0,107.0,128.0,128.0,107.0,1.0,0.0,0.0,1.0,True
22000153,196,196,98.0,98.0,94.0,112.0,112.0,94.0,1.0,0.0,0.0,0.0,True
22000154,203,203,101.0,102.0,107.0,125.0,125.00005353057847,107.00002787625758,1.0,-5.353057846946285e-05,-2.787625757605383e-05,1.0,True
22000155,194,194,98.0,96.0,111.0,112.0,112.0,111.0,1.0,0.0,0.0,2.0,True
22000156,208,208,104.0,104.0,122.0,127.0,126.99998239580144,122.00004022945492,1.0,1.760419856111639e-05,-4.022945492465624e-05,0.0,True
22000157,229,229,115.0,114.0,134.0,137.0,137.0,134.0,1.0,0.0,0.0,1.0,True
22000158,193,193,96.0,97.0,116.0,122.0,122.0,116.0,1.0,0.0,0.0,1.0,True
22000159,192,192,96.0,96.0,117.0,87.0,87.0,117.0,1.0,0.0,0.0,0.0,True
22000160,195,195,98.0,97.0,99.0,121.0,121.0,99.0,1.0,0.0,0.0,1.0,True
22000161,207,207,103.0,104.0,117.0,100.0,100.0,117.0,1.0,0.0,0.0,1.0,True
22000162,202,202,101.0,101.0,112.0,102.0,102.0,112.0,1.0,0.0,0.0,0.0,True
22000163,203,203,101.0,102.0,104.0,95.0,95.0,104.0,1.0,0.0,0.0,1.0,True
22000164,193,193,96.0,97.0,104.0,93.0,93.00004819370794,104.0000179696603,1.0,-4.8193707939958585e-05,-1.7969660305539037e-05,1.0,True
22000165,191,191,95.0,96.0,110.0,101.0,101.0,110.0,1.0,0.0,0.0,1.0,True
22000166,216,216,108.0,108.0,122.0,131.0,131.0,122.0,1.0,0.0,0.0,0.0,True
22000167,184,184,92.0,92.0,96.0,112.0,112.0,96.0,1.0,0.0,0.0,0.0,True
22000168,184,184,93.0,91.0,116.0,109.0,109.0,116.0,1.0,0.0,0.0,2.0,True
22000169,202,202,101.0,101.0,118.0,107.0,107.0,118.0,1.0,0.0,0.0,0.0,True
22000170,196,196,98.0,98.0,128.0,99.0,99.0,128.0,1.0,0.0,0.0,0.0,True
22000171,192,192,96.0,96.0,110.0,117.0,117.0,110.0,1.0,0.0,0.0,0.0,True
22000172,183,183,91.0,92.0,106.0,111.0,111.0,106.0,1.0,0.0,0.0,1.0,True
22000173,193,193,97.0,96.0,132.0,126.0,126.0,132.0,1.0,0.0,0.0,1.0,True
22000174,211,211,105.0,106.0,108.0,125.0,125.0,108.0,1.0,0.0,0.0,1.0,True
22000175,193,193,96.0,97.0,108.0,111.0,111.0000486098077,108.00001874707887,1.0,-4.860980770615697e-05,-1.8747078868841527e-05,1.0,True
22000176,197,197,99.0,98.0,109.0,105.0,105.0,109.0,1.0,0.0,0.0,1.0,True
22000177,208,208,104.0,104.0,104.0,114.0,114.0,104.0,1.0,0.0,0.0,0.0,True
22000178,191,191,95.0,96.0,111.0,87.0,87.0,111.0,1.0,0.0,0.0,1.0,True
22000179,208,208,104.0,104.0,91.0,120.0,120.0,91.0,1.0,0.0,0.0,0.0,True
22000180,194,194,97.0,97.0,97.0,124.0,124.0,97.0,1.0,0.0,0.0,0.0,True
22000181,188,188,95.0,93.0,103.0,106.0,106.0,103.0,1.0,0.0,0.0,2.0,True
22000182,198,198,100.0,98.0,109.0,112.0,112.00002205444095,108.9999918873365,1.0,-2.205444094727227e-05,8.112663493875516e-06,2.0,True
22000183,207,207,103.0,104.0,139.0,135.0,135.0,139.0,1.0,0.0,0.0,1.0,True
22000184,231,231,116.0,115.0,125.0,127.0,127.0,125.0,1.0,0.0,0.0,1.0,True
22000185,207,207,103.0,104.0,98.0,120.0,120.0,98.0,1.0,0.0,0.0,1.0,True
22000186,204,204,102.0,102.0,92.0,116.0,116.0,92.0,1.0,0.0,0.0,0.0,True
22000187,189,189,95.0,94.0,95.0,112.0,112.0,95.0,1.0,0.0,0.0,1.0,True
22000188,192,192,96.0,96.0,138.0,100.0,100.0,138.0,1.0,0.0,0.0,0.0,True
22000189,203,203,101.0,102.0,91.0,103.0,103.0,91.0,1.0,0.0,0.0,1.0,True
22000190,206,206,103.0,103.0,115.0,122.0,122.00000886276807,115.00002955596072,1.0,-8.862768069661797e-06,-2.955596072240496e-05,0.0,True
22000191,203,203,101.0,102.0,113.0,116.0,116.0000819266102,113.0000080541187,1.0,-8.192661020700598e-05,-8.054118694644785e-06,1.0,True
22000192,189,189,94.0,95.0,120.0,100.0,100.00007217993112,119.9999759539338,1.0,-7.21799311236282e-05,2.404606620132199e-05,1.0,True
22000193,205,205,102.0,103.0,104.0,106.0,106.0,104.0,1.0,0.0,0.0,1.0,True
22000194,208,208,104.0,104.0,122.0,111.0,111.0,122.0,1.0,0.0,0.0,0.0,True
22000195,204,204,102.0,102.0,106.0,112.0,112.0,106.0,1.0,0.0,0.0,0.0,True
22000196,195,195,98.0,97.0,105.0,75.0,75.0,105.0,1.0,0.0,0.0,1.0,True
22000197,195,195,97.0,98.0,110.0,119.0,119.0,110.0,1.0,0.0,0.0,1.0,True
22000198,211,211,106.0,105.0,117.0,101.0,101.0,117.0,1.0,0.0,0.0,1.0,True
22000199,198,198,99.0,99.0,117.0,93.0,93.0,117.0,1.0,0.0,0.0,0.0,True
22000200,183,183,91.0,92.0,109.0,105.0,105.0,109.0,1.0,0.0,0.0,1.0,True
22000201,200,200,100.0,100.0,128.0,123.0,123.0,128.0,1.0,0.0,0.0,0.0,True
22000202,205,205,102.0,103.0,96.0,129.0,129.0,96.0,1.0,0.0,0.0,1.0,True
22000203,191,191,95.0,96.0,84.0,91.0,91.0,84.0,1.0,0.0,0.0,1.0,True
22000204,199,199,99.0,100.0,105.0,120.0,120.0,105.0,1.0,0.0,0.0,1.0,True
22000205,210,210,105.0,105.0,97.0,108.0,108.0,97.0,1.0,0.0,0.0,0.0,True
22000206,192,192,96.0,96.0,107.0,113.0,113.0000971218936,107.00003097880752,1.0,-9.712189360300272e-05,-3.097880751568027e-05,0.0,True
22000207,196,196,98.0,98.0,125.0,104.0,104.0,125.0,1.0,0.0,0.0,0.0,True
22000208,196,196,98.0,98.0,104.0,108.0,108.0,104.0,1.0,0.0,0.0,0.0,True
22000209,209,209,105.0,104.0,123.0,125.0,125.0,123.0,1.0,0.0,0.0,1.0,True
22000210,199,199,99.0,100.0,93.0,116.0,116.0,93.0,1.0,0.0,0.0,1.0,True
22000211,213,213,106.0,107.0,120.0,125.0,125.0,120.0,1.0,0.0,0.0,1.0,True
22000212,203,203,102.0,101.0,115.0,113.0,113.0,115.0,1.0,0.0,0.0,1.0,True
22000213,208,208,105.0,103.0,101.0,119.0,119.0,101.0,1.0,0.0,0.0,2.0,True
22000214,193,193,97.0,96.0,102.0,118.0,118.0,102.0,1.0,0.0,0.0,1.0,True
22000215,203,203,101.0,102.0,97.0,119.0,119.00000096532585,97.00004473593425,1.0,-9.65325853030663e-07,-4.4735934253026244e-05,1.0,True
22000216,238,238,118.0,120.0,135.0,147.0,147.0,135.0,1.0,0.0,0.0,2.0,True
22000217,202,202,101.0,101.0,124.0,112.0,112.0,124.0,1.0,0.0,0.0,0.0,True
22000218,195,195,97.0,98.0,109.0,117.0,117.0,109.0,1.0,0.0,0.0,1.0,True
22000219,214,214,107.0,107.0,115.0,123.0,123.0,115.0,1.0,0.0,0.0,0.0,True
22000220,192,192,96.0,96.0,111.0,102.0,102.0,111.0,1.0,0.0,0.0,0.0,True
22000221,190,190,96.0,94.0,97.0,96.0,96.0,97.0,1.0,0.0,0.0,2.0,True
22000222,209,209,105.0,104.0,109.0,103.0,103.0,109.0,1.0,0.0,0.0,1.0,True
22000223,204,204,102.0,102.0,99.0,121.0,120.9999874882735,99.00001419719861,1.0,1.2511726495745279e-05,-1.4197198609622319e-05,0.0,True
22000224,205,205,102.0,103.0,96.0,115.0,115.0,96.0,1.0,0.0,0.0,1.0,True
22000225,209,209,104.0,105.0,130.0,128.0,128.0,130.0,1.0,0.0,0.0,1.0,True
22000226,197,197,99.0,98.0,113.0,106.0,106.0,113.0,1.0,0.0,0.0,1.0,True
22000227,206,206,103.0,103.0,118.0,129.0,129.0,118.0,1.0,0.0,0.0,0.0,True
22000228,200,200,100.0,100.0,119.0,104.0,104.0,119.0,1.0,0.0,0.0,0.0,True
22000229,203,203,102.0,101.0,123.0,110.0,109.99999939289091,123.000017710001,1.0,6.071090865589213e-07,-1.7710001003479192e-05,1.0,True
22000230,200,200,100.0,100.0,103.0,102.0,102.0,103.0,1.0,0.0,0.0,0.0,True
22000231,203,203,102.0,101.0,118.0,120.0,120.0,118.0,1.0,0.0,0.0,1.0,True
22000232,198,198,98.0,100.0,113.0,125.0,125.00005098278432,112.99999513064262,1.0,-5.098278431603376e-05,4.869357383086026e-06,2.0,True
22000233,197,197,99.0,98.0,110.0,122.0,122.0000413513208,109.99999497254719,1.0,-4.135132080307358e-05,5.02745281494299e-06,1.0,True
22000234,191,191,96.0,95.0,81.0,101.0,101.0,81.0,1.0,0.0,0.0,1.0,True
22000235,213,213,107.0,106.0,134.0,135.0,135.0,134.0,1.0,0.0,0.0,1.0,True
22000236,198,198,99.0,99.0,116.0,98.0,98.00005212224373,116.00001091209982,1.0,-5.212224372996843e-05,-1.0912099824622601e-05,0.0,True
22000237,202,202,101.0,101.0,122.0,117.0,117.0,122.0,1.0,0.0,0.0,0.0,True
22000238,214,214,107.0,107.0,130.0,126.0,126.0,130.0,1.0,0.0,0.0,0.0,True
22000239,196,196,98.0,98.0,106.0,120.0,120.0,106.0,1.0,0.0,0.0,0.0,True
22000240,215,215,107.0,108.0,120.0,113.0,113.0,120.0,1.0,0.0,0.0,1.0,True
22000241,189,189,95.0,94.0,94.0,103.0,103.0,94.0,1.0,0.0,0.0,1.0,True
22000242,206,206,103.0,103.0,108.0,127.0,127.0,108.0,1.0,0.0,0.0,0.0,True
22000243,209,209,104.0,105.0,114.0,110.0,110.0,114.0,1.0,0.0,0.0,1.0,True
22000244,205,205,103.0,102.0,124.0,128.0,128.0,124.0,1.0,0.0,0.0,1.0,True
22000245,205,205,103.0,102.0,101.0,90.0,90.0,101.0,1.0,0.0,0.0,1.0,True
22000246,213,213,107.0,106.0,110.0,120.0,120.00001339565013,110.00007134087636,1.0,-1.3395650128700254e-05,-7.134087636018194e-05,1.0,True
22000247,200,200,100.0,100.0,133.0,108.0,108.0,133.0,1.0,0.0,0.0,0.0,True
22000248,224,224,112.0,112.0,120.0,112.0,112.0,120.0,1.0,0.0,0.0,0.0,True
22000249,199,199,100.0,99.0,107.0,102.0,102.00003258754123,107.0000454858311,1.0,-3.258754122725804e-05,-4.54858310945383e-05,1.0,True
22000250,215,215,107.0,108.0,103.0,141.0,141.0,103.0,1.0,0.0,0.0,1.0,True
22000251,197,197,98.0,99.0,100.0,108.0,108.0,100.0,1.0,0.0,0.0,1.0,True
22000252,191,191,96.0,95.0,107.0,104.0,103.99999973834502,107.00004717960644,1.0,2.6165497502006474e-07,-4.7179606440295174e-05,1.0,True
22000253,202,202,100.0,102.0,101.0,121.0,121.0,101.0,1.0,0.0,0.0,2.0,True
22000254,196,196,98.0,98.0,115.0,129.0,129.0,115.0,1.0,0.0,0.0,0.0,True
22000255,193,193,96.0,97.0,110.0,116.0,116.0,110.0,1.0,0.0,0.0,1.0,True
22000256,191,191,95.0,96.0,113.0,116.0,116.00011317359822,113.00005376634478,1.0,-0.00011317359822271555,-5.3766344777272934e-05,1.0,True
22000257,190,190,95.0,95.0,104.0,119.0,118.99999882983695,104.00007241556297,1.0,1.170163045571826e-06,-7.241556296833096e-05,0.0,True
22000258,201,201,101.0,100.0,114.0,129.0,129.0,114.0,1.0,0.0,0.0,1.0,True
22000259,204,204,102.0,102.0,108.0,117.0,117.0000435734244,108.00000923993738,1.0,-4.357342440641787e-05,-9.239937384108998e-06,0.0,True
22000260,187,187,94.0,93.0,85.0,98.0,98.0,85.0,1.0,0.0,0.0,1.0,True
22000261,193,193,97.0,96.0,115.0,108.0,108.0,115.0,1.0,0.0,0.0,1.0,True
22000262,199,199,100.0,99.0,119.0,103.0,103.0,119.0,1.0,0.0,0.0,1.0,True
22000263,208,208,105.0,103.0,106.0,107.0,107.0,106.0,1.0,0.0,0.0,2.0,True
22000264,213,213,107.0,106.0,110.0,108.0,108.0,110.0,1.0,0.0,0.0,1.0,True
22000265,193,193,97.0,96.0,117.0,113.0,113.0,117.0,1.0,0.0,0.0,1.0,True
22000266,209,209,105.0,104.0,108.0,130.0,130.0000321664995,108.00000615072454,1.0,-3.21664994942239e-05,-6.150724544795594e-06,1.0,True
22000267,199,199,99.0,100.0,125.0,122.0,122.0,125.0,1.0,0.0,0.0,1.0,True
22000268,194,194,97.0,97.0,99.0,108.0,108.00005935992208,99.00006149787556,1.0,-5.935992207639629e-05,-6.149787556353203e-05,0.0,True
22000269,207,207,103.0,104.0,88.0,107.0,107.0,88.0,1.0,0.0,0.0,1.0,True
22000270,183,183,92.0,91.0,94.0,108.0,108.0,94.0,1.0,0.0,0.0,1.0,True
22000271,191,191,95.0,96.0,116.0,106.0,106.0,116.0,1.0,0.0,0.0,1.0,True
22000272,206,206,102.0,104.0,107.0,122.0,122.0,107.0,1.0,0.0,0.0,2.0,True
22000273,195,195,97.0,98.0,121.0,107.0,107.0,121.0,1.0,0.0,0.0,1.0,True
22000274,206,206,103.0,103.0,132.0,128.0,128.0,132.0,1.0,0.0,0.0,0.0,True
22000275,190,190,95.0,95.0,109.0,82.0,82.0,109.0,1.0,0.0,0.0,0.0,True
22000276,189,189,94.0,95.0,106.0,107.0,107.00001549217984,106.00006485841794,1.0,-1.5492179841203324e-05,-6.48584179430145e-05,1.0,True
22000277,199,199,100.0,99.0,115.0,108.0,108.0,115.0,1.0,0.0,0.0,1.0,True
22000278,200,200,100.0,100.0,90.0,101.0,101.0,90.0,1.0,0.0,0.0,0.0,True
22000279,197,197,99.0,98.0,106.0,124.0,124.0,106.0,1.0,0.0,0.0,1.0,True
22000280,200,200,100.0,100.0,106.0,110.0,110.0,106.0,1.0,0.0,0.0,0.0,True
22000281,200,200,100.0,100.0,102.0,97.0,97.0,102.0,1.0,0.0,0.0,0.0,True
22000282,191,191,95.0,96.0,104.0,116.0,116.0,104.0,1.0,0.0,0.0,1.0,True
22000283,208,208,104.0,104.0,111.0,123.0,123.0,111.0,1.0,0.0,0.0,0.0,True
22000284,179,179,90.0,89.0,92.0,107.0,106.99999473280694,92.00006547589439,1.0,5.267193060376485e-06,-6.547589438810064e-05,1.0,True
22000285,198,198,99.0,99.0,109.0,105.0,105.0,109.0,1.0,0.0,0.0,0.0,True
22000286,207,207,103.0,104.0,93.0,114.0,114.0,93.0,1.0,0.0,0.0,1.0,True
22000287,199,199,100.0,99.0,101.0,104.0,104.00003572327037,101.0001007396543,1.0,-3.572327037204559e-05,-0.00010073965430024145,1.0,True
22000288,197,197,99.0,98.0,105.0,108.0,108.0,105.0,1.0,0.0,0.0,1.0,True
22000289,196,196,98.0,98.0,116.0,90.0,90.0,116.0,1.0,0.0,0.0,0.0,True
22000290,200,200,100.0,100.0,116.0,100.0,100.0,116.0,1.0,0.0,0.0,0.0,True
22000291,181,181,90.0,91.0,81.0,102.0,102.00000972016174,81.0000908877444,1.0,-9.720161742166056e-06,-9.088774440613179e-05,1.0,True
22000292,199,199,99.0,100.0,125.0,124.0,123.99996287912558,126.00008567503225,1.0,3.712087442409029e-05,-1.0000856750322527,1.0,False
22000293,207,207,103.0,104.0,126.0,131.0,131.00001763071234,126.00008994048316,1.0,-1.7630712335403587e-05,-8.994048316424141e-05,1.0,True
22000294,203,203,102.0,101.0,118.0,94.0,94.0,118.0,1.0,0.0,0.0,1.0,True
22000295,209,209,105.0,104.0,147.0,125.0,125.00000707934493,147.00011803138148,1.0,-7.079344925386977e-06,-0.0001180313814757028,1.0,True
22000296,193,193,97.0,96.0,109.0,119.0,119.0,109.0,1.0,0.0,0.0,1.0,True
22000297,194,194,97.0,97.0,101.0,120.0,120.0,101.0,1.0,0.0,0.0,0.0,True
22000298,189,189,95.0,94.0,123.0,122.0,122.00004128726977,122.9999864209416,1.0,-4.128726976659891e-05,1.3579058403934141e-05,1.0,True
22000299,200,200,99.0,101.0,114.0,126.0,125.90168413566231,114.0983602419311,1.0,0.09831586433769246,-0.09836024193110404,2.0,True
22000300,211,211,106.0,105.0,126.0,112.0,112.00000465495333,126.00000857416941,1.0,-4.654953329463751e-06,-8.574169413577692e-06,1.0,True
22000301,187,187,94.0,93.0,104.0,105.0,105.0,104.0,1.0,0.0,0.0,1.0,True
22000302,186,186,93.0,93.0,96.0,95.0,95.0,96.0,1.0,0.0,0.0,0.0,True
22000303,193,193,96.0,97.0,111.0,105.0,105.00001985385444,111.0000225067262,1.0,-1.985385443958876e-05,-2.250672619652505e-05,1.0,True
22000304,198,198,99.0,99.0,129.0,112.0,112.0,129.0,1.0,0.0,0.0,0.0,True
22000305,196,196,98.0,98.0,91.0,118.0,118.0,91.0,1.0,0.0,0.0,0.0,True
22000306,194,194,97.0,97.0,117.0,128.0,128.0,117.0,1.0,0.0,0.0,0.0,True
22000307,198,198,99.0,99.0,119.0,110.0,110.00019233722657,119.00012557055824,1.0,-0.0001923372265650869,-0.00012557055823947394,0.0,True
22000308,185,185,93.0,92.0,129.0,115.0,115.0,129.0,1.0,0.0,0.0,1.0,True
22000309,194,194,97.0,97.0,102.0,115.0,115.0,102.0,1.0,0.0,0.0,0.0,True
22000310,224,224,111.0,113.0,146.0,149.0,149.0000534844265,145.9999937110366,1.0,-5.34844265018819e-05,6.288963390943536e-06,2.0,True
22000311,199,199,99.0,100.0,104.0,109.0,109.0,104.0,1.0,0.0,0.0,1.0,True
22000312,191,191,95.0,96.0,98.0,100.0,100.0,98.0,1.0,0.0,0.0,1.0,True
22000313,189,189,95.0,94.0,107.0,99.0,99.0,107.0,1.0,0.0,0.0,1.0,True
22000314,215,215,107.0,108.0,129.0,121.0,121.00004113706244,129.00004411415682,1.0,-4.113706243913384e-05,-4.4114156821706274e-05,1.0,True
22000315,195,195,97.0,98.0,102.0,110.0,110.0,102.0,1.0,0.0,0.0,1.0,True
22000316,207,207,103.0,104.0,106.0,134.0,134.0,106.0,1.0,0.0,0.0,1.0,True
22000317,203,203,101.0,102.0,118.0,109.0,109.0,118.0,1.0,0.0,0.0,1.0,True
22000318,210,210,105.0,105.0,136.0,106.0,106.0,136.0,1.0,0.0,0.0,0.0,True
22000319,198,198,99.0,99.0,109.0,108.0,108.0,109.0,1.0,0.0,0.0,0.0,True
22000320,201,201,101.0,100.0,133.0,102.0,102.0,133.0,1.0,0.0,0.0,1.0,True
22000321,190,190,94.0,96.0,119.0,134.0,134.0,119.0,1.0,0.0,0.0,2.0,True
22000322,206,206,104.0,102.0,116.0,134.0,134.0,116.0,1.0,0.0,0.0,2.0,True
22000323,200,200,100.0,100.0,123.0,108.0,108.0,123.0,1.0,0.0,0.0,0.0,True
22000324,196,196,98.0,98.0,120.0,124.0,124.00000561621316,119.99999521835845,1.0,-5.616213158532446e-06,4.781641550266613e-06,0.0,True
22000325,200,200,100.0,100.0,105.0,117.0,117.0,105.0,1.0,0.0,0.0,0.0,True
22000326,195,195,97.0,98.0,111.0,107.0,107.0,111.0,1.0,0.0,0.0,1.0,True
22000327,204,204,102.0,102.0,118.0,111.0,110.99999062928538,118.00009850985423,1.0,9.370714622036758e-06,-9.85098542258811e-05,0.0,True
22000328,188,188,95.0,93.0,121.0,99.0,99.0,121.0,1.0,0.0,0.0,2.0,True
22000329,214,214,107.0,107.0,110.0,130.0,130.0,110.0,1.0,0.0,0.0,0.0,True
22000330,200,200,100.0,100.0,122.0,116.0,116.0,122.0,1.0,0.0,0.0,0.0,True
22000331,196,196,98.0,98.0,103.0,100.0,100.0,103.0,1.0,0.0,0.0,0.0,True
22000332,195,195,97.0,98.0,107.0,103.0,103.0,107.0,1.0,0.0,0.0,1.0,True
22000333,215,215,107.0,108.0,87.0,104.0,104.0,87.0,1.0,0.0,0.0,1.0,True
22000334,198,198,98.0,100.0,108.0,111.0,111.0,108.0,1.0,0.0,0.0,2.0,True
22000335,186,186,93.0,93.0,101.0,123.0,123.0,101.0,1.0,0.0,0.0,0.0,True
22000336,199,199,99.0,100.0,111.0,116.0,116.0,111.0,1.0,0.0,0.0,1.0,True
22000337,200,200,100.0,100.0,121.0,105.0,105.0,121.0,1.0,0.0,0.0,0.0,True
22000338,194,194,97.0,97.0,112.0,91.0,91.0,112.0,1.0,0.0,0.0,0.0,True
22000339,204,204,103.0,101.0,147.0,116.0,116.0,147.0,1.0,0.0,0.0,2.0,True
22000340,194,194,97.0,97.0,115.0,103.0,103.00002917732705,115.0000319493271,1.0,-2.9177327050433632e-05,-3.194932709504883e-05,0.0,True
22000341,192,192,96.0,96.0,93.0,114.0,114.0,93.0,1.0,0.0,0.0,0.0,True
22000342,206,206,103.0,103.0,138.0,121.0,120.99999266624967,138.00002113921832,1.0,7.333750332350064e-06,-2.113921831892185e-05,0.0,True
22000343,191,191,95.0,96.0,114.0,113.0,113.0,114.0,1.0,0.0,0.0,1.0,True
22000344,201,201,101.0,100.0,119.0,123.0,123.0,119.0,1.0,0.0,0.0,1.0,True
22000345,199,199,100.0,99.0,123.0,117.0,117.0,123.0,1.0,0.0,0.0,1.0,True
22000346,204,204,103.0,101.0,123.0,105.0,105.0,123.0,1.0,0.0,0.0,2.0,True
22000347,201,201,101.0,100.0,95.0,122.0,122.0,95.0,1.0,0.0,0.0,1.0,True
22000348,200,200,99.0,101.0,106.0,103.0,103.0,106.0,1.0,0.0,0.0,2.0,True
22000349,196,196,98.0,98.0,92.0,109.0,109.0,92.0,1.0,0.0,0.0,0.0,True
22000350,190,190,95.0,95.0,119.0,115.0,115.0,119.0,1.0,0.0,0.0,0.0,True
22000351,189,189,94.0,95.0,99.0,110.0,110.0,99.0,1.0,0.0,0.0,1.0,True
22000352,194,194,96.0,98.0,114.0,119.0,119.0,114.0,1.0,0.0,0.0,2.0,True
22000353,189,189,94.0,95.0,118.0,92.0,92.0,118.0,1.0,0.0,0.0,1.0,True
22000354,202,202,101.0,101.0,108.0,124.0,123.99998532964544,108.0001256016872,1.0,1.4670354559598309e-05,-0.00012560168720199272,0.0,True
22000355,191,191,95.0,96.0,109.0,118.0,118.0,109.0,1.0,0.0,0.0,1.0,True
22000356,199,199,100.0,99.0,121.0,132.0,132.00000415539483,121.00001156994952,1.0,-4.155394833560422e-06,-1.156994952111745e-05,1.0,True
22000357,198,198,99.0,99.0,124.0,99.0,99.0,124.0,1.0,0.0,0.0,0.0,True
22000358,202,202,101.0,101.0,111.0,106.0,106.0,111.0,1.0,0.0,0.0,0.0,True
22000359,204,204,101.0,103.0,118.0,120.0,120.0,118.0,1.0,0.0,0.0,2.0,True
22000360,211,211,106.0,105.0,132.0,134.0,134.0,132.0,1.0,0.0,0.0,1.0,True
22000361,229,229,115.0,114.0,129.0,135.0,135.0,129.0,1.0,0.0,0.0,1.0,True
22000362,191,191,95.0,96.0,101.0,109.0,109.00003720026926,101.00001289644823,1.0,-3.720026926146147e-05,-1.2896448225774293e-05,1.0,True
22000363,195,195,97.0,98.0,103.0,95.0,95.0,103.0,1.0,0.0,0.0,1.0,True
22000364,188,188,94.0,94.0,109.0,103.0,103.0,109.0,1.0,0.0,0.0,0.0,True
22000365,174,174,87.0,87.0,91.0,100.0,100.0,91.0,1.0,0.0,0.0,0.0,True
22000366,203,203,101.0,102.0,113.0,110.0,110.0,113.0,1.0,0.0,0.0,1.0,True
22000367,194,194,96.0,98.0,94.0,119.0,119.0000393873764,94.000050591638,1.0,-3.938737640396539e-05,-5.059163800069655e-05,2.0,True
22000368,202,202,101.0,101.0,105.0,101.0,101.0,105.0,1.0,0.0,0.0,0.0,True
22000369,191,191,96.0,95.0,128.0,113.0,113.0,128.0,1.0,0.0,0.0,1.0,True
22000370,204,204,102.0,102.0,122.0,127.0,127.0,122.0,1.0,0.0,0.0,0.0,True
22000371,206,206,104.0,102.0,100.0,105.0,105.0,100.0,1.0,0.0,0.0,2.0,True
22000372,188,188,94.0,94.0,113.0,119.0,119.0,113.0,1.0,0.0,0.0,0.0,True
22000373,194,194,98.0,96.0,125.0,112.0,112.0,125.0,1.0,0.0,0.0,2.0,True
22000374,223,223,111.0,112.0,112.0,119.0,119.0,112.0,1.0,0.0,0.0,1.0,True
22000375,190,190,95.0,95.0,111.0,122.0,122.0000711518925,110.99999494327353,1.0,-7.11518924987331e-05,5.05672646511357e-06,0.0,True
22000376,185,185,93.0,92.0,96.0,98.0,97.99999028539555,96.00005010491878,1.0,9.714604445321129e-06,-5.010491878465473e-05,1.0,True
22000377,196,196,97.0,99.0,101.0,130.0,130.0,101.0,1.0,0.0,0.0,2.0,True
22000378,198,198,99.0,99.0,114.0,91.0,91.0,114.0,1.0,0.0,0.0,0.0,True
22000379,180,180,90.0,90.0,108.0,122.0,122.0,108.0,1.0,0.0,0.0,0.0,True
22000380,194,194,97.0,97.0,97.0,106.0,106.0,97.0,1.0,0.0,0.0,0.0,True
22000381,211,211,106.0,105.0,119.0,111.0,111.00001085056371,119.00005601287906,1.0,-1.0850563711528594e-05,-5.6012879056765996e-05,1.0,True
22000382,210,210,104.0,106.0,137.0,115.0,115.0,137.0,1.0,0.0,0.0,2.0,True
22000383,187,187,93.0,94.0,94.0,104.0,104.00005418927434,94.00000546498434,1.0,-5.4189274337090865e-05,-5.464984340619594e-06,1.0,True
22000384,194,194,97.0,97.0,117.0,118.0,118.0,117.0,1.0,0.0,0.0,0.0,True
22000385,192,192,96.0,96.0,116.0,129.0,129.0,116.0,1.0,0.0,0.0,0.0,True
22000386,195,195,98.0,97.0,114.0,130.0,130.00001759940497,114.00004945572391,1.0,-1.7599404969814714e-05,-4.945572391079622e-05,1.0,True
22000387,195,195,97.0,98.0,119.0,112.0,112.00006160446267,119.00008055460582,1.0,-6.160446267244879e-05,-8.055460581601892e-05,1.0,True
22000388,199,199,100.0,99.0,95.0,133.0,133.0,95.0,1.0,0.0,0.0,1.0,True
22000389,194,194,98.0,96.0,124.0,125.0,125.0,124.0,1.0,0.0,0.0,2.0,True
22000390,215,215,107.0,108.0,113.0,114.0,114.0,113.0,1.0,0.0,0.0,1.0,True
22000391,178,178,89.0,89.0,111.0,95.0,95.00004760747665,111.00003847744767,1.0,-4.7607476645339375e-05,-3.847744767426775e-05,0.0,True
22000392,197,197,99.0,98.0,101.0,94.0,94.0,101.0,1.0,0.0,0.0,1.0,True
22000393,201,201,100.0,101.0,105.0,111.0,111.0,105.0,1.0,0.0,0.0,1.0,True
22000394,187,187,94.0,93.0,114.0,118.0,117.98370215321792,114.01644962981229,1.0,0.016297846782080683,-0.016449629812285593,1.0,True
22000395,205,205,102.0,103.0,114.0,120.0,120.0000261635778,114.0000260983929,1.0,-2.616357780027556e-05,-2.6098392893914024e-05,1.0,True
22000396,202,202,101.0,101.0,109.0,91.0,91.0,109.0,1.0,0.0,0.0,0.0,True
22000397,207,207,103.0,104.0,125.0,114.0,114.0,125.0,1.0,0.0,0.0,1.0,True
22000398,202,202,101.0,101.0,106.0,120.0,120.0,106.0,1.0,0.0,0.0,0.0,True
22000399,195,195,97.0,98.0,130.0,143.0,143.0,130.0,1.0,0.0,0.0,1.0,True
22000400,193,193,96.0,97.0,125.0,106.0,106.0,125.0,1.0,0.0,0.0,1.0,True
22000401,192,192,96.0,96.0,95.0,97.0,97.0,95.0,1.0,0.0,0.0,0.0,True
22000402,208,208,103.0,105.0,115.0,129.0,129.0,115.0,1.0,0.0,0.0,2.0,True
22000403,199,199,99.0,100.0,105.0,115.0,115.0,105.0,1.0,0.0,0.0,1.0,True
22000404,201,201,101.0,100.0,110.0,129.0,129.0,110.0,1.0,0.0,0.0,1.0,True
22000405,199,199,99.0,100.0,123.0,112.0,112.0,123.0,1.0,0.0,0.0,1.0,True
22000406,190,190,96.0,94.0,111.0,120.0,120.0,111.0,1.0,0.0,0.0,2.0,True
22000407,204,204,102.0,102.0,125.0,113.0,113.0,125.0,1.0,0.0,0.0,0.0,True
22000408,192,192,96.0,96.0,99.0,121.0,121.0,99.0,1.0,0.0,0.0,0.0,True
22000409,212,212,106.0,106.0,134.0,117.0,117.00005294943817,133.99999607116155,1.0,-5.29494381709128e-05,3.9288384527935705e-06,0.0,True
22000410,205,205,102.0,103.0,94.0,112.0,112.0,94.0,1.0,0.0,0.0,1.0,True
22000411,187,187,94.0,93.0,121.0,118.0,118.0,121.0,1.0,0.0,0.0,1.0,True
22000412,194,194,97.0,97.0,108.0,102.0,101.99999740212841,108.000017399522,1.0,2.597871585408029e-06,-1.7399521993866074e-05,0.0,True
22000413,202,202,101.0,101.0,116.0,112.0,112.00006387498824,116.00004964277535,1.0,-6.387498824267368e-05,-4.964277535179917e-05,0.0,True
22000414,201,201,100.0,101.0,122.0,110.0,110.0,122.0,1.0,0.0,0.0,1.0,True
22000415,203,203,101.0,102.0,109.0,114.0,114.0,109.0,1.0,0.0,0.0,1.0,True
22000416,197,197,99.0,98.0,105.0,122.0,122.0,105.0,1.0,0.0,0.0,1.0,True
22000417,195,195,97.0,98.0,90.0,109.0,109.0,90.0,1.0,0.0,0.0,1.0,True
22000418,202,202,101.0,101.0,124.0,110.0,110.0,124.0,1.0,0.0,0.0,0.0,True
22000419,202,202,100.0,102.0,111.0,128.0,128.0,111.0,1.0,0.0,0.0,2.0,True
22000420,232,232,116.0,116.0,120.0,112.0,112.0,120.0,1.0,0.0,0.0,0.0,True
22000421,220,220,110.0,110.0,119.0,131.0,131.0,119.0,1.0,0.0,0.0,0.0,True
22000422,187,187,93.0,94.0,112.0,123.0,123.0,112.0,1.0,0.0,0.0,1.0,True
22000423,205,205,102.0,103.0,123.0,134.0,134.0,123.0,1.0,0.0,0.0,1.0,True
22000424,206,206,104.0,102.0,98.0,129.0,129.0,98.0,1.0,0.0,0.0,2.0,True
22000425,193,193,97.0,96.0,118.0,125.0,125.0,118.0,1.0,0.0,0.0,1.0,True
22000426,198,198,99.0,99.0,136.0,125.0,125.0000252896904,136.00000438384413,1.0,-2.5289690398722087e-05,-4.3838441285970475e-06,0.0,True
22000427,195,195,97.0,98.0,99.0,112.0,112.00004133998362,99.00007613441734,1.0,-4.133998362476632e-05,-7.613441734122262e-05,1.0,True
22000428,190,190,95.0,95.0,109.0,99.0,99.0,109.0,1.0,0.0,0.0,0.0,True
22000429,207,207,104.0,103.0,144.0,113.0,113.0,144.0,1.0,0.0,0.0,1.0,True
22000430,211,211,105.0,106.0,124.0,113.0,113.0,124.0,1.0,0.0,0.0,1.0,True
22000431,194,194,96.0,98.0,112.0,104.0,104.0,112.0,1.0,0.0,0.0,2.0,True
22000432,197,197,98.0,99.0,115.0,104.0,104.0,115.0,1.0,0.0,0.0,1.0,True
22000433,189,189,95.0,94.0,128.0,124.0,124.0000415916411,128.0000298874581,1.0,-4.159164109296398e-05,-2.9887458111943488e-05,1.0,True
22000434,196,196,98.0,98.0,120.0,99.0,99.00005435862751,119.99999906443442,1.0,-5.435862750857723e-05,9.3556558056207e-07,0.0,True
22000435,196,196,98.0,98.0,116.0,110.0,110.0,116.0,1.0,0.0,0.0,0.0,True
22000436,200,200,100.0,100.0,89.0,107.0,107.0,89.0,1.0,0.0,0.0,0.0,True
22000437,201,201,100.0,101.0,128.0,130.0,130.0,128.0,1.0,0.0,0.0,1.0,True
22000438,198,198,99.0,99.0,122.0,114.0,114.00003622842719,122.00002740383015,1.0,-3.622842719153141e-05,-2.7403830145544816e-05,0.0,True
22000439,216,216,108.0,108.0,113.0,118.0,118.0,113.0,1.0,0.0,0.0,0.0,True
22000440,221,221,110.0,111.0,134.0,128.0,128.0,134.0,1.0,0.0,0.0,1.0,True
22000441,189,189,95.0,94.0,126.0,124.0,124.00009504408635,126.00003063331843,1.0,-9.504408635052641e-05,-3.063331843122796e-05,1.0,True
22000442,191,191,96.0,95.0,117.0,127.0,127.0,117.0,1.0,0.0,0.0,1.0,True
22000443,216,216,108.0,108.0,112.0,120.0,120.0,112.0,1.0,0.0,0.0,0.0,True
22000444,206,206,102.0,104.0,114.0,96.0,96.0,114.0,1.0,0.0,0.0,2.0,True
22000445,190,190,95.0,95.0,110.0,96.0,96.0,110.0,1.0,0.0,0.0,0.0,True
22000446,185,185,93.0,92.0,109.0,98.0,98.00002523050001,109.00004612657554,1.0,-2.52305000145725e-05,-4.612657554048383e-05,1.0,True
22000447,199,199,100.0,99.0,118.0,110.0,110.0,118.0,1.0,0.0,0.0,1.0,True
22000448,203,203,101.0,102.0,117.0,112.0,112.00008946133963,116.99994046357322,1.0,-8.946133962695058e-05,5.953642677525295e-05,1.0,True
22000449,210,210,105.0,105.0,120.0,124.0,124.0,120.0,1.0,0.0,0.0,0.0,True
22000450,192,192,97.0,95.0,105.0,112.0,112.0,105.0,1.0,0.0,0.0,2.0,True
22000451,201,201,101.0,100.0,109.0,121.0,121.0,109.0,1.0,0.0,0.0,1.0,True
22000452,196,196,98.0,98.0,95.0,109.0,109.00005433038864,95.00006154340096,1.0,-5.433038863600359e-05,-6.154340096031774e-05,0.0,True
22000453,193,193,96.0,97.0,85.0,98.0,98.0,85.0,1.0,0.0,0.0,1.0,True
22000454,185,185,93.0,92.0,86.0,81.0,81.0,86.0,1.0,0.0,0.0,1.0,True
22000455,202,202,101.0,101.0,132.0,114.0,114.0,132.0,1.0,0.0,0.0,0.0,True
22000456,184,184,92.0,92.0,93.0,102.0,102.0,93.0,1.0,0.0,0.0,0.0,True
22000457,198,198,99.0,99.0,112.0,116.0,116.0,112.0,1.0,0.0,0.0,0.0,True
22000458,188,188,94.0,94.0,98.0,102.0,102.00014497645769,98.00008852567697,1.0,-0.00014497645769040446,-8.852567697203995e-05,0.0,True
22000459,195,195,97.0,98.0,100.0,100.0,102.0,100.0,1.0,-2.0,0.0,1.0,False
22000460,198,198,98.0,100.0,114.0,122.0,122.0,114.0,1.0,0.0,0.0,2.0,True
22000461,213,213,106.0,107.0,132.0,124.0,124.00003898375843,131.99999090468526,1.0,-3.89837584293673e-05,9.095314737805893e-06,1.0,True
22000462,192,192,96.0,96.0,128.0,97.0,97.0,128.0,1.0,0.0,0.0,0.0,True
22000463,191,191,95.0,96.0,96.0,94.0,94.0,96.0,1.0,0.0,0.0,1.0,True
22000464,209,209,104.0,105.0,118.0,111.0,111.0,118.0,1.0,0.0,0.0,1.0,True
22000465,214,214,107.0,107.0,115.0,120.0,120.0000288093853,115.0001205523522,1.0,-2.8809385298700363e-05,-0.00012055235220032046,0.0,True
22000466,192,192,96.0,96.0,117.0,101.0,101.0,117.0,1.0,0.0,0.0,0.0,True
22000467,201,201,101.0,100.0,96.0,105.0,105.0,96.0,1.0,0.0,0.0,1.0,True
22000468,191,191,96.0,95.0,103.0,110.0,110.0,103.0,1.0,0.0,0.0,1.0,True
22000469,189,189,94.0,95.0,99.0,103.0,103.0000894596035,99.00022401992952,1.0,-8.945960350104087e-05,-0.00022401992951870398,1.0,True
22000470,197,197,99.0,98.0,115.0,123.0,123.0,115.0,1.0,0.0,0.0,1.0,True
22000471,210,210,104.0,106.0,115.0,128.0,128.0,115.0,1.0,0.0,0.0,2.0,True
22000472,196,196,98.0,98.0,112.0,108.0,108.00009353377271,112.00005487466719,1.0,-9.353377271281715e-05,-5.487466718534506e-05,0.0,True
22000473,204,204,102.0,102.0,109.0,94.0,94.0,109.0,1.0,0.0,0.0,0.0,True
22000474,198,198,99.0,99.0,120.0,100.0,100.0,120.0,1.0,0.0,0.0,0.0,True
22000475,186,186,92.0,94.0,108.0,94.0,94.0,108.0,1.0,0.0,0.0,2.0,True
22000476,201,201,101.0,100.0,92.0,102.0,102.0,92.0,1.0,0.0,0.0,1.0,True
22000477,189,189,94.0,95.0,100.0,132.0,132.0,100.0,1.0,0.0,0.0,1.0,True
22000478,211,211,105.0,106.0,110.0,132.0,132.0,110.0,1.0,0.0,0.0,1.0,True
22000479,230,230,116.0,114.0,127.0,124.0,124.00003418040701,127.00003431373509,1.0,-3.418040701319569e-05,-3.4313735085333974e-05,2.0,True
22000480,188,188,94.0,94.0,111.0,112.0,112.0,111.0,1.0,0.0,0.0,0.0,True
22000481,200,200,100.0,100.0,105.0,93.0,93.0,105.0,1.0,0.0,0.0,0.0,True
22000482,202,202,101.0,101.0,118.0,127.0,127.00007679378892,117.99998486289613,1.0,-7.679378892078148e-05,1.5137103872575608e-05,0.0,True
22000483,200,200,100.0,100.0,114.0,106.0,106.00006661212379,114.00015627664928,1.0,-6.661212378844539e-05,-0.0001562766492781975,0.0,True
22000484,197,197,98.0,99.0,109.0,102.0,101.99999951952607,109.00005061833578,1.0,4.804739290875659e-07,-5.0618335777130596e-05,1.0,True
22000485,187,187,93.0,94.0,107.0,110.0,109.99942112892593,107.00067089474348,1.0,0.000578871074068843,-0.0006708947434788115,1.0,True
22000486,212,212,106.0,106.0,112.0,139.0,139.0,112.0,1.0,0.0,0.0,0.0,True
22000487,180,180,90.0,90.0,106.0,111.0,111.0,106.0,1.0,0.0,0.0,0.0,True
22000488,198,198,99.0,99.0,116.0,135.0,135.0,116.0,1.0,0.0,0.0,0.0,True
22000489,211,211,106.0,105.0,111.0,107.0,107.0,111.0,1.0,0.0,0.0,1.0,True
22000490,192,192,97.0,95.0,112.0,127.0,127.00008314519036,111.99996593174056,1.0,-8.314519035934609e-05,3.4068259438413406e-05,2.0,True
22000491,190,190,94.0,96.0,96.0,112.0,112.0,96.0,1.0,0.0,0.0,2.0,True
22000492,184,184,92.0,92.0,108.0,116.0,116.0,108.0,1.0,0.0,0.0,0.0,True
22000493,224,224,111.0,113.0,126.0,133.0,133.0,126.0,1.0,0.0,0.0,2.0,True
22000494,199,199,100.0,99.0,118.0,128.0,128.0,118.0,1.0,0.0,0.0,1.0,True
22000495,197,197,98.0,99.0,99.0,102.0,102.0,99.0,1.0,0.0,0.0,1.0,True
22000496,209,209,104.0,105.0,124.0,121.0,121.0,124.0,1.0,0.0,0.0,1.0,True
22000497,184,184,92.0,92.0,89.0,114.0,114.0,89.0,1.0,0.0,0.0,0.0,True
22000498,195,195,98.0,97.0,97.0,111.0,111.0,97.0,1.0,0.0,0.0,1.0,True
22000499,207,207,103.0,104.0,92.0,129.0,129.0000100799781,92.00004247193502,1.0,-1.0079978096655395e-05,-4.247193501782931e-05,1.0,True
22000500,206,206,103.0,103.0,121.0,140.0,140.0,121.0,1.0,0.0,0.0,0.0,True
22000501,195,195,97.0,98.0,94.0,122.0,122.0,94.0,1.0,0.0,0.0,1.0,True
22000502,199,199,99.0,100.0,112.0,110.0,110.0,112.0,1.0,0.0,0.0,1.0,True
22000503,205,205,102.0,103.0,125.0,129.0,129.0,125.0,1.0,0.0,0.0,1.0,True
22000504,199,199,99.0,100.0,110.0,107.0,107.00004717952866,110.00007482668042,1.0,-4.717952866428732e-05,-7.482668041802754e-05,1.0,True
22000505,198,198,99.0,99.0,112.0,118.0,118.0,112.0,1.0,0.0,0.0,0.0,True
22000506,199,199,99.0,100.0,111.0,122.0,122.0,111.0,1.0,0.0,0.0,1.0,True
22000507,203,203,102.0,101.0,116.0,124.0,124.00002780118646,116.0000571816543,1.0,-2.7801186462284022e-05,-5.7181654298688045e-05,1.0,True
22000508,190,190,96.0,94.0,106.0,97.0,97.0,106.0,1.0,0.0,0.0,2.0,True
22000509,197,197,99.0,98.0,119.0,99.0,99.0,119.0,1.0,0.0,0.0,1.0,True
22000510,191,191,95.0,96.0,109.0,118.0,118.0,109.0,1.0,0.0,0.0,1.0,True
22000511,221,221,110.0,111.0,121.0,130.0,129.99998630534293,121.00009662373787,1.0,1.3694657070573157e-05,-9.662373787477918e-05,1.0,True
22000512,186,186,93.0,93.0,93.0,102.0,102.0,93.0,1.0,0.0,0.0,0.0,True
22000513,216,216,108.0,108.0,112.0,109.0,109.00012684006164,112.00006166670813,1.0,-0.00012684006163965478,-6.166670813456676e-05,0.0,True
22000514,191,191,96.0,95.0,114.0,117.0,117.0,114.0,1.0,0.0,0.0,1.0,True
22000515,203,203,102.0,101.0,107.0,110.0,110.00004845950423,107.00009877475502,1.0,-4.84595042280489e-05,-9.877475501696154e-05,1.0,True
22000516,191,191,96.0,95.0,124.0,109.0,109.0,124.0,1.0,0.0,0.0,1.0,True
22000517,226,226,112.0,114.0,112.0,128.0,128.0,112.0,1.0,0.0,0.0,2.0,True
22000518,201,201,100.0,101.0,126.0,96.0,95.99999739726681,126.00001544415188,1.0,2.6027331898603734e-06,-1.544415188448056e-05,1.0,True
22000519,189,189,94.0,95.0,115.0,98.0,98.0,115.0,1.0,0.0,0.0,1.0,True
22000520,192,192,96.0,96.0,100.0,105.0,105.0,100.0,1.0,0.0,0.0,0.0,True
22000521,190,190,96.0,94.0,109.0,90.0,90.00002616612066,108.99998911749056,1.0,-2.616612066219659e-05,1.0882509442922128e-05,2.0,True
22000522,190,190,95.0,95.0,99.0,109.0,109.0,99.0,1.0,0.0,0.0,0.0,True
22000523,195,195,98.0,97.0,122.0,113.0,113.0,122.0,1.0,0.0,0.0,1.0,True
22000524,205,205,102.0,103.0,110.0,111.0,111.0,110.0,1.0,0.0,0.0,1.0,True
22000525,221,221,111.0,110.0,133.0,84.0,84.0,133.0,1.0,0.0,0.0,1.0,True
22000526,210,210,105.0,105.0,118.0,99.0,99.0,118.0,1.0,0.0,0.0,0.0,True
22000527,212,212,106.0,106.0,91.0,117.0,117.0,91.0,1.0,0.0,0.0,0.0,True
22000528,197,197,99.0,98.0,127.0,126.0,126.00007000409191,127.00003942554336,1.0,-7.00040919099365e-05,-3.9425543363336146e-05,1.0,True
22000529,205,205,103.0,102.0,130.0,124.0,124.0,130.0,1.0,0.0,0.0,1.0,True
22000530,212,212,106.0,106.0,114.0,130.0,130.0,114.0,1.0,0.0,0.0,0.0,True
22000531,195,195,98.0,97.0,118.0,112.0,112.00007623411106,118.00008233284407,1.0,-7.623411106294498e-05,-8.233284407310748e-05,1.0,True
22000532,191,191,96.0,95.0,101.0,90.0,90.0,101.0,1.0,0.0,0.0,1.0,True
22000533,210,210,105.0,105.0,124.0,129.0,129.01086735835938,123.98924315416279,1.0,-0.010867358359377022,0.010756845837207152,0.0,True
22000534,200,200,100.0,100.0,124.0,113.0,113.00000497790032,123.99999706823753,1.0,-4.97790031772638e-06,2.931762466573673e-06,0.0,True
22000535,194,194,98.0,96.0,111.0,123.0,123.00001882190128,111.00000975545825,1.0,-1.8821901278442965e-05,-9.755458250992888e-06,2.0,True
22000536,216,216,108.0,108.0,125.0,111.0,111.0,125.0,1.0,0.0,0.0,0.0,True
22000537,177,177,88.0,89.0,112.0,117.0,117.00006666280026,112.0000463629538,1.0,-6.666280026479399e-05,-4.6362953796119655e-05,1.0,True
22000538,170,170,86.0,84.0,94.0,80.0,80.0,94.0,1.0,0.0,0.0,2.0,True
22000539,192,192,95.0,97.0,129.0,105.0,105.0,129.0,1.0,0.0,0.0,2.0,True
22000540,190,190,96.0,94.0,128.0,97.0,97.0,128.0,1.0,0.0,0.0,2.0,True
22000541,183,183,91.0,92.0,93.0,119.0,119.0,93.0,1.0,0.0,0.0,1.0,True
22000542,184,184,92.0,92.0,114.0,104.0,104.0,114.0,1.0,0.0,0.0,0.0,True
22000543,200,200,100.0,100.0,114.0,111.0,111.0,114.0,1.0,0.0,0.0,0.0,True
22000544,194,194,97.0,97.0,115.0,112.0,112.0,115.0,1.0,0.0,0.0,0.0,True
22000545,225,225,113.0,112.0,123.0,131.0,131.0,123.0,1.0,0.0,0.0,1.0,True
22000546,201,201,101.0,100.0,132.0,114.0,113.99997078389744,132.00007660080016,1.0,2.9216102561235857e-05,-7.660080015625681e-05,1.0,True
22000547,219,219,109.0,110.0,135.0,102.0,102.0,135.0,1.0,0.0,0.0,1.0,True
22000548,206,206,103.0,103.0,128.0,124.0,124.0,128.0,1.0,0.0,0.0,0.0,True
22000549,190,190,95.0,95.0,78.0,87.0,87.0,78.0,1.0,0.0,0.0,0.0,True
22000550,190,190,96.0,94.0,106.0,108.0,108.0,106.0,1.0,0.0,0.0,2.0,True
22000551,190,190,95.0,95.0,120.0,123.0,123.0,120.0,1.0,0.0,0.0,0.0,True
22000552,198,198,99.0,99.0,125.0,132.0,132.0,125.0,1.0,0.0,0.0,0.0,True
22000553,192,192,96.0,96.0,113.0,103.0,103.0,113.0,1.0,0.0,0.0,0.0,True
22000554,204,204,102.0,102.0,117.0,119.0,119.00001989337943,117.00004041277748,1.0,-1.9893379430868663e-05,-4.0412777480014483e-05,0.0,True
22000555,209,209,105.0,104.0,112.0,111.0,111.0,112.0,1.0,0.0,0.0,1.0,True
22000556,208,208,104.0,104.0,107.0,102.0,102.0,107.0,1.0,0.0,0.0,0.0,True
22000557,180,180,90.0,90.0,103.0,93.0,93.0,103.0,1.0,0.0,0.0,0.0,True
22000558,193,193,97.0,96.0,119.0,123.0,123.0,119.0,1.0,0.0,0.0,1.0,True
22000559,195,195,97.0,98.0,132.0,121.0,121.0,132.0,1.0,0.0,0.0,1.0,True
22000560,210,210,104.0,106.0,91.0,104.0,104.0,91.0,1.0,0.0,0.0,2.0,True
22000561,184,184,92.0,92.0,112.0,123.0,123.00006693643472,111.99995726847875,1.0,-6.693643472033273e-05,4.273152124767421e-05,0.0,True
22000562,204,204,103.0,101.0,113.0,122.0,122.00010157555296,112.99996066101784,1.0,-0.00010157555296075316,3.9338982162462344e-05,2.0,True
22000563,189,189,95.0,94.0,120.0,103.0,103.0,120.0,1.0,0.0,0.0,1.0,True
22000564,197,197,99.0,98.0,102.0,105.0,105.00007866022123,102.00004356103219,1.0,-7.866022123437233e-05,-4.356103218583485e-05,1.0,True
22000565,181,181,90.0,91.0,104.0,114.0,114.0,104.0,1.0,0.0,0.0,1.0,True
22000566,219,219,109.0,110.0,112.0,127.0,127.0,112.0,1.0,0.0,0.0,1.0,True
22000567,187,187,93.0,94.0,104.0,115.0,115.0000978602403,104.00001526257272,1.0,-9.786024030233875e-05,-1.5262572716778777e-05,1.0,True
22000568,190,190,95.0,95.0,102.0,105.0,105.00009177202551,102.00008438341168,1.0,-9.177202551313712e-05,-8.438341167504859e-05,0.0,True
22000569,192,192,96.0,96.0,109.0,121.0,121.0000259370339,109.00001518695832,1.0,-2.593703389663915e-05,-1.5186958322033206e-05,0.0,True
22000570,213,213,107.0,106.0,121.0,120.0,120.0,121.0,1.0,0.0,0.0,1.0,True
22000571,196,196,97.0,99.0,103.0,111.0,111.0,103.0,1.0,0.0,0.0,2.0,True
22000572,202,202,101.0,101.0,127.0,105.0,105.0,127.0,1.0,0.0,0.0,0.0,True
22000573,201,201,101.0,100.0,101.0,134.0,134.0,101.0,1.0,0.0,0.0,1.0,True
22000574,203,203,102.0,101.0,135.0,105.0,105.0,135.0,1.0,0.0,0.0,1.0,True
22000575,186,186,93.0,93.0,108.0,116.0,116.0,108.0,1.0,0.0,0.0,0.0,True
22000576,217,217,109.0,108.0,104.0,130.0,130.0,104.0,1.0,0.0,0.0,1.0,True
22000577,194,194,97.0,97.0,127.0,121.0,121.0,127.0,1.0,0.0,0.0,0.0,True
22000578,214,214,107.0,107.0,105.0,125.0,125.0,105.0,1.0,0.0,0.0,0.0,True
22000579,207,207,104.0,103.0,127.0,101.0,101.0,127.0,1.0,0.0,0.0,1.0,True
22000580,193,193,97.0,96.0,103.0,102.0,102.0,103.0,1.0,0.0,0.0,1.0,True
22000581,194,194,96.0,98.0,82.0,116.0,116.0,82.0,1.0,0.0,0.0,2.0,True
22000582,193,193,96.0,97.0,101.0,90.0,90.0000204863586,101.00001066862447,1.0,-2.0486358593529985e-05,-1.0668624469190036e-05,1.0,True
22000583,190,190,95.0,95.0,77.0,104.0,104.0,77.0,1.0,0.0,0.0,0.0,True
22000584,209,209,104.0,105.0,99.0,114.0,114.0,99.0,1.0,0.0,0.0,1.0,True
22000585,201,201,100.0,101.0,100.0,105.0,105.0,100.0,1.0,0.0,0.0,1.0,True
22000586,197,197,98.0,99.0,119.0,97.0,97.0,119.0,1.0,0.0,0.0,1.0,True
22000587,192,192,96.0,96.0,95.0,100.0,100.00005747029337,95.00001175922546,1.0,-5.747029337044296e-05,-1.1759225458263245e-05,0.0,True
22000588,210,210,105.0,105.0,104.0,114.0,113.99998613893176,104.00007607556424,1.0,1.3861068239862107e-05,-7.607556423749884e-05,0.0,True
22000589,225,225,113.0,112.0,125.0,119.0,119.00001146821727,125.0000336408323,1.0,-1.146821726649705e-05,-3.3640832299397516e-05,1.0,True
22000590,187,187,93.0,94.0,106.0,121.0,121.0,106.0,1.0,0.0,0.0,1.0,True
22000591,198,198,99.0,99.0,125.0,121.0,121.0,125.0,1.0,0.0,0.0,0.0,True
22000592,180,180,90.0,90.0,116.0,103.0,103.0,116.0,1.0,0.0,0.0,0.0,True
22000593,206,206,103.0,103.0,122.0,128.0,128.0,122.0,1.0,0.0,0.0,0.0,True
22000594,207,207,103.0,104.0,119.0,131.0,131.0,119.0,1.0,0.0,0.0,1.0,True
22000595,197,197,98.0,99.0,99.0,134.0,134.0,99.0,1.0,0.0,0.0,1.0,True
22000596,194,194,97.0,97.0,102.0,97.0,97.0,102.0,1.0,0.0,0.0,0.0,True
22000597,176,176,88.0,88.0,82.0,100.0,100.0,82.0,1.0,0.0,0.0,0.0,True
22000598,211,211,106.0,105.0,134.0,107.0,107.0,134.0,1.0,0.0,0.0,1.0,True
22000599,195,195,98.0,97.0,112.0,114.0,114.0,112.0,1.0,0.0,0.0,1.0,True
22000600,204,204,102.0,102.0,95.0,118.0,118.0,95.0,1.0,0.0,0.0,0.0,True
22000601,203,203,102.0,101.0,115.0,135.0,135.0,115.0,1.0,0.0,0.0,1.0,True
22000602,201,201,100.0,101.0,116.0,122.0,122.00002126039162,116.00009011983882,1.0,-2.1260391619648544e-05,-9.011983881634933e-05,1.0,True
22000603,219,219,109.0,110.0,133.0,122.0,122.00001544613836,133.00000262201254,1.0,-1.544613836301778e-05,-2.622012544861718e-06,1.0,True
22000604,191,191,95.0,96.0,112.0,117.0,116.99999777607447,112.00002769409826,1.0,2.223925534394766e-06,-2.7694098264419154e-05,1.0,True
22000605,182,182,91.0,91.0,109.0,99.0,99.0,109.0,1.0,0.0,0.0,0.0,True
22000606,188,188,94.0,94.0,106.0,121.0,121.0,106.0,1.0,0.0,0.0,0.0,True
22000607,196,196,98.0,98.0,99.0,122.0,122.0,99.0,1.0,0.0,0.0,0.0,True
22000608,201,201,100.0,101.0,128.0,97.0,97.0,128.0,1.0,0.0,0.0,1.0,True
22000609,189,189,95.0,94.0,117.0,109.0,109.00004595962083,116.9999984541464,1.0,-4.595962083442373e-05,1.5458536068990725e-06,1.0,True
22000610,182,182,91.0,91.0,98.0,113.0,113.0,98.0,1.0,0.0,0.0,0.0,True
22000611,189,189,95.0,94.0,96.0,99.0,99.0,96.0,1.0,0.0,0.0,1.0,True
22000612,191,191,95.0,96.0,102.0,123.0,123.0,102.0,1.0,0.0,0.0,1.0,True
22000613,184,184,93.0,91.0,119.0,107.0,107.0000074989868,119.00003962767381,1.0,-7.498986803966545e-06,-3.9627673814379705e-05,2.0,True
22000614,202,202,102.0,100.0,124.0,125.0,125.00004205391065,124.00006950283462,1.0,-4.2053910647155135e-05,-6.950283462003881e-05,2.0,True
22000615,204,204,103.0,101.0,121.0,137.0,137.0,121.0,1.0,0.0,0.0,2.0,True
22000616,195,195,98.0,97.0,112.0,116.0,115.9999096417569,112.00019064430754,1.0,9.035824309933105e-05,-0.00019064430753701345,1.0,True
22000617,212,212,106.0,106.0,124.0,115.0,115.00004348966871,124.00003952250418,1.0,-4.3489668712481944e-05,-3.952250418137737e-05,0.0,True
22000618,238,238,119.0,119.0,109.0,105.0,105.00004431868983,109.00006866906531,1.0,-4.431868983090226e-05,-6.866906531399763e-05,0.0,True
22000619,216,216,108.0,108.0,121.0,119.0,119.0,121.0,1.0,0.0,0.0,0.0,True
22000620,192,192,96.0,96.0,110.0,117.0,117.00005040780101,110.00000380921195,1.0,-5.040780101239761e-05,-3.8092119467592056e-06,0.0,True
22000621,192,192,96.0,96.0,106.0,99.0,99.0,106.0,1.0,0.0,0.0,0.0,True
22000622,201,201,100.0,101.0,108.0,94.0,94.0,108.0,1.0,0.0,0.0,1.0,True
22000623,189,189,95.0,94.0,85.0,89.0,89.0,85.0,1.0,0.0,0.0,1.0,True
22000624,205,205,102.0,103.0,104.0,129.0,129.0000411488314,104.00002349079182,1.0,-4.114883140005077e-05,-2.3490791818403522e-05,1.0,True
22000625,189,189,95.0,94.0,89.0,105.0,105.0,89.0,1.0,0.0,0.0,1.0,True
22000626,194,194,97.0,97.0,93.0,116.0,116.0,93.0,1.0,0.0,0.0,0.0,True
22000627,181,181,91.0,90.0,93.0,94.0,94.0,93.0,1.0,0.0,0.0,1.0,True
22000628,207,207,103.0,104.0,123.0,119.0,119.0,123.0,1.0,0.0,0.0,1.0,True
22000629,187,187,93.0,94.0,93.0,101.0,101.0,93.0,1.0,0.0,0.0,1.0,True
22000630,200,200,100.0,100.0,105.0,116.0,116.00002144956436,105.00000969936858,1.0,-2.1449564357567397e-05,-9.699368575866174e-06,0.0,True
22000631,188,188,93.0,95.0,107.0,96.0,96.00003884875186,107.00005252099257,1.0,-3.8848751856335184e-05,-5.252099256836118e-05,2.0,True
22000632,199,199,99.0,100.0,137.0,110.0,110.0,137.0,1.0,0.0,0.0,1.0,True
22000633,198,198,99.0,99.0,113.0,121.0,121.00000523003563,113.0000398264371,1.0,-5.2300356259138425e-06,-3.982643710287448e-05,0.0,True
22000634,189,189,95.0,94.0,115.0,112.0,112.0,115.0,1.0,0.0,0.0,1.0,True
22000635,194,194,97.0,97.0,113.0,100.0,100.0,113.0,1.0,0.0,0.0,0.0,True
22000636,208,208,105.0,103.0,116.0,103.0,103.0,116.0,1.0,0.0,0.0,2.0,True
22000637,213,213,105.0,108.0,127.0,131.0,131.0,127.0,1.0,0.0,0.0,3.0,True
22000638,201,201,101.0,100.0,101.0,113.0,113.0,101.0,1.0,0.0,0.0,1.0,True
22000639,186,186,93.0,93.0,119.0,125.0,125.0,119.0,1.0,0.0,0.0,0.0,True
22000640,188,188,93.0,95.0,99.0,94.0,94.0,99.0,1.0,0.0,0.0,2.0,True
22000641,194,194,97.0,97.0,105.0,129.0,129.0,105.0,1.0,0.0,0.0,0.0,True
22000642,212,212,105.0,107.0,103.0,111.0,111.0,103.0,1.0,0.0,0.0,2.0,True
22000643,205,205,102.0,103.0,113.0,120.0,119.99998303375769,113.00009667529783,1.0,1.6966242313287694e-05,-9.667529782575457e-05,1.0,True
22000644,187,187,94.0,93.0,98.0,125.0,124.99993421393935,98.0001265092466,1.0,6.578606064522319e-05,-0.00012650924659851626,1.0,True
22000645,205,205,102.0,103.0,109.0,106.0,106.00007986236359,109.00001912035253,1.0,-7.986236359158738e-05,-1.912035253326394e-05,1.0,True
22000646,191,191,96.0,95.0,113.0,108.0,108.00008980416763,113.00004876668262,1.0,-8.980416762938148e-05,-4.8766682624545865e-05,1.0,True
22000647,188,188,94.0,94.0,106.0,113.0,113.00005447296536,106.00001451913985,1.0,-5.44729653597642e-05,-1.4519139853064189e-05,0.0,True
22000648,215,215,108.0,107.0,105.0,116.0,116.0,105.0,1.0,0.0,0.0,1.0,True
22000649,194,194,97.0,97.0,100.0,86.0,86.0,100.0,1.0,0.0,0.0,0.0,True
22000650,202,202,101.0,101.0,101.0,100.0,100.0,101.0,1.0,0.0,0.0,0.0,True
22000651,199,199,99.0,100.0,94.0,111.0,111.0,94.0,1.0,0.0,0.0,1.0,True
22000652,189,189,95.0,94.0,132.0,92.0,92.0,132.0,1.0,0.0,0.0,1.0,True
22000653,203,203,102.0,101.0,119.0,105.0,105.0,119.0,1.0,0.0,0.0,1.0,True
22000654,195,195,98.0,97.0,112.0,103.0,103.0,112.0,1.0,0.0,0.0,1.0,True
22000655,185,185,93.0,92.0,100.0,97.0,97.00000112488243,100.0000412491021,1.0,-1.1248824307585892e-06,-4.124910209668542e-05,1.0,True
22000656,195,195,97.0,98.0,120.0,95.0,95.0,120.0,1.0,0.0,0.0,1.0,True
22000657,196,196,97.0,99.0,99.0,117.0,117.0,99.0,1.0,0.0,0.0,2.0,True
22000658,215,215,108.0,107.0,126.0,132.0,132.00001674725948,126.00003499007131,1.0,-1.6747259479643617e-05,-3.499007131324561e-05,1.0,True
22000659,212,212,106.0,106.0,113.0,140.0,140.0,113.0,1.0,0.0,0.0,0.0,True
22000660,184,184,92.0,92.0,110.0,119.0,118.9999883093309,110.00005199289153,1.0,1.16906690976748e-05,-5.19928915281298e-05,0.0,True
22000661,188,188,94.0,94.0,110.0,99.0,99.0,110.0,1.0,0.0,0.0,0.0,True
22000662,199,199,100.0,99.0,113.0,131.0,131.0,113.0,1.0,0.0,0.0,1.0,True
22000663,207,207,104.0,103.0,111.0,128.0,128.0,111.0,1.0,0.0,0.0,1.0,True
22000664,182,182,91.0,91.0,110.0,100.0,100.0,110.0,1.0,0.0,0.0,0.0,True
22000665,195,195,97.0,98.0,108.0,98.0,98.00007752598398,108.00008685775832,1.0,-7.752598398269583e-05,-8.685775831906994e-05,1.0,True
22000666,192,192,97.0,95.0,116.0,112.0,112.00001533983841,116.00008313830438,1.0,-1.5339838412842255e-05,-8.3138304376007e-05,2.0,True
22000667,196,196,98.0,98.0,111.0,116.0,116.0,111.0,1.0,0.0,0.0,0.0,True
22000668,194,194,97.0,97.0,111.0,135.0,135.0,111.0,1.0,0.0,0.0,0.0,True
22000669,199,199,100.0,99.0,119.0,121.0,121.0,119.0,1.0,0.0,0.0,1.0,True
22000670,198,198,99.0,99.0,111.0,112.0,112.0,111.0,1.0,0.0,0.0,0.0,True
22000671,190,190,95.0,95.0,103.0,94.0,94.0,103.0,1.0,0.0,0.0,0.0,True
22000672,185,185,93.0,92.0,122.0,97.0,96.99997678676135,122.0000600989832,1.0,2.321323864862279e-05,-6.009898319803142e-05,1.0,True
22000673,202,202,101.0,101.0,128.0,108.0,108.0,128.0,1.0,0.0,0.0,0.0,True
22000674,213,213,106.0,107.0,116.0,107.0,107.0,116.0,1.0,0.0,0.0,1.0,True
22000675,202,202,101.0,101.0,134.0,101.0,101.0,134.0,1.0,0.0,0.0,0.0,True
22000676,195,195,98.0,97.0,88.0,118.0,118.0,88.0,1.0,0.0,0.0,1.0,True
22000677,196,196,99.0,97.0,108.0,110.0,110.0,108.0,1.0,0.0,0.0,2.0,True
22000678,190,190,95.0,95.0,125.0,122.0,122.0,125.0,1.0,0.0,0.0,0.0,True
22000679,205,205,102.0,103.0,102.0,106.0,106.0,102.0,1.0,0.0,0.0,1.0,True
22000680,184,184,92.0,92.0,98.0,85.0,85.0,98.0,1.0,0.0,0.0,0.0,True
22000681,202,202,102.0,100.0,109.0,101.0,101.00000884601833,109.00003322034745,1.0,-8.846018332064887e-06,-3.3220347447127097e-05,2.0,True
22000682,194,194,97.0,97.0,119.0,141.0,141.0,119.0,1.0,0.0,0.0,0.0,True
22000683,182,182,92.0,90.0,113.0,111.0,111.0,113.0,1.0,0.0,0.0,2.0,True
22000684,196,196,98.0,98.0,104.0,100.0,100.00005154372283,104.00004436639364,1.0,-5.15437228330029e-05,-4.436639363802897e-05,0.0,True
22000685,200,200,100.0,100.0,122.0,114.0,114.0,122.0,1.0,0.0,0.0,0.0,True
22000686,187,187,94.0,93.0,105.0,110.0,110.00007355876049,105.00004212604384,1.0,-7.355876049075505e-05,-4.212604383724283e-05,1.0,True
22000687,196,196,99.0,97.0,112.0,105.0,105.0,112.0,1.0,0.0,0.0,2.0,True
22000688,206,206,103.0,103.0,101.0,107.0,107.0,101.0,1.0,0.0,0.0,0.0,True
22000689,181,181,90.0,91.0,113.0,108.0,108.0,113.0,1.0,0.0,0.0,1.0,True
22000690,191,191,95.0,96.0,109.0,94.0,94.0,109.0,1.0,0.0,0.0,1.0,True
22000691,196,196,98.0,98.0,114.0,117.0,117.0,114.0,1.0,0.0,0.0,0.0,True
22000692,192,192,95.0,97.0,124.0,108.0,108.0,124.0,1.0,0.0,0.0,2.0,True
22000693,201,201,100.0,101.0,86.0,100.0,100.0,86.0,1.0,0.0,0.0,1.0,True
22000694,206,206,103.0,103.0,92.0,106.0,106.0,92.0,1.0,0.0,0.0,0.0,True
22000695,188,188,95.0,93.0,101.0,96.0,96.0,102.0,1.0,0.0,-1.0,2.0,False
22000696,193,193,97.0,96.0,129.0,107.0,107.0,129.0,1.0,0.0,0.0,1.0,True
22000697,203,203,102.0,101.0,104.0,120.0,120.0,104.0,1.0,0.0,0.0,1.0,True
22000698,181,181,90.0,91.0,103.0,112.0,112.0,103.0,1.0,0.0,0.0,1.0,True
22000699,203,203,101.0,102.0,111.0,94.0,94.00004493334986,110.99996614672409,1.0,-4.49333498551141e-05,3.385327590876841e-05,1.0,True
22000700,217,217,108.0,109.0,110.0,126.0,126.0,110.0,1.0,0.0,0.0,1.0,True
22000701,192,192,96.0,96.0,112.0,122.0,122.0,112.0,1.0,0.0,0.0,0.0,True
22000702,191,191,95.0,96.0,98.0,100.0,100.0,98.0,1.0,0.0,0.0,1.0,True
22000703,197,197,97.0,100.0,101.0,97.0,97.00001204829326,101.00007700157518,1.0,-1.2048293257294063e-05,-7.700157517831485e-05,3.0,True
22000704,195,195,97.0,98.0,122.0,117.0,117.0,122.0,1.0,0.0,0.0,1.0,True
22000705,186,186,93.0,93.0,102.0,126.0,126.0,102.0,1.0,0.0,0.0,0.0,True
22000706,193,193,97.0,96.0,93.0,96.0,96.0,93.0,1.0,0.0,0.0,1.0,True
22000707,225,225,112.0,113.0,124.0,132.0,132.0,124.0,1.0,0.0,0.0,1.0,True
22000708,200,200,100.0,100.0,115.0,109.0,109.0,115.0,1.0,0.0,0.0,0.0,True
22000709,208,208,104.0,104.0,107.0,112.0,112.0,107.0,1.0,0.0,0.0,0.0,True
22000710,184,184,91.0,93.0,98.0,88.0,88.0,98.0,1.0,0.0,0.0,2.0,True
22000711,196,196,98.0,98.0,104.0,118.0,118.0,104.0,1.0,0.0,0.0,0.0,True
22000712,199,199,99.0,100.0,120.0,110.0,110.0,120.0,1.0,0.0,0.0,1.0,True
22000713,205,205,103.0,102.0,127.0,106.0,106.0,127.0,1.0,0.0,0.0,1.0,True
22000714,195,195,98.0,97.0,132.0,115.0,115.0,132.0,1.0,0.0,0.0,1.0,True
22000715,185,185,92.0,93.0,75.0,114.0,114.0,75.0,1.0,0.0,0.0,1.0,True
22000716,197,197,98.0,99.0,102.0,116.0,116.0,102.0,1.0,0.0,0.0,1.0,True
22000717,196,196,98.0,98.0,105.0,129.0,129.00002184296153,105.00001092978255,1.0,-2.1842961530182947e-05,-1.0929782547464129e-05,0.0,True
22000718,202,202,101.0,101.0,114.0,104.0,104.00007492790115,114.00008275044311,1.0,-7.492790115293246e-05,-8.275044311290003e-05,0.0,True
22000719,191,191,95.0,96.0,95.0,104.0,104.0,95.0,1.0,0.0,0.0,1.0,True
22000720,190,190,95.0,95.0,103.0,96.0,96.0,103.0,1.0,0.0,0.0,0.0,True
22000721,197,197,98.0,99.0,124.0,101.0,101.00003534773543,124.00005022356126,1.0,-3.534773543378833e-05,-5.022356126005434e-05,1.0,True
22000722,187,187,94.0,93.0,92.0,87.0,87.0,92.0,1.0,0.0,0.0,1.0,True
22000723,203,203,101.0,102.0,113.0,108.0,108.00000245189396,113.00005549383448,1.0,-2.451893962529539e-06,-5.549383448055778e-05,1.0,True
22000724,189,189,94.0,95.0,108.0,120.0,120.0,108.0,1.0,0.0,0.0,1.0,True
22000725,202,202,101.0,101.0,111.0,107.0,107.00001208061805,111.00005162575899,1.0,-1.208061804902627e-05,-5.162575898509658e-05,0.0,True
22000726,191,191,95.0,96.0,101.0,102.0,102.0,101.0,1.0,0.0,0.0,1.0,True
22000727,197,197,98.0,99.0,103.0,113.0,113.0,103.0,1.0,0.0,0.0,1.0,True
22000728,206,206,102.0,104.0,106.0,120.0,120.0,106.0,1.0,0.0,0.0,2.0,True
22000729,206,206,103.0,103.0,112.0,97.0,97.00002492199256,111.99999234870452,1.0,-2.492199256209915e-05,7.651295476307496e-06,0.0,True
22000730,188,188,95.0,93.0,116.0,121.0,121.0,116.0,1.0,0.0,0.0,2.0,True
22000731,201,201,100.0,101.0,114.0,94.0,94.0,114.0,1.0,0.0,0.0,1.0,True
22000732,190,190,94.0,96.0,89.0,111.0,111.00001838334597,89.00000435608831,1.0,-1.8383345974370968e-05,-4.3560883113968885e-06,2.0,True
22000733,198,198,98.0,100.0,109.0,116.0,116.00005871209899,109.00008245602645,1.0,-5.8712098990554296e-05,-8.245602644763039e-05,2.0,True
22000734,227,227,114.0,113.0,115.0,110.0,110.00003987183662,115.00004682782637,1.0,-3.987183661990912e-05,-4.6827826366779846e-05,1.0,True
22000735,229,229,114.0,115.0,134.0,129.0,129.0,134.0,1.0,0.0,0.0,1.0,True
22000736,177,177,88.0,89.0,101.0,94.0,94.0,101.0,1.0,0.0,0.0,1.0,True
22000737,199,199,99.0,100.0,77.0,130.0,130.0,77.0,1.0,0.0,0.0,1.0,True
22000738,195,195,98.0,97.0,102.0,118.0,118.0,102.0,1.0,0.0,0.0,1.0,True
22000739,187,187,94.0,93.0,99.0,86.0,86.0,99.0,1.0,0.0,0.0,1.0,True
22000740,205,205,102.0,103.0,114.0,97.0,97.00000877183724,114.00005517387557,1.0,-8.77183724412589e-06,-5.517387556608355e-05,1.0,True
22000741,198,198,98.0,100.0,108.0,120.0,120.0000047917912,108.00002030555898,1.0,-4.791791198499595e-06,-2.0305558976474458e-05,2.0,True
22000742,205,205,102.0,103.0,126.0,103.0,103.0,126.0,1.0,0.0,0.0,1.0,True
22000743,192,192,96.0,96.0,106.0,113.0,113.0,106.0,1.0,0.0,0.0,0.0,True
22000744,205,205,103.0,102.0,103.0,140.0,140.0,103.0,1.0,0.0,0.0,1.0,True
22000745,213,213,107.0,106.0,127.0,109.0,109.0,127.0,1.0,0.0,0.0,1.0,True
22000746,199,199,100.0,99.0,115.0,94.0,94.0,115.0,1.0,0.0,0.0,1.0,True
22000747,187,187,94.0,93.0,109.0,87.0,87.0,109.0,1.0,0.0,0.0,1.0,True
22000748,179,179,89.0,90.0,125.0,81.0,81.0,125.0,1.0,0.0,0.0,1.0,True
22000749,188,188,93.0,95.0,101.0,115.0,115.0,101.0,1.0,0.0,0.0,2.0,True
22000750,199,199,99.0,100.0,113.0,122.0,122.0,113.0,1.0,0.0,0.0,1.0,True
22000751,220,220,111.0,109.0,139.0,133.0,133.0000667847704,139.00003900889942,1.0,-6.678477041077713e-05,-3.900889942087815e-05,2.0,True
22000752,198,198,99.0,99.0,91.0,137.0,137.0,91.0,1.0,0.0,0.0,0.0,True
22000753,207,207,104.0,103.0,85.0,133.0,133.0,85.0,1.0,0.0,0.0,1.0,True
22000754,204,204,102.0,102.0,129.0,128.0,128.0000129012354,129.000068990787,1.0,-1.2901235407980494e-05,-6.899078701394501e-05,0.0,True
22000755,189,189,95.0,94.0,107.0,115.0,115.0,107.0,1.0,0.0,0.0,1.0,True
22000756,193,193,96.0,97.0,86.0,104.0,104.0,86.0,1.0,0.0,0.0,1.0,True
22000757,178,178,88.0,90.0,86.0,116.0,116.00002559555281,86.0000373443884,1.0,-2.5595552813229006e-05,-3.734438840297116e-05,2.0,True
22000758,194,194,97.0,97.0,116.0,100.0,100.0,116.0,1.0,0.0,0.0,0.0,True
22000759,211,211,106.0,105.0,111.0,117.0,117.0,111.0,1.0,0.0,0.0,1.0,True
22000760,209,209,104.0,105.0,122.0,115.0,115.0,122.0,1.0,0.0,0.0,1.0,True
22000761,192,192,96.0,96.0,109.0,119.0,119.0,109.0,1.0,0.0,0.0,0.0,True
22000762,198,198,99.0,99.0,112.0,114.0,114.00003298326614,112.00001494365472,1.0,-3.2983266137875944e-05,-1.4943654718990729e-05,0.0,True
22000763,203,203,101.0,102.0,101.0,103.0,103.00003519913382,101.00005535826145,1.0,-3.519913381921924e-05,-5.535826144864586e-05,1.0,True
22000764,180,180,89.0,91.0,103.0,111.0,111.0,103.0,1.0,0.0,0.0,2.0,True
22000765,204,204,102.0,102.0,106.0,116.0,116.0,106.0,1.0,0.0,0.0,0.0,True
22000766,211,211,105.0,106.0,132.0,108.0,108.0,132.0,1.0,0.0,0.0,1.0,True
22000767,196,196,98.0,98.0,125.0,101.0,101.0,125.0,1.0,0.0,0.0,0.0,True
22000768,207,207,103.0,104.0,133.0,130.0,130.0,133.0,1.0,0.0,0.0,1.0,True
22000769,203,203,102.0,101.0,113.0,97.0,97.0,113.0,1.0,0.0,0.0,1.0,True
22000770,200,200,100.0,100.0,107.0,123.0,123.0,107.0,1.0,0.0,0.0,0.0,True
22000771,187,187,93.0,94.0,106.0,96.0,96.0000614267583,106.0000028214397,1.0,-6.142675829323707e-05,-2.821439693434513e-06,1.0,True
22000772,197,197,99.0,98.0,110.0,101.0,100.99994071671655,110.00010859991852,1.0,5.928328344850797e-05,-0.00010859991851930317,1.0,True
22000773,189,189,95.0,94.0,124.0,112.0,112.0,124.0,1.0,0.0,0.0,1.0,True
22000774,202,202,101.0,101.0,121.0,122.0,121.99995684328535,121.00012306519139,1.0,4.315671465349169e-05,-0.00012306519138860494,0.0,True
22000775,201,201,101.0,100.0,116.0,133.0,133.0,116.0,1.0,0.0,0.0,1.0,True
22000776,212,212,106.0,106.0,137.0,141.0,141.0,137.0,1.0,0.0,0.0,0.0,True
22000777,192,192,96.0,96.0,131.0,116.0,116.0,131.0,1.0,0.0,0.0,0.0,True
22000778,191,191,96.0,95.0,99.0,101.0,101.0,99.0,1.0,0.0,0.0,1.0,True
22000779,205,205,102.0,103.0,111.0,139.0,139.0000959410275,111.00000782653366,1.0,-9.594102749588274e-05,-7.826533661159374e-06,1.0,True
22000780,200,200,101.0,99.0,131.0,113.0,113.0,131.0,1.0,0.0,0.0,2.0,True
22000781,204,204,102.0,102.0,113.0,102.0,102.00001604067683,112.99999427702456,1.0,-1.6040676825923583e-05,5.722975444655276e-06,0.0,True
22000782,204,204,101.0,103.0,96.0,106.0,106.0,96.0,1.0,0.0,0.0,2.0,True
22000783,217,217,108.0,109.0,113.0,117.0,117.0,113.0,1.0,0.0,0.0,1.0,True
22000784,197,197,99.0,98.0,104.0,110.0,110.00002792778531,104.00001332545776,1.0,-2.792778531102158e-05,-1.3325457757673576e-05,1.0,True
22000785,201,201,101.0,100.0,129.0,102.0,102.0,129.0,1.0,0.0,0.0,1.0,True
22000786,199,199,99.0,100.0,101.0,116.0,116.00001748703144,101.00000551442689,1.0,-1.7487031442442458e-05,-5.514426888453272e-06,1.0,True
22000787,197,197,98.0,99.0,103.0,122.0,122.0,103.0,1.0,0.0,0.0,1.0,True
22000788,177,177,88.0,89.0,103.0,113.0,113.0,103.0,1.0,0.0,0.0,1.0,True
22000789,201,201,101.0,100.0,113.0,101.0,101.0,113.0,1.0,0.0,0.0,1.0,True
22000790,207,207,104.0,103.0,111.0,106.0,106.00004441074351,111.00004873762016,1.0,-4.441074351291263e-05,-4.873762016188721e-05,1.0,True
22000791,196,196,98.0,98.0,108.0,120.0,120.0,108.0,1.0,0.0,0.0,0.0,True
22000792,226,226,113.0,113.0,136.0,145.0,145.00000166593549,136.00004048143353,1.0,-1.6659354855619313e-06,-4.0481433529748756e-05,0.0,True
22000793,218,218,110.0,108.0,129.0,133.0,133.0,129.0,1.0,0.0,0.0,2.0,True
22000794,208,208,105.0,103.0,135.0,115.0,115.0,135.0,1.0,0.0,0.0,2.0,True
22000795,210,210,105.0,105.0,94.0,101.0,101.0,94.0,1.0,0.0,0.0,0.0,True
22000796,218,218,109.0,109.0,127.0,119.0,119.00005895962232,127.00000954823396,1.0,-5.895962232216334e-05,-9.54823396170923e-06,0.0,True
22000797,198,198,99.0,99.0,119.0,121.0,121.00007373667096,119.00001347703848,1.0,-7.373667095578185e-05,-1.347703847898174e-05,0.0,True
22000798,204,204,102.0,102.0,110.0,107.0,107.00007183323274,110.00006657036599,1.0,-7.183323273807218e-05,-6.657036598767263e-05,0.0,True
22000799,191,191,95.0,96.0,109.0,126.0,126.0,109.0,1.0,0.0,0.0,1.0,True
22000800,201,201,101.0,100.0,126.0,101.0,100.99998908996018,126.00005034489445,1.0,1.0910039819123085e-05,-5.0344894447107436e-05,1.0,True
22000801,204,204,102.0,102.0,112.0,128.0,128.0,112.0,1.0,0.0,0.0,0.0,True
22000802,207,207,104.0,103.0,109.0,125.0,125.0,109.0,1.0,0.0,0.0,1.0,True
22000803,211,211,105.0,106.0,106.0,134.0,134.0,106.0,1.0,0.0,0.0,1.0,True
22000804,197,197,98.0,99.0,103.0,118.0,118.00001961178373,103.00002828629295,1.0,-1.9611783727668808e-05,-2.8286292945267633e-05,1.0,True
22000805,182,182,91.0,91.0,105.0,101.0,101.00001243109332,105.00004363819876,1.0,-1.2431093324494213e-05,-4.3638198761186686e-05,0.0,True
22000806,184,184,93.0,91.0,105.0,87.0,87.0,105.0,1.0,0.0,0.0,2.0,True
22000807,201,201,101.0,100.0,116.0,109.0,109.00005013614236,116.00000092582805,1.0,-5.01361423630442e-05,-9.258280471158287e-07,1.0,True
22000808,197,197,99.0,98.0,124.0,87.0,87.0000811929268,123.99998596628524,1.0,-8.119292679964474e-05,1.4033714762717864e-05,1.0,True
22000809,192,192,96.0,96.0,96.0,102.0,102.0,96.0,1.0,0.0,0.0,0.0,True
22000810,193,193,96.0,97.0,119.0,117.0,117.0,119.0,1.0,0.0,0.0,1.0,True
22000811,207,207,104.0,103.0,132.0,125.0,125.0,132.0,1.0,0.0,0.0,1.0,True
22000812,197,197,99.0,98.0,117.0,121.0,121.0,117.0,1.0,0.0,0.0,1.0,True
22000813,189,189,94.0,95.0,124.0,131.0,131.00005802273017,123.999998437018,1.0,-5.802273017252446e-05,1.5629820069307243e-06,1.0,True
22000814,188,188,94.0,94.0,107.0,98.0,98.0,107.0,1.0,0.0,0.0,0.0,True
22000815,199,199,100.0,99.0,96.0,111.0,111.0,96.0,1.0,0.0,0.0,1.0,True
22000816,192,192,95.0,97.0,120.0,97.0,97.0,120.0,1.0,0.0,0.0,2.0,True
22000817,209,209,105.0,104.0,127.0,97.0,97.0,127.0,1.0,0.0,0.0,1.0,True
22000818,190,190,95.0,95.0,113.0,95.0,95.00007942125961,112.99996425389715,1.0,-7.942125961335478e-05,3.574610285284052e-05,0.0,True
22000819,212,212,106.0,106.0,110.0,117.0,117.0,110.0,1.0,0.0,0.0,0.0,True
22000820,205,205,102.0,103.0,125.0,121.0,121.0,125.0,1.0,0.0,0.0,1.0,True
22000821,206,206,102.0,104.0,107.0,116.0,116.0,107.0,1.0,0.0,0.0,2.0,True
22000822,207,207,104.0,103.0,120.0,126.0,126.0,120.0,1.0,0.0,0.0,1.0,True
22000823,214,214,107.0,107.0,126.0,115.0,115.0,126.0,1.0,0.0,0.0,0.0,True
22000824,197,197,99.0,98.0,108.0,103.0,103.0,108.0,1.0,0.0,0.0,1.0,True
22000825,181,181,91.0,90.0,101.0,93.0,93.00002353753655,101.0000366114713,1.0,-2.3537536549156357e-05,-3.6611471301739584e-05,1.0,True
22000826,195,195,97.0,98.0,96.0,106.0,106.0,96.0,1.0,0.0,0.0,1.0,True
22000827,195,195,98.0,97.0,86.0,106.0,106.0,86.0,1.0,0.0,0.0,1.0,True
22000828,199,199,99.0,100.0,116.0,115.0,115.00005352651056,116.00002356399138,1.0,-5.352651055545721e-05,-2.3563991376818194e-05,1.0,True
22000829,181,181,90.0,91.0,103.0,90.0,90.00001817248814,103.00001640102626,1.0,-1.817248814006689e-05,-1.6401026257995e-05,1.0,True
22000830,205,205,102.0,103.0,117.0,123.0,123.00004268296759,116.9999896199182,1.0,-4.268296758880297e-05,1.0380081803873509e-05,1.0,True
22000831,201,201,100.0,101.0,112.0,117.0,117.0,112.0,1.0,0.0,0.0,1.0,True
22000832,191,191,95.0,96.0,100.0,98.0,98.00007282013313,100.0001358401218,1.0,-7.282013312703839e-05,-0.00013584012179990168,1.0,True
22000833,181,181,90.0,91.0,115.0,106.0,106.0,115.0,1.0,0.0,0.0,1.0,True
22000834,223,223,112.0,111.0,130.0,105.0,105.00003875944255,130.0000726040747,1.0,-3.87594425461657e-05,-7.260407468834273e-05,1.0,True
22000835,192,192,97.0,95.0,116.0,106.0,106.0,116.0,1.0,0.0,0.0,2.0,True
22000836,211,211,105.0,106.0,147.0,109.0,109.0,147.0,1.0,0.0,0.0,1.0,True
22000837,192,192,97.0,95.0,114.0,113.0,113.0,114.0,1.0,0.0,0.0,2.0,True
22000838,179,179,89.0,90.0,106.0,123.0,123.0,106.0,1.0,0.0,0.0,1.0,True
22000839,222,222,111.0,111.0,123.0,111.0,111.0,123.0,1.0,0.0,0.0,0.0,True
22000840,193,193,97.0,96.0,120.0,109.0,109.0,120.0,1.0,0.0,0.0,1.0,True
22000841,199,199,100.0,99.0,119.0,101.0,101.0,119.0,1.0,0.0,0.0,1.0,True
22000842,202,202,102.0,100.0,121.0,113.0,113.0,121.0,1.0,0.0,0.0,2.0,True
22000843,188,188,95.0,93.0,114.0,122.0,122.0,114.0,1.0,0.0,0.0,2.0,True
22000844,211,211,106.0,105.0,111.0,119.0,119.00000318062683,111.00001325796954,1.0,-3.1806268339096277e-06,-1.3257969541768944e-05,1.0,True
22000845,217,217,108.0,109.0,104.0,110.0,110.0,104.0,1.0,0.0,0.0,1.0,True
22000846,189,189,94.0,95.0,103.0,106.0,106.0,103.0,1.0,0.0,0.0,1.0,True
22000847,231,231,115.0,116.0,115.0,117.0,117.0,115.0,1.0,0.0,0.0,1.0,True
22000848,201,201,101.0,100.0,115.0,130.0,130.0000155346225,115.00004835674473,1.0,-1.5534622491486516e-05,-4.8356744727584555e-05,1.0,True
22000849,191,191,95.0,96.0,102.0,113.0,113.0,102.0,1.0,0.0,0.0,1.0,True
22000850,192,192,96.0,96.0,126.0,115.0,115.0,126.0,1.0,0.0,0.0,0.0,True
22000851,196,196,98.0,98.0,128.0,99.0,99.0,128.0,1.0,0.0,0.0,0.0,True
22000852,196,196,98.0,98.0,111.0,119.0,119.0,111.0,1.0,0.0,0.0,0.0,True
22000853,189,189,95.0,94.0,107.0,106.0,106.0,107.0,1.0,0.0,0.0,1.0,True
22000854,190,190,95.0,95.0,117.0,109.0,109.0,117.0,1.0,0.0,0.0,0.0,True
22000855,212,212,106.0,106.0,115.0,127.0,127.0,115.0,1.0,0.0,0.0,0.0,True
22000856,204,204,102.0,102.0,100.0,121.0,121.0,100.0,1.0,0.0,0.0,0.0,True
22000857,181,181,90.0,91.0,96.0,106.0,106.00001560068715,96.00003345536521,1.0,-1.5600687149230907e-05,-3.345536521237591e-05,1.0,True
22000858,194,194,96.0,98.0,114.0,119.0,119.0,114.0,1.0,0.0,0.0,2.0,True
22000859,202,202,101.0,101.0,128.0,115.0,115.0,128.0,1.0,0.0,0.0,0.0,True
22000860,191,191,96.0,95.0,111.0,85.0,85.0,111.0,1.0,0.0,0.0,1.0,True
22000861,207,207,104.0,103.0,117.0,129.0,129.0,117.0,1.0,0.0,0.0,1.0,True
22000862,210,210,105.0,105.0,112.0,122.0,122.0,112.0,1.0,0.0,0.0,0.0,True
22000863,189,189,94.0,95.0,107.0,109.0,109.00002067879211,107.00001147449582,1.0,-2.0678792111539224e-05,-1.1474495821062192e-05,1.0,True
22000864,197,197,99.0,98.0,114.0,110.0,110.0,114.0,1.0,0.0,0.0,1.0,True
22000865,202,202,101.0,101.0,106.0,112.0,112.0,106.0,1.0,0.0,0.0,0.0,True
22000866,194,194,97.0,97.0,121.0,107.0,107.0,121.0,1.0,0.0,0.0,0.0,True
22000867,199,199,100.0,99.0,105.0,124.0,124.0,105.0,1.0,0.0,0.0,1.0,True
22000868,198,198,99.0,99.0,105.0,109.0,109.0,105.0,1.0,0.0,0.0,0.0,True
22000869,188,188,95.0,93.0,102.0,96.0,96.00009739756094,102.00011114638448,1.0,-9.739756093551932e-05,-0.00011114638448361802,2.0,True
22000870,195,195,98.0,97.0,107.0,96.0,96.0,107.0,1.0,0.0,0.0,1.0,True
22000871,193,193,97.0,96.0,91.0,113.0,113.0,91.0,1.0,0.0,0.0,1.0,True
22000872,209,209,104.0,105.0,107.0,119.0,119.0,107.0,1.0,0.0,0.0,1.0,True
22000873,225,225,112.0,113.0,128.0,127.0,127.0,128.0,1.0,0.0,0.0,1.0,True
22000874,243,243,121.0,122.0,137.0,139.0,139.0,137.0,1.0,0.0,0.0,1.0,True
22000875,186,186,93.0,93.0,111.0,97.0,97.0,111.0,1.0,0.0,0.0,0.0,True
22000876,202,202,102.0,100.0,96.0,112.0,112.0,96.0,1.0,0.0,0.0,2.0,True
22000877,175,175,87.0,88.0,97.0,109.0,109.0000338697761,97.00010448061803,1.0,-3.386977610375652e-05,-0.00010448061803458586,1.0,True
22000878,208,208,104.0,104.0,134.0,129.0,129.00006623624282,134.0000628689717,1.0,-6.623624281587581e-05,-6.286897169616168e-05,0.0,True
22000879,187,187,94.0,93.0,113.0,112.0,112.00032091699896,112.99996162062949,1.0,-0.0003209169989588645,3.837937050832352e-05,1.0,True
22000880,204,204,102.0,102.0,134.0,120.0,119.99997289275736,134.00004635430653,1.0,2.710724264431974e-05,-4.635430653365802e-05,0.0,True
22000881,196,196,98.0,98.0,105.0,121.0,121.0000684918495,105.00006972849307,1.0,-6.849184950397103e-05,-6.972849307373963e-05,0.0,True
22000882,212,212,107.0,105.0,116.0,122.0,122.00004275302992,116.00000056401919,1.0,-4.2753029916298146e-05,-5.640191886868706e-07,2.0,True
22000883,179,179,89.0,90.0,116.0,113.0,113.00003341938866,115.99999406705615,1.0,-3.3419388657307536e-05,5.93294384998444e-06,1.0,True
22000884,200,200,100.0,100.0,103.0,114.0,114.0,103.0,1.0,0.0,0.0,0.0,True
22000885,227,227,113.0,114.0,114.0,118.0,118.0,114.0,1.0,0.0,0.0,1.0,True
22000886,215,215,107.0,108.0,127.0,137.0,137.0,127.0,1.0,0.0,0.0,1.0,True
22000887,205,205,103.0,102.0,112.0,89.0,89.0,112.0,1.0,0.0,0.0,1.0,True
22000888,178,178,90.0,88.0,107.0,87.0,87.0,107.0,1.0,0.0,0.0,2.0,True
22000889,189,189,94.0,95.0,105.0,117.0,117.0,105.0,1.0,0.0,0.0,1.0,True
22000890,183,183,92.0,91.0,106.0,105.0,105.0,106.0,1.0,0.0,0.0,1.0,True
22000891,195,195,97.0,98.0,125.0,128.0,128.0,125.0,1.0,0.0,0.0,1.0,True
22000892,195,195,97.0,98.0,86.0,99.0,99.00009335021858,86.0001554988454,1.0,-9.335021857737047e-05,-0.00015549884540178027,1.0,True
22000893,199,199,100.0,99.0,135.0,100.0,100.0,135.0,1.0,0.0,0.0,1.0,True
22000894,203,203,101.0,102.0,117.0,124.0,124.0,117.0,1.0,0.0,0.0,1.0,True
22000895,183,183,92.0,91.0,91.0,106.0,106.0,91.0,1.0,0.0,0.0,1.0,True
22000896,190,190,96.0,94.0,91.0,108.0,108.00004353448061,91.00001062526547,1.0,-4.353448061067411e-05,-1.0625265474573098e-05,2.0,True
22000897,198,198,99.0,99.0,110.0,115.0,115.0,110.0,1.0,0.0,0.0,0.0,True
22000898,184,184,92.0,92.0,103.0,118.0,118.0,103.0,1.0,0.0,0.0,0.0,True
22000899,205,205,103.0,102.0,104.0,109.0,109.00017975689323,104.00002610316392,1.0,-0.00017975689323179722,-2.6103163918378414e-05,1.0,True
22000900,178,178,90.0,88.0,102.0,108.0,108.00004482116766,102.00003528286935,1.0,-4.482116766268973e-05,-3.528286934795233e-05,2.0,True
22000901,210,210,105.0,105.0,109.0,104.0,104.0,109.0,1.0,0.0,0.0,0.0,True
22000902,210,210,106.0,104.0,129.0,109.0,109.00009751037241,128.99994585155588,1.0,-9.751037241301219e-05,5.414844412143793e-05,2.0,True
22000903,195,195,98.0,97.0,97.0,118.0,118.0,97.0,1.0,0.0,0.0,1.0,True
22000904,189,189,94.0,95.0,103.0,120.0,120.0,103.0,1.0,0.0,0.0,1.0,True
22000905,205,205,102.0,103.0,94.0,132.0,131.99999709633016,94.00002850390476,1.0,2.903669837905909e-06,-2.850390475828135e-05,1.0,True
22000906,208,208,104.0,104.0,109.0,115.0,115.0,109.0,1.0,0.0,0.0,0.0,True
22000907,192,192,96.0,96.0,101.0,106.0,106.00002625946858,101.00006012759255,1.0,-2.6259468583589296e-05,-6.012759254758748e-05,0.0,True
22000908,189,189,95.0,94.0,93.0,108.0,108.0,93.0,1.0,0.0,0.0,1.0,True
22000909,198,198,100.0,98.0,101.0,96.0,95.99999065034946,101.00006553096952,1.0,9.349650540002585e-06,-6.553096952188753e-05,2.0,True
22000910,207,207,103.0,104.0,116.0,129.0,129.0,116.0,1.0,0.0,0.0,1.0,True
22000911,197,197,98.0,99.0,104.0,125.0,124.99997701159492,104.00003714263252,1.0,2.2988405078194774e-05,-3.714263252163619e-05,1.0,True
22000912,192,192,96.0,96.0,119.0,128.0,128.0000649541901,118.99997503625801,1.0,-6.495419009411307e-05,2.496374199267848e-05,0.0,True
22000913,200,200,100.0,100.0,104.0,111.0,111.0,104.0,1.0,0.0,0.0,0.0,True
22000914,206,206,103.0,103.0,131.0,112.0,112.0,131.0,1.0,0.0,0.0,0.0,True
22000915,201,201,100.0,101.0,113.0,117.0,117.0,113.0,1.0,0.0,0.0,1.0,True
22000916,194,194,98.0,96.0,86.0,100.0,100.00011364994606,85.99989591788187,1.0,-0.00011364994605855827,0.00010408211812773516,2.0,True
22000917,185,185,92.0,93.0,114.0,103.0,103.0,114.0,1.0,0.0,0.0,1.0,True
22000918,205,205,102.0,103.0,90.0,121.0,121.0,90.0,1.0,0.0,0.0,1.0,True
22000919,217,217,109.0,108.0,146.0,143.0,143.0,146.0,1.0,0.0,0.0,1.0,True
22000920,186,186,92.0,94.0,118.0,110.0,110.0,118.0,1.0,0.0,0.0,2.0,True
22000921,188,188,93.0,95.0,96.0,112.0,112.0,96.0,1.0,0.0,0.0,2.0,True
22000922,189,189,95.0,94.0,110.0,102.0,102.00001959710734,110.00004073831616,1.0,-1.959710733956399e-05,-4.073831615869494e-05,1.0,True
22000923,193,193,97.0,96.0,104.0,105.0,105.0,104.0,1.0,0.0,0.0,1.0,True
22000924,201,201,101.0,100.0,103.0,120.0,120.0,103.0,1.0,0.0,0.0,1.0,True
22000925,208,208,104.0,104.0,96.0,120.0,120.00002610918294,96.00001223375035,1.0,-2.6109182940103892e-05,-1.2233750354084805e-05,0.0,True
22000926,189,189,94.0,95.0,106.0,113.0,113.0,106.0,1.0,0.0,0.0,1.0,True
22000927,225,225,112.0,113.0,119.0,115.0,115.00005172379706,119.00003084938844,1.0,-5.172379705697949e-05,-3.0849388437559355e-05,1.0,True
22000928,208,208,104.0,104.0,114.0,104.0,104.00006913932714,114.00002334359347,1.0,-6.913932713814575e-05,-2.334359346889414e-05,0.0,True
22000929,206,206,104.0,102.0,133.0,112.0,112.0,133.0,1.0,0.0,0.0,2.0,True
22000930,191,191,96.0,95.0,116.0,103.0,103.00003995594133,116.00000629651684,1.0,-3.995594133243685e-05,-6.296516843917743e-06,1.0,True
22000931,209,209,104.0,105.0,114.0,107.0,107.0,114.0,1.0,0.0,0.0,1.0,True
22000932,204,204,102.0,102.0,133.0,103.0,103.0,133.0,1.0,0.0,0.0,0.0,True
22000933,201,201,100.0,101.0,109.0,104.0,104.0,109.0,1.0,0.0,0.0,1.0,True
22000934,182,182,91.0,91.0,83.0,127.0,127.0001261747098,82.99999891587284,1.0,-0.0001261747098055821,1.0841271631534255e-06,0.0,True
22000935,201,201,101.0,100.0,107.0,116.0,116.0,107.0,1.0,0.0,0.0,1.0,True
22000936,193,193,96.0,97.0,111.0,120.0,120.00006316237408,110.99999806318507,1.0,-6.316237407588687e-05,1.9368149253295996e-06,1.0,True
22000937,186,186,92.0,94.0,94.0,113.0,113.00008647690613,94.00009264953707,1.0,-8.64769061337256e-05,-9.264953706633605e-05,2.0,True
22000938,196,196,98.0,98.0,111.0,116.0,116.0,111.0,1.0,0.0,0.0,0.0,True
22000939,208,208,104.0,104.0,130.0,109.0,109.0,130.0,1.0,0.0,0.0,0.0,True
22000940,219,219,110.0,109.0,112.0,114.0,114.0,112.0,1.0,0.0,0.0,1.0,True
22000941,179,179,90.0,89.0,101.0,109.0,109.0,101.0,1.0,0.0,0.0,1.0,True
22000942,198,198,99.0,99.0,154.0,105.0,105.0,154.0,1.0,0.0,0.0,0.0,True
22000943,199,199,99.0,100.0,115.0,105.0,104.99999653674003,115.00004377034527,1.0,3.4632599721362567e-06,-4.3770345271809674e-05,1.0,True
22000944,207,207,104.0,103.0,130.0,113.0,113.0,130.0,1.0,0.0,0.0,1.0,True
22000945,215,215,107.0,108.0,136.0,143.0,143.0,136.0,1.0,0.0,0.0,1.0,True
22000946,199,199,99.0,100.0,114.0,126.0,126.0,114.0,1.0,0.0,0.0,1.0,True
22000947,212,212,106.0,106.0,109.0,95.0,95.0,109.0,1.0,0.0,0.0,0.0,True
22000948,196,196,98.0,98.0,111.0,121.0,121.0,111.0,1.0,0.0,0.0,0.0,True
22000949,199,199,99.0,100.0,104.0,126.0,126.0,104.0,1.0,0.0,0.0,1.0,True
22000950,221,221,110.0,111.0,140.0,143.0,143.00003505564996,140.00007100267172,1.0,-3.505564995975874e-05,-7.100267171722408e-05,1.0,True
22000951,207,207,104.0,103.0,122.0,93.0,93.0,122.0,1.0,0.0,0.0,1.0,True
22000952,200,200,101.0,99.0,128.0,108.0,109.0,128.0,1.0,-1.0,0.0,2.0,False
22000953,198,198,99.0,99.0,75.0,92.0,91.99999275431904,74.99997153267071,1.0,7.245680961887047e-06,2.8467329286741005e-05,0.0,True
22000954,200,200,100.0,100.0,108.0,98.0,98.00001559712379,108.00006070665259,1.0,-1.5597123791621925e-05,-6.070665259017005e-05,0.0,True
22000955,190,190,95.0,95.0,100.0,121.0,121.0,100.0,1.0,0.0,0.0,0.0,True
22000956,198,198,99.0,99.0,110.0,106.0,106.0,110.0,1.0,0.0,0.0,0.0,True
22000957,189,189,95.0,94.0,94.0,107.0,107.0000762173304,93.99995477681563,1.0,-7.62173304025282e-05,4.522318437238937e-05,1.0,True
22000958,212,212,106.0,106.0,113.0,87.0,87.0,113.0,1.0,0.0,0.0,0.0,True
22000959,190,190,95.0,95.0,97.0,108.0,108.0,97.0,1.0,0.0,0.0,0.0,True
22000960,183,183,91.0,92.0,124.0,107.0,107.0,124.0,1.0,0.0,0.0,1.0,True
22000961,200,200,100.0,100.0,111.0,112.0,112.0,111.0,1.0,0.0,0.0,0.0,True
22000962,238,238,118.0,120.0,140.0,136.0,135.99996863278554,140.00003812316905,1.0,3.136721446139745e-05,-3.8123169048276395e-05,2.0,True
22000963,219,219,109.0,110.0,152.0,95.0,95.00006340565902,151.99999084470883,1.0,-6.340565902007711e-05,9.155291166962343e-06,1.0,True
22000964,198,198,99.0,99.0,124.0,125.0,125.0,124.0,1.0,0.0,0.0,0.0,True
22000965,194,194,97.0,97.0,102.0,106.0,106.0,102.0,1.0,0.0,0.0,0.0,True
22000966,178,178,89.0,89.0,110.0,104.0,104.0000705155139,110.00008714523516,1.0,-7.051551389736233e-05,-8.714523515607198e-05,0.0,True
22000967,206,206,103.0,103.0,114.0,117.0,117.0,114.0,1.0,0.0,0.0,0.0,True
22000968,202,202,101.0,101.0,129.0,119.0,119.0,129.0,1.0,0.0,0.0,0.0,True
22000969,193,193,96.0,97.0,121.0,111.0,111.00005359831799,120.99996074517983,1.0,-5.359831799012227e-05,3.9254820165979254e-05,1.0,True
22000970,191,191,96.0,95.0,111.0,99.0,99.0,111.0,1.0,0.0,0.0,1.0,True
22000971,195,195,97.0,98.0,122.0,97.0,97.0,122.0,1.0,0.0,0.0,1.0,True
22000972,195,195,98.0,97.0,123.0,120.0,120.0,123.0,1.0,0.0,0.0,1.0,True
22000973,204,204,103.0,101.0,113.0,111.0,111.0,113.0,1.0,0.0,0.0,2.0,True
22000974,204,204,103.0,101.0,121.0,114.0,114.0,121.0,1.0,0.0,0.0,2.0,True
22000975,196,196,98.0,98.0,119.0,112.0,112.0,119.0,1.0,0.0,0.0,0.0,True
22000976,236,236,119.0,117.0,141.0,154.0,154.0,141.0,1.0,0.0,0.0,2.0,True
22000977,210,210,105.0,105.0,123.0,108.0,108.0,123.0,1.0,0.0,0.0,0.0,True
22000978,196,196,99.0,97.0,114.0,123.0,123.0,114.0,1.0,0.0,0.0,2.0,True
22000979,190,190,95.0,95.0,106.0,94.0,94.0,106.0,1.0,0.0,0.0,0.0,True
22000980,192,192,96.0,96.0,118.0,104.0,104.0,118.0,1.0,0.0,0.0,0.0,True
22000981,192,192,96.0,96.0,99.0,110.0,110.0,99.0,1.0,0.0,0.0,0.0,True
22000982,189,189,94.0,95.0,89.0,93.0,93.0,89.0,1.0,0.0,0.0,1.0,True
22000983,208,208,105.0,103.0,134.0,118.0,118.0,134.0,1.0,0.0,0.0,2.0,True
22000984,185,185,92.0,93.0,102.0,99.0,99.00006925213921,102.00004142415922,1.0,-6.925213921249451e-05,-4.142415922103737e-05,1.0,True
22000985,204,204,102.0,102.0,118.0,124.0,124.0,118.0,1.0,0.0,0.0,0.0,True
22000986,190,190,95.0,95.0,127.0,113.0,113.0,127.0,1.0,0.0,0.0,0.0,True
22000987,207,207,104.0,103.0,103.0,108.0,108.00009199959065,103.00007257198351,1.0,-9.199959065142593e-05,-7.257198350885119e-05,1.0,True
22000988,201,201,100.0,101.0,103.0,99.0,99.0,103.0,1.0,0.0,0.0,1.0,True
22000989,190,190,95.0,95.0,100.0,105.0,105.00002680109115,100.0000662444872,1.0,-2.6801091152606205e-05,-6.624448720060627e-05,0.0,True
22000990,205,205,103.0,102.0,132.0,96.0,96.00007004906077,131.99995421060194,1.0,-7.0049060767019e-05,4.578939805810478e-05,1.0,True
22000991,200,200,101.0,99.0,141.0,105.0,105.0,141.0,1.0,0.0,0.0,2.0,True
22000992,186,186,93.0,93.0,103.0,135.0,135.0,103.0,1.0,0.0,0.0,0.0,True
22000993,202,202,101.0,101.0,104.0,93.0,93.0,104.0,1.0,0.0,0.0,0.0,True
22000994,201,201,101.0,100.0,135.0,115.0,115.0,135.0,1.0,0.0,0.0,1.0,True
22000995,205,205,103.0,102.0,97.0,113.0,113.0,97.0,1.0,0.0,0.0,1.0,True
22000996,198,198,98.0,100.0,94.0,126.0,126.0,94.0,1.0,0.0,0.0,2.0,True
22000997,221,221,111.0,110.0,131.0,129.0,129.00009496035574,131.0000064413979,1.0,-9.496035573874906e-05,-6.441397886192135e-06,1.0,True
22000998,207,207,104.0,103.0,109.0,113.0,113.0,109.0,1.0,0.0,0.0,1.0,True
22000999,189,189,94.0,95.0,97.0,111.0,111.0,97.0,1.0,0.0,0.0,1.0,True
22001000,204,204,101.0,103.0,126.0,133.0,133.00002416228867,126.00002164619893,1.0,-2.4162288667639586e-05,-2.1646198931080107e-05,2.0,True
22001001,199,199,100.0,99.0,97.0,118.0,118.0,97.0,1.0,0.0,0.0,1.0,True
22001002,195,195,98.0,97.0,94.0,118.0,118.0,94.0,1.0,0.0,0.0,1.0,True
22001003,203,203,102.0,101.0,107.0,109.0,109.0,107.0,1.0,0.0,0.0,1.0,True
22001004,202,202,101.0,101.0,112.0,122.0,122.00002785654193,112.000024554695,1.0,-2.7856541933601875e-05,-2.4554695002620974e-05,0.0,True
22001005,202,202,101.0,101.0,112.0,121.0,121.0,112.0,1.0,0.0,0.0,0.0,True
22001006,220,220,110.0,110.0,133.0,141.0,141.00001789530094,132.99998469329356,1.0,-1.789530094242764e-05,1.5306706444562224e-05,0.0,True
22001007,187,187,93.0,94.0,90.0,110.0,110.0,90.0,1.0,0.0,0.0,1.0,True
22001008,192,192,97.0,95.0,120.0,127.0,127.00008265350364,120.00001521496543,1.0,-8.265350363956259e-05,-1.5214965429777294e-05,2.0,True
22001009,201,201,100.0,101.0,105.0,128.0,128.0,105.0,1.0,0.0,0.0,1.0,True
22001010,197,197,98.0,99.0,101.0,106.0,106.0,101.0,1.0,0.0,0.0,1.0,True
22001011,203,203,102.0,101.0,113.0,104.0,104.0,113.0,1.0,0.0,0.0,1.0,True
22001012,243,243,122.0,121.0,133.0,132.0,132.0,133.0,1.0,0.0,0.0,1.0,True
22001013,197,197,99.0,98.0,104.0,118.0,118.0,104.0,1.0,0.0,0.0,1.0,True
22001014,196,196,98.0,98.0,109.0,99.0,99.0,109.0,1.0,0.0,0.0,0.0,True
22001015,196,196,98.0,98.0,124.0,119.0,119.0,125.0,1.0,0.0,-1.0,0.0,False
22001016,206,206,104.0,102.0,116.0,124.0,124.00000018785208,116.0000043722854,1.0,-1.878520805576045e-07,-4.3722854030647795e-06,2.0,True
22001017,207,207,103.0,104.0,97.0,136.0,136.0,97.0,1.0,0.0,0.0,1.0,True
22001018,201,201,101.0,100.0,102.0,124.0,124.0,102.0,1.0,0.0,0.0,1.0,True
22001019,192,192,96.0,96.0,106.0,100.0,100.0,106.0,1.0,0.0,0.0,0.0,True
22001020,206,206,103.0,103.0,112.0,110.0,110.00003387661225,112.0000349713434,1.0,-3.3876612249628124e-05,-3.497134339625063e-05,0.0,True
22001021,195,195,98.0,97.0,124.0,97.0,97.0,124.0,1.0,0.0,0.0,1.0,True
22001022,203,203,102.0,101.0,128.0,96.0,96.0,128.0,1.0,0.0,0.0,1.0,True
22001023,187,187,93.0,94.0,108.0,96.0,96.0,108.0,1.0,0.0,0.0,1.0,True
22001024,193,193,96.0,97.0,110.0,123.0,123.0,110.0,1.0,0.0,0.0,1.0,True
22001025,202,202,101.0,101.0,98.0,126.0,126.0,98.0,1.0,0.0,0.0,0.0,True
22001026,212,212,105.0,107.0,124.0,125.0,125.0,124.0,1.0,0.0,0.0,2.0,True
22001027,195,195,98.0,97.0,111.0,102.0,102.0,111.0,1.0,0.0,0.0,1.0,True
22001028,197,197,99.0,98.0,110.0,115.0,115.0,110.0,1.0,0.0,0.0,1.0,True
22001029,208,208,104.0,104.0,125.0,146.0,146.0,125.0,1.0,0.0,0.0,0.0,True
22001030,200,200,100.0,100.0,116.0,119.0,119.0,116.0,1.0,0.0,0.0,0.0,True
22001031,209,209,104.0,105.0,129.0,140.0,140.0,129.0,1.0,0.0,0.0,1.0,True
22001032,200,200,100.0,100.0,129.0,121.0,121.0,129.0,1.0,0.0,0.0,0.0,True
22001033,214,214,107.0,107.0,119.0,100.0,100.00007853770171,119.00006100312973,1.0,-7.853770171095675e-05,-6.100312972989741e-05,0.0,True
22001034,193,193,96.0,97.0,115.0,96.0,96.0,115.0,1.0,0.0,0.0,1.0,True
22001035,187,187,93.0,94.0,94.0,103.0,103.0,94.0,1.0,0.0,0.0,1.0,True
22001036,192,192,96.0,96.0,115.0,107.0,107.0,115.0,1.0,0.0,0.0,0.0,True
22001037,185,185,92.0,93.0,104.0,133.0,133.0,104.0,1.0,0.0,0.0,1.0,True
22001038,208,208,103.0,105.0,102.0,114.0,114.0,102.0,1.0,0.0,0.0,2.0,True
22001039,184,184,92.0,92.0,116.0,122.0,122.0,116.0,1.0,0.0,0.0,0.0,True
22001040,205,205,103.0,102.0,106.0,122.0,122.0,106.0,1.0,0.0,0.0,1.0,True
22001041,203,203,102.0,101.0,99.0,101.0,101.0,99.0,1.0,0.0,0.0,1.0,True
22001042,212,212,106.0,106.0,116.0,120.0,119.9999815434243,116.00007277963373,1.0,1.84565757024302e-05,-7.277963372587237e-05,0.0,True
22001043,197,197,99.0,98.0,116.0,128.0,128.0,116.0,1.0,0.0,0.0,1.0,True
22001044,199,199,99.0,100.0,94.0,102.0,102.0,94.0,1.0,0.0,0.0,1.0,True
22001045,181,181,91.0,90.0,105.0,98.0,98.0,105.0,1.0,0.0,0.0,1.0,True
22001046,203,203,102.0,101.0,122.0,124.0,124.00017309508372,122.00004864506859,1.0,-0.00017309508372420623,-4.864506858837103e-05,1.0,True
22001047,186,186,93.0,93.0,113.0,90.0,90.00001890967296,113.00012602628678,1.0,-1.890967295992141e-05,-0.00012602628677882421,0.0,True
22001048,216,216,108.0,108.0,142.0,133.0,133.0,142.0,1.0,0.0,0.0,0.0,True
22001049,194,194,98.0,96.0,93.0,116.0,116.0,93.0,1.0,0.0,0.0,2.0,True
22001050,178,178,89.0,89.0,94.0,106.0,106.0,94.0,1.0,0.0,0.0,0.0,True
22001051,197,197,98.0,99.0,102.0,114.0,114.0,102.0,1.0,0.0,0.0,1.0,True
22001052,197,197,99.0,98.0,114.0,103.0,103.0,114.0,1.0,0.0,0.0,1.0,True
22001053,196,196,98.0,98.0,117.0,118.0,118.00005793566437,116.99998552266204,1.0,-5.793566437262143e-05,1.447733795600925e-05,0.0,True
22001054,185,185,93.0,92.0,104.0,91.0,91.00005785530858,104.00004162402789,1.0,-5.785530858304355e-05,-4.162402788665531e-05,1.0,True
22001055,191,191,95.0,96.0,97.0,122.0,122.0,97.0,1.0,0.0,0.0,1.0,True
22001056,196,196,98.0,98.0,109.0,93.0,93.0,109.0,1.0,0.0,0.0,0.0,True
22001057,196,196,98.0,98.0,110.0,114.0,114.0,110.0,1.0,0.0,0.0,0.0,True
22001058,202,202,101.0,101.0,115.0,122.0,122.00000067125019,115.00001938789612,1.0,-6.712501914307722e-07,-1.9387896116995762e-05,0.0,True
22001059,208,208,104.0,104.0,122.0,125.0,125.0,122.0,1.0,0.0,0.0,0.0,True
22001060,188,188,93.0,95.0,91.0,105.0,105.0,91.0,1.0,0.0,0.0,2.0,True
22001061,201,201,101.0,100.0,122.0,115.0,115.00001845456318,122.00003682881224,1.0,-1.8454563175396288e-05,-3.6828812241651576e-05,1.0,True
22001062,199,199,100.0,99.0,108.0,122.0,122.0,108.0,1.0,0.0,0.0,1.0,True
22001063,205,205,103.0,102.0,124.0,108.0,107.99998107892606,124.00001901653867,1.0,1.8921073944966338e-05,-1.9016538672644856e-05,1.0,True
22001064,197,197,98.0,99.0,109.0,118.0,118.0,109.0,1.0,0.0,0.0,1.0,True
22001065,211,211,105.0,106.0,140.0,103.0,103.0,140.0,1.0,0.0,0.0,1.0,True
22001066,205,205,102.0,103.0,95.0,124.0,124.0,95.0,1.0,0.0,0.0,1.0,True
22001067,196,196,98.0,98.0,109.0,123.0,123.0,109.0,1.0,0.0,0.0,0.0,True
22001068,206,206,103.0,103.0,112.0,118.0,118.0,112.0,1.0,0.0,0.0,0.0,True
22001069,195,195,98.0,97.0,120.0,107.0,107.0,120.0,1.0,0.0,0.0,1.0,True
22001070,197,197,98.0,99.0,101.0,113.0,113.0,101.0,1.0,0.0,0.0,1.0,True
22001071,197,197,99.0,98.0,121.0,136.0,136.0,121.0,1.0,0.0,0.0,1.0,True
22001072,198,198,99.0,99.0,110.0,98.0,97.99998103347718,110.0000742361916,1.0,1.8966522816299403e-05,-7.423619159396821e-05,0.0,True
22001073,186,186,93.0,93.0,92.0,96.0,96.0,92.0,1.0,0.0,0.0,0.0,True
22001074,198,198,99.0,99.0,112.0,117.0,117.0,112.0,1.0,0.0,0.0,0.0,True
22001075,205,205,102.0,103.0,117.0,128.0,128.0,117.0,1.0,0.0,0.0,1.0,True
22001076,194,194,97.0,97.0,116.0,132.0,132.0,116.0,1.0,0.0,0.0,0.0,True
22001077,202,202,101.0,101.0,121.0,99.0,99.0,121.0,1.0,0.0,0.0,0.0,True
22001078,206,206,103.0,103.0,123.0,121.0,121.0,123.0,1.0,0.0,0.0,0.0,True
22001079,209,209,104.0,105.0,125.0,113.0,113.0,125.0,1.0,0.0,0.0,1.0,True
22001080,205,205,103.0,102.0,110.0,115.0,115.0,110.0,1.0,0.0,0.0,1.0,True
22100001,204,204,103.0,101.0,104.0,127.0,127.0,104.0,1.0,0.0,0.0,2.0,True
22100002,224,224,112.0,112.0,121.0,114.0,114.0,121.0,1.0,0.0,0.0,0.0,True
22100003,213,213,107.0,106.0,122.0,123.0,123.00002138385857,122.00002460454579,1.0,-2.138385856653713e-05,-2.4604545785678056e-05,1.0,True
22100004,196,196,98.0,98.0,94.0,88.0,88.00006478207048,94.00006610367528,1.0,-6.478207048132845e-05,-6.610367528026018e-05,0.0,True
22100005,248,248,124.0,124.0,134.0,138.0,138.00006849025445,133.9999886599527,1.0,-6.849025444921608e-05,1.1340047308294743e-05,0.0,True
22100006,213,213,106.0,107.0,98.0,83.0,83.0,98.0,1.0,0.0,0.0,1.0,True
22100007,206,206,103.0,103.0,121.0,132.0,132.0,121.0,1.0,0.0,0.0,0.0,True
22100008,214,214,107.0,107.0,106.0,124.0,124.0000596555646,106.00009212913798,1.0,-5.965556459841537e-05,-9.212913798251066e-05,0.0,True
22100009,197,197,98.0,99.0,117.0,97.0,97.0,117.0,1.0,0.0,0.0,1.0,True
22100010,190,190,95.0,95.0,97.0,123.0,123.0,97.0,1.0,0.0,0.0,0.0,True
22100011,190,190,95.0,95.0,86.0,107.0,107.0,86.0,1.0,0.0,0.0,0.0,True
22100012,199,199,99.0,100.0,110.0,98.0,98.00002125689834,110.00003231749749,1.0,-2.1256898335764163e-05,-3.231749748522361e-05,1.0,True
22100013,210,210,104.0,106.0,124.0,121.0,121.00001504691912,124.00005683781345,1.0,-1.504691911691225e-05,-5.683781344600902e-05,2.0,True
22100014,207,207,104.0,103.0,87.0,113.0,113.00005836545817,87.00002353868858,1.0,-5.836545817317074e-05,-2.3538688580515554e-05,1.0,True
22100015,212,212,105.0,107.0,95.0,137.0,137.0,95.0,1.0,0.0,0.0,2.0,True
22100016,206,206,104.0,102.0,113.0,115.0,114.99997935923815,113.00008066833743,1.0,2.0640761846379974e-05,-8.066833743214374e-05,2.0,True
22100017,208,208,104.0,104.0,123.0,112.0,112.0,123.0,1.0,0.0,0.0,0.0,True
22100018,196,196,98.0,98.0,121.0,96.0,96.0,121.0,1.0,0.0,0.0,0.0,True
22100019,207,207,104.0,103.0,134.0,135.0,135.00004294293254,134.00000400991834,1.0,-4.2942932537926026e-05,-4.009918342262608e-06,1.0,True
22100020,200,200,99.0,101.0,115.0,83.0,83.0,115.0,1.0,0.0,0.0,2.0,True
22100021,194,194,97.0,97.0,114.0,109.0,109.00005312523906,113.99999085888354,1.0,-5.3125239062978835e-05,9.141116464661536e-06,0.0,True
22100022,206,206,103.0,103.0,112.0,128.0,128.0,112.0,1.0,0.0,0.0,0.0,True
22100023,208,208,103.0,105.0,91.0,124.0,124.0,91.0,1.0,0.0,0.0,2.0,True
22100024,204,204,102.0,102.0,96.0,102.0,102.00006740040433,95.9999866605524,1.0,-6.740040433328431e-05,1.3339447605176247e-05,0.0,True
22100025,200,200,100.0,100.0,115.0,105.0,105.0,115.0,1.0,0.0,0.0,0.0,True
22100026,204,204,102.0,102.0,110.0,101.0,101.0,110.0,1.0,0.0,0.0,0.0,True
22100027,193,193,96.0,97.0,95.0,101.0,101.00004043465233,95.0000336556101,1.0,-4.043465233394272e-05,-3.365561009616158e-05,1.0,True
22100028,212,212,107.0,105.0,91.0,102.0,102.0,91.0,1.0,0.0,0.0,2.0,True
22100029,185,185,92.0,93.0,103.0,95.0,95.0,103.0,1.0,0.0,0.0,1.0,True
22100030,202,202,100.0,102.0,82.0,97.0,97.00001783806725,82.00008772747243,1.0,-1.7838067250863787e-05,-8.772747243313006e-05,2.0,True
22100031,209,209,104.0,105.0,89.0,96.0,96.0001314325977,89.00005630314931,1.0,-0.00013143259769776705,-5.630314930726854e-05,1.0,True
22100032,203,203,101.0,102.0,121.0,111.0,111.0000027894399,121.00004644872898,1.0,-2.789439903949642e-06,-4.6448728980408305e-05,1.0,True
22100033,204,204,102.0,102.0,105.0,134.0,134.0,105.0,1.0,0.0,0.0,0.0,True
22100034,194,194,97.0,97.0,120.0,114.0,114.0,120.0,1.0,0.0,0.0,0.0,True
22100035,203,203,101.0,102.0,111.0,95.0,95.0,111.0,1.0,0.0,0.0,1.0,True
22100036,205,205,102.0,103.0,110.0,104.0,104.0,110.0,1.0,0.0,0.0,1.0,True
22100037,198,198,99.0,99.0,107.0,97.0,97.0,107.0,1.0,0.0,0.0,0.0,True
22100038,193,193,96.0,97.0,115.0,103.0,103.0,115.0,1.0,0.0,0.0,1.0,True
22100039,200,200,100.0,100.0,119.0,107.0,107.0,119.0,1.0,0.0,0.0,0.0,True
22100040,202,202,101.0,101.0,118.0,121.0,121.0000743578455,117.99997818636955,1.0,-7.435784550580138e-05,2.1813630453948463e-05,0.0,True
22100041,228,228,115.0,113.0,140.0,129.0,129.00001923880217,140.00002681923672,1.0,-1.9238802167365066e-05,-2.6819236722985806e-05,2.0,True
22100042,210,210,105.0,105.0,119.0,109.0,109.0,119.0,1.0,0.0,0.0,0.0,True
22100043,205,205,102.0,103.0,104.0,122.0,122.00004450765572,104.00010055347232,1.0,-4.4507655715619876e-05,-0.00010055347232196254,1.0,True
22100044,206,206,104.0,102.0,90.0,104.0,104.0,90.0,1.0,0.0,0.0,2.0,True
22100045,194,194,97.0,97.0,90.0,107.0,107.0,90.0,1.0,0.0,0.0,0.0,True
22100046,194,194,96.0,98.0,111.0,108.0,108.0,111.0,1.0,0.0,0.0,2.0,True
22100047,201,201,101.0,100.0,107.0,98.0,98.0001654229138,107.00011895233487,1.0,-0.00016542291379550988,-0.00011895233487280166,1.0,True
22100048,194,194,96.0,98.0,99.0,87.0,87.00005239637353,99.00004588863528,1.0,-5.239637353326998e-05,-4.5888635284541124e-05,2.0,True
22100049,227,227,113.0,114.0,86.0,116.0,116.0,86.0,1.0,0.0,0.0,1.0,True
22100050,185,185,92.0,93.0,99.0,112.0,112.00002038976685,99.00005428131549,1.0,-2.038976684559657e-05,-5.428131548512738e-05,1.0,True
22100051,196,196,98.0,98.0,106.0,98.0,98.0,106.0,1.0,0.0,0.0,0.0,True
22100052,208,208,104.0,104.0,106.0,116.0,116.0,106.0,1.0,0.0,0.0,0.0,True
22100053,233,233,117.0,116.0,125.0,121.0,121.00003471186686,125.00000735347038,1.0,-3.471186685999328e-05,-7.353470380166982e-06,1.0,True
22100054,203,203,102.0,101.0,110.0,122.0,122.00004054712184,110.00004504026292,1.0,-4.0547121841427725e-05,-4.504026291840546e-05,1.0,True
22100055,201,201,101.0,100.0,120.0,111.0,111.0,120.0,1.0,0.0,0.0,1.0,True
22100056,199,199,100.0,99.0,116.0,107.0,107.0,116.0,1.0,0.0,0.0,1.0,True
22100057,203,203,102.0,101.0,106.0,93.0,93.0,106.0,1.0,0.0,0.0,1.0,True
22100058,191,191,96.0,95.0,100.0,118.0,118.2241100886805,99.77603483503727,1.0,-0.2241100886805043,0.22396516496273478,1.0,True
22100059,188,188,93.0,95.0,102.0,99.0,99.0,102.0,1.0,0.0,0.0,2.0,True
22100060,199,199,99.0,100.0,113.0,108.0,108.0,113.0,1.0,0.0,0.0,1.0,True
22100061,208,208,104.0,104.0,115.0,122.0,123.0,115.0,1.0,-1.0,0.0,0.0,False
22100062,201,201,100.0,101.0,110.0,107.0,107.0,110.0,1.0,0.0,0.0,1.0,True
22100063,197,197,99.0,98.0,96.0,116.0,116.0,96.0,1.0,0.0,0.0,1.0,True
22100064,191,191,96.0,95.0,92.0,79.0,79.0,92.0,1.0,0.0,0.0,1.0,True
22100065,197,197,99.0,98.0,102.0,110.0,110.0,102.0,1.0,0.0,0.0,1.0,True
22100066,199,199,99.0,100.0,111.0,122.0,122.0,111.0,1.0,0.0,0.0,1.0,True
22100067,187,187,94.0,93.0,104.0,103.0,103.0,104.0,1.0,0.0,0.0,1.0,True
22100068,206,206,103.0,103.0,122.0,91.0,91.0,122.0,1.0,0.0,0.0,0.0,True
22100069,192,192,96.0,96.0,99.0,104.0,104.00000322929313,99.00001113987825,1.0,-3.2292931280153425e-06,-1.1139878253629831e-05,0.0,True
22100070,216,216,108.0,108.0,104.0,101.0,101.0,104.0,1.0,0.0,0.0,0.0,True
22100071,186,186,94.0,92.0,109.0,110.0,110.0,109.0,1.0,0.0,0.0,2.0,True
22100072,203,203,102.0,101.0,98.0,105.0,105.09605260445457,97.90405294076841,1.0,-0.0960526044545702,0.09594705923159097,1.0,True
22100073,196,196,97.0,99.0,99.0,114.0,114.0,99.0,1.0,0.0,0.0,2.0,True
22100074,201,201,100.0,101.0,113.0,109.0,109.0,113.0,1.0,0.0,0.0,1.0,True
22100075,199,199,99.0,100.0,75.0,106.0,106.00008642858478,75.00001188234504,1.0,-8.64285847796964e-05,-1.188234503501917e-05,1.0,True
22100076,200,200,99.0,101.0,92.0,111.0,111.0,92.0,1.0,0.0,0.0,2.0,True
22100077,186,186,93.0,93.0,101.0,113.0,113.0,101.0,1.0,0.0,0.0,0.0,True
22100078,238,238,118.0,120.0,112.0,115.0,115.00007158279593,112.00005979583956,1.0,-7.158279592545114e-05,-5.979583956161605e-05,2.0,True
22100079,196,196,98.0,98.0,103.0,110.0,110.0,103.0,1.0,0.0,0.0,0.0,True
22100080,198,198,99.0,99.0,123.0,117.0,117.0,123.0,1.0,0.0,0.0,0.0,True
22100081,198,198,99.0,99.0,97.0,94.0,94.0,97.0,1.0,0.0,0.0,0.0,True
22100082,198,198,99.0,99.0,94.0,122.0,121.99995359482836,94.00009634021148,1.0,4.640517164489211e-05,-9.634021148485772e-05,0.0,True
22100083,206,206,103.0,103.0,99.0,107.0,107.0,99.0,1.0,0.0,0.0,0.0,True
22100084,199,199,99.0,100.0,129.0,103.0,103.0,129.0,1.0,0.0,0.0,1.0,True
22100085,214,214,107.0,107.0,102.0,93.0,93.00006731699776,101.99999973425777,1.0,-6.731699775741617e-05,2.6574222999897756e-07,0.0,True
22100086,202,202,102.0,100.0,82.0,103.0,103.00004007772687,81.99998948324942,1.0,-4.007772686520639e-05,1.0516750577949097e-05,2.0,True
22100087,193,193,97.0,96.0,93.0,91.0,91.00000819160665,93.00007282595077,1.0,-8.19160665344043e-06,-7.28259507667417e-05,1.0,True
22100088,204,204,102.0,102.0,92.0,101.0,101.0,92.0,1.0,0.0,0.0,0.0,True
22100089,193,193,97.0,96.0,99.0,105.0,105.0,99.0,1.0,0.0,0.0,1.0,True
22100090,192,192,96.0,96.0,113.0,125.0,125.0,113.0,1.0,0.0,0.0,0.0,True
22100091,184,184,92.0,92.0,107.0,95.0,95.0,107.0,1.0,0.0,0.0,0.0,True
22100092,191,191,95.0,96.0,91.0,117.0,116.99999448485895,91.00002987962522,1.0,5.515141054956985e-06,-2.987962521672216e-05,1.0,True
22100093,203,203,101.0,102.0,85.0,95.0,95.0,85.0,1.0,0.0,0.0,1.0,True
22100094,200,200,100.0,100.0,113.0,110.0,109.99999747723112,113.0000764629766,1.0,2.5227688809081883e-06,-7.646297659391621e-05,0.0,True
22100095,196,196,98.0,98.0,118.0,131.0,131.00008297639866,118.00001582341301,1.0,-8.297639865872952e-05,-1.582341300832013e-05,0.0,True
22100096,186,186,93.0,93.0,103.0,113.0,113.00010698235401,103.00001217625815,1.0,-0.00010698235401207512,-1.2176258152862829e-05,0.0,True
22100097,190,190,95.0,95.0,111.0,118.0,118.0,111.0,1.0,0.0,0.0,0.0,True
22100098,201,201,101.0,100.0,128.0,114.0,114.00000396852795,128.00003361645662,1.0,-3.968527948927658e-06,-3.3616456619256496e-05,1.0,True
22100099,194,194,97.0,97.0,113.0,104.0,104.0,113.0,1.0,0.0,0.0,0.0,True
22100100,196,196,98.0,98.0,97.0,106.0,106.00004876490677,97.0000044714881,1.0,-4.876490676508638e-05,-4.4714880971241655e-06,0.0,True
22100101,197,197,98.0,99.0,115.0,97.0,97.0,115.0,1.0,0.0,0.0,1.0,True
22100102,198,198,99.0,99.0,94.0,99.0,99.0,94.0,1.0,0.0,0.0,0.0,True
22100103,198,198,99.0,99.0,117.0,89.0,89.00003508654592,117.00005183480327,1.0,-3.508654592110361e-05,-5.183480327275447e-05,0.0,True
22100104,188,188,94.0,94.0,125.0,110.0,110.0,125.0,1.0,0.0,0.0,0.0,True
22100105,209,209,105.0,104.0,113.0,119.0,119.00001074565142,113.00003441549904,1.0,-1.0745651422894298e-05,-3.4415499044371245e-05,1.0,True
22100106,201,201,100.0,101.0,100.0,112.0,112.0,100.0,1.0,0.0,0.0,1.0,True
22100107,212,212,106.0,106.0,117.0,119.0,119.0,117.0,1.0,0.0,0.0,0.0,True
22100108,188,188,93.0,95.0,104.0,107.0,107.0,104.0,1.0,0.0,0.0,2.0,True
22100109,192,192,95.0,97.0,98.0,111.0,111.0,98.0,1.0,0.0,0.0,2.0,True
22100110,188,188,94.0,94.0,92.0,79.0,79.0,92.0,1.0,0.0,0.0,0.0,True
22100111,193,193,97.0,96.0,98.0,103.0,103.0,98.0,1.0,0.0,0.0,1.0,True
22100112,188,188,95.0,93.0,109.0,100.0,100.0,109.0,1.0,0.0,0.0,2.0,True
22100113,203,203,101.0,102.0,108.0,117.0,117.0,108.0,1.0,0.0,0.0,1.0,True
22100114,188,188,94.0,94.0,106.0,108.0,108.0000562243574,106.00005385504004,1.0,-5.622435739383036e-05,-5.385504003641017e-05,0.0,True
22100115,199,199,100.0,99.0,126.0,115.0,115.0,126.0,1.0,0.0,0.0,1.0,True
22100116,209,209,104.0,105.0,109.0,108.0,108.00011948440711,108.99997064463706,1.0,-0.00011948440710796149,2.9355362940464147e-05,1.0,True
22100117,206,206,103.0,103.0,92.0,114.0,114.0,92.0,1.0,0.0,0.0,0.0,True
22100118,190,190,96.0,94.0,99.0,112.0,112.0,99.0,1.0,0.0,0.0,2.0,True
22100119,183,183,91.0,92.0,109.0,98.0,98.0,109.0,1.0,0.0,0.0,1.0,True
22100120,186,186,93.0,93.0,116.0,98.0,98.0,116.0,1.0,0.0,0.0,0.0,True
22100121,178,178,89.0,89.0,95.0,78.0,78.0000305264954,95.00002766183795,1.0,-3.0526495393701225e-05,-2.766183794733479e-05,0.0,True
22100122,209,209,105.0,104.0,111.0,123.0,123.0,111.0,1.0,0.0,0.0,1.0,True
22100123,199,199,100.0,99.0,107.0,104.0,104.0,107.0,1.0,0.0,0.0,1.0,True
22100124,198,198,100.0,98.0,96.0,90.0,90.00003176243222,96.00001919268215,1.0,-3.176243221503228e-05,-1.919268214578551e-05,2.0,True
22100125,201,201,101.0,100.0,102.0,89.0,89.00002111590167,102.00000995344007,1.0,-2.111590167430677e-05,-9.953440070376018e-06,1.0,True
22100126,200,200,100.0,100.0,87.0,115.0,115.00000776860134,87.00002602613192,1.0,-7.768601335556014e-06,-2.6026131919820727e-05,0.0,True
22100127,180,180,90.0,90.0,102.0,101.0,101.0,102.0,1.0,0.0,0.0,0.0,True
22100128,196,196,97.0,99.0,113.0,98.0,97.99999917796117,113.00008975957326,1.0,8.220388281188207e-07,-8.975957325674244e-05,2.0,True
22100129,207,207,103.0,104.0,104.0,84.0,84.0,104.0,1.0,0.0,0.0,1.0,True
22100130,195,195,97.0,98.0,85.0,126.0,126.0,85.0,1.0,0.0,0.0,1.0,True
22100131,192,192,96.0,96.0,106.0,110.0,110.0,106.0,1.0,0.0,0.0,0.0,True
22100132,205,205,103.0,102.0,110.0,140.0,140.0,110.0,1.0,0.0,0.0,1.0,True
22100133,194,194,98.0,96.0,94.0,95.0,95.00002971677928,94.00005762298824,1.0,-2.9716779280875016e-05,-5.762298823697165e-05,2.0,True
22100134,181,181,90.0,91.0,115.0,118.0,118.00004230773345,115.00002875351093,1.0,-4.230773345170746e-05,-2.875351093223344e-05,1.0,True
22100135,189,189,94.0,95.0,114.0,105.0,105.0,114.0,1.0,0.0,0.0,1.0,True
22100136,184,184,92.0,92.0,104.0,107.0,107.00003597332302,103.99998964066805,1.0,-3.597332302263112e-05,1.0359331952258799e-05,0.0,True
22100137,209,209,105.0,104.0,117.0,121.0,121.0,117.0,1.0,0.0,0.0,1.0,True
22100138,214,214,107.0,107.0,90.0,105.0,105.0,90.0,1.0,0.0,0.0,0.0,True
22100139,187,187,93.0,94.0,116.0,103.0,103.0,116.0,1.0,0.0,0.0,1.0,True
22100140,196,196,98.0,98.0,126.0,109.0,109.0,126.0,1.0,0.0,0.0,0.0,True
22100141,193,193,96.0,97.0,100.0,107.0,107.0,100.0,1.0,0.0,0.0,1.0,True
22100142,198,198,99.0,99.0,94.0,101.0,101.00006194524434,94.00002097361585,1.0,-6.194524434022242e-05,-2.0973615846742177e-05,0.0,True
22100143,188,188,93.0,95.0,94.0,91.0,91.00006865715275,94.00001065567912,1.0,-6.865715275239381e-05,-1.0655679119508932e-05,2.0,True
22100144,203,203,101.0,102.0,94.0,99.0,99.00002818170329,94.00004444734166,1.0,-2.8181703285667936e-05,-4.44473416649771e-05,1.0,True
22100145,205,205,102.0,103.0,107.0,120.0,120.0,107.0,1.0,0.0,0.0,1.0,True
22100146,206,206,102.0,104.0,106.0,120.0,120.0,106.0,1.0,0.0,0.0,2.0,True
22100147,189,189,95.0,94.0,103.0,96.0,96.0,103.0,1.0,0.0,0.0,1.0,True
22100148,200,200,100.0,100.0,95.0,118.0,118.0,95.0,1.0,0.0,0.0,0.0,True
22100149,208,208,104.0,104.0,118.0,125.0,125.0,118.0,1.0,0.0,0.0,0.0,True
22100150,186,186,93.0,93.0,92.0,108.0,108.0,92.0,1.0,0.0,0.0,0.0,True
22100151,185,185,92.0,93.0,96.0,113.0,113.00001778366573,96.00002762034019,1.0,-1.7783665725801256e-05,-2.7620340190992465e-05,1.0,True
22100152,205,205,103.0,102.0,113.0,127.0,127.0,113.0,1.0,0.0,0.0,1.0,True
22100153,209,209,105.0,104.0,109.0,104.0,104.0,109.0,1.0,0.0,0.0,1.0,True
22100154,224,224,111.0,113.0,123.0,126.0,126.0,123.0,1.0,0.0,0.0,2.0,True
22100155,198,198,100.0,98.0,118.0,109.0,109.0,118.0,1.0,0.0,0.0,2.0,True
22100156,183,183,92.0,91.0,98.0,110.0,110.0,98.0,1.0,0.0,0.0,1.0,True
22100157,191,191,95.0,96.0,109.0,117.0,117.0,109.0,1.0,0.0,0.0,1.0,True
22100158,184,184,91.0,93.0,97.0,94.0,94.0,97.0,1.0,0.0,0.0,2.0,True
22100159,208,208,104.0,104.0,123.0,90.0,90.0,123.0,1.0,0.0,0.0,0.0,True
22100160,193,193,97.0,96.0,88.0,104.0,104.0,88.0,1.0,0.0,0.0,1.0,True
22100161,186,186,92.0,94.0,112.0,100.0,100.0,112.0,1.0,0.0,0.0,2.0,True
22100162,198,198,99.0,99.0,112.0,104.0,104.0,112.0,1.0,0.0,0.0,0.0,True
22100163,196,196,98.0,98.0,107.0,117.0,117.0,107.0,1.0,0.0,0.0,0.0,True
22100164,210,210,105.0,105.0,118.0,108.0,108.0,118.0,1.0,0.0,0.0,0.0,True
22100165,197,197,98.0,99.0,108.0,100.0,100.0,108.0,1.0,0.0,0.0,1.0,True
22100166,203,203,102.0,101.0,117.0,136.0,136.00000550365644,117.00001736997538,1.0,-5.503656439032056e-06,-1.7369975381598124e-05,1.0,True
22100167,181,181,91.0,90.0,98.0,101.0,101.00002183491814,98.00008488617897,1.0,-2.183491814378158e-05,-8.488617896773576e-05,1.0,True
22100168,195,195,98.0,97.0,109.0,119.0,119.00001428619828,108.99999224621124,1.0,-1.4286198279478413e-05,7.75378876483046e-06,1.0,True
22100169,199,199,99.0,100.0,110.0,123.0,123.0,110.0,1.0,0.0,0.0,1.0,True
22100170,223,223,111.0,112.0,117.0,120.0,120.0,117.0,1.0,0.0,0.0,1.0,True
22100171,192,192,97.0,95.0,115.0,109.0,109.0,115.0,1.0,0.0,0.0,2.0,True
22100172,197,197,99.0,98.0,111.0,100.0,100.0,111.0,1.0,0.0,0.0,1.0,True
22100173,196,196,97.0,99.0,109.0,112.0,112.0,109.0,1.0,0.0,0.0,2.0,True
22100174,200,200,100.0,100.0,96.0,104.0,104.00003258373411,96.00004607982899,1.0,-3.258373411085813e-05,-4.607982899074159e-05,0.0,True
22100175,205,205,102.0,103.0,113.0,122.0,122.0000356466519,113.00001088171278,1.0,-3.564665189514926e-05,-1.0881712782406794e-05,1.0,True
22100176,191,191,95.0,96.0,78.0,98.0,98.0,78.0,1.0,0.0,0.0,1.0,True
22100177,198,198,99.0,99.0,104.0,92.0,92.0,104.0,1.0,0.0,0.0,0.0,True
22100178,208,208,104.0,104.0,119.0,94.0,94.0,119.0,1.0,0.0,0.0,0.0,True
22100179,191,191,96.0,95.0,120.0,112.0,112.0,120.0,1.0,0.0,0.0,1.0,True
22100180,196,196,98.0,98.0,103.0,105.0,105.0,103.0,1.0,0.0,0.0,0.0,True
22100181,199,199,100.0,99.0,123.0,109.0,109.0,123.0,1.0,0.0,0.0,1.0,True
22100182,186,186,93.0,93.0,96.0,105.0,105.0000106524741,96.000011133871,1.0,-1.0652474102812448e-05,-1.1133870998492057e-05,0.0,True
22100183,201,201,100.0,101.0,93.0,119.0,119.0,93.0,1.0,0.0,0.0,1.0,True
22100184,192,192,97.0,95.0,107.0,83.0,83.0,107.0,1.0,0.0,0.0,2.0,True
22100185,194,194,97.0,97.0,111.0,105.0,105.0,111.0,1.0,0.0,0.0,0.0,True
22100186,189,189,95.0,94.0,113.0,118.0,118.0,113.0,1.0,0.0,0.0,1.0,True
22100187,191,191,95.0,96.0,104.0,92.0,92.0,104.0,1.0,0.0,0.0,1.0,True
22100188,182,182,91.0,91.0,101.0,112.0,112.0,101.0,1.0,0.0,0.0,0.0,True
22100189,192,192,95.0,97.0,127.0,121.0,121.0,127.0,1.0,0.0,0.0,2.0,True
22100190,189,189,95.0,94.0,89.0,91.0,91.0,89.0,1.0,0.0,0.0,1.0,True
22100191,206,206,103.0,103.0,102.0,129.0,129.0,102.0,1.0,0.0,0.0,0.0,True
22100192,194,194,96.0,98.0,106.0,114.0,114.0,106.0,1.0,0.0,0.0,2.0,True
22100193,194,194,97.0,97.0,100.0,120.0,120.00012324803295,100.00006304640661,1.0,-0.00012324803294916364,-6.304640660914629e-05,0.0,True
22100194,200,200,100.0,100.0,102.0,106.0,106.00000677102943,102.00003667576478,1.0,-6.77102943313912e-06,-3.667576477539569e-05,0.0,True
22100195,203,203,102.0,101.0,115.0,89.0,89.0,115.0,1.0,0.0,0.0,1.0,True
22100196,196,196,98.0,98.0,120.0,96.0,96.0,120.0,1.0,0.0,0.0,0.0,True
22100197,180,180,90.0,90.0,95.0,124.0,124.0000496792169,95.00000242852099,1.0,-4.967921690024468e-05,-2.428520986086369e-06,0.0,True
22100198,198,198,99.0,99.0,100.0,90.0,90.0,100.0,1.0,0.0,0.0,0.0,True
22100199,192,192,96.0,96.0,98.0,92.0,92.0,98.0,1.0,0.0,0.0,0.0,True
22100200,204,204,101.0,103.0,129.0,107.0,107.0001440482196,128.99998986880763,1.0,-0.00014404821959601577,1.0131192368589836e-05,2.0,True
22100201,186,186,93.0,93.0,100.0,105.0,105.0,100.0,1.0,0.0,0.0,0.0,True
22100202,200,200,100.0,100.0,111.0,129.0,129.00010749316922,110.99996146475522,1.0,-0.00010749316922442631,3.8535244783588496e-05,0.0,True
22100203,178,178,89.0,89.0,84.0,92.0,92.0,84.0,1.0,0.0,0.0,0.0,True
22100204,184,184,92.0,92.0,101.0,111.0,111.00004748668972,100.9999738786487,1.0,-4.748668972354153e-05,2.6121351297092588e-05,0.0,True
22100205,211,211,106.0,105.0,102.0,136.0,136.0,102.0,1.0,0.0,0.0,1.0,True
22100206,204,204,102.0,102.0,99.0,96.0,96.00004478193046,99.00001842590494,1.0,-4.4781930455428665e-05,-1.8425904940500004e-05,0.0,True
22100207,194,194,97.0,97.0,103.0,90.0,90.0,103.0,1.0,0.0,0.0,0.0,True
22100208,185,185,93.0,92.0,113.0,118.0,118.0,113.0,1.0,0.0,0.0,1.0,True
22100209,207,207,104.0,103.0,121.0,103.0,103.0,121.0,1.0,0.0,0.0,1.0,True
22100210,206,206,104.0,102.0,117.0,99.0,99.0,117.0,1.0,0.0,0.0,2.0,True
22100211,197,197,98.0,99.0,85.0,120.0,120.0,85.0,1.0,0.0,0.0,1.0,True
22100212,215,215,107.0,108.0,92.0,106.0,106.00000915808842,92.0000156564055,1.0,-9.158088417393628e-06,-1.5656405494723913e-05,1.0,True
22100213,186,186,93.0,93.0,87.0,97.0,97.0,87.0,1.0,0.0,0.0,0.0,True
22100214,192,192,96.0,96.0,89.0,97.0,97.00008160584169,89.0000982017539,1.0,-8.160584168592777e-05,-9.820175390018449e-05,0.0,True
22100215,190,190,95.0,95.0,99.0,110.0,110.0,99.0,1.0,0.0,0.0,0.0,True
22100216,198,198,100.0,98.0,99.0,109.0,109.0,99.0,1.0,0.0,0.0,2.0,True
22100217,189,189,94.0,95.0,98.0,113.0,113.0,98.0,1.0,0.0,0.0,1.0,True
22100218,197,197,99.0,98.0,104.0,98.0,98.0,104.0,1.0,0.0,0.0,1.0,True
22100219,205,205,102.0,103.0,102.0,109.0,109.0,102.0,1.0,0.0,0.0,1.0,True
22100220,189,189,94.0,95.0,97.0,107.0,107.0,97.0,1.0,0.0,0.0,1.0,True
22100221,202,202,100.0,102.0,89.0,101.0,101.0,89.0,1.0,0.0,0.0,2.0,True
22100222,189,189,95.0,94.0,98.0,105.0,105.0,98.0,1.0,0.0,0.0,1.0,True
22100223,194,194,96.0,98.0,107.0,112.0,112.0,107.0,1.0,0.0,0.0,2.0,True
22100224,181,181,90.0,91.0,104.0,89.0,89.0,104.0,1.0,0.0,0.0,1.0,True
22100225,187,187,93.0,94.0,97.0,112.0,112.0,97.0,1.0,0.0,0.0,1.0,True
22100226,191,191,95.0,96.0,108.0,120.0,120.0,108.0,1.0,0.0,0.0,1.0,True
22100227,187,187,93.0,94.0,90.0,115.0,115.00010149971449,89.99997709885926,1.0,-0.00010149971448925044,2.2901140738440517e-05,1.0,True
22100228,185,185,93.0,92.0,103.0,89.0,89.00004313075382,103.000054753372,1.0,-4.313075382356146e-05,-5.475337199811747e-05,1.0,True
22100229,194,194,97.0,97.0,103.0,119.0,119.0,103.0,1.0,0.0,0.0,0.0,True
22100230,208,208,104.0,104.0,118.0,121.0,121.0,118.0,1.0,0.0,0.0,0.0,True
22100231,185,185,92.0,93.0,105.0,102.0,102.00007085434632,105.00008049206711,1.0,-7.085434631903809e-05,-8.04920671129139e-05,1.0,True
22100232,198,198,99.0,99.0,108.0,130.0,130.0,108.0,1.0,0.0,0.0,0.0,True
22100233,193,193,97.0,96.0,113.0,115.0,115.00008624440484,113.00000318272697,1.0,-8.624440484084062e-05,-3.182726970862859e-06,1.0,True
22100234,195,195,97.0,98.0,89.0,96.0,96.0,89.0,1.0,0.0,0.0,1.0,True
22100235,187,187,93.0,94.0,81.0,94.0,94.0,81.0,1.0,0.0,0.0,1.0,True
22100236,192,192,96.0,96.0,114.0,108.0,108.00002766205893,114.00005282354363,1.0,-2.766205892612561e-05,-5.282354362634578e-05,0.0,True
22100237,199,199,100.0,99.0,104.0,112.0,112.0,104.0,1.0,0.0,0.0,1.0,True
22100238,189,189,95.0,94.0,108.0,89.0,89.0,108.0,1.0,0.0,0.0,1.0,True
22100239,200,200,101.0,99.0,99.0,106.0,106.0,99.0,1.0,0.0,0.0,2.0,True
22100240,204,204,102.0,102.0,94.0,111.0,111.0,94.0,1.0,0.0,0.0,0.0,True
22100241,183,183,92.0,91.0,100.0,103.0,103.0,100.0,1.0,0.0,0.0,1.0,True
22100242,196,196,97.0,99.0,105.0,115.0,115.0,105.0,1.0,0.0,0.0,2.0,True
22100243,187,187,94.0,93.0,105.0,111.0,111.0,105.0,1.0,0.0,0.0,1.0,True
22100244,208,208,104.0,104.0,108.0,117.0,117.0,108.0,1.0,0.0,0.0,0.0,True
22100245,195,195,97.0,98.0,95.0,138.0,138.0,95.0,1.0,0.0,0.0,1.0,True
22100246,191,191,95.0,96.0,111.0,118.0,118.0,111.0,1.0,0.0,0.0,1.0,True
22100247,194,194,98.0,96.0,123.0,105.0,105.0,123.0,1.0,0.0,0.0,2.0,True
22100248,182,182,91.0,91.0,91.0,97.0,97.0,91.0,1.0,0.0,0.0,0.0,True
22100249,207,207,103.0,104.0,121.0,116.0,115.9999447629609,121.00010599861693,1.0,5.5237039106259544e-05,-0.00010599861693094681,1.0,True
22100250,187,187,94.0,93.0,103.0,109.0,109.0,103.0,1.0,0.0,0.0,1.0,True
22100251,197,197,99.0,98.0,97.0,126.0,126.00007894969757,97.0000185254957,1.0,-7.89496975670545e-05,-1.8525495704579953e-05,1.0,True
22100252,192,192,95.0,97.0,104.0,119.0,119.0,104.0,1.0,0.0,0.0,2.0,True
22100253,206,206,102.0,104.0,117.0,112.0,112.00007967814484,117.00006542327428,1.0,-7.967814484288738e-05,-6.542327427894179e-05,2.0,True
22100254,205,205,102.0,103.0,109.0,103.0,103.0,109.0,1.0,0.0,0.0,1.0,True
22100255,186,186,93.0,93.0,101.0,113.0,113.0,101.0,1.0,0.0,0.0,0.0,True
22100256,206,206,104.0,102.0,90.0,108.0,108.00000561157808,90.00006705324664,1.0,-5.611578075104262e-06,-6.705324663869305e-05,2.0,True
22100257,189,189,95.0,94.0,109.0,77.0,77.0,109.0,1.0,0.0,0.0,1.0,True
22100258,196,196,98.0,98.0,92.0,123.0,123.0,92.0,1.0,0.0,0.0,0.0,True
22100259,197,197,99.0,98.0,110.0,96.0,96.0,110.0,1.0,0.0,0.0,1.0,True
22100260,200,200,101.0,99.0,115.0,111.0,111.00003003095651,115.00000251432554,1.0,-3.0030956509108364e-05,-2.514325544211715e-06,2.0,True
22100261,197,197,98.0,99.0,119.0,118.0,118.0,119.0,1.0,0.0,0.0,1.0,True
22100262,184,184,91.0,93.0,102.0,94.0,94.0,102.0,1.0,0.0,0.0,2.0,True
22100263,186,186,93.0,93.0,100.0,92.0,92.00000315714463,100.00005532630203,1.0,-3.1571446328371167e-06,-5.532630203219924e-05,0.0,True
22100264,198,198,98.0,100.0,100.0,106.0,106.0,100.0,1.0,0.0,0.0,2.0,True
22100265,185,185,92.0,93.0,100.0,119.0,119.0000507488597,99.99999238839443,1.0,-5.074885970657306e-05,7.6116055680586214e-06,1.0,True
22100266,198,198,99.0,99.0,112.0,104.0,103.85789102620444,112.14228209830611,1.0,0.1421089737955583,-0.1422820983061115,0.0,True
22100267,204,204,102.0,102.0,120.0,115.0,115.00009722333246,120.00002278476106,1.0,-9.722333246031667e-05,-2.278476105743721e-05,0.0,True
22100268,219,219,111.0,108.0,124.0,116.0,116.0,124.0,1.0,0.0,0.0,3.0,True
22100269,196,196,97.0,99.0,106.0,99.0,99.0,106.0,1.0,0.0,0.0,2.0,True
22100270,194,194,96.0,98.0,123.0,104.0,104.0,123.0,1.0,0.0,0.0,2.0,True
22100271,213,213,106.0,107.0,113.0,118.0,118.0,113.0,1.0,0.0,0.0,1.0,True
22100272,189,189,95.0,94.0,126.0,113.0,113.0,126.0,1.0,0.0,0.0,1.0,True
22100273,201,201,101.0,100.0,93.0,114.0,114.00003998892419,93.00000851890088,1.0,-3.9988924186218355e-05,-8.518900884268987e-06,1.0,True
22100274,205,205,103.0,102.0,101.0,113.0,113.00008639356278,101.0000248385815,1.0,-8.63935627819501e-05,-2.483858149560092e-05,1.0,True
22100275,212,212,105.0,107.0,102.0,127.0,127.0,102.0,1.0,0.0,0.0,2.0,True
22100276,197,197,98.0,99.0,110.0,104.0,104.0,110.0,1.0,0.0,0.0,1.0,True
22100277,197,197,99.0,98.0,124.0,106.0,106.0,124.0,1.0,0.0,0.0,1.0,True
22100278,200,200,100.0,100.0,96.0,116.0,116.0,96.0,1.0,0.0,0.0,0.0,True
22100279,200,200,101.0,99.0,121.0,125.0,125.00000903410137,121.00003292006973,1.0,-9.034101367433323e-06,-3.2920069727992995e-05,2.0,True
22100280,204,204,102.0,102.0,96.0,107.0,107.00002335287624,95.99999342596657,1.0,-2.335287624077864e-05,6.574033434958437e-06,0.0,True
22100281,205,205,102.0,103.0,115.0,133.0,133.0,115.0,1.0,0.0,0.0,1.0,True
22100282,193,193,96.0,97.0,118.0,97.0,97.0,118.0,1.0,0.0,0.0,1.0,True
22100283,195,195,98.0,97.0,123.0,88.0,88.00003576963769,123.0000596979967,1.0,-3.57696376909189e-05,-5.969799670424436e-05,1.0,True
22100284,189,189,94.0,95.0,97.0,114.0,114.0,97.0,1.0,0.0,0.0,1.0,True
22100285,200,200,100.0,100.0,132.0,100.0,100.0,132.0,1.0,0.0,0.0,0.0,True
22100286,191,191,95.0,96.0,101.0,99.0,99.0,101.0,1.0,0.0,0.0,1.0,True
22100287,189,189,94.0,95.0,88.0,96.0,96.00002603769221,88.0000479717056,1.0,-2.6037692208547014e-05,-4.797170559811548e-05,1.0,True
22100288,190,190,95.0,95.0,120.0,109.0,109.00000242114794,120.00001379171162,1.0,-2.421147939912771e-06,-1.3791711623412084e-05,0.0,True
22100289,191,191,96.0,95.0,98.0,97.0,97.0,98.0,1.0,0.0,0.0,1.0,True
22100290,195,195,98.0,97.0,103.0,118.0,118.00002744080258,103.0000282454539,1.0,-2.7440802583100776e-05,-2.8245453904673923e-05,1.0,True
22100291,247,247,123.0,124.0,141.0,137.0,136.99999846575625,141.00005524375058,1.0,1.5342437507115392e-06,-5.524375058030273e-05,1.0,True
22100292,223,223,112.0,111.0,121.0,120.0,120.0,121.0,1.0,0.0,0.0,1.0,True
22100293,184,184,92.0,92.0,99.0,90.0,90.0,99.0,1.0,0.0,0.0,0.0,True
22100294,203,203,102.0,101.0,113.0,107.0,107.0,113.0,1.0,0.0,0.0,1.0,True
22100295,193,193,96.0,97.0,92.0,105.0,105.0,92.0,1.0,0.0,0.0,1.0,True
22100296,193,193,96.0,97.0,107.0,104.0,103.99999456880829,107.00006980300749,1.0,5.431191709703853e-06,-6.980300749148682e-05,1.0,True
22100297,216,216,108.0,108.0,143.0,146.0,146.0,143.0,1.0,0.0,0.0,0.0,True
22100298,189,189,95.0,94.0,120.0,114.0,114.0,120.0,1.0,0.0,0.0,1.0,True
22100299,200,200,100.0,100.0,105.0,127.0,127.0,105.0,1.0,0.0,0.0,0.0,True
22100300,199,199,100.0,99.0,105.0,90.0,90.0,105.0,1.0,0.0,0.0,1.0,True
22100301,199,199,100.0,99.0,118.0,100.0,100.0,118.0,1.0,0.0,0.0,1.0,True
22100302,194,194,98.0,96.0,109.0,97.0,97.0,109.0,1.0,0.0,0.0,2.0,True
22100303,212,212,106.0,106.0,101.0,128.0,128.0,101.0,1.0,0.0,0.0,0.0,True
22100304,206,206,104.0,102.0,106.0,110.0,110.00000044661776,106.00005773029214,1.0,-4.466177614403932e-07,-5.773029214140024e-05,2.0,True
22100305,203,203,102.0,101.0,96.0,101.0,101.0,96.0,1.0,0.0,0.0,1.0,True
22100306,184,184,91.0,93.0,120.0,111.0,111.00006643636975,120.00004335832305,1.0,-6.643636974956735e-05,-4.335832305457643e-05,2.0,True
22100307,199,199,99.0,100.0,119.0,133.0,133.0,119.0,1.0,0.0,0.0,1.0,True
22100308,203,203,102.0,101.0,89.0,102.0,102.0,89.0,1.0,0.0,0.0,1.0,True
22100309,197,197,99.0,98.0,98.0,100.0,100.00006854423575,98.00000484546294,1.0,-6.854423574509383e-05,-4.8454629393290816e-06,1.0,True
22100310,197,197,99.0,98.0,114.0,96.0,96.0,114.0,1.0,0.0,0.0,1.0,True
22100311,179,179,90.0,89.0,99.0,116.0,116.0,99.0,1.0,0.0,0.0,1.0,True
22100312,188,188,94.0,94.0,107.0,129.0,129.0,107.0,1.0,0.0,0.0,0.0,True
22100313,182,182,91.0,91.0,123.0,104.0,104.0,123.0,1.0,0.0,0.0,0.0,True
22100314,187,187,94.0,93.0,110.0,112.0,112.0,110.0,1.0,0.0,0.0,1.0,True
22100315,198,198,99.0,99.0,98.0,91.0,91.0,98.0,1.0,0.0,0.0,0.0,True
22100316,190,190,95.0,95.0,96.0,104.0,103.99995484355676,96.00009624044598,1.0,4.515644323532797e-05,-9.624044598410819e-05,0.0,True
22100317,196,196,98.0,98.0,92.0,110.0,109.99999024926046,92.0000287275822,1.0,9.750739536684705e-06,-2.8727582204624014e-05,0.0,True
22100318,196,196,98.0,98.0,117.0,92.0,92.0,117.0,1.0,0.0,0.0,0.0,True
22100319,194,194,97.0,97.0,114.0,111.0,111.00005033168003,114.00002296835068,1.0,-5.0331680029103154e-05,-2.2968350677388116e-05,0.0,True
22100320,197,197,98.0,99.0,103.0,108.0,108.00002035553703,103.00004689499671,1.0,-2.035553703194637e-05,-4.689499671428621e-05,1.0,True
22100321,197,197,98.0,99.0,107.0,115.0,115.0,107.0,1.0,0.0,0.0,1.0,True
22100322,185,185,92.0,93.0,87.0,88.0,88.00003162205178,87.00001146184637,1.0,-3.16220517788679e-05,-1.1461846369797968e-05,1.0,True
22100323,184,184,93.0,91.0,111.0,85.0,85.0,111.0,1.0,0.0,0.0,2.0,True
22100324,213,213,107.0,106.0,125.0,127.0,127.0,125.0,1.0,0.0,0.0,1.0,True
22100325,188,188,94.0,94.0,139.0,107.0,107.0,139.0,1.0,0.0,0.0,0.0,True
22100326,195,195,98.0,97.0,114.0,110.0,110.00003174620151,114.00006016142015,1.0,-3.1746201514692984e-05,-6.016142015141668e-05,1.0,True
22100327,199,199,100.0,99.0,124.0,115.0,115.0,124.0,1.0,0.0,0.0,1.0,True
22100328,201,201,100.0,101.0,119.0,115.0,115.0,119.0,1.0,0.0,0.0,1.0,True
22100329,179,179,90.0,89.0,93.0,97.0,97.0,93.0,1.0,0.0,0.0,1.0,True
22100330,196,196,98.0,98.0,79.0,152.0,152.0,79.0,1.0,0.0,0.0,0.0,True
22100331,193,193,96.0,97.0,103.0,114.0,114.00002389256744,103.00006591999527,1.0,-2.3892567440952917e-05,-6.591999526506243e-05,1.0,True
22100332,200,200,100.0,100.0,113.0,83.0,83.00001272110492,114.00001272067105,1.0,-1.2721104923230087e-05,-1.0000127206710516,0.0,False
22100333,177,177,88.0,89.0,113.0,104.0,104.0,113.0,1.0,0.0,0.0,1.0,True
22100334,189,189,95.0,94.0,116.0,101.0,101.00001468567369,116.00001602993534,1.0,-1.468567369045104e-05,-1.6029935338224277e-05,1.0,True
22100335,181,181,90.0,91.0,98.0,96.0,96.0,98.0,1.0,0.0,0.0,1.0,True
22100336,206,206,102.0,104.0,105.0,110.0,110.0,105.0,1.0,0.0,0.0,2.0,True
22100337,199,199,100.0,99.0,116.0,118.0,118.0,116.0,1.0,0.0,0.0,1.0,True
22100338,195,195,97.0,98.0,107.0,91.0,91.0,107.0,1.0,0.0,0.0,1.0,True
22100339,199,199,100.0,99.0,130.0,137.0,137.0,130.0,1.0,0.0,0.0,1.0,True
22100340,195,195,98.0,97.0,96.0,118.0,118.0,96.0,1.0,0.0,0.0,1.0,True
22100341,186,186,93.0,93.0,119.0,115.0,115.0,119.0,1.0,0.0,0.0,0.0,True
22100342,178,178,89.0,89.0,113.0,99.0,99.00008036390298,113.0000605043694,1.0,-8.036390298116203e-05,-6.0504369400860014e-05,0.0,True
22100343,197,197,98.0,99.0,111.0,107.0,107.0,111.0,1.0,0.0,0.0,1.0,True
22100344,195,195,97.0,98.0,102.0,124.0,124.0000027250072,102.00002981841928,1.0,-2.72500720654989e-06,-2.9818419278626607e-05,1.0,True
22100345,190,190,95.0,95.0,97.0,90.0,90.0,97.0,1.0,0.0,0.0,0.0,True
22100346,198,198,99.0,99.0,112.0,107.0,107.00007370201993,112.00005429188221,1.0,-7.370201993239789e-05,-5.42918822077354e-05,0.0,True
22100347,193,193,97.0,96.0,145.0,116.0,117.0,145.0,1.0,-1.0,0.0,1.0,False
22100348,203,203,101.0,102.0,99.0,104.0,104.00002130603838,99.00001586278496,1.0,-2.1306038377133518e-05,-1.5862784962905607e-05,1.0,True
22100349,188,188,94.0,94.0,109.0,108.0,108.0,109.0,1.0,0.0,0.0,0.0,True
22100350,197,197,98.0,99.0,130.0,127.0,127.0,130.0,1.0,0.0,0.0,1.0,True
22100351,184,184,92.0,92.0,90.0,102.0,102.0,90.0,1.0,0.0,0.0,0.0,True
22100352,183,183,91.0,92.0,108.0,118.0,118.0,108.0,1.0,0.0,0.0,1.0,True
22100353,204,204,102.0,102.0,127.0,124.0,124.00008765794918,127.00008329219281,1.0,-8.765794918019765e-05,-8.329219281222322e-05,0.0,True
22100354,198,198,99.0,99.0,114.0,103.0,103.0,114.0,1.0,0.0,0.0,0.0,True
22100355,180,180,90.0,90.0,110.0,116.0,116.0,110.0,1.0,0.0,0.0,0.0,True
22100356,194,194,97.0,97.0,105.0,90.0,90.0,105.0,1.0,0.0,0.0,0.0,True
22100357,194,194,97.0,97.0,97.0,109.0,109.00003710534074,97.00004304666437,1.0,-3.710534073775307e-05,-4.3046664373491694e-05,0.0,True
22100358,201,201,100.0,101.0,104.0,112.0,112.0,104.0,1.0,0.0,0.0,1.0,True
22100359,196,196,98.0,98.0,121.0,110.0,110.0,121.0,1.0,0.0,0.0,0.0,True
22100360,202,202,101.0,101.0,104.0,108.0,108.00004035574541,104.00005487524207,1.0,-4.035574541205733e-05,-5.487524207126171e-05,0.0,True
22100361,203,203,101.0,102.0,95.0,126.0,126.00002140895313,95.00003545092147,1.0,-2.1408953131185626e-05,-3.545092147305695e-05,1.0,True
22100362,197,197,99.0,98.0,102.0,90.0,90.0,102.0,1.0,0.0,0.0,1.0,True
22100363,184,184,92.0,92.0,102.0,99.0,99.0,102.0,1.0,0.0,0.0,0.0,True
22100364,191,191,95.0,96.0,121.0,109.0,109.00000666526296,121.00004395643906,1.0,-6.665262958449603e-06,-4.395643905752422e-05,1.0,True
22100365,196,196,98.0,98.0,102.0,117.0,117.0,102.0,1.0,0.0,0.0,0.0,True
22100366,192,192,96.0,96.0,110.0,106.0,106.0,110.0,1.0,0.0,0.0,0.0,True
22100367,192,192,96.0,96.0,92.0,115.0,115.0,92.0,1.0,0.0,0.0,0.0,True
22100368,205,205,102.0,103.0,119.0,116.0,116.00009986626458,118.99995040676617,1.0,-9.986626457703096e-05,4.9593233825362404e-05,1.0,True
22100369,190,190,95.0,95.0,102.0,122.0,122.0,102.0,1.0,0.0,0.0,0.0,True
22100370,198,198,99.0,99.0,104.0,113.0,113.0,104.0,1.0,0.0,0.0,0.0,True
22100371,196,196,98.0,98.0,110.0,109.0,109.0,110.0,1.0,0.0,0.0,0.0,True
22100372,186,186,94.0,92.0,104.0,114.0,114.0,104.0,1.0,0.0,0.0,2.0,True
22100373,188,188,93.0,95.0,104.0,96.0,95.99997957868727,104.00006027849294,1.0,2.042131272617098e-05,-6.027849293843701e-05,2.0,True
22100374,208,208,104.0,104.0,136.0,104.0,104.0,136.0,1.0,0.0,0.0,0.0,True
22100375,211,211,106.0,105.0,120.0,114.0,114.00000444521608,120.00002675056058,1.0,-4.445216077897385e-06,-2.6750560579102967e-05,1.0,True
22100376,199,199,99.0,100.0,94.0,104.0,104.0,94.0,1.0,0.0,0.0,1.0,True
22100377,202,202,101.0,101.0,130.0,142.0,142.0,130.0,1.0,0.0,0.0,0.0,True
22100378,203,203,101.0,102.0,111.0,114.0,114.00002935855342,111.00005150519745,1.0,-2.9358553419456257e-05,-5.150519744745452e-05,1.0,True
22100379,188,188,94.0,94.0,118.0,96.0,96.0,118.0,1.0,0.0,0.0,0.0,True
22100380,200,200,100.0,100.0,95.0,108.0,108.0,95.0,1.0,0.0,0.0,0.0,True
22100381,196,196,98.0,98.0,111.0,123.0,123.00005143261095,111.0000220084703,1.0,-5.143261094531226e-05,-2.2008470295986626e-05,0.0,True
22100382,200,200,101.0,99.0,123.0,124.0,124.0,123.0,1.0,0.0,0.0,2.0,True
22100383,179,179,90.0,89.0,93.0,106.0,106.00011879965113,93.00000944801994,1.0,-0.00011879965113337221,-9.448019937963181e-06,1.0,True
22100384,202,202,101.0,101.0,113.0,105.0,105.0,113.0,1.0,0.0,0.0,0.0,True
22100385,182,182,91.0,91.0,87.0,90.0,90.0,87.0,1.0,0.0,0.0,0.0,True
22100386,201,201,101.0,100.0,123.0,114.0,114.0,123.0,1.0,0.0,0.0,1.0,True
22100387,209,209,105.0,104.0,123.0,106.0,106.0,123.0,1.0,0.0,0.0,1.0,True
22100388,198,198,99.0,99.0,93.0,109.0,109.0,93.0,1.0,0.0,0.0,0.0,True
22100389,195,195,98.0,97.0,116.0,95.0,95.0,116.0,1.0,0.0,0.0,1.0,True
22100390,198,198,99.0,99.0,90.0,111.0,111.0,90.0,1.0,0.0,0.0,0.0,True
22100391,182,182,91.0,91.0,104.0,106.0,106.0,104.0,1.0,0.0,0.0,0.0,True
22100392,195,195,98.0,97.0,123.0,98.0,98.0,123.0,1.0,0.0,0.0,1.0,True
22100393,213,213,107.0,106.0,103.0,117.0,116.99982797603948,103.00024180071767,1.0,0.00017202396051629876,-0.0002418007176743231,1.0,True
22100394,186,186,92.0,94.0,92.0,118.0,118.0,92.0,1.0,0.0,0.0,2.0,True
22100395,179,179,89.0,90.0,106.0,113.0,113.0,106.0,1.0,0.0,0.0,1.0,True
22100396,185,185,93.0,92.0,93.0,102.0,102.0,93.0,1.0,0.0,0.0,1.0,True
22100397,194,194,97.0,97.0,127.0,112.0,112.0002276254744,126.99992217461778,1.0,-0.00022762547439469927,7.782538222045332e-05,0.0,True
22100398,192,192,96.0,96.0,112.0,97.0,97.0,112.0,1.0,0.0,0.0,0.0,True
22100399,207,207,104.0,103.0,116.0,104.0,104.00004772753272,116.00005313117505,1.0,-4.772753271709007e-05,-5.313117505068021e-05,1.0,True
22100400,187,187,94.0,93.0,103.0,84.0,84.00002208141993,103.0001630581256,1.0,-2.208141992809942e-05,-0.00016305812559380684,1.0,True
22100401,195,195,98.0,97.0,97.0,112.0,111.9998826009108,97.00012211255553,1.0,0.00011739908920560538,-0.000122112555530407,1.0,True
22100402,200,200,100.0,100.0,116.0,111.0,111.0,116.0,1.0,0.0,0.0,0.0,True
22100403,195,195,97.0,98.0,94.0,106.0,106.0,94.0,1.0,0.0,0.0,1.0,True
22100404,185,185,92.0,93.0,94.0,105.0,105.0,94.0,1.0,0.0,0.0,1.0,True
22100405,189,189,95.0,94.0,102.0,100.0,100.0,102.0,1.0,0.0,0.0,1.0,True
22100406,199,199,99.0,100.0,101.0,124.0,124.0,101.0,1.0,0.0,0.0,1.0,True
22100407,206,206,104.0,102.0,132.0,126.0,126.00009813516436,132.00004952824543,1.0,-9.813516436452119e-05,-4.952824542669987e-05,2.0,True
22100408,194,194,97.0,97.0,103.0,117.0,117.00003660037628,103.00000648177834,1.0,-3.660037627639667e-05,-6.481778342504185e-06,0.0,True
22100409,197,197,98.0,99.0,91.0,126.0,126.0,91.0,1.0,0.0,0.0,1.0,True
22100410,169,169,85.0,84.0,96.0,120.0,119.99998015093529,96.0000804658458,1.0,1.9849064713639564e-05,-8.046584579801674e-05,1.0,True
22100411,199,199,99.0,100.0,107.0,113.0,113.0000941016976,107.00004611143954,1.0,-9.41016975986031e-05,-4.611143954491581e-05,1.0,True
22100412,193,193,96.0,97.0,95.0,111.0,111.0,95.0,1.0,0.0,0.0,1.0,True
22100413,218,218,110.0,108.0,129.0,131.0,131.0,129.0,1.0,0.0,0.0,2.0,True
22100414,182,182,91.0,91.0,105.0,96.0,96.0,105.0,1.0,0.0,0.0,0.0,True
22100415,204,204,102.0,102.0,87.0,133.0,133.00010214975865,87.00002040096989,1.0,-0.00010214975864641929,-2.040096988764617e-05,0.0,True
22100416,209,209,104.0,105.0,111.0,107.0,107.0,111.0,1.0,0.0,0.0,1.0,True
22100417,192,192,96.0,96.0,89.0,124.0,124.0,89.0,1.0,0.0,0.0,0.0,True
22100418,196,196,98.0,98.0,111.0,99.0,99.0,111.0,1.0,0.0,0.0,0.0,True
22100419,181,181,91.0,90.0,101.0,96.0,96.0,101.0,1.0,0.0,0.0,1.0,True
22100420,209,209,104.0,105.0,107.0,104.0,104.00011665467964,107.00008432646345,1.0,-0.00011665467964405707,-8.432646345113426e-05,1.0,True
22100421,191,191,96.0,95.0,99.0,114.0,114.0000476077172,99.00001316373763,1.0,-4.7607717206687994e-05,-1.3163737634158679e-05,1.0,True
22100422,197,197,99.0,98.0,113.0,110.0,110.0,113.0,1.0,0.0,0.0,1.0,True
22100423,195,195,98.0,97.0,131.0,115.0,114.99993359166507,131.00009342060503,1.0,6.640833493065657e-05,-9.342060502604e-05,1.0,True
22100424,199,199,99.0,100.0,124.0,107.0,107.00003676021801,124.00002587144573,1.0,-3.6760218009135315e-05,-2.587144572885336e-05,1.0,True
22100425,199,199,99.0,100.0,103.0,124.0,124.0,103.0,1.0,0.0,0.0,1.0,True
22100426,201,201,101.0,100.0,113.0,103.0,103.0,113.0,1.0,0.0,0.0,1.0,True
22100427,197,197,99.0,98.0,105.0,119.0,119.0,105.0,1.0,0.0,0.0,1.0,True
22100428,201,201,100.0,101.0,113.0,122.0,121.99999594353639,113.00011508192674,1.0,4.05646360945866e-06,-0.00011508192673659323,1.0,True
22100429,197,197,99.0,98.0,105.0,114.0,114.0,105.0,1.0,0.0,0.0,1.0,True
22100430,216,216,108.0,108.0,120.0,127.0,127.0,120.0,1.0,0.0,0.0,0.0,True
22100431,178,178,88.0,90.0,116.0,103.0,103.0,116.0,1.0,0.0,0.0,2.0,True
22100432,200,200,100.0,100.0,98.0,118.0,118.0,98.0,1.0,0.0,0.0,0.0,True
22100433,184,184,92.0,92.0,115.0,105.0,105.00003418439056,115.00002603171119,1.0,-3.418439055735689e-05,-2.6031711186647044e-05,0.0,True
22100434,211,211,106.0,105.0,133.0,115.0,115.0,133.0,1.0,0.0,0.0,1.0,True
22100435,193,193,96.0,97.0,111.0,107.0,107.00002872113804,111.00003050477366,1.0,-2.872113803675802e-05,-3.0504773661732543e-05,1.0,True
22100436,212,212,106.0,106.0,92.0,110.0,109.99995386443233,92.00008302273751,1.0,4.613556767196769e-05,-8.302273751326084e-05,0.0,True
22100437,207,207,104.0,103.0,128.0,126.0,125.99993271784763,128.00010105668105,1.0,6.728215237217228e-05,-0.00010105668104642973,1.0,True
22100438,216,216,107.0,109.0,112.0,116.0,116.0,112.0,1.0,0.0,0.0,2.0,True
22100439,198,198,99.0,99.0,116.0,125.0,125.0,116.0,1.0,0.0,0.0,0.0,True
22100440,210,210,105.0,105.0,124.0,105.0,105.0,124.0,1.0,0.0,0.0,0.0,True
22100441,208,208,104.0,104.0,116.0,107.0,107.0,116.0,1.0,0.0,0.0,0.0,True
22100442,201,201,101.0,100.0,100.0,93.0,93.00006261766273,100.00002911747916,1.0,-6.261766273496505e-05,-2.911747915845808e-05,1.0,True
22100443,190,190,96.0,94.0,100.0,119.0,119.0,100.0,1.0,0.0,0.0,2.0,True
22100444,189,189,94.0,95.0,103.0,104.0,104.0,103.0,1.0,0.0,0.0,1.0,True
22100445,193,193,96.0,97.0,107.0,114.0,114.0,107.0,1.0,0.0,0.0,1.0,True
22100446,194,194,97.0,97.0,119.0,90.0,90.0,119.0,1.0,0.0,0.0,0.0,True
22100447,200,200,100.0,100.0,109.0,103.0,103.0,109.0,1.0,0.0,0.0,0.0,True
22100448,201,201,101.0,100.0,110.0,115.0,115.0,110.0,1.0,0.0,0.0,1.0,True
22100449,189,189,94.0,95.0,90.0,100.0,100.00005269099746,90.0000429510373,1.0,-5.269099746385564e-05,-4.295103730100891e-05,1.0,True
22100450,187,187,94.0,93.0,105.0,100.0,100.00007662091242,104.99997518172856,1.0,-7.662091242366387e-05,2.4818271441517936e-05,1.0,True
22100451,191,191,95.0,96.0,114.0,121.0,120.99996467359725,114.00005598297605,1.0,3.5326402752389185e-05,-5.5982976050472644e-05,1.0,True
22100452,198,198,98.0,100.0,107.0,131.0,131.0,107.0,1.0,0.0,0.0,2.0,True
22100453,199,199,99.0,100.0,124.0,118.0,118.00000967713547,124.0000095946512,1.0,-9.677135466290565e-06,-9.594651203315152e-06,1.0,True
22100454,181,181,91.0,90.0,107.0,117.0,116.99999674532555,107.00001931362931,1.0,3.2546744535011385e-06,-1.9313629309181124e-05,1.0,True
22100455,185,185,92.0,93.0,105.0,111.0,111.00004959104874,105.00010703971073,1.0,-4.9591048735919685e-05,-0.00010703971072700824,1.0,True
22100456,213,213,107.0,106.0,106.0,137.0,137.0,106.0,1.0,0.0,0.0,1.0,True
22100457,199,199,99.0,100.0,108.0,103.0,103.0,108.0,1.0,0.0,0.0,1.0,True
22100458,202,202,101.0,101.0,103.0,97.0,97.00002187002858,103.00003587282991,1.0,-2.187002857567677e-05,-3.587282991190932e-05,0.0,True
22100459,186,186,93.0,93.0,118.0,133.0,133.0,118.0,1.0,0.0,0.0,0.0,True
22100460,197,197,98.0,99.0,102.0,99.0,99.00001998939841,102.00000753247295,1.0,-1.9989398410302783e-05,-7.5324729493786435e-06,1.0,True
22100461,210,210,104.0,106.0,102.0,112.0,112.0,102.0,1.0,0.0,0.0,2.0,True
22100462,195,195,98.0,97.0,98.0,113.0,113.0,98.0,1.0,0.0,0.0,1.0,True
22100463,201,201,101.0,100.0,116.0,92.0,92.0,116.0,1.0,0.0,0.0,1.0,True
22100464,193,193,96.0,97.0,117.0,103.0,103.0,117.0,1.0,0.0,0.0,1.0,True
22100465,188,188,94.0,94.0,96.0,125.0,125.0,96.0,1.0,0.0,0.0,0.0,True
22100466,197,197,99.0,98.0,91.0,105.0,105.0,91.0,1.0,0.0,0.0,1.0,True
22100467,183,183,92.0,91.0,97.0,110.0,111.00007901652457,96.99997404248342,1.0,-1.000079016524566,2.5957516584185214e-05,1.0,False
22100468,189,189,94.0,95.0,102.0,114.0,114.0,102.0,1.0,0.0,0.0,1.0,True
22100469,207,207,103.0,104.0,108.0,90.0,90.0,108.0,1.0,0.0,0.0,1.0,True
22100470,187,187,94.0,93.0,104.0,98.0,98.00002507915093,104.00011194548358,1.0,-2.5079150930196192e-05,-0.00011194548358162137,1.0,True
22100471,199,199,100.0,99.0,101.0,111.0,111.0,101.0,1.0,0.0,0.0,1.0,True
22100472,187,187,92.0,95.0,105.0,111.0,111.00002334845554,105.00001340313806,1.0,-2.334845554230469e-05,-1.340313805542337e-05,3.0,True
22100473,197,197,98.0,99.0,106.0,126.0,126.00006105745489,106.00009265674412,1.0,-6.10574548858267e-05,-9.265674411551572e-05,1.0,True
22100474,198,198,99.0,99.0,94.0,108.0,108.00003968665712,94.00004125539915,1.0,-3.968665711795438e-05,-4.12553991537834e-05,0.0,True
22100475,191,191,96.0,95.0,105.0,89.0,88.99997427188023,105.00007545068475,1.0,2.5728119766199598e-05,-7.54506847471248e-05,1.0,True
22100476,182,182,91.0,91.0,106.0,118.0,118.0,106.0,1.0,0.0,0.0,0.0,True
22100477,190,190,96.0,94.0,110.0,104.0,104.00005138015348,110.00005167639573,1.0,-5.1380153479385626e-05,-5.16763957278954e-05,2.0,True
22100478,180,180,90.0,90.0,98.0,96.0,96.0,98.0,1.0,0.0,0.0,0.0,True
22100479,199,199,99.0,100.0,112.0,115.0,115.0000262567947,112.0001754591352,1.0,-2.6256794697587793e-05,-0.00017545913520677914,1.0,True
22100480,188,188,95.0,93.0,124.0,117.0,117.0,124.0,1.0,0.0,0.0,2.0,True
22100481,191,191,95.0,96.0,102.0,95.0,95.0,102.0,1.0,0.0,0.0,1.0,True
22100482,204,204,102.0,102.0,115.0,107.0,107.0,115.0,1.0,0.0,0.0,0.0,True
22100483,201,201,101.0,100.0,100.0,113.0,113.0,101.0,1.0,0.0,-1.0,1.0,False
22100484,202,202,100.0,102.0,116.0,128.0,128.00004822770134,116.00000901771512,1.0,-4.822770134182974e-05,-9.017715115078317e-06,2.0,True
22100485,193,193,96.0,97.0,104.0,113.0,113.00002619426505,104.00002547085472,1.0,-2.6194265046797227e-05,-2.5470854723153025e-05,1.0,True
22100486,196,196,98.0,98.0,108.0,114.0,114.0,108.0,1.0,0.0,0.0,0.0,True
22100487,208,208,104.0,104.0,138.0,110.0,110.00007438147678,137.99998718545444,1.0,-7.438147677873985e-05,1.2814545556238954e-05,0.0,True
22100488,185,185,92.0,93.0,87.0,101.0,101.0,87.0,1.0,0.0,0.0,1.0,True
22100489,199,199,99.0,100.0,113.0,117.0,117.00004160496557,113.00004313446858,1.0,-4.160496557403803e-05,-4.313446858361658e-05,1.0,True
22100490,185,185,93.0,92.0,116.0,107.0,107.0,116.0,1.0,0.0,0.0,1.0,True
22100491,203,203,102.0,101.0,122.0,115.0,115.0,122.0,1.0,0.0,0.0,1.0,True
22100492,205,205,103.0,102.0,116.0,120.0,120.00003969441526,116.0000644735377,1.0,-3.969441526407991e-05,-6.4473537705112e-05,1.0,True
22100493,180,180,90.0,90.0,83.0,93.0,93.00004571626098,83.00002484427377,1.0,-4.571626098481829e-05,-2.4844273767143932e-05,0.0,True
22100494,217,217,108.0,109.0,99.0,144.0,144.0,99.0,1.0,0.0,0.0,1.0,True
22100495,190,190,95.0,95.0,117.0,96.0,96.0,117.0,1.0,0.0,0.0,0.0,True
22100496,198,198,98.0,100.0,127.0,102.0,102.0,127.0,1.0,0.0,0.0,2.0,True
22100497,208,208,104.0,104.0,112.0,117.0,117.0,112.0,1.0,0.0,0.0,0.0,True
22100498,221,221,110.0,111.0,109.0,144.0,143.99998258932578,109.00005003711897,1.0,1.7410674217899214e-05,-5.0037118967338756e-05,1.0,True
22100499,194,194,97.0,97.0,105.0,113.0,113.0,105.0,1.0,0.0,0.0,0.0,True
22100500,196,196,98.0,98.0,103.0,100.0,100.00012205919899,103.00007661936698,1.0,-0.0001220591989863351,-7.661936697900273e-05,0.0,True
22100501,207,207,103.0,104.0,99.0,123.0,123.0,99.0,1.0,0.0,0.0,1.0,True
22100502,195,195,98.0,97.0,130.0,118.0,118.0,130.0,1.0,0.0,0.0,1.0,True
22100503,199,199,100.0,99.0,103.0,108.0,108.0,103.0,1.0,0.0,0.0,1.0,True
22100504,206,206,102.0,104.0,110.0,104.0,104.00000313036644,110.00007231142946,1.0,-3.130366437176235e-06,-7.231142946295677e-05,2.0,True
22100505,195,195,98.0,97.0,114.0,113.0,113.0,114.0,1.0,0.0,0.0,1.0,True
22100506,195,195,97.0,98.0,132.0,117.0,117.0,132.0,1.0,0.0,0.0,1.0,True
22100507,199,199,100.0,99.0,124.0,108.0,108.0,124.0,1.0,0.0,0.0,1.0,True
22100508,200,200,101.0,99.0,127.0,110.0,110.0,127.0,1.0,0.0,0.0,2.0,True
22100509,187,187,93.0,94.0,112.0,119.0,119.0,112.0,1.0,0.0,0.0,1.0,True
22100510,187,187,93.0,94.0,114.0,109.0,109.0,114.0,1.0,0.0,0.0,1.0,True
22100511,202,202,102.0,100.0,132.0,123.0,123.0,132.0,1.0,0.0,0.0,2.0,True
22100512,182,182,91.0,91.0,96.0,88.0,88.0,96.0,1.0,0.0,0.0,0.0,True
22100513,188,188,93.0,95.0,104.0,108.0,108.0,104.0,1.0,0.0,0.0,2.0,True
22100514,186,186,92.0,94.0,89.0,86.0,86.00004734476028,89.00004522288808,1.0,-4.7344760275791486e-05,-4.522288807606856e-05,2.0,True
22100515,208,208,105.0,103.0,111.0,117.0,117.0,111.0,1.0,0.0,0.0,2.0,True
22100516,191,191,96.0,95.0,94.0,85.0,84.9999767608877,94.00008109620732,1.0,2.323911229495934e-05,-8.109620732454914e-05,1.0,True
22100517,207,207,103.0,104.0,116.0,108.0,107.99999847127383,116.00005284238159,1.0,1.5287261732055413e-06,-5.284238159219967e-05,1.0,True
22100518,177,177,89.0,88.0,91.0,82.0,82.0,91.0,1.0,0.0,0.0,1.0,True
22100519,207,207,104.0,103.0,117.0,131.0,131.00000820632278,117.00001330278418,1.0,-8.206322775095032e-06,-1.3302784182656069e-05,1.0,True
22100520,189,189,94.0,95.0,99.0,104.0,104.0,99.0,1.0,0.0,0.0,1.0,True
22100521,193,193,97.0,96.0,112.0,95.0,95.00007581251936,112.00000556759396,1.0,-7.58125193556225e-05,-5.567593959199257e-06,1.0,True
22100522,193,193,96.0,97.0,97.0,115.0,115.0,97.0,1.0,0.0,0.0,1.0,True
22100523,192,192,96.0,96.0,120.0,105.0,105.0,120.0,1.0,0.0,0.0,0.0,True
22100524,176,176,88.0,88.0,94.0,95.0,95.00004950789366,94.00005472082454,1.0,-4.9507893663758296e-05,-5.472082453650273e-05,0.0,True
22100525,190,190,96.0,94.0,110.0,102.0,102.0,110.0,1.0,0.0,0.0,2.0,True
22100526,204,204,101.0,103.0,136.0,118.0,118.00006690205021,135.9999911999945,1.0,-6.69020502073181e-05,8.800005502962449e-06,2.0,True
22100527,189,189,95.0,94.0,93.0,110.0,110.0,93.0,1.0,0.0,0.0,1.0,True
22100528,202,202,101.0,101.0,124.0,131.0,131.00004848601367,124.00001477701808,1.0,-4.848601366802541e-05,-1.4777018080280868e-05,0.0,True
22100529,196,196,98.0,98.0,108.0,123.0,123.0,108.0,1.0,0.0,0.0,0.0,True
22100530,201,201,101.0,100.0,108.0,106.0,106.0,108.0,1.0,0.0,0.0,1.0,True
22100531,187,187,93.0,94.0,112.0,96.0,96.0,112.0,1.0,0.0,0.0,1.0,True
22100532,203,203,102.0,101.0,120.0,110.0,110.0,120.0,1.0,0.0,0.0,1.0,True
22100533,187,187,93.0,94.0,121.0,118.0,118.0000540733346,121.00007588490405,1.0,-5.407333459572783e-05,-7.588490404941695e-05,1.0,True
22100534,192,192,95.0,97.0,108.0,116.0,116.0,108.0,1.0,0.0,0.0,2.0,True
22100535,198,198,99.0,99.0,105.0,118.0,118.00001706117757,104.99998668558963,1.0,-1.7061177572941233e-05,1.331441036711567e-05,0.0,True
22100536,186,186,94.0,92.0,80.0,95.0,95.0,80.0,1.0,0.0,0.0,2.0,True
22100537,199,199,100.0,99.0,108.0,120.0,120.0,108.0,1.0,0.0,0.0,1.0,True
22100538,198,198,99.0,99.0,106.0,139.0,139.0,106.0,1.0,0.0,0.0,0.0,True
22100539,215,215,107.0,108.0,113.0,136.0,136.0,113.0,1.0,0.0,0.0,1.0,True
22100540,223,223,112.0,111.0,116.0,117.0,117.00009755272009,116.00007556158445,1.0,-9.755272009215332e-05,-7.556158445254368e-05,1.0,True
22100541,205,205,102.0,103.0,120.0,119.0,119.0,120.0,1.0,0.0,0.0,1.0,True
22100542,207,207,103.0,104.0,120.0,116.0,116.0000427605341,120.00003618552209,1.0,-4.2760534100239056e-05,-3.6185522091614075e-05,1.0,True
22100543,201,201,101.0,100.0,124.0,111.0,111.00001129404184,124.00002847134878,1.0,-1.1294041840415048e-05,-2.8471348784364636e-05,1.0,True
22100544,198,198,99.0,99.0,123.0,116.0,116.0,123.0,1.0,0.0,0.0,0.0,True
22100545,197,197,99.0,98.0,105.0,120.0,120.0,105.0,1.0,0.0,0.0,1.0,True
22100546,218,218,109.0,109.0,111.0,116.0,116.0,111.0,1.0,0.0,0.0,0.0,True
22100547,188,188,94.0,94.0,104.0,108.0,108.00007115545947,104.00006921124307,1.0,-7.115545946589918e-05,-6.921124307268656e-05,0.0,True
22100548,195,195,98.0,97.0,113.0,115.0,115.0,113.0,1.0,0.0,0.0,1.0,True
22100549,209,209,104.0,105.0,133.0,99.0,98.99996834668158,133.00012040277556,1.0,3.165331841614716e-05,-0.0001204027755647985,1.0,True
22100550,187,187,93.0,94.0,95.0,86.0,86.0,95.0,1.0,0.0,0.0,1.0,True
22100551,200,200,100.0,100.0,103.0,108.0,108.0,103.0,1.0,0.0,0.0,0.0,True
22100552,205,205,103.0,102.0,113.0,133.0,133.0,113.0,1.0,0.0,0.0,1.0,True
22100553,210,210,105.0,105.0,121.0,124.0,124.00001034667062,121.00003340198788,1.0,-1.0346670620720033e-05,-3.340198787782356e-05,0.0,True
22100554,196,196,98.0,98.0,118.0,104.0,104.0,118.0,1.0,0.0,0.0,0.0,True
22100555,195,195,98.0,97.0,98.0,102.0,102.0,98.0,1.0,0.0,0.0,1.0,True
22100556,197,197,98.0,99.0,115.0,106.0,106.000104988112,114.99996989878784,1.0,-0.00010498811199965985,3.010121216107109e-05,1.0,True
22100557,195,195,97.0,98.0,115.0,104.0,104.0,115.0,1.0,0.0,0.0,1.0,True
22100558,187,187,94.0,93.0,89.0,103.0,103.0,89.0,1.0,0.0,0.0,1.0,True
22100559,203,203,102.0,101.0,108.0,115.0,115.0,108.0,1.0,0.0,0.0,1.0,True
22100560,196,196,99.0,97.0,131.0,136.0,136.0,131.0,1.0,0.0,0.0,2.0,True
22100561,196,196,98.0,98.0,122.0,104.0,104.0,122.0,1.0,0.0,0.0,0.0,True
22100562,194,194,97.0,97.0,110.0,106.0,106.0,110.0,1.0,0.0,0.0,0.0,True
22100563,211,211,106.0,105.0,104.0,129.0,129.0000440734211,104.00005388610789,1.0,-4.4073421094026344e-05,-5.3886107892253676e-05,1.0,True
22100564,178,178,89.0,89.0,94.0,104.0,104.0,94.0,1.0,0.0,0.0,0.0,True
22100565,197,197,99.0,98.0,123.0,110.0,110.0,123.0,1.0,0.0,0.0,1.0,True
22100566,195,195,98.0,97.0,114.0,122.0,122.0,114.0,1.0,0.0,0.0,1.0,True
22100567,204,204,102.0,102.0,111.0,140.0,140.0000101144987,111.00005916743709,1.0,-1.0114498707025632e-05,-5.916743708667127e-05,0.0,True
22100568,202,202,101.0,101.0,116.0,106.0,106.00007326538373,116.00004579730287,1.0,-7.32653837332009e-05,-4.579730287446182e-05,0.0,True
22100569,215,215,107.0,108.0,114.0,111.0,111.00012079557351,113.99997436272116,1.0,-0.00012079557350830328,2.563727883853062e-05,1.0,True
22100570,184,184,92.0,92.0,99.0,97.0,97.00003863822047,99.0000313582267,1.0,-3.863822047378562e-05,-3.135822670685684e-05,0.0,True
22100571,199,199,99.0,100.0,129.0,121.0,121.0,129.0,1.0,0.0,0.0,1.0,True
22100572,190,190,94.0,96.0,82.0,99.0,99.0,82.0,1.0,0.0,0.0,2.0,True
22100573,202,202,101.0,101.0,117.0,111.0,111.0,117.0,1.0,0.0,0.0,0.0,True
22100574,193,193,97.0,96.0,90.0,98.0,98.0000276337384,90.00008271462477,1.0,-2.7633738397980778e-05,-8.27146247672772e-05,1.0,True
22100575,199,199,99.0,100.0,115.0,109.0,109.00003181321748,115.00004344835052,1.0,-3.181321747547372e-05,-4.34483505244998e-05,1.0,True
22100576,181,181,91.0,90.0,115.0,109.0,109.0,115.0,1.0,0.0,0.0,1.0,True
22100577,196,196,98.0,98.0,108.0,102.0,102.0,108.0,1.0,0.0,0.0,0.0,True
22100578,179,179,89.0,90.0,105.0,108.0,108.0,105.0,1.0,0.0,0.0,1.0,True
22100579,206,206,103.0,103.0,88.0,118.0,118.0,88.0,1.0,0.0,0.0,0.0,True
22100580,200,200,100.0,100.0,96.0,101.0,101.0,96.0,1.0,0.0,0.0,0.0,True
22100581,196,196,98.0,98.0,89.0,106.0,106.0,89.0,1.0,0.0,0.0,0.0,True
22100582,195,195,98.0,97.0,100.0,119.0,119.00009054536065,100.00005881546194,1.0,-9.054536064923013e-05,-5.8815461940753266e-05,1.0,True
22100583,193,193,97.0,96.0,121.0,109.0,109.0,121.0,1.0,0.0,0.0,1.0,True
22100584,193,193,97.0,96.0,108.0,122.0,122.0,108.0,1.0,0.0,0.0,1.0,True
22100585,207,207,103.0,104.0,122.0,130.0,130.0,122.0,1.0,0.0,0.0,1.0,True
22100586,207,207,103.0,104.0,130.0,106.0,106.0,130.0,1.0,0.0,0.0,1.0,True
22100587,208,208,105.0,103.0,135.0,105.0,105.0,135.0,1.0,0.0,0.0,2.0,True
22100588,196,196,99.0,97.0,111.0,121.0,121.00004262179338,111.00002150291417,1.0,-4.262179338354599e-05,-2.1502914165694165e-05,2.0,True
22100589,211,211,106.0,105.0,118.0,134.0,134.00001860891257,117.99999899785377,1.0,-1.8608912569106906e-05,1.0021462344411702e-06,1.0,True
22100590,184,184,92.0,92.0,114.0,101.0,101.0,114.0,1.0,0.0,0.0,0.0,True
22100591,205,205,103.0,102.0,123.0,108.0,108.0,123.0,1.0,0.0,0.0,1.0,True
22100592,204,204,101.0,103.0,106.0,114.0,114.0,106.0,1.0,0.0,0.0,2.0,True
22100593,190,190,95.0,95.0,92.0,97.0,97.0000421993593,92.00005072540037,1.0,-4.219935929938856e-05,-5.072540037076578e-05,0.0,True
22100594,199,199,99.0,100.0,113.0,125.0,125.0,113.0,1.0,0.0,0.0,1.0,True
22100595,169,169,84.0,85.0,75.0,99.0,99.00014093660914,75.00000688974262,1.0,-0.00014093660914227257,-6.889742621751793e-06,1.0,True
22100596,195,195,98.0,97.0,123.0,100.0,99.99408317554754,123.00597822067193,1.0,0.005916824452455671,-0.005978220671934764,1.0,True
22100597,187,187,94.0,93.0,93.0,106.0,106.0,93.0,1.0,0.0,0.0,1.0,True
22100598,193,193,96.0,97.0,102.0,100.0,100.00003976413919,102.00009564214209,1.0,-3.9764139188491754e-05,-9.564214208523936e-05,1.0,True
22100599,180,180,89.0,91.0,101.0,105.0,105.0,101.0,1.0,0.0,0.0,2.0,True
22100600,216,216,108.0,108.0,141.0,123.0,123.0,141.0,1.0,0.0,0.0,0.0,True
22100601,182,182,91.0,91.0,99.0,95.0,94.99983786467288,99.00018878639928,1.0,0.00016213532711617518,-0.00018878639927777385,0.0,True
22100602,227,227,114.0,113.0,119.0,121.0,121.00003912852398,119.00007458686268,1.0,-3.912852398002542e-05,-7.458686268080328e-05,1.0,True
22100603,186,186,92.0,94.0,99.0,113.0,113.0,99.0,1.0,0.0,0.0,2.0,True
22100604,183,183,91.0,92.0,82.0,96.0,96.0,82.0,1.0,0.0,0.0,1.0,True
22100605,197,197,98.0,99.0,88.0,103.0,103.00004157290113,88.00001931958772,1.0,-4.157290112516421e-05,-1.9319587721611242e-05,1.0,True
22100606,200,200,101.0,99.0,127.0,119.0,119.0,127.0,1.0,0.0,0.0,2.0,True
22100607,201,201,100.0,101.0,99.0,103.0,103.0,99.0,1.0,0.0,0.0,1.0,True
22100608,201,201,100.0,101.0,116.0,126.0,126.00005576655869,116.00002415926033,1.0,-5.576655868821945e-05,-2.4159260334499777e-05,1.0,True
22100609,211,211,106.0,105.0,98.0,101.0,101.00007226187434,98.00004019509542,1.0,-7.226187433673203e-05,-4.019509542274591e-05,1.0,True
22100610,191,191,95.0,96.0,96.0,111.0,110.99997326260251,96.00009845439826,1.0,2.6737397490705916e-05,-9.84543982553987e-05,1.0,True
22100611,189,189,95.0,94.0,109.0,108.0,108.0,109.0,1.0,0.0,0.0,1.0,True
22100612,198,198,99.0,99.0,118.0,122.0,122.0,118.0,1.0,0.0,0.0,0.0,True
22100613,181,181,91.0,90.0,99.0,95.0,95.00003931423399,99.00011666930843,1.0,-3.931423398739753e-05,-0.00011666930842579859,1.0,True
22100614,207,207,103.0,104.0,108.0,116.0,116.0,108.0,1.0,0.0,0.0,1.0,True
22100615,202,202,101.0,101.0,125.0,128.0,128.00002493563244,125.00003407099125,1.0,-2.493563243888275e-05,-3.407099124785873e-05,0.0,True
22100616,188,188,95.0,93.0,85.0,87.0,87.00001821841488,85.00004344685921,1.0,-1.8218414879811462e-05,-4.344685920898428e-05,2.0,True
22100617,200,200,100.0,100.0,135.0,108.0,108.00003289483945,134.99997401475292,1.0,-3.289483944968197e-05,2.598524707764227e-05,0.0,True
22100618,181,181,91.0,90.0,119.0,100.0,100.0,119.0,1.0,0.0,0.0,1.0,True
22100619,192,192,96.0,96.0,109.0,98.0,97.99999211051035,109.00003854989832,1.0,7.88948965180225e-06,-3.854989832063893e-05,0.0,True
22100620,187,187,94.0,93.0,106.0,112.0,112.0,106.0,1.0,0.0,0.0,1.0,True
22100621,198,198,99.0,99.0,115.0,91.0,91.0,115.0,1.0,0.0,0.0,0.0,True
22100622,185,185,92.0,93.0,85.0,108.0,108.0,85.0,1.0,0.0,0.0,1.0,True
22100623,210,210,105.0,105.0,128.0,124.0,124.0,128.0,1.0,0.0,0.0,0.0,True
22100624,185,185,93.0,92.0,111.0,91.0,91.0,111.0,1.0,0.0,0.0,1.0,True
22100625,202,202,102.0,100.0,138.0,112.0,112.0,138.0,1.0,0.0,0.0,2.0,True
22100626,200,200,100.0,100.0,116.0,125.0,125.0,116.0,1.0,0.0,0.0,0.0,True
22100627,213,213,107.0,106.0,99.0,118.0,118.0,99.0,1.0,0.0,0.0,1.0,True
22100628,206,206,103.0,103.0,108.0,116.0,116.0,108.0,1.0,0.0,0.0,0.0,True
22100629,194,194,97.0,97.0,89.0,113.0,113.0,89.0,1.0,0.0,0.0,0.0,True
22100630,194,194,97.0,97.0,130.0,109.0,109.0,130.0,1.0,0.0,0.0,0.0,True
22100631,199,199,99.0,100.0,108.0,140.0,140.00000565239756,108.0000099564979,1.0,-5.652397561561884e-06,-9.956497905250217e-06,1.0,True
22100632,214,214,106.0,108.0,116.0,109.0,109.0,116.0,1.0,0.0,0.0,2.0,True
22100633,178,178,89.0,89.0,87.0,103.0,103.00007076865663,87.0000176416505,1.0,-7.07686566272514e-05,-1.764165050133215e-05,0.0,True
22100634,196,196,98.0,98.0,112.0,94.0,94.0,112.0,1.0,0.0,0.0,0.0,True
22100635,194,194,97.0,97.0,99.0,111.0,111.0,99.0,1.0,0.0,0.0,0.0,True
22100636,188,188,94.0,94.0,118.0,124.0,124.0,118.0,1.0,0.0,0.0,0.0,True
22100637,189,189,95.0,94.0,138.0,96.0,96.0,138.0,1.0,0.0,0.0,1.0,True
22100638,201,201,101.0,100.0,114.0,109.0,109.0,114.0,1.0,0.0,0.0,1.0,True
22100639,197,197,99.0,98.0,112.0,85.0,85.0,112.0,1.0,0.0,0.0,1.0,True
22100640,215,215,108.0,107.0,114.0,126.0,126.0,114.0,1.0,0.0,0.0,1.0,True
22100641,189,189,95.0,94.0,103.0,96.0,96.0,103.0,1.0,0.0,0.0,1.0,True
22100642,207,207,103.0,104.0,115.0,110.0,110.0,115.0,1.0,0.0,0.0,1.0,True
22100643,183,183,91.0,92.0,117.0,108.0,108.0,117.0,1.0,0.0,0.0,1.0,True
22100644,192,192,96.0,96.0,105.0,120.0,120.0,105.0,1.0,0.0,0.0,0.0,True
22100645,188,188,94.0,94.0,109.0,98.0,98.0,109.0,1.0,0.0,0.0,0.0,True
22100646,189,189,95.0,94.0,107.0,102.0,102.0,107.0,1.0,0.0,0.0,1.0,True
22100647,181,181,91.0,90.0,112.0,114.0,114.0,112.0,1.0,0.0,0.0,1.0,True
22100648,191,191,95.0,96.0,94.0,101.0,101.0,94.0,1.0,0.0,0.0,1.0,True
22100649,189,189,94.0,95.0,96.0,133.0,133.0,96.0,1.0,0.0,0.0,1.0,True
22100650,186,186,92.0,94.0,92.0,108.0,108.0,92.0,1.0,0.0,0.0,2.0,True
22100651,208,208,104.0,104.0,118.0,112.0,112.00003621148875,118.00006899972779,1.0,-3.6211488747994736e-05,-6.899972778739993e-05,0.0,True
22100652,206,206,104.0,102.0,99.0,119.0,119.00001160441664,98.99998845679083,1.0,-1.160441664183054e-05,1.1543209168962676e-05,2.0,True
22100653,196,196,99.0,97.0,125.0,102.0,102.00000235403225,125.00004721371421,1.0,-2.3540322473536435e-06,-4.721371421112508e-05,2.0,True
22100654,194,194,98.0,96.0,92.0,104.0,104.0,92.0,1.0,0.0,0.0,2.0,True
22100655,176,176,88.0,88.0,97.0,87.0,87.0,97.0,1.0,0.0,0.0,0.0,True
22100656,196,196,98.0,98.0,98.0,117.0,117.0,98.0,1.0,0.0,0.0,0.0,True
22100657,193,193,96.0,97.0,107.0,114.0,114.0,107.0,1.0,0.0,0.0,1.0,True
22100658,207,207,103.0,104.0,106.0,119.0,119.00012469584101,105.99995202923735,1.0,-0.00012469584100927023,4.7970762651061705e-05,1.0,True
22100659,205,205,102.0,103.0,133.0,139.0,139.0,133.0,1.0,0.0,0.0,1.0,True
22100660,203,203,102.0,101.0,114.0,121.0,121.0,114.0,1.0,0.0,0.0,1.0,True
22100661,202,202,100.0,102.0,98.0,88.0,88.0,98.0,1.0,0.0,0.0,2.0,True
22100662,184,184,92.0,92.0,99.0,104.0,104.0,99.0,1.0,0.0,0.0,0.0,True
22100663,199,199,100.0,99.0,102.0,104.0,104.00007678733846,102.0000358877637,1.0,-7.678733845750685e-05,-3.5887763701225595e-05,1.0,True
22100664,190,190,95.0,95.0,121.0,107.0,107.0,121.0,1.0,0.0,0.0,0.0,True
22100665,190,190,95.0,95.0,95.0,101.0,101.0,95.0,1.0,0.0,0.0,0.0,True
22100666,199,199,100.0,99.0,112.0,110.0,110.00008169792925,112.0000855190946,1.0,-8.169792924661579e-05,-8.551909459697526e-05,1.0,True
22100667,195,195,97.0,98.0,86.0,102.0,102.00008007095343,86.00001546487401,1.0,-8.007095343032233e-05,-1.5464874010717722e-05,1.0,True
22100668,195,195,98.0,97.0,110.0,123.0,123.0,110.0,1.0,0.0,0.0,1.0,True
22100669,194,194,97.0,97.0,119.0,118.0,118.0,119.0,1.0,0.0,0.0,0.0,True
22100670,202,202,101.0,101.0,122.0,134.0,134.0,122.0,1.0,0.0,0.0,0.0,True
22100671,195,195,98.0,97.0,111.0,102.0,102.0,111.0,1.0,0.0,0.0,1.0,True
22100672,188,188,94.0,94.0,92.0,104.0,104.0,92.0,1.0,0.0,0.0,0.0,True
22100673,189,189,94.0,95.0,104.0,117.0,117.0,104.0,1.0,0.0,0.0,1.0,True
22100674,215,215,107.0,108.0,114.0,126.0,126.0,114.0,1.0,0.0,0.0,1.0,True
22100675,188,188,95.0,93.0,98.0,102.0,102.0,98.0,1.0,0.0,0.0,2.0,True
22100676,201,201,101.0,100.0,96.0,118.0,118.00005061298148,96.00002084376736,1.0,-5.0612981482345276e-05,-2.084376735922433e-05,1.0,True
22100677,190,190,95.0,95.0,116.0,111.0,111.0,116.0,1.0,0.0,0.0,0.0,True
22100678,206,206,103.0,103.0,127.0,130.0,130.0,128.0,1.0,0.0,-1.0,0.0,False
22100679,196,196,98.0,98.0,133.0,131.0,131.00000379167992,133.00000290613858,1.0,-3.791679915821078e-06,-2.9061385760087433e-06,0.0,True
22100680,186,186,92.0,94.0,111.0,104.0,104.0,111.0,1.0,0.0,0.0,2.0,True
22100681,186,186,93.0,93.0,102.0,91.0,91.0,102.0,1.0,0.0,0.0,0.0,True
22100682,198,198,99.0,99.0,109.0,101.0,101.0,109.0,1.0,0.0,0.0,0.0,True
22100683,218,218,109.0,109.0,121.0,117.0,117.00003933936266,121.00001716194747,1.0,-3.933936265809734e-05,-1.716194746848032e-05,0.0,True
22100684,204,204,102.0,102.0,98.0,121.0,121.0,98.0,1.0,0.0,0.0,0.0,True
22100685,209,209,105.0,104.0,116.0,105.0,105.0,116.0,1.0,0.0,0.0,1.0,True
22100686,186,186,93.0,93.0,102.0,101.0,101.0001039999935,101.99997062813073,1.0,-0.00010399999349886002,2.9371869274541496e-05,0.0,True
22100687,184,184,92.0,92.0,108.0,110.0,110.00003634880605,108.0000221095045,1.0,-3.6348806048636106e-05,-2.2109504499212562e-05,0.0,True
22100688,186,186,93.0,93.0,109.0,105.0,105.00015717870694,108.99994304022017,1.0,-0.00015717870694231806,5.6959779826115664e-05,0.0,True
22100689,185,185,92.0,93.0,109.0,105.0,105.0,109.0,1.0,0.0,0.0,1.0,True
22100690,191,191,95.0,96.0,90.0,94.0,94.0,90.0,1.0,0.0,0.0,1.0,True
22100691,189,189,95.0,94.0,117.0,102.0,102.00002359541078,117.00001035174384,1.0,-2.359541078078564e-05,-1.0351743839009941e-05,1.0,True
22100692,204,204,102.0,102.0,122.0,118.0,117.9999809989141,122.00006339655083,1.0,1.9001085902914383e-05,-6.339655082854279e-05,0.0,True
22100693,190,190,94.0,96.0,101.0,111.0,111.0000104498003,101.00001350453746,1.0,-1.0449800299738854e-05,-1.3504537463404631e-05,2.0,True
22100694,191,191,95.0,96.0,103.0,105.0,105.0,103.0,1.0,0.0,0.0,1.0,True
22100695,188,188,94.0,94.0,87.0,94.0,94.00008623401747,87.00015629369875,1.0,-8.623401747342996e-05,-0.00015629369875114207,0.0,True
22100696,203,203,101.0,102.0,127.0,133.0,133.0,127.0,1.0,0.0,0.0,1.0,True
22100697,194,194,97.0,97.0,103.0,113.0,113.0,103.0,1.0,0.0,0.0,0.0,True
22100698,191,191,95.0,96.0,102.0,110.0,110.0,102.0,1.0,0.0,0.0,1.0,True
22100699,193,193,96.0,97.0,116.0,87.0,87.00024269042397,115.99999329472008,1.0,-0.00024269042397406793,6.705279915308893e-06,1.0,True
22100700,195,195,97.0,98.0,107.0,113.0,113.0,107.0,1.0,0.0,0.0,1.0,True
22100701,196,196,98.0,98.0,95.0,114.0,114.0,95.0,1.0,0.0,0.0,0.0,True
22100702,200,200,100.0,100.0,114.0,105.0,105.0,114.0,1.0,0.0,0.0,0.0,True
22100703,201,201,100.0,101.0,113.0,91.0,91.0,113.0,1.0,0.0,0.0,1.0,True
22100704,192,192,96.0,96.0,115.0,109.0,109.00001144236168,115.00002289311713,1.0,-1.1442361682156843e-05,-2.2893117133548913e-05,0.0,True
22100705,192,192,96.0,96.0,91.0,104.0,104.0,91.0,1.0,0.0,0.0,0.0,True
22100706,202,202,101.0,101.0,125.0,136.0,136.0,125.0,1.0,0.0,0.0,0.0,True
22100707,191,191,96.0,95.0,111.0,117.0,117.0000432891036,111.00004807706152,1.0,-4.328910360129612e-05,-4.807706152121227e-05,1.0,True
22100708,170,170,85.0,85.0,92.0,94.0,94.0,92.0,1.0,0.0,0.0,0.0,True
22100709,189,189,95.0,94.0,93.0,95.0,95.0,93.0,1.0,0.0,0.0,1.0,True
22100710,192,192,97.0,95.0,124.0,130.0,130.0,124.0,1.0,0.0,0.0,2.0,True
22100711,202,202,100.0,102.0,111.0,91.0,91.0,111.0,1.0,0.0,0.0,2.0,True
22100712,202,202,101.0,101.0,113.0,117.0,117.00004809959667,113.00014179752279,1.0,-4.8099596668294e-05,-0.00014179752278664637,0.0,True
22100713,196,196,98.0,98.0,109.0,115.0,115.0,109.0,1.0,0.0,0.0,0.0,True
22100714,204,204,102.0,102.0,110.0,105.0,104.99999981751161,110.00000556092496,1.0,1.824883923973175e-07,-5.560924961400815e-06,0.0,True
22100715,199,199,100.0,99.0,113.0,125.0,125.00003865559526,113.00001252474794,1.0,-3.865559526161633e-05,-1.2524747944553383e-05,1.0,True
22100716,212,212,106.0,106.0,116.0,115.0,115.0,116.0,1.0,0.0,0.0,0.0,True
22100717,192,192,96.0,96.0,75.0,128.0,128.0,75.0,1.0,0.0,0.0,0.0,True
22100718,189,189,95.0,94.0,106.0,96.0,96.0,106.0,1.0,0.0,0.0,1.0,True
22100719,208,208,104.0,104.0,134.0,104.0,104.0,134.0,1.0,0.0,0.0,0.0,True
22100720,198,198,99.0,99.0,92.0,130.0,130.0,92.0,1.0,0.0,0.0,0.0,True
22100721,201,201,100.0,101.0,109.0,107.0,107.0,109.0,1.0,0.0,0.0,1.0,True
22100722,188,188,95.0,93.0,99.0,115.0,115.0,99.0,1.0,0.0,0.0,2.0,True
22100723,213,213,106.0,107.0,158.0,126.0,126.0,158.0,1.0,0.0,0.0,1.0,True
22100724,199,199,100.0,99.0,111.0,102.0,102.0,111.0,1.0,0.0,0.0,1.0,True
22100725,198,198,99.0,99.0,104.0,121.0,121.0,104.0,1.0,0.0,0.0,0.0,True
22100726,200,200,100.0,100.0,133.0,97.0,97.0,133.0,1.0,0.0,0.0,0.0,True
22100727,186,186,93.0,93.0,96.0,110.0,110.0,96.0,1.0,0.0,0.0,0.0,True
22100728,198,198,99.0,99.0,118.0,110.0,110.00005462006621,118.00006512683402,1.0,-5.462006620859938e-05,-6.512683401638242e-05,0.0,True
22100729,206,206,103.0,103.0,116.0,105.0,104.99992552862903,116.000151798834,1.0,7.447137096505685e-05,-0.00015179883399696337,0.0,True
22100730,204,204,102.0,102.0,111.0,110.0,110.00001689146097,111.00013010457396,1.0,-1.6891460973056382e-05,-0.00013010457395523645,0.0,True
22100731,183,183,92.0,91.0,105.0,97.0,97.0,105.0,1.0,0.0,0.0,1.0,True
22100732,194,194,98.0,96.0,132.0,112.0,112.00011760356284,131.99999597334352,1.0,-0.00011760356284185036,4.026656483802071e-06,2.0,True
22100733,198,198,98.0,100.0,87.0,105.0,105.0,87.0,1.0,0.0,0.0,2.0,True
22100734,206,206,103.0,103.0,115.0,124.0,124.0,115.0,1.0,0.0,0.0,0.0,True
22100735,192,192,96.0,96.0,114.0,117.0,117.00003683451709,114.00003849743744,1.0,-3.683451708980101e-05,-3.849743744410716e-05,0.0,True
22100736,199,199,100.0,99.0,103.0,119.0,118.99999853086271,103.0000336996749,1.0,1.4691372882680298e-06,-3.369967490129966e-05,1.0,True
22100737,195,195,97.0,98.0,92.0,108.0,108.0,92.0,1.0,0.0,0.0,1.0,True
22100738,206,206,103.0,103.0,114.0,121.0,121.0,114.0,1.0,0.0,0.0,0.0,True
22100739,202,202,101.0,101.0,125.0,110.0,110.0,125.0,1.0,0.0,0.0,0.0,True
22100740,198,198,99.0,99.0,109.0,119.0,119.0,109.0,1.0,0.0,0.0,0.0,True
22100741,214,214,106.0,108.0,113.0,110.0,110.00004323679917,113.00002242096771,1.0,-4.323679917206391e-05,-2.242096770999069e-05,2.0,True
22100742,201,201,101.0,100.0,122.0,131.0,131.00002596250263,121.99998188504065,1.0,-2.59625026330923e-05,1.811495934589402e-05,1.0,True
22100743,200,200,100.0,100.0,124.0,134.0,134.0,124.0,1.0,0.0,0.0,0.0,True
22100744,199,199,99.0,100.0,108.0,123.0,123.0,108.0,1.0,0.0,0.0,1.0,True
22100745,189,189,94.0,95.0,107.0,97.0,97.0,107.0,1.0,0.0,0.0,1.0,True
22100746,195,195,98.0,97.0,105.0,132.0,132.0,105.0,1.0,0.0,0.0,1.0,True
22100747,188,188,95.0,93.0,101.0,103.0,103.0,101.0,1.0,0.0,0.0,2.0,True
22100748,234,234,116.0,118.0,124.0,120.0,120.00003305814437,124.000019117941,1.0,-3.3058144367714704e-05,-1.9117940993851334e-05,2.0,True
22100749,186,186,93.0,93.0,95.0,115.0,115.0,95.0,1.0,0.0,0.0,0.0,True
22100750,193,193,96.0,97.0,106.0,110.0,110.00005774465751,106.00003531644391,1.0,-5.774465751073876e-05,-3.5316443913302464e-05,1.0,True
22100751,204,204,102.0,102.0,121.0,129.0,129.0,121.0,1.0,0.0,0.0,0.0,True
22100752,206,206,103.0,103.0,115.0,90.0,90.0,115.0,1.0,0.0,0.0,0.0,True
22100753,193,193,97.0,96.0,116.0,130.0,130.0,116.0,1.0,0.0,0.0,1.0,True
22100754,184,184,92.0,92.0,105.0,115.0,115.00001808086948,105.00003480936178,1.0,-1.8080869480741057e-05,-3.480936177879812e-05,0.0,True
22100755,195,195,98.0,97.0,108.0,110.0,110.0,108.0,1.0,0.0,0.0,1.0,True
22100756,190,190,95.0,95.0,136.0,100.0,100.00002555987994,136.00002330605017,1.0,-2.5559879944125896e-05,-2.3306050167093417e-05,0.0,True
22100757,201,201,101.0,100.0,106.0,126.0,126.0,106.0,1.0,0.0,0.0,1.0,True
22100758,197,197,98.0,99.0,110.0,115.0,115.0,110.0,1.0,0.0,0.0,1.0,True
22100759,180,180,90.0,90.0,90.0,93.0,93.0,90.0,1.0,0.0,0.0,0.0,True
22100760,199,199,100.0,99.0,116.0,122.0,122.0,116.0,1.0,0.0,0.0,1.0,True
22100761,218,218,109.0,109.0,119.0,122.0,122.0000642942166,119.00006983265811,1.0,-6.429421659959189e-05,-6.983265811300043e-05,0.0,True
22100762,192,192,96.0,96.0,92.0,122.0,122.00003753448514,91.99999424109048,1.0,-3.753448514487445e-05,5.758909523478906e-06,0.0,True
22100763,198,198,99.0,99.0,96.0,116.0,116.0,96.0,1.0,0.0,0.0,0.0,True
22100764,194,194,97.0,97.0,122.0,108.0,108.0,122.0,1.0,0.0,0.0,0.0,True
22100765,186,186,92.0,94.0,81.0,98.0,98.0,81.0,1.0,0.0,0.0,2.0,True
22100766,195,195,98.0,97.0,111.0,101.0,101.0000154454707,111.00010388529647,1.0,-1.5445470694430696e-05,-0.00010388529646832012,1.0,True
22100767,195,195,98.0,97.0,106.0,100.0,100.0000460799828,106.00003133816307,1.0,-4.607998279482217e-05,-3.133816306899462e-05,1.0,True
22100768,187,187,93.0,94.0,98.0,112.0,112.0,98.0,1.0,0.0,0.0,1.0,True
22100769,199,199,99.0,100.0,115.0,126.0,126.0,115.0,1.0,0.0,0.0,1.0,True
22100770,201,201,100.0,101.0,115.0,130.0,130.00002616410262,115.00006893435732,1.0,-2.616410262135105e-05,-6.893435731569753e-05,1.0,True
22100771,200,200,101.0,99.0,124.0,120.0,119.99998977454618,124.00004430878876,1.0,1.0225453820567054e-05,-4.4308788758939954e-05,2.0,True
22100772,190,190,94.0,96.0,111.0,121.0,120.99994051665895,111.00006772946004,1.0,5.948334104743935e-05,-6.772946004218738e-05,2.0,True
22100773,214,214,106.0,108.0,119.0,118.0,118.0,119.0,1.0,0.0,0.0,2.0,True
22100774,179,179,90.0,89.0,106.0,103.0,103.00007225684182,106.00001829283823,1.0,-7.225684181833003e-05,-1.8292838234401643e-05,1.0,True
22100775,200,200,100.0,100.0,107.0,113.0,113.00004168950863,107.00005023021073,1.0,-4.168950863459031e-05,-5.02302107321384e-05,0.0,True
22100776,205,205,103.0,102.0,120.0,108.0,108.0,120.0,1.0,0.0,0.0,1.0,True
22100777,193,193,96.0,97.0,104.0,115.0,115.0,104.0,1.0,0.0,0.0,1.0,True
22100778,201,201,101.0,100.0,120.0,114.0,114.0,120.0,1.0,0.0,0.0,1.0,True
22100779,184,184,91.0,93.0,104.0,108.0,108.00001172227915,104.0000281857948,1.0,-1.1722279154469106e-05,-2.8185794803903264e-05,2.0,True
22100780,186,186,93.0,93.0,101.0,112.0,112.0,101.0,1.0,0.0,0.0,0.0,True
22100781,195,195,98.0,97.0,94.0,99.0,99.0,94.0,1.0,0.0,0.0,1.0,True
22100782,207,207,103.0,104.0,128.0,117.0,117.00004348973127,128.00006270934378,1.0,-4.34897312686644e-05,-6.270934377994308e-05,1.0,True
22100783,203,203,101.0,102.0,115.0,124.0,124.0,115.0,1.0,0.0,0.0,1.0,True
22100784,186,186,93.0,93.0,106.0,110.0,110.0000054065751,106.00007637857975,1.0,-5.406575098731992e-06,-7.63785797488481e-05,0.0,True
22100785,193,193,96.0,97.0,114.0,126.0,125.99997557224351,114.00010419217301,1.0,2.4427756486034014e-05,-0.00010419217301205208,1.0,True
22100786,189,189,95.0,94.0,110.0,111.0,111.00008702524862,109.999982801552,1.0,-8.70252486180334e-05,1.7198448006183753e-05,1.0,True
22100787,190,190,95.0,95.0,102.0,101.0,101.0,102.0,1.0,0.0,0.0,0.0,True
22100788,194,194,96.0,98.0,102.0,93.0,93.00006680854601,102.00005010221592,1.0,-6.680854600915609e-05,-5.010221592272046e-05,2.0,True
22100789,197,197,99.0,98.0,122.0,115.0,115.0,122.0,1.0,0.0,0.0,1.0,True
22100790,193,193,97.0,96.0,114.0,125.0,125.00002715196315,114.00010128979008,1.0,-2.7151963152505232e-05,-0.00010128979008072747,1.0,True
22100791,177,177,88.0,89.0,98.0,107.0,107.0,98.0,1.0,0.0,0.0,1.0,True
22100792,201,201,101.0,100.0,106.0,131.0,131.0,106.0,1.0,0.0,0.0,1.0,True
22100793,192,192,96.0,96.0,102.0,125.0,125.0,102.0,1.0,0.0,0.0,0.0,True
22100794,188,188,94.0,94.0,113.0,105.0,104.99999111661643,113.00003927014303,1.0,8.88338357185603e-06,-3.9270143034286775e-05,0.0,True
22100795,193,193,96.0,97.0,96.0,93.0,93.00005713957646,96.0000642240323,1.0,-5.713957645525625e-05,-6.422403230033069e-05,1.0,True
22100796,206,206,103.0,103.0,135.0,115.0,115.0,135.0,1.0,0.0,0.0,0.0,True
22100797,200,200,101.0,99.0,104.0,86.0,86.0,104.0,1.0,0.0,0.0,2.0,True
22100798,183,183,92.0,91.0,95.0,80.0,80.0,95.0,1.0,0.0,0.0,1.0,True
22100799,221,221,111.0,110.0,115.0,122.0,122.0,115.0,1.0,0.0,0.0,1.0,True
22100800,200,200,100.0,100.0,137.0,108.0,108.0,137.0,1.0,0.0,0.0,0.0,True
22100801,200,200,100.0,100.0,103.0,113.0,113.0,103.0,1.0,0.0,0.0,0.0,True
22100802,186,186,93.0,93.0,119.0,108.0,108.0,119.0,1.0,0.0,0.0,0.0,True
22100803,195,195,97.0,98.0,105.0,118.0,117.99999936592758,105.00015239319978,1.0,6.340724212350324e-07,-0.00015239319978377353,1.0,True
22100804,197,197,98.0,99.0,104.0,124.0,124.00004098414473,103.99998483447608,1.0,-4.098414473219236e-05,1.516552391933601e-05,1.0,True
22100805,186,186,93.0,93.0,85.0,98.0,98.0,85.0,1.0,0.0,0.0,0.0,True
22100806,199,199,100.0,99.0,116.0,83.0,83.0,116.0,1.0,0.0,0.0,1.0,True
22100807,189,189,95.0,94.0,94.0,103.0,103.0,94.0,1.0,0.0,0.0,1.0,True
22100808,194,194,97.0,97.0,120.0,107.0,107.0,120.0,1.0,0.0,0.0,0.0,True
22100809,203,203,102.0,101.0,137.0,113.0,113.0,137.0,1.0,0.0,0.0,1.0,True
22100810,201,201,101.0,100.0,116.0,101.0,101.0,116.0,1.0,0.0,0.0,1.0,True
22100811,197,197,98.0,99.0,121.0,100.0,100.0,121.0,1.0,0.0,0.0,1.0,True
22100812,194,194,97.0,97.0,127.0,124.0,124.0,127.0,1.0,0.0,0.0,0.0,True
22100813,197,197,99.0,98.0,110.0,98.0,98.0,110.0,1.0,0.0,0.0,1.0,True
22100814,197,197,98.0,99.0,104.0,113.0,113.0,104.0,1.0,0.0,0.0,1.0,True
22100815,206,206,102.0,104.0,114.0,109.0,109.0000511062922,114.00012151354562,1.0,-5.1106292204394776e-05,-0.00012151354562206507,2.0,True
22100816,197,197,98.0,99.0,112.0,133.0,133.0,112.0,1.0,0.0,0.0,1.0,True
22100817,196,196,98.0,98.0,126.0,91.0,91.0,126.0,1.0,0.0,0.0,0.0,True
22100818,207,207,104.0,103.0,109.0,135.0,135.0,109.0,1.0,0.0,0.0,1.0,True
22100819,197,197,98.0,99.0,97.0,110.0,110.0,97.0,1.0,0.0,0.0,1.0,True
22100820,191,191,95.0,96.0,86.0,116.0,116.00000393510693,86.0001147910515,1.0,-3.93510693186272e-06,-0.00011479105150158375,1.0,True
22100821,197,197,98.0,99.0,115.0,132.0,132.00014035500953,114.9999783504265,1.0,-0.00014035500953468727,2.1649573497484198e-05,1.0,True
22100822,201,201,101.0,100.0,131.0,116.0,116.0,131.0,1.0,0.0,0.0,1.0,True
22100823,195,195,98.0,97.0,113.0,95.0,95.00001234319184,112.99999011161961,1.0,-1.2343191841068801e-05,9.888380390066231e-06,1.0,True
22100824,214,214,107.0,107.0,134.0,114.0,114.0,134.0,1.0,0.0,0.0,0.0,True
22100825,197,197,98.0,99.0,92.0,105.0,105.00000369467216,92.00011567479959,1.0,-3.6946721593267284e-06,-0.00011567479958785043,1.0,True
22100826,197,197,98.0,99.0,121.0,109.0,109.0,121.0,1.0,0.0,0.0,1.0,True
22100827,194,194,97.0,97.0,117.0,98.0,98.0,117.0,1.0,0.0,0.0,0.0,True
22100828,183,183,92.0,91.0,85.0,111.0,111.0,85.0,1.0,0.0,0.0,1.0,True
22100829,193,193,97.0,96.0,105.0,107.0,107.0,105.0,1.0,0.0,0.0,1.0,True
22100830,206,206,102.0,104.0,119.0,132.0,132.00008315482629,118.99997993998099,1.0,-8.315482628518112e-05,2.006001901122545e-05,2.0,True
22100831,204,204,103.0,101.0,132.0,107.0,107.00004964054521,132.00000402751758,1.0,-4.964054521394701e-05,-4.027517576332684e-06,2.0,True
22100832,188,188,94.0,94.0,112.0,113.0,113.00004925286518,112.00006251233265,1.0,-4.925286518187022e-05,-6.251233264720213e-05,0.0,True
22100833,188,188,95.0,93.0,112.0,97.0,97.0,112.0,1.0,0.0,0.0,2.0,True
22100834,204,204,103.0,101.0,139.0,120.0,120.0,139.0,1.0,0.0,0.0,2.0,True
22100835,188,188,93.0,95.0,105.0,112.0,112.0,105.0,1.0,0.0,0.0,2.0,True
22100836,198,198,100.0,98.0,107.0,131.0,131.0,107.0,1.0,0.0,0.0,2.0,True
22100837,196,196,97.0,99.0,116.0,114.0,114.00001544986252,116.00000022997833,1.0,-1.5449862516447865e-05,-2.2997832616056257e-07,2.0,True
22100838,216,216,108.0,108.0,141.0,119.0,119.0,141.0,1.0,0.0,0.0,0.0,True
22100839,196,196,98.0,98.0,120.0,113.0,113.0,120.0,1.0,0.0,0.0,0.0,True
22100840,196,196,98.0,98.0,87.0,100.0,100.0,87.0,1.0,0.0,0.0,0.0,True
22100841,211,211,105.0,106.0,136.0,121.0,121.00000660300691,136.00001131797876,1.0,-6.6030069092448684e-06,-1.1317978760416736e-05,1.0,True
22100842,207,207,104.0,103.0,102.0,108.0,107.99999309954474,102.00006902604109,1.0,6.9004552614160275e-06,-6.902604108915966e-05,1.0,True
22100843,202,202,101.0,101.0,122.0,134.0,134.0,122.0,1.0,0.0,0.0,0.0,True
22100844,200,200,99.0,101.0,99.0,114.0,114.00000454120631,99.00002877133565,1.0,-4.541206308772416e-06,-2.877133564993528e-05,2.0,True
22100845,198,198,98.0,100.0,103.0,112.0,112.0,103.0,1.0,0.0,0.0,2.0,True
22100846,217,217,108.0,109.0,125.0,118.0,118.0,125.0,1.0,0.0,0.0,1.0,True
22100847,191,191,95.0,96.0,123.0,110.0,110.0,123.0,1.0,0.0,0.0,1.0,True
22100848,193,193,96.0,97.0,124.0,114.0,113.99999425319903,124.00005114794149,1.0,5.746800965766852e-06,-5.114794149108093e-05,1.0,True
22100849,184,184,92.0,92.0,93.0,103.0,103.0,93.0,1.0,0.0,0.0,0.0,True
22100850,189,189,95.0,94.0,110.0,109.0,109.00005082296751,110.00003677205373,1.0,-5.082296750913429e-05,-3.677205373264769e-05,1.0,True
22100851,198,198,98.0,100.0,111.0,115.0,115.0,111.0,1.0,0.0,0.0,2.0,True
22100852,203,203,101.0,102.0,101.0,106.0,106.00006359454845,100.99998921650098,1.0,-6.359454845039636e-05,1.0783499021727039e-05,1.0,True
22100853,185,185,93.0,92.0,99.0,97.0,97.0000163014086,98.99999674712193,1.0,-1.630140860697793e-05,3.2528780735674445e-06,1.0,True
22100854,199,199,99.0,100.0,115.0,117.0,117.00003565763538,115.00009847902709,1.0,-3.565763537949351e-05,-9.847902708770562e-05,1.0,True
22100855,214,214,107.0,107.0,105.0,132.0,132.0,105.0,1.0,0.0,0.0,0.0,True
22100856,197,197,99.0,98.0,95.0,105.0,105.0,95.0,1.0,0.0,0.0,1.0,True
22100857,199,199,100.0,99.0,129.0,120.0,120.0,129.0,1.0,0.0,0.0,1.0,True
22100858,189,189,95.0,94.0,94.0,103.0,103.0,94.0,1.0,0.0,0.0,1.0,True
22100859,205,205,102.0,103.0,85.0,109.0,109.0,85.0,1.0,0.0,0.0,1.0,True
22100860,218,218,108.0,110.0,127.0,123.0,123.0001031057096,127.00001714022063,1.0,-0.00010310570959859433,-1.7140220634814796e-05,2.0,True
22100861,204,204,101.0,103.0,109.0,120.0,120.00002242937197,108.99999822756043,1.0,-2.2429371966836698e-05,1.7724395746654409e-06,2.0,True
22100862,211,211,106.0,105.0,122.0,107.0,107.0,122.0,1.0,0.0,0.0,1.0,True
22100863,187,187,94.0,93.0,90.0,120.0,120.0,90.0,1.0,0.0,0.0,1.0,True
22100864,214,214,106.0,108.0,111.0,121.0,121.0000379752725,111.00006413564337,1.0,-3.7975272505264e-05,-6.413564337037769e-05,2.0,True
22100865,192,192,96.0,96.0,101.0,135.0,135.0,101.0,1.0,0.0,0.0,0.0,True
22100866,193,193,97.0,96.0,104.0,119.0,119.0,104.0,1.0,0.0,0.0,1.0,True
22100867,187,187,93.0,94.0,116.0,124.0,124.0,116.0,1.0,0.0,0.0,1.0,True
22100868,177,177,88.0,89.0,107.0,99.0,99.00003662408484,107.00002788038829,1.0,-3.662408484217394e-05,-2.7880388287826463e-05,1.0,True
22100869,184,184,92.0,92.0,135.0,87.0,87.0,135.0,1.0,0.0,0.0,0.0,True
22100870,204,204,102.0,102.0,119.0,128.0,128.0,119.0,1.0,0.0,0.0,0.0,True
22100871,237,237,118.0,119.0,120.0,126.0,126.00006070011305,120.00000778692383,1.0,-6.0700113053258065e-05,-7.78692383107682e-06,1.0,True
22100872,191,191,96.0,95.0,121.0,109.0,109.0,121.0,1.0,0.0,0.0,1.0,True
22100873,197,197,98.0,99.0,96.0,103.0,103.0,96.0,1.0,0.0,0.0,1.0,True
22100874,201,201,100.0,101.0,130.0,109.0,109.00004607844973,130.0000580374585,1.0,-4.6078449727815496e-05,-5.803745850130326e-05,1.0,True
22100875,198,198,99.0,99.0,112.0,111.0,110.99998767001175,112.00002751356094,1.0,1.2329988251735813e-05,-2.7513560937109105e-05,0.0,True
22100876,196,196,97.0,99.0,108.0,113.0,113.0,108.0,1.0,0.0,0.0,2.0,True
22100877,189,189,95.0,94.0,111.0,106.0,106.00006721876547,111.00008876899457,1.0,-6.721876546578187e-05,-8.876899457277432e-05,1.0,True
22100878,204,204,102.0,102.0,118.0,125.0,125.0,118.0,1.0,0.0,0.0,0.0,True
22100879,194,194,98.0,96.0,123.0,119.0,119.0,123.0,1.0,0.0,0.0,2.0,True
22100880,197,197,99.0,98.0,103.0,91.0,91.0,103.0,1.0,0.0,0.0,1.0,True
22100881,205,205,103.0,102.0,114.0,106.0,106.0000481598952,114.00000803817574,1.0,-4.815989520068342e-05,-8.038175735691766e-06,1.0,True
22100882,210,210,105.0,105.0,121.0,124.0,124.0,121.0,1.0,0.0,0.0,0.0,True
22100883,203,203,102.0,101.0,117.0,116.0,116.00003713139594,117.00005337898392,1.0,-3.713139594196946e-05,-5.337898392099305e-05,1.0,True
22100884,184,184,92.0,92.0,101.0,106.0,106.0,101.0,1.0,0.0,0.0,0.0,True
22100885,218,218,110.0,108.0,111.0,107.0,107.0,111.0,1.0,0.0,0.0,2.0,True
22100886,189,189,95.0,94.0,125.0,118.0,118.0000340304436,125.00007228117566,1.0,-3.4030443600840954e-05,-7.228117566171477e-05,1.0,True
22100887,205,205,103.0,102.0,123.0,120.0,120.00000427954872,123.00002050723177,1.0,-4.279548718955084e-06,-2.0507231766941914e-05,1.0,True
22100888,211,211,106.0,105.0,111.0,142.0,142.0,111.0,1.0,0.0,0.0,1.0,True
22100889,191,191,95.0,96.0,103.0,106.0,106.00002978813772,103.00003263160016,1.0,-2.978813772358535e-05,-3.2631600163313124e-05,1.0,True
22100890,207,207,103.0,104.0,129.0,106.0,106.0,129.0,1.0,0.0,0.0,1.0,True
22100891,198,198,99.0,99.0,108.0,112.0,112.0,108.0,1.0,0.0,0.0,0.0,True
22100892,201,201,101.0,100.0,114.0,119.0,119.0,114.0,1.0,0.0,0.0,1.0,True
22100893,211,211,106.0,105.0,124.0,104.0,104.00003900272763,124.00004532270668,1.0,-3.9002727632464484e-05,-4.5322706682782155e-05,1.0,True
22100894,198,198,100.0,98.0,132.0,95.0,95.0,132.0,1.0,0.0,0.0,2.0,True
22100895,206,206,103.0,103.0,128.0,110.0,110.0,128.0,1.0,0.0,0.0,0.0,True
22100896,203,203,101.0,102.0,93.0,125.0,125.0,93.0,1.0,0.0,0.0,1.0,True
22100897,221,221,111.0,110.0,129.0,125.0,125.0000371942572,129.00002847590082,1.0,-3.7194257203054804e-05,-2.8475900819557864e-05,1.0,True
22100898,207,207,104.0,103.0,111.0,119.0,119.0001022880417,111.00009301935935,1.0,-0.00010228804170253625,-9.301935935468464e-05,1.0,True
22100899,245,245,122.0,123.0,157.0,153.0,153.0000288020039,157.0000331942235,1.0,-2.8802003896544193e-05,-3.319422350500645e-05,1.0,True
22100900,205,205,103.0,102.0,115.0,100.0,100.0,115.0,1.0,0.0,0.0,1.0,True
22100901,201,201,101.0,100.0,133.0,102.0,102.00002598216582,133.00004448596025,1.0,-2.59821658232795e-05,-4.448596024531071e-05,1.0,True
22100902,195,195,97.0,98.0,117.0,102.0,102.0,117.0,1.0,0.0,0.0,1.0,True
22100903,185,185,92.0,93.0,109.0,114.0,114.0,109.0,1.0,0.0,0.0,1.0,True
22100904,202,202,101.0,101.0,105.0,102.0,102.0,105.0,1.0,0.0,0.0,0.0,True
22100905,189,189,94.0,95.0,113.0,104.0,104.00001466166177,113.00000886169855,1.0,-1.4661661765558165e-05,-8.861698546525076e-06,1.0,True
22100906,199,199,100.0,99.0,100.0,127.0,127.0,100.0,1.0,0.0,0.0,1.0,True
22100907,187,187,93.0,94.0,86.0,92.0,92.00003575503432,86.00001729794228,1.0,-3.575503431818561e-05,-1.7297942278560186e-05,1.0,True
22100908,209,209,104.0,105.0,129.0,133.0,133.0,129.0,1.0,0.0,0.0,1.0,True
22100909,210,210,105.0,105.0,116.0,110.0,110.00002994947629,116.00003636709852,1.0,-2.9949476285651144e-05,-3.63670985166209e-05,0.0,True
22100910,205,205,102.0,103.0,126.0,123.0,123.00002555589168,126.00003785545198,1.0,-2.555589168196093e-05,-3.785545197843021e-05,1.0,True
22100911,208,208,104.0,104.0,110.0,115.0,115.00003846643054,110.00001757084723,1.0,-3.8466430538619534e-05,-1.7570847234082976e-05,0.0,True
22100912,207,207,104.0,103.0,125.0,109.0,109.0,125.0,1.0,0.0,0.0,1.0,True
22100913,179,179,90.0,89.0,118.0,114.0,114.0,118.0,1.0,0.0,0.0,1.0,True
22100914,195,195,97.0,98.0,107.0,128.0,128.0,107.0,1.0,0.0,0.0,1.0,True
22100915,216,216,108.0,108.0,127.0,126.0,126.00001199957464,127.00003631454892,1.0,-1.1999574638821286e-05,-3.6314548921723144e-05,0.0,True
22100916,192,192,95.0,97.0,99.0,98.0,98.00005121834768,99.00002081149843,1.0,-5.121834767862765e-05,-2.0811498430362008e-05,2.0,True
22100917,194,194,97.0,97.0,107.0,101.0,101.00012768474257,107.00002157862836,1.0,-0.0001276847425657479,-2.15786283632724e-05,0.0,True
22100918,209,209,105.0,104.0,124.0,92.0,92.0,124.0,1.0,0.0,0.0,1.0,True
22100919,210,210,104.0,106.0,123.0,95.0,95.0,123.0,1.0,0.0,0.0,2.0,True
22100920,198,198,99.0,99.0,127.0,122.0,122.0,127.0,1.0,0.0,0.0,0.0,True
22100921,201,201,100.0,101.0,103.0,119.0,119.00007193770915,103.0000445115254,1.0,-7.193770915137065e-05,-4.45115254024131e-05,1.0,True
22100922,195,195,98.0,97.0,99.0,112.0,112.0,99.0,1.0,0.0,0.0,1.0,True
22100923,204,204,101.0,103.0,105.0,118.0,118.00005743994065,104.99997260451131,1.0,-5.743994064744129e-05,2.7395488686465796e-05,2.0,True
22100924,204,204,102.0,102.0,106.0,130.0,130.0,106.0,1.0,0.0,0.0,0.0,True
22100925,210,210,105.0,105.0,131.0,110.0,110.0,131.0,1.0,0.0,0.0,0.0,True
22100926,193,193,96.0,97.0,113.0,116.0,116.00017311393448,112.99998251385304,1.0,-0.00017311393447982937,1.7486146958844984e-05,1.0,True
22100927,187,187,94.0,93.0,98.0,107.0,106.99999750230145,98.00010443270207,1.0,2.49769854576698e-06,-0.00010443270207360911,1.0,True
22100928,187,187,94.0,93.0,108.0,109.0,109.00015452235354,107.99996172776017,1.0,-0.0001545223535401874,3.8272239834213906e-05,1.0,True
22100929,200,200,100.0,100.0,113.0,100.0,100.0,113.0,1.0,0.0,0.0,0.0,True
22100930,209,209,105.0,104.0,114.0,129.0,129.0,114.0,1.0,0.0,0.0,1.0,True
22100931,191,191,96.0,95.0,109.0,104.0,104.0,109.0,1.0,0.0,0.0,1.0,True
22100932,192,192,95.0,97.0,119.0,98.0,98.0,119.0,1.0,0.0,0.0,2.0,True
22100933,225,225,113.0,112.0,122.0,114.0,113.99999183122823,122.00003848696551,1.0,8.168771771011052e-06,-3.8486965507900095e-05,1.0,True
22100934,194,194,97.0,97.0,108.0,123.0,123.0,108.0,1.0,0.0,0.0,0.0,True
22100935,218,218,108.0,110.0,132.0,127.0,127.00005477663314,132.00002190438505,1.0,-5.4776633135134034e-05,-2.1904385050675046e-05,2.0,True
22100936,208,208,104.0,104.0,119.0,120.0,120.0,119.0,1.0,0.0,0.0,0.0,True
22100937,198,198,99.0,99.0,95.0,125.0,125.0,95.0,1.0,0.0,0.0,0.0,True
22100938,206,206,103.0,103.0,119.0,107.0,107.00003720578677,119.00005787156267,1.0,-3.7205786767913196e-05,-5.7871562674449706e-05,0.0,True
22100939,198,198,99.0,99.0,90.0,120.0,120.0,90.0,1.0,0.0,0.0,0.0,True
22100940,184,184,92.0,92.0,107.0,120.0,120.00002636515308,107.00004405183888,1.0,-2.636515307585796e-05,-4.4051838884229255e-05,0.0,True
22100941,186,186,93.0,93.0,113.0,107.0,107.0,113.0,1.0,0.0,0.0,0.0,True
22100942,183,183,92.0,91.0,108.0,106.0,106.00004661709303,108.00014831625435,1.0,-4.6617093033773926e-05,-0.00014831625435363094,1.0,True
22100943,182,182,91.0,91.0,113.0,122.0,122.00000690444848,113.00002629623575,1.0,-6.90444848316929e-06,-2.6296235745348895e-05,0.0,True
22100944,210,210,105.0,105.0,115.0,112.0,112.0000875620677,115.00008612647848,1.0,-8.756206770499375e-05,-8.612647847883181e-05,0.0,True
22100945,192,192,96.0,96.0,111.0,132.0,132.0,111.0,1.0,0.0,0.0,0.0,True
22100946,192,192,96.0,96.0,106.0,111.0,111.0000351128287,106.0000424324921,1.0,-3.511282869794741e-05,-4.2432492094235386e-05,0.0,True
22100947,190,190,95.0,95.0,119.0,125.0,125.0,119.0,1.0,0.0,0.0,0.0,True
22100948,188,188,94.0,94.0,117.0,114.0,114.00002879644444,117.00001369202968,1.0,-2.879644443964935e-05,-1.3692029682488283e-05,0.0,True
22100949,204,204,102.0,102.0,118.0,112.0,112.0,118.0,1.0,0.0,0.0,0.0,True
22100950,197,197,99.0,98.0,90.0,124.0,124.0,90.0,1.0,0.0,0.0,1.0,True
22100951,212,212,106.0,106.0,138.0,101.0,101.0,138.0,1.0,0.0,0.0,0.0,True
22100952,194,194,98.0,96.0,101.0,116.0,116.00006035296744,100.99997415664596,1.0,-6.035296743789331e-05,2.5843354038102007e-05,2.0,True
22100953,199,199,99.0,100.0,114.0,115.0,115.0,114.0,1.0,0.0,0.0,1.0,True
22100954,192,192,97.0,95.0,113.0,114.0,114.00002950722312,113.0000309267007,1.0,-2.9507223118230286e-05,-3.0926700702593735e-05,2.0,True
22100955,204,204,102.0,102.0,117.0,123.0,123.00004648647648,117.00002190603989,1.0,-4.648647647798043e-05,-2.1906039890495776e-05,0.0,True
22100956,178,178,89.0,89.0,82.0,99.0,99.0,82.0,1.0,0.0,0.0,0.0,True
22100957,205,205,102.0,103.0,96.0,124.0,124.0,96.0,1.0,0.0,0.0,1.0,True
22100958,196,196,98.0,98.0,121.0,134.0,135.0,121.0,1.0,-1.0,0.0,0.0,False
22100959,205,205,102.0,103.0,116.0,124.0,124.0,116.0,1.0,0.0,0.0,1.0,True
22100960,199,199,100.0,99.0,120.0,126.0,126.0,120.0,1.0,0.0,0.0,1.0,True
22100961,198,198,99.0,99.0,122.0,132.0,132.0,122.0,1.0,0.0,0.0,0.0,True
22100962,195,195,97.0,98.0,96.0,104.0,104.0,96.0,1.0,0.0,0.0,1.0,True
22100963,200,200,100.0,100.0,123.0,133.0,133.0,123.0,1.0,0.0,0.0,0.0,True
22100964,205,205,103.0,102.0,112.0,123.0,123.0,112.0,1.0,0.0,0.0,1.0,True
22100965,191,191,96.0,95.0,116.0,103.0,103.0,116.0,1.0,0.0,0.0,1.0,True
22100966,190,190,95.0,95.0,116.0,93.0,93.0,116.0,1.0,0.0,0.0,0.0,True
22100967,223,223,112.0,111.0,130.0,138.0,138.0,130.0,1.0,0.0,0.0,1.0,True
22100968,200,200,99.0,101.0,110.0,113.0,113.00006107362456,110.00004706769407,1.0,-6.107362456475585e-05,-4.706769406936928e-05,2.0,True
22100969,195,195,98.0,97.0,106.0,121.0,121.0,106.0,1.0,0.0,0.0,1.0,True
22100970,192,192,96.0,96.0,106.0,123.0,123.0,106.0,1.0,0.0,0.0,0.0,True
22100971,220,220,110.0,110.0,81.0,124.0,124.0,81.0,1.0,0.0,0.0,0.0,True
22100972,186,186,92.0,94.0,103.0,111.0,111.00001176328017,103.00001315144118,1.0,-1.176328017038486e-05,-1.315144118052558e-05,2.0,True
22100973,204,204,102.0,102.0,110.0,117.0,117.00001004080275,110.00002534414345,1.0,-1.0040802749244904e-05,-2.5344143452343815e-05,0.0,True
22100974,204,204,103.0,101.0,131.0,115.0,115.0,131.0,1.0,0.0,0.0,2.0,True
22100975,207,207,103.0,104.0,132.0,121.0,121.0,132.0,1.0,0.0,0.0,1.0,True
22100976,199,199,99.0,100.0,127.0,124.0,124.0,127.0,1.0,0.0,0.0,1.0,True
22100977,209,209,104.0,105.0,102.0,99.0,99.0,102.0,1.0,0.0,0.0,1.0,True
22100978,203,203,101.0,102.0,111.0,132.0,132.0,111.0,1.0,0.0,0.0,1.0,True
22100979,209,209,105.0,104.0,142.0,115.0,115.0,142.0,1.0,0.0,0.0,1.0,True
22100980,201,201,101.0,100.0,97.0,112.0,112.0,97.0,1.0,0.0,0.0,1.0,True
22100981,187,187,94.0,93.0,115.0,101.0,101.0,115.0,1.0,0.0,0.0,1.0,True
22100982,195,195,98.0,97.0,114.0,108.0,108.00003661748443,114.00003915893186,1.0,-3.6617484425960356e-05,-3.915893185535424e-05,1.0,True
22100983,200,200,100.0,100.0,111.0,90.0,90.0,111.0,1.0,0.0,0.0,0.0,True
22100984,196,196,97.0,99.0,115.0,124.0,124.0,115.0,1.0,0.0,0.0,2.0,True
22100985,233,233,117.0,116.0,130.0,139.0,139.00004857251338,130.00007405242255,1.0,-4.857251337853086e-05,-7.405242254776567e-05,1.0,True
22100986,206,206,103.0,103.0,102.0,132.0,132.0,102.0,1.0,0.0,0.0,0.0,True
22100987,198,198,99.0,99.0,108.0,102.0,102.0000283151977,108.00001362915134,1.0,-2.831519769586066e-05,-1.362915133995557e-05,0.0,True
22100988,183,183,92.0,91.0,107.0,77.0,76.99998363526143,107.00010687256113,1.0,1.636473857047349e-05,-0.00010687256113328658,1.0,True
22100989,193,193,96.0,97.0,119.0,104.0,104.00012741655848,118.99994110330701,1.0,-0.00012741655848458322,5.889669299108391e-05,1.0,True
22100990,191,191,95.0,96.0,85.0,123.0,123.0,85.0,1.0,0.0,0.0,1.0,True
22100991,196,196,98.0,98.0,106.0,100.0,99.9999167363807,105.99996678056219,1.0,8.326361930244275e-05,3.3219437810316776e-05,0.0,True
22100992,193,193,96.0,97.0,109.0,115.0,115.0,109.0,1.0,0.0,0.0,1.0,True
22100993,199,199,100.0,99.0,129.0,100.0,100.0,129.0,1.0,0.0,0.0,1.0,True
22100994,190,190,95.0,95.0,113.0,102.0,102.00005829652369,113.00008708643082,1.0,-5.829652369016003e-05,-8.708643082400158e-05,0.0,True
22100995,196,196,97.0,99.0,110.0,118.0,118.0,110.0,1.0,0.0,0.0,2.0,True
22100996,184,184,92.0,92.0,106.0,112.0,112.0,106.0,1.0,0.0,0.0,0.0,True
22100997,190,190,95.0,95.0,103.0,114.0,114.0,103.0,1.0,0.0,0.0,0.0,True
22100998,196,196,97.0,99.0,105.0,117.0,116.9999739824314,105.00014348352867,1.0,2.6017568600877894e-05,-0.00014348352867443737,2.0,True
22100999,196,196,98.0,98.0,113.0,100.0,100.00006658584486,113.00007424440699,1.0,-6.658584486274322e-05,-7.424440698855506e-05,0.0,True
22101000,208,208,104.0,104.0,114.0,118.0,118.0,114.0,1.0,0.0,0.0,0.0,True
22101001,202,202,101.0,101.0,142.0,120.0,120.0,142.0,1.0,0.0,0.0,0.0,True
22101002,199,199,99.0,100.0,102.0,104.0,104.00006179629533,102.00006811750126,1.0,-6.179629532709896e-05,-6.811750125734761e-05,1.0,True
22101003,206,206,103.0,103.0,117.0,112.0,112.0,117.0,1.0,0.0,0.0,0.0,True
22101004,193,193,96.0,97.0,109.0,122.0,122.0,109.0,1.0,0.0,0.0,1.0,True
22101005,207,207,104.0,103.0,113.0,104.0,104.0,113.0,1.0,0.0,0.0,1.0,True
22101006,191,191,95.0,96.0,91.0,101.0,101.00008300818854,91.00005762266535,1.0,-8.30081885396794e-05,-5.7622665352141667e-05,1.0,True
22101007,206,206,102.0,104.0,119.0,108.0,108.0,119.0,1.0,0.0,0.0,2.0,True
22101008,193,193,97.0,96.0,109.0,122.0,122.0,109.0,1.0,0.0,0.0,1.0,True
22101009,192,192,96.0,96.0,127.0,115.0,115.0,127.0,1.0,0.0,0.0,0.0,True
22101010,194,194,97.0,97.0,125.0,134.0,134.00002224881342,124.99999841955474,1.0,-2.224881342272056e-05,1.5804452573320305e-06,0.0,True
22101011,197,197,99.0,98.0,118.0,127.0,127.0,118.0,1.0,0.0,0.0,1.0,True
22101012,191,191,95.0,96.0,107.0,110.0,110.00010203219992,107.00004409036671,1.0,-0.00010203219991922197,-4.409036671404465e-05,1.0,True
22101013,180,180,90.0,90.0,106.0,102.0,102.0,106.0,1.0,0.0,0.0,0.0,True
22101014,186,186,93.0,93.0,95.0,92.0,92.00005895548867,95.0000840607798,1.0,-5.895548866874378e-05,-8.406077979827842e-05,0.0,True
22101015,207,207,103.0,104.0,116.0,114.0,114.0,116.0,1.0,0.0,0.0,1.0,True
22101016,198,198,99.0,99.0,128.0,131.0,131.0,128.0,1.0,0.0,0.0,0.0,True
22101017,204,204,102.0,102.0,105.0,130.0,130.0,105.0,1.0,0.0,0.0,0.0,True
22101018,204,204,102.0,102.0,125.0,118.0,118.00004160278009,125.000056080851,1.0,-4.160278008669138e-05,-5.608085099595428e-05,0.0,True
22101019,207,207,104.0,103.0,111.0,140.0,140.0,111.0,1.0,0.0,0.0,1.0,True
22101020,198,198,99.0,99.0,111.0,120.0,120.0,111.0,1.0,0.0,0.0,0.0,True
22101021,208,208,104.0,104.0,113.0,122.0,122.0,113.0,1.0,0.0,0.0,0.0,True
22101022,199,199,99.0,100.0,114.0,110.0,110.00002811880073,114.0000338334948,1.0,-2.811880072783879e-05,-3.383349479690878e-05,1.0,True
22101023,196,196,97.0,99.0,134.0,116.0,115.9999767411748,134.0000394814954,1.0,2.3258825194716337e-05,-3.948149540633494e-05,2.0,True
22101024,223,223,111.0,112.0,149.0,139.0,138.9999913819137,149.00005298945834,1.0,8.61808629792904e-06,-5.2989458339425255e-05,1.0,True
22101025,200,200,100.0,100.0,112.0,126.0,126.0,112.0,1.0,0.0,0.0,0.0,True
22101026,202,202,101.0,101.0,103.0,112.0,112.0,103.0,1.0,0.0,0.0,0.0,True
22101027,202,202,101.0,101.0,117.0,111.0,111.00003705196522,117.00011534539527,1.0,-3.705196522219012e-05,-0.00011534539527247034,0.0,True
22101028,205,205,103.0,102.0,114.0,103.0,103.0,114.0,1.0,0.0,0.0,1.0,True
22101029,207,207,103.0,104.0,135.0,102.0,102.0,135.0,1.0,0.0,0.0,1.0,True
22101030,209,209,104.0,105.0,150.0,108.0,108.0,150.0,1.0,0.0,0.0,1.0,True
22101031,190,190,96.0,94.0,98.0,105.0,105.0,98.0,1.0,0.0,0.0,2.0,True
22101032,196,196,98.0,98.0,131.0,115.0,115.0,131.0,1.0,0.0,0.0,0.0,True
22101033,187,187,93.0,94.0,106.0,116.0,116.0,106.0,1.0,0.0,0.0,1.0,True
22101034,187,187,94.0,93.0,118.0,114.0,114.0,118.0,1.0,0.0,0.0,1.0,True
22101035,200,200,99.0,101.0,127.0,109.0,109.00003748816238,127.00001017805256,1.0,-3.7488162377030676e-05,-1.0178052562537232e-05,2.0,True
22101036,175,175,88.0,87.0,113.0,111.0,111.00004641895462,113.00004700817931,1.0,-4.641895462498269e-05,-4.7008179308249964e-05,1.0,True
22101037,197,197,98.0,99.0,98.0,128.0,128.0,98.0,1.0,0.0,0.0,1.0,True
22101038,190,190,94.0,96.0,129.0,112.0,112.0,129.0,1.0,0.0,0.0,2.0,True
22101039,201,201,100.0,101.0,104.0,124.0,124.0,104.0,1.0,0.0,0.0,1.0,True
22101040,203,203,102.0,101.0,120.0,122.0,122.00002296589753,120.00013314921591,1.0,-2.2965897528592905e-05,-0.00013314921591245366,1.0,True
22101041,203,203,102.0,101.0,110.0,125.0,125.0,110.0,1.0,0.0,0.0,1.0,True
22101042,184,184,92.0,92.0,110.0,88.0,88.0,110.0,1.0,0.0,0.0,0.0,True
22101043,218,218,110.0,108.0,135.0,126.0,126.0,135.0,1.0,0.0,0.0,2.0,True
22101044,178,178,90.0,88.0,103.0,100.0,100.0,103.0,1.0,0.0,0.0,2.0,True
22101045,207,207,103.0,104.0,134.0,120.0,120.0,134.0,1.0,0.0,0.0,1.0,True
22101046,181,181,90.0,91.0,101.0,111.0,110.99999519771298,101.00007537716563,1.0,4.80228702315344e-06,-7.537716562922014e-05,1.0,True
22101047,195,195,97.0,98.0,105.0,120.0,120.0,105.0,1.0,0.0,0.0,1.0,True
22101048,199,199,100.0,99.0,123.0,128.0,128.0,123.0,1.0,0.0,0.0,1.0,True
22101049,210,210,105.0,105.0,116.0,119.0,119.00006749231115,116.00001477252863,1.0,-6.74923111461112e-05,-1.4772528629691806e-05,0.0,True
22101050,195,195,98.0,97.0,97.0,100.0,100.0,97.0,1.0,0.0,0.0,1.0,True
22101051,203,203,102.0,101.0,128.0,123.0,123.0,128.0,1.0,0.0,0.0,1.0,True
22101052,189,189,94.0,95.0,108.0,120.0,120.0,108.0,1.0,0.0,0.0,1.0,True
22101053,205,205,103.0,102.0,121.0,118.0,118.00000630249136,121.0000267592674,1.0,-6.302491357246254e-06,-2.6759267399256714e-05,1.0,True
22101054,201,201,100.0,101.0,124.0,91.0,91.0000351807991,124.00001504417445,1.0,-3.518079910236338e-05,-1.504417444664341e-05,1.0,True
22101055,196,196,98.0,98.0,92.0,121.0,121.0,92.0,1.0,0.0,0.0,0.0,True
22101056,195,195,97.0,98.0,102.0,129.0,129.0,102.0,1.0,0.0,0.0,1.0,True
22101057,192,192,96.0,96.0,126.0,97.0,97.0,126.0,1.0,0.0,0.0,0.0,True
22101058,209,209,105.0,104.0,119.0,138.0,137.99994674990288,119.00006957968347,1.0,5.3250097124646345e-05,-6.957968346910093e-05,1.0,True
22101059,194,194,97.0,97.0,108.0,129.0,129.0,108.0,1.0,0.0,0.0,0.0,True
22101060,194,194,97.0,97.0,109.0,113.0,113.0,109.0,1.0,0.0,0.0,0.0,True
22101061,197,197,98.0,99.0,119.0,127.0,127.0,119.0,1.0,0.0,0.0,1.0,True
22101062,189,189,94.0,95.0,98.0,129.0,129.0,98.0,1.0,0.0,0.0,1.0,True
22101063,213,213,107.0,106.0,122.0,98.0,98.0,122.0,1.0,0.0,0.0,1.0,True
22101064,211,211,106.0,105.0,117.0,112.0,112.0,117.0,1.0,0.0,0.0,1.0,True
22101065,199,199,100.0,99.0,85.0,90.0,90.0,85.0,1.0,0.0,0.0,1.0,True
22101066,222,222,111.0,111.0,127.0,124.0,124.0,127.0,1.0,0.0,0.0,0.0,True
22101067,180,180,89.0,91.0,108.0,93.0,93.0,108.0,1.0,0.0,0.0,2.0,True
22101068,183,183,91.0,92.0,124.0,104.0,104.0,124.0,1.0,0.0,0.0,1.0,True
22101069,181,181,90.0,91.0,93.0,88.0,88.00010163472098,93.00003807323787,1.0,-0.00010163472097701742,-3.807323787441419e-05,1.0,True
22101070,189,189,95.0,94.0,110.0,108.0,108.00006486485981,110.00002590942819,1.0,-6.486485980872203e-05,-2.5909428188697348e-05,1.0,True
22101071,187,187,93.0,94.0,103.0,106.0,106.0,103.0,1.0,0.0,0.0,1.0,True
22101072,197,197,98.0,99.0,131.0,120.0,120.0,131.0,1.0,0.0,0.0,1.0,True
22101073,204,204,102.0,102.0,119.0,115.0,115.0,119.0,1.0,0.0,0.0,0.0,True
22101074,189,189,94.0,95.0,106.0,113.0,113.0,106.0,1.0,0.0,0.0,1.0,True
22101075,189,189,94.0,95.0,106.0,114.0,114.0,106.0,1.0,0.0,0.0,1.0,True
22101076,183,183,92.0,91.0,99.0,113.0,113.0,99.0,1.0,0.0,0.0,1.0,True
22101077,189,189,94.0,95.0,97.0,115.0,115.0,97.0,1.0,0.0,0.0,1.0,True
22101078,198,198,99.0,99.0,132.0,123.0,123.0,132.0,1.0,0.0,0.0,0.0,True
22101079,196,196,99.0,97.0,108.0,110.0,110.0,108.0,1.0,0.0,0.0,2.0,True
22101080,190,190,95.0,95.0,90.0,94.0,94.0,90.0,1.0,0.0,0.0,0.0,True
22101081,195,195,98.0,97.0,117.0,111.0,111.0,117.0,1.0,0.0,0.0,1.0,True
22101082,198,198,99.0,99.0,98.0,126.0,126.0,98.0,1.0,0.0,0.0,0.0,True
22101083,190,190,94.0,96.0,115.0,127.0,126.99995711146765,115.00006387176717,1.0,4.288853234868384e-05,-6.387176716771137e-05,2.0,True
22101084,182,182,91.0,91.0,121.0,106.0,106.0,121.0,1.0,0.0,0.0,0.0,True
22101085,205,205,102.0,103.0,101.0,122.0,122.0000100900087,101.00002228516296,1.0,-1.0090008700558428e-05,-2.2285162955881788e-05,1.0,True
22101086,197,197,98.0,99.0,110.0,109.0,109.0,110.0,1.0,0.0,0.0,1.0,True
22101087,184,184,92.0,92.0,97.0,125.0,125.0,97.0,1.0,0.0,0.0,0.0,True
22101088,184,184,92.0,92.0,118.0,104.0,104.0,118.0,1.0,0.0,0.0,0.0,True
22101089,201,201,100.0,101.0,120.0,132.0,132.0,120.0,1.0,0.0,0.0,1.0,True
22101090,193,193,96.0,97.0,125.0,116.0,116.0,125.0,1.0,0.0,0.0,1.0,True
22101091,199,199,100.0,99.0,102.0,118.0,118.0,102.0,1.0,0.0,0.0,1.0,True
22101092,192,192,97.0,95.0,91.0,110.0,110.0,91.0,1.0,0.0,0.0,2.0,True
22101093,204,204,102.0,102.0,126.0,121.0,121.0,126.0,1.0,0.0,0.0,0.0,True
22101094,202,202,101.0,101.0,133.0,96.0,96.0,133.0,1.0,0.0,0.0,0.0,True
22101095,182,182,91.0,91.0,104.0,117.0,117.0,104.0,1.0,0.0,0.0,0.0,True
22101096,196,196,98.0,98.0,103.0,133.0,133.0,103.0,1.0,0.0,0.0,0.0,True
22101097,191,191,95.0,96.0,102.0,114.0,114.0,102.0,1.0,0.0,0.0,1.0,True
22101098,192,192,96.0,96.0,109.0,124.0,126.0,109.0,1.0,-2.0,0.0,0.0,False
22101099,197,197,99.0,98.0,140.0,130.0,130.00000873386008,140.00002250043372,1.0,-8.733860084930711e-06,-2.2500433715322288e-05,1.0,True
22101100,178,178,89.0,89.0,101.0,107.0,107.00003824074514,101.00004820212688,1.0,-3.824074514113818e-05,-4.820212687661751e-05,0.0,True
22101101,204,204,102.0,102.0,100.0,97.0,97.00003609545183,100.00005264226203,1.0,-3.609545183280716e-05,-5.2642262033941734e-05,0.0,True
22101102,191,191,95.0,96.0,110.0,121.0,121.0,110.0,1.0,0.0,0.0,1.0,True
22101103,174,174,87.0,87.0,111.0,103.0,103.0,111.0,1.0,0.0,0.0,0.0,True
22101104,193,193,97.0,96.0,95.0,116.0,116.0,95.0,1.0,0.0,0.0,1.0,True
22101105,194,194,98.0,96.0,125.0,106.0,106.0,125.0,1.0,0.0,0.0,2.0,True
22101106,199,199,100.0,99.0,122.0,97.0,97.00010985107765,121.99996028819898,1.0,-0.00010985107765293378,3.971180102269045e-05,1.0,True
22101107,179,179,90.0,89.0,107.0,103.0,103.0,107.0,1.0,0.0,0.0,1.0,True
22101108,214,214,106.0,108.0,114.0,110.0,110.0,114.0,1.0,0.0,0.0,2.0,True
22101109,183,183,91.0,92.0,91.0,131.0,131.0,91.0,1.0,0.0,0.0,1.0,True
22101110,186,186,93.0,93.0,98.0,94.0,94.0,98.0,1.0,0.0,0.0,0.0,True
22101111,196,196,97.0,99.0,110.0,95.0,95.0,110.0,1.0,0.0,0.0,2.0,True
22101112,199,199,99.0,100.0,102.0,127.0,127.0,102.0,1.0,0.0,0.0,1.0,True
22101113,202,202,101.0,101.0,107.0,113.0,113.00000540014481,107.00002645882633,1.0,-5.400144814871055e-06,-2.6458826326347662e-05,0.0,True
22101114,198,198,99.0,99.0,115.0,98.0,98.00003523318958,115.00002465710517,1.0,-3.523318957832089e-05,-2.465710517185471e-05,0.0,True
22101115,189,189,95.0,94.0,104.0,102.0,102.00004648152108,104.00003956241444,1.0,-4.648152108188697e-05,-3.956241444313946e-05,1.0,True
22101116,194,194,98.0,96.0,112.0,134.0,134.00002709415304,112.0000046731067,1.0,-2.7094153040252422e-05,-4.673106701602592e-06,2.0,True
22101117,197,197,98.0,99.0,115.0,123.0,123.00001264507902,115.00001986844141,1.0,-1.2645079024764527e-05,-1.9868441412995708e-05,1.0,True
22101118,193,193,96.0,97.0,104.0,114.0,114.0,104.0,1.0,0.0,0.0,1.0,True
22101119,188,188,94.0,94.0,108.0,116.0,116.0,108.0,1.0,0.0,0.0,0.0,True
22101120,201,201,101.0,100.0,119.0,110.0,110.0,119.0,1.0,0.0,0.0,1.0,True
22101121,174,174,87.0,87.0,100.0,114.0,114.0,100.0,1.0,0.0,0.0,0.0,True
22101122,198,198,98.0,100.0,113.0,109.0,109.00005287435033,113.00005532353934,1.0,-5.287435033096699e-05,-5.532353934256662e-05,2.0,True
22101123,200,200,100.0,100.0,101.0,107.0,107.0,101.0,1.0,0.0,0.0,0.0,True
22101124,196,196,98.0,98.0,132.0,123.0,123.0,132.0,1.0,0.0,0.0,0.0,True
22101125,191,191,96.0,95.0,100.0,123.0,123.0,100.0,1.0,0.0,0.0,1.0,True
22101126,191,191,95.0,96.0,104.0,109.0,109.0,104.0,1.0,0.0,0.0,1.0,True
22101127,210,210,105.0,105.0,112.0,115.0,115.0,112.0,1.0,0.0,0.0,0.0,True
22101128,210,210,105.0,105.0,123.0,120.0,120.00007894431516,123.00002451210393,1.0,-7.894431516319855e-05,-2.4512103934171137e-05,0.0,True
22101129,205,205,102.0,103.0,95.0,123.0,123.00007417682714,94.9999938462617,1.0,-7.417682714105922e-05,6.153738297598466e-06,1.0,True
22101130,214,214,106.0,108.0,134.0,131.0,130.9999968252376,134.0000041282205,1.0,3.174762412072596e-06,-4.128220496113499e-06,2.0,True
22101131,194,194,96.0,98.0,118.0,116.0,115.99992947346949,118.00013276215577,1.0,7.052653050720892e-05,-0.0001327621557720704,2.0,True
22101132,184,184,92.0,92.0,107.0,94.0,94.0,107.0,1.0,0.0,0.0,0.0,True
22101133,205,205,102.0,103.0,123.0,130.0,130.00003159834728,123.00002156825607,1.0,-3.159834727739508e-05,-2.1568256073578596e-05,1.0,True
22101134,189,189,95.0,94.0,110.0,128.0,128.0,110.0,1.0,0.0,0.0,1.0,True
22101135,188,188,94.0,94.0,115.0,120.0,121.0,115.0,1.0,-1.0,0.0,0.0,False
22101136,188,188,94.0,94.0,120.0,112.0,112.0,120.0,1.0,0.0,0.0,0.0,True
22101137,191,191,96.0,95.0,125.0,118.0,118.00007213706583,125.00000697436967,1.0,-7.213706582831492e-05,-6.974369668455438e-06,1.0,True
22101138,205,205,103.0,102.0,110.0,127.0,127.0,110.0,1.0,0.0,0.0,1.0,True
22101139,203,203,102.0,101.0,106.0,98.0,98.0,106.0,1.0,0.0,0.0,1.0,True
22101140,197,197,99.0,98.0,125.0,114.0,114.0,125.0,1.0,0.0,0.0,1.0,True
22101141,210,210,104.0,106.0,102.0,125.0,125.0,102.0,1.0,0.0,0.0,2.0,True
22101142,209,209,104.0,105.0,121.0,118.0,118.0,121.0,1.0,0.0,0.0,1.0,True
22101143,212,212,107.0,105.0,136.0,118.0,118.0,136.0,1.0,0.0,0.0,2.0,True
22101144,191,191,95.0,96.0,112.0,111.0,111.00002845158556,112.00001617656726,1.0,-2.8451585563971094e-05,-1.6176567257275565e-05,1.0,True
22101145,210,210,105.0,105.0,107.0,103.0,103.00003208922864,107.0000356769861,1.0,-3.208922863962016e-05,-3.567698610140724e-05,0.0,True
22101146,197,197,98.0,99.0,117.0,107.0,107.0,117.0,1.0,0.0,0.0,1.0,True
22101147,183,183,91.0,92.0,94.0,102.0,102.00003168442674,94.00001207618067,1.0,-3.168442674450489e-05,-1.2076180667008884e-05,1.0,True
22101148,226,226,113.0,113.0,120.0,119.0,119.0,120.0,1.0,0.0,0.0,0.0,True
22101149,217,217,109.0,108.0,130.0,135.0,135.0,130.0,1.0,0.0,0.0,1.0,True
22101150,190,190,95.0,95.0,109.0,122.0,122.0,109.0,1.0,0.0,0.0,0.0,True
22101151,192,192,97.0,95.0,102.0,89.0,89.0,102.0,1.0,0.0,0.0,2.0,True
22101152,194,194,97.0,97.0,103.0,135.0,135.0,103.0,1.0,0.0,0.0,0.0,True
22101153,198,198,98.0,100.0,123.0,128.0,128.0,123.0,1.0,0.0,0.0,2.0,True
22101154,202,202,101.0,101.0,122.0,117.0,117.0,122.0,1.0,0.0,0.0,0.0,True
22101155,211,211,106.0,105.0,114.0,122.0,122.0,114.0,1.0,0.0,0.0,1.0,True
22101156,198,198,99.0,99.0,153.0,119.0,119.0,153.0,1.0,0.0,0.0,0.0,True
22101157,200,200,101.0,99.0,110.0,101.0,101.00009914236283,110.00006315145302,1.0,-9.914236282781985e-05,-6.315145301982739e-05,2.0,True
22101158,197,197,99.0,98.0,111.0,130.0,130.0,111.0,1.0,0.0,0.0,1.0,True
22101159,208,208,104.0,104.0,136.0,130.0,130.00006329854756,136.00000536393995,1.0,-6.329854755904307e-05,-5.3639399482108274e-06,0.0,True
22101160,204,204,102.0,102.0,114.0,111.0,110.99998536581366,114.00004104045655,1.0,1.4634186342732391e-05,-4.1040456551399984e-05,0.0,True
22101161,207,207,104.0,103.0,114.0,144.0,144.00004435054834,114.0000060973956,1.0,-4.435054833606955e-05,-6.097395598203548e-06,1.0,True
22101162,187,187,93.0,94.0,119.0,101.0,101.0,119.0,1.0,0.0,0.0,1.0,True
22101163,209,209,104.0,105.0,115.0,122.0,122.0,115.0,1.0,0.0,0.0,1.0,True
22101164,185,185,93.0,92.0,127.0,109.0,109.0,127.0,1.0,0.0,0.0,1.0,True
22101165,187,187,93.0,94.0,107.0,111.0,111.0,107.0,1.0,0.0,0.0,1.0,True
22101166,191,191,95.0,96.0,102.0,144.0,144.0,102.0,1.0,0.0,0.0,1.0,True
22101167,192,192,95.0,97.0,118.0,112.0,112.0,118.0,1.0,0.0,0.0,2.0,True
22101168,202,202,101.0,101.0,129.0,118.0,118.00002081402619,129.00005835517968,1.0,-2.0814026186144474e-05,-5.835517967511805e-05,0.0,True
22101169,202,202,100.0,102.0,121.0,117.0,117.0000292658402,121.00005151578877,1.0,-2.9265840197467696e-05,-5.151578876905205e-05,2.0,True
22101170,197,197,99.0,98.0,112.0,108.0,108.0,112.0,1.0,0.0,0.0,1.0,True
22101171,192,192,96.0,96.0,118.0,88.0,88.0000316723414,118.00000480675031,1.0,-3.1672341393118586e-05,-4.806750311558972e-06,0.0,True
22101172,193,193,96.0,97.0,114.0,109.0,109.0,114.0,1.0,0.0,0.0,1.0,True
22101173,215,215,108.0,107.0,139.0,132.0,132.0,139.0,1.0,0.0,0.0,1.0,True
22101174,200,200,99.0,101.0,96.0,117.0,117.0,96.0,1.0,0.0,0.0,2.0,True
22101175,189,189,94.0,95.0,92.0,113.0,113.00004680108876,92.00003734094494,1.0,-4.680108875732003e-05,-3.734094494234341e-05,1.0,True
22101176,188,188,94.0,94.0,109.0,90.0,90.0,109.0,1.0,0.0,0.0,0.0,True
22101177,187,187,94.0,93.0,100.0,119.0,119.0,100.0,1.0,0.0,0.0,1.0,True
22101178,202,202,101.0,101.0,131.0,122.0,122.0,131.0,1.0,0.0,0.0,0.0,True
22101179,197,197,99.0,98.0,115.0,120.0,120.0,115.0,1.0,0.0,0.0,1.0,True
22101180,203,203,102.0,101.0,105.0,118.0,118.0,105.0,1.0,0.0,0.0,1.0,True
22101181,200,200,100.0,100.0,115.0,144.0,143.99136998949658,115.0086781175526,1.0,0.008630010503424046,-0.008678117552605613,0.0,True
22101182,193,193,96.0,97.0,108.0,118.0,118.0,108.0,1.0,0.0,0.0,1.0,True
22101183,202,202,101.0,101.0,127.0,106.0,106.0,127.0,1.0,0.0,0.0,0.0,True
22101184,211,211,106.0,105.0,132.0,114.0,114.0,132.0,1.0,0.0,0.0,1.0,True
22101185,192,192,96.0,96.0,94.0,98.0,98.0,94.0,1.0,0.0,0.0,0.0,True
22101186,203,203,102.0,101.0,116.0,97.0,97.0000152397058,115.99999338772125,1.0,-1.523970580308287e-05,6.6122787529820926e-06,1.0,True
22101187,232,232,116.0,116.0,115.0,121.0,121.00002899764392,115.00004578230575,1.0,-2.899764392338966e-05,-4.578230574736608e-05,0.0,True
22101188,196,196,98.0,98.0,123.0,109.0,109.0,123.0,1.0,0.0,0.0,0.0,True
22101189,219,219,109.0,110.0,110.0,121.0,121.0,110.0,1.0,0.0,0.0,1.0,True
22101190,192,192,95.0,97.0,131.0,113.0,113.00004023866333,131.0000030285066,1.0,-4.0238663331138014e-05,-3.0285065975022007e-06,2.0,True
22101191,198,198,99.0,99.0,110.0,98.0,98.0,110.0,1.0,0.0,0.0,0.0,True
22101192,196,196,99.0,97.0,103.0,118.0,118.0,103.0,1.0,0.0,0.0,2.0,True
22101193,195,195,97.0,98.0,117.0,94.0,94.0,117.0,1.0,0.0,0.0,1.0,True
22101194,187,187,93.0,94.0,101.0,137.0,137.0,101.0,1.0,0.0,0.0,1.0,True
22101195,209,209,105.0,104.0,109.0,113.0,113.0,109.0,1.0,0.0,0.0,1.0,True
22101196,212,212,106.0,106.0,101.0,128.0,128.00006147445882,100.99993858158957,1.0,-6.147445881765634e-05,6.141841042506258e-05,0.0,True
22101197,188,188,94.0,94.0,114.0,119.0,119.0,114.0,1.0,0.0,0.0,0.0,True
22101198,204,204,101.0,103.0,121.0,127.0,127.0,121.0,1.0,0.0,0.0,2.0,True
22101199,209,209,104.0,105.0,121.0,127.0,127.00008420991315,120.99994881627863,1.0,-8.420991315460924e-05,5.118372136792004e-05,1.0,True
22101200,185,185,93.0,92.0,94.0,127.0,127.0,94.0,1.0,0.0,0.0,1.0,True
22101201,200,200,100.0,100.0,109.0,122.0,122.0,109.0,1.0,0.0,0.0,0.0,True
22101202,212,212,106.0,106.0,112.0,128.0,128.0,112.0,1.0,0.0,0.0,0.0,True
22101203,208,208,104.0,104.0,131.0,101.0,101.00004071978246,131.00006483593194,1.0,-4.071978246145136e-05,-6.483593193706838e-05,0.0,True
22101204,193,193,97.0,96.0,114.0,92.0,92.0,114.0,1.0,0.0,0.0,1.0,True
22101205,184,184,92.0,92.0,107.0,118.0,118.0,107.0,1.0,0.0,0.0,0.0,True
22101206,205,205,103.0,102.0,115.0,117.0,117.0,115.0,1.0,0.0,0.0,1.0,True
22101207,193,193,96.0,97.0,109.0,113.0,113.0,109.0,1.0,0.0,0.0,1.0,True
22101208,186,186,92.0,94.0,133.0,117.0,117.0,133.0,1.0,0.0,0.0,2.0,True
22101209,194,194,96.0,98.0,78.0,128.0,128.0,78.0,1.0,0.0,0.0,2.0,True
22101210,195,195,97.0,98.0,111.0,105.0,105.0,111.0,1.0,0.0,0.0,1.0,True
22101211,199,199,99.0,100.0,101.0,120.0,120.0,101.0,1.0,0.0,0.0,1.0,True
22101212,197,197,98.0,99.0,98.0,117.0,117.0,98.0,1.0,0.0,0.0,1.0,True
22101213,210,210,105.0,105.0,114.0,141.0,141.0,114.0,1.0,0.0,0.0,0.0,True
22101214,205,205,103.0,102.0,120.0,133.0,133.0,120.0,1.0,0.0,0.0,1.0,True
22101215,195,195,97.0,98.0,100.0,94.0,94.00005735516481,99.99999919981106,1.0,-5.735516481308878e-05,8.001889426623165e-07,1.0,True
22101216,209,209,105.0,104.0,126.0,134.0,134.0,126.0,1.0,0.0,0.0,1.0,True
22101217,199,199,100.0,99.0,108.0,124.0,123.99999214085962,108.00008806027667,1.0,7.859140382038277e-06,-8.806027666707905e-05,1.0,True
22101218,207,207,104.0,103.0,115.0,133.0,133.0000131110928,115.00002923238662,1.0,-1.3111092812323477e-05,-2.9232386623334605e-05,1.0,True
22101219,200,200,100.0,100.0,120.0,130.0,130.0,120.0,1.0,0.0,0.0,0.0,True
22101220,226,226,113.0,113.0,146.0,141.0,141.0,146.0,1.0,0.0,0.0,0.0,True
22101221,195,195,97.0,98.0,130.0,114.0,114.0,130.0,1.0,0.0,0.0,1.0,True
22101222,197,197,98.0,99.0,88.0,138.0,138.0,88.0,1.0,0.0,0.0,1.0,True
22101223,204,204,102.0,102.0,139.0,110.0,110.0,139.0,1.0,0.0,0.0,0.0,True
22101224,205,205,102.0,103.0,124.0,120.0,120.0,124.0,1.0,0.0,0.0,1.0,True
22101225,189,189,94.0,95.0,128.0,107.0,107.0,128.0,1.0,0.0,0.0,1.0,True
22101226,192,192,96.0,96.0,94.0,105.0,105.0,94.0,1.0,0.0,0.0,0.0,True
22101227,198,198,99.0,99.0,111.0,125.0,125.00005019787551,111.0000449373621,1.0,-5.0197875509638834e-05,-4.493736210520183e-05,0.0,True
22101228,191,191,96.0,95.0,106.0,118.0,118.0000951939365,105.99996401002883,1.0,-9.519393650236907e-05,3.598997116682767e-05,1.0,True
22101229,197,197,99.0,98.0,116.0,109.0,109.00005838518544,116.00006201369564,1.0,-5.838518544010185e-05,-6.201369563996195e-05,1.0,True
22101230,196,196,98.0,98.0,111.0,80.0,80.0,111.0,1.0,0.0,0.0,0.0,True
22200001,193,193,97.0,96.0,117.0,126.0,126.0,117.0,1.0,0.0,0.0,1.0,True
22200002,224,224,112.0,112.0,109.0,123.0,123.0,109.0,1.0,0.0,0.0,0.0,True
22200003,201,201,101.0,100.0,109.0,113.0,113.00003879790476,109.0000128211218,1.0,-3.8797904764464874e-05,-1.282112179978867e-05,1.0,True
22200004,208,208,105.0,103.0,114.0,107.0,107.0,114.0,1.0,0.0,0.0,2.0,True
22200005,210,210,105.0,105.0,107.0,117.0,117.0,107.0,1.0,0.0,0.0,0.0,True
22200006,202,202,100.0,102.0,130.0,108.0,108.0,130.0,1.0,0.0,0.0,2.0,True
22200007,208,208,105.0,103.0,116.0,108.0,108.00000555736186,116.00005858043411,1.0,-5.557361859587218e-06,-5.8580434114219315e-05,2.0,True
22200008,198,198,99.0,99.0,105.0,108.0,108.0,105.0,1.0,0.0,0.0,0.0,True
22200009,212,212,106.0,106.0,112.0,115.0,115.0000510794202,112.00003319283375,1.0,-5.107942020288192e-05,-3.3192833754469575e-05,0.0,True
22200010,209,209,104.0,105.0,108.0,115.0,115.00002285257794,108.0001341148655,1.0,-2.2852577941989693e-05,-0.00013411486550296559,1.0,True
22200011,211,211,106.0,105.0,129.0,102.0,102.0,129.0,1.0,0.0,0.0,1.0,True
22200012,204,204,102.0,102.0,102.0,123.0,123.0,102.0,1.0,0.0,0.0,0.0,True
22200013,189,189,95.0,94.0,105.0,107.0,107.00000287852129,105.00010330702554,1.0,-2.878521286220348e-06,-0.00010330702554028903,1.0,True
22200014,202,202,101.0,101.0,115.0,108.0,108.00005304511166,115.00003084165043,1.0,-5.3045111656047084e-05,-3.084165042821496e-05,0.0,True
22200015,188,188,94.0,94.0,90.0,88.0,88.0,90.0,1.0,0.0,0.0,0.0,True
22200016,206,206,103.0,103.0,103.0,97.0,97.0,103.0,1.0,0.0,0.0,0.0,True
22200017,206,206,104.0,102.0,124.0,112.0,112.0,124.0,1.0,0.0,0.0,2.0,True
22200018,220,220,110.0,110.0,137.0,134.0,134.0000349666118,137.00006181673615,1.0,-3.496661179269722e-05,-6.181673614946703e-05,0.0,True
22200019,194,194,97.0,97.0,100.0,102.0,102.0,100.0,1.0,0.0,0.0,0.0,True
22200020,201,201,100.0,101.0,98.0,108.0,108.0,98.0,1.0,0.0,0.0,1.0,True
22200021,191,191,96.0,95.0,105.0,109.0,109.0,105.0,1.0,0.0,0.0,1.0,True
22200022,189,189,94.0,95.0,111.0,104.0,103.99999680087305,111.00006516352752,1.0,3.199126950903519e-06,-6.516352752328203e-05,1.0,True
22200023,207,207,103.0,104.0,106.0,130.0,130.0,106.0,1.0,0.0,0.0,1.0,True
22200024,203,203,101.0,102.0,129.0,122.0,122.0,129.0,1.0,0.0,0.0,1.0,True
22200025,224,224,112.0,112.0,132.0,126.0,126.00002129140277,132.00002561171198,1.0,-2.1291402774181734e-05,-2.5611711976125662e-05,0.0,True
22200026,213,213,106.0,107.0,128.0,123.0,123.0,128.0,1.0,0.0,0.0,1.0,True
22200027,212,212,107.0,105.0,111.0,113.0,113.00002273062303,111.00001261379445,1.0,-2.2730623030042807e-05,-1.2613794453386618e-05,2.0,True
22200028,187,187,93.0,94.0,114.0,105.0,105.00000333180313,114.0001401051942,1.0,-3.331803128503452e-06,-0.00014010519420537548,1.0,True
22200029,203,203,101.0,102.0,115.0,124.0,124.0,115.0,1.0,0.0,0.0,1.0,True
22200030,199,199,100.0,99.0,126.0,120.0,119.99998000428153,126.00002875708134,1.0,1.999571847477455e-05,-2.875708133842636e-05,1.0,True
22200031,189,189,95.0,94.0,109.0,112.0,111.99998736754677,109.000050128241,1.0,1.2632453234573404e-05,-5.0128240999924856e-05,1.0,True
22200032,192,192,97.0,95.0,128.0,96.0,96.0,128.0,1.0,0.0,0.0,2.0,True
22200033,198,198,99.0,99.0,105.0,125.0,125.0,105.0,1.0,0.0,0.0,0.0,True
22200034,199,199,99.0,100.0,96.0,137.0,137.00000520489385,96.00003140061555,1.0,-5.204893852805981e-06,-3.140061555484408e-05,1.0,True
22200035,207,207,104.0,103.0,117.0,122.0,122.00003970496957,117.00005351726033,1.0,-3.9704969566400905e-05,-5.3517260326430005e-05,1.0,True
22200036,196,196,98.0,98.0,111.0,109.0,108.9999570629428,111.00014691361095,1.0,4.293705720215257e-05,-0.00014691361094776312,0.0,True
22200037,202,202,101.0,101.0,106.0,104.0,104.0,106.0,1.0,0.0,0.0,0.0,True
22200038,201,201,100.0,101.0,126.0,109.0,109.0,126.0,1.0,0.0,0.0,1.0,True
22200039,204,204,101.0,103.0,107.0,117.0,117.0,107.0,1.0,0.0,0.0,2.0,True
22200040,220,220,110.0,110.0,122.0,121.0,121.00011241384095,122.00002548486852,1.0,-0.00011241384095228568,-2.548486851594589e-05,0.0,True
22200041,199,199,99.0,100.0,116.0,106.0,106.00005072921046,115.99999159549697,1.0,-5.072921045723433e-05,8.404503034853406e-06,1.0,True
22200042,219,219,110.0,109.0,125.0,130.0,130.0,125.0,1.0,0.0,0.0,1.0,True
22200043,194,194,97.0,97.0,112.0,95.0,95.000038487536,112.00006445911595,1.0,-3.848753600266264e-05,-6.445911594710196e-05,0.0,True
22200044,186,186,94.0,92.0,106.0,120.0,120.0,106.0,1.0,0.0,0.0,2.0,True
22200045,194,194,97.0,97.0,98.0,90.0,89.99999815165431,98.00003771770713,1.0,1.8483456898366057e-06,-3.771770713001388e-05,0.0,True
22200046,196,196,97.0,99.0,102.0,115.0,115.00002713028645,102.00005482960208,1.0,-2.7130286454735142e-05,-5.482960207814358e-05,2.0,True
22200047,200,200,100.0,100.0,102.0,120.0,120.0,102.0,1.0,0.0,0.0,0.0,True
22200048,198,198,99.0,99.0,108.0,114.0,114.00014602728547,107.99997946714906,1.0,-0.00014602728546719845,2.0532850939503078e-05,0.0,True
22200049,193,193,97.0,96.0,124.0,134.0,134.0000035719959,124.00006102539011,1.0,-3.571995904394498e-06,-6.102539011010322e-05,1.0,True
22200050,205,205,103.0,102.0,115.0,106.0,106.00002220917766,115.00000604625946,1.0,-2.220917765782815e-05,-6.046259457548331e-06,1.0,True
22200051,189,189,94.0,95.0,110.0,135.0,135.0,110.0,1.0,0.0,0.0,1.0,True
22200052,196,196,98.0,98.0,99.0,120.0,120.0,99.0,1.0,0.0,0.0,0.0,True
22200053,186,186,93.0,93.0,111.0,113.0,113.0,111.0,1.0,0.0,0.0,0.0,True
22200054,206,206,102.0,104.0,94.0,108.0,108.0,94.0,1.0,0.0,0.0,2.0,True
22200055,204,204,102.0,102.0,105.0,134.0,133.99994591915384,105.00008675716592,1.0,5.4080846155102336e-05,-8.675716591710625e-05,0.0,True
22200056,192,192,96.0,96.0,92.0,103.0,103.00004145799743,92.00002050701062,1.0,-4.1457997426164184e-05,-2.0507010617620836e-05,0.0,True
22200057,197,197,99.0,98.0,118.0,113.0,113.0,118.0,1.0,0.0,0.0,1.0,True
22200058,223,223,112.0,111.0,131.0,134.0,134.0,131.0,1.0,0.0,0.0,1.0,True
22200059,187,187,93.0,94.0,109.0,119.0,119.0,109.0,1.0,0.0,0.0,1.0,True
22200060,205,205,103.0,102.0,99.0,110.0,110.0,99.0,1.0,0.0,0.0,1.0,True
22200061,204,204,103.0,101.0,109.0,124.0,124.0,109.0,1.0,0.0,0.0,2.0,True
22200062,209,209,104.0,105.0,122.0,134.0,134.00005999617218,122.00004771497183,1.0,-5.999617218321873e-05,-4.771497182787243e-05,1.0,True
22200063,211,211,106.0,105.0,101.0,109.0,109.0,101.0,1.0,0.0,0.0,1.0,True
22200064,205,205,103.0,102.0,99.0,110.0,110.0,99.0,1.0,0.0,0.0,1.0,True
22200065,192,192,96.0,96.0,119.0,98.0,98.0,119.0,1.0,0.0,0.0,0.0,True
22200066,213,213,106.0,107.0,129.0,125.0,125.0,129.0,1.0,0.0,0.0,1.0,True
22200067,196,196,99.0,97.0,110.0,118.0,118.0,110.0,1.0,0.0,0.0,2.0,True
22200068,199,199,100.0,99.0,110.0,123.0,123.00001389342802,110.00001644112736,1.0,-1.3893428018718623e-05,-1.6441127357325058e-05,1.0,True
22200069,197,197,99.0,98.0,125.0,110.0,110.0,125.0,1.0,0.0,0.0,1.0,True
22200070,196,196,97.0,99.0,136.0,112.0,112.0,136.0,1.0,0.0,0.0,2.0,True
22200071,199,199,99.0,100.0,93.0,113.0,113.0,93.0,1.0,0.0,0.0,1.0,True
22200072,215,215,107.0,108.0,132.0,123.0,123.00003388424018,132.00001232181282,1.0,-3.3884240181691894e-05,-1.232181281807243e-05,1.0,True
22200073,184,184,92.0,92.0,112.0,90.0,90.0,112.0,1.0,0.0,0.0,0.0,True
22200074,202,202,101.0,101.0,127.0,117.0,117.0,127.0,1.0,0.0,0.0,0.0,True
22200075,203,203,101.0,102.0,108.0,119.0,118.9999862808344,108.00009663933066,1.0,1.3719165593784055e-05,-9.663933066406116e-05,1.0,True
22200076,216,216,108.0,108.0,102.0,111.0,111.0,102.0,1.0,0.0,0.0,0.0,True
22200077,212,212,106.0,106.0,124.0,129.0,129.00002630309987,124.00002502079849,1.0,-2.6303099872393432e-05,-2.5020798489094886e-05,0.0,True
22200078,190,190,95.0,95.0,101.0,117.0,117.0,101.0,1.0,0.0,0.0,0.0,True
22200079,198,198,99.0,99.0,111.0,124.0,124.00004922076486,110.99998157692815,1.0,-4.9220764864799094e-05,1.8423071850293127e-05,0.0,True
22200080,202,202,101.0,101.0,111.0,125.0,125.0,111.0,1.0,0.0,0.0,0.0,True
22200081,200,200,100.0,100.0,113.0,119.0,119.000008431891,113.00002858179836,1.0,-8.431891004079262e-06,-2.858179836096042e-05,0.0,True
22200082,210,210,105.0,105.0,113.0,120.0,120.0,113.0,1.0,0.0,0.0,0.0,True
22200083,191,191,96.0,95.0,125.0,116.0,116.0,125.0,1.0,0.0,0.0,1.0,True
22200084,205,205,103.0,102.0,114.0,109.0,109.0,114.0,1.0,0.0,0.0,1.0,True
22200085,202,202,101.0,101.0,115.0,123.0,123.0,115.0,1.0,0.0,0.0,0.0,True
22200086,215,215,107.0,108.0,117.0,111.0,111.0000733622651,117.00011747738938,1.0,-7.336226509835342e-05,-0.00011747738938083785,1.0,True
22200087,206,206,104.0,102.0,123.0,124.0,124.0,123.0,1.0,0.0,0.0,2.0,True
22200088,188,188,94.0,94.0,112.0,91.0,91.0,112.0,1.0,0.0,0.0,0.0,True
22200089,192,192,96.0,96.0,94.0,112.0,112.0,94.0,1.0,0.0,0.0,0.0,True
22200090,197,197,98.0,99.0,108.0,121.0,121.0000641511784,108.00000528291677,1.0,-6.415117840674611e-05,-5.282916774262958e-06,1.0,True
22200091,204,204,102.0,102.0,114.0,128.0,128.0,114.0,1.0,0.0,0.0,0.0,True
22200092,197,197,99.0,98.0,98.0,107.0,107.00003553186906,97.9999929406039,1.0,-3.553186905946859e-05,7.059396097019999e-06,1.0,True
22200093,181,181,90.0,91.0,105.0,114.0,114.00005279025187,104.99998253676267,1.0,-5.279025187121533e-05,1.7463237327319803e-05,1.0,True
22200094,193,193,96.0,97.0,109.0,124.0,124.00002442222754,108.99999709982457,1.0,-2.4422227539844243e-05,2.900175431364005e-06,1.0,True
22200095,197,197,99.0,98.0,110.0,121.0,121.0,110.0,1.0,0.0,0.0,1.0,True
22200096,203,203,102.0,101.0,115.0,108.0,108.0,115.0,1.0,0.0,0.0,1.0,True
22200097,197,197,99.0,98.0,118.0,111.0,111.0,118.0,1.0,0.0,0.0,1.0,True
22200098,208,208,104.0,104.0,109.0,116.0,116.0,109.0,1.0,0.0,0.0,0.0,True
22200099,206,206,103.0,103.0,109.0,139.0,139.0,109.0,1.0,0.0,0.0,0.0,True
22200100,197,197,99.0,98.0,108.0,110.0,110.0,108.0,1.0,0.0,0.0,1.0,True
22200101,207,207,104.0,103.0,105.0,121.0,121.0,105.0,1.0,0.0,0.0,1.0,True
22200102,198,198,99.0,99.0,93.0,95.0,95.0,93.0,1.0,0.0,0.0,0.0,True
22200103,189,189,95.0,94.0,108.0,99.0,99.0,108.0,1.0,0.0,0.0,1.0,True
22200104,195,195,97.0,98.0,109.0,116.0,116.00002919761202,109.00003149841936,1.0,-2.9197612022358044e-05,-3.149841936078701e-05,1.0,True
22200105,214,214,107.0,107.0,108.0,116.0,116.00000884294747,108.00002565011364,1.0,-8.842947465836914e-06,-2.5650113641972894e-05,0.0,True
22200106,197,197,99.0,98.0,107.0,116.0,115.99999750194326,107.00003073238798,1.0,2.498056744570931e-06,-3.073238798378952e-05,1.0,True
22200107,221,221,111.0,110.0,113.0,114.0,113.99999596534805,113.00005792701526,1.0,4.03465195120134e-06,-5.792701526274868e-05,1.0,True
22200108,185,185,92.0,93.0,121.0,111.0,111.0,121.0,1.0,0.0,0.0,1.0,True
22200109,191,191,96.0,95.0,107.0,110.0,110.00001562888659,107.00003842179679,1.0,-1.562888658668271e-05,-3.842179678770208e-05,1.0,True
22200110,202,202,101.0,101.0,112.0,99.0,99.0,112.0,1.0,0.0,0.0,0.0,True
22200111,204,204,102.0,102.0,88.0,106.0,106.0,88.0,1.0,0.0,0.0,0.0,True
22200112,195,195,98.0,97.0,109.0,101.0,101.0,109.0,1.0,0.0,0.0,1.0,True
22200113,205,205,103.0,102.0,91.0,116.0,116.0,91.0,1.0,0.0,0.0,1.0,True
22200114,220,220,110.0,110.0,143.0,100.0,100.0,143.0,1.0,0.0,0.0,0.0,True
22200115,184,184,92.0,92.0,100.0,103.0,103.0,100.0,1.0,0.0,0.0,0.0,True
22200116,201,201,101.0,100.0,111.0,106.0,106.00000809192126,111.00003649759303,1.0,-8.091921259278934e-06,-3.64975930295941e-05,1.0,True
22200117,228,228,113.0,115.0,117.0,120.0,120.0,117.0,1.0,0.0,0.0,2.0,True
22200118,208,208,105.0,103.0,129.0,130.0,130.00008659055126,129.00005155277964,1.0,-8.659055126258863e-05,-5.1552779638086577e-05,2.0,True
22200119,204,204,102.0,102.0,122.0,110.0,110.00001106326928,122.00003582911478,1.0,-1.1063269283795307e-05,-3.5829114779062365e-05,0.0,True
22200120,189,189,94.0,95.0,112.0,88.0,88.00005486815094,112.00000396648251,1.0,-5.486815094002395e-05,-3.9664825095542255e-06,1.0,True
22200121,204,204,103.0,101.0,99.0,101.0,101.00008758950847,99.00002298699542,1.0,-8.758950846754487e-05,-2.2986995418250444e-05,2.0,True
22200122,208,208,105.0,103.0,106.0,104.0,104.0000279119722,106.00004001687259,1.0,-2.7911972196648094e-05,-4.0016872588921615e-05,2.0,True
22200123,193,193,96.0,97.0,128.0,86.0,86.00000546495397,128.00000840392678,1.0,-5.464953972023068e-06,-8.403926784694704e-06,1.0,True
22200124,206,206,103.0,103.0,119.0,123.0,123.00002172645837,119.00005835035147,1.0,-2.1726458371063018e-05,-5.835035146617429e-05,0.0,True
22200125,213,213,106.0,107.0,99.0,130.0,130.0,99.0,1.0,0.0,0.0,1.0,True
22200126,200,200,100.0,100.0,113.0,106.0,106.00003117130736,113.00002154957217,1.0,-3.117130735574847e-05,-2.1549572167600672e-05,0.0,True
22200127,191,191,96.0,95.0,110.0,111.0,111.0,110.0,1.0,0.0,0.0,1.0,True
22200128,197,197,98.0,99.0,105.0,114.0,114.00000061031781,105.00004163945792,1.0,-6.103178122884856e-07,-4.163945791901824e-05,1.0,True
22200129,208,208,105.0,103.0,115.0,102.0,102.0,115.0,1.0,0.0,0.0,2.0,True
22200130,189,189,95.0,94.0,108.0,106.0,106.000038583914,108.00001247456602,1.0,-3.858391400513028e-05,-1.2474566020159727e-05,1.0,True
22200131,193,193,97.0,96.0,130.0,116.0,116.0,130.0,1.0,0.0,0.0,1.0,True
22200132,223,223,112.0,111.0,126.0,123.0,123.00001634769745,126.0000336376772,1.0,-1.63476974535115e-05,-3.363767720543365e-05,1.0,True
22200133,186,186,93.0,93.0,98.0,94.0,94.0,98.0,1.0,0.0,0.0,0.0,True
22200134,226,226,113.0,113.0,121.0,124.0,124.0000955186149,121.00000712278852,1.0,-9.551861489853763e-05,-7.122788517222034e-06,0.0,True
22200135,194,194,97.0,97.0,133.0,118.0,118.0,133.0,1.0,0.0,0.0,0.0,True
22200136,193,193,96.0,97.0,94.0,108.0,108.0000630598829,94.00004319358771,1.0,-6.305988290478126e-05,-4.319358771454063e-05,1.0,True
22200137,204,204,103.0,101.0,117.0,129.0,129.0,117.0,1.0,0.0,0.0,2.0,True
22200138,195,195,97.0,98.0,101.0,126.0,126.00007575086264,101.00002600738533,1.0,-7.575086263500452e-05,-2.6007385329762656e-05,1.0,True
22200139,189,189,94.0,95.0,82.0,102.0,102.00002507817148,82.00006420605992,1.0,-2.5078171475456656e-05,-6.42060599176375e-05,1.0,True
22200140,200,200,100.0,100.0,114.0,100.0,100.0000901549006,113.99997453902051,1.0,-9.015490060448883e-05,2.5460979486524593e-05,0.0,True
22200141,191,191,96.0,95.0,104.0,113.0,113.0,104.0,1.0,0.0,0.0,1.0,True
22200142,188,188,94.0,94.0,97.0,103.0,103.00008587794404,97.00001622001967,1.0,-8.587794404490978e-05,-1.62200196740514e-05,0.0,True
22200143,198,198,99.0,99.0,110.0,102.0,102.0,110.0,1.0,0.0,0.0,0.0,True
22200144,193,193,96.0,97.0,108.0,100.0,100.0,108.0,1.0,0.0,0.0,1.0,True
22200145,203,203,101.0,102.0,134.0,127.0,127.0000062507739,134.00004649937182,1.0,-6.250773893157202e-06,-4.649937181966379e-05,1.0,True
22200146,203,203,102.0,101.0,103.0,112.0,111.99997060161131,103.00004674769812,1.0,2.9398388690538013e-05,-4.6747698121407666e-05,1.0,True
22200147,201,201,101.0,100.0,122.0,129.0,129.0,122.0,1.0,0.0,0.0,1.0,True
22200148,185,185,93.0,92.0,88.0,100.0,100.0000646445847,88.00000144993203,1.0,-6.464458469679357e-05,-1.44993202866317e-06,1.0,True
22200149,202,202,101.0,101.0,98.0,117.0,117.0,98.0,1.0,0.0,0.0,0.0,True
22200150,188,188,94.0,94.0,110.0,107.0,107.00000384819032,110.00003081690288,1.0,-3.84819031751249e-06,-3.0816902878427754e-05,0.0,True
22200151,204,204,102.0,102.0,97.0,111.0,111.0,97.0,1.0,0.0,0.0,0.0,True
22200152,197,197,98.0,99.0,109.0,106.0,105.99999720437692,109.00000891982252,1.0,2.795623075257936e-06,-8.919822519715126e-06,1.0,True
22200153,205,205,103.0,102.0,120.0,107.0,107.0,120.0,1.0,0.0,0.0,1.0,True
22200154,205,205,103.0,102.0,115.0,109.0,109.00002379863703,115.00000470093264,1.0,-2.379863703083629e-05,-4.700932635159916e-06,1.0,True
22200155,173,173,87.0,86.0,94.0,96.0,96.00010096011817,94.00001156278826,1.0,-0.0001009601181749531,-1.1562788259311674e-05,1.0,True
22200156,207,207,104.0,103.0,113.0,116.0,116.0,113.0,1.0,0.0,0.0,1.0,True
22200157,205,205,102.0,103.0,116.0,139.0,139.0,116.0,1.0,0.0,0.0,1.0,True
22200158,196,196,98.0,98.0,117.0,119.0,119.00007486987202,117.00009692937279,1.0,-7.486987202298678e-05,-9.692937278771296e-05,0.0,True
22200159,182,182,92.0,90.0,105.0,95.0,95.0,105.0,1.0,0.0,0.0,2.0,True
22200160,217,217,108.0,109.0,122.0,119.0,119.0,122.0,1.0,0.0,0.0,1.0,True
22200161,188,188,93.0,95.0,87.0,94.0,94.0000715546765,86.9999901612393,1.0,-7.155467649511138e-05,9.838760703928529e-06,2.0,True
22200162,207,207,104.0,103.0,125.0,119.0,119.0,125.0,1.0,0.0,0.0,1.0,True
22200163,201,201,100.0,101.0,112.0,128.0,128.0,112.0,1.0,0.0,0.0,1.0,True
22200164,198,198,99.0,99.0,85.0,112.0,112.0,85.0,1.0,0.0,0.0,0.0,True
22200165,194,194,96.0,98.0,109.0,116.0,116.0,109.0,1.0,0.0,0.0,2.0,True
22200166,204,204,103.0,101.0,115.0,111.0,111.0,115.0,1.0,0.0,0.0,2.0,True
22200167,205,205,103.0,102.0,129.0,117.0,116.9999886355348,129.0000355978637,1.0,1.1364465194674267e-05,-3.55978637003318e-05,1.0,True
22200168,233,233,117.0,116.0,136.0,132.0,132.00004103535045,136.00009460500533,1.0,-4.1035350449192265e-05,-9.460500533009508e-05,1.0,True
22200169,210,210,104.0,106.0,124.0,122.0,122.00001339576836,124.00002173691476,1.0,-1.3395768363011484e-05,-2.1736914760595027e-05,2.0,True
22200170,203,203,101.0,102.0,101.0,114.0,114.0,101.0,1.0,0.0,0.0,1.0,True
22200171,195,195,97.0,98.0,120.0,127.0,127.00001566911192,120.00003914844582,1.0,-1.566911191730469e-05,-3.9148445821979294e-05,1.0,True
22200172,202,202,102.0,100.0,105.0,113.0,113.0000650365262,105.00004190805771,1.0,-6.503652619471723e-05,-4.1908057710315916e-05,2.0,True
22200173,211,211,105.0,106.0,95.0,104.0,104.0,95.0,1.0,0.0,0.0,1.0,True
22200174,212,212,106.0,106.0,112.0,117.0,117.00007291032063,112.00005721955279,1.0,-7.291032062539671e-05,-5.721955278659152e-05,0.0,True
22200175,189,189,94.0,95.0,106.0,95.0,95.0,106.0,1.0,0.0,0.0,1.0,True
22200176,185,185,92.0,93.0,112.0,131.0,131.0,112.0,1.0,0.0,0.0,1.0,True
22200177,187,187,94.0,93.0,97.0,114.0,114.00002719924417,96.99999423014395,1.0,-2.719924417249331e-05,5.769856045390043e-06,1.0,True
22200178,198,198,99.0,99.0,112.0,121.0,121.0,112.0,1.0,0.0,0.0,0.0,True
22200179,204,204,103.0,101.0,113.0,132.0,132.00003550910031,113.00005541815618,1.0,-3.5509100314357056e-05,-5.5418156179598554e-05,2.0,True
22200180,195,195,97.0,98.0,93.0,111.0,111.00002944180183,93.00003839619049,1.0,-2.9441801828511416e-05,-3.8396190490175286e-05,1.0,True
22200181,188,188,94.0,94.0,103.0,114.0,114.0,103.0,1.0,0.0,0.0,0.0,True
22200182,193,193,97.0,96.0,101.0,106.0,106.00006587015838,101.00007448202783,1.0,-6.587015838022126e-05,-7.448202782711633e-05,1.0,True
22200183,196,196,99.0,97.0,120.0,114.0,114.0,120.0,1.0,0.0,0.0,2.0,True
22200184,194,194,97.0,97.0,110.0,95.0,95.0,110.0,1.0,0.0,0.0,0.0,True
22200185,201,201,101.0,100.0,112.0,121.0,121.0,112.0,1.0,0.0,0.0,1.0,True
22200186,193,193,97.0,96.0,117.0,108.0,108.0,117.0,1.0,0.0,0.0,1.0,True
22200187,201,201,101.0,100.0,104.0,118.0,118.0,104.0,1.0,0.0,0.0,1.0,True
22200188,199,199,100.0,99.0,109.0,121.0,121.0,109.0,1.0,0.0,0.0,1.0,True
22200189,202,202,101.0,101.0,115.0,132.0,132.0000250752691,115.00001066069458,1.0,-2.5075269093122188e-05,-1.0660694584885277e-05,0.0,True
22200190,189,189,95.0,94.0,112.0,117.0,117.0,112.0,1.0,0.0,0.0,1.0,True
22200191,200,200,100.0,100.0,106.0,119.0,118.99999727954565,106.00024526669942,1.0,2.720454347127088e-06,-0.00024526669942304125,0.0,True
22200192,217,217,109.0,108.0,145.0,135.0,135.00006718672108,145.00003810987607,1.0,-6.71867210826349e-05,-3.810987607266725e-05,1.0,True
22200193,199,199,100.0,99.0,129.0,124.0,124.00000419784891,129.00002646129852,1.0,-4.197848909370805e-06,-2.6461298517688192e-05,1.0,True
22200194,198,198,98.0,100.0,92.0,102.0,102.0,92.0,1.0,0.0,0.0,2.0,True
22200195,193,193,97.0,96.0,98.0,105.0,105.0,98.0,1.0,0.0,0.0,1.0,True
22200196,200,200,99.0,101.0,126.0,103.0,103.0,126.0,1.0,0.0,0.0,2.0,True
22200197,209,209,104.0,105.0,115.0,122.0,122.0,115.0,1.0,0.0,0.0,1.0,True
22200198,189,189,95.0,94.0,103.0,116.0,116.0,103.0,1.0,0.0,0.0,1.0,True
22200199,199,199,99.0,100.0,115.0,111.0,111.0,115.0,1.0,0.0,0.0,1.0,True
22200200,189,189,94.0,95.0,112.0,105.0,105.0,112.0,1.0,0.0,0.0,1.0,True
22200201,225,225,113.0,112.0,122.0,126.0,126.00004592550115,122.00001803267938,1.0,-4.5925501154897574e-05,-1.8032679378165994e-05,1.0,True
22200202,180,180,91.0,89.0,112.0,113.0,113.0,112.0,1.0,0.0,0.0,2.0,True
22200203,202,202,101.0,101.0,122.0,106.0,106.0,122.0,1.0,0.0,0.0,0.0,True
22200204,202,202,101.0,101.0,121.0,106.0,106.0,121.0,1.0,0.0,0.0,0.0,True
22200205,200,200,100.0,100.0,95.0,132.0,132.0000580512783,95.00004699414454,1.0,-5.805127830171841e-05,-4.699414454023554e-05,0.0,True
22200206,196,196,99.0,97.0,102.0,113.0,113.00003798275081,102.00000716363623,1.0,-3.7982750811238475e-05,-7.16363622643712e-06,2.0,True
22200207,187,187,93.0,94.0,101.0,103.0,103.0,101.0,1.0,0.0,0.0,1.0,True
22200208,203,203,102.0,101.0,118.0,111.0,111.0,118.0,1.0,0.0,0.0,1.0,True
22200209,195,195,98.0,97.0,110.0,117.0,117.00004599801461,110.00003954957772,1.0,-4.5998014613246596e-05,-3.95495777212318e-05,1.0,True
22200210,217,217,108.0,109.0,121.0,153.0,153.00001373241093,121.00001776396383,1.0,-1.3732410934608197e-05,-1.776396382524581e-05,1.0,True
22200211,206,206,103.0,103.0,125.0,113.0,113.00000804614841,125.00000675613677,1.0,-8.046148408880072e-06,-6.756136770036392e-06,0.0,True
22200212,201,201,100.0,101.0,126.0,107.0,108.0,126.0,1.0,-1.0,0.0,1.0,False
22200213,198,198,99.0,99.0,121.0,120.0,120.00001870554192,121.00011256630057,1.0,-1.87055419189619e-05,-0.00011256630057232542,0.0,True
22200214,201,201,101.0,100.0,126.0,101.0,101.0,126.0,1.0,0.0,0.0,1.0,True
22200215,186,186,93.0,93.0,104.0,112.0,112.0,104.0,1.0,0.0,0.0,0.0,True
22200216,187,187,93.0,94.0,98.0,113.0,113.0,98.0,1.0,0.0,0.0,1.0,True
22200217,195,195,98.0,97.0,110.0,124.0,124.0,110.0,1.0,0.0,0.0,1.0,True
22200218,195,195,98.0,97.0,101.0,92.0,92.0,101.0,1.0,0.0,0.0,1.0,True
22200219,188,188,94.0,94.0,106.0,103.0,103.0,106.0,1.0,0.0,0.0,0.0,True
22200220,213,213,107.0,106.0,119.0,130.0,130.0000490369631,118.99999254690673,1.0,-4.9036963105209e-05,7.453093274989442e-06,1.0,True
22200221,197,197,99.0,98.0,109.0,107.0,107.00007881622275,109.000033025666,1.0,-7.881622275363043e-05,-3.302566599927559e-05,1.0,True
22200222,196,196,99.0,97.0,112.0,130.0,130.0,112.0,1.0,0.0,0.0,2.0,True
22200223,191,191,95.0,96.0,91.0,96.0,96.0000713116147,91.00006044276104,1.0,-7.131161470397274e-05,-6.0442761039780635e-05,1.0,True
22200224,215,215,108.0,107.0,106.0,107.0,107.0,106.0,1.0,0.0,0.0,1.0,True
22200225,228,228,113.0,115.0,122.0,132.0,132.0,122.0,1.0,0.0,0.0,2.0,True
22200226,203,203,101.0,102.0,102.0,110.0,110.0,102.0,1.0,0.0,0.0,1.0,True
22200227,193,193,97.0,96.0,108.0,107.0,107.00000016832632,108.00003591792567,1.0,-1.683263235463528e-07,-3.591792567192442e-05,1.0,True
22200228,193,193,97.0,96.0,99.0,91.0,91.00012951755212,98.99995352209051,1.0,-0.00012951755212498028,4.647790949263708e-05,1.0,True
22200229,204,204,102.0,102.0,110.0,121.0,121.0000028676778,110.00007765584544,1.0,-2.867677793005896e-06,-7.765584544472404e-05,0.0,True
22200230,188,188,94.0,94.0,99.0,127.0,127.0,99.0,1.0,0.0,0.0,0.0,True
22200231,198,198,100.0,98.0,117.0,109.0,109.0,117.0,1.0,0.0,0.0,2.0,True
22200232,207,207,104.0,103.0,133.0,134.0,134.00002084462017,133.0000331165059,1.0,-2.0844620166826644e-05,-3.311650590376303e-05,1.0,True
22200233,204,204,102.0,102.0,101.0,111.0,111.0,101.0,1.0,0.0,0.0,0.0,True
22200234,208,208,104.0,104.0,121.0,128.0,128.0001849484997,120.9999133895312,1.0,-0.0001849484997080708,8.661046879865353e-05,0.0,True
22200235,221,221,111.0,110.0,122.0,124.0,124.0,122.0,1.0,0.0,0.0,1.0,True
22200236,193,193,96.0,97.0,113.0,114.0,113.99999588639936,113.00010126823608,1.0,4.113600638788739e-06,-0.00010126823607947699,1.0,True
22200237,207,207,104.0,103.0,112.0,109.0,109.0,112.0,1.0,0.0,0.0,1.0,True
22200238,200,200,101.0,99.0,118.0,113.0,113.0,118.0,1.0,0.0,0.0,2.0,True
22200239,190,190,95.0,95.0,97.0,119.0,119.0,97.0,1.0,0.0,0.0,0.0,True
22200240,190,190,95.0,95.0,95.0,116.0,116.0,95.0,1.0,0.0,0.0,0.0,True
22200241,203,203,102.0,101.0,102.0,106.0,106.0,102.0,1.0,0.0,0.0,1.0,True
22200242,199,199,99.0,100.0,129.0,137.0,137.0,129.0,1.0,0.0,0.0,1.0,True
22200243,206,206,103.0,103.0,115.0,127.0,127.0,115.0,1.0,0.0,0.0,0.0,True
22200244,188,188,93.0,95.0,87.0,113.0,113.0,87.0,1.0,0.0,0.0,2.0,True
22200245,202,202,101.0,101.0,127.0,120.0,119.99996119580051,127.00017376216795,1.0,3.880419949098268e-05,-0.00017376216794673383,0.0,True
22200246,188,188,94.0,94.0,98.0,97.0,97.0,98.0,1.0,0.0,0.0,0.0,True
22200247,208,208,104.0,104.0,92.0,123.0,123.0,92.0,1.0,0.0,0.0,0.0,True
22200248,196,196,98.0,98.0,102.0,114.0,114.0000172341268,102.00003407799625,1.0,-1.723412680121328e-05,-3.407799624710606e-05,0.0,True
22200249,202,202,101.0,101.0,102.0,123.0,123.0000338532957,102.00011673543341,1.0,-3.385329570448903e-05,-0.00011673543340862125,0.0,True
22200250,204,204,101.0,103.0,107.0,121.0,121.0,107.0,1.0,0.0,0.0,2.0,True
22200251,202,202,102.0,100.0,111.0,119.0,119.0,111.0,1.0,0.0,0.0,2.0,True
22200252,208,208,104.0,104.0,101.0,105.0,105.0,101.0,1.0,0.0,0.0,0.0,True
22200253,204,204,102.0,102.0,83.0,128.0,128.0,83.0,1.0,0.0,0.0,0.0,True
22200254,206,206,103.0,103.0,129.0,119.0,119.00000101068763,129.0000387869992,1.0,-1.0106876260351783e-06,-3.8786999198237027e-05,0.0,True
22200255,196,196,98.0,98.0,114.0,121.0,121.0,114.0,1.0,0.0,0.0,0.0,True
22200256,185,185,92.0,93.0,106.0,115.0,115.09932185736842,105.90086390674587,1.0,-0.09932185736842314,0.0991360932541312,1.0,True
22200257,215,215,108.0,107.0,113.0,109.0,109.00001258592698,113.00002540535343,1.0,-1.2585926981500961e-05,-2.5405353426322108e-05,1.0,True
22200258,190,190,95.0,95.0,110.0,108.0,108.0,110.0,1.0,0.0,0.0,0.0,True
22200259,216,216,108.0,108.0,105.0,115.0,115.00002194550899,105.00004046462848,1.0,-2.1945508990484086e-05,-4.0464628483505294e-05,0.0,True
22200260,203,203,101.0,102.0,101.0,107.0,107.0,101.0,1.0,0.0,0.0,1.0,True
22200261,176,176,87.0,89.0,96.0,114.0,114.0,96.0,1.0,0.0,0.0,2.0,True
22200262,199,199,99.0,100.0,115.0,101.0,101.0,115.0,1.0,0.0,0.0,1.0,True
22200263,206,206,103.0,103.0,106.0,115.0,115.0,106.0,1.0,0.0,0.0,0.0,True
22200264,193,193,96.0,97.0,112.0,125.0,125.0,112.0,1.0,0.0,0.0,1.0,True
22200265,199,199,99.0,100.0,105.0,113.0,113.0,105.0,1.0,0.0,0.0,1.0,True
22200266,194,194,97.0,97.0,112.0,98.0,98.0,112.0,1.0,0.0,0.0,0.0,True
22200267,205,205,102.0,103.0,118.0,113.0,113.0,118.0,1.0,0.0,0.0,1.0,True
22200268,213,213,107.0,106.0,131.0,126.0,126.00003948906061,131.00007060548907,1.0,-3.9489060611686e-05,-7.060548907134034e-05,1.0,True
22200269,212,212,106.0,106.0,129.0,110.0,110.00003824836854,129.00004142379632,1.0,-3.824836853993929e-05,-4.142379631844051e-05,0.0,True
22200270,191,191,95.0,96.0,125.0,116.0,116.0,125.0,1.0,0.0,0.0,1.0,True
22200271,203,203,102.0,101.0,107.0,124.0,124.0,107.0,1.0,0.0,0.0,1.0,True
22200272,215,215,108.0,107.0,108.0,110.0,110.0,108.0,1.0,0.0,0.0,1.0,True
22200273,185,185,93.0,92.0,107.0,99.0,99.0,107.0,1.0,0.0,0.0,1.0,True
22200274,218,218,109.0,109.0,132.0,129.0,129.0,132.0,1.0,0.0,0.0,0.0,True
22200275,198,198,100.0,98.0,104.0,122.0,122.0,104.0,1.0,0.0,0.0,2.0,True
22200276,207,207,104.0,103.0,116.0,128.0,128.0,117.0,1.0,0.0,-1.0,1.0,False
22200277,194,194,98.0,96.0,107.0,110.0,110.0,107.0,1.0,0.0,0.0,2.0,True
22200278,208,208,104.0,104.0,122.0,128.0,128.0,122.0,1.0,0.0,0.0,0.0,True
22200279,199,199,100.0,99.0,111.0,132.0,132.0,111.0,1.0,0.0,0.0,1.0,True
22200280,189,189,94.0,95.0,102.0,117.0,117.0,102.0,1.0,0.0,0.0,1.0,True
22200281,219,219,109.0,110.0,119.0,123.0,122.99998334364062,119.00009226455495,1.0,1.6656359377975605e-05,-9.226455495081609e-05,1.0,True
22200282,203,203,101.0,102.0,105.0,94.0,93.99997743711592,105.00011682669901,1.0,2.2562884083754398e-05,-0.00011682669901347253,1.0,True
22200283,199,199,99.0,100.0,102.0,108.0,108.00001830799944,102.000021694122,1.0,-1.8307999440025924e-05,-2.1694121997484217e-05,1.0,True
22200284,206,206,103.0,103.0,118.0,129.0,129.0,118.0,1.0,0.0,0.0,0.0,True
22200285,185,185,92.0,93.0,114.0,104.0,104.0,114.0,1.0,0.0,0.0,1.0,True
22200286,187,187,94.0,93.0,100.0,105.0,105.00010035846937,100.00010966816863,1.0,-0.00010035846936773396,-0.00010966816863344775,1.0,True
22200287,208,208,104.0,104.0,105.0,118.0,118.00005364312537,104.99998819355886,1.0,-5.3643125369262634e-05,1.1806441136741341e-05,0.0,True
22200288,212,212,106.0,106.0,143.0,138.0,138.00003983641204,143.00005784354423,1.0,-3.983641204285959e-05,-5.7843544226443555e-05,0.0,True
22200289,188,188,94.0,94.0,112.0,113.0,112.99998265012569,112.00003274406441,1.0,1.7349874312344582e-05,-3.274406441278188e-05,0.0,True
22200290,179,179,89.0,90.0,97.0,111.0,111.0,97.0,1.0,0.0,0.0,1.0,True
22200291,209,209,105.0,104.0,137.0,114.0,114.0,137.0,1.0,0.0,0.0,1.0,True
22200292,213,213,107.0,106.0,100.0,114.0,114.0,100.0,1.0,0.0,0.0,1.0,True
22200293,196,196,98.0,98.0,106.0,98.0,98.0,106.0,1.0,0.0,0.0,0.0,True
22200294,187,187,94.0,93.0,121.0,130.0,130.0,121.0,1.0,0.0,0.0,1.0,True
22200295,186,186,93.0,93.0,102.0,94.0,94.0,102.0,1.0,0.0,0.0,0.0,True
22200296,195,195,98.0,97.0,127.0,123.0,123.00000314056753,127.0000029078974,1.0,-3.1405675287032864e-06,-2.907897396653425e-06,1.0,True
22200297,193,193,97.0,96.0,133.0,103.0,103.0,133.0,1.0,0.0,0.0,1.0,True
22200298,192,192,96.0,96.0,115.0,124.0,124.0,115.0,1.0,0.0,0.0,0.0,True
22200299,189,189,94.0,95.0,101.0,104.0,104.0,101.0,1.0,0.0,0.0,1.0,True
22200300,205,205,103.0,102.0,127.0,142.0,142.0,127.0,1.0,0.0,0.0,1.0,True
22200301,199,199,99.0,100.0,105.0,140.0,140.0,105.0,1.0,0.0,0.0,1.0,True
22200302,189,189,95.0,94.0,102.0,109.0,109.0,102.0,1.0,0.0,0.0,1.0,True
22200303,184,184,92.0,92.0,88.0,100.0,100.0,88.0,1.0,0.0,0.0,0.0,True
22200304,202,202,101.0,101.0,101.0,105.0,105.00005495858564,101.00006249368413,1.0,-5.495858563620004e-05,-6.249368412625245e-05,0.0,True
22200305,193,193,96.0,97.0,113.0,129.0,129.0,113.0,1.0,0.0,0.0,1.0,True
22200306,193,193,96.0,97.0,114.0,107.0,107.0,114.0,1.0,0.0,0.0,1.0,True
22200307,208,208,104.0,104.0,122.0,117.0,117.00006118166519,121.9999909527062,1.0,-6.118166518831458e-05,9.04729380124536e-06,0.0,True
22200308,205,205,103.0,102.0,116.0,115.0,115.0,116.0,1.0,0.0,0.0,1.0,True
22200309,203,203,101.0,102.0,140.0,110.0,110.0,140.0,1.0,0.0,0.0,1.0,True
22200310,207,207,103.0,104.0,113.0,116.0,116.0,113.0,1.0,0.0,0.0,1.0,True
22200311,193,193,96.0,97.0,118.0,112.0,112.0,118.0,1.0,0.0,0.0,1.0,True
22200312,181,181,90.0,91.0,85.0,113.0,113.00004835235798,85.00007453006818,1.0,-4.835235797884252e-05,-7.45300681757044e-05,1.0,True
22200313,202,202,101.0,101.0,125.0,108.0,108.0,125.0,1.0,0.0,0.0,0.0,True
22200314,195,195,97.0,98.0,121.0,132.0,134.0,121.0,1.0,-2.0,0.0,1.0,False
22200315,200,200,100.0,100.0,107.0,113.0,113.0,107.0,1.0,0.0,0.0,0.0,True
22200316,191,191,95.0,96.0,109.0,103.0,103.0,109.0,1.0,0.0,0.0,1.0,True
22200317,202,202,101.0,101.0,101.0,109.0,109.00004741393751,101.00006492572584,1.0,-4.741393750862244e-05,-6.492572583738365e-05,0.0,True
22200318,210,210,106.0,104.0,108.0,126.0,126.0,108.0,1.0,0.0,0.0,2.0,True
22200319,200,200,100.0,100.0,111.0,119.0,119.0000660811839,111.00003920237562,1.0,-6.608118390261097e-05,-3.9202375617719554e-05,0.0,True
22200320,187,187,94.0,93.0,100.0,120.0,120.0,100.0,1.0,0.0,0.0,1.0,True
22200321,207,207,103.0,104.0,113.0,132.0,132.0,113.0,1.0,0.0,0.0,1.0,True
22200322,195,195,97.0,98.0,112.0,125.0,125.0,112.0,1.0,0.0,0.0,1.0,True
22200323,226,226,113.0,113.0,114.0,137.0,137.0000637751929,114.0000276616376,1.0,-6.377519289912925e-05,-2.7661637602705014e-05,0.0,True
22200324,196,196,97.0,99.0,109.0,128.0,128.0,109.0,1.0,0.0,0.0,2.0,True
22200325,213,213,106.0,107.0,125.0,131.0,131.00005746835234,124.99998391971872,1.0,-5.746835233821912e-05,1.6080281284303055e-05,1.0,True
22200326,188,188,94.0,94.0,116.0,117.0,116.99999791329455,116.00022882202495,1.0,2.086705450210502e-06,-0.00022882202495111414,0.0,True
22200327,191,191,95.0,96.0,109.0,117.0,117.00001196532503,109.00001288256679,1.0,-1.1965325029450469e-05,-1.2882566792882244e-05,1.0,True
22200328,222,222,111.0,111.0,120.0,116.0,116.00000806609366,120.0000840232156,1.0,-8.066093656111661e-06,-8.402321560652126e-05,0.0,True
22200329,200,200,100.0,100.0,105.0,114.0,114.00002575630673,105.00003485075281,1.0,-2.575630672652096e-05,-3.485075281162153e-05,0.0,True
22200330,183,183,91.0,92.0,96.0,107.0,107.00007490755226,96.00003274538973,1.0,-7.490755226058354e-05,-3.2745389731303476e-05,1.0,True
22200331,198,198,100.0,98.0,133.0,129.0,129.0,133.0,1.0,0.0,0.0,2.0,True
22200332,200,200,100.0,100.0,109.0,117.0,117.0,109.0,1.0,0.0,0.0,0.0,True
22200333,205,205,102.0,103.0,117.0,99.0,99.0,117.0,1.0,0.0,0.0,1.0,True
22200334,198,198,98.0,100.0,122.0,121.0,121.00002253949877,122.00003177743628,1.0,-2.2539498772289335e-05,-3.177743627702512e-05,2.0,True
22200335,228,228,115.0,113.0,119.0,139.0,139.0,119.0,1.0,0.0,0.0,2.0,True
22200336,215,215,107.0,108.0,111.0,119.0,119.0,111.0,1.0,0.0,0.0,1.0,True
22200337,201,201,100.0,101.0,121.0,100.0,100.0,121.0,1.0,0.0,0.0,1.0,True
22200338,201,201,100.0,101.0,123.0,96.0,96.0,123.0,1.0,0.0,0.0,1.0,True
22200339,206,206,104.0,102.0,105.0,96.0,96.00022203917452,105.0001788066823,1.0,-0.00022203917451690813,-0.00017880668229963703,2.0,True
22200340,195,195,98.0,97.0,108.0,121.0,121.0,108.0,1.0,0.0,0.0,1.0,True
22200341,224,224,112.0,112.0,135.0,128.0,128.00005003882595,135.00008997532157,1.0,-5.003882594678544e-05,-8.997532157195565e-05,0.0,True
22200342,192,192,96.0,96.0,101.0,120.0,120.0,101.0,1.0,0.0,0.0,0.0,True
22200343,197,197,98.0,99.0,116.0,111.0,111.0,116.0,1.0,0.0,0.0,1.0,True
22200344,198,198,100.0,98.0,106.0,121.0,121.00002957645303,106.00004061306677,1.0,-2.9576453030699668e-05,-4.061306677272114e-05,2.0,True
22200345,197,197,98.0,99.0,133.0,95.0,95.0,133.0,1.0,0.0,0.0,1.0,True
22200346,192,192,96.0,96.0,103.0,92.0,92.0,103.0,1.0,0.0,0.0,0.0,True
22200347,204,204,102.0,102.0,122.0,112.0,112.0,122.0,1.0,0.0,0.0,0.0,True
22200348,197,197,98.0,99.0,81.0,92.0,92.00008912322569,81.00020178253473,1.0,-8.912322569187836e-05,-0.0002017825347309099,1.0,True
22200349,214,214,106.0,108.0,130.0,119.0,119.0,130.0,1.0,0.0,0.0,2.0,True
22200350,205,205,103.0,102.0,101.0,110.0,110.0,101.0,1.0,0.0,0.0,1.0,True
22200351,196,196,98.0,98.0,100.0,116.0,116.0,100.0,1.0,0.0,0.0,0.0,True
22200352,197,197,99.0,98.0,119.0,117.0,117.0,119.0,1.0,0.0,0.0,1.0,True
22200353,206,206,104.0,102.0,109.0,102.0,102.0,109.0,1.0,0.0,0.0,2.0,True
22200354,217,217,108.0,109.0,121.0,114.0,114.00003793636743,121.00001645812263,1.0,-3.793636743409934e-05,-1.6458122630069738e-05,1.0,True
22200355,195,195,98.0,97.0,116.0,110.0,109.99999437392579,116.00004945407119,1.0,5.626074212727872e-06,-4.9454071188392845e-05,1.0,True
22200356,220,220,109.0,111.0,123.0,132.0,132.0,123.0,1.0,0.0,0.0,2.0,True
22200357,189,189,94.0,95.0,93.0,101.0,101.0,93.0,1.0,0.0,0.0,1.0,True
22200358,193,193,97.0,96.0,111.0,130.0,130.0,111.0,1.0,0.0,0.0,1.0,True
22200359,198,198,99.0,99.0,112.0,104.0,104.0,112.0,1.0,0.0,0.0,0.0,True
22200360,196,196,98.0,98.0,102.0,116.0,116.0,102.0,1.0,0.0,0.0,0.0,True
22200361,188,188,95.0,93.0,116.0,96.0,96.00003622433533,116.00017140802521,1.0,-3.622433533223557e-05,-0.00017140802520998477,2.0,True
22200362,195,195,97.0,98.0,116.0,115.0,114.99999860693633,116.00001405345292,1.0,1.3930636697523369e-06,-1.4053452915163689e-05,1.0,True
22200363,206,206,103.0,103.0,111.0,116.0,116.00004927178726,110.99997272996116,1.0,-4.927178726177317e-05,2.727003884217538e-05,0.0,True
22200364,191,191,95.0,96.0,116.0,122.0,122.0,116.0,1.0,0.0,0.0,1.0,True
22200365,185,185,93.0,92.0,89.0,113.0,113.0,89.0,1.0,0.0,0.0,1.0,True
22200366,215,215,107.0,108.0,113.0,126.0,126.0,113.0,1.0,0.0,0.0,1.0,True
22200367,212,212,106.0,106.0,111.0,115.0,115.0000149046833,111.00005492966292,1.0,-1.49046832973454e-05,-5.492966292308665e-05,0.0,True
22200368,208,208,104.0,104.0,102.0,123.0,123.00011234784567,101.99996673102099,1.0,-0.00011234784567193401,3.326897900990389e-05,0.0,True
22200369,191,191,96.0,95.0,113.0,126.0,126.0,113.0,1.0,0.0,0.0,1.0,True
22200370,209,209,104.0,105.0,115.0,121.0,121.0,115.0,1.0,0.0,0.0,1.0,True
22200371,199,199,100.0,99.0,98.0,104.0,104.0,98.0,1.0,0.0,0.0,1.0,True
22200372,206,206,103.0,103.0,123.0,124.0,124.00005154051348,123.00003748930186,1.0,-5.154051348199573e-05,-3.748930186020516e-05,0.0,True
22200373,210,210,104.0,106.0,125.0,98.0,97.99999215093099,125.00004388003518,1.0,7.849069007193066e-06,-4.388003517874495e-05,2.0,True
22200374,192,192,97.0,95.0,110.0,115.0,115.0,110.0,1.0,0.0,0.0,2.0,True
22200375,196,196,99.0,97.0,109.0,118.0,118.0,109.0,1.0,0.0,0.0,2.0,True
22200376,193,193,96.0,97.0,121.0,120.0,120.0,121.0,1.0,0.0,0.0,1.0,True
22200377,194,194,97.0,97.0,121.0,102.0,102.0,121.0,1.0,0.0,0.0,0.0,True
22200378,181,181,90.0,91.0,111.0,121.0,121.0,111.0,1.0,0.0,0.0,1.0,True
22200379,195,195,98.0,97.0,109.0,113.0,112.9999810565995,109.00007653002612,1.0,1.8943400505122554e-05,-7.653002612073578e-05,1.0,True
22200380,205,204,102.0,102.0,116.0,120.0,120.0,116.0,0.9951219512195122,0.0,0.0,0.0,True
22200381,192,192,95.0,97.0,106.0,95.0,95.0000343769306,106.00002150539022,1.0,-3.4376930599933075e-05,-2.1505390222387177e-05,2.0,True
22200382,224,224,111.0,113.0,122.0,132.0,133.0,122.0,1.0,-1.0,0.0,2.0,False
22200383,209,209,105.0,104.0,103.0,114.0,114.0,103.0,1.0,0.0,0.0,1.0,True
22200384,198,198,99.0,99.0,117.0,128.0,128.00010880499968,117.00001761182756,1.0,-0.00010880499968379809,-1.7611827558994264e-05,0.0,True
22200385,199,199,100.0,99.0,118.0,108.0,108.0,118.0,1.0,0.0,0.0,1.0,True
22200386,193,193,96.0,97.0,106.0,105.0,105.0,106.0,1.0,0.0,0.0,1.0,True
22200387,189,189,94.0,95.0,115.0,111.0,111.00000679782812,115.00006758825307,1.0,-6.7978281208525004e-06,-6.758825307429106e-05,1.0,True
22200388,208,208,104.0,104.0,136.0,133.0,133.0,136.0,1.0,0.0,0.0,0.0,True
22200389,198,198,100.0,98.0,114.0,107.0,107.0,114.0,1.0,0.0,0.0,2.0,True
22200390,188,188,94.0,94.0,102.0,110.0,110.00009511083852,101.99997166547212,1.0,-9.511083851521107e-05,2.8334527883089322e-05,0.0,True
22200391,199,199,99.0,100.0,115.0,144.0,144.0,115.0,1.0,0.0,0.0,1.0,True
22200392,205,205,102.0,103.0,107.0,123.0,123.0,107.0,1.0,0.0,0.0,1.0,True
22200393,192,192,96.0,96.0,110.0,115.0,115.0,110.0,1.0,0.0,0.0,0.0,True
22200394,198,198,99.0,99.0,118.0,124.0,124.0,118.0,1.0,0.0,0.0,0.0,True
22200395,209,209,104.0,105.0,124.0,129.0,129.0000182910411,124.00006315506101,1.0,-1.829104110129265e-05,-6.315506101373103e-05,1.0,True
22200396,200,200,99.0,101.0,124.0,117.0,117.0,124.0,1.0,0.0,0.0,2.0,True
22200397,204,204,102.0,102.0,99.0,112.0,112.0,99.0,1.0,0.0,0.0,0.0,True
22200398,182,182,91.0,91.0,99.0,111.0,111.00009358015338,98.9999579413622,1.0,-9.358015337568304e-05,4.205863780271102e-05,0.0,True
22200399,202,202,101.0,101.0,113.0,131.0,131.0,113.0,1.0,0.0,0.0,0.0,True
22200400,224,224,112.0,112.0,122.0,123.0,123.00003833694831,122.00008439774588,1.0,-3.833694830746026e-05,-8.439774587998272e-05,0.0,True
22200401,195,195,97.0,98.0,92.0,97.0,97.0,92.0,1.0,0.0,0.0,1.0,True
22200402,184,184,92.0,92.0,87.0,82.0,82.0000546460441,87.00005461259546,1.0,-5.464604410576612e-05,-5.461259546279962e-05,0.0,True
22200403,199,199,100.0,99.0,112.0,100.0,100.0,112.0,1.0,0.0,0.0,1.0,True
22200404,204,204,102.0,102.0,103.0,128.0,128.0,103.0,1.0,0.0,0.0,0.0,True
22200405,197,197,98.0,99.0,114.0,121.0,121.00001895155809,114.00001236789294,1.0,-1.8951558089952414e-05,-1.2367892935571945e-05,1.0,True
22200406,195,195,98.0,97.0,111.0,112.0,112.00003282518196,111.0000273188258,1.0,-3.2825181961015915e-05,-2.7318825800648483e-05,1.0,True
22200407,208,208,104.0,104.0,112.0,133.0,133.00000805510825,111.99999699859231,1.0,-8.055108253302024e-06,3.0014076912721066e-06,0.0,True
22200408,195,195,98.0,97.0,93.0,113.0,113.0,93.0,1.0,0.0,0.0,1.0,True
22200409,207,207,103.0,104.0,103.0,123.0,123.0,103.0,1.0,0.0,0.0,1.0,True
22200410,215,215,107.0,108.0,111.0,128.0,128.0,111.0,1.0,0.0,0.0,1.0,True
22200411,199,199,99.0,100.0,97.0,111.0,111.00004636027342,97.00000112361525,1.0,-4.636027341575755e-05,-1.1236152488436346e-06,1.0,True
22200412,208,208,103.0,105.0,100.0,121.0,121.0,100.0,1.0,0.0,0.0,2.0,True
22200413,222,222,111.0,111.0,122.0,118.0,118.0,122.0,1.0,0.0,0.0,0.0,True
22200414,223,223,112.0,111.0,141.0,134.0,134.0,141.0,1.0,0.0,0.0,1.0,True
22200415,215,215,108.0,107.0,119.0,125.0,125.0,119.0,1.0,0.0,0.0,1.0,True
22200416,201,201,100.0,101.0,124.0,135.0,135.00002974306702,124.0000571043825,1.0,-2.9743067017307112e-05,-5.7104382506167894e-05,1.0,True
22200417,202,202,101.0,101.0,124.0,123.0,123.0,124.0,1.0,0.0,0.0,0.0,True
22200418,206,206,104.0,102.0,128.0,120.0,120.0,128.0,1.0,0.0,0.0,2.0,True
22200419,197,197,99.0,98.0,110.0,108.0,108.00004569687344,110.00000865235356,1.0,-4.569687344258e-05,-8.652353557181414e-06,1.0,True
22200420,196,196,98.0,98.0,128.0,112.0,112.0,128.0,1.0,0.0,0.0,0.0,True
22200421,174,174,87.0,87.0,105.0,90.0,90.00008534245661,104.99998398200839,1.0,-8.534245661451223e-05,1.6017991612216065e-05,0.0,True
22200422,217,217,108.0,109.0,128.0,141.0,141.0,128.0,1.0,0.0,0.0,1.0,True
22200423,193,193,96.0,97.0,88.0,99.0,99.0,88.0,1.0,0.0,0.0,1.0,True
22200424,190,190,95.0,95.0,111.0,108.0,108.0,111.0,1.0,0.0,0.0,0.0,True
22200425,203,203,101.0,102.0,101.0,142.0,142.0,101.0,1.0,0.0,0.0,1.0,True
22200426,213,213,107.0,106.0,129.0,132.0,132.00005748864137,128.99998482009934,1.0,-5.748864137444798e-05,1.5179900657358303e-05,1.0,True
22200427,184,184,92.0,92.0,111.0,95.0,95.00004553915602,111.0000379205478,1.0,-4.553915601945846e-05,-3.792054779694354e-05,0.0,True
22200428,196,196,98.0,98.0,125.0,106.0,106.0,125.0,1.0,0.0,0.0,0.0,True
22200429,200,200,101.0,99.0,122.0,113.0,113.0,122.0,1.0,0.0,0.0,2.0,True
22200430,202,202,102.0,100.0,117.0,109.0,109.00003670259514,117.00002046605681,1.0,-3.670259513910423e-05,-2.0466056810164446e-05,2.0,True
22200431,184,184,92.0,92.0,112.0,118.0,118.0,112.0,1.0,0.0,0.0,0.0,True
22200432,206,206,102.0,104.0,106.0,118.0,118.00004668462958,106.00001995478583,1.0,-4.6684629580795445e-05,-1.995478582728083e-05,2.0,True
22200433,190,190,95.0,95.0,119.0,116.0,116.0,119.0,1.0,0.0,0.0,0.0,True
22200434,197,197,98.0,99.0,114.0,91.0,91.0,114.0,1.0,0.0,0.0,1.0,True
22200435,204,204,101.0,103.0,112.0,110.0,110.00003320580993,112.00005746191327,1.0,-3.3205809927494556e-05,-5.746191327204997e-05,2.0,True
22200436,198,198,99.0,99.0,110.0,130.0,130.0,110.0,1.0,0.0,0.0,0.0,True
22200437,205,205,102.0,103.0,108.0,126.0,126.0,108.0,1.0,0.0,0.0,1.0,True
22200438,194,194,97.0,97.0,93.0,102.0,102.00002055802113,93.00006722544656,1.0,-2.055802113432037e-05,-6.722544655701768e-05,0.0,True
22200439,193,193,96.0,97.0,111.0,101.0,100.9999882005523,111.0000801560897,1.0,1.179944770512975e-05,-8.015608969458299e-05,1.0,True
22200440,201,201,100.0,101.0,99.0,100.0,100.00000533785236,99.00005802840788,1.0,-5.337852357456541e-06,-5.802840787794139e-05,1.0,True
22200441,189,189,94.0,95.0,107.0,95.0,95.0,107.0,1.0,0.0,0.0,1.0,True
22200442,190,190,94.0,96.0,97.0,123.0,123.0,97.0,1.0,0.0,0.0,2.0,True
22200443,209,209,104.0,105.0,109.0,115.0,115.00003294335224,108.99998839572693,1.0,-3.294335223813505e-05,1.1604273069565352e-05,1.0,True
22200444,188,188,94.0,94.0,114.0,118.0,118.00004860276353,114.00006537991122,1.0,-4.860276352758319e-05,-6.53799112200204e-05,0.0,True
22200445,202,202,101.0,101.0,95.0,92.0,92.0,95.0,1.0,0.0,0.0,0.0,True
22200446,195,195,97.0,98.0,109.0,106.0,106.00005583325046,109.00000008078001,1.0,-5.5833250456771566e-05,-8.078001201283769e-08,1.0,True
22200447,196,196,98.0,98.0,124.0,121.0,121.0,124.0,1.0,0.0,0.0,0.0,True
22200448,193,193,96.0,97.0,126.0,110.0,110.0,126.0,1.0,0.0,0.0,1.0,True
22200449,201,201,100.0,101.0,126.0,150.0,150.0,126.0,1.0,0.0,0.0,1.0,True
22200450,210,210,105.0,105.0,115.0,119.0,119.0,115.0,1.0,0.0,0.0,0.0,True
22200451,205,205,102.0,103.0,117.0,119.0,119.0,117.0,1.0,0.0,0.0,1.0,True
22200452,199,199,99.0,100.0,99.0,122.0,122.00006936221395,98.99998921438583,1.0,-6.936221394937547e-05,1.078561416534285e-05,1.0,True
22200453,204,204,102.0,102.0,101.0,104.0,104.0,101.0,1.0,0.0,0.0,0.0,True
22200454,200,200,100.0,100.0,125.0,126.0,126.00009039060745,125.00005083458521,1.0,-9.039060745408278e-05,-5.083458520971362e-05,0.0,True
22200455,201,201,101.0,100.0,124.0,105.0,105.0,124.0,1.0,0.0,0.0,1.0,True
22200456,193,193,97.0,96.0,106.0,116.0,116.0,106.0,1.0,0.0,0.0,1.0,True
22200457,209,209,104.0,105.0,128.0,119.0,119.0,128.0,1.0,0.0,0.0,1.0,True
22200458,199,199,99.0,100.0,121.0,123.0,123.00006891658657,121.00003922695942,1.0,-6.891658657082189e-05,-3.922695941582788e-05,1.0,True
22200459,192,192,96.0,96.0,104.0,130.0,130.0,104.0,1.0,0.0,0.0,0.0,True
22200460,212,212,107.0,105.0,125.0,119.0,119.0,125.0,1.0,0.0,0.0,2.0,True
22200461,191,191,96.0,95.0,126.0,111.0,111.0,126.0,1.0,0.0,0.0,1.0,True
22200462,188,188,95.0,93.0,113.0,103.0,103.0,113.0,1.0,0.0,0.0,2.0,True
22200463,191,191,95.0,96.0,94.0,132.0,132.00024472197438,94.00001304156652,1.0,-0.0002447219743828555,-1.3041566518268155e-05,1.0,True
22200464,192,192,96.0,96.0,113.0,110.0,110.00093888209517,112.99916098438246,1.0,-0.0009388820951699017,0.0008390156175437369,0.0,True
22200465,200,200,101.0,99.0,91.0,105.0,105.00009609727398,91.00005722672601,1.0,-9.609727398185441e-05,-5.722672601393697e-05,2.0,True
22200466,194,194,97.0,97.0,106.0,114.0,114.0000512186544,106.00000264541788,1.0,-5.1218654405715824e-05,-2.6454178794210748e-06,0.0,True
22200467,205,205,102.0,103.0,93.0,113.0,113.0,93.0,1.0,0.0,0.0,1.0,True
22200468,200,200,100.0,100.0,110.0,108.0,108.0,110.0,1.0,0.0,0.0,0.0,True
22200469,204,204,102.0,102.0,117.0,112.0,112.0,117.0,1.0,0.0,0.0,0.0,True
22200470,206,206,103.0,103.0,113.0,143.0,143.00005840172247,113.00000916365154,1.0,-5.840172246962538e-05,-9.163651540688988e-06,0.0,True
22200471,177,177,89.0,88.0,113.0,106.0,106.0,113.0,1.0,0.0,0.0,1.0,True
22200472,201,201,100.0,101.0,116.0,110.0,110.00005528712168,116.00001211580364,1.0,-5.5287121682567886e-05,-1.211580364213205e-05,1.0,True
22200473,182,182,91.0,91.0,104.0,99.0,99.0,104.0,1.0,0.0,0.0,0.0,True
22200474,187,187,93.0,94.0,98.0,101.0,101.00003850954735,98.00000800750867,1.0,-3.8509547351850415e-05,-8.007508668583796e-06,1.0,True
22200475,210,210,105.0,105.0,120.0,134.0,134.0,120.0,1.0,0.0,0.0,0.0,True
22200476,221,221,110.0,111.0,105.0,126.0,126.0,105.0,1.0,0.0,0.0,1.0,True
22200477,204,204,103.0,101.0,117.0,126.0,126.0000265834603,117.00006751646244,1.0,-2.6583460297047168e-05,-6.751646243685627e-05,2.0,True
22200478,195,195,98.0,97.0,112.0,120.0,120.0,112.0,1.0,0.0,0.0,1.0,True
22200479,205,205,102.0,103.0,113.0,133.0,133.0,113.0,1.0,0.0,0.0,1.0,True
22200480,187,187,94.0,93.0,114.0,119.0,119.0,114.0,1.0,0.0,0.0,1.0,True
22200481,204,204,102.0,102.0,105.0,130.0,130.0,105.0,1.0,0.0,0.0,0.0,True
22200482,201,201,100.0,101.0,109.0,121.0,121.0,109.0,1.0,0.0,0.0,1.0,True
22200483,192,192,95.0,97.0,100.0,118.0,118.0,100.0,1.0,0.0,0.0,2.0,True
22200484,194,194,97.0,97.0,118.0,107.0,107.0,118.0,1.0,0.0,0.0,0.0,True
22200485,184,184,92.0,92.0,118.0,117.0,117.0,118.0,1.0,0.0,0.0,0.0,True
22200486,186,186,93.0,93.0,111.0,108.0,108.0,111.0,1.0,0.0,0.0,0.0,True
22200487,192,192,97.0,95.0,112.0,106.0,106.0,112.0,1.0,0.0,0.0,2.0,True
22200488,238,238,119.0,119.0,128.0,125.0,125.0000294952929,128.00002822872867,1.0,-2.9495292906744908e-05,-2.822872866659054e-05,0.0,True
22200489,191,191,95.0,96.0,107.0,120.0,120.00001338123376,107.00003193215792,1.0,-1.338123375660416e-05,-3.1932157924075e-05,1.0,True
22200490,195,195,97.0,98.0,125.0,100.0,100.00006978972117,125.00000821117345,1.0,-6.978972116655768e-05,-8.2111734514001e-06,1.0,True
22200491,201,201,101.0,100.0,125.0,111.0,111.0,125.0,1.0,0.0,0.0,1.0,True
22200492,210,210,106.0,104.0,134.0,130.0,130.0,134.0,1.0,0.0,0.0,2.0,True
22200493,181,181,90.0,91.0,119.0,112.0,112.0,119.0,1.0,0.0,0.0,1.0,True
22200494,188,188,94.0,94.0,115.0,124.0,124.0,115.0,1.0,0.0,0.0,0.0,True
22200495,204,204,102.0,102.0,118.0,139.0,139.0,118.0,1.0,0.0,0.0,0.0,True
22200496,208,208,104.0,104.0,109.0,122.0,123.00001241760351,109.00001157374038,1.0,-1.0000124176035143,-1.1573740380299569e-05,0.0,False
22200497,212,212,106.0,106.0,125.0,128.0,128.00002813976738,125.00004357683144,1.0,-2.8139767380253033e-05,-4.3576831444624986e-05,0.0,True
22200498,193,193,96.0,97.0,125.0,117.0,117.00011163830679,125.00006106650868,1.0,-0.00011163830679095099,-6.106650867820917e-05,1.0,True
22200499,225,225,112.0,113.0,142.0,131.0,131.0,142.0,1.0,0.0,0.0,1.0,True
22200500,193,193,96.0,97.0,110.0,113.0,113.0,110.0,1.0,0.0,0.0,1.0,True
22200501,199,199,100.0,99.0,133.0,118.0,118.0,133.0,1.0,0.0,0.0,1.0,True
22200502,194,194,96.0,98.0,93.0,113.0,113.0,93.0,1.0,0.0,0.0,2.0,True
22200503,209,209,105.0,104.0,122.0,126.0,126.0,122.0,1.0,0.0,0.0,1.0,True
22200504,205,205,103.0,102.0,113.0,124.0,124.0,113.0,1.0,0.0,0.0,1.0,True
22200505,200,200,101.0,99.0,129.0,110.0,110.0,129.0,1.0,0.0,0.0,2.0,True
22200506,199,199,100.0,99.0,111.0,116.0,116.0,111.0,1.0,0.0,0.0,1.0,True
22200507,200,200,100.0,100.0,102.0,126.0,125.99997135055565,102.00011281690831,1.0,2.86494443457741e-05,-0.00011281690831310698,0.0,True
22200508,207,207,103.0,104.0,114.0,129.0,129.0,114.0,1.0,0.0,0.0,1.0,True
22200509,195,195,98.0,97.0,124.0,113.0,113.0,124.0,1.0,0.0,0.0,1.0,True
22200510,204,204,101.0,103.0,125.0,108.0,108.00001045325816,125.00001779183967,1.0,-1.045325815596243e-05,-1.7791839667324894e-05,2.0,True
22200511,196,196,98.0,98.0,114.0,130.0,129.99999319998443,114.0000523896373,1.0,6.800015569297102e-06,-5.238963730391788e-05,0.0,True
22200512,208,208,104.0,104.0,121.0,126.0,125.9999785169448,121.00013458161075,1.0,2.1483055206772406e-05,-0.00013458161075163844,0.0,True
22200513,211,211,105.0,106.0,105.0,110.0,110.00001997384561,105.00002410313527,1.0,-1.997384561036597e-05,-2.4103135274344822e-05,1.0,True
22200514,197,197,99.0,98.0,113.0,106.0,106.0,113.0,1.0,0.0,0.0,1.0,True
22200515,194,194,97.0,97.0,101.0,121.0,121.00728668623155,100.99276601645352,1.0,-0.007286686231552153,0.007233983546484524,0.0,True
22200516,182,182,91.0,91.0,102.0,127.0,126.99998671472378,102.00002751014276,1.0,1.3285276224905829e-05,-2.7510142757591893e-05,0.0,True
22200517,192,192,96.0,96.0,108.0,107.0,107.0,108.0,1.0,0.0,0.0,0.0,True
22200518,187,187,93.0,94.0,98.0,112.0,112.0,98.0,1.0,0.0,0.0,1.0,True
22200519,219,219,110.0,109.0,113.0,119.0,119.0,113.0,1.0,0.0,0.0,1.0,True
22200520,199,199,100.0,99.0,118.0,119.0,119.0,118.0,1.0,0.0,0.0,1.0,True
22200521,207,207,103.0,104.0,107.0,112.0,112.00002849801069,107.00014023479451,1.0,-2.8498010692601383e-05,-0.00014023479451452658,1.0,True
22200522,199,199,100.0,99.0,126.0,127.0,127.00003768101836,126.0000371379144,1.0,-3.768101835532889e-05,-3.71379144041839e-05,1.0,True
22200523,205,205,103.0,102.0,113.0,121.0,121.01865048452072,112.98138141853259,1.0,-0.0186504845207196,0.01861858146740758,1.0,True
22200524,195,195,97.0,98.0,126.0,135.0,135.00004042488152,126.00001645068427,1.0,-4.042488151867474e-05,-1.645068427080787e-05,1.0,True
22200525,198,198,99.0,99.0,110.0,116.0,116.0,110.0,1.0,0.0,0.0,0.0,True
22200526,191,191,96.0,95.0,119.0,106.0,106.0,119.0,1.0,0.0,0.0,1.0,True
22200527,195,195,98.0,97.0,115.0,122.0,122.0,115.0,1.0,0.0,0.0,1.0,True
22200528,200,200,100.0,100.0,114.0,129.0,129.0,114.0,1.0,0.0,0.0,0.0,True
22200529,212,212,106.0,106.0,119.0,100.0,100.0,119.0,1.0,0.0,0.0,0.0,True
22200530,209,209,105.0,104.0,130.0,121.0,121.0,130.0,1.0,0.0,0.0,1.0,True
22200531,192,192,96.0,96.0,104.0,113.0,112.99997362475895,104.00003710106073,1.0,2.637524104898148e-05,-3.71010607267408e-05,0.0,True
22200532,192,192,96.0,96.0,118.0,132.0,132.0,118.0,1.0,0.0,0.0,0.0,True
22200533,212,212,106.0,106.0,114.0,123.0,123.0,114.0,1.0,0.0,0.0,0.0,True
22200534,193,193,97.0,96.0,116.0,127.0,126.99992276608194,116.00012252998737,1.0,7.723391806280233e-05,-0.00012252998736528298,1.0,True
22200535,199,199,100.0,99.0,119.0,124.0,123.99999643992702,119.00003151000439,1.0,3.560072983077589e-06,-3.151000439061136e-05,1.0,True
22200536,194,194,96.0,98.0,112.0,118.0,118.00003666364083,112.00004252756885,1.0,-3.666364082732798e-05,-4.2527568851369324e-05,2.0,True
22200537,200,200,100.0,100.0,125.0,126.0,126.0,125.0,1.0,0.0,0.0,0.0,True
22200538,201,201,101.0,100.0,130.0,131.0,131.0,130.0,1.0,0.0,0.0,1.0,True
22200539,201,201,100.0,101.0,123.0,106.0,106.0,123.0,1.0,0.0,0.0,1.0,True
22200540,198,198,99.0,99.0,103.0,102.0,102.0,103.0,1.0,0.0,0.0,0.0,True
22200541,193,193,96.0,97.0,108.0,88.0,88.0,108.0,1.0,0.0,0.0,1.0,True
22200542,190,190,96.0,94.0,126.0,125.0,125.0,126.0,1.0,0.0,0.0,2.0,True
22200543,211,211,106.0,105.0,101.0,116.0,116.0,101.0,1.0,0.0,0.0,1.0,True
22200544,200,200,100.0,100.0,116.0,104.0,104.0,116.0,1.0,0.0,0.0,0.0,True
22200545,204,204,102.0,102.0,115.0,96.0,96.00007217118039,114.99999170115957,1.0,-7.217118039193338e-05,8.298840427301002e-06,0.0,True
22200546,194,194,98.0,96.0,126.0,123.0,123.00005081366332,126.00002427503716,1.0,-5.081366332149173e-05,-2.4275037162624358e-05,2.0,True
22200547,199,199,99.0,100.0,108.0,118.0,118.0,108.0,1.0,0.0,0.0,1.0,True
22200548,205,205,103.0,102.0,118.0,95.0,95.0,118.0,1.0,0.0,0.0,1.0,True
22200549,201,201,100.0,101.0,111.0,123.0,123.0,111.0,1.0,0.0,0.0,1.0,True
22200550,173,173,86.0,87.0,83.0,102.0,101.99992960214874,83.00009404000511,1.0,7.039785126039533e-05,-9.40400051092638e-05,1.0,True
22200551,218,218,109.0,109.0,121.0,115.0,115.0,121.0,1.0,0.0,0.0,0.0,True
22200552,214,214,107.0,107.0,134.0,145.0,145.0000125435276,133.99999757467214,1.0,-1.2543527589059522e-05,2.4253278638752818e-06,0.0,True
22200553,195,195,97.0,98.0,114.0,122.0,122.0,114.0,1.0,0.0,0.0,1.0,True
22200554,195,195,98.0,97.0,111.0,120.0,120.0,111.0,1.0,0.0,0.0,1.0,True
22200555,209,209,104.0,105.0,103.0,139.0,139.0,103.0,1.0,0.0,0.0,1.0,True
22200556,191,191,95.0,96.0,111.0,106.0,106.00003555038366,111.00011878232019,1.0,-3.555038365732344e-05,-0.0001187823201860283,1.0,True
22200557,195,195,97.0,98.0,111.0,124.0,124.00004390884028,110.99998914318432,1.0,-4.390884028282471e-05,1.0856815677584564e-05,1.0,True
22200558,251,251,125.0,126.0,141.0,143.0,143.00003627057689,141.00002614704093,1.0,-3.627057688504465e-05,-2.614704092707143e-05,1.0,True
22200559,219,219,109.0,110.0,106.0,135.0,135.0,106.0,1.0,0.0,0.0,1.0,True
22200560,189,189,94.0,95.0,110.0,100.0,100.0,110.0,1.0,0.0,0.0,1.0,True
22200561,202,202,101.0,101.0,113.0,123.0,123.0,113.0,1.0,0.0,0.0,0.0,True
22200562,212,212,106.0,106.0,117.0,150.0,150.00010319294643,116.99995333697373,1.0,-0.00010319294642613386,4.6663026267879104e-05,0.0,True
22200563,200,200,101.0,99.0,117.0,115.0,115.0000967794143,117.00003057939188,1.0,-9.677941430652481e-05,-3.057939187556258e-05,2.0,True
22200564,214,214,107.0,107.0,131.0,107.0,107.0,131.0,1.0,0.0,0.0,0.0,True
22200565,188,188,94.0,94.0,88.0,90.0,90.00005339661188,88.00011090769803,1.0,-5.3396611875200506e-05,-0.00011090769802990508,0.0,True
22200566,198,198,99.0,99.0,115.0,126.0,126.00000590242573,115.00002463336517,1.0,-5.90242572684474e-06,-2.463336517166681e-05,0.0,True
22200567,210,210,105.0,105.0,126.0,129.0,129.0,126.0,1.0,0.0,0.0,0.0,True
22200568,200,200,100.0,100.0,114.0,117.0,117.0,114.0,1.0,0.0,0.0,0.0,True
22200569,228,228,114.0,114.0,104.0,101.0,101.0,104.0,1.0,0.0,0.0,0.0,True
22200570,208,208,104.0,104.0,112.0,121.0,121.0,112.0,1.0,0.0,0.0,0.0,True
22200571,188,188,94.0,94.0,106.0,113.0,113.0,106.0,1.0,0.0,0.0,0.0,True
22200572,195,195,97.0,98.0,108.0,119.0,119.0,108.0,1.0,0.0,0.0,1.0,True
22200573,195,195,97.0,98.0,122.0,119.0,119.00008498092406,122.00000660608269,1.0,-8.49809240577315e-05,-6.606082692428572e-06,1.0,True
22200574,197,197,99.0,98.0,109.0,112.0,112.00001948026264,109.00003158688025,1.0,-1.9480262636761836e-05,-3.158688025450829e-05,1.0,True
22200575,203,203,102.0,101.0,120.0,117.0,116.99997082009162,120.00008576662296,1.0,2.9179908381138375e-05,-8.576662295922688e-05,1.0,True
22200576,201,201,101.0,100.0,123.0,115.0,115.00008451225825,122.99993458955788,1.0,-8.451225825467645e-05,6.541044211871849e-05,1.0,True
22200577,195,195,98.0,97.0,124.0,95.0,95.0,124.0,1.0,0.0,0.0,1.0,True
22200578,203,203,101.0,102.0,131.0,114.0,114.00001515502404,131.00000633229635,1.0,-1.5155024044588572e-05,-6.3322963512746355e-06,1.0,True
22200579,198,198,99.0,99.0,91.0,122.0,122.0,91.0,1.0,0.0,0.0,0.0,True
22200580,209,209,104.0,105.0,99.0,108.0,108.0,99.0,1.0,0.0,0.0,1.0,True
22200581,190,190,95.0,95.0,126.0,112.0,112.0,126.0,1.0,0.0,0.0,0.0,True
22200582,186,186,93.0,93.0,112.0,108.0,108.0,112.0,1.0,0.0,0.0,0.0,True
22200583,198,198,99.0,99.0,138.0,109.0,109.0,138.0,1.0,0.0,0.0,0.0,True
22200584,205,205,102.0,103.0,110.0,127.0,127.0,110.0,1.0,0.0,0.0,1.0,True
22200585,203,203,101.0,102.0,109.0,121.0,121.0,109.0,1.0,0.0,0.0,1.0,True
22200586,188,188,94.0,94.0,108.0,102.0,102.0,108.0,1.0,0.0,0.0,0.0,True
22200587,201,201,100.0,101.0,115.0,128.0,128.0,115.0,1.0,0.0,0.0,1.0,True
22200588,178,178,89.0,89.0,108.0,121.0,120.99999266467421,108.0000191131738,1.0,7.3353257903363556e-06,-1.9113173806317718e-05,0.0,True
22200589,190,190,95.0,95.0,104.0,96.0,96.00002619643003,103.99999480306113,1.0,-2.6196430027880524e-05,5.1969388721317955e-06,0.0,True
22200590,217,217,108.0,109.0,114.0,130.0,130.0,114.0,1.0,0.0,0.0,1.0,True
22200591,209,209,104.0,105.0,121.0,116.0,116.00003942060526,121.00000912836317,1.0,-3.942060526185287e-05,-9.128363174681908e-06,1.0,True
22200592,199,199,99.0,100.0,118.0,126.0,126.0,118.0,1.0,0.0,0.0,1.0,True
22200593,209,209,104.0,105.0,117.0,127.0,127.0,117.0,1.0,0.0,0.0,1.0,True
22200594,199,199,99.0,100.0,115.0,101.0,101.00001222555211,114.99999762565086,1.0,-1.2225552111999605e-05,2.374349136857745e-06,1.0,True
22200595,202,202,101.0,101.0,136.0,134.0,134.0,136.0,1.0,0.0,0.0,0.0,True
22200596,205,205,103.0,102.0,123.0,111.0,111.0,123.0,1.0,0.0,0.0,1.0,True
22200597,203,203,101.0,102.0,105.0,117.0,117.0,105.0,1.0,0.0,0.0,1.0,True
22200598,207,207,104.0,103.0,111.0,116.0,116.0,111.0,1.0,0.0,0.0,1.0,True
22200599,183,183,91.0,92.0,102.0,101.0,101.00004840949904,102.000022478292,1.0,-4.840949904405534e-05,-2.2478291995753352e-05,1.0,True
22200600,211,211,105.0,106.0,118.0,123.0,123.0,118.0,1.0,0.0,0.0,1.0,True
22200601,195,195,98.0,97.0,104.0,96.0,96.0,104.0,1.0,0.0,0.0,1.0,True
22200602,192,192,95.0,97.0,109.0,120.0,120.00024886799847,108.9998428103857,1.0,-0.00024886799846512986,0.0001571896142991136,2.0,True
22200603,190,190,95.0,95.0,112.0,98.0,98.00001455077543,112.00004890945887,1.0,-1.4550775432553564e-05,-4.890945886870668e-05,0.0,True
22200604,201,201,101.0,100.0,112.0,108.0,108.0,112.0,1.0,0.0,0.0,1.0,True
22200605,202,202,102.0,100.0,132.0,112.0,112.0,132.0,1.0,0.0,0.0,2.0,True
22200606,189,189,94.0,95.0,99.0,107.0,107.0,99.0,1.0,0.0,0.0,1.0,True
22200607,189,189,94.0,95.0,111.0,107.0,107.0,111.0,1.0,0.0,0.0,1.0,True
22200608,211,211,105.0,106.0,113.0,121.0,121.0000398611687,113.00003860645434,1.0,-3.986116870180467e-05,-3.860645433917398e-05,1.0,True
22200609,215,215,107.0,108.0,109.0,122.0,122.0,109.0,1.0,0.0,0.0,1.0,True
22200610,204,204,102.0,102.0,111.0,136.0,136.0000748719199,110.99997043930757,1.0,-7.487191990662723e-05,2.9560692425434354e-05,0.0,True
22200611,199,199,100.0,99.0,111.0,112.0,112.0,111.0,1.0,0.0,0.0,1.0,True
22200612,217,217,108.0,109.0,116.0,147.0,147.0,116.0,1.0,0.0,0.0,1.0,True
22200613,192,192,96.0,96.0,120.0,132.0,132.0,120.0,1.0,0.0,0.0,0.0,True
22200614,197,197,99.0,98.0,114.0,116.0,116.00007566993493,114.00000281834869,1.0,-7.566993492957863e-05,-2.8183486904254096e-06,1.0,True
22200615,213,213,107.0,106.0,125.0,113.0,113.00007093428223,125.00007552758433,1.0,-7.093428223470255e-05,-7.552758432893825e-05,1.0,True
22200616,193,193,96.0,97.0,109.0,106.0,106.0,109.0,1.0,0.0,0.0,1.0,True
22200617,182,182,91.0,91.0,101.0,113.0,113.00003729198507,101.00005101000556,1.0,-3.7291985066190136e-05,-5.1010005563512095e-05,0.0,True
22200618,201,201,100.0,101.0,118.0,135.0,135.0,118.0,1.0,0.0,0.0,1.0,True
22200619,190,190,94.0,96.0,97.0,100.0,100.0,97.0,1.0,0.0,0.0,2.0,True
22200620,198,198,99.0,99.0,114.0,105.0,105.0,114.0,1.0,0.0,0.0,0.0,True
22200621,200,200,100.0,100.0,114.0,125.0,125.0,114.0,1.0,0.0,0.0,0.0,True
22200622,204,204,101.0,103.0,113.0,119.0,119.000256438611,112.99992392162389,1.0,-0.0002564386110037731,7.607837611089963e-05,2.0,True
22200623,215,215,108.0,107.0,129.0,135.0,135.0,129.0,1.0,0.0,0.0,1.0,True
22200624,190,190,95.0,95.0,97.0,126.0,126.0,97.0,1.0,0.0,0.0,0.0,True
22200625,208,208,104.0,104.0,115.0,135.0,134.9999689090567,115.00005042188002,1.0,3.1090943309664e-05,-5.042188001880277e-05,0.0,True
22200626,209,209,104.0,105.0,133.0,114.0,113.99998286690162,133.00010207634668,1.0,1.7133098381805212e-05,-0.00010207634667835919,1.0,True
22200627,187,187,93.0,94.0,109.0,98.0,98.0,109.0,1.0,0.0,0.0,1.0,True
22200628,191,191,96.0,95.0,102.0,108.0,108.00005445233728,102.00001626336955,1.0,-5.445233728096355e-05,-1.626336954529961e-05,1.0,True
22200629,197,197,99.0,98.0,114.0,124.0,124.0,114.0,1.0,0.0,0.0,1.0,True
22200630,235,235,118.0,117.0,119.0,115.0,115.00004005857112,119.00009190294854,1.0,-4.0058571116219355e-05,-9.19029485402234e-05,1.0,True
22200631,204,204,102.0,102.0,119.0,113.0,113.00000802049544,119.00000871841279,1.0,-8.020495442906395e-06,-8.718412786379304e-06,0.0,True
22200632,213,213,106.0,107.0,116.0,110.0,110.0,116.0,1.0,0.0,0.0,1.0,True
22200633,196,196,98.0,98.0,113.0,111.0,111.000030928077,113.00006518817122,1.0,-3.092807699545119e-05,-6.518817122014298e-05,0.0,True
22200634,189,189,95.0,94.0,112.0,108.0,108.000005185951,112.000073268894,1.0,-5.185950996633437e-06,-7.326889399905667e-05,1.0,True
22200635,220,220,110.0,110.0,144.0,113.0,113.0000427051174,144.00001794390994,1.0,-4.2705117394348235e-05,-1.7943909938367142e-05,0.0,True
22200636,199,199,100.0,99.0,124.0,110.0,109.99996836318309,124.0000489492451,1.0,3.163681691376041e-05,-4.894924509812881e-05,1.0,True
22200637,210,210,105.0,105.0,116.0,121.0,121.0,116.0,1.0,0.0,0.0,0.0,True
22200638,211,211,106.0,105.0,108.0,112.0,112.00002678503759,108.00008746696896,1.0,-2.6785037590570937e-05,-8.746696896366757e-05,1.0,True
22200639,188,188,93.0,95.0,115.0,103.0,103.0,115.0,1.0,0.0,0.0,2.0,True
22200640,198,198,99.0,99.0,114.0,139.0,139.0,114.0,1.0,0.0,0.0,0.0,True
22200641,180,180,90.0,90.0,95.0,111.0,111.00002694053065,95.00000736205766,1.0,-2.6940530645447325e-05,-7.3620576586108655e-06,0.0,True
22200642,188,188,94.0,94.0,122.0,106.0,106.00004757918364,122.00002842181135,1.0,-4.7579183643620127e-05,-2.8421811350654025e-05,0.0,True
22200643,221,221,111.0,110.0,130.0,112.0,112.0,130.0,1.0,0.0,0.0,1.0,True
22200644,195,195,97.0,98.0,114.0,103.0,103.0,114.0,1.0,0.0,0.0,1.0,True
22200645,190,190,95.0,95.0,102.0,110.0,109.9999922013522,102.0000394342766,1.0,7.798647800427716e-06,-3.943427660146881e-05,0.0,True
22200646,196,196,97.0,99.0,118.0,117.0,117.0,118.0,1.0,0.0,0.0,2.0,True
22200647,195,195,97.0,98.0,119.0,136.0,136.0,119.0,1.0,0.0,0.0,1.0,True
22200648,183,183,92.0,91.0,117.0,104.0,104.0,117.0,1.0,0.0,0.0,1.0,True
22200649,202,202,101.0,101.0,100.0,121.0,120.99998809828024,100.0000710264434,1.0,1.1901719759066509e-05,-7.102644339340713e-05,0.0,True
22200650,215,215,107.0,108.0,118.0,132.0,132.0,118.0,1.0,0.0,0.0,1.0,True
22200651,197,197,99.0,98.0,112.0,102.0,102.00001251819246,112.00006498653744,1.0,-1.2518192463062405e-05,-6.498653743847171e-05,1.0,True
22200652,190,190,95.0,95.0,132.0,119.0,119.0,132.0,1.0,0.0,0.0,0.0,True
22200653,198,198,99.0,99.0,116.0,119.0,118.99994498220501,116.00006967932241,1.0,5.5017794991840674e-05,-6.967932240797836e-05,0.0,True
22200654,196,196,98.0,98.0,123.0,140.0,140.0,123.0,1.0,0.0,0.0,0.0,True
22200655,192,192,96.0,96.0,113.0,112.0,112.0,113.0,1.0,0.0,0.0,0.0,True
22200656,187,187,94.0,93.0,130.0,118.0,118.00001327154636,130.00005458107424,1.0,-1.3271546364990172e-05,-5.4581074238058136e-05,1.0,True
22200657,201,201,101.0,100.0,119.0,132.0,132.0,119.0,1.0,0.0,0.0,1.0,True
22200658,190,190,95.0,95.0,103.0,113.0,113.00006123421265,103.00005235359667,1.0,-6.123421265158413e-05,-5.2353596672105596e-05,0.0,True
22200659,201,201,100.0,101.0,123.0,121.0,121.0,123.0,1.0,0.0,0.0,1.0,True
22200660,204,204,101.0,103.0,127.0,118.0,118.00007349790224,127.00012405624966,1.0,-7.349790223543096e-05,-0.000124056249660498,2.0,True
22200661,197,197,98.0,99.0,113.0,121.0,121.00004715261556,113.0000483406707,1.0,-4.7152615564982625e-05,-4.83406707019185e-05,1.0,True
22200662,195,195,97.0,98.0,126.0,125.0,125.00001425850613,126.00005985548857,1.0,-1.4258506126907378e-05,-5.985548857267986e-05,1.0,True
22200663,200,200,99.0,101.0,106.0,136.0,136.0,106.0,1.0,0.0,0.0,2.0,True
22200664,197,197,99.0,98.0,132.0,140.0,140.0,132.0,1.0,0.0,0.0,1.0,True
22200665,199,199,99.0,100.0,122.0,130.0,130.0,122.0,1.0,0.0,0.0,1.0,True
22200666,216,216,107.0,109.0,98.0,106.0,106.0,98.0,1.0,0.0,0.0,2.0,True
22200667,194,194,97.0,97.0,113.0,122.0,122.0,113.0,1.0,0.0,0.0,0.0,True
22200668,187,187,93.0,94.0,120.0,110.0,110.0,120.0,1.0,0.0,0.0,1.0,True
22200669,187,187,94.0,93.0,116.0,105.0,105.0,116.0,1.0,0.0,0.0,1.0,True
22200670,196,196,98.0,98.0,130.0,122.0,122.00001754952407,130.00003153638923,1.0,-1.754952407395649e-05,-3.153638922981372e-05,0.0,True
22200671,209,209,104.0,105.0,122.0,117.0,117.0,122.0,1.0,0.0,0.0,1.0,True
22200672,193,193,96.0,97.0,114.0,115.0,115.00005140641483,114.00000914674126,1.0,-5.1406414826260516e-05,-9.14674126306636e-06,1.0,True
22200673,189,189,95.0,94.0,124.0,98.0,98.00001591432942,123.99999539164111,1.0,-1.5914329424049356e-05,4.608358892710385e-06,1.0,True
22200674,209,209,104.0,105.0,106.0,126.0,126.00002017123897,106.00005360603689,1.0,-2.01712389724662e-05,-5.360603688586707e-05,1.0,True
22200675,187,187,93.0,94.0,103.0,126.0,126.0,103.0,1.0,0.0,0.0,1.0,True
22200676,199,199,100.0,99.0,118.0,122.0,122.0,118.0,1.0,0.0,0.0,1.0,True
22200677,187,187,94.0,93.0,116.0,111.0,111.0,116.0,1.0,0.0,0.0,1.0,True
22200678,210,210,104.0,106.0,126.0,108.0,108.0,126.0,1.0,0.0,0.0,2.0,True
22200679,232,232,116.0,116.0,118.0,121.0,121.00002259769728,118.00003837902298,1.0,-2.2597697281412366e-05,-3.837902298187146e-05,0.0,True
22200680,206,206,102.0,104.0,126.0,128.0,128.0,126.0,1.0,0.0,0.0,2.0,True
22200681,203,203,101.0,102.0,112.0,117.0,117.00001988148237,112.00012362437448,1.0,-1.9881482373307335e-05,-0.00012362437448132368,1.0,True
22200682,192,192,97.0,95.0,105.0,95.0,95.00006115835194,105.00003824762857,1.0,-6.115835194009378e-05,-3.824762856652342e-05,2.0,True
22200683,197,197,98.0,99.0,110.0,123.0,122.9999425215825,110.00012839603292,1.0,5.747841750292082e-05,-0.00012839603292036372,1.0,True
22200684,186,186,93.0,93.0,124.0,139.0,139.0,124.0,1.0,0.0,0.0,0.0,True
22200685,193,193,96.0,97.0,120.0,114.0,114.00004858388654,120.00004358029005,1.0,-4.8583886538722254e-05,-4.358029005402386e-05,1.0,True
22200686,181,181,91.0,90.0,90.0,115.0,115.0,90.0,1.0,0.0,0.0,1.0,True
22200687,179,179,89.0,90.0,131.0,126.0,126.0,131.0,1.0,0.0,0.0,1.0,True
22200688,200,200,100.0,100.0,111.0,134.0,134.0,111.0,1.0,0.0,0.0,0.0,True
22200689,189,189,95.0,94.0,117.0,106.0,106.0,117.0,1.0,0.0,0.0,1.0,True
22200690,210,210,105.0,105.0,121.0,122.0,122.00007283660072,121.00000640303733,1.0,-7.283660072232578e-05,-6.403037332347594e-06,0.0,True
22200691,195,195,97.0,98.0,113.0,118.0,118.00009232645324,113.00002744750893,1.0,-9.232645324175337e-05,-2.744750892702541e-05,1.0,True
22200692,191,191,95.0,96.0,106.0,104.0,104.00007274968549,106.00000968769415,1.0,-7.274968548642846e-05,-9.687694145554815e-06,1.0,True
22200693,203,203,102.0,101.0,118.0,138.0,138.00001486625953,118.00001608936498,1.0,-1.4866259533619086e-05,-1.608936497632385e-05,1.0,True
22200694,205,205,103.0,102.0,122.0,118.0,118.0000675217894,122.0000255631994,1.0,-6.752178940416798e-05,-2.55631994008354e-05,1.0,True
22200695,186,186,93.0,93.0,102.0,114.0,114.00004953930906,102.00009110622742,1.0,-4.9539309060264713e-05,-9.110622741559382e-05,0.0,True
22200696,202,202,101.0,101.0,104.0,113.0,113.0,104.0,1.0,0.0,0.0,0.0,True
22200697,211,211,106.0,105.0,107.0,112.0,112.00006825903554,107.00009103404241,1.0,-6.825903554386059e-05,-9.103404241272983e-05,1.0,True
22200698,197,197,99.0,98.0,129.0,127.0,127.0,129.0,1.0,0.0,0.0,1.0,True
22200699,201,201,101.0,100.0,96.0,100.0,100.00003788510784,96.00005336156397,1.0,-3.788510784374921e-05,-5.336156397106606e-05,1.0,True
22200700,191,191,95.0,96.0,116.0,125.0,125.0,116.0,1.0,0.0,0.0,1.0,True
22200701,179,179,90.0,89.0,112.0,98.0,98.0,112.0,1.0,0.0,0.0,1.0,True
22200702,180,180,90.0,90.0,101.0,99.0,99.0000145789124,101.00004800165203,1.0,-1.457891239908804e-05,-4.800165203278084e-05,0.0,True
22200703,205,205,103.0,102.0,110.0,112.0,112.0,110.0,1.0,0.0,0.0,1.0,True
22200704,199,199,99.0,100.0,120.0,116.0,116.0,120.0,1.0,0.0,0.0,1.0,True
22200705,198,198,99.0,99.0,121.0,112.0,112.0,121.0,1.0,0.0,0.0,0.0,True
22200706,225,225,113.0,112.0,150.0,130.0,130.0,150.0,1.0,0.0,0.0,1.0,True
22200707,189,189,94.0,95.0,98.0,113.0,113.00004409095992,97.99997954297847,1.0,-4.4090959917753025e-05,2.0457021534525666e-05,1.0,True
22200708,197,197,98.0,99.0,100.0,111.0,111.0,100.0,1.0,0.0,0.0,1.0,True
22200709,214,214,107.0,107.0,114.0,119.0,119.0,114.0,1.0,0.0,0.0,0.0,True
22200710,205,205,103.0,102.0,102.0,120.0,120.00001691435017,102.00001747694803,1.0,-1.6914350169372483e-05,-1.7476948031003303e-05,1.0,True
22200711,204,204,101.0,103.0,127.0,147.0,147.0,127.0,1.0,0.0,0.0,2.0,True
22200712,207,207,103.0,104.0,100.0,133.0,133.00007631439934,100.00008301875062,1.0,-7.63143993367521e-05,-8.301875061533792e-05,1.0,True
22200713,200,200,100.0,100.0,110.0,116.0,116.0,110.0,1.0,0.0,0.0,0.0,True
22200714,189,189,94.0,95.0,95.0,98.0,97.99999733785376,95.00005506580898,1.0,2.6621462438924937e-06,-5.506580897929325e-05,1.0,True
22200715,183,183,91.0,92.0,103.0,105.0,105.00007091332245,103.00006730426824,1.0,-7.091332244613113e-05,-6.730426824219649e-05,1.0,True
22200716,183,183,92.0,91.0,99.0,98.0,98.0,99.0,1.0,0.0,0.0,1.0,True
22200717,202,202,101.0,101.0,127.0,126.0,126.0,127.0,1.0,0.0,0.0,0.0,True
22200718,202,202,100.0,102.0,97.0,128.0,128.0,97.0,1.0,0.0,0.0,2.0,True
22200719,191,191,96.0,95.0,133.0,115.0,115.0,133.0,1.0,0.0,0.0,1.0,True
22200720,192,192,96.0,96.0,120.0,126.0,125.99999016493452,120.00002154830946,1.0,9.835065483798644e-06,-2.1548309462104953e-05,0.0,True
22200721,192,192,96.0,96.0,133.0,137.0,137.0,133.0,1.0,0.0,0.0,0.0,True
22200722,197,197,99.0,98.0,108.0,103.0,103.0,108.0,1.0,0.0,0.0,1.0,True
22200723,209,209,105.0,104.0,99.0,107.0,107.0,99.0,1.0,0.0,0.0,1.0,True
22200724,193,193,96.0,97.0,111.0,102.0,102.0,111.0,1.0,0.0,0.0,1.0,True
22200725,211,211,106.0,105.0,137.0,132.0,132.0000402176992,137.00008816244926,1.0,-4.0217699194045053e-05,-8.816244925924366e-05,1.0,True
22200726,206,206,103.0,103.0,120.0,122.0,122.00001224418403,120.00003816060787,1.0,-1.224418403467098e-05,-3.816060787187325e-05,0.0,True
22200727,198,198,99.0,99.0,124.0,134.0,134.0,124.0,1.0,0.0,0.0,0.0,True
22200728,187,187,94.0,93.0,113.0,95.0,95.0,113.0,1.0,0.0,0.0,1.0,True
22200729,213,213,106.0,107.0,104.0,113.0,113.0,104.0,1.0,0.0,0.0,1.0,True
22200730,210,210,105.0,105.0,120.0,117.0,117.00002801298857,120.00005952440033,1.0,-2.8012988565251362e-05,-5.952440032785944e-05,0.0,True
22200731,202,202,101.0,101.0,130.0,122.0,122.0,130.0,1.0,0.0,0.0,0.0,True
22200732,213,213,106.0,107.0,96.0,111.0,111.0,96.0,1.0,0.0,0.0,1.0,True
22200733,186,186,93.0,93.0,113.0,95.0,95.00001034384574,113.00003495652511,1.0,-1.0343845744387181e-05,-3.495652511276148e-05,0.0,True
22200734,177,177,89.0,88.0,99.0,95.0,95.00010668535286,98.99997612818571,1.0,-0.000106685352861291,2.3871814292419913e-05,1.0,True
22200735,190,190,95.0,95.0,100.0,138.0,138.0,100.0,1.0,0.0,0.0,0.0,True
22200736,218,218,109.0,109.0,141.0,131.0,131.0,141.0,1.0,0.0,0.0,0.0,True
22200737,207,207,103.0,104.0,100.0,111.0,111.0,100.0,1.0,0.0,0.0,1.0,True
22200738,197,197,99.0,98.0,105.0,110.0,110.0,105.0,1.0,0.0,0.0,1.0,True
22200739,186,186,92.0,94.0,100.0,112.0,112.00007612135263,100.00003035370267,1.0,-7.612135263457276e-05,-3.0353702669572158e-05,2.0,True
22200740,202,202,101.0,101.0,117.0,129.0,129.0,117.0,1.0,0.0,0.0,0.0,True
22200741,191,191,95.0,96.0,119.0,126.0,126.0,119.0,1.0,0.0,0.0,1.0,True
22200742,183,183,91.0,92.0,115.0,122.0,122.0,115.0,1.0,0.0,0.0,1.0,True
22200743,204,204,102.0,102.0,117.0,114.0,114.0,117.0,1.0,0.0,0.0,0.0,True
22200744,193,193,96.0,97.0,128.0,109.0,109.00002092518432,128.00001962367568,1.0,-2.0925184315956358e-05,-1.9623675683533293e-05,1.0,True
22200745,194,194,97.0,97.0,120.0,113.0,113.0,120.0,1.0,0.0,0.0,0.0,True
22200746,194,194,98.0,96.0,110.0,117.0,117.0,110.0,1.0,0.0,0.0,2.0,True
22200747,198,198,99.0,99.0,113.0,103.0,103.0,113.0,1.0,0.0,0.0,0.0,True
22200748,212,212,106.0,106.0,128.0,118.0,118.0,128.0,1.0,0.0,0.0,0.0,True
22200749,215,215,107.0,108.0,121.0,125.0,125.00000862926632,121.00002567734963,1.0,-8.629266318394002e-06,-2.567734962610757e-05,1.0,True
22200750,184,184,91.0,93.0,100.0,108.0,108.0,100.0,1.0,0.0,0.0,2.0,True
22200751,181,181,90.0,91.0,123.0,105.0,105.00002242308486,123.00007989379759,1.0,-2.2423084857337017e-05,-7.989379759010262e-05,1.0,True
22200752,197,197,98.0,99.0,117.0,122.0,122.0,117.0,1.0,0.0,0.0,1.0,True
22200753,180,180,90.0,90.0,100.0,112.0,112.0,100.0,1.0,0.0,0.0,0.0,True
22200754,189,189,95.0,94.0,99.0,122.0,122.0000633973297,99.00003716471052,1.0,-6.339732969706802e-05,-3.716471051973258e-05,1.0,True
22200755,208,208,104.0,104.0,110.0,135.0,135.0,110.0,1.0,0.0,0.0,0.0,True
22200756,211,211,106.0,105.0,119.0,109.0,109.00000867874549,119.00002495427128,1.0,-8.678745487600281e-06,-2.495427128224037e-05,1.0,True
22200757,197,197,98.0,99.0,104.0,121.0,121.0,104.0,1.0,0.0,0.0,1.0,True
22200758,218,218,109.0,109.0,118.0,111.0,111.00004353876912,118.00004808057497,1.0,-4.35387691197775e-05,-4.8080574970299494e-05,0.0,True
22200759,217,217,108.0,109.0,128.0,120.0,120.00004882357835,127.99998291913677,1.0,-4.882357835356288e-05,1.708086323048974e-05,1.0,True
22200760,196,196,98.0,98.0,127.0,106.0,106.0,127.0,1.0,0.0,0.0,0.0,True
22200761,187,187,94.0,93.0,105.0,111.0,110.99999262740427,105.00001194156206,1.0,7.372595732135778e-06,-1.194156206452135e-05,1.0,True
22200762,187,187,93.0,94.0,106.0,114.0,114.0,106.0,1.0,0.0,0.0,1.0,True
22200763,185,185,92.0,93.0,125.0,129.0,129.0,125.0,1.0,0.0,0.0,1.0,True
22200764,185,185,92.0,93.0,100.0,97.0,97.00001212767921,100.00002565325275,1.0,-1.2127679212881048e-05,-2.5653252748725208e-05,1.0,True
22200765,213,213,107.0,106.0,129.0,123.0,123.0,129.0,1.0,0.0,0.0,1.0,True
22200766,202,202,101.0,101.0,108.0,103.0,103.0,108.0,1.0,0.0,0.0,0.0,True
22200767,226,226,113.0,113.0,115.0,124.0,124.0,115.0,1.0,0.0,0.0,0.0,True
22200768,202,202,101.0,101.0,113.0,122.0,122.0,113.0,1.0,0.0,0.0,0.0,True
22200769,182,182,91.0,91.0,119.0,117.0,116.9999578805893,119.00014445204613,1.0,4.2119410693430837e-05,-0.00014445204612911766,0.0,True
22200770,200,200,100.0,100.0,94.0,105.0,105.0,94.0,1.0,0.0,0.0,0.0,True
22200771,200,200,100.0,100.0,122.0,112.0,112.0,122.0,1.0,0.0,0.0,0.0,True
22200772,193,193,96.0,97.0,96.0,139.0,139.0,96.0,1.0,0.0,0.0,1.0,True
22200773,198,198,99.0,99.0,106.0,112.0,112.00004466377919,106.00006356248304,1.0,-4.466377919243314e-05,-6.356248303518441e-05,0.0,True
22200774,229,229,114.0,115.0,114.0,119.0,119.0,114.0,1.0,0.0,0.0,1.0,True
22200775,202,202,102.0,100.0,119.0,109.0,109.0,119.0,1.0,0.0,0.0,2.0,True
22200776,200,200,101.0,99.0,128.0,131.0,131.0,128.0,1.0,0.0,0.0,2.0,True
22200777,202,202,100.0,102.0,132.0,100.0,100.0,132.0,1.0,0.0,0.0,2.0,True
22200778,210,210,105.0,105.0,112.0,111.0,111.00000473298896,112.00000862015177,1.0,-4.732988955424844e-06,-8.62015177460762e-06,0.0,True
22200779,205,205,102.0,103.0,113.0,128.0,127.9999793513777,113.00002771495001,1.0,2.0648622296448593e-05,-2.771495000786217e-05,1.0,True
22200780,188,188,94.0,94.0,104.0,106.0,106.0001108336135,104.00006949979313,1.0,-0.00011083361350472387,-6.949979312764754e-05,0.0,True
22200781,189,189,95.0,94.0,98.0,114.0,114.0,98.0,1.0,0.0,0.0,1.0,True
22200782,192,192,96.0,96.0,106.0,111.0,111.00006208325935,105.99997931512237,1.0,-6.208325935119774e-05,2.0684877625853915e-05,0.0,True
22200783,198,198,99.0,99.0,117.0,134.0,134.00005661357446,117.0000386692003,1.0,-5.661357445774229e-05,-3.8669200293384165e-05,0.0,True
22200784,202,202,101.0,101.0,105.0,106.0,106.0,105.0,1.0,0.0,0.0,0.0,True
22200785,213,213,106.0,107.0,112.0,118.0,118.0,112.0,1.0,0.0,0.0,1.0,True
22200786,207,207,104.0,103.0,104.0,107.0,107.0,104.0,1.0,0.0,0.0,1.0,True
22200787,186,186,93.0,93.0,124.0,116.0,116.0,124.0,1.0,0.0,0.0,0.0,True
22200788,194,194,96.0,98.0,106.0,94.0,94.0000681917249,106.00002968083852,1.0,-6.819172490679648e-05,-2.968083852294967e-05,2.0,True
22200789,194,194,98.0,96.0,117.0,111.0,111.0000629422758,117.00005015647034,1.0,-6.294227580383449e-05,-5.015647033701498e-05,2.0,True
22200790,210,210,105.0,105.0,127.0,120.0,120.0,127.0,1.0,0.0,0.0,0.0,True
22200791,202,202,101.0,101.0,137.0,125.0,125.0,137.0,1.0,0.0,0.0,0.0,True
22200792,199,199,100.0,99.0,115.0,108.0,108.0,115.0,1.0,0.0,0.0,1.0,True
22200793,205,205,103.0,102.0,123.0,125.0,125.0,123.0,1.0,0.0,0.0,1.0,True
22200794,189,189,95.0,94.0,116.0,100.0,100.0,116.0,1.0,0.0,0.0,1.0,True
22200795,213,213,107.0,106.0,134.0,128.0,128.0,134.0,1.0,0.0,0.0,1.0,True
22200796,196,196,98.0,98.0,121.0,129.0,129.0,121.0,1.0,0.0,0.0,0.0,True
22200797,202,202,101.0,101.0,115.0,123.0,123.0,115.0,1.0,0.0,0.0,0.0,True
22200798,206,206,104.0,102.0,126.0,131.0,131.0000267819636,126.00004436928808,1.0,-2.6781963612165782e-05,-4.436928807649565e-05,2.0,True
22200799,204,204,103.0,101.0,121.0,153.0,153.0000237037554,121.00009552450301,1.0,-2.3703755402948445e-05,-9.552450300986948e-05,2.0,True
22200800,198,198,99.0,99.0,113.0,119.0,119.0,113.0,1.0,0.0,0.0,0.0,True
22200801,207,207,103.0,104.0,108.0,128.0,128.0,108.0,1.0,0.0,0.0,1.0,True
22200802,194,194,97.0,97.0,119.0,113.0,113.0,119.0,1.0,0.0,0.0,0.0,True
22200803,193,193,97.0,96.0,122.0,103.0,103.00006591793051,122.00007278840398,1.0,-6.591793051313743e-05,-7.278840398328157e-05,1.0,True
22200804,188,188,94.0,94.0,97.0,108.0,108.0,97.0,1.0,0.0,0.0,0.0,True
22200805,196,196,99.0,97.0,106.0,103.0,103.0,106.0,1.0,0.0,0.0,2.0,True
22200806,204,204,102.0,102.0,98.0,128.0,128.0,98.0,1.0,0.0,0.0,0.0,True
22200807,191,191,96.0,95.0,104.0,136.0,136.0,104.0,1.0,0.0,0.0,1.0,True
22200808,190,190,95.0,95.0,111.0,99.0,99.0,111.0,1.0,0.0,0.0,0.0,True
22200809,190,190,95.0,95.0,114.0,91.0,91.00010441636572,114.00001491157543,1.0,-0.00010441636571556501,-1.491157543398458e-05,0.0,True
22200810,201,201,101.0,100.0,124.0,116.0,116.0,124.0,1.0,0.0,0.0,1.0,True
22200811,216,216,108.0,108.0,104.0,128.0,128.0,104.0,1.0,0.0,0.0,0.0,True
22200812,197,197,98.0,99.0,140.0,120.0,120.0,140.0,1.0,0.0,0.0,1.0,True
22200813,195,195,97.0,98.0,124.0,111.0,111.0,124.0,1.0,0.0,0.0,1.0,True
22200814,206,206,103.0,103.0,114.0,141.0,141.00006419909005,113.99998250477175,1.0,-6.419909004762303e-05,1.749522824923133e-05,0.0,True
22200815,208,208,104.0,104.0,127.0,108.0,108.0,127.0,1.0,0.0,0.0,0.0,True
22200816,178,178,89.0,89.0,102.0,98.0,98.00005871351274,102.00001640269969,1.0,-5.871351274322478e-05,-1.6402699685613698e-05,0.0,True
22200817,205,205,103.0,102.0,116.0,112.0,112.0,116.0,1.0,0.0,0.0,1.0,True
22200818,190,190,95.0,95.0,107.0,116.0,116.0,107.0,1.0,0.0,0.0,0.0,True
22200819,199,199,100.0,99.0,89.0,104.0,104.0,89.0,1.0,0.0,0.0,1.0,True
22200820,211,211,105.0,106.0,112.0,146.0,146.0,112.0,1.0,0.0,0.0,1.0,True
22200821,219,219,109.0,110.0,133.0,130.0,130.00005405495693,133.0000470400579,1.0,-5.405495693366902e-05,-4.704005789335497e-05,1.0,True
22200822,182,182,91.0,91.0,85.0,113.0,113.00000679278409,85.00006964541456,1.0,-6.792784091658177e-06,-6.964541455545259e-05,0.0,True
22200823,192,192,95.0,97.0,104.0,118.0,118.0,104.0,1.0,0.0,0.0,2.0,True
22200824,178,178,88.0,90.0,99.0,106.0,106.0,99.0,1.0,0.0,0.0,2.0,True
22200825,189,189,94.0,95.0,111.0,116.0,116.0000116803528,111.00003056916347,1.0,-1.1680352798748572e-05,-3.0569163470772764e-05,1.0,True
22200826,209,209,104.0,105.0,98.0,112.0,112.0,98.0,1.0,0.0,0.0,1.0,True
22200827,203,203,101.0,102.0,130.0,128.0,128.0,130.0,1.0,0.0,0.0,1.0,True
22200828,201,201,101.0,100.0,143.0,118.0,118.0,143.0,1.0,0.0,0.0,1.0,True
22200829,195,195,97.0,98.0,110.0,104.0,104.0,110.0,1.0,0.0,0.0,1.0,True
22200830,198,198,100.0,98.0,122.0,125.0,125.0,122.0,1.0,0.0,0.0,2.0,True
22200831,197,197,99.0,98.0,104.0,115.0,115.0,104.0,1.0,0.0,0.0,1.0,True
22200832,201,201,100.0,101.0,107.0,116.0,116.0,107.0,1.0,0.0,0.0,1.0,True
22200833,203,203,101.0,102.0,105.0,116.0,116.0,105.0,1.0,0.0,0.0,1.0,True
22200834,198,198,100.0,98.0,115.0,106.0,106.0,115.0,1.0,0.0,0.0,2.0,True
22200835,245,245,123.0,122.0,131.0,138.0,138.0,131.0,1.0,0.0,0.0,1.0,True
22200836,200,200,100.0,100.0,117.0,104.0,104.0,117.0,1.0,0.0,0.0,0.0,True
22200837,187,187,93.0,94.0,108.0,119.0,119.0,108.0,1.0,0.0,0.0,1.0,True
22200838,210,210,105.0,105.0,116.0,127.0,127.0,116.0,1.0,0.0,0.0,0.0,True
22200839,206,206,103.0,103.0,122.0,116.0,116.0,122.0,1.0,0.0,0.0,0.0,True
22200840,190,190,95.0,95.0,95.0,97.0,97.00005707421485,95.00007404788488,1.0,-5.707421485112718e-05,-7.404788487974656e-05,0.0,True
22200841,208,208,104.0,104.0,107.0,128.0,128.0,107.0,1.0,0.0,0.0,0.0,True
22200842,183,183,91.0,92.0,118.0,107.0,107.00001620463031,118.00002444531313,1.0,-1.6204630313154667e-05,-2.4445313130172508e-05,1.0,True
22200843,192,192,96.0,96.0,138.0,129.0,129.0000148955834,138.00006629036645,1.0,-1.489558340495023e-05,-6.629036644767439e-05,0.0,True
22200844,192,192,96.0,96.0,122.0,114.0,114.0,122.0,1.0,0.0,0.0,0.0,True
22200845,194,194,97.0,97.0,119.0,106.0,106.0,119.0,1.0,0.0,0.0,0.0,True
22200846,179,179,90.0,89.0,101.0,98.0,98.0,101.0,1.0,0.0,0.0,1.0,True
22200847,208,208,104.0,104.0,119.0,105.0,105.0,119.0,1.0,0.0,0.0,0.0,True
22200848,204,204,102.0,102.0,107.0,103.0,103.00002528801936,107.00002710271238,1.0,-2.528801935852698e-05,-2.7102712380155936e-05,0.0,True
22200849,181,181,90.0,91.0,113.0,127.0,127.0,113.0,1.0,0.0,0.0,1.0,True
22200850,209,209,105.0,104.0,106.0,125.0,125.0000140471604,106.0000573957597,1.0,-1.4047160405539216e-05,-5.7395759696987625e-05,1.0,True
22200851,193,193,97.0,96.0,120.0,126.0,126.0,120.0,1.0,0.0,0.0,1.0,True
22200852,190,190,95.0,95.0,89.0,97.0,97.0000333269983,89.00005023999864,1.0,-3.3326998305938105e-05,-5.023999864306461e-05,0.0,True
22200853,208,208,104.0,104.0,109.0,103.0,103.0,109.0,1.0,0.0,0.0,0.0,True
22200854,217,217,109.0,108.0,128.0,133.0,133.00005549304424,127.99999557873055,1.0,-5.549304424334878e-05,4.421269451881926e-06,1.0,True
22200855,192,192,96.0,96.0,109.0,119.0,119.0010814554722,108.99893900811189,1.0,-0.0010814554722031744,0.001060991888110152,0.0,True
22200856,193,193,96.0,97.0,118.0,119.0,119.0,118.0,1.0,0.0,0.0,1.0,True
22200857,215,215,108.0,107.0,138.0,144.0,144.0,138.0,1.0,0.0,0.0,1.0,True
22200858,189,189,95.0,94.0,109.0,117.0,117.00002340908424,108.99999936287921,1.0,-2.3409084235481714e-05,6.371207916799904e-07,1.0,True
22200859,202,202,101.0,101.0,123.0,117.0,117.0,123.0,1.0,0.0,0.0,0.0,True
22200860,196,196,98.0,98.0,104.0,123.0,123.0,104.0,1.0,0.0,0.0,0.0,True
22200861,179,179,89.0,90.0,112.0,108.0,108.0000146158217,112.00000497014466,1.0,-1.46158216978165e-05,-4.9701446585004305e-06,1.0,True
22200862,179,179,90.0,89.0,106.0,124.0,124.0,106.0,1.0,0.0,0.0,1.0,True
22200863,194,194,97.0,97.0,100.0,91.0,91.0000233981204,100.00003810060426,1.0,-2.3398120404749534e-05,-3.8100604257351733e-05,0.0,True
22200864,191,191,95.0,96.0,103.0,100.0,99.99997772965158,103.00007544291795,1.0,2.2270348424058284e-05,-7.544291794658875e-05,1.0,True
22200865,188,188,93.0,95.0,124.0,121.0,121.0,124.0,1.0,0.0,0.0,2.0,True
22200866,191,191,95.0,96.0,126.0,135.0,134.99998130983164,126.00006915953298,1.0,1.869016836053561e-05,-6.91595329840311e-05,1.0,True
22200867,203,203,102.0,101.0,115.0,127.0,127.0,115.0,1.0,0.0,0.0,1.0,True
22200868,196,196,98.0,98.0,113.0,123.0,123.00006681419377,112.99997911662045,1.0,-6.681419377230213e-05,2.0883379548308767e-05,0.0,True
22200869,223,223,111.0,112.0,125.0,131.0,131.00002301393855,125.00008684603712,1.0,-2.301393854509115e-05,-8.684603712083572e-05,1.0,True
22200870,196,196,98.0,98.0,109.0,120.0,120.0,109.0,1.0,0.0,0.0,0.0,True
22200871,190,190,95.0,95.0,124.0,134.0,134.0,124.0,1.0,0.0,0.0,0.0,True
22200872,191,191,96.0,95.0,126.0,101.0,101.0,126.0,1.0,0.0,0.0,1.0,True
22200873,215,215,108.0,107.0,110.0,120.0,120.0,110.0,1.0,0.0,0.0,1.0,True
22200874,199,199,99.0,100.0,113.0,117.0,117.00029177205623,112.99985599416297,1.0,-0.0002917720562294335,0.0001440058370292263,1.0,True
22200875,182,182,91.0,91.0,112.0,118.0,118.00005271347477,112.00001497392601,1.0,-5.271347477275867e-05,-1.497392601379488e-05,0.0,True
22200876,202,202,101.0,101.0,122.0,101.0,101.0,122.0,1.0,0.0,0.0,0.0,True
22200877,195,195,97.0,98.0,109.0,127.0,127.0,109.0,1.0,0.0,0.0,1.0,True
22200878,179,179,90.0,89.0,105.0,116.0,116.0,105.0,1.0,0.0,0.0,1.0,True
22200879,205,205,103.0,102.0,111.0,117.0,117.0,111.0,1.0,0.0,0.0,1.0,True
22200880,210,210,105.0,105.0,96.0,133.0,133.0000007794862,96.00006708766607,1.0,-7.79486185820133e-07,-6.708766606777772e-05,0.0,True
22200881,194,194,97.0,97.0,109.0,118.0,118.0,109.0,1.0,0.0,0.0,0.0,True
22200882,200,200,99.0,101.0,102.0,120.0,120.0,102.0,1.0,0.0,0.0,2.0,True
22200883,189,189,95.0,94.0,112.0,100.0,100.0,112.0,1.0,0.0,0.0,1.0,True
22200884,206,206,103.0,103.0,114.0,106.0,106.0,114.0,1.0,0.0,0.0,0.0,True
22200885,197,197,98.0,99.0,116.0,107.0,107.0,116.0,1.0,0.0,0.0,1.0,True
22200886,186,186,94.0,92.0,115.0,109.0,109.0000485525376,115.00001820113354,1.0,-4.855253760638334e-05,-1.8201133542561365e-05,2.0,True
22200887,208,208,103.0,105.0,142.0,138.0,138.0000127621002,142.00002501100855,1.0,-1.2762100197960535e-05,-2.5011008546016456e-05,2.0,True
22200888,202,202,101.0,101.0,106.0,108.0,108.00001761645805,106.0000309266323,1.0,-1.7616458052316375e-05,-3.092663230574999e-05,0.0,True
22200889,199,199,99.0,100.0,105.0,110.0,110.0,105.0,1.0,0.0,0.0,1.0,True
22200890,204,204,102.0,102.0,110.0,115.0,115.0,110.0,1.0,0.0,0.0,0.0,True
22200891,201,201,100.0,101.0,116.0,142.0,142.00001827205799,116.00001991860759,1.0,-1.8272057985768697e-05,-1.991860759176234e-05,1.0,True
22200892,222,222,111.0,111.0,119.0,120.0,120.00004240378013,119.00002469566378,1.0,-4.2403780128097424e-05,-2.4695663782381416e-05,0.0,True
22200893,209,209,105.0,104.0,111.0,124.0,124.0,111.0,1.0,0.0,0.0,1.0,True
22200894,204,204,102.0,102.0,116.0,133.0,133.0,116.0,1.0,0.0,0.0,0.0,True
22200895,193,192,95.0,97.0,114.0,109.0,109.0,115.0,0.9948186528497409,0.0,-1.0,2.0,False
22200896,205,205,103.0,102.0,119.0,136.0,136.0000659740161,119.00002686767617,1.0,-6.597401610974885e-05,-2.6867676169217702e-05,1.0,True
22200897,211,211,106.0,105.0,99.0,128.0,128.00006719298042,98.99997736879801,1.0,-6.719298042412447e-05,2.2631201986200722e-05,1.0,True
22200898,209,209,104.0,105.0,121.0,113.0,113.0,121.0,1.0,0.0,0.0,1.0,True
22200899,200,200,100.0,100.0,115.0,124.0,124.00005664212718,115.00001490371598,1.0,-5.664212717704231e-05,-1.4903715978675791e-05,0.0,True
22200900,195,195,97.0,98.0,87.0,131.0,131.0,87.0,1.0,0.0,0.0,1.0,True
22200901,190,190,95.0,95.0,101.0,116.0,116.00006472367185,100.99996104692943,1.0,-6.472367185494932e-05,3.895307057177888e-05,0.0,True
22200902,259,259,129.0,130.0,176.0,175.0,175.0,176.0,1.0,0.0,0.0,1.0,True
22200903,192,192,95.0,97.0,95.0,91.0,91.0,95.0,1.0,0.0,0.0,2.0,True
22200904,207,207,103.0,104.0,103.0,108.0,108.0,103.0,1.0,0.0,0.0,1.0,True
22200905,202,202,101.0,101.0,121.0,108.0,108.00006896922204,120.99999783935489,1.0,-6.896922204191469e-05,2.1606451099387414e-06,0.0,True
22200906,206,206,102.0,104.0,106.0,128.0,128.0,106.0,1.0,0.0,0.0,2.0,True
22200907,196,196,98.0,98.0,94.0,112.0,112.0,94.0,1.0,0.0,0.0,0.0,True
22200908,188,188,95.0,93.0,110.0,107.0,106.99996931557145,110.0000564230089,1.0,3.0684428551808196e-05,-5.6423008899741944e-05,2.0,True
22200909,204,204,102.0,102.0,102.0,118.0,117.99995597462343,102.00006055019539,1.0,4.402537656744698e-05,-6.0550195385644656e-05,0.0,True
22200910,188,188,94.0,94.0,101.0,104.0,104.0,101.0,1.0,0.0,0.0,0.0,True
22200911,206,206,103.0,103.0,127.0,129.0,129.00003768886197,127.00003541515478,1.0,-3.768886196553467e-05,-3.541515478389101e-05,0.0,True
22200912,174,174,87.0,87.0,82.0,102.0,102.0,82.0,1.0,0.0,0.0,0.0,True
22200913,201,201,100.0,101.0,111.0,108.0,108.00001877940902,111.00007507851775,1.0,-1.8779409018065962e-05,-7.507851775301333e-05,1.0,True
22200914,193,193,97.0,96.0,93.0,118.0,117.99999819707698,93.00006641370231,1.0,1.8029230233196358e-06,-6.641370231363908e-05,1.0,True
22200915,200,200,100.0,100.0,124.0,115.0,115.00003709916143,124.00000891302503,1.0,-3.7099161431797256e-05,-8.913025027368349e-06,0.0,True
22200916,202,202,102.0,100.0,104.0,109.0,109.00006437386341,104.00001104391202,1.0,-6.437386340962803e-05,-1.1043912024888414e-05,2.0,True
22200917,199,199,100.0,99.0,114.0,131.0,131.0,114.0,1.0,0.0,0.0,1.0,True
22200918,219,219,109.0,110.0,124.0,134.0,134.0,124.0,1.0,0.0,0.0,1.0,True
22200919,198,198,99.0,99.0,106.0,117.0,117.0,106.0,1.0,0.0,0.0,0.0,True
22200920,181,181,90.0,91.0,101.0,99.0,99.0,101.0,1.0,0.0,0.0,1.0,True
22200921,189,189,95.0,94.0,94.0,109.0,109.0001646464088,93.99987523925525,1.0,-0.00016464640880542447,0.00012476074475387122,1.0,True
22200922,189,189,94.0,95.0,101.0,93.0,93.00007056742936,101.0000300985856,1.0,-7.056742936129012e-05,-3.0098585597215788e-05,1.0,True
22200923,191,191,95.0,96.0,119.0,116.0,116.0,119.0,1.0,0.0,0.0,1.0,True
22200924,211,211,106.0,105.0,118.0,104.0,104.0,118.0,1.0,0.0,0.0,1.0,True
22200925,186,186,93.0,93.0,98.0,104.0,104.0,98.0,1.0,0.0,0.0,0.0,True
22200926,197,197,98.0,99.0,133.0,112.0,112.0,133.0,1.0,0.0,0.0,1.0,True
22200927,214,214,106.0,108.0,109.0,121.0,121.0,109.0,1.0,0.0,0.0,2.0,True
22200928,208,208,104.0,104.0,123.0,117.0,117.01615847446048,122.983927920716,1.0,-0.016158474460482353,0.016072079284001006,0.0,True
22200929,198,198,98.0,100.0,124.0,122.0,122.00001625730278,124.00001425853348,1.0,-1.625730277510229e-05,-1.4258533482802704e-05,2.0,True
22200930,203,203,102.0,101.0,102.0,94.0,94.0,102.0,1.0,0.0,0.0,1.0,True
22200931,196,196,98.0,98.0,105.0,123.0,123.0,105.0,1.0,0.0,0.0,0.0,True
22200932,209,209,105.0,104.0,108.0,101.0,101.0,108.0,1.0,0.0,0.0,1.0,True
22200933,200,200,101.0,99.0,105.0,91.0,91.0,105.0,1.0,0.0,0.0,2.0,True
22200934,200,200,100.0,100.0,116.0,115.0,115.0,117.0,1.0,0.0,-1.0,0.0,False
22200935,185,185,93.0,92.0,113.0,117.0,117.00006456707057,112.99999595833272,1.0,-6.456707056656796e-05,4.041667281740047e-06,1.0,True
22200936,185,185,92.0,93.0,119.0,96.0,96.0,119.0,1.0,0.0,0.0,1.0,True
22200937,208,208,105.0,103.0,118.0,142.0,142.0,118.0,1.0,0.0,0.0,2.0,True
22200938,185,185,92.0,93.0,113.0,99.0,99.0,113.0,1.0,0.0,0.0,1.0,True
22200939,209,209,104.0,105.0,117.0,139.0,138.9999955343551,117.00002790387232,1.0,4.465644906304078e-06,-2.7903872322099232e-05,1.0,True
22200940,197,197,98.0,99.0,123.0,117.0,117.00002509918522,123.00006068368235,1.0,-2.5099185222643428e-05,-6.068368234934951e-05,1.0,True
22200941,187,187,94.0,93.0,121.0,110.0,110.0,121.0,1.0,0.0,0.0,1.0,True
22200942,200,200,100.0,100.0,108.0,119.0,119.0,108.0,1.0,0.0,0.0,0.0,True
22200943,198,198,99.0,99.0,126.0,133.0,133.0,126.0,1.0,0.0,0.0,0.0,True
22200944,202,202,101.0,101.0,99.0,110.0,110.0,99.0,1.0,0.0,0.0,0.0,True
22200945,203,203,102.0,101.0,91.0,115.0,115.0,91.0,1.0,0.0,0.0,1.0,True
22200946,197,197,99.0,98.0,117.0,106.0,105.99996532528239,117.00006580089621,1.0,3.467471761098295e-05,-6.580089620911167e-05,1.0,True
22200947,204,204,102.0,102.0,111.0,129.0,129.0,111.0,1.0,0.0,0.0,0.0,True
22200948,206,206,103.0,103.0,115.0,105.0,105.0,115.0,1.0,0.0,0.0,0.0,True
22200949,185,185,92.0,93.0,122.0,120.0,120.0,122.0,1.0,0.0,0.0,1.0,True
22200950,180,180,90.0,90.0,125.0,104.0,104.0,125.0,1.0,0.0,0.0,0.0,True
22200951,207,207,104.0,103.0,103.0,130.0,130.00005776798508,103.00004744073993,1.0,-5.7767985083501117e-05,-4.744073993379061e-05,1.0,True
22200952,192,192,96.0,96.0,97.0,113.0,113.0,97.0,1.0,0.0,0.0,0.0,True
22200953,191,191,96.0,95.0,99.0,108.0,108.0,99.0,1.0,0.0,0.0,1.0,True
22200954,196,196,98.0,98.0,127.0,128.0,128.0,127.0,1.0,0.0,0.0,0.0,True
22200955,196,196,98.0,98.0,110.0,102.0,102.0,110.0,1.0,0.0,0.0,0.0,True
22200956,196,196,98.0,98.0,116.0,109.0,109.0,116.0,1.0,0.0,0.0,0.0,True
22200957,203,203,102.0,101.0,90.0,114.0,114.0,90.0,1.0,0.0,0.0,1.0,True
22200958,197,197,98.0,99.0,109.0,117.0,117.0,109.0,1.0,0.0,0.0,1.0,True
22200959,194,194,97.0,97.0,122.0,110.0,110.0,122.0,1.0,0.0,0.0,0.0,True
22200960,189,189,94.0,95.0,133.0,130.0,130.00003089465451,133.00004821501597,1.0,-3.089465451466822e-05,-4.82150159655248e-05,1.0,True
22200961,196,196,99.0,97.0,138.0,134.0,134.0,138.0,1.0,0.0,0.0,2.0,True
22200962,194,194,97.0,97.0,130.0,126.0,126.0,130.0,1.0,0.0,0.0,0.0,True
22200963,185,185,93.0,92.0,125.0,122.0,122.0,125.0,1.0,0.0,0.0,1.0,True
22200964,198,198,99.0,99.0,105.0,113.0,113.0,105.0,1.0,0.0,0.0,0.0,True
22200965,200,200,100.0,100.0,86.0,102.0,102.0,86.0,1.0,0.0,0.0,0.0,True
22200966,204,204,102.0,102.0,122.0,119.0,119.0,122.0,1.0,0.0,0.0,0.0,True
22200967,205,205,102.0,103.0,110.0,142.0,142.0,110.0,1.0,0.0,0.0,1.0,True
22200968,204,204,103.0,101.0,119.0,129.0,128.99992032820919,119.00012614889829,1.0,7.967179081447284e-05,-0.00012614889828910236,2.0,True
22200969,229,229,115.0,114.0,131.0,129.0,129.0,131.0,1.0,0.0,0.0,1.0,True
22200970,204,204,101.0,103.0,129.0,135.0,135.0,129.0,1.0,0.0,0.0,2.0,True
22200971,215,215,108.0,107.0,114.0,118.0,118.00004543354548,114.00001114935783,1.0,-4.543354548047773e-05,-1.1149357831641282e-05,1.0,True
22200972,205,205,102.0,103.0,147.0,143.0,143.0,147.0,1.0,0.0,0.0,1.0,True
22200973,199,199,99.0,100.0,117.0,111.0,111.00009191283618,117.00010291541065,1.0,-9.1912836182928e-05,-0.0001029154106504393,1.0,True
22200974,195,195,98.0,97.0,128.0,130.0,129.99998986125718,128.00004273742704,1.0,1.0138742823073699e-05,-4.273742703730932e-05,1.0,True
22200975,197,197,98.0,99.0,113.0,118.0,118.0,113.0,1.0,0.0,0.0,1.0,True
22200976,190,190,95.0,95.0,108.0,123.0,123.0,108.0,1.0,0.0,0.0,0.0,True
22200977,192,192,96.0,96.0,110.0,104.0,104.0,110.0,1.0,0.0,0.0,0.0,True
22200978,212,212,106.0,106.0,134.0,123.0,123.0,134.0,1.0,0.0,0.0,0.0,True
22200979,187,187,94.0,93.0,112.0,105.0,105.0,112.0,1.0,0.0,0.0,1.0,True
22200980,192,192,96.0,96.0,117.0,94.0,94.0,117.0,1.0,0.0,0.0,0.0,True
22200981,197,197,99.0,98.0,118.0,96.0,96.0,118.0,1.0,0.0,0.0,1.0,True
22200982,214,214,106.0,108.0,128.0,137.0,137.0,128.0,1.0,0.0,0.0,2.0,True
22200983,220,220,110.0,110.0,116.0,120.0,120.00012868164009,115.999961748475,1.0,-0.0001286816400920543,3.8251524998145214e-05,0.0,True
22200984,212,212,106.0,106.0,103.0,112.0,112.0,103.0,1.0,0.0,0.0,0.0,True
22200985,201,201,100.0,101.0,122.0,120.0,119.9998032401252,122.00028768977543,1.0,0.00019675987479672585,-0.00028768977543336405,1.0,True
22200986,204,204,102.0,102.0,93.0,115.0,115.0,93.0,1.0,0.0,0.0,0.0,True
22200987,185,185,92.0,93.0,104.0,100.0,100.00001694160925,104.00006029745562,1.0,-1.6941609246146072e-05,-6.029745561875188e-05,1.0,True
22200988,195,195,98.0,97.0,106.0,113.0,112.99999749568767,106.00012248241482,1.0,2.5043123343948537e-06,-0.00012248241482382127,1.0,True
22200989,191,191,96.0,95.0,117.0,96.0,96.0,117.0,1.0,0.0,0.0,1.0,True
22200990,198,198,99.0,99.0,101.0,132.0,132.00005789687793,101.00001512105624,1.0,-5.789687793367193e-05,-1.5121056236466757e-05,0.0,True
22200991,189,189,94.0,95.0,100.0,108.0,108.0,100.0,1.0,0.0,0.0,1.0,True
22200992,198,198,99.0,99.0,113.0,103.0,103.0,113.0,1.0,0.0,0.0,0.0,True
22200993,222,222,112.0,110.0,125.0,134.0,134.00002899761628,125.00003897003387,1.0,-2.899761628327724e-05,-3.897003387010045e-05,2.0,True
22200994,200,200,100.0,100.0,131.0,124.0,124.00001515621403,131.00003225927082,1.0,-1.5156214033140714e-05,-3.225927082439739e-05,0.0,True
22200995,212,212,106.0,106.0,113.0,118.0,118.0,113.0,1.0,0.0,0.0,0.0,True
22200996,201,201,100.0,101.0,110.0,131.0,131.0,110.0,1.0,0.0,0.0,1.0,True
22200997,208,208,104.0,104.0,117.0,122.0,122.0,117.0,1.0,0.0,0.0,0.0,True
22200998,190,190,95.0,95.0,119.0,120.0,120.0,119.0,1.0,0.0,0.0,0.0,True
22200999,204,204,102.0,102.0,114.0,107.0,107.00008009013551,114.00006772495696,1.0,-8.009013551202315e-05,-6.772495696338865e-05,0.0,True
22201000,194,194,97.0,97.0,115.0,119.0,119.00005211180404,115.00007592644485,1.0,-5.211180403819071e-05,-7.59264448504382e-05,0.0,True
22201001,216,216,107.0,109.0,124.0,123.0,123.0,124.0,1.0,0.0,0.0,2.0,True
22201002,210,210,106.0,104.0,120.0,128.0,128.0000047242305,120.00003100901034,1.0,-4.724230507235916e-06,-3.100901034258641e-05,2.0,True
22201003,199,199,100.0,99.0,112.0,122.0,122.0,112.0,1.0,0.0,0.0,1.0,True
22201004,182,182,90.0,92.0,95.0,106.0,106.0,95.0,1.0,0.0,0.0,2.0,True
22201005,197,197,98.0,99.0,119.0,111.0,111.0,119.0,1.0,0.0,0.0,1.0,True
22201006,209,209,104.0,105.0,121.0,115.0,115.0,121.0,1.0,0.0,0.0,1.0,True
22201007,217,217,109.0,108.0,114.0,125.0,125.99988985415325,114.0001102127602,1.0,-0.9998898541532526,-0.00011021276020528603,1.0,False
22201008,207,207,104.0,103.0,134.0,125.0,125.0,134.0,1.0,0.0,0.0,1.0,True
22201009,192,192,96.0,96.0,119.0,111.0,111.0,119.0,1.0,0.0,0.0,0.0,True
22201010,191,191,96.0,95.0,108.0,112.0,112.0,108.0,1.0,0.0,0.0,1.0,True
22201011,197,197,99.0,98.0,110.0,96.0,96.0,110.0,1.0,0.0,0.0,1.0,True
22201012,227,227,114.0,113.0,116.0,125.0,125.0,116.0,1.0,0.0,0.0,1.0,True
22201013,209,209,104.0,105.0,128.0,119.0,119.0000804340666,127.99998689775883,1.0,-8.043406660362962e-05,1.3102241169349327e-05,1.0,True
22201014,188,188,93.0,95.0,122.0,120.0,120.0,122.0,1.0,0.0,0.0,2.0,True
22201015,199,199,99.0,100.0,114.0,108.0,108.0,114.0,1.0,0.0,0.0,1.0,True
22201016,183,183,91.0,92.0,93.0,112.0,112.0,93.0,1.0,0.0,0.0,1.0,True
22201017,209,209,104.0,105.0,110.0,127.0,127.0,110.0,1.0,0.0,0.0,1.0,True
22201018,202,202,101.0,101.0,102.0,90.0,89.99998266196174,102.00005409371917,1.0,1.7338038261982547e-05,-5.409371917153294e-05,0.0,True
22201019,189,189,95.0,94.0,112.0,108.0,107.99999344776516,112.00003162604591,1.0,6.5522348364766e-06,-3.162604591011586e-05,1.0,True
22201020,194,194,97.0,97.0,97.0,117.0,117.0,97.0,1.0,0.0,0.0,0.0,True
22201021,214,214,108.0,106.0,136.0,115.0,115.0,136.0,1.0,0.0,0.0,2.0,True
22201022,199,199,100.0,99.0,115.0,119.0,119.0,115.0,1.0,0.0,0.0,1.0,True
22201023,195,195,98.0,97.0,104.0,88.0,88.0,104.0,1.0,0.0,0.0,1.0,True
22201024,191,191,96.0,95.0,109.0,111.0,111.0,109.0,1.0,0.0,0.0,1.0,True
22201025,198,198,99.0,99.0,112.0,123.0,123.00008011329471,111.99994180596563,1.0,-8.011329471457884e-05,5.819403436646553e-05,0.0,True
22201026,202,202,101.0,101.0,132.0,124.0,124.00003046685435,133.000022697308,1.0,-3.046685435492691e-05,-1.0000226973079975,0.0,False
22201027,190,190,96.0,94.0,120.0,104.0,104.0,120.0,1.0,0.0,0.0,2.0,True
22201028,188,188,94.0,94.0,97.0,117.0,117.0,97.0,1.0,0.0,0.0,0.0,True
22201029,190,190,95.0,95.0,110.0,125.0,125.00019636436748,110.00001287718325,1.0,-0.00019636436748271535,-1.287718325215792e-05,0.0,True
22201030,195,195,97.0,98.0,123.0,108.0,108.0,123.0,1.0,0.0,0.0,1.0,True
22201031,205,205,102.0,103.0,107.0,121.0,121.00002832370149,107.0000175094741,1.0,-2.8323701485533093e-05,-1.7509474105281697e-05,1.0,True
22201032,201,201,100.0,101.0,114.0,132.0,132.0,114.0,1.0,0.0,0.0,1.0,True
22201033,200,200,100.0,100.0,116.0,104.0,104.0,116.0,1.0,0.0,0.0,0.0,True
22201034,200,200,100.0,100.0,123.0,107.0,107.0,123.0,1.0,0.0,0.0,0.0,True
22201035,180,180,90.0,90.0,118.0,109.0,109.00000862099101,118.00002505626243,1.0,-8.620991010843682e-06,-2.5056262430211973e-05,0.0,True
22201036,199,199,100.0,99.0,119.0,138.0,138.00011475015418,118.99997070600682,1.0,-0.00011475015418227485,2.9293993179635436e-05,1.0,True
22201037,206,206,103.0,103.0,117.0,114.0,114.0,117.0,1.0,0.0,0.0,0.0,True
22201038,202,202,101.0,101.0,110.0,114.0,114.0,110.0,1.0,0.0,0.0,0.0,True
22201039,188,188,93.0,95.0,103.0,102.0,102.00010035494628,104.00002517078119,1.0,-0.00010035494628368724,-1.0000251707811856,2.0,False
22201040,218,218,109.0,109.0,137.0,128.0,127.99999908337837,137.00005214580534,1.0,9.166216301537133e-07,-5.214580534129709e-05,0.0,True
22201041,201,201,101.0,100.0,126.0,134.0,134.0,126.0,1.0,0.0,0.0,1.0,True
22201042,188,188,94.0,94.0,119.0,100.0,100.0,119.0,1.0,0.0,0.0,0.0,True
22201043,184,184,92.0,92.0,101.0,96.0,96.0,101.0,1.0,0.0,0.0,0.0,True
22201044,200,200,100.0,100.0,111.0,128.0,128.00003852150812,110.99999474922163,1.0,-3.852150811667343e-05,5.250778372101195e-06,0.0,True
22201045,210,210,105.0,105.0,139.0,123.0,123.0,139.0,1.0,0.0,0.0,0.0,True
22201046,207,207,103.0,104.0,113.0,116.0,116.00004009516802,113.00001392911696,1.0,-4.009516801772861e-05,-1.3929116960298416e-05,1.0,True
22201047,199,199,100.0,99.0,121.0,82.0,82.0,121.0,1.0,0.0,0.0,1.0,True
22201048,213,213,106.0,107.0,119.0,127.0,127.0,119.0,1.0,0.0,0.0,1.0,True
22201049,188,188,94.0,94.0,94.0,117.0,117.0000205665004,94.00005560507583,1.0,-2.0566500396057563e-05,-5.5605075829134876e-05,0.0,True
22201050,228,228,114.0,114.0,131.0,139.0,139.0,131.0,1.0,0.0,0.0,0.0,True
22201051,188,188,93.0,95.0,112.0,114.0,114.0,112.0,1.0,0.0,0.0,2.0,True
22201052,223,223,112.0,111.0,126.0,120.0,120.0000575166378,126.00001723424518,1.0,-5.751663779562932e-05,-1.7234245177633056e-05,1.0,True
22201053,203,203,102.0,101.0,126.0,112.0,112.0,126.0,1.0,0.0,0.0,1.0,True
22201054,184,184,92.0,92.0,111.0,110.0,110.00010820437043,110.99995372640748,1.0,-0.0001082043704343505,4.627359251685448e-05,0.0,True
22201055,188,188,94.0,94.0,110.0,116.0,116.0,110.0,1.0,0.0,0.0,0.0,True
22201056,201,201,101.0,100.0,113.0,108.0,108.0,113.0,1.0,0.0,0.0,1.0,True
22201057,195,195,97.0,98.0,141.0,121.0,121.0,141.0,1.0,0.0,0.0,1.0,True
22201058,205,205,103.0,102.0,107.0,122.0,122.0,107.0,1.0,0.0,0.0,1.0,True
22201059,198,198,99.0,99.0,132.0,118.0,118.0,132.0,1.0,0.0,0.0,0.0,True
22201060,176,176,88.0,88.0,99.0,113.0,113.0,99.0,1.0,0.0,0.0,0.0,True
22201061,193,193,97.0,96.0,119.0,133.0,133.0,119.0,1.0,0.0,0.0,1.0,True
22201062,188,188,94.0,94.0,117.0,118.0,118.0,117.0,1.0,0.0,0.0,0.0,True
22201063,181,181,90.0,91.0,108.0,102.0,102.0,108.0,1.0,0.0,0.0,1.0,True
22201064,212,212,106.0,106.0,120.0,124.0,124.00000985725102,120.00003576301593,1.0,-9.857251015432666e-06,-3.576301593000153e-05,0.0,True
22201065,199,199,100.0,99.0,118.0,126.0,126.00001425500713,118.00003270669612,1.0,-1.42550071302594e-05,-3.2706696117656975e-05,1.0,True
22201066,183,183,92.0,91.0,112.0,100.0,100.0,112.0,1.0,0.0,0.0,1.0,True
22201067,184,184,92.0,92.0,117.0,107.0,107.0,117.0,1.0,0.0,0.0,0.0,True
22201068,192,192,96.0,96.0,111.0,118.0,118.00001337553573,111.00002004398692,1.0,-1.3375535729664989e-05,-2.0043986921791657e-05,0.0,True
22201069,192,192,96.0,96.0,117.0,102.0,102.0,117.0,1.0,0.0,0.0,0.0,True
22201070,194,194,98.0,96.0,105.0,111.0,111.0,105.0,1.0,0.0,0.0,2.0,True
22201071,204,204,102.0,102.0,109.0,115.0,115.0,109.0,1.0,0.0,0.0,0.0,True
22201072,219,219,110.0,109.0,109.0,105.0,105.0,109.0,1.0,0.0,0.0,1.0,True
22201073,208,208,104.0,104.0,140.0,134.0,134.0,140.0,1.0,0.0,0.0,0.0,True
22201074,202,202,101.0,101.0,121.0,108.0,108.0,121.0,1.0,0.0,0.0,0.0,True
22201075,186,186,94.0,92.0,108.0,112.0,112.0000007216001,108.0000203229929,1.0,-7.216001023380159e-07,-2.0322992895671632e-05,2.0,True
22201076,207,207,104.0,103.0,120.0,128.0,128.0,120.0,1.0,0.0,0.0,1.0,True
22201077,202,202,101.0,101.0,112.0,122.0,122.0,112.0,1.0,0.0,0.0,0.0,True
22201078,198,198,99.0,99.0,107.0,129.0,129.0,107.0,1.0,0.0,0.0,0.0,True
22201079,189,189,94.0,95.0,115.0,109.0,109.00002720957093,115.0001175777871,1.0,-2.7209570930608606e-05,-0.00011757778709409195,1.0,True
22201080,198,198,99.0,99.0,84.0,119.0,119.0,84.0,1.0,0.0,0.0,0.0,True
22201081,187,187,94.0,93.0,132.0,109.0,109.0,132.0,1.0,0.0,0.0,1.0,True
22201082,188,188,93.0,95.0,101.0,100.0,99.9999213809108,101.00011083566004,1.0,7.86190891943761e-05,-0.00011083566003833312,2.0,True
22201083,180,180,90.0,90.0,118.0,104.0,104.0,118.0,1.0,0.0,0.0,0.0,True
22201084,197,197,99.0,98.0,120.0,127.0,127.0,120.0,1.0,0.0,0.0,1.0,True
22201085,195,195,97.0,98.0,118.0,114.0,114.0,118.0,1.0,0.0,0.0,1.0,True
22201086,196,196,98.0,98.0,127.0,125.0,125.00004473583849,127.0000297639302,1.0,-4.473583848607632e-05,-2.9763930200488176e-05,0.0,True
22201087,188,188,94.0,94.0,116.0,91.0,91.0,116.0,1.0,0.0,0.0,0.0,True
22201088,195,195,98.0,97.0,125.0,130.0,130.0,125.0,1.0,0.0,0.0,1.0,True
22201089,219,219,109.0,110.0,94.0,130.0,130.0,94.0,1.0,0.0,0.0,1.0,True
22201090,205,205,102.0,103.0,124.0,125.0,125.00002723736063,124.0000269429755,1.0,-2.7237360626486407e-05,-2.6942975495103383e-05,1.0,True
22201091,211,211,106.0,105.0,127.0,115.0,115.0,127.0,1.0,0.0,0.0,1.0,True
22201092,203,203,101.0,102.0,111.0,122.0,122.0,111.0,1.0,0.0,0.0,1.0,True
22201093,199,199,99.0,100.0,106.0,111.0,111.0,106.0,1.0,0.0,0.0,1.0,True
22201094,194,194,97.0,97.0,116.0,114.0,114.0000077666236,116.00003218873053,1.0,-7.766623596694444e-06,-3.218873052901472e-05,0.0,True
22201095,203,203,101.0,102.0,96.0,115.0,115.0,96.0,1.0,0.0,0.0,1.0,True
22201096,193,193,97.0,96.0,105.0,127.0,127.00009699409577,104.99995856802938,1.0,-9.699409577024198e-05,4.1431970615235514e-05,1.0,True
22201097,207,207,103.0,104.0,95.0,120.0,120.0,95.0,1.0,0.0,0.0,1.0,True
22201098,196,196,98.0,98.0,124.0,136.0,136.00002207022538,124.00000922466968,1.0,-2.207022538414094e-05,-9.224669682339481e-06,0.0,True
22201099,191,191,95.0,96.0,97.0,118.0,118.0,97.0,1.0,0.0,0.0,1.0,True
22201100,204,204,102.0,102.0,114.0,151.0,151.0,114.0,1.0,0.0,0.0,0.0,True
22201101,199,199,100.0,99.0,117.0,109.0,109.0,117.0,1.0,0.0,0.0,1.0,True
22201102,217,217,109.0,108.0,144.0,116.0,116.0,144.0,1.0,0.0,0.0,1.0,True
22201103,201,201,101.0,100.0,112.0,120.0,120.0,112.0,1.0,0.0,0.0,1.0,True
22201104,194,194,98.0,96.0,124.0,96.0,96.0,124.0,1.0,0.0,0.0,2.0,True
22201105,195,195,98.0,97.0,127.0,135.0,135.0,127.0,1.0,0.0,0.0,1.0,True
22201106,195,195,98.0,97.0,111.0,116.0,116.00003810993853,111.00001550536513,1.0,-3.810993852937372e-05,-1.550536512695544e-05,1.0,True
22201107,203,203,101.0,102.0,130.0,143.0,143.0,130.0,1.0,0.0,0.0,1.0,True
22201108,174,174,87.0,87.0,129.0,100.0,100.00002495607932,129.00004641133626,1.0,-2.495607931507493e-05,-4.641133625682414e-05,0.0,True
22201109,206,206,103.0,103.0,106.0,129.0,129.0,106.0,1.0,0.0,0.0,0.0,True
22201110,185,185,93.0,92.0,105.0,125.0,125.0,105.0,1.0,0.0,0.0,1.0,True
22201111,199,199,100.0,99.0,113.0,121.0,121.0,113.0,1.0,0.0,0.0,1.0,True
22201112,201,201,100.0,101.0,131.0,110.0,110.00002086495999,130.99999456436865,1.0,-2.0864959992650256e-05,5.435631351247139e-06,1.0,True
22201113,197,197,99.0,98.0,104.0,110.0,110.0,104.0,1.0,0.0,0.0,1.0,True
22201114,186,186,93.0,93.0,118.0,108.0,108.0,118.0,1.0,0.0,0.0,0.0,True
22201115,201,201,101.0,100.0,123.0,119.0,118.99998124790473,123.00005841238041,1.0,1.8752095272134284e-05,-5.841238041170982e-05,1.0,True
22201116,215,215,108.0,107.0,93.0,137.0,137.0,93.0,1.0,0.0,0.0,1.0,True
22201117,182,182,90.0,92.0,91.0,108.0,108.0,91.0,1.0,0.0,0.0,2.0,True
22201118,197,197,98.0,99.0,106.0,119.0,119.0,106.0,1.0,0.0,0.0,1.0,True
22201119,198,198,99.0,99.0,104.0,114.0,114.0,104.0,1.0,0.0,0.0,0.0,True
22201120,203,203,101.0,102.0,118.0,112.0,112.0000339765605,118.00006563852072,1.0,-3.397656050196929e-05,-6.563852072360987e-05,1.0,True
22201121,195,195,97.0,98.0,99.0,96.0,96.0,99.0,1.0,0.0,0.0,1.0,True
22201122,199,199,100.0,99.0,126.0,117.0,116.87730504696187,126.12280386960161,1.0,0.12269495303813471,-0.12280386960161138,1.0,True
22201123,191,191,96.0,95.0,127.0,104.0,104.0,127.0,1.0,0.0,0.0,1.0,True
22201124,200,200,100.0,100.0,115.0,137.0,137.0,115.0,1.0,0.0,0.0,0.0,True
22201125,194,194,96.0,98.0,117.0,103.0,103.00009093727266,116.9999943696762,1.0,-9.093727265963025e-05,5.630323798300196e-06,2.0,True
22201126,194,194,97.0,97.0,111.0,116.0,116.0,111.0,1.0,0.0,0.0,0.0,True
22201127,198,198,99.0,99.0,124.0,90.0,90.0,124.0,1.0,0.0,0.0,0.0,True
22201128,191,191,95.0,96.0,119.0,115.0,115.00001001562066,119.00003429413594,1.0,-1.0015620659942215e-05,-3.429413594346897e-05,1.0,True
22201129,193,193,96.0,97.0,112.0,124.0,124.0,112.0,1.0,0.0,0.0,1.0,True
22201130,201,201,100.0,101.0,111.0,130.0,130.0,111.0,1.0,0.0,0.0,1.0,True
22201131,199,199,100.0,99.0,118.0,120.0,120.00006929397891,118.00004315068304,1.0,-6.929397891042299e-05,-4.3150683040948934e-05,1.0,True
22201132,182,182,91.0,91.0,92.0,106.0,106.0,92.0,1.0,0.0,0.0,0.0,True
22201133,212,212,106.0,106.0,108.0,113.0,113.00010067633451,107.99999336376547,1.0,-0.00010067633451171787,6.636234530787988e-06,0.0,True
22201134,219,219,109.0,110.0,137.0,134.0,134.0000560855773,136.99998273287886,1.0,-5.6085577313069734e-05,1.7267121137365393e-05,1.0,True
22201135,196,196,99.0,97.0,109.0,120.0,120.0,109.0,1.0,0.0,0.0,2.0,True
22201136,210,210,105.0,105.0,149.0,136.0,136.0,149.0,1.0,0.0,0.0,0.0,True
22201137,192,192,96.0,96.0,114.0,123.0,123.0,114.0,1.0,0.0,0.0,0.0,True
22201138,180,180,90.0,90.0,92.0,101.0,101.0000500708918,92.00003375039245,1.0,-5.007089180253388e-05,-3.3750392447018385e-05,0.0,True
22201139,183,183,91.0,92.0,108.0,116.0,116.0,108.0,1.0,0.0,0.0,1.0,True
22201140,195,195,97.0,98.0,121.0,110.0,110.00001114189878,121.00001596455472,1.0,-1.1141898781374948e-05,-1.5964554719971602e-05,1.0,True
22201141,212,212,105.0,107.0,141.0,132.0,132.0,141.0,1.0,0.0,0.0,2.0,True
22201142,187,187,93.0,94.0,106.0,107.0,106.99998213233269,106.00007017508747,1.0,1.786766731015632e-05,-7.017508747253487e-05,1.0,True
22201143,213,213,106.0,107.0,128.0,117.0,117.0,128.0,1.0,0.0,0.0,1.0,True
22201144,195,195,98.0,97.0,100.0,107.0,107.0,100.0,1.0,0.0,0.0,1.0,True
22201145,205,205,103.0,102.0,120.0,80.0,80.0,120.0,1.0,0.0,0.0,1.0,True
22201146,198,198,99.0,99.0,140.0,99.0,99.0000496918968,140.00002166641255,1.0,-4.969189680537056e-05,-2.1666412550302994e-05,0.0,True
22201147,183,183,91.0,92.0,107.0,88.0,88.0,107.0,1.0,0.0,0.0,1.0,True
22201148,190,190,94.0,96.0,121.0,91.0,91.0,121.0,1.0,0.0,0.0,2.0,True
22201149,206,206,102.0,104.0,117.0,121.0,121.00005651111444,117.0000364432878,1.0,-5.651111443683021e-05,-3.644328779728312e-05,2.0,True
22201150,178,178,89.0,89.0,110.0,117.0,117.0,110.0,1.0,0.0,0.0,0.0,True
22201151,203,203,102.0,101.0,116.0,109.0,109.0,116.0,1.0,0.0,0.0,1.0,True
22201152,207,207,104.0,103.0,114.0,122.0,122.0,114.0,1.0,0.0,0.0,1.0,True
22201153,189,189,95.0,94.0,107.0,124.0,124.00008662166177,107.00003125169486,1.0,-8.662166176520714e-05,-3.125169486395407e-05,1.0,True
22201154,188,188,95.0,93.0,130.0,116.0,116.00000694405338,129.99999307101535,1.0,-6.944053382085258e-06,6.928984646492609e-06,2.0,True
22201155,196,196,98.0,98.0,115.0,121.0,121.0,115.0,1.0,0.0,0.0,0.0,True
22201156,207,207,103.0,104.0,94.0,108.0,108.0,94.0,1.0,0.0,0.0,1.0,True
22201157,208,208,104.0,104.0,123.0,111.0,111.0,123.0,1.0,0.0,0.0,0.0,True
22201158,199,199,100.0,99.0,115.0,130.0,130.0000247986444,115.00003530695024,1.0,-2.479864440374513e-05,-3.5306950238123136e-05,1.0,True
22201159,201,201,101.0,100.0,138.0,114.0,114.0,138.0,1.0,0.0,0.0,1.0,True
22201160,195,195,97.0,98.0,93.0,100.0,100.0,93.0,1.0,0.0,0.0,1.0,True
22201161,195,195,98.0,97.0,122.0,129.0,128.99998655559483,122.00002860146081,1.0,1.3444405169593665e-05,-2.8601460812183177e-05,1.0,True
22201162,188,188,94.0,94.0,114.0,121.0,122.0,114.0,1.0,-1.0,0.0,0.0,False
22201163,193,193,97.0,96.0,128.0,108.0,108.0,128.0,1.0,0.0,0.0,1.0,True
22201164,204,204,102.0,102.0,110.0,111.0,111.0,110.0,1.0,0.0,0.0,0.0,True
22201165,196,196,98.0,98.0,107.0,128.0,128.0,107.0,1.0,0.0,0.0,0.0,True
22201166,197,197,98.0,99.0,107.0,105.0,105.0,107.0,1.0,0.0,0.0,1.0,True
22201167,225,225,113.0,112.0,130.0,132.0,132.0001070789054,129.9999606327276,1.0,-0.00010707890538697029,3.936727239306492e-05,1.0,True
22201168,199,199,99.0,100.0,109.0,118.0,118.0,109.0,1.0,0.0,0.0,1.0,True
22201169,198,198,99.0,99.0,102.0,128.0,127.99995376855985,102.00012855297646,1.0,4.6231440151700554e-05,-0.00012855297646297004,0.0,True
22201170,227,227,114.0,113.0,142.0,134.0,134.0,142.0,1.0,0.0,0.0,1.0,True
22201171,197,197,99.0,98.0,134.0,109.0,109.0,134.0,1.0,0.0,0.0,1.0,True
22201172,195,195,97.0,98.0,128.0,118.0,118.00008952574647,127.99993513192018,1.0,-8.95257464748056e-05,6.486807981787024e-05,1.0,True
22201173,200,200,100.0,100.0,105.0,115.0,115.0,105.0,1.0,0.0,0.0,0.0,True
22201174,184,184,91.0,93.0,104.0,117.0,117.0,104.0,1.0,0.0,0.0,2.0,True
22201175,200,200,100.0,100.0,110.0,112.0,112.0,110.0,1.0,0.0,0.0,0.0,True
22201176,191,191,96.0,95.0,120.0,100.0,100.0,120.0,1.0,0.0,0.0,1.0,True
22201177,182,182,91.0,91.0,118.0,105.0,105.0,118.0,1.0,0.0,0.0,0.0,True
22201178,191,191,96.0,95.0,117.0,113.0,113.0,117.0,1.0,0.0,0.0,1.0,True
22201179,215,215,107.0,108.0,140.0,128.0,128.0,140.0,1.0,0.0,0.0,1.0,True
22201180,187,187,94.0,93.0,107.0,102.0,102.0,107.0,1.0,0.0,0.0,1.0,True
22201181,177,177,89.0,88.0,101.0,103.0,103.0,101.0,1.0,0.0,0.0,1.0,True
22201182,200,200,100.0,100.0,123.0,105.0,105.0,123.0,1.0,0.0,0.0,0.0,True
22201183,203,203,101.0,102.0,103.0,124.0,124.0,103.0,1.0,0.0,0.0,1.0,True
22201184,202,202,101.0,101.0,109.0,119.0,119.0,109.0,1.0,0.0,0.0,0.0,True
22201185,194,194,97.0,97.0,121.0,103.0,103.0,121.0,1.0,0.0,0.0,0.0,True
22201186,222,222,111.0,111.0,135.0,133.0,133.0,135.0,1.0,0.0,0.0,0.0,True
22201187,203,203,101.0,102.0,125.0,136.0,135.99999235893856,125.00002099235415,1.0,7.641061444019215e-06,-2.099235415187195e-05,1.0,True
22201188,194,194,97.0,97.0,94.0,115.0,115.0,94.0,1.0,0.0,0.0,0.0,True
22201189,185,185,92.0,93.0,123.0,108.0,108.0,123.0,1.0,0.0,0.0,1.0,True
22201190,208,208,104.0,104.0,138.0,129.0,129.0,138.0,1.0,0.0,0.0,0.0,True
22201191,211,211,105.0,106.0,116.0,134.0,133.99992798422164,116.00011923150241,1.0,7.201577835758144e-05,-0.00011923150240988889,1.0,True
22201192,193,193,96.0,97.0,93.0,97.0,97.00002261518604,93.00005341847324,1.0,-2.2615186040297885e-05,-5.341847324302762e-05,1.0,True
22201193,192,192,95.0,97.0,92.0,105.0,105.14049213315647,91.85957135553555,1.0,-0.1404921331564708,0.1404286444644498,2.0,True
22201194,219,219,110.0,109.0,131.0,138.0,138.0000343076923,131.00000993045356,1.0,-3.430769228884856e-05,-9.930453558126828e-06,1.0,True
22201195,195,195,97.0,98.0,119.0,123.0,123.0,119.0,1.0,0.0,0.0,1.0,True
22201196,208,208,104.0,104.0,118.0,125.0,125.0,118.0,1.0,0.0,0.0,0.0,True
22201197,198,198,99.0,99.0,118.0,94.0,94.0,118.0,1.0,0.0,0.0,0.0,True
22201198,189,189,94.0,95.0,129.0,101.0,101.00009737896248,128.9999741499794,1.0,-9.73789624794108e-05,2.5850020591633438e-05,1.0,True
22201199,211,211,106.0,105.0,127.0,129.0,129.00001251040263,127.00004435966139,1.0,-1.2510402626730865e-05,-4.435966138771619e-05,1.0,True
22201200,206,206,104.0,102.0,114.0,98.0,98.00003142829516,113.99999409730825,1.0,-3.14282951592304e-05,5.9026917540450086e-06,2.0,True
22201201,187,187,93.0,94.0,115.0,119.0,119.0,115.0,1.0,0.0,0.0,1.0,True
22201202,208,208,104.0,104.0,112.0,109.0,109.0,112.0,1.0,0.0,0.0,0.0,True
22201203,208,208,103.0,105.0,122.0,115.0,115.0,122.0,1.0,0.0,0.0,2.0,True
22201204,207,207,104.0,103.0,108.0,114.0,114.0,108.0,1.0,0.0,0.0,1.0,True
22201205,240,240,120.0,120.0,136.0,131.0,130.99999499504247,136.00003664319593,1.0,5.00495752930874e-06,-3.6643195926444605e-05,0.0,True
22201206,189,189,95.0,94.0,102.0,121.0,121.0000459766305,101.99995460181024,1.0,-4.597663050276424e-05,4.53981897550193e-05,1.0,True
22201207,194,194,97.0,97.0,84.0,101.0,101.0,84.0,1.0,0.0,0.0,0.0,True
22201208,202,202,100.0,102.0,137.0,114.0,114.00004014572073,136.99998129494293,1.0,-4.0145720731743495e-05,1.8705057073020726e-05,2.0,True
22201209,190,190,94.0,96.0,105.0,113.0,113.000016475721,104.99999198316345,1.0,-1.6475720997277676e-05,8.016836545721162e-06,2.0,True
22201210,200,200,99.0,101.0,115.0,112.0,112.0,115.0,1.0,0.0,0.0,2.0,True
22201211,198,198,99.0,99.0,119.0,97.0,97.0,119.0,1.0,0.0,0.0,0.0,True
22201212,206,206,103.0,103.0,107.0,121.0,121.0,107.0,1.0,0.0,0.0,0.0,True
22201213,212,212,106.0,106.0,114.0,118.0,118.0,114.0,1.0,0.0,0.0,0.0,True
22201214,211,211,106.0,105.0,151.0,131.0,131.0,151.0,1.0,0.0,0.0,1.0,True
22201215,205,205,103.0,102.0,125.0,136.0,136.0,125.0,1.0,0.0,0.0,1.0,True
22201216,194,194,97.0,97.0,114.0,120.0,120.0,114.0,1.0,0.0,0.0,0.0,True
22201217,208,208,104.0,104.0,134.0,105.0,105.0,134.0,1.0,0.0,0.0,0.0,True
22201218,201,201,101.0,100.0,106.0,95.0,95.0,106.0,1.0,0.0,0.0,1.0,True
22201219,200,200,100.0,100.0,110.0,123.0,122.99988377715066,110.00011737333642,1.0,0.00011622284934276195,-0.00011737333642258818,0.0,True
22201220,221,221,111.0,110.0,141.0,136.0,136.0,141.0,1.0,0.0,0.0,1.0,True
22201221,202,202,101.0,101.0,105.0,121.0,121.00002269368791,105.00002203106968,1.0,-2.269368791019133e-05,-2.2031069676131665e-05,0.0,True
22201222,208,208,104.0,104.0,114.0,109.0,109.0,114.0,1.0,0.0,0.0,0.0,True
22201223,195,195,98.0,97.0,81.0,103.0,103.0,81.0,1.0,0.0,0.0,1.0,True
22201224,223,223,111.0,112.0,138.0,117.0,117.0,138.0,1.0,0.0,0.0,1.0,True
22201225,204,204,101.0,103.0,108.0,113.0,113.0,108.0,1.0,0.0,0.0,2.0,True
22201226,201,201,100.0,101.0,100.0,115.0,115.0,100.0,1.0,0.0,0.0,1.0,True
22201227,192,192,96.0,96.0,95.0,109.0,109.0,95.0,1.0,0.0,0.0,0.0,True
22201228,209,209,104.0,105.0,117.0,128.0,128.0,117.0,1.0,0.0,0.0,1.0,True
22201229,203,203,102.0,101.0,119.0,114.0,114.0,119.0,1.0,0.0,0.0,1.0,True
22201230,220,220,110.0,110.0,157.0,101.0,101.0,157.0,1.0,0.0,0.0,0.0,True
22300001,205,205,103.0,102.0,116.0,121.0,121.00008563823889,116.00003979943808,1.0,-8.563823888607658e-05,-3.979943808474218e-05,1.0,True
22300002,199,199,99.0,100.0,105.0,110.0,110.0,105.0,1.0,0.0,0.0,1.0,True
22300003,203,203,102.0,101.0,114.0,121.0,121.0,114.0,1.0,0.0,0.0,1.0,True
22300004,188,188,94.0,94.0,109.0,107.0,107.0,109.0,1.0,0.0,0.0,0.0,True
22300005,209,209,105.0,104.0,141.0,139.0,139.00004653931097,141.0000418160979,1.0,-4.653931097209352e-05,-4.181609790521179e-05,1.0,True
22300006,193,193,96.0,97.0,114.0,125.0,125.00009352559465,114.00003535461498,1.0,-9.352559465014565e-05,-3.535461497961023e-05,1.0,True
22300007,213,213,107.0,106.0,113.0,115.0,115.0,113.0,1.0,0.0,0.0,1.0,True
22300008,195,195,97.0,98.0,114.0,106.0,106.0,114.0,1.0,0.0,0.0,1.0,True
22300009,202,202,101.0,101.0,124.0,117.0,117.00006940673958,124.00007357473811,1.0,-6.940673958411026e-05,-7.357473810998272e-05,0.0,True
22300010,192,192,96.0,96.0,107.0,121.0,121.00001918766107,107.00000816455344,1.0,-1.9187661067121553e-05,-8.164553435108246e-06,0.0,True
22300011,194,194,97.0,97.0,101.0,104.0,103.99999729972427,101.00017695735384,1.0,2.7002757292393653e-06,-0.00017695735384393174,0.0,True
22300012,200,200,100.0,100.0,127.0,121.0,121.0,127.0,1.0,0.0,0.0,0.0,True
22300013,206,206,102.0,104.0,117.0,110.0,110.0,117.0,1.0,0.0,0.0,2.0,True
22300014,195,195,97.0,98.0,126.0,144.0,144.00008717474762,126.00010913691779,1.0,-8.717474761965605e-05,-0.00010913691778569046,1.0,True
22300015,194,194,97.0,97.0,122.0,119.0,119.0,122.0,1.0,0.0,0.0,0.0,True
22300016,198,198,99.0,99.0,98.0,105.0,105.0000508597523,98.00001102268016,1.0,-5.085975230656459e-05,-1.1022680155292619e-05,0.0,True
22300017,188,188,94.0,94.0,111.0,105.0,105.00002050988785,111.0000094388259,1.0,-2.050988784674246e-05,-9.438825898655523e-06,0.0,True
22300018,206,206,104.0,102.0,126.0,120.0,120.0,126.0,1.0,0.0,0.0,2.0,True
22300019,217,217,108.0,109.0,132.0,126.0,126.00001895931149,132.00005830252599,1.0,-1.8959311489652464e-05,-5.830252598570951e-05,1.0,True
22300020,189,189,95.0,94.0,104.0,124.0,124.00004378913411,104.00000764197647,1.0,-4.3789134110738814e-05,-7.641976466743472e-06,1.0,True
22300021,210,210,105.0,105.0,87.0,123.0,123.0000017859033,87.00010671321122,1.0,-1.7859032936939911e-06,-0.00010671321122401878,0.0,True
22300022,208,208,104.0,104.0,110.0,131.0,130.99991733341196,110.00014525496616,1.0,8.266658804245708e-05,-0.0001452549661564717,0.0,True
22300023,199,199,100.0,99.0,99.0,115.0,115.0,99.0,1.0,0.0,0.0,1.0,True
22300024,188,188,94.0,94.0,108.0,111.0,111.0000820681538,107.999995207663,1.0,-8.20681538016288e-05,4.792336994796642e-06,0.0,True
22300025,195,195,98.0,97.0,104.0,101.0,101.0,104.0,1.0,0.0,0.0,1.0,True
22300026,192,192,96.0,96.0,107.0,134.0,133.99994688733693,107.000101407289,1.0,5.3112663067622634e-05,-0.0001014072889944373,0.0,True
22300027,204,204,102.0,102.0,130.0,99.0,99.0,130.0,1.0,0.0,0.0,0.0,True
22300028,187,187,94.0,93.0,120.0,99.0,99.0,120.0,1.0,0.0,0.0,1.0,True
22300029,195,195,98.0,97.0,126.0,116.0,116.0,126.0,1.0,0.0,0.0,1.0,True
22300030,194,194,97.0,97.0,100.0,108.0,107.99998929927445,100.0000810477802,1.0,1.0700725553647317e-05,-8.104778019912828e-05,0.0,True
22300031,195,195,97.0,98.0,108.0,105.0,105.0,108.0,1.0,0.0,0.0,1.0,True
22300032,212,212,106.0,106.0,129.0,120.0,120.0,129.0,1.0,0.0,0.0,0.0,True
22300033,189,189,95.0,94.0,103.0,97.0,97.00008530826902,103.0000121448898,1.0,-8.530826902131139e-05,-1.2144889794285518e-05,1.0,True
22300034,200,200,99.0,101.0,110.0,115.0,115.0,110.0,1.0,0.0,0.0,2.0,True
22300035,193,193,96.0,97.0,131.0,128.0,128.0,131.0,1.0,0.0,0.0,1.0,True
22300036,192,192,97.0,95.0,107.0,95.0,95.0,107.0,1.0,0.0,0.0,2.0,True
22300037,198,198,98.0,100.0,100.0,106.0,106.0000703932143,100.00000758019105,1.0,-7.039321430113432e-05,-7.580191052625196e-06,2.0,True
22300038,203,203,102.0,101.0,107.0,126.0,126.0,107.0,1.0,0.0,0.0,1.0,True
22300039,216,216,109.0,107.0,157.0,152.0,152.0,157.0,1.0,0.0,0.0,2.0,True
22300040,215,215,108.0,107.0,122.0,119.0,119.0000291773404,122.00015257613202,1.0,-2.917734039442621e-05,-0.00015257613202379616,1.0,True
22300041,181,181,90.0,91.0,107.0,120.0,120.0,107.0,1.0,0.0,0.0,1.0,True
22300042,208,208,104.0,104.0,99.0,131.0,131.0,99.0,1.0,0.0,0.0,0.0,True
22300043,199,199,100.0,99.0,96.0,113.0,113.00003907385506,96.00004726166634,1.0,-3.907385506352057e-05,-4.726166633872708e-05,1.0,True
22300044,186,186,93.0,93.0,110.0,89.0,89.00006538912702,109.99996529623219,1.0,-6.538912701614663e-05,3.470376780967399e-05,0.0,True
22300045,195,195,97.0,98.0,98.0,100.0,100.00004223083054,98.00000679758814,1.0,-4.223083054455401e-05,-6.797588142148925e-06,1.0,True
22300046,186,186,93.0,93.0,108.0,120.0,121.0,108.0,1.0,-1.0,0.0,0.0,False
22300047,198,198,99.0,99.0,113.0,136.0,136.00000239260547,113.00003670729467,1.0,-2.3926054666389973e-06,-3.670729466875855e-05,0.0,True
22300048,194,194,97.0,97.0,86.0,105.0,105.00003509767188,86.00019034465097,1.0,-3.509767188347723e-05,-0.00019034465097433895,0.0,True
22300049,209,209,104.0,105.0,128.0,131.0,131.000091263115,127.99996076373358,1.0,-9.126311499585427e-05,3.923626641721967e-05,1.0,True
22300050,200,200,100.0,100.0,124.0,111.0,111.0,124.0,1.0,0.0,0.0,0.0,True
22300051,214,214,107.0,107.0,112.0,118.0,118.0,112.0,1.0,0.0,0.0,0.0,True
22300052,200,200,100.0,100.0,116.0,106.0,106.0,116.0,1.0,0.0,0.0,0.0,True
22300053,191,191,95.0,96.0,97.0,124.0,124.0,97.0,1.0,0.0,0.0,1.0,True
22300054,199,199,99.0,100.0,103.0,115.0,115.00006837310885,103.00004798433066,1.0,-6.837310884577619e-05,-4.798433066355301e-05,1.0,True
22300055,205,205,103.0,102.0,105.0,128.0,128.00000168082136,105.00003549344466,1.0,-1.6808213558761054e-06,-3.5493444656253814e-05,1.0,True
22300056,200,200,100.0,100.0,131.0,124.0,124.00006860489125,130.99998435955922,1.0,-6.86048912541537e-05,1.5640440778952325e-05,0.0,True
22300057,190,190,95.0,95.0,91.0,115.0,115.00000314057249,91.00002337340176,1.0,-3.140572488291582e-06,-2.3373401759840817e-05,0.0,True
22300058,198,198,99.0,99.0,103.0,106.0,105.99999961367881,103.00003906035467,1.0,3.863211901489194e-07,-3.9060354666276e-05,0.0,True
22300059,193,193,97.0,96.0,115.0,121.0,121.0000074728564,115.00007816141246,1.0,-7.4728563959070016e-06,-7.816141246053121e-05,1.0,True
22300060,211,211,106.0,105.0,123.0,124.0,124.0,123.0,1.0,0.0,0.0,1.0,True
22300061,189,189,95.0,94.0,107.0,119.0,119.0,107.0,1.0,0.0,0.0,1.0,True
22300062,202,202,101.0,101.0,108.0,104.0,104.0,108.0,1.0,0.0,0.0,0.0,True
22300063,207,207,103.0,104.0,110.0,116.0,116.00002468283104,109.99999705401962,1.0,-2.4682831039513076e-05,2.9459803840836685e-06,1.0,True
22300064,220,220,110.0,110.0,120.0,143.0,143.00004437420895,120.0001241997704,1.0,-4.437420895442301e-05,-0.00012419977039712649,0.0,True
22300065,191,191,95.0,96.0,108.0,104.0,104.0,108.0,1.0,0.0,0.0,1.0,True
22300066,190,190,94.0,96.0,86.0,116.0,116.00002445078503,86.00001605452768,1.0,-2.445078503399145e-05,-1.6054527677056285e-05,2.0,True
22300067,198,198,98.0,100.0,114.0,113.0,113.00001509880445,114.00001574835596,1.0,-1.5098804453828052e-05,-1.574835596329649e-05,2.0,True
22300068,191,191,96.0,95.0,102.0,103.0,103.0,102.0,1.0,0.0,0.0,1.0,True
22300069,201,201,101.0,100.0,94.0,97.0,97.0,94.0,1.0,0.0,0.0,1.0,True
22300070,199,199,100.0,99.0,124.0,104.0,104.00007493654827,124.00005640701941,1.0,-7.493654827328555e-05,-5.640701941445059e-05,1.0,True
22300071,205,205,102.0,103.0,111.0,104.0,104.0,111.0,1.0,0.0,0.0,1.0,True
22300072,207,207,103.0,104.0,130.0,114.0,113.89631640283449,130.10372281425614,1.0,0.10368359716551367,-0.1037228142561446,1.0,True
22300073,214,214,107.0,107.0,126.0,119.0,119.00007412676247,126.00001448770224,1.0,-7.412676247042782e-05,-1.4487702244991851e-05,0.0,True
22300074,197,197,99.0,98.0,111.0,123.0,123.0,111.0,1.0,0.0,0.0,1.0,True
22300075,207,207,103.0,104.0,117.0,118.0,118.0,117.0,1.0,0.0,0.0,1.0,True
22300076,207,207,104.0,103.0,95.0,100.0,100.00000107784797,95.00002533124594,1.0,-1.077847969099821e-06,-2.5331245936399682e-05,1.0,True
22300077,214,214,107.0,107.0,111.0,99.0,99.00004971406528,111.00007418826442,1.0,-4.9714065283978925e-05,-7.418826442062709e-05,0.0,True
22300078,206,206,104.0,102.0,108.0,104.0,104.0,108.0,1.0,0.0,0.0,2.0,True
22300079,210,210,105.0,105.0,126.0,120.0,120.0,126.0,1.0,0.0,0.0,0.0,True
22300080,198,198,99.0,99.0,111.0,119.0,119.0,111.0,1.0,0.0,0.0,0.0,True
22300081,211,211,105.0,106.0,108.0,105.0,105.00007190152503,108.0000645512826,1.0,-7.190152503255831e-05,-6.455128260540732e-05,1.0,True
22300082,215,215,107.0,108.0,103.0,104.0,104.00008123639768,103.0000927491878,1.0,-8.123639767632085e-05,-9.27491878002229e-05,1.0,True
22300083,221,221,111.0,110.0,122.0,126.0,126.00002787874199,121.99999968205796,1.0,-2.7878741988729416e-05,3.179420389187726e-07,1.0,True
22300084,202,202,101.0,101.0,120.0,125.0,125.00006763031318,120.00002349640597,1.0,-6.763031318257617e-05,-2.3496405972878165e-05,0.0,True
22300085,200,200,100.0,100.0,118.0,120.0,120.0,118.0,1.0,0.0,0.0,0.0,True
22300086,190,190,94.0,96.0,102.0,97.0,97.00003764911166,101.99999275851953,1.0,-3.7649111661153256e-05,7.241480474817763e-06,2.0,True
22300087,208,208,104.0,104.0,122.0,114.0,113.90912169223323,122.09091496369523,1.0,0.09087830776677208,-0.09091496369522645,0.0,True
22300088,186,186,92.0,94.0,102.0,118.0,118.0,102.0,1.0,0.0,0.0,2.0,True
22300089,204,204,102.0,102.0,106.0,113.0,113.0,106.0,1.0,0.0,0.0,0.0,True
22300090,200,200,100.0,100.0,87.0,96.0,96.0000663250423,87.00003430203738,1.0,-6.632504229742153e-05,-3.430203737764259e-05,0.0,True
22300091,196,196,98.0,98.0,125.0,113.0,113.00005950249842,124.99998878564305,1.0,-5.950249841646382e-05,1.1214356945288273e-05,0.0,True
22300092,185,185,93.0,92.0,114.0,107.0,107.0,114.0,1.0,0.0,0.0,1.0,True
22300093,196,196,98.0,98.0,90.0,106.0,106.0,90.0,1.0,0.0,0.0,0.0,True
22300094,199,199,100.0,99.0,104.0,126.0,126.0,104.0,1.0,0.0,0.0,1.0,True
22300095,190,190,95.0,95.0,128.0,95.0,95.0,128.0,1.0,0.0,0.0,0.0,True
22300096,188,188,94.0,94.0,106.0,95.0,95.000036037064,106.00003220410262,1.0,-3.603706400667761e-05,-3.2204102623722974e-05,0.0,True
22300097,203,203,101.0,102.0,127.0,110.0,110.0,127.0,1.0,0.0,0.0,1.0,True
22300098,204,204,102.0,102.0,98.0,126.0,126.0,98.0,1.0,0.0,0.0,0.0,True
22300099,204,204,101.0,103.0,83.0,123.0,123.0,83.0,1.0,0.0,0.0,2.0,True
22300100,225,225,113.0,112.0,127.0,132.0,132.00001097998063,127.00008440072605,1.0,-1.0979980629599595e-05,-8.44007260525359e-05,1.0,True
22300101,209,209,104.0,105.0,133.0,121.0,121.00000742406205,133.00001610617252,1.0,-7.424062047789448e-06,-1.6106172523677742e-05,1.0,True
22300102,206,206,103.0,103.0,112.0,105.0,105.00004181714256,112.00003282243085,1.0,-4.181714255935276e-05,-3.282243085322989e-05,0.0,True
22300103,207,207,103.0,104.0,126.0,107.0,107.0,126.0,1.0,0.0,0.0,1.0,True
22300104,194,194,97.0,97.0,113.0,127.0,127.0,113.0,1.0,0.0,0.0,0.0,True
22300105,186,186,93.0,93.0,99.0,91.0,91.0,99.0,1.0,0.0,0.0,0.0,True
22300106,202,202,101.0,101.0,125.0,110.0,109.9999268027068,125.00014329145579,1.0,7.319729320443003e-05,-0.00014329145578528824,0.0,True
22300107,204,204,102.0,102.0,114.0,122.0,122.0,114.0,1.0,0.0,0.0,0.0,True
22300108,200,200,100.0,100.0,130.0,102.0,102.0,130.0,1.0,0.0,0.0,0.0,True
22300109,205,205,102.0,103.0,112.0,124.0,124.0000510345318,112.0000061132632,1.0,-5.103453179344797e-05,-6.113263196994012e-06,1.0,True
22300110,196,196,98.0,98.0,102.0,110.0,110.0,102.0,1.0,0.0,0.0,0.0,True
22300111,197,197,99.0,98.0,103.0,106.0,106.00001954047946,103.00000848497965,1.0,-1.9540479456736648e-05,-8.484979645118074e-06,1.0,True
22300112,192,192,96.0,96.0,109.0,91.0,91.0,109.0,1.0,0.0,0.0,0.0,True
22300113,199,199,99.0,100.0,115.0,114.0,114.0,115.0,1.0,0.0,0.0,1.0,True
22300114,207,207,103.0,104.0,102.0,118.0,118.00008929010129,101.99994103850065,1.0,-8.929010128611026e-05,5.8961499348697544e-05,1.0,True
22300115,210,210,105.0,105.0,110.0,101.0,101.0,110.0,1.0,0.0,0.0,0.0,True
22300116,193,193,96.0,97.0,111.0,130.0,130.0,111.0,1.0,0.0,0.0,1.0,True
22300117,220,220,110.0,110.0,121.0,130.0,130.0,121.0,1.0,0.0,0.0,0.0,True
22300118,212,212,105.0,107.0,104.0,155.0,154.99999103990118,104.00005883941496,1.0,8.960098824672968e-06,-5.883941496165335e-05,2.0,True
22300119,206,206,104.0,102.0,109.0,105.0,105.0,109.0,1.0,0.0,0.0,2.0,True
22300120,189,189,94.0,95.0,95.0,89.0,89.0,95.0,1.0,0.0,0.0,1.0,True
22300121,206,206,103.0,103.0,110.0,106.0,105.99999355719879,110.00006627696035,1.0,6.442801208095261e-06,-6.627696035366171e-05,0.0,True
22300122,203,203,102.0,101.0,119.0,128.0,128.00001266205624,119.00003449636283,1.0,-1.2662056235512864e-05,-3.449636282937263e-05,1.0,True
22300123,195,195,97.0,98.0,89.0,110.0,110.0,89.0,1.0,0.0,0.0,1.0,True
22300124,190,190,95.0,95.0,105.0,114.0,114.00002708618888,104.99998269023112,1.0,-2.708618887936609e-05,1.7309768878703835e-05,0.0,True
22300125,214,214,107.0,107.0,109.0,133.0,133.0,109.0,1.0,0.0,0.0,0.0,True
22300126,193,193,97.0,96.0,101.0,102.0,102.000309728856,100.99978590983858,1.0,-0.00030972885599567235,0.00021409016142115433,1.0,True
22300127,218,218,108.0,110.0,125.0,130.0,130.0,125.0,1.0,0.0,0.0,2.0,True
22300128,190,190,95.0,95.0,99.0,114.0,114.0,99.0,1.0,0.0,0.0,0.0,True
22300129,201,201,100.0,101.0,116.0,123.0,125.0,116.0,1.0,-2.0,0.0,1.0,False
22300130,212,212,106.0,106.0,115.0,113.0,112.99583083584301,115.00421495102314,1.0,0.004169164156991201,-0.0042149510231439535,0.0,True
22300131,200,200,101.0,99.0,132.0,121.0,121.0,132.0,1.0,0.0,0.0,2.0,True
22300132,196,196,98.0,98.0,100.0,112.0,112.0,100.0,1.0,0.0,0.0,0.0,True
22300133,196,196,97.0,99.0,125.0,124.0,124.00001177699045,125.00002446356099,1.0,-1.1776990447742719e-05,-2.446356099028435e-05,2.0,True
22300134,193,193,97.0,96.0,101.0,120.0,120.0000334189869,101.00000281339229,1.0,-3.341898690223388e-05,-2.8133922853612603e-06,1.0,True
22300135,190,190,95.0,95.0,123.0,105.0,105.0,123.0,1.0,0.0,0.0,0.0,True
22300136,198,198,99.0,99.0,124.0,114.0,114.0,124.0,1.0,0.0,0.0,0.0,True
22300137,190,190,94.0,96.0,89.0,107.0,107.00014664969615,88.99993943552901,1.0,-0.0001466496961484154,6.056447098501394e-05,2.0,True
22300138,190,190,95.0,95.0,95.0,123.0,123.0,95.0,1.0,0.0,0.0,0.0,True
22300139,193,193,96.0,97.0,101.0,123.0,123.0,101.0,1.0,0.0,0.0,1.0,True
22300141,216,216,108.0,108.0,123.0,116.0,116.0,123.0,1.0,0.0,0.0,0.0,True
22300142,203,203,102.0,101.0,104.0,115.0,115.00007577959259,104.00002494589097,1.0,-7.577959259208455e-05,-2.494589097068456e-05,1.0,True
22300143,204,204,102.0,102.0,118.0,124.0,123.99998994395635,118.00008383997329,1.0,1.0056043649342428e-05,-8.383997328564874e-05,0.0,True
22300144,195,195,98.0,97.0,112.0,100.0,100.0,112.0,1.0,0.0,0.0,1.0,True
22300145,192,192,97.0,95.0,120.0,109.0,108.99999249072197,120.00008683556412,1.0,7.509278034945055e-06,-8.683556411881455e-05,2.0,True
22300146,210,210,104.0,106.0,111.0,152.0,152.00007681593107,111.00004120679662,1.0,-7.681593106667606e-05,-4.120679662378279e-05,2.0,True
22300147,197,197,99.0,98.0,117.0,102.0,102.00003715907144,117.00001439246384,1.0,-3.715907143941877e-05,-1.4392463839385528e-05,1.0,True
22300148,219,219,109.0,110.0,128.0,146.0,146.00012194011924,127.99987813875765,1.0,-0.00012194011924293591,0.00012186124234858653,1.0,True
22300149,204,204,102.0,102.0,129.0,125.0,125.0,129.0,1.0,0.0,0.0,0.0,True
22300150,197,197,98.0,99.0,107.0,108.0,108.0,107.0,1.0,0.0,0.0,1.0,True
22300151,190,190,94.0,96.0,97.0,111.0,111.0,97.0,1.0,0.0,0.0,2.0,True
22300152,197,197,99.0,98.0,113.0,130.0,130.0,113.0,1.0,0.0,0.0,1.0,True
22300153,185,185,92.0,93.0,97.0,122.0,122.0,97.0,1.0,0.0,0.0,1.0,True
22300154,221,221,110.0,111.0,109.0,114.0,114.0,109.0,1.0,0.0,0.0,1.0,True
22300155,210,210,105.0,105.0,117.0,126.0,125.9999902574053,117.00003453361916,1.0,9.742594698991525e-06,-3.4533619157173234e-05,0.0,True
22300156,199,199,99.0,100.0,116.0,134.0,134.0,116.0,1.0,0.0,0.0,1.0,True
22300157,203,203,101.0,102.0,132.0,116.0,116.00005918725905,131.99998355690775,1.0,-5.9187259054738206e-05,1.6443092249573965e-05,1.0,True
22300158,210,210,105.0,105.0,118.0,134.0,134.0000177257229,118.00001632110177,1.0,-1.772572289837626e-05,-1.6321101767857726e-05,0.0,True
22300159,204,204,102.0,102.0,103.0,106.0,106.0,103.0,1.0,0.0,0.0,0.0,True
22300160,194,194,98.0,96.0,93.0,100.0,100.0,93.0,1.0,0.0,0.0,2.0,True
22300161,195,195,97.0,98.0,105.0,126.0,126.0,105.0,1.0,0.0,0.0,1.0,True
22300162,216,216,107.0,109.0,116.0,115.0,115.00028860410504,115.99973199387371,1.0,-0.0002886041050373933,0.00026800612629074294,2.0,True
22300163,195,195,98.0,97.0,94.0,128.0,128.0001577165284,93.99997687169923,1.0,-0.0001577165284061266,2.312830076789396e-05,1.0,True
22300164,198,198,100.0,98.0,108.0,102.0,102.0000508955802,108.00002733701943,1.0,-5.0895580201881785e-05,-2.733701943213873e-05,2.0,True
22300165,214,214,107.0,107.0,118.0,120.0,120.0000537995052,118.00008362033032,1.0,-5.3799505195684105e-05,-8.362033031517058e-05,0.0,True
22300166,205,205,102.0,103.0,101.0,122.0,122.0,101.0,1.0,0.0,0.0,1.0,True
22300167,206,206,104.0,102.0,120.0,128.0,128.00002082424132,120.0000361529448,1.0,-2.0824241317995984e-05,-3.615294480141529e-05,2.0,True
22300168,207,207,104.0,103.0,127.0,116.0,116.00007048381428,126.99996575619073,1.0,-7.04838142837616e-05,3.424380926730919e-05,1.0,True
22300169,192,192,96.0,96.0,105.0,108.0,108.00002097582619,105.00011658489302,1.0,-2.0975826188873725e-05,-0.00011658489302135422,0.0,True
22300170,215,215,107.0,108.0,118.0,121.0,121.00013806962194,117.99998500508295,1.0,-0.00013806962193996242,1.4994917052035817e-05,1.0,True
22300171,200,200,100.0,100.0,124.0,126.0,126.00007584885361,124.00000854442975,1.0,-7.584885361211491e-05,-8.544429746848436e-06,0.0,True
22300172,206,206,103.0,103.0,120.0,119.0,119.0,120.0,1.0,0.0,0.0,0.0,True
22300173,198,198,99.0,99.0,97.0,112.0,112.0,97.0,1.0,0.0,0.0,0.0,True
22300174,193,193,97.0,96.0,94.0,117.0,117.0,94.0,1.0,0.0,0.0,1.0,True
22300175,204,204,102.0,102.0,117.0,109.0,109.0,117.0,1.0,0.0,0.0,0.0,True
22300176,207,207,104.0,103.0,118.0,110.0,109.99995630771707,118.0000807687994,1.0,4.369228292944172e-05,-8.076879940688286e-05,1.0,True
22300177,185,185,93.0,92.0,107.0,129.0,129.0,107.0,1.0,0.0,0.0,1.0,True
22300178,203,203,102.0,101.0,94.0,102.0,102.000028460502,94.0000283055355,1.0,-2.846050199423189e-05,-2.8305535494155265e-05,1.0,True
22300179,192,192,96.0,96.0,105.0,101.0,100.99999932629873,105.00006119380805,1.0,6.737012654411956e-07,-6.119380805102992e-05,0.0,True
22300180,199,199,100.0,99.0,126.0,137.0,137.0000553395307,125.99999836643958,1.0,-5.533953068947994e-05,1.633560415825741e-06,1.0,True
22300181,193,193,97.0,96.0,108.0,119.0,119.0,108.0,1.0,0.0,0.0,1.0,True
22300182,188,188,94.0,94.0,104.0,107.0,107.00004103642783,103.9999862044166,1.0,-4.103642783093164e-05,1.379558339920095e-05,0.0,True
22300183,214,214,107.0,107.0,136.0,124.0,124.0,136.0,1.0,0.0,0.0,0.0,True
22300184,198,198,99.0,99.0,118.0,113.0,113.0,118.0,1.0,0.0,0.0,0.0,True
22300185,190,190,95.0,95.0,111.0,99.0,99.00014909235288,110.99996237114595,1.0,-0.0001490923528848498,3.762885404512417e-05,0.0,True
22300186,199,199,99.0,100.0,116.0,110.0,110.0,116.0,1.0,0.0,0.0,1.0,True
22300187,202,202,101.0,101.0,110.0,116.0,116.0,110.0,1.0,0.0,0.0,0.0,True
22300188,172,172,85.0,87.0,98.0,114.0,114.0,98.0,1.0,0.0,0.0,2.0,True
22300189,202,202,101.0,101.0,107.0,111.0,111.0,107.0,1.0,0.0,0.0,0.0,True
22300190,194,194,96.0,98.0,109.0,118.0,118.0,109.0,1.0,0.0,0.0,2.0,True
22300191,190,190,95.0,95.0,120.0,132.0,132.2364601527531,119.76363504539316,1.0,-0.2364601527530965,0.2363649546068416,0.0,True
22300192,206,206,102.0,104.0,130.0,117.0,117.0,130.0,1.0,0.0,0.0,2.0,True
22300193,190,190,95.0,95.0,116.0,114.0,114.00002688045618,116.00007849735383,1.0,-2.6880456175604195e-05,-7.849735382592371e-05,0.0,True
22300194,186,186,93.0,93.0,117.0,107.0,107.0,117.0,1.0,0.0,0.0,0.0,True
22300195,196,196,98.0,98.0,128.0,112.0,112.0000065295674,128.00000316326745,1.0,-6.529567400548331e-06,-3.163267450645435e-06,0.0,True
22300196,194,194,97.0,97.0,96.0,94.0,94.00006641061144,96.00007628943541,1.0,-6.641061143852767e-05,-7.6289435412491e-05,0.0,True
22300197,181,181,90.0,91.0,115.0,133.0,133.0,115.0,1.0,0.0,0.0,1.0,True
22300198,216,216,108.0,108.0,125.0,110.0,110.0,125.0,1.0,0.0,0.0,0.0,True
22300199,187,187,94.0,93.0,109.0,95.0,95.00003792082374,109.00002791930204,1.0,-3.79208237433204e-05,-2.7919302041823357e-05,1.0,True
22300200,184,184,92.0,92.0,115.0,122.0,122.00004601413583,115.0000900523079,1.0,-4.601413583316116e-05,-9.005230789682628e-05,0.0,True
22300201,198,198,99.0,99.0,128.0,109.0,109.00008672830295,128.00004670107958,1.0,-8.672830294642608e-05,-4.67010795830447e-05,0.0,True
22300202,192,192,96.0,96.0,122.0,108.0,108.00000136595058,122.00001683745951,1.0,-1.365950581089237e-06,-1.6837459511975794e-05,0.0,True
22300203,199,199,100.0,99.0,121.0,120.0,120.00002179631642,121.00001857998706,1.0,-2.1796316417521666e-05,-1.857998705645514e-05,1.0,True
22300204,185,185,92.0,93.0,97.0,102.0,102.00004318975962,97.00002142288693,1.0,-4.3189759622919155e-05,-2.14228869310773e-05,1.0,True
22300205,206,206,103.0,103.0,125.0,132.0,132.00004873199336,124.99995646720906,1.0,-4.873199335975187e-05,4.353279094004847e-05,0.0,True
22300206,194,194,98.0,96.0,120.0,108.0,108.0,120.0,1.0,0.0,0.0,2.0,True
22300207,218,218,110.0,108.0,130.0,123.0,123.00006275185272,130.0000331519196,1.0,-6.275185272386352e-05,-3.3151919609508695e-05,2.0,True
22300208,189,189,95.0,94.0,121.0,99.0,99.00012344389813,120.9999523363187,1.0,-0.00012344389813279122,4.766368130049159e-05,1.0,True
22300209,216,216,108.0,108.0,128.0,116.0,116.00008654241901,127.9999936122158,1.0,-8.654241901240312e-05,6.38778419670416e-06,0.0,True
22300210,192,192,96.0,96.0,109.0,121.0,121.00011109271085,108.99999124421878,1.0,-0.00011109271085274486,8.755781223612757e-06,0.0,True
22300211,209,209,104.0,105.0,113.0,142.0,142.0,113.0,1.0,0.0,0.0,1.0,True
22300212,193,193,96.0,97.0,129.0,113.0,113.00003215679972,128.99998664299795,1.0,-3.2156799719018636e-05,1.335700204663226e-05,1.0,True
22300213,187,187,94.0,93.0,102.0,100.0,100.0,102.0,1.0,0.0,0.0,1.0,True
22300214,232,232,116.0,116.0,140.0,137.0,137.0000425375419,140.0000099093981,1.0,-4.253754190131076e-05,-9.909398102081468e-06,0.0,True
22300215,189,189,94.0,95.0,134.0,91.0,91.00007132567761,134.00000961107077,1.0,-7.13256776094795e-05,-9.61107076591361e-06,1.0,True
22300216,196,196,98.0,98.0,104.0,105.0,104.99998968150445,104.00008174189537,1.0,1.0318495554884066e-05,-8.174189537157872e-05,0.0,True
22300217,214,214,108.0,106.0,118.0,121.0,121.00000702102157,118.00005709108171,1.0,-7.021021573905273e-06,-5.7091081714588654e-05,2.0,True
22300218,196,196,99.0,97.0,107.0,103.0,103.0,107.0,1.0,0.0,0.0,2.0,True
22300219,203,203,102.0,101.0,142.0,129.0,129.0,142.0,1.0,0.0,0.0,1.0,True
22300220,182,182,90.0,92.0,118.0,100.0,100.0,118.0,1.0,0.0,0.0,2.0,True
22300221,196,196,98.0,98.0,100.0,117.0,117.00005724084754,100.00001365108479,1.0,-5.724084753921943e-05,-1.36510847852378e-05,0.0,True
22300222,200,200,100.0,100.0,93.0,129.0,129.00003344876572,93.00003253143686,1.0,-3.344876571986788e-05,-3.2531436858107554e-05,0.0,True
22300223,198,198,99.0,99.0,124.0,99.0,99.0,124.0,1.0,0.0,0.0,0.0,True
22300224,187,187,94.0,93.0,116.0,121.0,120.99997176519476,116.00015530790195,1.0,2.8234805242277616e-05,-0.00015530790194873134,1.0,True
22300225,202,202,101.0,101.0,114.0,117.0,117.0,114.0,1.0,0.0,0.0,0.0,True
22300226,189,189,95.0,94.0,119.0,124.0,124.00002722280789,119.00002437319272,1.0,-2.7222807887028466e-05,-2.43731927156432e-05,1.0,True
22300227,230,230,115.0,115.0,145.0,147.0,147.00005758334828,145.0000353823325,1.0,-5.75833482798771e-05,-3.5382332498556934e-05,0.0,True
22300228,203,203,102.0,101.0,116.0,119.0,119.0,116.0,1.0,0.0,0.0,1.0,True
22300229,187,187,94.0,93.0,129.0,96.0,96.0,129.0,1.0,0.0,0.0,1.0,True
22300230,212,212,106.0,106.0,132.0,131.0,131.00001803005912,132.0000371453949,1.0,-1.8030059123930187e-05,-3.714539491284086e-05,0.0,True
22300231,194,194,97.0,97.0,91.0,111.0,111.00010624029584,90.99999001330131,1.0,-0.00010624029583539141,9.986698685793272e-06,0.0,True
22300232,191,191,95.0,96.0,99.0,112.0,112.0,99.0,1.0,0.0,0.0,1.0,True
22300233,197,197,99.0,98.0,112.0,117.0,117.0,112.0,1.0,0.0,0.0,1.0,True
22300234,188,188,94.0,94.0,102.0,116.0,116.00000178091071,102.00004481961203,1.0,-1.780910707793737e-06,-4.481961202884577e-05,0.0,True
22300235,205,205,102.0,103.0,109.0,102.0,102.0,109.0,1.0,0.0,0.0,1.0,True
22300236,201,201,101.0,100.0,115.0,122.0,123.00004497653609,115.00012542553883,1.0,-1.0000449765360884,-0.00012542553882610719,1.0,False
22300237,194,194,97.0,97.0,105.0,121.0,121.0,105.0,1.0,0.0,0.0,0.0,True
22300238,191,191,95.0,96.0,104.0,101.0,101.00013276687753,103.99997773979192,1.0,-0.0001327668775275015,2.226020808393514e-05,1.0,True
22300239,195,195,98.0,97.0,127.0,123.0,123.00003237548317,127.00005525657048,1.0,-3.237548317258643e-05,-5.525657047655841e-05,1.0,True
22300240,189,189,95.0,94.0,97.0,112.0,112.0000491170466,97.00006294514345,1.0,-4.911704660059968e-05,-6.294514345484004e-05,1.0,True
22300241,204,204,101.0,103.0,136.0,108.0,108.0,136.0,1.0,0.0,0.0,2.0,True
22300242,214,214,107.0,107.0,121.0,115.0,115.00007821387966,121.0000570080066,1.0,-7.821387966089333e-05,-5.700800660690675e-05,0.0,True
22300243,200,200,100.0,100.0,100.0,105.0,105.0,100.0,1.0,0.0,0.0,0.0,True
22300244,184,184,92.0,92.0,88.0,107.0,106.99998121816692,88.00007360232817,1.0,1.8781833077241572e-05,-7.360232817177348e-05,0.0,True
22300245,204,204,103.0,101.0,102.0,108.0,108.0,102.0,1.0,0.0,0.0,2.0,True
22300246,197,197,98.0,99.0,103.0,113.0,113.0,103.0,1.0,0.0,0.0,1.0,True
22300247,179,179,90.0,89.0,116.0,113.0,113.0,116.0,1.0,0.0,0.0,1.0,True
22300248,209,209,104.0,105.0,117.0,130.0,130.000040999921,117.00008638446822,1.0,-4.099992099781957e-05,-8.638446821862544e-05,1.0,True
22300249,195,195,98.0,97.0,119.0,97.0,97.0,119.0,1.0,0.0,0.0,1.0,True
22300250,182,182,91.0,91.0,109.0,118.0,118.00001285395929,109.00004329123489,1.0,-1.2853959290737293e-05,-4.3291234888442887e-05,0.0,True
22300251,196,196,98.0,98.0,102.0,105.0,105.00008064456759,101.99995293900878,1.0,-8.064456758916094e-05,4.706099122131491e-05,0.0,True
22300252,208,208,104.0,104.0,120.0,132.0,132.0,120.0,1.0,0.0,0.0,0.0,True
22300253,214,214,107.0,107.0,126.0,107.0,107.0,126.0,1.0,0.0,0.0,0.0,True
22300254,207,207,104.0,103.0,114.0,110.0,110.00005734061273,114.00001134965801,1.0,-5.7340612727330154e-05,-1.1349658009862651e-05,1.0,True
22300255,191,191,95.0,96.0,94.0,138.0,138.0,94.0,1.0,0.0,0.0,1.0,True
22300256,189,189,94.0,95.0,112.0,114.0,114.0,112.0,1.0,0.0,0.0,1.0,True
22300257,194,194,96.0,98.0,113.0,104.0,104.0,113.0,1.0,0.0,0.0,2.0,True
22300258,210,210,105.0,105.0,133.0,107.0,107.0,133.0,1.0,0.0,0.0,0.0,True
22300259,203,203,101.0,102.0,120.0,139.0,139.0,120.0,1.0,0.0,0.0,1.0,True
22300260,192,192,96.0,96.0,105.0,112.0,112.0,105.0,1.0,0.0,0.0,0.0,True
22300261,188,188,94.0,94.0,91.0,105.0,105.0,91.0,1.0,0.0,0.0,0.0,True
22300262,196,196,98.0,98.0,114.0,124.0,124.0,114.0,1.0,0.0,0.0,0.0,True
22300263,182,182,91.0,91.0,124.0,134.0,134.0000093549277,124.00003978787677,1.0,-9.354927698268511e-06,-3.978787677283435e-05,0.0,True
22300264,195,195,98.0,97.0,131.0,117.0,117.00009927909439,130.99997962157545,1.0,-9.927909438545157e-05,2.0378424551381613e-05,1.0,True
22300265,189,189,95.0,94.0,103.0,95.0,95.00002855805636,102.99999581787618,1.0,-2.8558056357042005e-05,4.1821238170314246e-06,1.0,True
22300266,188,188,94.0,94.0,129.0,128.0,128.0,129.0,1.0,0.0,0.0,0.0,True
22300267,212,212,106.0,106.0,132.0,142.0,142.00020867085115,131.99989372563397,1.0,-0.00020867085115128248,0.00010627436603272145,0.0,True
22300268,195,195,97.0,98.0,112.0,118.0,118.0,112.0,1.0,0.0,0.0,1.0,True
22300269,221,221,110.0,111.0,113.0,120.0,120.00002310343787,113.00002898136933,1.0,-2.310343786859903e-05,-2.8981369325720152e-05,1.0,True
22300270,193,193,96.0,97.0,90.0,101.0,101.0,90.0,1.0,0.0,0.0,1.0,True
22300271,208,208,104.0,104.0,110.0,133.0,132.9999616514049,110.0000562992682,1.0,3.83485950976592e-05,-5.629926819494813e-05,0.0,True
22300272,216,216,108.0,108.0,137.0,135.0,135.00002032363145,137.00004782782705,1.0,-2.0323631446217405e-05,-4.7827827046376115e-05,0.0,True
22300273,187,187,94.0,93.0,114.0,120.0,120.0,114.0,1.0,0.0,0.0,1.0,True
22300274,209,209,105.0,104.0,125.0,130.0,130.00001322492088,125.00005262303432,1.0,-1.3224920877519253e-05,-5.2623034321186424e-05,1.0,True
22300275,204,204,102.0,102.0,119.0,125.0,125.0,119.0,1.0,0.0,0.0,0.0,True
22300276,193,193,97.0,96.0,119.0,106.0,106.0,119.0,1.0,0.0,0.0,1.0,True
22300277,188,188,94.0,94.0,108.0,94.0,94.0000308940307,108.0000437381577,1.0,-3.0894030700778785e-05,-4.3738157700090596e-05,0.0,True
22300278,199,199,99.0,100.0,106.0,121.0,121.0,106.0,1.0,0.0,0.0,1.0,True
22300279,193,193,96.0,97.0,119.0,111.0,111.0,119.0,1.0,0.0,0.0,1.0,True
22300280,200,200,100.0,100.0,112.0,113.0,112.99997362495455,112.00011631379677,1.0,2.637504545077718e-05,-0.00011631379676657616,0.0,True
22300281,190,190,95.0,95.0,123.0,117.0,117.0000481566207,123.00000300044188,1.0,-4.815662069290738e-05,-3.0004418789530973e-06,0.0,True
22300282,199,199,99.0,100.0,101.0,129.0,129.00006012414454,101.00002421327444,1.0,-6.0124144539486224e-05,-2.4213274443241062e-05,1.0,True
22300283,198,198,99.0,99.0,110.0,101.0,101.00007570292262,110.00000569955155,1.0,-7.570292261505074e-05,-5.6995515507196615e-06,0.0,True
22300284,195,195,98.0,97.0,144.0,129.0,129.00007198350252,143.99999053828157,1.0,-7.198350252224373e-05,9.461718434522481e-06,1.0,True
22300285,191,191,95.0,96.0,118.0,124.0,124.00007979600454,117.99999287845917,1.0,-7.979600454177671e-05,7.121540832599749e-06,1.0,True
22300286,206,206,104.0,102.0,121.0,132.0,132.0,121.0,1.0,0.0,0.0,2.0,True
22300287,206,206,103.0,103.0,126.0,120.0,120.00002143782072,126.00002738908947,1.0,-2.1437820720393574e-05,-2.7389089467533267e-05,0.0,True
22300288,205,205,103.0,102.0,109.0,116.0,116.00001564153327,109.00004891046312,1.0,-1.5641533266830265e-05,-4.891046312138769e-05,1.0,True
22300289,210,210,105.0,105.0,113.0,118.0,118.00002411017692,113.0000150844029,1.0,-2.411017692338646e-05,-1.5084402903653427e-05,0.0,True
22300290,214,214,107.0,107.0,117.0,123.0,123.0,117.0,1.0,0.0,0.0,0.0,True
22300291,202,202,100.0,102.0,97.0,107.0,106.99988604069901,97.00023319497085,1.0,0.00011395930098956342,-0.00023319497084628438,2.0,True
22300292,188,188,93.0,95.0,116.0,114.0,114.00005262947039,115.99999583554501,1.0,-5.262947038886523e-05,4.164454992405808e-06,2.0,True
22300293,209,209,105.0,104.0,131.0,123.0,123.00007965235797,130.99996001826557,1.0,-7.965235796802972e-05,3.9981734431648874e-05,1.0,True
22300294,183,183,92.0,91.0,94.0,104.0,104.00008185227789,94.00006221758022,1.0,-8.18522778871511e-05,-6.221758022206814e-05,1.0,True
22300295,217,217,108.0,109.0,101.0,146.0,146.0,101.0,1.0,0.0,0.0,1.0,True
22300296,197,197,99.0,98.0,129.0,122.0,122.00012713370451,128.99998312606078,1.0,-0.00012713370450967432,1.6873939216566214e-05,1.0,True
22300297,199,199,99.0,100.0,130.0,136.0,136.0,130.0,1.0,0.0,0.0,1.0,True
22300298,203,203,102.0,101.0,82.0,93.0,92.99998679547899,82.00011303745389,1.0,1.3204521010834469e-05,-0.00011303745388602238,1.0,True
22300299,198,198,99.0,99.0,120.0,113.0,113.0,120.0,1.0,0.0,0.0,0.0,True
22300300,215,215,108.0,107.0,129.0,133.0,133.00001219489934,129.0000183380833,1.0,-1.2194899341011478e-05,-1.8338083293656382e-05,1.0,True
22300301,201,201,101.0,100.0,107.0,121.0,121.0,107.0,1.0,0.0,0.0,1.0,True
22300302,210,210,105.0,105.0,120.0,134.0,133.99998913091966,120.00003536958408,1.0,1.0869080341535664e-05,-3.5369584082900474e-05,0.0,True
22300303,198,198,99.0,99.0,118.0,131.0,131.24532673999818,117.75493127431821,1.0,-0.2453267399981769,0.24506872568179006,0.0,True
22300304,192,192,96.0,96.0,127.0,132.0,132.00005809539152,127.0000247731952,1.0,-5.8095391523238504e-05,-2.477319519300636e-05,0.0,True
22300305,193,193,96.0,97.0,113.0,120.0,120.0,113.0,1.0,0.0,0.0,1.0,True
22300306,191,191,96.0,95.0,125.0,127.0,127.0,125.0,1.0,0.0,0.0,1.0,True
22300307,185,185,92.0,93.0,114.0,106.0,106.0,114.0,1.0,0.0,0.0,1.0,True
22300308,204,204,102.0,102.0,116.0,119.0,119.0,116.0,1.0,0.0,0.0,0.0,True
22300309,203,203,102.0,101.0,99.0,119.0,119.0,99.0,1.0,0.0,0.0,1.0,True
22300310,205,205,102.0,103.0,129.0,111.0,111.0,129.0,1.0,0.0,0.0,1.0,True
22300311,210,210,106.0,104.0,142.0,122.0,122.0,142.0,1.0,0.0,0.0,2.0,True
22300312,196,196,98.0,98.0,104.0,115.0,115.0,104.0,1.0,0.0,0.0,0.0,True
22300313,201,201,101.0,100.0,128.0,135.0,135.0,128.0,1.0,0.0,0.0,1.0,True
22300314,204,204,102.0,102.0,103.0,117.0,116.99997000597511,104.00008291223295,1.0,2.9994024885127146e-05,-1.0000829122329549,0.0,False
22300315,218,218,110.0,108.0,126.0,140.0,140.0000161988337,126.00004612688653,1.0,-1.619883369130548e-05,-4.6126886530828415e-05,2.0,True
22300316,218,218,109.0,109.0,122.0,119.0,118.99999482061645,122.00010863901198,1.0,5.1793835496027896e-06,-0.0001086390119837688,0.0,True
22300317,186,186,93.0,93.0,116.0,112.0,111.99999909937169,116.0000386350706,1.0,9.006283079315835e-07,-3.8635070595205434e-05,0.0,True
22300318,205,205,102.0,103.0,113.0,117.0,117.00005187686448,113.00002448938572,1.0,-5.18768644752754e-05,-2.448938572285897e-05,1.0,True
22300319,190,190,95.0,95.0,107.0,116.0,116.0,107.0,1.0,0.0,0.0,0.0,True
22300320,197,197,98.0,99.0,124.0,116.0,116.0,124.0,1.0,0.0,0.0,1.0,True
22300321,200,200,100.0,100.0,119.0,101.0,101.00004531268601,119.0000150090112,1.0,-4.531268601226657e-05,-1.5009011193001243e-05,0.0,True
22300322,204,204,101.0,103.0,101.0,124.0,124.0,101.0,1.0,0.0,0.0,2.0,True
22300323,189,189,94.0,95.0,122.0,114.0,114.0,122.0,1.0,0.0,0.0,1.0,True
22300324,216,216,108.0,108.0,123.0,128.0,128.00006095895606,123.00003862345282,1.0,-6.095895605540136e-05,-3.8623452823571824e-05,0.0,True
22300325,191,191,96.0,95.0,113.0,121.0,121.0,113.0,1.0,0.0,0.0,1.0,True
22300326,198,198,100.0,98.0,112.0,107.0,107.0,112.0,1.0,0.0,0.0,2.0,True
22300327,206,206,103.0,103.0,92.0,124.0,124.0,92.0,1.0,0.0,0.0,0.0,True
22300328,222,222,111.0,111.0,123.0,137.0,137.00001399714384,123.00004168030948,1.0,-1.3997143838651027e-05,-4.1680309479374955e-05,0.0,True
22300329,196,196,98.0,98.0,111.0,128.0,128.00000417069197,111.00000408331407,1.0,-4.170691966010054e-06,-4.083314067315769e-06,0.0,True
22300330,199,199,100.0,99.0,125.0,104.0,104.0,125.0,1.0,0.0,0.0,1.0,True
22300331,198,198,99.0,99.0,115.0,129.0,129.0,115.0,1.0,0.0,0.0,0.0,True
22300332,193,193,97.0,96.0,103.0,96.0,95.99996313733016,103.0000683714099,1.0,3.6862669844595075e-05,-6.837140989546242e-05,1.0,True
22300333,193,193,96.0,97.0,139.0,122.0,121.99998220629118,139.00003677620623,1.0,1.7793708821045584e-05,-3.67762062296606e-05,1.0,True
22300334,207,207,103.0,104.0,114.0,146.0,146.0,114.0,1.0,0.0,0.0,1.0,True
22300335,198,198,98.0,100.0,135.0,82.0,82.0,135.0,1.0,0.0,0.0,2.0,True
22300336,193,193,97.0,96.0,119.0,127.0,127.0,119.0,1.0,0.0,0.0,1.0,True
22300337,182,182,91.0,91.0,116.0,118.0,118.0,116.0,1.0,0.0,0.0,0.0,True
22300338,196,196,98.0,98.0,109.0,127.0,127.00001202240486,109.0000783636451,1.0,-1.2022404860090319e-05,-7.836364510183103e-05,0.0,True
22300339,198,198,99.0,99.0,120.0,124.0,124.0000201276554,120.00003217588423,1.0,-2.0127655403712197e-05,-3.217588422899098e-05,0.0,True
22300340,195,195,98.0,97.0,118.0,117.0,117.00006697864256,118.00005961784734,1.0,-6.697864256466346e-05,-5.9617847341542074e-05,1.0,True
22300341,206,206,104.0,102.0,131.0,120.0,120.00006859933863,130.99996606980125,1.0,-6.859933863267997e-05,3.393019875375103e-05,2.0,True
22300342,194,194,96.0,98.0,104.0,125.0,125.0,104.0,1.0,0.0,0.0,2.0,True
22300343,202,202,101.0,101.0,122.0,144.0,144.0,122.0,1.0,0.0,0.0,0.0,True
22300344,197,197,98.0,99.0,97.0,114.0,114.00002085310007,97.00003292836374,1.0,-2.08531000680523e-05,-3.292836373702812e-05,1.0,True
22300345,215,215,107.0,108.0,146.0,110.0,110.0,146.0,1.0,0.0,0.0,1.0,True
22300346,194,194,97.0,97.0,119.0,125.0,127.99999574575389,119.00007484539998,1.0,-2.9999957457538926,-7.484539997903994e-05,0.0,False
22300347,206,206,103.0,103.0,108.0,112.0,112.0,108.0,1.0,0.0,0.0,0.0,True
22300348,192,192,97.0,95.0,118.0,114.0,114.00005589412831,118.00007291950001,1.0,-5.589412830886431e-05,-7.291950001331315e-05,2.0,True
22300349,205,205,102.0,103.0,130.0,135.0,135.0000257662041,130.00001838296703,1.0,-2.5766204089450184e-05,-1.8382967027719133e-05,1.0,True
22300350,205,205,102.0,103.0,151.0,127.0,127.00003247105207,151.00000396922917,1.0,-3.247105206583001e-05,-3.969229169342725e-06,1.0,True
22300351,190,190,95.0,95.0,108.0,104.0,104.0,108.0,1.0,0.0,0.0,0.0,True
22300352,204,204,103.0,101.0,124.0,130.0,130.0,124.0,1.0,0.0,0.0,2.0,True
22300353,194,194,97.0,97.0,112.0,108.0,108.0000258121874,112.00007887649599,1.0,-2.581218740260738e-05,-7.887649599069846e-05,0.0,True
22300354,192,192,96.0,96.0,99.0,114.0,114.0,99.0,1.0,0.0,0.0,0.0,True
22300355,211,211,106.0,105.0,97.0,116.0,116.00006776365636,96.99999804499015,1.0,-6.776365636085302e-05,1.9550098500076274e-06,1.0,True
22300356,192,192,96.0,96.0,104.0,130.0,130.0,104.0,1.0,0.0,0.0,0.0,True
22300357,197,197,98.0,99.0,108.0,125.0,125.0,108.0,1.0,0.0,0.0,1.0,True
22300358,211,211,105.0,106.0,131.0,143.0,143.00005863894265,131.00006382051666,1.0,-5.863894264734881e-05,-6.38205166580974e-05,1.0,True
22300359,204,204,102.0,102.0,114.0,109.0,109.0,114.0,1.0,0.0,0.0,0.0,True
22300360,192,192,97.0,95.0,115.0,113.0,113.00000967168529,115.0000627213549,1.0,-9.671685290868481e-06,-6.272135489382435e-05,2.0,True
22300361,219,219,110.0,109.0,119.0,132.0,132.0,119.0,1.0,0.0,0.0,1.0,True
22300362,214,214,107.0,107.0,126.0,132.0,132.0,126.0,1.0,0.0,0.0,0.0,True
22300363,202,202,101.0,101.0,104.0,109.0,109.0,104.0,1.0,0.0,0.0,0.0,True
22300364,195,195,97.0,98.0,116.0,124.0,124.0,116.0,1.0,0.0,0.0,1.0,True
22300365,193,193,97.0,96.0,113.0,144.0,144.00000738647398,113.00002271541503,1.0,-7.386473981796371e-06,-2.271541502807395e-05,1.0,True
22300366,189,189,94.0,95.0,115.0,106.0,106.0,115.0,1.0,0.0,0.0,1.0,True
22300367,200,200,100.0,100.0,113.0,127.0,126.99999008079843,113.00009936379813,1.0,9.919201573893588e-06,-9.936379812813811e-05,0.0,True
22300368,198,198,98.0,100.0,121.0,102.0,102.00006692093478,121.00007438305995,1.0,-6.692093478477545e-05,-7.438305995322025e-05,2.0,True
22300369,188,188,94.0,94.0,113.0,104.0,104.0,113.0,1.0,0.0,0.0,0.0,True
22300370,204,204,102.0,102.0,108.0,124.0,124.0,108.0,1.0,0.0,0.0,0.0,True
22300371,196,196,98.0,98.0,134.0,127.0,127.0,134.0,1.0,0.0,0.0,0.0,True
22300372,185,185,92.0,93.0,120.0,111.0,111.00004563780625,120.00003405896865,1.0,-4.563780625232994e-05,-3.405896865160685e-05,1.0,True
22300373,189,189,94.0,95.0,144.0,119.0,119.0,144.0,1.0,0.0,0.0,1.0,True
22300374,202,202,101.0,101.0,119.0,111.0,111.0,119.0,1.0,0.0,0.0,0.0,True
22300375,185,185,93.0,92.0,123.0,104.0,104.00006625047465,123.00002822576096,1.0,-6.625047464581257e-05,-2.8225760956956947e-05,1.0,True
22300376,195,195,97.0,98.0,95.0,114.0,114.0,95.0,1.0,0.0,0.0,1.0,True
22300377,195,195,97.0,98.0,103.0,116.0,116.00005208175628,103.00000660264739,1.0,-5.208175628013123e-05,-6.6026473888314285e-06,1.0,True
22300378,205,205,102.0,103.0,114.0,118.0,118.00002317612632,114.00001838539475,1.0,-2.3176126319413015e-05,-1.838539475329526e-05,1.0,True
22300379,197,197,98.0,99.0,115.0,134.0,134.00008322476677,114.99996113021545,1.0,-8.322476676880797e-05,3.886978454659129e-05,1.0,True
22300380,201,201,101.0,100.0,111.0,118.0,118.0,111.0,1.0,0.0,0.0,1.0,True
22300381,198,198,99.0,99.0,118.0,117.0,117.00003014997749,118.00003911898426,1.0,-3.0149977490623314e-05,-3.9118984261676815e-05,0.0,True
22300382,200,200,100.0,100.0,111.0,121.0,121.13209325843938,110.86799129365579,1.0,-0.13209325843938302,0.1320087063442088,0.0,True
22300383,187,187,94.0,93.0,122.0,117.0,117.00005330162405,122.00008802679294,1.0,-5.3301624049595375e-05,-8.802679293751225e-05,1.0,True
22300384,199,199,100.0,99.0,113.0,122.0,122.0,113.0,1.0,0.0,0.0,1.0,True
22300385,215,215,107.0,108.0,96.0,122.0,121.99991903539734,96.00014218210406,1.0,8.096460265960559e-05,-0.00014218210405658738,1.0,True
22300386,204,204,102.0,102.0,118.0,129.0,129.0,118.0,1.0,0.0,0.0,0.0,True
22300387,194,194,96.0,98.0,105.0,120.0,120.0,105.0,1.0,0.0,0.0,2.0,True
22300388,206,206,103.0,103.0,130.0,111.0,111.0,130.0,1.0,0.0,0.0,0.0,True
22300389,193,193,97.0,96.0,145.0,108.0,108.0,145.0,1.0,0.0,0.0,1.0,True
22300390,195,195,98.0,97.0,102.0,95.0,95.0,102.0,1.0,0.0,0.0,1.0,True
22300391,190,190,94.0,96.0,117.0,110.0,110.00008254680873,116.99999176143979,1.0,-8.254680872710196e-05,8.238560212703305e-06,2.0,True
22300392,187,187,93.0,94.0,106.0,104.0,104.00010127228033,105.99998320334211,1.0,-0.00010127228033240954,1.679665788856255e-05,1.0,True
22300393,200,200,100.0,100.0,125.0,119.0,119.0,125.0,1.0,0.0,0.0,0.0,True
22300394,197,197,98.0,99.0,115.0,126.0,126.00001358793419,115.00004653462504,1.0,-1.3587934191150453e-05,-4.653462504222716e-05,1.0,True
22300395,196,196,98.0,98.0,126.0,119.0,119.0,126.0,1.0,0.0,0.0,0.0,True
22300396,184,184,92.0,92.0,109.0,95.0,95.00001292334056,109.0000231437357,1.0,-1.2923340563020247e-05,-2.3143735703001767e-05,0.0,True
22300397,195,195,97.0,98.0,129.0,120.0,119.99977547676224,129.00044464976503,1.0,0.00022452323776178673,-0.0004446497650292258,1.0,True
22300398,218,218,109.0,109.0,119.0,144.0,144.00016139284654,118.99992989491733,1.0,-0.0001613928465360459,7.010508267057958e-05,0.0,True
22300399,196,196,98.0,98.0,106.0,126.0,126.0,106.0,1.0,0.0,0.0,0.0,True
22300400,193,193,97.0,96.0,110.0,98.0,98.00101006398032,109.99899434622164,1.0,-0.0010100639803169997,0.0010056537783640351,1.0,True
22300401,200,200,100.0,100.0,122.0,129.0,129.0,122.0,1.0,0.0,0.0,0.0,True
22300402,200,200,100.0,100.0,114.0,120.0,120.0,114.0,1.0,0.0,0.0,0.0,True
22300403,196,196,98.0,98.0,126.0,115.0,115.0,126.0,1.0,0.0,0.0,0.0,True
22300404,200,200,100.0,100.0,113.0,119.0,119.0,113.0,1.0,0.0,0.0,0.0,True
22300405,203,203,101.0,102.0,128.0,114.0,113.9999850740322,128.0000638760463,1.0,1.492596780394706e-05,-6.38760463118615e-05,1.0,True
22300406,203,203,101.0,102.0,118.0,112.0,111.99999577964451,118.0000687191669,1.0,4.220355492634553e-06,-6.871916690442958e-05,1.0,True
22300407,212,212,107.0,105.0,127.0,119.0,119.00001977178171,127.00002673578645,1.0,-1.9771781708755043e-05,-2.6735786448739418e-05,2.0,True
22300408,196,196,98.0,98.0,113.0,118.0,118.0,113.0,1.0,0.0,0.0,0.0,True
22300409,201,201,101.0,100.0,123.0,117.0,117.000005342658,123.0000374359394,1.0,-5.342657999563016e-06,-3.7435939404417695e-05,1.0,True
22300410,223,223,111.0,112.0,116.0,115.0,114.99999223537527,116.00010292729046,1.0,7.764624726291913e-06,-0.000102927290456023,1.0,True
22300411,198,198,100.0,98.0,106.0,129.0,128.99998611694957,106.00003449136082,1.0,1.388305042837601e-05,-3.44913608216757e-05,2.0,True
22300412,207,207,104.0,103.0,130.0,118.0,118.0,130.0,1.0,0.0,0.0,1.0,True
22300413,191,191,95.0,96.0,113.0,130.0,130.0,113.0,1.0,0.0,0.0,1.0,True
22300414,196,196,98.0,98.0,104.0,113.0,113.0,104.0,1.0,0.0,0.0,0.0,True
22300415,191,191,95.0,96.0,112.0,92.0,92.0,112.0,1.0,0.0,0.0,1.0,True
22300416,205,205,103.0,102.0,132.0,102.0,102.0,132.0,1.0,0.0,0.0,1.0,True
22300417,201,201,101.0,100.0,144.0,122.0,122.00008258003986,143.99992178149495,1.0,-8.25800398587262e-05,7.82185050525186e-05,1.0,True
22300418,201,201,101.0,100.0,129.0,113.0,112.9999633240932,129.00008824398117,1.0,3.6675906798677715e-05,-8.824398116757948e-05,1.0,True
22300419,199,199,100.0,99.0,120.0,129.0,128.99998567117515,120.00010437626548,1.0,1.4328824846643329e-05,-0.00010437626548309709,1.0,True
22300420,199,199,100.0,99.0,113.0,110.0,110.00002664296653,113.00010627003851,1.0,-2.6642966531653656e-05,-0.00010627003851482186,1.0,True
22300421,215,215,108.0,107.0,122.0,128.0,128.0,122.0,1.0,0.0,0.0,1.0,True
22300422,199,199,99.0,100.0,120.0,104.0,104.00002171188044,120.000079408607,1.0,-2.1711880435759667e-05,-7.940860699306995e-05,1.0,True
22300423,202,202,101.0,101.0,110.0,118.0,118.0,110.0,1.0,0.0,0.0,0.0,True
22300424,190,190,96.0,94.0,105.0,112.0,112.0,105.0,1.0,0.0,0.0,2.0,True
22300425,199,199,99.0,100.0,105.0,142.0,142.0,105.0,1.0,0.0,0.0,1.0,True
22300426,193,193,97.0,96.0,114.0,102.0,101.99997281806752,114.00003319641414,1.0,2.718193248085754e-05,-3.3196414136682506e-05,1.0,True
22300427,201,201,100.0,101.0,118.0,105.0,105.0,118.0,1.0,0.0,0.0,1.0,True
22300428,210,210,105.0,105.0,112.0,133.0,133.0,112.0,1.0,0.0,0.0,0.0,True
22300429,206,206,103.0,103.0,108.0,117.0,117.0,108.0,1.0,0.0,0.0,0.0,True
22300430,186,186,92.0,94.0,104.0,110.0,110.00002315114513,104.00003745494952,1.0,-2.3151145128963435e-05,-3.7454949520565606e-05,2.0,True
22300431,199,199,99.0,100.0,117.0,110.0,110.0,117.0,1.0,0.0,0.0,1.0,True
22300432,196,196,98.0,98.0,118.0,120.0,120.00011207299384,118.00001025748762,1.0,-0.00011207299384352609,-1.0257487616627259e-05,0.0,True
22300433,204,204,102.0,102.0,119.0,111.0,111.0,119.0,1.0,0.0,0.0,0.0,True
22300434,193,193,97.0,96.0,131.0,127.0,127.00002110941747,131.00002018950974,1.0,-2.1109417474463044e-05,-2.018950974047584e-05,1.0,True
22300435,200,200,100.0,100.0,119.0,93.0,93.0,119.0,1.0,0.0,0.0,0.0,True
22300436,185,185,92.0,93.0,119.0,133.0,133.0,119.0,1.0,0.0,0.0,1.0,True
22300437,206,206,103.0,103.0,128.0,134.0,134.0,128.0,1.0,0.0,0.0,0.0,True
22300438,200,200,99.0,101.0,106.0,117.0,116.99996812890285,106.00005413346004,1.0,3.187109714986036e-05,-5.413346003990682e-05,2.0,True
22300439,207,207,103.0,104.0,109.0,117.0,116.9999895392412,109.00007302750163,1.0,1.0460758801400516e-05,-7.30275016280757e-05,1.0,True
22300440,205,205,103.0,102.0,127.0,129.0,129.0,127.0,1.0,0.0,0.0,1.0,True
22300441,202,202,101.0,101.0,126.0,140.0,140.000044618046,126.00006487324016,1.0,-4.461804599031893e-05,-6.48732401629104e-05,0.0,True
22300442,183,183,92.0,91.0,92.0,105.0,105.0,92.0,1.0,0.0,0.0,1.0,True
22300443,194,194,97.0,97.0,106.0,108.0,108.0,106.0,1.0,0.0,0.0,0.0,True
22300444,199,199,99.0,100.0,132.0,122.0,122.0,132.0,1.0,0.0,0.0,1.0,True
22300445,215,215,107.0,108.0,130.0,126.0,126.0,130.0,1.0,0.0,0.0,1.0,True
22300446,200,200,100.0,100.0,109.0,129.0,129.0,109.0,1.0,0.0,0.0,0.0,True
22300447,202,202,101.0,101.0,108.0,124.0,123.99999027935588,108.00004705768643,1.0,9.720644115418509e-06,-4.705768643020747e-05,0.0,True
22300448,208,208,105.0,103.0,134.0,101.0,101.0,134.0,1.0,0.0,0.0,2.0,True
22300449,199,199,100.0,99.0,123.0,92.0,92.0,123.0,1.0,0.0,0.0,1.0,True
22300450,192,192,96.0,96.0,107.0,112.0,112.00008525426598,107.00000435246366,1.0,-8.525426598282593e-05,-4.35246366237152e-06,0.0,True
22300451,191,191,96.0,95.0,106.0,112.0,112.00008099148992,105.99997624684659,1.0,-8.099148992357641e-05,2.3753153413963446e-05,1.0,True
22300452,201,201,101.0,100.0,121.0,124.0,124.00002987633064,121.00003150672292,1.0,-2.9876330643219262e-05,-3.1506722919516505e-05,1.0,True
22300453,208,208,104.0,104.0,113.0,136.0,136.0000518142703,112.99995472055245,1.0,-5.1814270307204424e-05,4.52794475478413e-05,0.0,True
22300454,207,207,104.0,103.0,122.0,113.0,113.00006225921763,121.99999737235298,1.0,-6.225921762847975e-05,2.6276470208586034e-06,1.0,True
22300455,189,189,95.0,94.0,93.0,111.0,111.0,93.0,1.0,0.0,0.0,1.0,True
22300456,199,199,99.0,100.0,88.0,109.0,109.0,88.0,1.0,0.0,0.0,1.0,True
22300457,206,206,103.0,103.0,90.0,127.0,127.0,90.0,1.0,0.0,0.0,0.0,True
22300458,191,191,96.0,95.0,104.0,121.0,121.0,104.0,1.0,0.0,0.0,1.0,True
22300459,204,204,102.0,102.0,97.0,110.0,110.0,97.0,1.0,0.0,0.0,0.0,True
22300460,195,195,98.0,97.0,98.0,106.0,106.00007354550118,98.00002100741375,1.0,-7.354550118066072e-05,-2.1007413749885018e-05,1.0,True
22300461,185,185,93.0,92.0,85.0,112.0,112.00002379637147,84.99999859607061,1.0,-2.3796371465323318e-05,1.4039293887435633e-06,1.0,True
22300462,198,198,99.0,99.0,123.0,127.0,127.00002459927107,123.00007676034535,1.0,-2.459927107167914e-05,-7.676034535109011e-05,0.0,True
22300463,194,194,98.0,96.0,115.0,121.0,121.00002840966698,115.00004955853818,1.0,-2.840966698158809e-05,-4.955853817989464e-05,2.0,True
22300464,201,201,100.0,101.0,111.0,104.0,104.0,111.0,1.0,0.0,0.0,1.0,True
22300465,191,191,95.0,96.0,101.0,140.0,140.0,101.0,1.0,0.0,0.0,1.0,True
22300466,212,212,105.0,107.0,130.0,142.0,141.99998969773824,130.0000271823497,1.0,1.0302261756578446e-05,-2.7182349697341124e-05,2.0,True
22300467,213,213,106.0,107.0,138.0,141.0,141.00001890327155,138.00002573829303,1.0,-1.8903271552517253e-05,-2.5738293032873116e-05,1.0,True
22300468,191,191,95.0,96.0,100.0,116.0,116.0,100.0,1.0,0.0,0.0,1.0,True
22300469,199,199,100.0,99.0,101.0,112.0,112.00001306162656,101.00004266553303,1.0,-1.3061626560784134e-05,-4.266553303011733e-05,1.0,True
22300470,204,204,101.0,103.0,116.0,111.0,111.0,116.0,1.0,0.0,0.0,2.0,True
22300471,185,185,92.0,93.0,117.0,106.0,106.0,117.0,1.0,0.0,0.0,1.0,True
22300472,207,207,103.0,104.0,97.0,126.0,126.0,97.0,1.0,0.0,0.0,1.0,True
22300473,186,186,93.0,93.0,131.0,122.0,122.00005159295047,130.99996067478446,1.0,-5.159295047008072e-05,3.932521553906554e-05,0.0,True
22300474,221,221,110.0,111.0,148.0,154.0,154.0,148.0,1.0,0.0,0.0,1.0,True
22300475,204,204,102.0,102.0,110.0,96.0,96.0,110.0,1.0,0.0,0.0,0.0,True
22300476,233,233,115.0,118.0,135.0,138.0,138.00001773830627,135.00003120417807,1.0,-1.773830626916606e-05,-3.1204178071675415e-05,3.0,True
22300477,206,206,102.0,104.0,125.0,121.0,121.0,125.0,1.0,0.0,0.0,2.0,True
22300478,188,188,94.0,94.0,130.0,127.0,127.0,130.0,1.0,0.0,0.0,0.0,True
22300479,217,217,108.0,109.0,97.0,126.0,126.0,97.0,1.0,0.0,0.0,1.0,True
22300480,211,211,105.0,106.0,116.0,150.0,150.00006394166186,116.00001765690637,1.0,-6.394166186396433e-05,-1.765690636545969e-05,1.0,True
22300481,200,200,100.0,100.0,115.0,124.0,124.00011382382135,114.99997875192031,1.0,-0.00011382382135138869,2.124807969039466e-05,0.0,True
22300482,195,195,98.0,97.0,90.0,114.0,114.0,90.0,1.0,0.0,0.0,1.0,True
22300483,198,198,100.0,98.0,128.0,92.0,92.0,128.0,1.0,0.0,0.0,2.0,True
22300484,183,183,92.0,91.0,91.0,104.0,104.0,91.0,1.0,0.0,0.0,1.0,True
22300485,201,201,101.0,100.0,122.0,95.0,95.0,122.0,1.0,0.0,0.0,1.0,True
22300486,186,186,93.0,93.0,111.0,95.0,95.0,111.0,1.0,0.0,0.0,0.0,True
22300487,216,216,108.0,108.0,103.0,139.0,139.00004092614958,102.99997853016075,1.0,-4.0926149580400306e-05,2.1469839253995815e-05,0.0,True
22300488,205,205,102.0,103.0,122.0,120.0,120.00005045087416,122.00002512734235,1.0,-5.0450874155671954e-05,-2.5127342354380744e-05,1.0,True
22300489,187,187,93.0,94.0,97.0,113.0,113.00007248885763,96.99995059126138,1.0,-7.248885762578539e-05,4.940873861869477e-05,1.0,True
22300490,198,198,100.0,98.0,109.0,113.0,113.0,109.0,1.0,0.0,0.0,2.0,True
22300491,204,204,102.0,102.0,127.0,113.0,113.0,127.0,1.0,0.0,0.0,0.0,True
22300492,205,205,102.0,103.0,130.0,135.0,135.0,130.0,1.0,0.0,0.0,1.0,True
22300493,200,200,100.0,100.0,118.0,101.0,101.00000327223233,118.00000783173786,1.0,-3.272232333983993e-06,-7.831737860897192e-06,0.0,True
22300494,199,199,99.0,100.0,121.0,105.0,105.00001812676656,121.00002774259606,1.0,-1.812676656243184e-05,-2.774259606042051e-05,1.0,True
22300495,204,204,102.0,102.0,120.0,109.0,109.0,120.0,1.0,0.0,0.0,0.0,True
22300496,199,199,100.0,99.0,108.0,112.0,112.00004230802534,107.99998907363997,1.0,-4.2308025342663313e-05,1.0926360033636229e-05,1.0,True
22300497,197,197,98.0,99.0,115.0,117.0,117.0,115.0,1.0,0.0,0.0,1.0,True
22300498,211,211,104.0,107.0,134.0,127.0,126.99994946855841,134.00009923076237,1.0,5.053144158750911e-05,-9.923076237328132e-05,3.0,True
22300499,214,214,107.0,107.0,110.0,117.0,117.00007636602169,109.99994657264918,1.0,-7.636602168759055e-05,5.3427350820811625e-05,0.0,True
22300500,189,189,95.0,94.0,133.0,100.0,99.99972172140579,133.00028642318648,1.0,0.00027827859420881396,-0.00028642318648053333,1.0,True
22300501,189,189,95.0,94.0,108.0,115.0,115.0,108.0,1.0,0.0,0.0,1.0,True
22300502,194,194,97.0,97.0,114.0,131.0,131.0,114.0,1.0,0.0,0.0,0.0,True
22300503,210,210,106.0,104.0,121.0,115.0,115.00006108125079,121.00000821474565,1.0,-6.108125079151705e-05,-8.214745648160715e-06,2.0,True
22300504,195,195,98.0,97.0,133.0,118.0,118.0,133.0,1.0,0.0,0.0,1.0,True
22300505,196,196,99.0,97.0,103.0,106.0,106.0,103.0,1.0,0.0,0.0,2.0,True
22300506,205,205,103.0,102.0,119.0,112.0,112.0,119.0,1.0,0.0,0.0,1.0,True
22300507,201,201,101.0,100.0,131.0,133.0,133.0001915413891,131.00002051787075,1.0,-0.00019154138911403606,-2.051787075174616e-05,1.0,True
22300508,204,204,102.0,102.0,136.0,128.0,127.99996083700874,136.0001075096661,1.0,3.916299125705791e-05,-0.00010750966609407442,0.0,True
22300509,190,190,95.0,95.0,113.0,120.0,119.99998120715941,113.00007192747287,1.0,1.8792840592141147e-05,-7.192747287376733e-05,0.0,True
22300510,196,196,98.0,98.0,132.0,116.0,116.0,132.0,1.0,0.0,0.0,0.0,True
22300511,194,194,97.0,97.0,111.0,138.0,138.0,111.0,1.0,0.0,0.0,0.0,True
22300512,204,204,103.0,101.0,131.0,110.0,110.0,131.0,1.0,0.0,0.0,2.0,True
22300513,196,196,98.0,98.0,113.0,92.0,92.00001488471972,113.00007656944891,1.0,-1.4884719718111228e-05,-7.656944890754858e-05,0.0,True
22300514,190,190,95.0,95.0,84.0,112.0,112.0,84.0,1.0,0.0,0.0,0.0,True
22300515,196,196,98.0,98.0,120.0,103.0,103.0,120.0,1.0,0.0,0.0,0.0,True
22300516,209,209,105.0,104.0,131.0,132.0,132.0,131.0,1.0,0.0,0.0,1.0,True
22300517,206,206,103.0,103.0,120.0,127.0,127.0,120.0,1.0,0.0,0.0,0.0,True
22300518,189,189,95.0,94.0,123.0,98.0,98.00003190189616,123.0000328058763,1.0,-3.190189616475436e-05,-3.280587630172249e-05,1.0,True
22300519,194,194,97.0,97.0,130.0,108.0,108.0,130.0,1.0,0.0,0.0,0.0,True
22300520,201,201,101.0,100.0,104.0,112.0,112.00005454881331,104.00005497272262,1.0,-5.454881330990702e-05,-5.4972722622892434e-05,1.0,True
22300521,223,223,111.0,112.0,132.0,139.0,139.0,132.0,1.0,0.0,0.0,1.0,True
22300522,199,199,100.0,99.0,128.0,120.0,120.00003112308022,128.00004344973647,1.0,-3.112308021968602e-05,-4.344973646652761e-05,1.0,True
22300523,221,221,111.0,110.0,119.0,124.0,124.00001575756454,119.00004436606304,1.0,-1.5757564540308522e-05,-4.436606303670487e-05,1.0,True
22300524,200,200,100.0,100.0,111.0,124.0,124.0,111.0,1.0,0.0,0.0,0.0,True
22300525,196,196,98.0,98.0,141.0,105.0,105.0,141.0,1.0,0.0,0.0,0.0,True
22300526,191,191,95.0,96.0,120.0,126.0,126.0,120.0,1.0,0.0,0.0,1.0,True
22300527,200,200,100.0,100.0,102.0,111.0,111.00005621442209,102.00007222567997,1.0,-5.621442208791905e-05,-7.222567997189344e-05,0.0,True
22300528,196,196,98.0,98.0,102.0,135.0,135.0,102.0,1.0,0.0,0.0,0.0,True
22300529,202,202,101.0,101.0,77.0,139.0,139.00005492509842,76.99999303317028,1.0,-5.492509842497384e-05,6.96682971579321e-06,0.0,True
22300530,198,198,99.0,99.0,124.0,128.0,128.0,124.0,1.0,0.0,0.0,0.0,True
22300531,202,202,101.0,101.0,127.0,109.0,109.0,127.0,1.0,0.0,0.0,0.0,True
22300532,189,189,95.0,94.0,93.0,112.0,111.99998478929113,93.00007866311061,1.0,1.5210708866675304e-05,-7.866311061377473e-05,1.0,True
22300533,197,197,99.0,98.0,126.0,108.0,107.99998548988768,126.0000311033442,1.0,1.4510112322341229e-05,-3.11033441988684e-05,1.0,True
22300534,197,197,99.0,98.0,112.0,110.0,110.00001641748302,112.00007267219198,1.0,-1.64174830246111e-05,-7.267219197615304e-05,1.0,True
22300535,182,182,92.0,90.0,96.0,99.0,99.00002667737125,96.0000208015907,1.0,-2.667737125250369e-05,-2.0801590693508842e-05,2.0,True
22300536,193,193,97.0,96.0,140.0,131.0,131.0,140.0,1.0,0.0,0.0,1.0,True
22300537,191,191,95.0,96.0,128.0,119.0,118.99992265034615,128.00007734965388,1.0,7.73496538499785e-05,-7.73496538784002e-05,1.0,True
22300538,197,197,99.0,98.0,93.0,116.0,116.00017061939172,93.00008063159746,1.0,-0.00017061939172435814,-8.063159745574922e-05,1.0,True
22300539,199,199,100.0,99.0,113.0,125.0,125.0,113.0,1.0,0.0,0.0,1.0,True
22300540,202,202,101.0,101.0,113.0,145.0,145.0,113.0,1.0,0.0,0.0,0.0,True
22300541,208,208,104.0,104.0,99.0,135.0,135.0,99.0,1.0,0.0,0.0,0.0,True
22300542,213,213,106.0,107.0,113.0,145.0,145.00006091303504,112.99999780579067,1.0,-6.0913035042631236e-05,2.194209329786645e-06,1.0,True
22300543,206,206,103.0,103.0,127.0,99.0,99.0,127.0,1.0,0.0,0.0,0.0,True
22300544,195,195,98.0,97.0,106.0,94.0,94.00003373516991,106.00002541558507,1.0,-3.373516990734515e-05,-2.5415585071186797e-05,1.0,True
22300545,197,197,99.0,98.0,118.0,129.0,129.0,118.0,1.0,0.0,0.0,1.0,True
22300546,194,194,97.0,97.0,100.0,112.0,112.00000751288755,100.0000965951615,1.0,-7.512887549410152e-06,-9.659516149440606e-05,0.0,True
22300547,182,182,91.0,91.0,118.0,108.0,108.0,118.0,1.0,0.0,0.0,0.0,True
22300548,198,198,100.0,98.0,122.0,116.0,116.0,122.0,1.0,0.0,0.0,2.0,True
22300549,210,210,105.0,105.0,125.0,132.0,132.0,125.0,1.0,0.0,0.0,0.0,True
22300550,198,198,99.0,99.0,109.0,117.0,117.00003172524202,109.00000787297408,1.0,-3.1725242024549516e-05,-7.872974080669337e-06,0.0,True
22300551,192,192,95.0,97.0,87.0,104.0,104.0,87.0,1.0,0.0,0.0,2.0,True
22300552,225,225,112.0,113.0,142.0,143.0,142.999997620702,142.00001793941982,1.0,2.3792979959580407e-06,-1.7939419819867908e-05,1.0,True
22300553,186,186,93.0,93.0,105.0,109.0,109.00004179939616,105.00001284102855,1.0,-4.1799396157671254e-05,-1.2841028549814837e-05,0.0,True
22300554,190,190,95.0,95.0,127.0,116.0,116.0,127.0,1.0,0.0,0.0,0.0,True
22300555,191,191,95.0,96.0,115.0,124.0,124.00000558740923,115.00019874637343,1.0,-5.587409233953622e-06,-0.00019874637342809365,1.0,True
22300556,197,197,99.0,98.0,120.0,125.0,125.0,120.0,1.0,0.0,0.0,1.0,True
22300557,173,173,86.0,87.0,98.0,94.0,94.0,98.0,1.0,0.0,0.0,1.0,True
22300558,193,193,96.0,97.0,129.0,117.0,117.0,129.0,1.0,0.0,0.0,1.0,True
22300559,215,215,107.0,108.0,99.0,109.0,109.0,99.0,1.0,0.0,0.0,1.0,True
22300560,201,201,100.0,101.0,107.0,116.0,116.00004206981316,106.99999722480422,1.0,-4.2069813162015635e-05,2.7751957816235517e-06,1.0,True
22300561,196,196,98.0,98.0,91.0,109.0,109.0,91.0,1.0,0.0,0.0,0.0,True
22300562,204,204,102.0,102.0,96.0,95.0,95.0000352872674,96.00014338921372,1.0,-3.528726739432386e-05,-0.00014338921371859215,0.0,True
22300563,201,201,100.0,101.0,105.0,96.0,96.0,105.0,1.0,0.0,0.0,1.0,True
22300564,201,201,100.0,101.0,105.0,132.0,132.00003020433937,104.99998913595056,1.0,-3.020433936740119e-05,1.0864049443171098e-05,1.0,True
22300565,197,197,99.0,98.0,105.0,112.0,112.00014910738523,104.99995984406242,1.0,-0.0001491073852264435,4.0155937583108425e-05,1.0,True
22300566,185,185,92.0,93.0,121.0,126.0,126.0,121.0,1.0,0.0,0.0,1.0,True
22300567,206,206,103.0,103.0,117.0,119.0,119.0,117.0,1.0,0.0,0.0,0.0,True
22300568,186,186,93.0,93.0,117.0,128.0,127.99997866343803,117.00004868696999,1.0,2.1336561971452284e-05,-4.8686969989830686e-05,0.0,True
22300569,201,201,101.0,100.0,124.0,117.0,117.0,124.0,1.0,0.0,0.0,1.0,True
22300570,192,192,96.0,96.0,104.0,106.0,106.0,104.0,1.0,0.0,0.0,0.0,True
22300571,196,196,98.0,98.0,98.0,117.0,117.0,98.0,1.0,0.0,0.0,0.0,True
22300572,198,198,99.0,99.0,95.0,135.0,135.00002535386002,95.00003232441712,1.0,-2.535386002477935e-05,-3.2324417119866666e-05,0.0,True
22300573,189,189,95.0,94.0,94.0,109.0,108.99993179082601,94.00012255918466,1.0,6.820917398897564e-05,-0.00012255918466053117,1.0,True
22300574,186,186,93.0,93.0,97.0,121.0,121.0,97.0,1.0,0.0,0.0,0.0,True
22300575,190,190,95.0,95.0,112.0,132.0,132.0,112.0,1.0,0.0,0.0,0.0,True
22300576,205,205,102.0,103.0,140.0,137.0,137.0,140.0,1.0,0.0,0.0,1.0,True
22300577,200,200,100.0,100.0,110.0,127.0,127.0,110.0,1.0,0.0,0.0,0.0,True
22300578,178,178,89.0,89.0,103.0,105.0,105.00007111529546,103.00002545361083,1.0,-7.11152954551153e-05,-2.5453610831505102e-05,0.0,True
22300579,206,206,103.0,103.0,109.0,113.0,113.00006904401805,109.00002894417226,1.0,-6.904401804774807e-05,-2.894417225718371e-05,0.0,True
22300580,195,195,98.0,97.0,116.0,110.0,110.0,116.0,1.0,0.0,0.0,1.0,True
22300581,209,209,105.0,104.0,134.0,129.0,128.99999420592775,134.0000616632888,1.0,5.794072251319449e-06,-6.166328878975946e-05,1.0,True
22300582,190,190,94.0,96.0,103.0,118.0,118.0,103.0,1.0,0.0,0.0,2.0,True
22300583,200,200,100.0,100.0,126.0,121.0,120.99996926347765,126.00006451320237,1.0,3.0736522347751816e-05,-6.45132023748829e-05,0.0,True
22300584,193,193,96.0,97.0,120.0,124.0,124.0,120.0,1.0,0.0,0.0,1.0,True
22300585,185,185,92.0,93.0,124.0,109.0,109.00005956888356,123.99998624567957,1.0,-5.956888355740375e-05,1.3754320434600231e-05,1.0,True
22300586,171,171,86.0,85.0,102.0,100.0,100.0,102.0,1.0,0.0,0.0,1.0,True
22300587,191,191,96.0,95.0,109.0,108.0,108.0,109.0,1.0,0.0,0.0,1.0,True
22300588,202,202,101.0,101.0,123.0,109.0,109.0,123.0,1.0,0.0,0.0,0.0,True
22300589,201,201,100.0,101.0,100.0,104.0,104.0,100.0,1.0,0.0,0.0,1.0,True
22300590,201,201,101.0,100.0,115.0,118.0,118.0,115.0,1.0,0.0,0.0,1.0,True
22300591,200,200,100.0,100.0,130.0,112.0,112.00003697623524,130.00003292933778,1.0,-3.6976235236352295e-05,-3.292933777743201e-05,0.0,True
22300592,216,216,109.0,107.0,141.0,135.0,135.0,141.0,1.0,0.0,0.0,2.0,True
22300593,196,196,98.0,98.0,97.0,89.0,89.0,97.0,1.0,0.0,0.0,0.0,True
22300594,215,215,107.0,108.0,131.0,127.0,127.00005061044989,131.00016633314877,1.0,-5.0610449889632037e-05,-0.00016633314876912664,1.0,True
22300595,201,201,101.0,100.0,116.0,95.0,95.0,116.0,1.0,0.0,0.0,1.0,True
22300596,203,203,101.0,102.0,100.0,126.0,126.0,100.0,1.0,0.0,0.0,1.0,True
22300597,194,194,96.0,98.0,96.0,125.0,125.00001142858795,96.0000737502643,1.0,-1.142858795333268e-05,-7.375026430622711e-05,2.0,True
22300598,218,218,110.0,108.0,126.0,127.0,127.00001009825627,126.00010511350379,1.0,-1.0098256268520345e-05,-0.00010511350379260875,2.0,True
22300599,193,193,96.0,97.0,102.0,97.0,97.00017633880421,101.99999840716401,1.0,-0.00017633880420930836,1.5928359857753094e-06,1.0,True
22300600,199,199,99.0,100.0,114.0,125.0,125.00005389379274,114.00002877515877,1.0,-5.389379273879058e-05,-2.8775158767757603e-05,1.0,True
22300601,181,181,90.0,91.0,87.0,105.0,105.0,87.0,1.0,0.0,0.0,1.0,True
22300602,195,195,98.0,97.0,113.0,104.0,104.0,113.0,1.0,0.0,0.0,1.0,True
22300603,209,209,104.0,105.0,116.0,107.0,107.00006123698954,116.0000552009127,1.0,-6.123698953786061e-05,-5.52009126977282e-05,1.0,True
22300604,197,197,98.0,99.0,110.0,117.0,117.0,110.0,1.0,0.0,0.0,1.0,True
22300605,201,201,100.0,101.0,110.0,134.0,134.0,110.0,1.0,0.0,0.0,1.0,True
22300606,207,207,104.0,103.0,122.0,113.0,113.0,122.0,1.0,0.0,0.0,1.0,True
22300607,184,184,91.0,93.0,126.0,99.0,99.0,126.0,1.0,0.0,0.0,2.0,True
22300608,196,196,99.0,97.0,123.0,133.0,133.0,123.0,1.0,0.0,0.0,2.0,True
22300609,189,189,94.0,95.0,108.0,100.0,99.99998358653845,108.00001641346155,1.0,1.6413461551678665e-05,-1.6413461551678665e-05,1.0,True
22300610,198,198,98.0,100.0,128.0,125.0,125.0,128.0,1.0,0.0,0.0,2.0,True
22300611,199,199,100.0,99.0,119.0,110.0,110.0,119.0,1.0,0.0,0.0,1.0,True
22300612,190,190,95.0,95.0,113.0,115.0,115.0,113.0,1.0,0.0,0.0,0.0,True
22300613,203,203,101.0,102.0,107.0,122.0,122.0,107.0,1.0,0.0,0.0,1.0,True
22300614,188,188,94.0,94.0,114.0,109.0,109.00005456803223,114.00001752109284,1.0,-5.456803222614326e-05,-1.7521092843253427e-05,0.0,True
22300615,185,185,93.0,92.0,108.0,103.0,103.000014827269,108.00001166969209,1.0,-1.4827268998374166e-05,-1.1669692085547467e-05,1.0,True
22300616,210,210,105.0,105.0,124.0,153.0,153.0,124.0,1.0,0.0,0.0,0.0,True
22300617,201,201,101.0,100.0,109.0,110.0,111.0000480297925,108.99999431715246,1.0,-1.0000480297924952,5.682847543653224e-06,1.0,False
22300618,199,199,100.0,99.0,116.0,127.0,127.0,116.0,1.0,0.0,0.0,1.0,True
22300619,195,195,97.0,98.0,106.0,113.0,113.0,106.0,1.0,0.0,0.0,1.0,True
22300620,207,207,103.0,104.0,118.0,107.0,106.99999382409854,118.00005049999547,1.0,6.175901461347166e-06,-5.0499995467134795e-05,1.0,True
22300621,199,199,99.0,100.0,105.0,96.0,96.0,105.0,1.0,0.0,0.0,1.0,True
22300622,204,204,102.0,102.0,140.0,114.0,113.9999383559816,140.0000618613813,1.0,6.164401840180744e-05,-6.186138131170082e-05,0.0,True
22300623,208,208,105.0,103.0,137.0,131.0,130.9999932877667,137.00006080830943,1.0,6.712233300731896e-06,-6.080830942778448e-05,2.0,True
22300624,206,206,102.0,104.0,116.0,126.0,126.0,116.0,1.0,0.0,0.0,2.0,True
22300625,195,195,98.0,97.0,132.0,109.0,109.0,132.0,1.0,0.0,0.0,1.0,True
22300626,199,199,99.0,100.0,112.0,134.0,134.0,112.0,1.0,0.0,0.0,1.0,True
22300628,204,204,103.0,101.0,123.0,108.0,108.0,123.0,1.0,0.0,0.0,2.0,True
22300629,184,184,92.0,92.0,96.0,94.0,94.0000769919928,96.00001295471517,1.0,-7.699199279898039e-05,-1.2954715174373632e-05,0.0,True
22300630,190,190,96.0,94.0,143.0,110.0,110.0,143.0,1.0,0.0,0.0,2.0,True
22300631,184,184,92.0,92.0,84.0,122.0,122.0,84.0,1.0,0.0,0.0,0.0,True
22300632,193,193,97.0,96.0,134.0,133.0,133.0,134.0,1.0,0.0,0.0,1.0,True
22300633,204,204,101.0,103.0,132.0,141.0,141.0,132.0,1.0,0.0,0.0,2.0,True
22300634,213,213,106.0,107.0,148.0,143.0,143.0,148.0,1.0,0.0,0.0,1.0,True
22300635,202,202,101.0,101.0,138.0,104.0,104.0,138.0,1.0,0.0,0.0,0.0,True
22300636,209,209,105.0,104.0,131.0,133.0,133.0,131.0,1.0,0.0,0.0,1.0,True
22300637,202,202,101.0,101.0,127.0,107.0,107.0,127.0,1.0,0.0,0.0,0.0,True
22300638,188,188,94.0,94.0,106.0,107.0,107.0000412096817,106.00002790024722,1.0,-4.120968169729622e-05,-2.7900247218326513e-05,0.0,True
22300639,205,205,103.0,102.0,112.0,100.0,100.0000478838924,112.0000863954964,1.0,-4.788389240673041e-05,-8.639549639610777e-05,1.0,True
22300640,195,195,98.0,97.0,107.0,83.0,83.00004790913418,107.00004426851714,1.0,-4.79091341816229e-05,-4.426851714356417e-05,1.0,True
22300641,205,205,102.0,103.0,100.0,116.0,116.0,100.0,1.0,0.0,0.0,1.0,True
22300642,202,202,100.0,102.0,118.0,104.0,104.0,118.0,1.0,0.0,0.0,2.0,True
22300643,185,185,92.0,93.0,109.0,125.0,125.00008097131209,108.99998796528928,1.0,-8.09713120872857e-05,1.2034710721309239e-05,1.0,True
22300644,187,187,93.0,94.0,105.0,111.0,111.0,105.0,1.0,0.0,0.0,1.0,True
22300645,209,209,105.0,104.0,104.0,106.0,106.00001036667672,104.0001220544818,1.0,-1.0366676718831513e-05,-0.00012205448180679923,1.0,True
22300646,195,195,98.0,97.0,115.0,96.0,96.0,115.0,1.0,0.0,0.0,1.0,True
22300647,199,199,99.0,100.0,134.0,122.0,122.0,134.0,1.0,0.0,0.0,1.0,True
22300648,212,212,106.0,106.0,117.0,141.0,141.0,117.0,1.0,0.0,0.0,0.0,True
22300649,183,183,92.0,91.0,112.0,113.0,113.0,112.0,1.0,0.0,0.0,1.0,True
22300650,251,251,126.0,125.0,145.0,144.0,144.00007967703795,145.00000609477644,1.0,-7.967703794520276e-05,-6.094776438203553e-06,1.0,True
22300651,200,200,100.0,100.0,120.0,115.0,115.0,120.0,1.0,0.0,0.0,0.0,True
22300652,191,191,96.0,95.0,110.0,116.0,116.00006486061,109.9999952636307,1.0,-6.486060999577603e-05,4.736369305646804e-06,1.0,True
22300653,204,204,102.0,102.0,125.0,126.0,126.0,125.0,1.0,0.0,0.0,0.0,True
22300654,193,193,97.0,96.0,104.0,120.0,119.99996957638184,104.00008570437669,1.0,3.0423618156305565e-05,-8.570437668709019e-05,1.0,True
22300655,193,193,97.0,96.0,98.0,113.0,113.0,98.0,1.0,0.0,0.0,1.0,True
22300656,188,188,95.0,93.0,104.0,96.0,96.0,104.0,1.0,0.0,0.0,2.0,True
22300657,180,180,90.0,90.0,113.0,92.0,92.0,113.0,1.0,0.0,0.0,0.0,True
22300658,191,191,95.0,96.0,108.0,118.0,118.00000997536482,108.0000247968051,1.0,-9.975364818615162e-06,-2.4796805107030195e-05,1.0,True
22300659,193,193,97.0,96.0,112.0,118.0,118.0,112.0,1.0,0.0,0.0,1.0,True
22300660,207,207,103.0,104.0,114.0,147.0,147.0000344757331,114.00003080096435,1.0,-3.447573308790197e-05,-3.0800964353261406e-05,1.0,True
22300661,190,190,94.0,96.0,118.0,105.0,105.00001469523092,117.99999232143249,1.0,-1.4695230916572655e-05,7.678567513380585e-06,2.0,True
22300662,216,216,108.0,108.0,119.0,135.0,134.99997248872538,119.00006973565068,1.0,2.751127462374825e-05,-6.973565068335574e-05,0.0,True
22300663,192,192,96.0,96.0,103.0,94.0,94.0,103.0,1.0,0.0,0.0,0.0,True
22300664,185,185,93.0,92.0,107.0,101.0,101.00010894826012,107.00006428232321,1.0,-0.00010894826012020076,-6.428232320843108e-05,1.0,True
22300665,199,199,100.0,99.0,118.0,113.0,113.0,118.0,1.0,0.0,0.0,1.0,True
22300666,197,197,98.0,99.0,129.0,131.0,130.9999932751795,129.00009960712202,1.0,6.724820508452467e-06,-9.960712202428113e-05,1.0,True
22300667,200,200,100.0,100.0,107.0,113.0,113.0,107.0,1.0,0.0,0.0,0.0,True
22300668,193,193,97.0,96.0,104.0,130.0,130.0,104.0,1.0,0.0,0.0,1.0,True
22300669,215,215,108.0,107.0,122.0,138.0,138.0,122.0,1.0,0.0,0.0,1.0,True
22300670,198,198,99.0,99.0,124.0,129.0,129.0,124.0,1.0,0.0,0.0,0.0,True
22300671,182,182,91.0,91.0,103.0,118.0,118.0,103.0,1.0,0.0,0.0,0.0,True
22300672,199,199,100.0,99.0,118.0,107.0,107.0,118.0,1.0,0.0,0.0,1.0,True
22300673,193,193,96.0,97.0,107.0,119.0,119.0,107.0,1.0,0.0,0.0,1.0,True
22300674,187,187,93.0,94.0,117.0,110.0,110.0,117.0,1.0,0.0,0.0,1.0,True
22300675,196,196,99.0,97.0,121.0,128.0,128.0000211890578,121.00002508054874,1.0,-2.118905780434943e-05,-2.508054873828769e-05,2.0,True
22300676,197,197,99.0,98.0,125.0,109.0,109.0,125.0,1.0,0.0,0.0,1.0,True
22300677,199,199,99.0,100.0,136.0,120.0,120.00002305445484,136.00004146588427,1.0,-2.3054454842963423e-05,-4.146588426579001e-05,1.0,True
22300678,191,191,96.0,95.0,106.0,115.0,115.0,106.0,1.0,0.0,0.0,1.0,True
22300679,189,189,95.0,94.0,110.0,99.0,99.0000276347764,110.00006955744556,1.0,-2.763477640144174e-05,-6.955744555625643e-05,1.0,True
22300680,185,185,93.0,92.0,87.0,121.0,121.0,87.0,1.0,0.0,0.0,1.0,True
22300681,202,202,101.0,101.0,108.0,98.0,98.0,108.0,1.0,0.0,0.0,0.0,True
22300682,193,193,97.0,96.0,100.0,105.0,105.00005956015916,100.00004274219155,1.0,-5.956015915842272e-05,-4.274219155320225e-05,1.0,True
22300683,196,196,98.0,98.0,116.0,119.0,119.0,116.0,1.0,0.0,0.0,0.0,True
22300684,197,197,98.0,99.0,114.0,105.0,105.0,114.0,1.0,0.0,0.0,1.0,True
22300685,196,196,98.0,98.0,105.0,109.0,109.0,105.0,1.0,0.0,0.0,0.0,True
22300686,194,194,97.0,97.0,127.0,124.0,124.0,127.0,1.0,0.0,0.0,0.0,True
22300687,196,196,99.0,97.0,108.0,101.0,101.0,108.0,1.0,0.0,0.0,2.0,True
22300688,196,196,97.0,99.0,136.0,125.0,125.0,136.0,1.0,0.0,0.0,2.0,True
22300689,198,198,99.0,99.0,110.0,102.0,102.0,110.0,1.0,0.0,0.0,0.0,True
22300690,201,201,100.0,101.0,120.0,129.0,129.0,120.0,1.0,0.0,0.0,1.0,True
22300691,218,218,110.0,108.0,133.0,122.0,122.00005076322452,133.00003841121227,1.0,-5.0763224521688244e-05,-3.8411212273103956e-05,2.0,True
22300692,210,210,104.0,106.0,106.0,135.0,135.00003726162274,106.00000800474541,1.0,-3.726162273665068e-05,-8.004745410516989e-06,2.0,True
22300693,200,200,100.0,100.0,121.0,101.0,101.0,121.0,1.0,0.0,0.0,0.0,True
22300694,198,198,98.0,100.0,108.0,106.0,106.00005634821717,107.99996099098422,1.0,-5.6348217171375836e-05,3.900901577935656e-05,2.0,True
22300695,202,202,100.0,102.0,106.0,126.0,126.00002108160736,106.00001362611751,1.0,-2.1081607357587018e-05,-1.3626117507214985e-05,2.0,True
22300696,197,197,98.0,99.0,114.0,113.0,113.0,114.0,1.0,0.0,0.0,1.0,True
22300697,180,180,89.0,91.0,108.0,120.0,120.0,108.0,1.0,0.0,0.0,2.0,True
22300698,201,201,101.0,100.0,136.0,121.0,120.99999974747064,136.00005773951068,1.0,2.5252936097786005e-07,-5.773951068022143e-05,1.0,True
22300699,230,230,116.0,114.0,134.0,141.0,141.0,134.0,1.0,0.0,0.0,2.0,True
22300700,209,209,105.0,104.0,123.0,115.0,115.0,123.0,1.0,0.0,0.0,1.0,True
22300701,185,185,93.0,92.0,113.0,105.0,105.0,113.0,1.0,0.0,0.0,1.0,True
22300702,208,208,105.0,103.0,129.0,117.0,117.0,129.0,1.0,0.0,0.0,2.0,True
22300703,200,200,100.0,100.0,117.0,101.0,101.00040373382085,116.9997235551537,1.0,-0.00040373382084624154,0.00027644484630684474,0.0,True
22300704,187,187,93.0,94.0,111.0,99.0,99.00000220622235,110.99999793659477,1.0,-2.2062223479224485e-06,2.063405233343474e-06,1.0,True
22300705,214,214,107.0,107.0,140.0,112.0,112.0,140.0,1.0,0.0,0.0,0.0,True
22300706,200,200,99.0,101.0,91.0,131.0,131.0,91.0,1.0,0.0,0.0,2.0,True
22300707,196,196,98.0,98.0,115.0,99.0,99.00000039507154,115.00007900602505,1.0,-3.9507153815065976e-07,-7.900602504662402e-05,0.0,True
22300708,187,187,94.0,93.0,103.0,95.0,95.0,103.0,1.0,0.0,0.0,1.0,True
22300709,203,203,101.0,102.0,90.0,111.0,111.00002410822268,90.00007755050879,1.0,-2.4108222675067736e-05,-7.755050879154624e-05,1.0,True
22300710,212,212,107.0,105.0,127.0,135.0,135.00001104335288,127.00002934675949,1.0,-1.104335288459879e-05,-2.9346759490067598e-05,2.0,True
22300711,199,199,99.0,100.0,108.0,123.0,123.00014942642619,108.00016868464003,1.0,-0.0001494264261907574,-0.00016868464003039207,1.0,True
22300712,177,177,88.0,89.0,103.0,112.0,112.00001305133051,103.00003608876636,1.0,-1.3051330512325876e-05,-3.60887663646281e-05,1.0,True
22300713,212,212,106.0,106.0,124.0,118.0,118.0,124.0,1.0,0.0,0.0,0.0,True
22300714,197,197,98.0,99.0,110.0,136.0,136.00007186691744,109.9999938435077,1.0,-7.186691743754636e-05,6.156492304398853e-06,1.0,True
22300715,192,192,96.0,96.0,118.0,102.0,102.0,118.0,1.0,0.0,0.0,0.0,True
22300716,204,204,102.0,102.0,149.0,144.0,144.0,149.0,1.0,0.0,0.0,0.0,True
22300717,195,195,97.0,98.0,109.0,98.0,98.00000553631013,109.000082539571,1.0,-5.536310126785793e-06,-8.253957099668696e-05,1.0,True
22300718,194,194,97.0,97.0,100.0,138.0,138.0,100.0,1.0,0.0,0.0,0.0,True
22300719,198,198,100.0,98.0,129.0,132.0,132.0000701197622,129.0000324692844,1.0,-7.011976219928329e-05,-3.2469284406033694e-05,2.0,True
22300720,197,197,99.0,98.0,119.0,107.0,107.0,119.0,1.0,0.0,0.0,1.0,True
22300721,193,193,97.0,96.0,95.0,121.0,121.00007822359608,95.00007670386998,1.0,-7.822359607700946e-05,-7.670386997915557e-05,1.0,True
22300722,189,189,94.0,95.0,113.0,123.0,123.0,113.0,1.0,0.0,0.0,1.0,True
22300723,210,210,104.0,106.0,123.0,129.0,129.0,123.0,1.0,0.0,0.0,2.0,True
22300724,195,195,97.0,98.0,117.0,124.0,124.00004739447293,117.0000446003296,1.0,-4.7394472929340736e-05,-4.4600329601962585e-05,1.0,True
22300725,200,200,101.0,99.0,106.0,114.0,114.00006480635062,106.00002557923474,1.0,-6.480635062189322e-05,-2.5579234744554924e-05,2.0,True
22300726,193,193,97.0,96.0,123.0,117.0,117.0,123.0,1.0,0.0,0.0,1.0,True
22300727,205,205,103.0,102.0,127.0,104.0,104.0,127.0,1.0,0.0,0.0,1.0,True
22300728,199,199,99.0,100.0,114.0,106.0,106.0000592149242,114.00002009562945,1.0,-5.921492420668528e-05,-2.0095629452043795e-05,1.0,True
22300729,209,209,105.0,104.0,117.0,125.0,125.0,117.0,1.0,0.0,0.0,1.0,True
22300730,203,203,102.0,101.0,104.0,116.0,116.00005565649373,104.00002278635124,1.0,-5.565649372840653e-05,-2.2786351237868985e-05,1.0,True
22300731,197,197,99.0,98.0,117.0,106.0,106.0,117.0,1.0,0.0,0.0,1.0,True
22300732,200,200,100.0,100.0,133.0,120.0,120.0,133.0,1.0,0.0,0.0,0.0,True
22300733,198,198,100.0,98.0,131.0,109.0,109.0,131.0,1.0,0.0,0.0,2.0,True
22300734,194,194,96.0,98.0,111.0,127.0,127.0,111.0,1.0,0.0,0.0,2.0,True
22300735,192,192,96.0,96.0,118.0,95.0,95.00006204105811,118.00002172694431,1.0,-6.204105811491445e-05,-2.1726944311240004e-05,0.0,True
22300736,190,190,95.0,95.0,122.0,108.0,107.92476573200433,122.0752977905662,1.0,0.07523426799566835,-0.07529779056619645,0.0,True
22300737,189,189,95.0,94.0,118.0,110.0,110.00004119010504,118.00004769545932,1.0,-4.119010503700338e-05,-4.7695459315377775e-05,1.0,True
22300738,181,181,91.0,90.0,129.0,105.0,104.99999658364257,129.00002027316188,1.0,3.41635742984181e-06,-2.027316187991346e-05,1.0,True
22300739,203,203,102.0,101.0,115.0,129.0,129.0,115.0,1.0,0.0,0.0,1.0,True
22300740,190,190,95.0,95.0,114.0,106.0,106.0,114.0,1.0,0.0,0.0,0.0,True
22300741,211,211,105.0,106.0,128.0,122.0,122.0,128.0,1.0,0.0,0.0,1.0,True
22300742,198,198,99.0,99.0,127.0,121.0,121.0,127.0,1.0,0.0,0.0,0.0,True
22300743,218,218,109.0,109.0,129.0,133.0,133.00001321251398,129.00003378086203,1.0,-1.3212513977123308e-05,-3.378086202587838e-05,0.0,True
22300744,194,194,98.0,96.0,104.0,107.0,107.00005657900493,103.99997647023413,1.0,-5.657900493361012e-05,2.3529765869056973e-05,2.0,True
22300745,195,195,97.0,98.0,84.0,120.0,120.00005074069023,84.00006112452385,1.0,-5.07406902272578e-05,-6.112452385309552e-05,1.0,True
22300746,206,206,102.0,104.0,106.0,135.0,135.00009770649453,105.99995284309443,1.0,-9.770649452889302e-05,4.715690556622576e-05,2.0,True
22300747,201,201,100.0,101.0,122.0,139.0,139.0,122.0,1.0,0.0,0.0,1.0,True
22300748,211,211,106.0,105.0,111.0,146.0,146.00014144292578,110.99993233909665,1.0,-0.00014144292578066597,6.766090335474928e-05,1.0,True
22300749,205,205,103.0,102.0,106.0,112.0,112.0,106.0,1.0,0.0,0.0,1.0,True
22300750,188,188,94.0,94.0,103.0,123.0,123.0,103.0,1.0,0.0,0.0,0.0,True
22300751,194,194,97.0,97.0,106.0,115.0,115.0,106.0,1.0,0.0,0.0,0.0,True
22300752,189,189,93.0,96.0,108.0,114.0,113.99997887154728,108.00010479461442,1.0,2.112845271540209e-05,-0.0001047946144154821,3.0,True
22300753,208,208,104.0,104.0,119.0,113.0,113.0,119.0,1.0,0.0,0.0,0.0,True
22300754,210,210,105.0,105.0,113.0,122.0,122.0,113.0,1.0,0.0,0.0,0.0,True
22300755,196,196,98.0,98.0,125.0,111.0,111.00000840637196,125.00000839890201,1.0,-8.40637196120042e-06,-8.39890201120852e-06,0.0,True
22300756,186,186,93.0,93.0,119.0,95.0,95.0,119.0,1.0,0.0,0.0,0.0,True
22300757,207,207,103.0,104.0,112.0,113.0,113.0,112.0,1.0,0.0,0.0,1.0,True
22300758,171,171,86.0,85.0,93.0,84.0,84.0,93.0,1.0,0.0,0.0,1.0,True
22300759,180,180,89.0,91.0,110.0,106.0,106.00010347506075,109.99995413106451,1.0,-0.00010347506075447654,4.5868935487192175e-05,2.0,True
22300760,200,200,100.0,100.0,113.0,127.0,127.00007743734315,112.99997788750969,1.0,-7.743734315113215e-05,2.2112490313475064e-05,0.0,True
22300761,200,200,100.0,100.0,102.0,111.0,111.0,102.0,1.0,0.0,0.0,0.0,True
22300762,190,190,94.0,96.0,123.0,121.0,121.0000059855602,123.00002933078615,1.0,-5.985560193266792e-06,-2.9330786148307197e-05,2.0,True
22300763,207,207,104.0,103.0,136.0,126.0,126.0,136.0,1.0,0.0,0.0,1.0,True
22300764,216,216,109.0,107.0,122.0,99.0,99.0,122.0,1.0,0.0,0.0,2.0,True
22300765,184,184,92.0,92.0,103.0,105.0,104.99998529024286,103.00001952870794,1.0,1.4709757138575696e-05,-1.9528707937865875e-05,0.0,True
22300766,190,190,95.0,95.0,96.0,87.0,87.0,96.0,1.0,0.0,0.0,0.0,True
22300767,194,194,97.0,97.0,95.0,112.0,112.00001781551703,95.00000315608214,1.0,-1.781551702606521e-05,-3.15608214407348e-06,0.0,True
22300768,218,218,109.0,109.0,104.0,112.0,112.00002867823035,104.00005771844907,1.0,-2.8678230350465128e-05,-5.771844907087598e-05,0.0,True
22300769,209,209,105.0,104.0,129.0,107.0,107.0,129.0,1.0,0.0,0.0,1.0,True
22300770,190,190,95.0,95.0,121.0,100.0,100.0,121.0,1.0,0.0,0.0,0.0,True
22300771,191,191,96.0,95.0,118.0,110.0,110.0,118.0,1.0,0.0,0.0,1.0,True
22300772,205,205,103.0,102.0,127.0,113.0,113.00008691685446,126.99995059411923,1.0,-8.691685445683106e-05,4.940588077317898e-05,1.0,True
22300773,201,201,101.0,100.0,123.0,97.0,97.00000876254528,123.00002025146667,1.0,-8.76254527781839e-06,-2.0251466665399676e-05,1.0,True
22300774,208,208,103.0,105.0,125.0,130.0,130.00007503631798,124.99996035465847,1.0,-7.503631798044808e-05,3.964534153055865e-05,2.0,True
22300775,198,198,99.0,99.0,121.0,109.0,109.0,121.0,1.0,0.0,0.0,0.0,True
22300776,210,210,105.0,105.0,111.0,125.0,125.0,111.0,1.0,0.0,0.0,0.0,True
22300777,195,195,97.0,98.0,99.0,122.0,122.00000138359648,99.00002390427294,1.0,-1.3835964836061976e-06,-2.3904272936192683e-05,1.0,True
22300778,170,170,85.0,85.0,100.0,118.0,118.0001288732508,99.99993320566703,1.0,-0.00012887325080157552,6.679433296596926e-05,0.0,True
22300779,189,189,94.0,95.0,109.0,104.0,104.0,109.0,1.0,0.0,0.0,1.0,True
22300780,185,185,92.0,93.0,86.0,136.0,136.0,86.0,1.0,0.0,0.0,1.0,True
22300781,189,189,95.0,94.0,105.0,108.0,108.0001763478243,104.99994162472552,1.0,-0.00017634782429354345,5.8375274477384664e-05,1.0,True
22300782,209,209,105.0,104.0,127.0,125.0,124.99989881792571,127.00018165255813,1.0,0.00010118207428888581,-0.00018165255812618852,1.0,True
22300783,199,199,100.0,99.0,113.0,121.0,121.00002628022033,113.00001989539392,1.0,-2.6280220325247683e-05,-1.9895393919000526e-05,1.0,True
22300784,205,205,102.0,103.0,126.0,133.0,133.0000045918717,126.00004073085448,1.0,-4.591871686443483e-06,-4.0730854479420486e-05,1.0,True
22300785,206,206,102.0,104.0,93.0,116.0,116.00000753557175,93.00000558782706,1.0,-7.535571754146986e-06,-5.587827061503958e-06,2.0,True
22300786,204,204,102.0,102.0,102.0,98.0,98.00006668273237,102.00001297223693,1.0,-6.668273236698496e-05,-1.29722369308638e-05,0.0,True
22300787,217,217,109.0,108.0,100.0,116.0,116.0,100.0,1.0,0.0,0.0,1.0,True
22300788,203,203,101.0,102.0,138.0,122.0,122.0,138.0,1.0,0.0,0.0,1.0,True
22300789,206,206,103.0,103.0,130.0,125.0,125.0,130.0,1.0,0.0,0.0,0.0,True
22300790,198,198,100.0,98.0,110.0,113.0,113.00002143415584,109.99999181514606,1.0,-2.1434155840438507e-05,8.184853939496861e-06,2.0,True
22300791,204,204,102.0,102.0,128.0,91.0,91.0,128.0,1.0,0.0,0.0,0.0,True
22300792,184,184,91.0,93.0,116.0,109.0,109.00000264724663,116.00000703010024,1.0,-2.64724663168181e-06,-7.0301002352834985e-06,2.0,True
22300793,209,209,104.0,105.0,115.0,129.0,129.0000313900397,115.00007526469767,1.0,-3.1390039708867334e-05,-7.52646976707183e-05,1.0,True
22300794,191,191,95.0,96.0,110.0,96.0,96.0,110.0,1.0,0.0,0.0,1.0,True
22300795,202,202,101.0,101.0,93.0,121.0,121.0000561562739,93.0000725636423,1.0,-5.615627389943256e-05,-7.256364230556756e-05,0.0,True
22300796,190,190,95.0,95.0,113.0,123.0,123.0,113.0,1.0,0.0,0.0,0.0,True
22300797,199,199,99.0,100.0,129.0,112.0,112.0,129.0,1.0,0.0,0.0,1.0,True
22300798,208,208,104.0,104.0,105.0,127.0,127.0,105.0,1.0,0.0,0.0,0.0,True
22300799,202,202,101.0,101.0,107.0,129.0,129.00001700622562,107.00001819466426,1.0,-1.700622561884302e-05,-1.819466426411509e-05,0.0,True
22300800,215,215,108.0,107.0,110.0,130.0,130.0,110.0,1.0,0.0,0.0,1.0,True
22300801,196,196,98.0,98.0,115.0,107.0,107.00007337519455,115.0000374277022,1.0,-7.33751945460881e-05,-3.7427702196168866e-05,0.0,True
22300802,197,197,98.0,99.0,110.0,128.0,128.0,110.0,1.0,0.0,0.0,1.0,True
22300803,203,203,101.0,102.0,122.0,127.0,127.0,122.0,1.0,0.0,0.0,1.0,True
22300804,201,201,100.0,101.0,123.0,121.0,121.0,123.0,1.0,0.0,0.0,1.0,True
22300805,195,195,97.0,98.0,97.0,104.0,103.99997728543471,97.00015798196121,1.0,2.2714565290016253e-05,-0.000157981961208975,1.0,True
22300806,204,204,102.0,102.0,110.0,114.0,114.0000287928913,110.00005739966745,1.0,-2.8792891299644907e-05,-5.739966745466063e-05,0.0,True
22300807,191,191,96.0,95.0,101.0,95.0,95.0,101.0,1.0,0.0,0.0,1.0,True
22300808,196,196,98.0,98.0,112.0,107.0,107.00002188254987,112.00003553101902,1.0,-2.1882549873453172e-05,-3.5531019022982946e-05,0.0,True
22300809,220,220,110.0,110.0,106.0,147.0,147.00000149014087,106.00001879112114,1.0,-1.4901408746936795e-06,-1.8791121135564026e-05,0.0,True
22300810,192,192,96.0,96.0,106.0,95.0,95.00005216634183,106.00006961949444,1.0,-5.216634183113911e-05,-6.961949443962112e-05,0.0,True
22300811,197,197,98.0,99.0,84.0,97.0,96.99998027049824,84.00005279453285,1.0,1.9729501758547485e-05,-5.279453284856572e-05,1.0,True
22300812,190,190,95.0,95.0,127.0,112.0,112.0,127.0,1.0,0.0,0.0,0.0,True
22300813,205,205,103.0,102.0,118.0,123.0,123.0,118.0,1.0,0.0,0.0,1.0,True
22300814,186,186,93.0,93.0,112.0,109.0,109.00005629711146,112.00005933734968,1.0,-5.6297111456160565e-05,-5.933734968266435e-05,0.0,True
22300815,201,201,100.0,101.0,86.0,101.0,100.99999610214476,86.00004560828846,1.0,3.897855236800751e-06,-4.560828845967535e-05,1.0,True
22300816,165,165,82.0,83.0,116.0,102.0,102.0,116.0,1.0,0.0,0.0,1.0,True
22300817,190,190,95.0,95.0,119.0,98.0,98.0,119.0,1.0,0.0,0.0,0.0,True
22300818,197,197,99.0,98.0,113.0,123.0,123.0,113.0,1.0,0.0,0.0,1.0,True
22300819,209,209,105.0,104.0,111.0,133.0,132.99994603840582,111.00005875512774,1.0,5.396159417614399e-05,-5.875512773911851e-05,1.0,True
22300820,200,200,100.0,100.0,114.0,105.0,105.00005096029251,114.00001259996993,1.0,-5.0960292512058913e-05,-1.2599969934967703e-05,0.0,True
22300821,193,193,96.0,97.0,92.0,109.0,109.00000155181242,92.00007115553102,1.0,-1.5518124172331227e-06,-7.115553101755268e-05,1.0,True
22300822,206,206,103.0,103.0,123.0,110.0,110.00002669947295,123.00005114942773,1.0,-2.6699472954305747e-05,-5.114942773332132e-05,0.0,True
22300823,202,202,102.0,100.0,114.0,106.0,106.0,114.0,1.0,0.0,0.0,2.0,True
22300824,194,194,97.0,97.0,119.0,103.0,103.0,119.0,1.0,0.0,0.0,0.0,True
22300825,216,216,108.0,108.0,109.0,128.0,127.99998931146881,109.00008494009788,1.0,1.0688531190794492e-05,-8.494009787796131e-05,0.0,True
22300826,193,193,96.0,97.0,93.0,80.0,80.00001712559937,93.0000865714213,1.0,-1.712559937061542e-05,-8.657142130630291e-05,1.0,True
22300827,187,187,94.0,93.0,123.0,107.0,107.0,123.0,1.0,0.0,0.0,1.0,True
22300828,190,190,95.0,95.0,111.0,113.0,113.0,111.0,1.0,0.0,0.0,0.0,True
22300829,203,203,102.0,101.0,130.0,122.0,122.0,130.0,1.0,0.0,0.0,1.0,True
22300830,184,184,92.0,92.0,111.0,86.0,86.00003250928926,111.00002021080321,1.0,-3.2509289255244767e-05,-2.0210803214126827e-05,0.0,True
22300831,193,193,97.0,96.0,121.0,110.0,110.00005120071935,121.00005540339679,1.0,-5.1200719354937974e-05,-5.5403396785891346e-05,1.0,True
22300832,195,195,98.0,97.0,119.0,121.0,121.00000511350157,119.00001696837562,1.0,-5.113501572395762e-06,-1.696837561837583e-05,1.0,True
22300833,189,189,95.0,94.0,81.0,108.0,108.0,81.0,1.0,0.0,0.0,1.0,True
22300834,209,209,105.0,104.0,123.0,112.0,112.0,123.0,1.0,0.0,0.0,1.0,True
22300835,209,209,104.0,105.0,97.0,124.0,124.0,97.0,1.0,0.0,0.0,1.0,True
22300836,195,195,97.0,98.0,99.0,117.0,117.0,99.0,1.0,0.0,0.0,1.0,True
22300837,183,183,92.0,91.0,115.0,92.0,92.0,115.0,1.0,0.0,0.0,1.0,True
22300838,205,205,102.0,103.0,105.0,114.0,114.00007613531719,104.99994264300332,1.0,-7.613531718675404e-05,5.7356996677526695e-05,1.0,True
22300839,186,186,93.0,93.0,105.0,95.0,95.0,105.0,1.0,0.0,0.0,0.0,True
22300840,189,189,95.0,94.0,85.0,123.0,122.99996027022705,85.0000866152119,1.0,3.972977295063629e-05,-8.66152118987884e-05,1.0,True
22300841,205,205,102.0,103.0,95.0,112.0,111.99996888026222,95.00005965919246,1.0,3.111973778402444e-05,-5.96591924590939e-05,1.0,True
22300842,185,185,92.0,93.0,106.0,96.0,96.00003637221955,106.00000474823747,1.0,-3.6372219554436924e-05,-4.748237472540495e-06,1.0,True
22300843,200,200,100.0,100.0,114.0,123.0,123.0,114.0,1.0,0.0,0.0,0.0,True
22300844,213,213,106.0,107.0,136.0,125.0,125.0,136.0,1.0,0.0,0.0,1.0,True
22300845,196,196,98.0,98.0,101.0,110.0,110.0,101.0,1.0,0.0,0.0,0.0,True
22300846,233,233,117.0,116.0,123.0,132.0,132.00011371127388,123.00006169860339,1.0,-0.00011371127388315472,-6.169860338900435e-05,1.0,True
22300847,196,196,98.0,98.0,96.0,117.0,117.0000431689614,96.00003244369354,1.0,-4.3168961397554995e-05,-3.244369354149512e-05,0.0,True
22300848,194,194,97.0,97.0,116.0,112.0,112.0,116.0,1.0,0.0,0.0,0.0,True
22300849,188,188,94.0,94.0,111.0,99.0,99.00016786600196,110.99996753970603,1.0,-0.00016786600195928258,3.246029396564154e-05,0.0,True
22300850,193,193,97.0,96.0,107.0,115.0,114.99999731301973,107.00003037382983,1.0,2.686980266730643e-06,-3.0373829829954957e-05,1.0,True
22300851,186,186,93.0,93.0,97.0,124.0,124.0,97.0,1.0,0.0,0.0,0.0,True
22300852,195,195,98.0,97.0,110.0,99.0,99.0,110.0,1.0,0.0,0.0,1.0,True
22300853,196,196,98.0,98.0,118.0,132.0,131.99990132212267,118.00016286445614,1.0,9.86778773324204e-05,-0.00016286445614355216,0.0,True
22300854,206,206,103.0,103.0,105.0,110.0,110.00009031420477,105.00012878499932,1.0,-9.03142047690153e-05,-0.00012878499931900933,0.0,True
22300855,197,197,98.0,99.0,97.0,103.0,103.00004267836299,97.00000784096454,1.0,-4.267836298765815e-05,-7.840964542538131e-06,1.0,True
22300856,223,223,111.0,112.0,131.0,134.0,133.99994900446066,131.00011853668911,1.0,5.099553933973766e-05,-0.00011853668911498971,1.0,True
22300857,195,195,98.0,97.0,110.0,100.0,99.99998691114321,110.00003919941085,1.0,1.3088856789522652e-05,-3.9199410849732885e-05,1.0,True
22300858,174,174,86.0,88.0,114.0,121.0,121.00001335945748,113.99999872704491,1.0,-1.3359457483375081e-05,1.2729550888934682e-06,2.0,True
22300859,197,197,98.0,99.0,110.0,138.0,138.0,110.0,1.0,0.0,0.0,1.0,True
22300860,209,209,105.0,104.0,120.0,105.0,105.0,120.0,1.0,0.0,0.0,1.0,True
22300861,191,191,96.0,95.0,122.0,92.0,92.0,122.0,1.0,0.0,0.0,1.0,True
22300862,204,204,102.0,102.0,124.0,120.0,120.0,124.0,1.0,0.0,0.0,0.0,True
22300863,203,203,101.0,102.0,102.0,129.0,129.20499810147209,101.795132016205,1.0,-0.20499810147208564,0.2048679837949976,1.0,True
22300864,188,188,95.0,93.0,113.0,97.0,97.00004362511775,113.00007035393327,1.0,-4.362511775468647e-05,-7.035393326759731e-05,2.0,True
22300865,205,205,103.0,102.0,115.0,140.0,140.0,115.0,1.0,0.0,0.0,1.0,True
22300866,188,188,94.0,94.0,102.0,114.0,113.99996504143968,102.00004225046284,1.0,3.495856032031952e-05,-4.225046284034306e-05,0.0,True
22300867,192,192,96.0,96.0,120.0,126.0,126.0,120.0,1.0,0.0,0.0,0.0,True
22300868,216,216,108.0,108.0,107.0,100.0,100.00006128980294,107.00004259213875,1.0,-6.12898029430653e-05,-4.259213875457135e-05,0.0,True
22300869,189,189,95.0,94.0,124.0,114.0,114.0,124.0,1.0,0.0,0.0,1.0,True
22300870,215,215,108.0,107.0,118.0,109.0,109.00003116105025,118.00007788127058,1.0,-3.116105024503213e-05,-7.788127058461214e-05,1.0,True
22300871,194,194,96.0,98.0,120.0,116.0,116.0,120.0,1.0,0.0,0.0,2.0,True
22300872,201,201,100.0,101.0,88.0,140.0,140.0,88.0,1.0,0.0,0.0,1.0,True
22300873,181,181,91.0,90.0,89.0,88.0,88.00014063655073,89.00002259389338,1.0,-0.00014063655072504844,-2.259389337666562e-05,1.0,True
22300874,194,194,96.0,98.0,91.0,113.0,113.00001791280997,91.00005365561022,1.0,-1.7912809965991983e-05,-5.365561021619669e-05,2.0,True
22300875,208,208,104.0,104.0,106.0,111.0,110.99999310371726,106.00001428736059,1.0,6.8962827413088235e-06,-1.4287360585285569e-05,0.0,True
22300876,180,180,90.0,90.0,107.0,98.0,98.00000509306565,107.00002148351639,1.0,-5.093065652772566e-06,-2.1483516391640478e-05,0.0,True
22300877,199,199,99.0,100.0,105.0,117.0,116.99994845796782,105.00008813601438,1.0,5.154203218182829e-05,-8.813601438362184e-05,1.0,True
22300878,205,205,103.0,102.0,118.0,110.0,110.00004816573392,118.00001672229165,1.0,-4.8165733915084274e-05,-1.672229164739747e-05,1.0,True
22300879,181,181,91.0,90.0,106.0,102.0,102.00005363213124,106.00004550274,1.0,-5.36321312409882e-05,-4.550273999370802e-05,1.0,True
22300880,195,195,98.0,97.0,106.0,113.0,113.00002205358996,106.0000106950102,1.0,-2.205358995865936e-05,-1.0695010203676247e-05,1.0,True
22300881,184,184,92.0,92.0,114.0,119.0,119.0,114.0,1.0,0.0,0.0,0.0,True
22300882,211,211,105.0,106.0,115.0,127.0,127.0,115.0,1.0,0.0,0.0,1.0,True
22300883,186,186,93.0,93.0,113.0,109.0,109.0,113.0,1.0,0.0,0.0,0.0,True
22300884,196,196,97.0,99.0,104.0,116.0,115.99240085188683,104.00770980394326,1.0,0.007599148113172305,-0.007709803943257043,2.0,True
22300885,180,180,90.0,90.0,101.0,89.0,89.00002302790192,101.00002993414746,1.0,-2.3027901917771487e-05,-2.9934147462995497e-05,0.0,True
22300886,189,189,95.0,94.0,104.0,105.0,104.9999932462349,104.00002443432575,1.0,6.753765106282117e-06,-2.4434325752054065e-05,1.0,True
22300887,186,186,93.0,93.0,107.0,112.0,112.00004449371761,107.00002101671966,1.0,-4.449371760983922e-05,-2.1016719657040994e-05,0.0,True
22300888,189,189,95.0,94.0,110.0,118.0,118.0,110.0,1.0,0.0,0.0,1.0,True
22300889,189,189,95.0,94.0,116.0,100.0,100.0,116.0,1.0,0.0,0.0,1.0,True
22300890,208,208,103.0,105.0,139.0,98.0,98.0,139.0,1.0,0.0,0.0,2.0,True
22300891,200,200,100.0,100.0,101.0,114.0,114.00009672334951,100.99992919093471,1.0,-9.67233495146047e-05,7.080906529211006e-05,0.0,True
22300892,200,200,100.0,100.0,137.0,120.0,120.00012516633214,136.99994695278633,1.0,-0.00012516633213977002,5.304721366883314e-05,0.0,True
22300893,205,205,102.0,103.0,117.0,107.0,107.0,117.0,1.0,0.0,0.0,1.0,True
22300894,191,191,96.0,95.0,119.0,109.0,109.0,119.0,1.0,0.0,0.0,1.0,True
22300895,188,188,94.0,94.0,101.0,112.0,112.00001963804458,101.00002835419205,1.0,-1.9638044577163782e-05,-2.83541920538255e-05,0.0,True
22300896,195,195,98.0,97.0,115.0,109.0,109.0,115.0,1.0,0.0,0.0,1.0,True
22300897,186,186,92.0,94.0,122.0,116.0,116.00008068085039,121.99997102528735,1.0,-8.068085038814843e-05,2.8974712648732748e-05,2.0,True
22300898,191,191,95.0,96.0,119.0,117.0,116.99999038846242,119.00003547456464,1.0,9.61153757828015e-06,-3.547456464048082e-05,1.0,True
22300899,201,201,101.0,100.0,90.0,125.0,125.0000186522138,90.00007715887183,1.0,-1.8652213796599426e-05,-7.715887183223913e-05,1.0,True
22300900,204,204,102.0,102.0,128.0,120.0,120.00000912379708,128.00003540543798,1.0,-9.123797084953367e-06,-3.54054379840818e-05,0.0,True
22300901,206,206,104.0,102.0,130.0,120.0,120.0,130.0,1.0,0.0,0.0,2.0,True
22300902,203,203,101.0,102.0,112.0,118.0,118.00001972772588,112.00002645415533,1.0,-1.9727725884877145e-05,-2.6454155332089613e-05,1.0,True
22300903,197,197,99.0,98.0,113.0,111.0,111.00005469996174,113.00002082571412,1.0,-5.4699961737014746e-05,-2.0825714116767813e-05,1.0,True
22300904,190,190,95.0,95.0,108.0,114.0,114.0,108.0,1.0,0.0,0.0,0.0,True
22300905,197,197,99.0,98.0,113.0,120.0,120.0,113.0,1.0,0.0,0.0,1.0,True
22300906,196,196,97.0,99.0,109.0,115.0,115.0,109.0,1.0,0.0,0.0,2.0,True
22300907,206,206,102.0,104.0,125.0,122.0,122.0,125.0,1.0,0.0,0.0,2.0,True
22300908,204,204,102.0,102.0,129.0,131.0,131.0,129.0,1.0,0.0,0.0,0.0,True
22300909,186,186,93.0,93.0,103.0,95.0,95.0,103.0,1.0,0.0,0.0,0.0,True
22300910,197,197,98.0,99.0,100.0,112.0,112.0001660758348,99.99994457376307,1.0,-0.00016607583479810728,5.542623692633697e-05,1.0,True
22300911,204,204,102.0,102.0,104.0,113.0,113.00003492129922,104.00002423335859,1.0,-3.492129921767173e-05,-2.4233358587366638e-05,0.0,True
22300912,171,171,86.0,85.0,74.0,98.0,97.99997589110683,74.00007751814141,1.0,2.410889317161491e-05,-7.751814140988245e-05,1.0,True
22300913,176,176,88.0,88.0,99.0,92.0,92.0,99.0,1.0,0.0,0.0,0.0,True
22300914,190,190,94.0,96.0,100.0,107.0,107.0000315254285,100.0000702414727,1.0,-3.152542849704787e-05,-7.024147269873993e-05,2.0,True
22300915,195,195,98.0,97.0,122.0,123.0,123.00006600182975,121.99996666779037,1.0,-6.600182975091684e-05,3.3332209625314135e-05,1.0,True
22300916,195,195,97.0,98.0,123.0,107.0,107.000055677592,122.99999265998929,1.0,-5.567759200175715e-05,7.340010711232026e-06,1.0,True
22300917,188,188,94.0,94.0,102.0,112.0,112.0,102.0,1.0,0.0,0.0,0.0,True
22300918,186,186,93.0,93.0,99.0,110.0,110.000007227966,99.00000928908509,1.0,-7.22796599461617e-06,-9.289085085129045e-06,0.0,True
22300919,219,219,109.0,110.0,142.0,124.0,124.00011666394455,142.00001170862475,1.0,-0.00011666394455289719,-1.1708624754191987e-05,1.0,True
22300920,193,193,96.0,97.0,117.0,107.0,107.0,117.0,1.0,0.0,0.0,1.0,True
22300921,199,199,100.0,99.0,126.0,113.0,113.0,126.0,1.0,0.0,0.0,1.0,True
22300922,195,195,97.0,98.0,121.0,142.0,142.0,121.0,1.0,0.0,0.0,1.0,True
22300923,211,211,105.0,106.0,118.0,128.0,128.0,118.0,1.0,0.0,0.0,1.0,True
22300924,196,196,98.0,98.0,124.0,117.0,117.00002832670232,124.00001137817426,1.0,-2.8326702320669028e-05,-1.1378174264109475e-05,0.0,True
22300925,188,188,94.0,94.0,116.0,103.0,103.0,116.0,1.0,0.0,0.0,0.0,True
22300926,196,196,98.0,98.0,110.0,108.0,108.0,110.0,1.0,0.0,0.0,0.0,True
22300927,174,174,87.0,87.0,79.0,73.0,73.0,79.0,1.0,0.0,0.0,0.0,True
22300928,197,197,99.0,98.0,111.0,97.0,97.0,111.0,1.0,0.0,0.0,1.0,True
22300929,203,203,102.0,101.0,112.0,104.0,104.00016397957265,112.00004143379915,1.0,-0.0001639795726475768,-4.143379915433343e-05,1.0,True
22300930,184,184,93.0,91.0,120.0,101.0,100.99995911535734,120.00006778608207,1.0,4.088464265805669e-05,-6.778608207014258e-05,2.0,True
22300931,193,193,96.0,97.0,93.0,124.0,124.00000549911744,93.00001876452284,1.0,-5.499117435192602e-06,-1.8764522835112984e-05,1.0,True
22300932,200,200,100.0,100.0,109.0,120.0,120.0,109.0,1.0,0.0,0.0,0.0,True
22300933,196,196,98.0,98.0,97.0,114.0,113.99998814795657,97.00001194411655,1.0,1.1852043428461911e-05,-1.1944116550921535e-05,0.0,True
22300934,190,190,95.0,95.0,117.0,111.0,111.00001699540933,117.00000217734659,1.0,-1.699540932520449e-05,-2.177346587473039e-06,0.0,True
22300935,188,188,94.0,94.0,127.0,92.0,92.0,127.0,1.0,0.0,0.0,0.0,True
22300936,199,199,100.0,99.0,112.0,102.0,102.0,112.0,1.0,0.0,0.0,1.0,True
22300937,198,198,99.0,99.0,119.0,125.0,125.0,119.0,1.0,0.0,0.0,0.0,True
22300938,180,180,90.0,90.0,121.0,99.0,99.0,121.0,1.0,0.0,0.0,0.0,True
22300939,174,174,88.0,86.0,79.0,106.0,106.0,79.0,1.0,0.0,0.0,2.0,True
22300940,194,194,97.0,97.0,97.0,109.0,109.0,97.0,1.0,0.0,0.0,0.0,True
22300941,207,207,103.0,104.0,121.0,111.0,111.00004922843995,121.000114632721,1.0,-4.922843994847881e-05,-0.00011463272099376809,1.0,True
22300942,184,184,93.0,91.0,103.0,101.0,101.00005427755126,103.00010607328095,1.0,-5.4277551257087e-05,-0.00010607328094636159,2.0,True
22300943,181,181,91.0,90.0,123.0,107.0,107.0,123.0,1.0,0.0,0.0,1.0,True
22300944,182,182,91.0,91.0,118.0,100.0,100.0,118.0,1.0,0.0,0.0,0.0,True
22300945,202,202,101.0,101.0,94.0,129.0,129.00004424187634,94.00000714650648,1.0,-4.424187633844667e-05,-7.14650647637427e-06,0.0,True
22300946,218,218,109.0,109.0,104.0,113.0,113.0,104.0,1.0,0.0,0.0,0.0,True
22300947,186,186,93.0,93.0,106.0,114.0,114.0,106.0,1.0,0.0,0.0,0.0,True
22300948,220,220,111.0,109.0,132.0,129.0,129.00007918552308,131.99997336277474,1.0,-7.918552307728532e-05,2.6637225261083586e-05,2.0,True
22300949,178,178,89.0,89.0,100.0,88.0,88.0,100.0,1.0,0.0,0.0,0.0,True
22300950,194,194,97.0,97.0,110.0,98.0,98.0,110.0,1.0,0.0,0.0,0.0,True
22300951,194,194,98.0,96.0,116.0,95.0,95.00002661031812,116.0000266015006,1.0,-2.661031811612702e-05,-2.660150059341504e-05,2.0,True
22300952,191,191,96.0,95.0,99.0,109.0,109.0,99.0,1.0,0.0,0.0,1.0,True
22300953,193,193,96.0,97.0,102.0,106.0,106.00002631110522,102.00002965863969,1.0,-2.6311105216336728e-05,-2.9658639689955635e-05,1.0,True
22300954,191,191,95.0,96.0,107.0,120.0,120.0,107.0,1.0,0.0,0.0,1.0,True
22300955,191,191,95.0,96.0,112.0,127.0,127.0,112.0,1.0,0.0,0.0,1.0,True
22300956,182,182,91.0,91.0,126.0,111.0,111.0,126.0,1.0,0.0,0.0,0.0,True
22300957,216,216,108.0,108.0,119.0,135.0,135.00014128905318,118.99999893082912,1.0,-0.0001412890531753419,1.0691708780541376e-06,0.0,True
22300958,178,178,89.0,89.0,105.0,114.0,114.00000489282688,105.0000115228905,1.0,-4.892826879654422e-06,-1.1522890503101735e-05,0.0,True
22300959,199,199,100.0,99.0,119.0,126.0,126.0000617883159,119.00008507414157,1.0,-6.178831590375466e-05,-8.507414156611048e-05,1.0,True
22300960,192,192,96.0,96.0,105.0,93.0,93.0,105.0,1.0,0.0,0.0,0.0,True
22300961,187,187,93.0,94.0,107.0,96.0,96.0,107.0,1.0,0.0,0.0,1.0,True
22300962,194,194,96.0,98.0,108.0,95.0,95.00005959702,108.00001931682964,1.0,-5.95970199981366e-05,-1.931682963629555e-05,2.0,True
22300963,194,194,98.0,96.0,113.0,103.0,103.0000008226698,113.00011256087812,1.0,-8.226698042790304e-07,-0.00011256087812228088,2.0,True
22300964,186,186,93.0,93.0,104.0,112.0,112.0,104.0,1.0,0.0,0.0,0.0,True
22300965,195,195,98.0,97.0,117.0,106.0,106.0,117.0,1.0,0.0,0.0,1.0,True
22300966,200,200,100.0,100.0,122.0,124.0,124.0,122.0,1.0,0.0,0.0,0.0,True
22300967,200,200,100.0,100.0,103.0,117.0,117.00005263196873,102.99997614811211,1.0,-5.2631968728178435e-05,2.3851887888781675e-05,0.0,True
22300968,202,202,101.0,101.0,100.0,121.0,121.00007337045385,100.00003343780229,1.0,-7.337045384758767e-05,-3.343780228703963e-05,0.0,True
22300969,186,186,93.0,93.0,98.0,109.0,109.0,98.0,1.0,0.0,0.0,0.0,True
22300970,193,193,96.0,97.0,107.0,126.0,125.99999403912597,107.00005772616763,1.0,5.960874034371955e-06,-5.7726167625560265e-05,1.0,True
22300971,201,201,100.0,101.0,98.0,127.0,127.0,98.0,1.0,0.0,0.0,1.0,True
22300972,196,196,98.0,98.0,118.0,112.0,112.00013204529142,117.99998090266314,1.0,-0.00013204529142285537,1.9097336860340874e-05,0.0,True
22300973,190,190,94.0,96.0,128.0,121.0,121.0,128.0,1.0,0.0,0.0,2.0,True
22300974,199,199,100.0,99.0,119.0,100.0,100.0,119.0,1.0,0.0,0.0,1.0,True
22300975,191,191,96.0,95.0,98.0,91.0,91.0,98.0,1.0,0.0,0.0,1.0,True
22300976,202,202,101.0,101.0,129.0,140.0,140.0000243714804,128.99999459606263,1.0,-2.4371480407126e-05,5.403937365144884e-06,0.0,True
22300977,187,187,94.0,93.0,104.0,101.0,101.0,104.0,1.0,0.0,0.0,1.0,True
22300978,189,189,94.0,95.0,105.0,107.0,107.0,105.0,1.0,0.0,0.0,1.0,True
22300979,193,193,96.0,97.0,96.0,111.0,111.00001637837762,96.00002618027325,1.0,-1.6378377623027518e-05,-2.618027325240746e-05,1.0,True
22300980,194,194,98.0,96.0,130.0,104.0,104.0,130.0,1.0,0.0,0.0,2.0,True
22300981,217,217,108.0,109.0,115.0,122.0,122.0000314625844,115.00000274732183,1.0,-3.146258440267502e-05,-2.747321829588145e-06,1.0,True
22300982,183,183,91.0,92.0,110.0,93.0,93.0,110.0,1.0,0.0,0.0,1.0,True
22300983,185,185,92.0,93.0,108.0,103.0,103.0,108.0,1.0,0.0,0.0,1.0,True
22300984,189,189,94.0,95.0,94.0,119.0,119.0,94.0,1.0,0.0,0.0,1.0,True
22300985,189,189,94.0,95.0,91.0,98.0,98.0,91.0,1.0,0.0,0.0,1.0,True
22300986,194,194,97.0,97.0,107.0,110.0,110.0,107.0,1.0,0.0,0.0,0.0,True
22300987,184,184,92.0,92.0,114.0,104.0,104.0,114.0,1.0,0.0,0.0,0.0,True
22300988,191,191,96.0,95.0,119.0,112.0,112.0,119.0,1.0,0.0,0.0,1.0,True
22300989,216,216,107.0,109.0,111.0,121.0,121.00006203125243,111.00002788133094,1.0,-6.2031252426209e-05,-2.7881330936452287e-05,2.0,True
22300990,200,200,99.0,101.0,105.0,136.0,136.0,105.0,1.0,0.0,0.0,2.0,True
22300991,184,184,92.0,92.0,92.0,112.0,112.0,92.0,1.0,0.0,0.0,0.0,True
22300992,196,196,98.0,98.0,137.0,114.0,114.00002131672265,137.00003910280546,1.0,-2.131672265193174e-05,-3.910280545937894e-05,0.0,True
22300993,180,180,90.0,90.0,104.0,91.0,91.00004559422526,104.00006173289435,1.0,-4.559422525574064e-05,-6.173289435196239e-05,0.0,True
22300994,207,207,104.0,103.0,113.0,107.0,107.00003630795439,113.0000021484313,1.0,-3.630795438880341e-05,-2.1484313066366667e-06,1.0,True
22300995,194,194,96.0,98.0,115.0,112.0,112.00001132604378,115.00002442772771,1.0,-1.1326043775738981e-05,-2.4427727709053215e-05,2.0,True
22300996,178,178,88.0,90.0,107.0,104.0,104.00002797453844,107.0000144702637,1.0,-2.797453844038955e-05,-1.447026369305604e-05,2.0,True
22300997,205,205,102.0,103.0,122.0,103.0,103.00006578856764,121.99996870341307,1.0,-6.578856763894692e-05,3.1296586925577685e-05,1.0,True
22300998,188,188,94.0,94.0,119.0,122.0,122.0000282818736,119.00008581313206,1.0,-2.828187359682488e-05,-8.581313205979768e-05,0.0,True
22300999,197,197,99.0,98.0,123.0,89.0,89.0,123.0,1.0,0.0,0.0,1.0,True
22301000,201,201,101.0,100.0,107.0,119.0,118.99996496105634,107.00005017940505,1.0,3.503894366474469e-05,-5.017940505069873e-05,1.0,True
22301001,190,190,95.0,95.0,116.0,137.0,137.0,116.0,1.0,0.0,0.0,0.0,True
22301002,198,198,99.0,99.0,102.0,115.0,115.0,102.0,1.0,0.0,0.0,0.0,True
22301003,193,193,97.0,96.0,116.0,103.0,103.0,116.0,1.0,0.0,0.0,1.0,True
22301004,199,199,99.0,100.0,106.0,121.0,121.00002544841539,105.99999081449897,1.0,-2.544841538565379e-05,9.18550102824156e-06,1.0,True
22301005,195,195,98.0,97.0,102.0,109.0,109.0,102.0,1.0,0.0,0.0,1.0,True
22301006,203,203,101.0,102.0,117.0,127.0,127.00000035651901,117.00004837245301,1.0,-3.5651900986977125e-07,-4.837245300848281e-05,1.0,True
22301007,191,191,96.0,95.0,108.0,115.0,115.00005350291447,108.000040580518,1.0,-5.350291446859501e-05,-4.0580518003707766e-05,1.0,True
22301008,202,202,100.0,102.0,97.0,113.0,113.0,97.0,1.0,0.0,0.0,2.0,True
22301009,179,179,89.0,90.0,100.0,113.0,113.0,100.0,1.0,0.0,0.0,1.0,True
22301010,189,189,94.0,95.0,115.0,128.0,128.0,115.0,1.0,0.0,0.0,1.0,True
22301011,195,195,98.0,97.0,129.0,102.0,102.0,129.0,1.0,0.0,0.0,1.0,True
22301012,209,209,105.0,104.0,123.0,103.0,102.99999804390166,123.0000248684841,1.0,1.956098344635393e-06,-2.486848410399034e-05,1.0,True
22301013,177,177,89.0,88.0,111.0,88.0,88.000067981471,110.99997718462453,1.0,-6.798147100539609e-05,2.281537547332846e-05,1.0,True
22301014,177,177,89.0,88.0,91.0,104.0,104.00002115609468,91.00001318420922,1.0,-2.115609467523427e-05,-1.318420922302721e-05,1.0,True
22301015,210,210,105.0,105.0,99.0,97.0,97.0,99.0,1.0,0.0,0.0,0.0,True
22301016,207,207,104.0,103.0,122.0,111.0,111.0,123.0,1.0,0.0,-1.0,1.0,False
22301017,196,196,98.0,98.0,125.0,117.0,117.0,125.0,1.0,0.0,0.0,0.0,True
22301018,198,198,99.0,99.0,94.0,101.0,101.0,94.0,1.0,0.0,0.0,0.0,True
22301019,179,179,90.0,89.0,93.0,105.0,105.00007138793806,93.00006326718851,1.0,-7.13879380640492e-05,-6.32671885085756e-05,1.0,True
22301020,191,191,96.0,95.0,109.0,107.0,107.0000713710776,109.00000937452702,1.0,-7.137107759547234e-05,-9.374527024874624e-06,1.0,True
22301021,183,183,91.0,92.0,91.0,132.0,131.99999072587428,91.00002591997932,1.0,9.274125716274284e-06,-2.5919979321997744e-05,1.0,True
22301022,200,200,100.0,100.0,109.0,112.0,112.0,109.0,1.0,0.0,0.0,0.0,True
22301023,179,179,90.0,89.0,124.0,113.0,113.0,124.0,1.0,0.0,0.0,1.0,True
22301024,199,199,100.0,99.0,119.0,147.0,147.00002716943635,119.00002515179183,1.0,-2.716943635050484e-05,-2.51517918314903e-05,1.0,True
22301025,195,195,97.0,98.0,131.0,106.0,106.0,131.0,1.0,0.0,0.0,1.0,True
22301026,197,197,99.0,98.0,114.0,111.0,111.0,114.0,1.0,0.0,0.0,1.0,True
22301027,193,193,97.0,96.0,114.0,101.0,101.0,114.0,1.0,0.0,0.0,1.0,True
22301028,179,179,90.0,89.0,121.0,107.0,107.0,121.0,1.0,0.0,0.0,1.0,True
22301029,186,186,92.0,94.0,84.0,121.0,120.99974539186995,84.0002585498146,1.0,0.0002546081300494052,-0.00025854981460327053,2.0,True
22301030,195,195,98.0,97.0,93.0,118.0,118.00004945815478,93.00004498777018,1.0,-4.945815477697124e-05,-4.498777018113742e-05,1.0,True
22301031,200,200,101.0,99.0,110.0,114.0,114.00005561480377,110.0000643671745,1.0,-5.5614803770254184e-05,-6.436717450242213e-05,2.0,True
22301032,217,217,109.0,108.0,145.0,150.0,150.00003146488237,145.00003648643934,1.0,-3.146488236893674e-05,-3.6486439341842924e-05,1.0,True
22301033,181,181,90.0,91.0,92.0,115.0,115.00003696027167,92.00001652795501,1.0,-3.696027167165994e-05,-1.652795501172477e-05,1.0,True
22301034,187,187,94.0,93.0,118.0,120.0,120.0,118.0,1.0,0.0,0.0,1.0,True
22301035,200,200,100.0,100.0,99.0,124.0,124.0,99.0,1.0,0.0,0.0,0.0,True
22301036,180,180,90.0,90.0,96.0,88.0,88.0,96.0,1.0,0.0,0.0,0.0,True
22301037,199,199,99.0,100.0,107.0,105.0,105.0000392543107,107.00008692273549,1.0,-3.9254310706837714e-05,-8.692273549115725e-05,1.0,True
22301038,197,197,99.0,98.0,92.0,110.0,110.0002263715588,91.99987494177374,1.0,-0.0002263715587957904,0.00012505822625996643,1.0,True
22301039,197,197,98.0,99.0,102.0,104.0,104.0,102.0,1.0,0.0,0.0,1.0,True
22301040,198,198,99.0,99.0,103.0,128.0,128.0,103.0,1.0,0.0,0.0,0.0,True
22301041,193,193,97.0,96.0,115.0,105.0,105.0,115.0,1.0,0.0,0.0,1.0,True
22301043,189,189,94.0,95.0,133.0,116.0,115.86381169577452,133.13632377355074,1.0,0.13618830422548456,-0.13632377355074254,1.0,True
22301044,185,185,92.0,93.0,113.0,92.0,92.0000193782432,113.00004537826813,1.0,-1.9378243194978495e-05,-4.537826812622825e-05,1.0,True
22301045,245,245,122.0,123.0,128.0,124.0,124.0001727160783,128.00015892515614,1.0,-0.00017271607829627555,-0.00015892515614268632,1.0,True
22301046,198,198,100.0,98.0,119.0,112.0,112.00001591878397,119.00004203124728,1.0,-1.5918783972779238e-05,-4.2031247275531314e-05,2.0,True
22301047,203,203,102.0,101.0,132.0,96.0,96.0,132.0,1.0,0.0,0.0,1.0,True
22301048,186,186,93.0,93.0,111.0,118.0,117.99997065746747,111.0001085393579,1.0,2.934253252817598e-05,-0.00010853935789612024,0.0,True
22301049,186,186,94.0,92.0,101.0,93.0,93.0,101.0,1.0,0.0,0.0,2.0,True
22301050,209,209,104.0,105.0,122.0,119.0,119.0,122.0,1.0,0.0,0.0,1.0,True
22301051,197,197,98.0,99.0,106.0,120.0,120.0,106.0,1.0,0.0,0.0,1.0,True
22301052,186,186,93.0,93.0,108.0,107.0,107.0,108.0,1.0,0.0,0.0,0.0,True
22301053,185,185,93.0,92.0,145.0,101.0,101.0,145.0,1.0,0.0,0.0,1.0,True
22301054,191,191,95.0,96.0,99.0,125.0,125.00000362133069,99.0000967376799,1.0,-3.621330691316871e-06,-9.673767989681892e-05,1.0,True
22301055,211,211,106.0,105.0,136.0,124.0,124.0,136.0,1.0,0.0,0.0,1.0,True
22301056,181,181,91.0,90.0,91.0,106.0,106.0,91.0,1.0,0.0,0.0,1.0,True
22301057,225,225,113.0,112.0,132.0,126.0,126.00001019973224,132.00006592277725,1.0,-1.0199732244586812e-05,-6.592277725303575e-05,1.0,True
22301058,213,213,106.0,107.0,118.0,111.0,111.0,118.0,1.0,0.0,0.0,1.0,True
22301059,181,181,90.0,91.0,104.0,97.0,97.0,104.0,1.0,0.0,0.0,1.0,True
22301060,203,203,102.0,101.0,122.0,123.0,123.0,122.0,1.0,0.0,0.0,1.0,True
22301061,196,196,97.0,99.0,100.0,107.0,107.0000236318821,99.99999596438656,1.0,-2.363188210097178e-05,4.035613443420516e-06,2.0,True
22301062,190,190,95.0,95.0,115.0,97.0,97.00000841924825,115.00000622713011,1.0,-8.419248246127609e-06,-6.227130114666579e-06,0.0,True
22301063,198,198,98.0,100.0,90.0,109.0,109.0,90.0,1.0,0.0,0.0,2.0,True
22301064,184,184,92.0,92.0,100.0,97.0,97.00001723735896,100.00002647392765,1.0,-1.723735896064227e-05,-2.6473927647430173e-05,0.0,True
22301065,201,201,100.0,101.0,96.0,87.0,87.0,96.0,1.0,0.0,0.0,1.0,True
22301066,188,188,94.0,94.0,108.0,125.0,125.0,108.0,1.0,0.0,0.0,0.0,True
22301067,183,183,92.0,91.0,114.0,117.0,117.00008598368196,114.00001147572263,1.0,-8.598368195578132e-05,-1.14757226299389e-05,1.0,True
22301068,204,204,102.0,102.0,82.0,142.0,142.0,82.0,1.0,0.0,0.0,0.0,True
22301069,188,188,93.0,95.0,103.0,128.0,128.0001239489743,103.00003806012839,1.0,-0.00012394897430567653,-3.8060128389361125e-05,2.0,True
22301070,212,212,107.0,105.0,126.0,130.0,129.9999764287223,126.00006418135038,1.0,2.3571277694145465e-05,-6.418135038188666e-05,2.0,True
22301071,191,191,95.0,96.0,111.0,98.0,98.0,111.0,1.0,0.0,0.0,1.0,True
22301072,186,186,92.0,94.0,101.0,100.0,99.99995246063568,101.00011736204708,1.0,4.753936431711736e-05,-0.0001173620470780179,2.0,True
22301073,187,187,94.0,93.0,107.0,103.0,103.0,107.0,1.0,0.0,0.0,1.0,True
22301074,183,183,92.0,91.0,104.0,92.0,92.0,104.0,1.0,0.0,0.0,1.0,True
22301075,198,198,99.0,99.0,88.0,118.0,118.0,88.0,1.0,0.0,0.0,0.0,True
22301076,196,196,98.0,98.0,122.0,113.0,113.00004690011407,122.00002913242756,1.0,-4.690011407149086e-05,-2.9132427556533003e-05,0.0,True
22301077,195,195,97.0,98.0,101.0,130.0,129.99998424286338,100.9999877592008,1.0,1.5757136623051338e-05,1.224079919381893e-05,1.0,True
22301078,203,203,101.0,102.0,116.0,104.0,104.0,116.0,1.0,0.0,0.0,1.0,True
22301079,186,186,93.0,93.0,130.0,118.0,118.00004123038674,129.9999918121903,1.0,-4.123038674208601e-05,8.18780969780164e-06,0.0,True
22301080,193,193,97.0,96.0,135.0,120.0,120.0,135.0,1.0,0.0,0.0,1.0,True
22301081,207,207,103.0,104.0,119.0,107.0,107.00009959170079,118.99998045742899,1.0,-9.959170078843727e-05,1.954257101033363e-05,1.0,True
22301082,194,194,97.0,97.0,113.0,112.0,111.9999876008298,113.00008353144476,1.0,1.239917020257053e-05,-8.353144475847785e-05,0.0,True
22301083,194,194,98.0,96.0,125.0,107.0,107.00002470103641,125.00007249635148,1.0,-2.470103640916932e-05,-7.249635147843492e-05,2.0,True
22301084,186,186,93.0,93.0,109.0,101.0,101.0,109.0,1.0,0.0,0.0,0.0,True
22301085,197,197,99.0,98.0,117.0,113.0,113.00003320403903,117.00002448805446,1.0,-3.3204039027623367e-05,-2.4488054464200104e-05,1.0,True
22301086,185,185,92.0,93.0,106.0,127.0,127.0,106.0,1.0,0.0,0.0,1.0,True
22301087,187,187,94.0,93.0,118.0,104.0,104.0,118.0,1.0,0.0,0.0,1.0,True
22301088,186,186,93.0,93.0,110.0,108.0,108.0,110.0,1.0,0.0,0.0,0.0,True
22301089,202,202,100.0,102.0,111.0,133.0,133.00009125597438,111.00003032088725,1.0,-9.125597438242039e-05,-3.0320887248080908e-05,2.0,True
22301090,189,189,95.0,94.0,103.0,104.0,104.0,103.0,1.0,0.0,0.0,1.0,True
22301091,192,192,96.0,96.0,113.0,101.0,101.0,113.0,1.0,0.0,0.0,0.0,True
22301092,187,187,94.0,93.0,124.0,111.0,111.0,124.0,1.0,0.0,0.0,1.0,True
22301093,196,196,98.0,98.0,105.0,109.0,109.00003375302076,105.00002509591913,1.0,-3.3753020758808816e-05,-2.5095919127693378e-05,0.0,True
22301094,209,209,104.0,105.0,128.0,111.0,111.0,128.0,1.0,0.0,0.0,1.0,True
22301095,207,207,103.0,104.0,113.0,117.0,117.0000360797043,112.99999373555585,1.0,-3.607970430152818e-05,6.264444152748183e-06,1.0,True
22301096,184,184,91.0,93.0,99.0,109.0,109.0,99.0,1.0,0.0,0.0,2.0,True
22301097,204,204,103.0,101.0,106.0,108.0,108.0,106.0,1.0,0.0,0.0,2.0,True
22301098,191,191,96.0,95.0,106.0,113.0,113.0000185713268,106.00001906184993,1.0,-1.8571326805272292e-05,-1.906184992606086e-05,1.0,True
22301099,201,201,101.0,100.0,105.0,110.0,110.0,105.0,1.0,0.0,0.0,1.0,True
22301100,199,199,100.0,99.0,129.0,113.0,113.00015850351458,128.99995307483223,1.0,-0.0001585035145836855,4.69251677657212e-05,1.0,True
22301101,185,185,92.0,93.0,95.0,109.0,109.0,95.0,1.0,0.0,0.0,1.0,True
22301102,190,190,95.0,95.0,89.0,86.0,86.00001110419184,88.9999983801906,1.0,-1.1104191841582178e-05,1.6198093959474136e-06,0.0,True
22301103,215,215,108.0,107.0,125.0,120.0,120.0,125.0,1.0,0.0,0.0,1.0,True
22301104,207,207,103.0,104.0,113.0,121.0,121.00002356203034,112.99999655737336,1.0,-2.3562030335710915e-05,3.442626635319357e-06,1.0,True
22301105,195,195,97.0,98.0,100.0,135.0,135.0000766622773,100.00005914302527,1.0,-7.66622773085146e-05,-5.914302526832671e-05,1.0,True
22301106,192,192,95.0,97.0,111.0,115.0,115.00004002630895,110.99999744896206,1.0,-4.002630895172388e-05,2.5510379373372416e-06,2.0,True
22301107,187,187,94.0,93.0,111.0,101.0,101.00007406728903,111.00002616060868,1.0,-7.406728903447402e-05,-2.616060868376735e-05,1.0,True
22301108,207,207,103.0,104.0,85.0,133.0,133.0,85.0,1.0,0.0,0.0,1.0,True
22301109,188,188,94.0,94.0,114.0,108.0,108.00064088820193,116.9999382172174,1.0,-0.0006408882019286466,-2.999938217217405,0.0,False
22301110,197,197,99.0,98.0,101.0,122.0,122.0,101.0,1.0,0.0,0.0,1.0,True
22301111,195,195,98.0,97.0,109.0,105.0,105.00001063370942,109.00008340008748,1.0,-1.0633709422336324e-05,-8.340008747609318e-05,1.0,True
22301113,197,197,99.0,98.0,133.0,110.0,109.99988920677042,133.0001745842103,1.0,0.00011079322958096327,-0.00017458421029914462,1.0,True
22301114,200,200,100.0,100.0,100.0,102.0,102.0,100.0,1.0,0.0,0.0,0.0,True
22301115,191,191,96.0,95.0,115.0,124.0,124.0000400433958,114.99998766802953,1.0,-4.004339579921634e-05,1.2331970467016617e-05,1.0,True
22301116,203,203,101.0,102.0,112.0,126.0,126.00001908711002,112.00004428917437,1.0,-1.908711001874508e-05,-4.4289174368827844e-05,1.0,True
22301117,195,195,98.0,97.0,108.0,102.0,102.0,108.0,1.0,0.0,0.0,1.0,True
22301118,188,188,95.0,93.0,100.0,101.0,101.00007150164478,100.00001342991521,1.0,-7.150164478275656e-05,-1.3429915213691856e-05,2.0,True
22301119,195,195,97.0,98.0,100.0,108.0,108.0,100.0,1.0,0.0,0.0,1.0,True
22301120,197,197,98.0,99.0,119.0,104.0,104.00018031644484,118.999900629003,1.0,-0.00018031644484040044,9.937099700607632e-05,1.0,True
22301121,194,194,96.0,98.0,90.0,108.0,108.0,90.0,1.0,0.0,0.0,2.0,True
22301122,206,206,103.0,103.0,117.0,111.0,111.00004169597527,117.0000106948998,1.0,-4.169597526981761e-05,-1.0694899799545965e-05,0.0,True
22301123,193,193,97.0,96.0,111.0,109.0,109.0,111.0,1.0,0.0,0.0,1.0,True
22301124,206,206,103.0,103.0,95.0,109.0,108.91801421770155,95.08203077113649,1.0,0.081985782298446,-0.0820307711364876,0.0,True
22301125,199,199,100.0,99.0,87.0,97.0,97.00003408453273,87.00004836692158,1.0,-3.408453272868428e-05,-4.836692157539346e-05,1.0,True
22301126,206,206,102.0,104.0,102.0,131.0,131.0,102.0,1.0,0.0,0.0,2.0,True
22301127,200,200,100.0,100.0,97.0,116.0,116.0,97.0,1.0,0.0,0.0,0.0,True
22301128,191,191,95.0,96.0,103.0,113.0,113.0,103.0,1.0,0.0,0.0,1.0,True
22301129,198,198,98.0,100.0,116.0,96.0,96.0,116.0,1.0,0.0,0.0,2.0,True
22301130,209,209,104.0,105.0,110.0,142.0,142.0,110.0,1.0,0.0,0.0,1.0,True
22301131,225,225,113.0,112.0,136.0,147.0,146.99998105304581,136.00008337196275,1.0,1.8946954185139475e-05,-8.337196274510461e-05,1.0,True
22301132,200,200,100.0,100.0,118.0,120.0,120.00004839696014,118.00006367669893,1.0,-4.839696013902994e-05,-6.367669892881622e-05,0.0,True
22301133,189,189,95.0,94.0,115.0,117.0,117.00007302812581,114.99999898590127,1.0,-7.302812581144735e-05,1.0140987285467418e-06,1.0,True
22301134,198,198,98.0,100.0,107.0,124.0,124.0,107.0,1.0,0.0,0.0,2.0,True
22301135,193,193,96.0,97.0,121.0,118.0,118.0000652758005,121.00006962984381,1.0,-6.527580049464632e-05,-6.962984380720627e-05,1.0,True
22301136,186,186,94.0,92.0,98.0,113.0,113.0,98.0,1.0,0.0,0.0,2.0,True
22301137,218,218,108.0,110.0,122.0,130.0,129.9999856462231,122.00008360823988,1.0,1.4353776890629888e-05,-8.360823987629828e-05,2.0,True
22301138,194,194,97.0,97.0,113.0,105.0,105.0,113.0,1.0,0.0,0.0,0.0,True
22301139,182,182,91.0,91.0,122.0,109.0,109.0,122.0,1.0,0.0,0.0,0.0,True
22301140,243,243,123.0,120.0,133.0,126.0,126.0,133.0,1.0,0.0,0.0,3.0,True
22301141,196,196,98.0,98.0,107.0,77.0,77.00001388628228,107.0000150306944,1.0,-1.3886282275166195e-05,-1.5030694399342792e-05,0.0,True
22301142,191,191,95.0,96.0,110.0,118.0,118.00006018975843,109.99999788970429,1.0,-6.018975842891905e-05,2.1102957106222675e-06,1.0,True
22301143,205,205,102.0,103.0,127.0,117.0,117.0,127.0,1.0,0.0,0.0,1.0,True
22301144,200,200,100.0,100.0,130.0,104.0,104.0,130.0,1.0,0.0,0.0,0.0,True
22301145,199,199,99.0,100.0,102.0,120.0,120.0,102.0,1.0,0.0,0.0,1.0,True
22301146,204,204,103.0,101.0,140.0,123.0,122.99999866538518,140.00001750221733,1.0,1.334614822212643e-06,-1.750221733232138e-05,2.0,True
22301147,220,220,110.0,110.0,117.0,111.0,111.00003068106415,117.00001968269932,1.0,-3.068106414616523e-05,-1.9682699317513652e-05,0.0,True
22301148,177,177,89.0,88.0,91.0,104.0,104.0,91.0,1.0,0.0,0.0,1.0,True
22301149,188,188,94.0,94.0,128.0,117.0,117.0,128.0,1.0,0.0,0.0,0.0,True
22301150,198,198,99.0,99.0,106.0,118.0,118.00003226170458,106.00002311042142,1.0,-3.2261704575375916e-05,-2.3110421423666594e-05,0.0,True
22301151,194,194,97.0,97.0,102.0,87.0,87.0,102.0,1.0,0.0,0.0,0.0,True
22301152,198,198,99.0,99.0,121.0,130.0,130.0,121.0,1.0,0.0,0.0,0.0,True
22301153,204,204,102.0,102.0,105.0,112.0,112.00003277643596,105.00002275947307,1.0,-3.27764359582261e-05,-2.2759473068845182e-05,0.0,True
22301154,190,190,95.0,95.0,111.0,95.0,95.0,111.0,1.0,0.0,0.0,0.0,True
22301155,200,200,100.0,100.0,134.0,120.0,120.0,134.0,1.0,0.0,0.0,0.0,True
22301156,204,204,103.0,101.0,105.0,92.0,92.0,105.0,1.0,0.0,0.0,2.0,True
22301157,193,193,97.0,96.0,110.0,100.0,100.0,110.0,1.0,0.0,0.0,1.0,True
22301158,193,193,96.0,97.0,98.0,110.0,110.0,98.0,1.0,0.0,0.0,1.0,True
22301159,193,193,96.0,97.0,115.0,114.0,114.0,115.0,1.0,0.0,0.0,1.0,True
22301160,190,190,95.0,95.0,102.0,106.0,106.00004158086938,102.00006048692657,1.0,-4.15808693787767e-05,-6.0486926571456934e-05,0.0,True
22301161,181,181,91.0,90.0,111.0,92.0,92.0,111.0,1.0,0.0,0.0,1.0,True
22301162,190,190,95.0,95.0,99.0,117.0,117.0,99.0,1.0,0.0,0.0,0.0,True
22301163,228,228,114.0,114.0,89.0,127.0,127.0,89.0,1.0,0.0,0.0,0.0,True
22301164,182,182,91.0,91.0,107.0,116.0,116.0,107.0,1.0,0.0,0.0,0.0,True
22301165,204,204,102.0,102.0,124.0,108.0,108.0,124.0,1.0,0.0,0.0,0.0,True
22301166,193,193,97.0,96.0,127.0,105.0,105.0,127.0,1.0,0.0,0.0,1.0,True
22301167,192,192,97.0,95.0,118.0,109.0,109.0,118.0,1.0,0.0,0.0,2.0,True
22301168,190,190,96.0,94.0,121.0,124.0,124.00002160747985,121.00009594079593,1.0,-2.1607479851581957e-05,-9.594079593000515e-05,2.0,True
22301169,182,182,91.0,91.0,100.0,92.0,92.0,100.0,1.0,0.0,0.0,0.0,True
22301170,201,201,101.0,100.0,135.0,123.0,123.0,135.0,1.0,0.0,0.0,1.0,True
22301171,205,205,103.0,102.0,113.0,125.0,125.00001994982264,113.00004203653506,1.0,-1.994982264363898e-05,-4.203653506351657e-05,1.0,True
22301172,210,210,105.0,105.0,129.0,127.0,127.00003121474774,128.99999102998504,1.0,-3.121474773593036e-05,8.97001496014127e-06,0.0,True
22301173,200,200,100.0,100.0,98.0,131.0,131.0,98.0,1.0,0.0,0.0,0.0,True
22301174,204,204,102.0,102.0,120.0,129.0,129.0,120.0,1.0,0.0,0.0,0.0,True
22301175,178,178,88.0,90.0,107.0,111.0,111.00001636629806,107.00005883258581,1.0,-1.6366298055459083e-05,-5.8832585807522264e-05,2.0,True
22301176,193,193,96.0,97.0,103.0,125.0,125.1306492569456,102.86940626168658,1.0,-0.1306492569456026,0.13059373831342214,1.0,True
22301177,201,201,100.0,101.0,123.0,120.0,120.00001170545883,123.00000887431213,1.0,-1.1705458831556825e-05,-8.874312129591999e-06,1.0,True
22301178,203,203,101.0,102.0,106.0,109.0,109.0,106.0,1.0,0.0,0.0,1.0,True
22301179,198,198,99.0,99.0,107.0,125.0,124.9999903531154,107.00006623757163,1.0,9.646884606695494e-06,-6.623757163026767e-05,0.0,True
22301180,198,198,99.0,99.0,120.0,121.0,121.0,120.0,1.0,0.0,0.0,0.0,True
22301181,199,199,100.0,99.0,107.0,89.0,89.0,107.0,1.0,0.0,0.0,1.0,True
22301182,201,201,101.0,100.0,114.0,109.0,109.0,114.0,1.0,0.0,0.0,1.0,True
22301183,194,194,97.0,97.0,116.0,107.0,107.0,116.0,1.0,0.0,0.0,0.0,True
22301184,192,192,96.0,96.0,110.0,109.0,109.0,110.0,1.0,0.0,0.0,0.0,True
22301185,186,186,93.0,93.0,108.0,107.0,107.0,108.0,1.0,0.0,0.0,0.0,True
22301186,208,208,105.0,103.0,122.0,132.0,132.0,122.0,1.0,0.0,0.0,2.0,True
22301187,192,192,96.0,96.0,120.0,110.0,110.0,120.0,1.0,0.0,0.0,0.0,True
22301188,212,212,106.0,106.0,115.0,157.0,157.00002139141773,114.9999873142005,1.0,-2.139141773227493e-05,1.2685799504197348e-05,0.0,True
22301190,209,209,104.0,105.0,119.0,120.0,120.00008178433018,118.99999280847403,1.0,-8.178433017747011e-05,7.191525966732115e-06,1.0,True
22301191,188,188,94.0,94.0,88.0,113.0,113.0000741439886,88.0000309278463,1.0,-7.414398859850735e-05,-3.0927846296435746e-05,0.0,True
22301192,197,197,98.0,99.0,86.0,107.0,107.0,86.0,1.0,0.0,0.0,1.0,True
22301193,204,204,102.0,102.0,126.0,111.0,111.0,126.0,1.0,0.0,0.0,0.0,True
22301194,184,184,91.0,93.0,125.0,106.0,106.0,125.0,1.0,0.0,0.0,2.0,True
22301195,203,203,102.0,101.0,124.0,108.0,108.0,124.0,1.0,0.0,0.0,1.0,True
22301196,208,208,104.0,104.0,86.0,135.0,134.99999639723762,86.00004674933976,1.0,3.602762376431201e-06,-4.6749339759344366e-05,0.0,True
22301197,200,200,100.0,100.0,95.0,123.0,123.0,95.0,1.0,0.0,0.0,0.0,True
22301198,197,197,98.0,99.0,116.0,123.0,123.0,116.0,1.0,0.0,0.0,1.0,True
22301200,196,196,98.0,98.0,82.0,121.0,121.0,82.0,1.0,0.0,0.0,0.0,True
22301201,203,203,102.0,101.0,122.0,146.0,146.0,122.0,1.0,0.0,0.0,1.0,True
22301202,203,203,102.0,101.0,112.0,122.0,121.99999483997148,112.00003402662418,1.0,5.160028521800086e-06,-3.402662417784086e-05,1.0,True
22301203,195,195,98.0,97.0,103.0,106.0,106.0,103.0,1.0,0.0,0.0,1.0,True
22301204,197,197,99.0,98.0,127.0,117.0,117.0,127.0,1.0,0.0,0.0,1.0,True
22301205,203,203,102.0,101.0,111.0,121.0,121.00002981478484,111.00001900790504,1.0,-2.981478483832234e-05,-1.900790503839289e-05,1.0,True
22301206,203,203,102.0,101.0,116.0,102.0,102.0,116.0,1.0,0.0,0.0,1.0,True
22301207,196,196,98.0,98.0,112.0,103.0,103.0,112.0,1.0,0.0,0.0,0.0,True
22301208,208,208,104.0,104.0,131.0,126.0,126.0,131.0,1.0,0.0,0.0,0.0,True
22301209,205,205,102.0,103.0,114.0,113.0,113.0000539448647,114.00000985829654,1.0,-5.39448647032259e-05,-9.858296536435773e-06,1.0,True
22301210,199,199,100.0,99.0,94.0,102.0,102.0,94.0,1.0,0.0,0.0,1.0,True
22301211,198,198,99.0,99.0,100.0,111.0,111.0,100.0,1.0,0.0,0.0,0.0,True
22301212,196,196,97.0,99.0,101.0,110.0,110.00000492176609,101.00004536811561,1.0,-4.9217660915701344e-06,-4.5368115607402615e-05,2.0,True
22301213,207,207,103.0,104.0,97.0,147.0,147.0,97.0,1.0,0.0,0.0,1.0,True
22301214,196,196,98.0,98.0,106.0,110.0,110.0,106.0,1.0,0.0,0.0,0.0,True
22301215,193,193,96.0,97.0,102.0,111.0,111.0,102.0,1.0,0.0,0.0,1.0,True
22301216,197,197,99.0,98.0,116.0,119.0,119.00005495719941,115.99999394948712,1.0,-5.495719940995514e-05,6.0505128800514285e-06,1.0,True
22301217,199,199,100.0,99.0,91.0,123.0,122.99997874705888,91.00013598398255,1.0,2.125294112431675e-05,-0.00013598398254544009,1.0,True
22301218,198,198,99.0,99.0,114.0,125.0,125.0,114.0,1.0,0.0,0.0,0.0,True
22301219,200,200,101.0,99.0,97.0,124.0,124.00000633871154,97.00001291507151,1.0,-6.3387115432078645e-06,-1.2915071508246001e-05,2.0,True
22301220,200,200,100.0,100.0,111.0,99.0,99.0,111.0,1.0,0.0,0.0,0.0,True
22301221,188,188,94.0,94.0,127.0,103.0,103.0,127.0,1.0,0.0,0.0,0.0,True
22301222,228,228,114.0,114.0,136.0,138.0,138.0000738963769,136.00016402449884,1.0,-7.389637690380368e-05,-0.00016402449884367343,0.0,True
22301223,189,189,94.0,95.0,121.0,112.0,112.0,121.0,1.0,0.0,0.0,1.0,True
22301224,191,191,96.0,95.0,114.0,106.0,106.00000311148084,114.00008116909144,1.0,-3.111480836537339e-06,-8.11690914446217e-05,1.0,True
22301225,194,194,98.0,96.0,117.0,103.0,103.0,117.0,1.0,0.0,0.0,2.0,True
22301226,207,207,103.0,104.0,125.0,112.0,112.0,125.0,1.0,0.0,0.0,1.0,True
22301227,194,194,97.0,97.0,123.0,133.0,133.00003664592484,122.99996335407516,1.0,-3.6645924836875565e-05,3.6645924836875565e-05,0.0,True
22301228,191,191,95.0,96.0,114.0,106.0,106.0,114.0,1.0,0.0,0.0,1.0,True
22301229,211,211,105.0,106.0,128.0,119.0,119.00000701756726,128.00001983989372,1.0,-7.01756725618452e-06,-1.9839893724338253e-05,1.0,True
22301230,206,206,103.0,103.0,89.0,133.0,133.0,89.0,1.0,0.0,0.0,0.0,True
22400001,198,198,99.0,99.0,117.0,116.0,116.0,117.0,1.0,0.0,0.0,0.0,True
22400002,211,211,105.0,106.0,121.0,122.0,123.00002867893963,121.0000302890136,1.0,-1.0000286789396284,-3.028901359414249e-05,1.0,False
22400003,201,201,101.0,100.0,89.0,114.0,114.00000596102218,89.0000037024682,1.0,-5.961022182532361e-06,-3.702468205801779e-06,1.0,True
22400004,199,199,100.0,99.0,111.0,99.0,99.0,111.0,1.0,0.0,0.0,1.0,True
22400005,197,197,98.0,99.0,85.0,99.0,99.0,85.0,1.0,0.0,0.0,1.0,True
22400006,188,188,94.0,94.0,120.0,112.0,112.0,120.0,1.0,0.0,0.0,0.0,True
22400007,206,206,103.0,103.0,117.0,120.0,120.0,117.0,1.0,0.0,0.0,0.0,True
22400008,200,200,100.0,100.0,108.0,122.0,122.0,108.0,1.0,0.0,0.0,0.0,True
22400009,201,201,101.0,100.0,124.0,111.0,111.00003846574081,124.00005056524971,1.0,-3.846574081478593e-05,-5.056524970825649e-05,1.0,True
22400010,183,183,91.0,92.0,86.0,98.0,98.0,86.0,1.0,0.0,0.0,1.0,True
22400011,202,202,102.0,100.0,99.0,95.0,95.0000152415878,99.0001020906874,1.0,-1.5241587803416223e-05,-0.00010209068740607563,2.0,True
22400012,222,222,112.0,110.0,117.0,129.0,129.0,117.0,1.0,0.0,0.0,2.0,True
22400013,215,215,107.0,108.0,126.0,144.0,144.0,126.0,1.0,0.0,0.0,1.0,True
22400014,195,195,97.0,98.0,122.0,124.0,124.00012311260633,122.00003468727738,1.0,-0.00012311260633168786,-3.468727737754307e-05,1.0,True
22400015,194,194,97.0,97.0,120.0,115.0,115.0,120.0,1.0,0.0,0.0,0.0,True
22400016,209,209,105.0,104.0,104.0,125.0,125.00002193531927,103.99998782309163,1.0,-2.1935319267640807e-05,1.2176908370520323e-05,1.0,True
22400017,185,185,93.0,92.0,94.0,101.0,101.0,94.0,1.0,0.0,0.0,1.0,True
22400018,191,191,96.0,95.0,83.0,99.0,99.00008846604139,83.00000937513451,1.0,-8.846604139023384e-05,-9.37513451049199e-06,1.0,True
22400019,218,218,110.0,108.0,118.0,123.0,123.0,118.0,1.0,0.0,0.0,2.0,True
22400020,212,212,107.0,105.0,130.0,126.0,126.0,130.0,1.0,0.0,0.0,2.0,True
22400021,188,188,94.0,94.0,117.0,120.0,120.0,117.0,1.0,0.0,0.0,0.0,True
22400022,192,192,96.0,96.0,115.0,116.0,116.00004341415597,115.00001330227386,1.0,-4.341415596798015e-05,-1.3302273856652391e-05,0.0,True
22400023,223,223,112.0,111.0,122.0,110.0,110.0,122.0,1.0,0.0,0.0,1.0,True
22400024,201,201,100.0,101.0,91.0,132.0,132.0,91.0,1.0,0.0,0.0,1.0,True
22400025,199,199,100.0,99.0,104.0,110.0,110.0,104.0,1.0,0.0,0.0,1.0,True
22400026,199,199,100.0,99.0,118.0,124.0,123.9999956428952,118.00004421966645,1.0,4.357104799623812e-06,-4.421966644940767e-05,1.0,True
22400027,184,184,92.0,92.0,98.0,113.0,113.0,98.0,1.0,0.0,0.0,0.0,True
22400028,205,205,102.0,103.0,108.0,96.0,96.00010472730041,107.99999569634257,1.0,-0.00010472730041044542,4.303657433979424e-06,1.0,True
22400029,209,209,104.0,105.0,116.0,129.0,128.99999958481808,117.00009355588821,1.0,4.1518191551404016e-07,-1.0000935558882134,1.0,False
22400030,216,216,108.0,108.0,122.0,136.0,136.0,122.0,1.0,0.0,0.0,0.0,True
22400031,206,206,103.0,103.0,88.0,116.0,116.0,88.0,1.0,0.0,0.0,0.0,True
22400032,199,199,99.0,100.0,112.0,108.0,108.00000857289899,112.0000424791517,1.0,-8.572898991587863e-06,-4.2479151701968476e-05,1.0,True
22400033,200,200,100.0,100.0,123.0,120.0,120.0,123.0,1.0,0.0,0.0,0.0,True
22400034,198,198,98.0,100.0,88.0,104.0,104.0,88.0,1.0,0.0,0.0,2.0,True
22400035,215,215,107.0,108.0,127.0,108.0,108.0,127.0,1.0,0.0,0.0,1.0,True
22400036,174,174,87.0,87.0,106.0,103.0,103.0,106.0,1.0,0.0,0.0,0.0,True
22400037,213,213,107.0,106.0,117.0,111.0,111.0,117.0,1.0,0.0,0.0,1.0,True
22400038,201,201,101.0,100.0,128.0,115.0,115.0,128.0,1.0,0.0,0.0,1.0,True
22400039,200,200,100.0,100.0,100.0,127.0,127.00002924798825,99.9999867793277,1.0,-2.924798825176822e-05,1.3220672300917613e-05,0.0,True
22400040,184,184,92.0,92.0,99.0,98.0,98.00016113502478,99.00003740182245,1.0,-0.00016113502478276587,-3.7401822453375644e-05,0.0,True
22400041,205,205,102.0,103.0,101.0,117.0,117.0,101.0,1.0,0.0,0.0,1.0,True
22400042,205,205,103.0,102.0,109.0,120.0,120.0,109.0,1.0,0.0,0.0,1.0,True
22400043,193,193,96.0,97.0,123.0,100.0,99.99999052132756,122.99997417085032,1.0,9.478672438945068e-06,2.582914967774741e-05,1.0,True
22400044,189,189,94.0,95.0,92.0,93.0,93.0,92.0,1.0,0.0,0.0,1.0,True
22400045,202,202,101.0,101.0,130.0,106.0,106.00002133098464,130.00000786423197,1.0,-2.1330984637302208e-05,-7.864231974963332e-06,0.0,True
22400046,191,191,95.0,96.0,111.0,121.0,121.0,111.0,1.0,0.0,0.0,1.0,True
22400047,208,208,105.0,103.0,138.0,129.0,129.0,138.0,1.0,0.0,0.0,2.0,True
22400048,184,184,92.0,92.0,101.0,93.0,93.0,101.0,1.0,0.0,0.0,0.0,True
22400049,195,195,97.0,98.0,106.0,115.0,115.0,106.0,1.0,0.0,0.0,1.0,True
22400050,186,186,93.0,93.0,110.0,104.0,104.00002192821033,110.00007929188781,1.0,-2.192821033020209e-05,-7.92918878147475e-05,0.0,True
22400051,205,205,103.0,102.0,87.0,118.0,117.99997829695768,87.00008170476195,1.0,2.1703042321519206e-05,-8.170476195346055e-05,1.0,True
22400052,201,201,100.0,101.0,128.0,107.0,107.0000725003609,128.00004642822736,1.0,-7.250036090056255e-05,-4.642822736400376e-05,1.0,True
22400053,202,202,101.0,101.0,106.0,121.0,121.0,106.0,1.0,0.0,0.0,0.0,True
22400054,215,215,107.0,108.0,111.0,122.0,122.0,111.0,1.0,0.0,0.0,1.0,True
22400055,191,191,95.0,96.0,106.0,133.0,132.99998500502252,106.00001697516625,1.0,1.4994977476590066e-05,-1.697516624687978e-05,1.0,True
22400056,214,214,107.0,107.0,116.0,121.0,121.00003199856508,116.00006981074942,1.0,-3.199856507762888e-05,-6.981074942302712e-05,0.0,True
22400057,198,198,99.0,99.0,93.0,104.0,104.0,93.0,1.0,0.0,0.0,0.0,True
22400058,210,210,105.0,105.0,115.0,119.0,119.00001093829358,115.00002770330504,1.0,-1.0938293584672465e-05,-2.7703305036652637e-05,0.0,True
22400059,188,188,94.0,94.0,111.0,120.0,120.0000786514257,111.00001111899978,1.0,-7.86514256958526e-05,-1.1118999779569094e-05,0.0,True
22400060,183,183,91.0,92.0,105.0,127.0,127.0,105.0,1.0,0.0,0.0,1.0,True
22400061,179,179,89.0,90.0,109.0,132.0,132.0,109.0,1.0,0.0,0.0,1.0,True
22400062,189,189,94.0,95.0,103.0,110.0,110.0,103.0,1.0,0.0,0.0,1.0,True
22400063,197,197,99.0,98.0,115.0,109.0,109.00007323121291,115.00009071780731,1.0,-7.323121290880863e-05,-9.071780731062518e-05,1.0,True
22400064,209,209,105.0,104.0,116.0,120.0,120.0,116.0,1.0,0.0,0.0,1.0,True
22400065,195,195,97.0,98.0,116.0,97.0,97.0,116.0,1.0,0.0,0.0,1.0,True
22400066,198,198,98.0,100.0,124.0,109.0,109.0,124.0,1.0,0.0,0.0,2.0,True
22400067,201,201,101.0,100.0,136.0,106.0,106.0,136.0,1.0,0.0,0.0,1.0,True
22400068,192,192,96.0,96.0,110.0,105.0,105.00011097259024,110.00008633692659,1.0,-0.00011097259023529205,-8.633692658577274e-05,0.0,True
22400069,215,215,107.0,108.0,111.0,123.0,123.00006571481389,110.999982684859,1.0,-6.571481388562006e-05,1.7315140993900968e-05,1.0,True
22400070,207,207,103.0,104.0,126.0,124.0,124.0,126.0,1.0,0.0,0.0,1.0,True
22400071,225,225,112.0,113.0,116.0,113.0,113.0,116.0,1.0,0.0,0.0,1.0,True
22400072,215,215,107.0,108.0,139.0,104.0,104.00002366526776,140.0000357732856,1.0,-2.3665267761430187e-05,-1.000035773285589,1.0,False
22400073,206,206,103.0,103.0,122.0,102.0,102.0,122.0,1.0,0.0,0.0,0.0,True
22400074,208,208,104.0,104.0,109.0,120.0,120.0,109.0,1.0,0.0,0.0,0.0,True
22400075,196,196,98.0,98.0,102.0,87.0,87.00002714352728,102.00002628522246,1.0,-2.7143527276507484e-05,-2.6285222460842306e-05,0.0,True
22400076,203,203,101.0,102.0,117.0,115.0,115.00000268388378,117.00003036786497,1.0,-2.6838837783316194e-06,-3.0367864965796798e-05,1.0,True
22400077,196,196,99.0,97.0,101.0,116.0,116.0,101.0,1.0,0.0,0.0,2.0,True
22400078,202,202,101.0,101.0,107.0,115.0,114.99999606515661,107.00005490943211,1.0,3.934843391562026e-06,-5.490943210872956e-05,0.0,True
22400079,208,208,103.0,105.0,120.0,125.0,125.00005575325432,120.00004296404339,1.0,-5.575325431550482e-05,-4.2964043387883066e-05,2.0,True
22400080,197,197,98.0,99.0,101.0,113.0,113.00003204002684,101.00008237404442,1.0,-3.204002683787621e-05,-8.237404442468232e-05,1.0,True
22400081,194,194,97.0,97.0,98.0,123.0,123.0,98.0,1.0,0.0,0.0,0.0,True
22400082,215,215,107.0,108.0,108.0,128.0,128.00000937010398,108.00005389079101,1.0,-9.370103981609645e-06,-5.38907910083708e-05,1.0,True
22400083,215,215,108.0,107.0,133.0,122.0,122.0,133.0,1.0,0.0,0.0,1.0,True
22400084,205,205,102.0,103.0,127.0,86.0,86.0,127.0,1.0,0.0,0.0,1.0,True
22400085,202,202,102.0,100.0,116.0,123.0,123.0,116.0,1.0,0.0,0.0,2.0,True
22400086,204,204,102.0,102.0,105.0,103.0,103.00011362954969,105.00004934646445,1.0,-0.00011362954968774375,-4.9346464450650274e-05,0.0,True
22400087,191,191,95.0,96.0,109.0,104.0,104.0,109.0,1.0,0.0,0.0,1.0,True
22400088,197,197,99.0,98.0,114.0,106.0,106.0,114.0,1.0,0.0,0.0,1.0,True
22400089,194,194,97.0,97.0,124.0,118.0,118.0,124.0,1.0,0.0,0.0,0.0,True
22400090,209,209,105.0,104.0,135.0,116.0,116.0,135.0,1.0,0.0,0.0,1.0,True
22400091,227,227,114.0,113.0,114.0,95.0,95.00006947369357,114.00004945049372,1.0,-6.947369357135358e-05,-4.945049371940513e-05,1.0,True
22400092,205,205,103.0,102.0,111.0,124.0,124.0,111.0,1.0,0.0,0.0,1.0,True
22400093,199,199,99.0,100.0,101.0,112.0,112.0,101.0,1.0,0.0,0.0,1.0,True
22400094,191,191,95.0,96.0,106.0,109.0,109.00001170743339,106.00008166611613,1.0,-1.1707433387186938e-05,-8.166611613091845e-05,1.0,True
22400095,195,195,98.0,97.0,102.0,114.0,114.0,102.0,1.0,0.0,0.0,1.0,True
22400096,212,212,106.0,106.0,127.0,131.0,131.00000118077372,127.00006122415475,1.0,-1.1807737223534787e-06,-6.122415474862919e-05,0.0,True
22400097,215,215,108.0,107.0,118.0,114.0,114.0,118.0,1.0,0.0,0.0,1.0,True
22400098,197,197,99.0,98.0,102.0,115.0,115.0,102.0,1.0,0.0,0.0,1.0,True
22400099,193,193,97.0,96.0,103.0,125.0,125.0,103.0,1.0,0.0,0.0,1.0,True
22400100,202,202,100.0,102.0,104.0,128.0,128.00000737960022,104.00003598348478,1.0,-7.379600219792337e-06,-3.598348477851232e-05,2.0,True
22400101,206,206,103.0,103.0,112.0,104.0,104.0,112.0,1.0,0.0,0.0,0.0,True
22400102,200,200,100.0,100.0,115.0,119.0,119.00002385399132,115.00008627255485,1.0,-2.38539913226532e-05,-8.627255485293972e-05,0.0,True
22400103,210,210,104.0,106.0,121.0,119.0,119.0,121.0,1.0,0.0,0.0,2.0,True
22400104,201,201,101.0,100.0,108.0,119.0,119.0,108.0,1.0,0.0,0.0,1.0,True
22400105,190,190,95.0,95.0,98.0,106.0,106.0,98.0,1.0,0.0,0.0,0.0,True
22400106,192,192,96.0,96.0,110.0,104.0,104.0,110.0,1.0,0.0,0.0,0.0,True
22400107,225,225,112.0,113.0,127.0,125.0,125.0,127.0,1.0,0.0,0.0,1.0,True
22400108,208,208,104.0,104.0,126.0,123.0,123.0,126.0,1.0,0.0,0.0,0.0,True
22400109,186,186,92.0,94.0,106.0,101.0,101.00002645803477,106.00002177539774,1.0,-2.645803476752917e-05,-2.177539774095294e-05,2.0,True
22400110,198,198,98.0,100.0,102.0,110.0,110.0,102.0,1.0,0.0,0.0,2.0,True
22400111,192,192,96.0,96.0,105.0,109.0,109.0,105.0,1.0,0.0,0.0,0.0,True
22400112,195,195,97.0,98.0,98.0,111.0,111.0,98.0,1.0,0.0,0.0,1.0,True
22400113,210,210,104.0,106.0,144.0,139.0,139.0,144.0,1.0,0.0,0.0,2.0,True
22400114,195,195,98.0,97.0,120.0,114.0,114.0,120.0,1.0,0.0,0.0,1.0,True
22400115,194,194,98.0,96.0,113.0,96.0,96.0,113.0,1.0,0.0,0.0,2.0,True
22400116,190,190,94.0,96.0,106.0,124.0,124.0,106.0,1.0,0.0,0.0,2.0,True
22400117,205,205,102.0,103.0,133.0,138.0,138.0,133.0,1.0,0.0,0.0,1.0,True
22400118,210,210,105.0,105.0,110.0,134.0,134.0,110.0,1.0,0.0,0.0,0.0,True
22400119,234,234,117.0,117.0,132.0,135.0,135.0,132.0,1.0,0.0,0.0,0.0,True
22400120,183,183,91.0,92.0,105.0,95.0,95.00001288002846,105.00002409059988,1.0,-1.288002846422387e-05,-2.4090599879400543e-05,1.0,True
22400121,210,210,106.0,104.0,120.0,133.0,133.00002069127228,120.00004945915892,1.0,-2.069127228310208e-05,-4.945915891596542e-05,2.0,True
22400122,188,188,94.0,94.0,116.0,107.0,107.0,116.0,1.0,0.0,0.0,0.0,True
22400123,202,202,101.0,101.0,99.0,102.0,102.0,99.0,1.0,0.0,0.0,0.0,True
22400124,194,194,97.0,97.0,119.0,106.0,106.0,119.0,1.0,0.0,0.0,0.0,True
22400125,198,198,100.0,98.0,93.0,105.0,105.0,93.0,1.0,0.0,0.0,2.0,True
22400126,186,186,93.0,93.0,89.0,104.0,104.0,89.0,1.0,0.0,0.0,0.0,True
22400127,188,188,94.0,94.0,106.0,105.0,105.0,106.0,1.0,0.0,0.0,0.0,True
22400128,205,205,102.0,103.0,99.0,122.0,122.0,99.0,1.0,0.0,0.0,1.0,True
22400129,188,188,93.0,95.0,108.0,102.0,102.00011614271878,107.99998537200736,1.0,-0.00011614271878102045,1.4627992641180754e-05,2.0,True
22400130,199,199,100.0,99.0,106.0,88.0,88.0,106.0,1.0,0.0,0.0,1.0,True
22400131,200,200,100.0,100.0,125.0,119.0,119.0,125.0,1.0,0.0,0.0,0.0,True
22400132,191,191,96.0,95.0,124.0,109.0,109.0,124.0,1.0,0.0,0.0,1.0,True
22400133,203,203,101.0,102.0,109.0,120.0,120.0,109.0,1.0,0.0,0.0,1.0,True
22400134,196,196,98.0,98.0,128.0,98.0,98.0,128.0,1.0,0.0,0.0,0.0,True
22400135,208,208,104.0,104.0,123.0,115.0,115.0,123.0,1.0,0.0,0.0,0.0,True
22400136,201,201,100.0,101.0,112.0,120.0,120.0,112.0,1.0,0.0,0.0,1.0,True
22400137,205,205,102.0,103.0,131.0,125.0,125.0,131.0,1.0,0.0,0.0,1.0,True
22400138,196,196,98.0,98.0,118.0,125.0,125.0,118.0,1.0,0.0,0.0,0.0,True
22400139,198,198,99.0,99.0,116.0,119.0,119.0,116.0,1.0,0.0,0.0,0.0,True
22400140,198,198,99.0,99.0,137.0,114.0,114.00010262536894,136.99995621190124,1.0,-0.00010262536893890228,4.3788098764707684e-05,0.0,True
22400141,192,192,97.0,95.0,113.0,103.0,102.99999101971426,113.00004471684112,1.0,8.980285741699845e-06,-4.471684111706509e-05,2.0,True
22400142,194,194,98.0,96.0,124.0,107.0,107.00003168155345,124.00001547930573,1.0,-3.168155345179002e-05,-1.5479305730536908e-05,2.0,True
22400143,231,231,115.0,116.0,128.0,131.0,131.0,128.0,1.0,0.0,0.0,1.0,True
22400144,212,212,106.0,106.0,127.0,121.0,121.00006759746098,127.00006663390234,1.0,-6.759746098339292e-05,-6.663390233541122e-05,0.0,True
22400145,191,191,95.0,96.0,114.0,113.0,113.0,114.0,1.0,0.0,0.0,1.0,True
22400146,190,190,95.0,95.0,103.0,113.0,113.00003203446985,103.00000883908595,1.0,-3.203446985367009e-05,-8.839085950285153e-06,0.0,True
22400148,209,209,105.0,104.0,103.0,129.0,129.00007478000884,102.9999964263195,1.0,-7.478000884475478e-05,3.5736805017450024e-06,1.0,True
22400149,205,205,102.0,103.0,97.0,103.0,103.0000166526727,97.00004741127874,1.0,-1.6652672698569404e-05,-4.741127874297035e-05,1.0,True
22400150,200,200,100.0,100.0,105.0,92.0,92.00013735426006,105.00007784483864,1.0,-0.00013735426006178386,-7.784483864270442e-05,0.0,True
22400151,186,186,94.0,92.0,106.0,92.0,92.00003491511018,106.00004652153999,1.0,-3.491511017728044e-05,-4.652153998563335e-05,2.0,True
22400152,193,193,96.0,97.0,126.0,111.0,111.0,126.0,1.0,0.0,0.0,1.0,True
22400153,200,200,100.0,100.0,85.0,108.0,108.0,85.0,1.0,0.0,0.0,0.0,True
22400154,201,201,100.0,101.0,114.0,116.0,116.0,114.0,1.0,0.0,0.0,1.0,True
22400155,205,205,103.0,102.0,125.0,112.0,112.0,125.0,1.0,0.0,0.0,1.0,True
22400156,196,196,97.0,99.0,103.0,115.0,115.0,103.0,1.0,0.0,0.0,2.0,True
22400157,208,208,104.0,104.0,123.0,93.0,93.0,123.0,1.0,0.0,0.0,0.0,True
22400158,185,185,93.0,92.0,104.0,106.0,106.0,104.0,1.0,0.0,0.0,1.0,True
22400159,184,184,91.0,93.0,111.0,110.0,110.0,111.0,1.0,0.0,0.0,2.0,True
22400160,206,206,103.0,103.0,135.0,126.0,126.00004942102832,134.99998943998852,1.0,-4.942102832217188e-05,1.0560011475035935e-05,0.0,True
22400161,185,185,92.0,93.0,97.0,109.0,109.00000937850594,97.00004241482965,1.0,-9.378505936297188e-06,-4.2414829650283536e-05,1.0,True
22400162,193,193,97.0,96.0,93.0,114.0,114.0,93.0,1.0,0.0,0.0,1.0,True
22400163,201,201,100.0,101.0,86.0,102.0,102.0001635801832,86.00007454889057,1.0,-0.00016358018319806433,-7.454889056646152e-05,1.0,True
22400164,184,184,92.0,92.0,118.0,100.0,100.0,118.0,1.0,0.0,0.0,0.0,True
22400165,208,208,104.0,104.0,134.0,127.0,127.0,134.0,1.0,0.0,0.0,0.0,True
22400166,203,203,102.0,101.0,119.0,121.0,121.00004943058157,119.00006565311358,1.0,-4.943058156925417e-05,-6.565311358031067e-05,1.0,True
22400167,200,200,100.0,100.0,116.0,118.0,118.0,116.0,1.0,0.0,0.0,0.0,True
22400168,183,183,91.0,92.0,104.0,113.0,113.0,104.0,1.0,0.0,0.0,1.0,True
22400169,201,201,100.0,101.0,107.0,108.0,108.0,107.0,1.0,0.0,0.0,1.0,True
22400170,191,191,96.0,95.0,111.0,118.0,118.0,111.0,1.0,0.0,0.0,1.0,True
22400171,197,197,98.0,99.0,116.0,121.0,121.0,116.0,1.0,0.0,0.0,1.0,True
22400172,192,192,96.0,96.0,118.0,112.0,112.0,118.0,1.0,0.0,0.0,0.0,True
22400173,203,203,101.0,102.0,100.0,127.0,127.0,100.0,1.0,0.0,0.0,1.0,True
22400174,205,205,102.0,103.0,114.0,131.0,131.0,114.0,1.0,0.0,0.0,1.0,True
22400175,198,198,100.0,98.0,131.0,122.0,122.0,131.0,1.0,0.0,0.0,2.0,True
22400176,211,211,106.0,105.0,99.0,119.0,119.0,99.0,1.0,0.0,0.0,1.0,True
22400177,217,217,108.0,109.0,122.0,124.0,124.00014868934909,122.00002381268231,1.0,-0.00014868934908918163,-2.3812682314883205e-05,1.0,True
22400178,194,194,96.0,98.0,112.0,115.0,115.0,112.0,1.0,0.0,0.0,2.0,True
22400179,179,179,90.0,89.0,98.0,110.0,110.0,98.0,1.0,0.0,0.0,1.0,True
22400180,189,189,94.0,95.0,107.0,122.0,122.0,107.0,1.0,0.0,0.0,1.0,True
22400181,193,193,97.0,96.0,135.0,119.0,119.0,135.0,1.0,0.0,0.0,1.0,True
22400182,192,192,96.0,96.0,100.0,123.0,123.0,100.0,1.0,0.0,0.0,0.0,True
22400183,186,186,93.0,93.0,105.0,118.0,117.99996854489929,105.00003485938358,1.0,3.145510071078661e-05,-3.4859383575280845e-05,0.0,True
22400184,189,189,94.0,95.0,83.0,103.0,103.0,83.0,1.0,0.0,0.0,1.0,True
22400185,213,213,107.0,106.0,121.0,122.0,122.0,121.0,1.0,0.0,0.0,1.0,True
22400186,191,191,95.0,96.0,88.0,115.0,115.0,88.0,1.0,0.0,0.0,1.0,True
22400187,201,201,100.0,101.0,104.0,108.0,107.99996920938231,104.00004658067006,1.0,3.079061768573865e-05,-4.658067005891553e-05,1.0,True
22400188,215,215,108.0,107.0,117.0,136.0,136.0,117.0,1.0,0.0,0.0,1.0,True
22400189,188,188,94.0,94.0,94.0,116.0,116.0,94.0,1.0,0.0,0.0,0.0,True
22400190,182,182,90.0,92.0,114.0,113.0,113.0,114.0,1.0,0.0,0.0,2.0,True
22400191,211,211,105.0,106.0,104.0,128.0,128.0,104.0,1.0,0.0,0.0,1.0,True
22400192,204,204,101.0,103.0,107.0,126.0,126.00001111639136,107.00004702655232,1.0,-1.1116391362975264e-05,-4.702655232335928e-05,2.0,True
22400193,206,206,103.0,103.0,102.0,127.0,127.0,102.0,1.0,0.0,0.0,0.0,True
22400194,204,204,102.0,102.0,122.0,135.0,135.0,122.0,1.0,0.0,0.0,0.0,True
22400195,192,192,96.0,96.0,106.0,116.0,116.0,106.0,1.0,0.0,0.0,0.0,True
22400196,194,194,98.0,96.0,107.0,98.0,98.0,107.0,1.0,0.0,0.0,2.0,True
22400197,207,207,103.0,104.0,111.0,110.0,110.00010060469599,111.00002132970252,1.0,-0.00010060469598727195,-2.1329702519778948e-05,1.0,True
22400198,208,208,104.0,104.0,125.0,113.0,113.0,125.0,1.0,0.0,0.0,0.0,True
22400199,183,183,92.0,91.0,100.0,105.0,105.0,100.0,1.0,0.0,0.0,1.0,True
22400200,193,193,97.0,96.0,103.0,105.0,105.00006039169206,103.00007373747775,1.0,-6.03916920596248e-05,-7.373747774863659e-05,1.0,True
22400201,189,189,94.0,95.0,101.0,99.0,99.00002539256418,101.00002929679124,1.0,-2.539256418288005e-05,-2.929679124008544e-05,1.0,True
22400202,193,193,97.0,96.0,113.0,107.0,107.0,113.0,1.0,0.0,0.0,1.0,True
22400203,194,194,97.0,97.0,121.0,132.0,132.00003660855504,121.00002965263243,1.0,-3.660855503540006e-05,-2.965263243481786e-05,0.0,True
22400204,186,186,93.0,93.0,94.0,121.0,121.0,94.0,1.0,0.0,0.0,0.0,True
22400205,213,213,107.0,106.0,105.0,107.0,107.00003403109686,105.00001876402114,1.0,-3.403109685962136e-05,-1.876402113509812e-05,1.0,True
22400206,197,197,99.0,98.0,95.0,94.0,94.00005051236266,95.00006010027772,1.0,-5.0512362662402666e-05,-6.0100277721630846e-05,1.0,True
22400207,197,197,98.0,99.0,127.0,116.0,116.0,127.0,1.0,0.0,0.0,1.0,True
22400208,198,198,99.0,99.0,120.0,122.0,122.0,120.0,1.0,0.0,0.0,0.0,True
22400209,225,225,113.0,112.0,127.0,118.0,118.00006571811524,127.00002353545099,1.0,-6.571811523770066e-05,-2.3535450992540063e-05,1.0,True
22400210,220,220,110.0,110.0,134.0,89.0,89.0,134.0,1.0,0.0,0.0,0.0,True
22400211,181,181,90.0,91.0,103.0,123.0,123.0,103.0,1.0,0.0,0.0,1.0,True
22400212,207,207,104.0,103.0,119.0,113.0,113.000011941822,119.00016169819168,1.0,-1.1941821995264945e-05,-0.0001616981916754412,1.0,True
22400213,202,202,101.0,101.0,92.0,107.0,107.00004151447901,92.00003427969139,1.0,-4.151447900824223e-05,-3.427969139124798e-05,0.0,True
22400214,188,188,94.0,94.0,107.0,105.0,105.0,107.0,1.0,0.0,0.0,0.0,True
22400215,200,200,100.0,100.0,128.0,134.0,134.00001200923748,128.00000527927372,1.0,-1.2009237480015145e-05,-5.279273722180733e-06,0.0,True
22400216,191,191,96.0,95.0,96.0,116.0,116.0,96.0,1.0,0.0,0.0,1.0,True
22400217,194,194,97.0,97.0,90.0,94.0,94.0,90.0,1.0,0.0,0.0,0.0,True
22400218,191,191,96.0,95.0,139.0,114.0,114.0,139.0,1.0,0.0,0.0,1.0,True
22400219,206,206,102.0,104.0,124.0,123.0,123.0,124.0,1.0,0.0,0.0,2.0,True
22400220,191,191,95.0,96.0,114.0,106.0,106.0,114.0,1.0,0.0,0.0,1.0,True
22400221,188,188,94.0,94.0,88.0,106.0,106.0,88.0,1.0,0.0,0.0,0.0,True
22400222,198,198,98.0,100.0,103.0,111.0,110.99996207660537,103.00006207391094,1.0,3.7923394629046925e-05,-6.207391093937531e-05,2.0,True
22400223,213,213,106.0,107.0,120.0,127.0,126.99999438105397,120.00002953502319,1.0,5.618946033791872e-06,-2.9535023188032028e-05,1.0,True
22400224,213,213,106.0,107.0,130.0,139.0,139.0,130.0,1.0,0.0,0.0,1.0,True
22400225,211,211,105.0,106.0,123.0,128.0,128.0,123.0,1.0,0.0,0.0,1.0,True
22400226,202,202,101.0,101.0,98.0,106.0,106.00008550464797,97.99998772106225,1.0,-8.550464796996948e-05,1.227893774569111e-05,0.0,True
22400227,192,192,97.0,95.0,104.0,127.0,127.0,104.0,1.0,0.0,0.0,2.0,True
22400228,192,192,96.0,96.0,113.0,115.0,115.0,113.0,1.0,0.0,0.0,0.0,True
22400229,192,192,96.0,96.0,114.0,115.0,114.99999696886937,114.00003185512824,1.0,3.031130631825363e-06,-3.185512824188663e-05,0.0,True
22400230,196,196,97.0,99.0,123.0,126.0,126.0,123.0,1.0,0.0,0.0,2.0,True
22400231,180,180,90.0,90.0,104.0,99.0,99.00001038367998,104.00007422014697,1.0,-1.0383679978076543e-05,-7.422014697056056e-05,0.0,True
22400232,197,197,99.0,98.0,93.0,110.0,110.0,93.0,1.0,0.0,0.0,1.0,True
22400233,190,190,95.0,95.0,117.0,121.0,121.00011802268868,116.99996785115525,1.0,-0.00011802268868166266,3.2148844752555306e-05,0.0,True
22400234,191,191,95.0,96.0,117.0,120.0,120.00002506652247,117.00003039730892,1.0,-2.5066522468364383e-05,-3.0397308918850285e-05,1.0,True
22400235,186,186,92.0,94.0,110.0,119.0,119.00002584066179,110.00009121197279,1.0,-2.584066179167621e-05,-9.121197278716409e-05,2.0,True
22400236,200,200,99.0,101.0,114.0,128.0,128.00001359021172,114.00001005727967,1.0,-1.3590211722203094e-05,-1.0057279666852992e-05,2.0,True
22400237,200,200,100.0,100.0,124.0,104.0,104.0,124.0,1.0,0.0,0.0,0.0,True
22400238,194,194,97.0,97.0,90.0,105.0,105.0,90.0,1.0,0.0,0.0,0.0,True
22400239,203,203,101.0,102.0,110.0,114.0,114.00005061008613,110.00006683968623,1.0,-5.061008613438389e-05,-6.68396862266718e-05,1.0,True
22400240,175,175,87.0,88.0,104.0,114.0,114.10898718584605,103.89114713390056,1.0,-0.10898718584604694,0.1088528660994399,1.0,True
22400241,224,224,113.0,111.0,143.0,107.0,107.0,143.0,1.0,0.0,0.0,2.0,True
22400242,192,192,96.0,96.0,121.0,119.0,119.0,121.0,1.0,0.0,0.0,0.0,True
22400243,191,191,95.0,96.0,105.0,116.0,116.0,105.0,1.0,0.0,0.0,1.0,True
22400244,194,194,97.0,97.0,122.0,112.0,112.0,122.0,1.0,0.0,0.0,0.0,True
22400245,203,203,102.0,101.0,89.0,106.0,106.0,89.0,1.0,0.0,0.0,1.0,True
22400246,190,190,95.0,95.0,106.0,134.0,134.0,106.0,1.0,0.0,0.0,0.0,True
22400247,208,208,103.0,105.0,119.0,130.0,130.00012062185007,118.99998189273342,1.0,-0.00012062185007266635,1.810726658391104e-05,2.0,True
22400248,197,197,98.0,99.0,100.0,101.0,100.8703067742308,100.12990450743402,1.0,0.12969322576920206,-0.12990450743401993,1.0,True
22400249,176,176,88.0,88.0,109.0,99.0,99.0,109.0,1.0,0.0,0.0,0.0,True
22400250,194,194,97.0,97.0,109.0,108.0,108.00000769235851,109.00008708131779,1.0,-7.692358508393227e-06,-8.708131778689676e-05,0.0,True
22400251,204,204,102.0,102.0,99.0,102.0,102.0,99.0,1.0,0.0,0.0,0.0,True
22400252,189,189,95.0,94.0,100.0,128.0,128.0,100.0,1.0,0.0,0.0,1.0,True
22400253,191,191,95.0,96.0,106.0,122.0,122.0,106.0,1.0,0.0,0.0,1.0,True
22400254,224,224,111.0,113.0,113.0,130.0,130.00002792012933,112.99999424608774,1.0,-2.7920129326730603e-05,5.75391226220745e-06,2.0,True
22400255,198,198,98.0,100.0,111.0,117.0,117.0,111.0,1.0,0.0,0.0,2.0,True
22400256,198,198,99.0,99.0,99.0,109.0,109.00010013950147,99.00001551618742,1.0,-0.00010013950146969819,-1.5516187417574656e-05,0.0,True
22400257,203,203,101.0,102.0,138.0,122.0,122.0,138.0,1.0,0.0,0.0,1.0,True
22400258,223,223,112.0,111.0,97.0,120.0,120.0,97.0,1.0,0.0,0.0,1.0,True
22400259,191,191,96.0,95.0,93.0,104.0,104.0,93.0,1.0,0.0,0.0,1.0,True
22400260,211,211,105.0,106.0,121.0,123.0,122.99999973967046,121.00005769373074,1.0,2.6032954281163256e-07,-5.7693730738606064e-05,1.0,True
22400261,195,195,98.0,97.0,105.0,110.0,110.00001510122657,105.00004485490841,1.0,-1.5101226566116566e-05,-4.485490840977491e-05,1.0,True
22400262,212,212,106.0,106.0,117.0,126.0,126.0,118.0,1.0,0.0,-1.0,0.0,False
22400263,194,194,97.0,97.0,119.0,118.0,118.00005431580729,119.0000073016458,1.0,-5.431580729009511e-05,-7.301645794655087e-06,0.0,True
22400264,205,205,102.0,103.0,106.0,121.0,121.0,106.0,1.0,0.0,0.0,1.0,True
22400265,181,181,90.0,91.0,100.0,111.0,111.0,100.0,1.0,0.0,0.0,1.0,True
22400266,206,206,103.0,103.0,142.0,131.0,131.0,142.0,1.0,0.0,0.0,0.0,True
22400267,197,197,99.0,98.0,103.0,98.0,98.00005238626302,104.00004120819361,1.0,-5.238626302173088e-05,-1.0000412081936076,1.0,False
22400268,207,207,104.0,103.0,119.0,125.0,125.00003879079208,119.00003688231115,1.0,-3.8790792075360514e-05,-3.6882311150066016e-05,1.0,True
22400269,182,182,91.0,91.0,94.0,104.0,104.0,94.0,1.0,0.0,0.0,0.0,True
22400270,202,202,101.0,101.0,127.0,102.0,102.00009977287324,126.99995811186164,1.0,-9.97728732414771e-05,4.188813835526162e-05,0.0,True
22400271,180,180,90.0,90.0,105.0,107.0,107.0,105.0,1.0,0.0,0.0,0.0,True
22400272,198,198,100.0,98.0,103.0,115.0,114.99997285237943,103.00005129030184,1.0,2.714762057109965e-05,-5.129030184036765e-05,2.0,True
22400273,222,222,111.0,111.0,118.0,123.0,123.00006344519917,118.00000431969345,1.0,-6.3445199174339e-05,-4.3196934456091185e-06,0.0,True
22400274,192,192,96.0,96.0,125.0,99.0,99.0,125.0,1.0,0.0,0.0,0.0,True
22400275,203,203,102.0,101.0,108.0,122.0,122.0,108.0,1.0,0.0,0.0,1.0,True
22400276,188,188,95.0,93.0,108.0,103.0,103.00009546699633,107.9999969840164,1.0,-9.546699632778655e-05,3.0159835944232327e-06,2.0,True
22400277,186,186,93.0,93.0,95.0,84.0,84.0,95.0,1.0,0.0,0.0,0.0,True
22400278,185,185,92.0,93.0,100.0,102.0,102.0,100.0,1.0,0.0,0.0,1.0,True
22400279,205,205,103.0,102.0,110.0,114.0,114.0,110.0,1.0,0.0,0.0,1.0,True
22400280,223,223,112.0,111.0,129.0,119.0,119.0,129.0,1.0,0.0,0.0,1.0,True
22400281,196,196,98.0,98.0,94.0,126.0,126.00001098536006,94.00004424441201,1.0,-1.0985360063386906e-05,-4.4244412009675216e-05,0.0,True
22400282,207,207,103.0,104.0,98.0,123.0,123.0,98.0,1.0,0.0,0.0,1.0,True
22400283,201,201,100.0,101.0,145.0,118.0,118.0,145.0,1.0,0.0,0.0,1.0,True
22400284,198,198,99.0,99.0,128.0,120.0,120.00002257191132,128.0000041531287,1.0,-2.257191131604941e-05,-4.153128713824117e-06,0.0,True
22400285,196,196,98.0,98.0,130.0,109.0,109.0,130.0,1.0,0.0,0.0,0.0,True
22400286,186,186,93.0,93.0,98.0,94.0,94.00005335862123,98.0000075761796,1.0,-5.33586212299042e-05,-7.576179598345334e-06,0.0,True
22400287,211,211,105.0,106.0,135.0,124.0,124.0,135.0,1.0,0.0,0.0,1.0,True
22400288,185,185,93.0,92.0,114.0,121.0,121.0,114.0,1.0,0.0,0.0,1.0,True
22400289,207,207,103.0,104.0,119.0,133.0,133.0,119.0,1.0,0.0,0.0,1.0,True
22400290,219,219,110.0,109.0,122.0,115.0,115.00010311155161,122.00000716952884,1.0,-0.00010311155160991348,-7.169528842609907e-06,1.0,True
22400291,202,202,101.0,101.0,121.0,96.0,95.99999323703247,121.00005039535561,1.0,6.762967529994057e-06,-5.0395355614796244e-05,0.0,True
22400292,194,194,97.0,97.0,114.0,129.0,129.0,114.0,1.0,0.0,0.0,0.0,True
22400293,209,209,105.0,104.0,111.0,131.0,131.0,111.0,1.0,0.0,0.0,1.0,True
22400294,197,197,99.0,98.0,115.0,104.0,104.0,115.0,1.0,0.0,0.0,1.0,True
22400295,202,202,100.0,102.0,119.0,93.0,93.0,119.0,1.0,0.0,0.0,2.0,True
22400296,190,190,95.0,95.0,119.0,101.0,101.0,119.0,1.0,0.0,0.0,0.0,True
22400297,203,203,102.0,101.0,127.0,117.0,117.0,127.0,1.0,0.0,0.0,1.0,True
22400298,188,188,94.0,94.0,122.0,103.0,103.0,122.0,1.0,0.0,0.0,0.0,True
22400299,200,200,99.0,101.0,105.0,101.0,101.00004623725727,105.00002105099892,1.0,-4.623725726560224e-05,-2.1050998924465603e-05,2.0,True
22400300,195,195,97.0,98.0,107.0,104.0,104.0,107.0,1.0,0.0,0.0,1.0,True
22400301,196,196,98.0,98.0,111.0,96.0,96.0,111.0,1.0,0.0,0.0,0.0,True
22400302,202,202,100.0,102.0,114.0,124.0,124.0,114.0,1.0,0.0,0.0,2.0,True
22400303,196,196,97.0,99.0,105.0,113.0,113.00002487960292,105.00006598357348,1.0,-2.4879602918304045e-05,-6.598357347797901e-05,2.0,True
22400304,192,192,96.0,96.0,106.0,94.0,94.0,106.0,1.0,0.0,0.0,0.0,True
22400305,195,195,98.0,97.0,100.0,92.0,91.99977871843072,100.00030615227101,1.0,0.0002212815692814729,-0.0003061522710083864,1.0,True
22400306,216,216,108.0,108.0,121.0,136.0,136.00004502059878,120.99996678790515,1.0,-4.502059877609099e-05,3.321209484852261e-05,0.0,True
22400307,206,206,104.0,102.0,111.0,115.0,115.00009579713092,111.00005100346795,1.0,-9.57971309247796e-05,-5.1003467945065495e-05,2.0,True
22400308,199,199,99.0,100.0,85.0,118.0,118.0,85.0,1.0,0.0,0.0,1.0,True
22400309,201,201,101.0,100.0,116.0,119.0,119.00006526519356,116.00002408281769,1.0,-6.526519355531946e-05,-2.408281768850884e-05,1.0,True
22400310,198,198,99.0,99.0,116.0,119.0,119.00004831680087,116.00006677472471,1.0,-4.831680087136192e-05,-6.677472471494639e-05,0.0,True
22400311,184,184,92.0,92.0,105.0,104.0,104.0,105.0,1.0,0.0,0.0,0.0,True
22400312,204,204,103.0,101.0,137.0,131.0,131.0,137.0,1.0,0.0,0.0,2.0,True
22400313,199,199,100.0,99.0,127.0,125.0,125.0,127.0,1.0,0.0,0.0,1.0,True
22400314,203,203,101.0,102.0,122.0,126.0,126.0,122.0,1.0,0.0,0.0,1.0,True
22400315,211,211,106.0,105.0,112.0,124.0,124.0,112.0,1.0,0.0,0.0,1.0,True
22400316,191,191,95.0,96.0,89.0,108.0,108.0,89.0,1.0,0.0,0.0,1.0,True
22400317,207,207,103.0,104.0,102.0,128.0,128.0,102.0,1.0,0.0,0.0,1.0,True
22400318,192,192,97.0,95.0,80.0,109.0,109.0,80.0,1.0,0.0,0.0,2.0,True
22400319,201,201,100.0,101.0,120.0,130.0,130.0,120.0,1.0,0.0,0.0,1.0,True
22400320,192,192,96.0,96.0,90.0,99.0,99.00004704445986,90.00005418202383,1.0,-4.7044459861922405e-05,-5.4182023831117476e-05,0.0,True
22400321,191,191,95.0,96.0,93.0,134.0,134.0,93.0,1.0,0.0,0.0,1.0,True
22400322,178,178,89.0,89.0,106.0,102.0,101.99998691238878,106.0000460840495,1.0,1.3087611222317719e-05,-4.6084049500905166e-05,0.0,True
22400323,206,206,104.0,102.0,119.0,104.0,104.00001488791325,119.00003844722244,1.0,-1.4887913252437102e-05,-3.844722243684373e-05,2.0,True
22400324,199,199,100.0,99.0,108.0,80.0,80.0,108.0,1.0,0.0,0.0,1.0,True
22400325,217,217,109.0,108.0,114.0,126.0,126.0,114.0,1.0,0.0,0.0,1.0,True
22400326,207,207,104.0,103.0,137.0,101.0,101.0,137.0,1.0,0.0,0.0,1.0,True
22400327,183,183,92.0,91.0,101.0,125.0,125.0,101.0,1.0,0.0,0.0,1.0,True
22400328,207,207,104.0,103.0,129.0,92.0,92.0,129.0,1.0,0.0,0.0,1.0,True
22400329,213,213,106.0,107.0,110.0,115.0,115.00013180368961,110.000022388273,1.0,-0.0001318036896122976,-2.2388272995499392e-05,1.0,True
22400330,207,207,104.0,103.0,124.0,126.0,126.0000117229367,124.00002339209632,1.0,-1.1722936704927633e-05,-2.3392096323959777e-05,1.0,True
22400331,211,211,105.0,106.0,139.0,124.0,123.98254604464053,139.017561483684,1.0,0.01745395535947125,-0.017561483684005452,1.0,True
22400332,193,193,97.0,96.0,93.0,99.0,99.00009713757062,93.00001143928709,1.0,-9.71375706200206e-05,-1.1439287092684935e-05,1.0,True
22400333,190,190,95.0,95.0,94.0,102.0,102.0,94.0,1.0,0.0,0.0,0.0,True
22400334,227,227,112.0,115.0,132.0,134.0,134.0,132.0,1.0,0.0,0.0,3.0,True
22400335,188,188,95.0,93.0,105.0,111.0,111.0,105.0,1.0,0.0,0.0,2.0,True
22400336,207,207,103.0,104.0,132.0,122.0,123.0,132.0,1.0,-1.0,0.0,1.0,False
22400337,205,205,102.0,103.0,140.0,113.0,113.00002075707779,140.00001110544625,1.0,-2.0757077791699885e-05,-1.1105446247938744e-05,1.0,True
22400338,198,198,99.0,99.0,107.0,90.0,90.0,107.0,1.0,0.0,0.0,0.0,True
22400339,208,208,105.0,103.0,141.0,99.0,99.0,141.0,1.0,0.0,0.0,2.0,True
22400340,182,182,91.0,91.0,116.0,102.0,102.0,116.0,1.0,0.0,0.0,0.0,True
22400341,208,208,104.0,104.0,113.0,122.0,122.0,113.0,1.0,0.0,0.0,0.0,True
22400342,202,202,101.0,101.0,119.0,109.0,109.0,119.0,1.0,0.0,0.0,0.0,True
22400343,201,201,101.0,100.0,120.0,111.0,110.99999163502656,120.00006689502779,1.0,8.364973439256573e-06,-6.689502778556289e-05,1.0,True
22400344,208,208,104.0,104.0,125.0,118.0,118.0,125.0,1.0,0.0,0.0,0.0,True
22400345,216,216,108.0,108.0,127.0,121.0,121.0,127.0,1.0,0.0,0.0,0.0,True
22400346,188,188,94.0,94.0,111.0,121.0,121.0,111.0,1.0,0.0,0.0,0.0,True
22400347,204,204,102.0,102.0,108.0,100.0,100.00004789664719,108.00002087678364,1.0,-4.7896647188849784e-05,-2.0876783636936125e-05,0.0,True
22400348,182,182,91.0,91.0,118.0,113.0,113.00000648120931,118.00003302138924,1.0,-6.481209311459679e-06,-3.302138924254905e-05,0.0,True
22400349,204,204,102.0,102.0,113.0,109.0,109.0,113.0,1.0,0.0,0.0,0.0,True
22400350,211,211,106.0,105.0,141.0,111.0,111.0,141.0,1.0,0.0,0.0,1.0,True
22400351,195,195,97.0,98.0,113.0,122.0,122.0,113.0,1.0,0.0,0.0,1.0,True
22400352,199,199,99.0,100.0,110.0,115.0,115.00003190527396,110.0000498644564,1.0,-3.190527395702247e-05,-4.9864456400428026e-05,1.0,True
22400353,216,216,108.0,108.0,140.0,112.0,112.00002725722723,139.99998389571272,1.0,-2.7257227230848002e-05,1.6104287283269514e-05,0.0,True
22400354,204,204,101.0,103.0,116.0,121.0,121.000055086789,115.99999771492848,1.0,-5.508678900412178e-05,2.285071516894277e-06,2.0,True
22400355,188,188,94.0,94.0,106.0,114.0,114.0,106.0,1.0,0.0,0.0,0.0,True
22400356,189,189,94.0,95.0,117.0,106.0,106.0,117.0,1.0,0.0,0.0,1.0,True
22400357,195,195,97.0,98.0,97.0,141.0,141.0,97.0,1.0,0.0,0.0,1.0,True
22400358,193,193,97.0,96.0,98.0,107.0,107.00005867671298,98.00003085667402,1.0,-5.867671298176447e-05,-3.085667401592218e-05,1.0,True
22400359,190,190,94.0,96.0,113.0,108.0,108.0,113.0,1.0,0.0,0.0,2.0,True
22400360,220,220,111.0,109.0,126.0,119.0,119.00005227984182,126.00000677266519,1.0,-5.227984182454293e-05,-6.772665187781968e-06,2.0,True
22400361,190,190,95.0,95.0,105.0,99.0,99.00003624990259,105.00001605381523,1.0,-3.624990259254446e-05,-1.6053815230065993e-05,0.0,True
22400362,200,200,100.0,100.0,114.0,123.0,123.0,114.0,1.0,0.0,0.0,0.0,True
22400363,194,194,97.0,97.0,117.0,108.0,108.0,117.0,1.0,0.0,0.0,0.0,True
22400364,184,184,91.0,93.0,101.0,94.0,94.00002836552467,100.99999423204135,1.0,-2.8365524670448394e-05,5.767958654701033e-06,2.0,True
22400365,200,200,101.0,99.0,113.0,133.0,132.99993906862284,113.00010027027236,1.0,6.0931377163342404e-05,-0.00010027027235537389,2.0,True
22400366,209,209,104.0,105.0,93.0,144.0,144.0,93.0,1.0,0.0,0.0,1.0,True
22400367,202,202,101.0,101.0,133.0,107.0,107.00004014037039,133.00003734088557,1.0,-4.0140370387575786e-05,-3.734088556939241e-05,0.0,True
22400368,195,195,98.0,97.0,118.0,95.0,95.0,118.0,1.0,0.0,0.0,1.0,True
22400369,205,205,103.0,102.0,120.0,111.0,111.0,120.0,1.0,0.0,0.0,1.0,True
22400370,231,231,114.0,117.0,126.0,133.0,133.0,126.0,1.0,0.0,0.0,3.0,True
22400371,199,199,99.0,100.0,124.0,126.0,126.0,124.0,1.0,0.0,0.0,1.0,True
22400372,208,208,105.0,103.0,113.0,100.0,100.0,113.0,1.0,0.0,0.0,2.0,True
22400373,183,183,91.0,92.0,98.0,108.0,108.0,98.0,1.0,0.0,0.0,1.0,True
22400374,207,207,103.0,104.0,101.0,124.0,124.0,101.0,1.0,0.0,0.0,1.0,True
22400375,195,195,98.0,97.0,104.0,97.0,97.00004025938436,104.00001527687378,1.0,-4.025938436313936e-05,-1.527687378199971e-05,1.0,True
22400376,193,193,97.0,96.0,103.0,99.0,99.00000397535315,103.00000409626037,1.0,-3.97535315244113e-06,-4.096260369124138e-06,1.0,True
22400377,200,200,101.0,99.0,114.0,121.0,121.0000590655662,114.00005337670666,1.0,-5.906556620516312e-05,-5.337670665994665e-05,2.0,True
22400378,219,219,109.0,110.0,128.0,112.0,112.0,128.0,1.0,0.0,0.0,1.0,True
22400379,201,201,100.0,101.0,105.0,94.0,94.00005462408483,104.99996500108438,1.0,-5.462408482515002e-05,3.4998915623418725e-05,1.0,True
22400380,192,192,97.0,95.0,99.0,126.0,126.0,99.0,1.0,0.0,0.0,2.0,True
22400381,203,203,101.0,102.0,123.0,98.0,98.0,123.0,1.0,0.0,0.0,1.0,True
22400382,201,201,100.0,101.0,101.0,112.0,112.0,101.0,1.0,0.0,0.0,1.0,True
22400383,194,194,97.0,97.0,113.0,103.0,103.0,113.0,1.0,0.0,0.0,0.0,True
22400384,186,186,93.0,93.0,104.0,93.0,93.0,104.0,1.0,0.0,0.0,0.0,True
22400385,191,191,96.0,95.0,97.0,113.0,112.99997801513977,97.00006741982038,1.0,2.1984860225643388e-05,-6.741982038249716e-05,1.0,True
22400386,194,194,98.0,96.0,94.0,114.0,114.0,94.0,1.0,0.0,0.0,2.0,True
22400387,202,202,101.0,101.0,133.0,125.0,125.0,133.0,1.0,0.0,0.0,0.0,True
22400388,211,211,105.0,106.0,114.0,110.0,110.0,114.0,1.0,0.0,0.0,1.0,True
22400389,192,192,96.0,96.0,122.0,95.0,95.0,122.0,1.0,0.0,0.0,0.0,True
22400390,238,238,119.0,119.0,132.0,129.0,129.00013301014363,132.00008198536253,1.0,-0.00013301014362809838,-8.198536252734812e-05,0.0,True
22400391,194,194,97.0,97.0,114.0,100.0,101.0,114.0,1.0,-1.0,0.0,0.0,False
22400392,197,197,98.0,99.0,113.0,124.0,124.0,113.0,1.0,0.0,0.0,1.0,True
22400393,208,208,103.0,105.0,104.0,108.0,108.00000727976264,104.00002416135332,1.0,-7.279762641587695e-06,-2.4161353323393087e-05,2.0,True
22400394,202,202,101.0,101.0,106.0,111.0,111.0,106.0,1.0,0.0,0.0,0.0,True
22400395,201,201,100.0,101.0,104.0,117.0,117.0,104.0,1.0,0.0,0.0,1.0,True
22400396,188,188,94.0,94.0,95.0,110.0,110.0,95.0,1.0,0.0,0.0,0.0,True
22400397,209,209,104.0,105.0,125.0,139.0,139.0,125.0,1.0,0.0,0.0,1.0,True
22400398,202,202,102.0,100.0,112.0,91.0,91.0,112.0,1.0,0.0,0.0,2.0,True
22400399,213,213,107.0,106.0,114.0,110.0,110.0,114.0,1.0,0.0,0.0,1.0,True
22400400,212,212,106.0,106.0,105.0,123.0,123.0,105.0,1.0,0.0,0.0,0.0,True
22400401,199,199,100.0,99.0,108.0,132.0,132.0,108.0,1.0,0.0,0.0,1.0,True
22400402,188,188,94.0,94.0,90.0,117.0,117.00011311705256,89.99995520190255,1.0,-0.0001131170525638936,4.479809744850627e-05,0.0,True
22400403,198,198,100.0,98.0,111.0,105.0,105.00001084279585,111.00010857883534,1.0,-1.0842795845178443e-05,-0.00010857883533788026,2.0,True
22400404,195,195,98.0,97.0,117.0,114.0,114.0000310943878,117.0000308390677,1.0,-3.109438779347329e-05,-3.083906770484646e-05,1.0,True
22400405,192,192,96.0,96.0,114.0,117.0,117.0,114.0,1.0,0.0,0.0,0.0,True
22400406,184,184,93.0,91.0,105.0,99.0,99.0,105.0,1.0,0.0,0.0,2.0,True
22400407,191,191,95.0,96.0,118.0,114.0,114.00007168282596,117.99995708653042,1.0,-7.168282596126119e-05,4.2913469584959785e-05,1.0,True
22400408,189,189,95.0,94.0,115.0,113.0,113.0000782850044,115.00002853918474,1.0,-7.828500440609787e-05,-2.853918473988415e-05,1.0,True
22400409,185,185,92.0,93.0,100.0,110.0,110.0,100.0,1.0,0.0,0.0,1.0,True
22400410,197,197,98.0,99.0,120.0,114.0,114.0,120.0,1.0,0.0,0.0,1.0,True
22400411,192,192,96.0,96.0,89.0,88.0,88.0,89.0,1.0,0.0,0.0,0.0,True
22400412,210,210,105.0,105.0,110.0,113.0,113.00006726597265,110.00007697780023,1.0,-6.726597264616885e-05,-7.697780023363521e-05,0.0,True
22400413,210,210,104.0,106.0,133.0,141.0,141.0,133.0,1.0,0.0,0.0,2.0,True
22400414,225,225,113.0,112.0,126.0,155.0,155.0,126.0,1.0,0.0,0.0,1.0,True
22400415,197,197,98.0,99.0,111.0,105.0,105.0,111.0,1.0,0.0,0.0,1.0,True
22400416,205,205,103.0,102.0,128.0,111.0,111.0,128.0,1.0,0.0,0.0,1.0,True
22400417,198,198,99.0,99.0,120.0,122.0,122.0,120.0,1.0,0.0,0.0,0.0,True
22400418,198,198,99.0,99.0,114.0,113.0,113.0,114.0,1.0,0.0,0.0,0.0,True
22400419,186,186,93.0,93.0,108.0,85.0,85.0,108.0,1.0,0.0,0.0,0.0,True
22400420,195,195,97.0,98.0,105.0,142.0,141.99998512176413,105.00001489985797,1.0,1.487823587353887e-05,-1.4899857973205144e-05,1.0,True
22400421,186,186,94.0,92.0,96.0,87.0,87.0,96.0,1.0,0.0,0.0,2.0,True
22400422,191,191,96.0,95.0,113.0,112.0,112.0,113.0,1.0,0.0,0.0,1.0,True
22400423,218,218,109.0,109.0,132.0,124.0,124.0,132.0,1.0,0.0,0.0,0.0,True
22400424,210,210,105.0,105.0,149.0,135.0,135.0,149.0,1.0,0.0,0.0,0.0,True
22400425,185,185,92.0,93.0,98.0,89.0,89.0,98.0,1.0,0.0,0.0,1.0,True
22400426,193,193,96.0,97.0,92.0,102.0,102.0,92.0,1.0,0.0,0.0,1.0,True
22400427,196,196,98.0,98.0,110.0,120.0,120.0,110.0,1.0,0.0,0.0,0.0,True
22400428,198,198,99.0,99.0,106.0,94.0,94.0,106.0,1.0,0.0,0.0,0.0,True
22400429,224,224,113.0,111.0,136.0,132.0,132.0,136.0,1.0,0.0,0.0,2.0,True
22400430,203,203,102.0,101.0,111.0,116.0,116.0,111.0,1.0,0.0,0.0,1.0,True
22400431,193,193,96.0,97.0,105.0,109.0,109.0000306694374,105.0000200446905,1.0,-3.066943739327144e-05,-2.0044690501208606e-05,1.0,True
22400432,202,202,101.0,101.0,121.0,134.0,134.00007318729166,121.00003137574669,1.0,-7.318729166172488e-05,-3.137574668699017e-05,0.0,True
22400433,193,193,96.0,97.0,114.0,111.0,111.00008507423703,114.00003732034314,1.0,-8.507423703463246e-05,-3.7320343139413126e-05,1.0,True
22400434,205,205,103.0,102.0,122.0,126.0,126.0,122.0,1.0,0.0,0.0,1.0,True
22400435,194,194,98.0,96.0,122.0,132.0,132.0,122.0,1.0,0.0,0.0,2.0,True
22400436,175,175,87.0,88.0,101.0,102.0,102.00010208817446,101.00002273440178,1.0,-0.00010208817445800378,-2.2734401781576707e-05,1.0,True
22400437,195,195,97.0,98.0,123.0,114.0,113.76992876887293,123.23015938735237,1.0,0.23007123112707006,-0.23015938735237285,1.0,True
22400438,218,218,109.0,109.0,136.0,107.0,107.0,136.0,1.0,0.0,0.0,0.0,True
22400439,189,189,94.0,95.0,104.0,100.0,100.0,104.0,1.0,0.0,0.0,1.0,True
22400440,212,212,106.0,106.0,106.0,130.0,129.999965887812,106.00008210166862,1.0,3.4112187989876475e-05,-8.210166862454571e-05,0.0,True
22400441,194,194,97.0,97.0,110.0,112.0,112.0,110.0,1.0,0.0,0.0,0.0,True
22400442,226,226,113.0,113.0,115.0,108.0,108.0000871602687,115.0000346916929,1.0,-8.716026870558835e-05,-3.46916929032659e-05,0.0,True
22400443,202,202,102.0,100.0,126.0,106.0,106.0,126.0,1.0,0.0,0.0,2.0,True
22400444,194,194,97.0,97.0,116.0,113.0,113.00002192027699,116.00005812942577,1.0,-2.1920276992659637e-05,-5.812942576710611e-05,0.0,True
22400445,201,201,101.0,100.0,132.0,121.0,121.0,132.0,1.0,0.0,0.0,1.0,True
22400446,209,209,104.0,105.0,113.0,95.0,95.0,113.0,1.0,0.0,0.0,1.0,True
22400447,193,193,96.0,97.0,125.0,103.0,103.0,125.0,1.0,0.0,0.0,1.0,True
22400448,205,205,102.0,103.0,100.0,110.0,110.0,100.0,1.0,0.0,0.0,1.0,True
22400449,190,190,95.0,95.0,71.0,125.0,125.0,71.0,1.0,0.0,0.0,0.0,True
22400450,216,216,108.0,108.0,120.0,112.0,112.0,120.0,1.0,0.0,0.0,0.0,True
22400451,196,196,98.0,98.0,86.0,122.0,122.0,86.0,1.0,0.0,0.0,0.0,True
22400452,199,199,99.0,100.0,105.0,113.0,113.0,105.0,1.0,0.0,0.0,1.0,True
22400453,208,208,105.0,103.0,117.0,112.0,112.0,117.0,1.0,0.0,0.0,2.0,True
22400454,198,198,99.0,99.0,122.0,110.0,110.0,122.0,1.0,0.0,0.0,0.0,True
22400455,195,195,98.0,97.0,96.0,105.0,105.0,96.0,1.0,0.0,0.0,1.0,True
22400456,214,214,107.0,107.0,107.0,125.0,125.0,107.0,1.0,0.0,0.0,0.0,True
22400457,187,187,93.0,94.0,108.0,119.0,119.0,108.0,1.0,0.0,0.0,1.0,True
22400458,201,201,101.0,100.0,103.0,119.0,118.9999905544896,103.00006675256381,1.0,9.44551040049646e-06,-6.675256381072359e-05,1.0,True
22400459,193,193,97.0,96.0,113.0,130.0,129.99989074590405,113.00023708880596,1.0,0.0001092540959461985,-0.0002370888059601839,1.0,True
22400460,196,196,98.0,98.0,99.0,110.0,110.0,99.0,1.0,0.0,0.0,0.0,True
22400461,216,216,108.0,108.0,120.0,139.0,139.0,120.0,1.0,0.0,0.0,0.0,True
22400462,195,195,98.0,97.0,107.0,113.0,113.00004177234239,107.00002390986712,1.0,-4.1772342385115735e-05,-2.390986712441645e-05,1.0,True
22400463,191,191,96.0,95.0,128.0,115.0,115.0,128.0,1.0,0.0,0.0,1.0,True
22400464,172,172,86.0,86.0,118.0,115.0,115.0,118.0,1.0,0.0,0.0,0.0,True
22400465,197,197,98.0,99.0,113.0,110.0,110.00002208820854,113.00002967339012,1.0,-2.2088208538662002e-05,-2.967339011661352e-05,1.0,True
22400466,195,195,97.0,98.0,98.0,116.0,116.0,98.0,1.0,0.0,0.0,1.0,True
22400467,196,196,99.0,97.0,105.0,139.0,139.0000417063368,104.99995833488114,1.0,-4.170633678768354e-05,4.1665118857281414e-05,2.0,True
22400468,193,193,97.0,96.0,106.0,114.0,114.0,106.0,1.0,0.0,0.0,1.0,True
22400469,196,196,98.0,98.0,94.0,98.0,98.0001090733064,94.00006193116272,1.0,-0.00010907330640463897,-6.193116271902e-05,0.0,True
22400470,177,177,88.0,89.0,106.0,97.0,97.0,106.0,1.0,0.0,0.0,1.0,True
22400471,174,174,87.0,87.0,109.0,86.0,86.0,109.0,1.0,0.0,0.0,0.0,True
22400472,203,203,102.0,101.0,120.0,132.0,132.0,120.0,1.0,0.0,0.0,1.0,True
22400473,198,198,98.0,100.0,107.0,117.0,117.0000521298613,106.99997293884235,1.0,-5.2129861302319114e-05,2.706115765249706e-05,2.0,True
22400474,207,207,103.0,104.0,134.0,122.0,122.0,134.0,1.0,0.0,0.0,1.0,True
22400475,199,199,100.0,99.0,113.0,110.0,110.0,113.0,1.0,0.0,0.0,1.0,True
22400476,213,213,107.0,106.0,133.0,138.0,138.0,133.0,1.0,0.0,0.0,1.0,True
22400477,196,196,98.0,98.0,102.0,119.0,119.0,102.0,1.0,0.0,0.0,0.0,True
22400478,212,212,106.0,106.0,123.0,94.0,93.99996290756201,123.00007389265923,1.0,3.70924379922144e-05,-7.389265923052335e-05,0.0,True
22400479,197,197,98.0,99.0,105.0,119.0,119.00003274111957,105.00002146088282,1.0,-3.2741119568413524e-05,-2.1460882820178995e-05,1.0,True
22400480,194,194,97.0,97.0,108.0,126.0,126.0,108.0,1.0,0.0,0.0,0.0,True
22400481,204,204,102.0,102.0,136.0,100.0,100.0,136.0,1.0,0.0,0.0,0.0,True
22400482,208,208,103.0,105.0,126.0,139.0,139.0,126.0,1.0,0.0,0.0,2.0,True
22400483,200,200,100.0,100.0,105.0,102.0,102.00000763947247,105.00002640727004,1.0,-7.63947247151009e-06,-2.640727004177279e-05,0.0,True
22400484,216,216,108.0,108.0,122.0,111.0,111.0,122.0,1.0,0.0,0.0,0.0,True
22400485,195,195,98.0,97.0,113.0,121.0,121.0,113.0,1.0,0.0,0.0,1.0,True
22400486,220,220,110.0,110.0,105.0,131.0,131.0,105.0,1.0,0.0,0.0,0.0,True
22400487,192,192,96.0,96.0,92.0,105.0,105.00001264254517,92.00000278308674,1.0,-1.2642545172525388e-05,-2.783086742397245e-06,0.0,True
22400488,199,199,99.0,100.0,105.0,115.0,115.000024753003,104.99999667147954,1.0,-2.4753003003752383e-05,3.3285204636968047e-06,1.0,True
22400489,195,195,98.0,97.0,110.0,98.0,98.0,110.0,1.0,0.0,0.0,1.0,True
22400490,194,194,97.0,97.0,105.0,92.0,92.0,105.0,1.0,0.0,0.0,0.0,True
22400491,182,182,91.0,91.0,115.0,119.0,119.00005623727561,115.00003191590426,1.0,-5.623727561498981e-05,-3.191590425899449e-05,0.0,True
22400492,197,197,99.0,98.0,129.0,99.0,99.0,129.0,1.0,0.0,0.0,1.0,True
22400493,194,194,98.0,96.0,115.0,118.0,118.0,115.0,1.0,0.0,0.0,2.0,True
22400494,190,190,95.0,95.0,109.0,99.0,98.99993199845429,109.00012946749187,1.0,6.800154571351413e-05,-0.0001294674918739247,0.0,True
22400495,187,187,93.0,94.0,113.0,99.0,99.0,113.0,1.0,0.0,0.0,1.0,True
22400496,181,181,90.0,91.0,103.0,94.0,94.0,103.0,1.0,0.0,0.0,1.0,True
22400497,205,205,102.0,103.0,128.0,104.0,104.0,128.0,1.0,0.0,0.0,1.0,True
22400498,206,206,103.0,103.0,110.0,114.0,114.0,110.0,1.0,0.0,0.0,0.0,True
22400499,209,209,105.0,104.0,104.0,119.0,119.0,104.0,1.0,0.0,0.0,1.0,True
22400500,189,189,95.0,94.0,106.0,108.0,108.00000454828174,106.00007560364196,1.0,-4.548281737015714e-06,-7.560364196024238e-05,1.0,True
22400501,231,231,115.0,116.0,118.0,123.0,123.0,118.0,1.0,0.0,0.0,1.0,True
22400502,202,202,101.0,101.0,104.0,115.0,115.0,104.0,1.0,0.0,0.0,0.0,True
22400503,197,197,99.0,98.0,135.0,112.0,112.0,135.0,1.0,0.0,0.0,1.0,True
22400504,184,184,92.0,92.0,97.0,118.0,118.0,97.0,1.0,0.0,0.0,0.0,True
22400505,195,195,98.0,97.0,104.0,97.0,96.9999973859052,104.00005530987404,1.0,2.614094796626887e-06,-5.5309874042563933e-05,1.0,True
22400506,201,201,101.0,100.0,124.0,121.0,121.0,124.0,1.0,0.0,0.0,1.0,True
22400507,187,187,94.0,93.0,118.0,106.0,106.0,118.0,1.0,0.0,0.0,1.0,True
22400508,189,189,95.0,94.0,114.0,98.0,98.0,114.0,1.0,0.0,0.0,1.0,True
22400509,201,201,100.0,101.0,122.0,129.0,129.0,122.0,1.0,0.0,0.0,1.0,True
22400510,202,202,101.0,101.0,113.0,129.0,128.99992215724197,113.00011610016861,1.0,7.784275803146556e-05,-0.00011610016861141048,0.0,True
22400511,189,189,94.0,95.0,98.0,112.0,112.0,98.0,1.0,0.0,0.0,1.0,True
22400512,180,180,90.0,90.0,103.0,109.0,109.00001269201616,103.00007908247724,1.0,-1.2692016156279351e-05,-7.908247724230932e-05,0.0,True
22400513,190,190,96.0,94.0,113.0,98.0,98.0,113.0,1.0,0.0,0.0,2.0,True
22400514,183,183,92.0,91.0,119.0,100.0,100.0,119.0,1.0,0.0,0.0,1.0,True
22400515,196,196,97.0,99.0,103.0,126.0,126.0,103.0,1.0,0.0,0.0,2.0,True
22400516,198,198,99.0,99.0,105.0,121.0,121.0,105.0,1.0,0.0,0.0,0.0,True
22400517,193,193,97.0,96.0,126.0,132.0,132.0,126.0,1.0,0.0,0.0,1.0,True
22400518,192,192,96.0,96.0,107.0,104.0,104.0,107.0,1.0,0.0,0.0,0.0,True
22400519,184,184,92.0,92.0,104.0,89.0,89.0,104.0,1.0,0.0,0.0,0.0,True
22400520,208,208,103.0,105.0,119.0,115.0,115.0000397721499,119.00000143940431,1.0,-3.977214990413813e-05,-1.4394043148513447e-06,2.0,True
22400521,195,195,97.0,98.0,111.0,117.0,117.00000542107671,111.00002149019792,1.0,-5.421076707534667e-06,-2.149019792341278e-05,1.0,True
22400522,191,191,95.0,96.0,115.0,123.0,123.0,115.0,1.0,0.0,0.0,1.0,True
22400523,191,191,96.0,95.0,97.0,92.0,92.0,97.0,1.0,0.0,0.0,1.0,True
22400524,203,202,102.0,100.0,100.0,97.0,97.0,100.0,0.9950738916256158,0.0,0.0,2.0,True
22400525,195,195,97.0,98.0,96.0,108.0,108.0,96.0,1.0,0.0,0.0,1.0,True
22400526,192,192,97.0,95.0,109.0,106.0,106.0,109.0,1.0,0.0,0.0,2.0,True
22400527,194,194,97.0,97.0,123.0,115.0,115.00002982410072,123.00002791598865,1.0,-2.9824100721498326e-05,-2.7915988653148816e-05,0.0,True
22400528,198,198,99.0,99.0,114.0,97.0,97.0,114.0,1.0,0.0,0.0,0.0,True
22400529,202,202,102.0,100.0,126.0,101.0,101.0,126.0,1.0,0.0,0.0,2.0,True
22400530,209,209,104.0,105.0,105.0,138.0,138.0,105.0,1.0,0.0,0.0,1.0,True
22400531,202,202,101.0,101.0,105.0,124.0,124.0,105.0,1.0,0.0,0.0,0.0,True
22400532,201,201,100.0,101.0,100.0,96.0,96.0,100.0,1.0,0.0,0.0,1.0,True
22400533,186,186,94.0,92.0,106.0,114.0,114.0,106.0,1.0,0.0,0.0,2.0,True
22400534,198,198,99.0,99.0,114.0,123.0,123.0,114.0,1.0,0.0,0.0,0.0,True
22400535,203,203,102.0,101.0,127.0,125.0,125.0,127.0,1.0,0.0,0.0,1.0,True
22400536,193,193,96.0,97.0,119.0,98.0,98.0,119.0,1.0,0.0,0.0,1.0,True
22400537,200,200,99.0,101.0,109.0,125.0,125.0,109.0,1.0,0.0,0.0,2.0,True
22400538,196,196,98.0,98.0,88.0,123.0,123.00003885993918,88.0000196776806,1.0,-3.885993918117947e-05,-1.9677680597851577e-05,0.0,True
22400539,197,197,98.0,99.0,106.0,140.0,140.0,106.0,1.0,0.0,0.0,1.0,True
22400540,193,193,97.0,96.0,112.0,101.0,101.0,112.0,1.0,0.0,0.0,1.0,True
22400541,201,201,101.0,100.0,124.0,119.0,119.0,124.0,1.0,0.0,0.0,1.0,True
22400542,201,201,101.0,100.0,119.0,120.0,120.0,119.0,1.0,0.0,0.0,1.0,True
22400543,197,197,99.0,98.0,108.0,93.0,93.0,108.0,1.0,0.0,0.0,1.0,True
22400544,182,182,92.0,90.0,99.0,104.0,104.0,99.0,1.0,0.0,0.0,2.0,True
22400545,212,212,106.0,106.0,136.0,95.0,94.99996867936188,136.0003913131494,1.0,3.132063811506214e-05,-0.0003913131494073241,0.0,True
22400546,205,205,102.0,103.0,111.0,112.0,112.0,111.0,1.0,0.0,0.0,1.0,True
22400547,198,198,99.0,99.0,113.0,120.0,120.00001201699712,113.00006594525854,1.0,-1.2016997118280415e-05,-6.59452585409781e-05,0.0,True
22400548,199,199,99.0,100.0,120.0,106.0,106.0,120.0,1.0,0.0,0.0,1.0,True
22400549,200,200,100.0,100.0,124.0,119.0,119.0,124.0,1.0,0.0,0.0,0.0,True
22400550,188,188,94.0,94.0,101.0,104.0,104.0,101.0,1.0,0.0,0.0,0.0,True
22400551,197,197,99.0,98.0,118.0,120.0,120.00004207655245,118.00005844916073,1.0,-4.20765524467015e-05,-5.8449160732720884e-05,1.0,True
22400552,192,192,96.0,96.0,126.0,102.0,102.0,126.0,1.0,0.0,0.0,0.0,True
22400553,199,199,99.0,100.0,98.0,109.0,109.0,98.0,1.0,0.0,0.0,1.0,True
22400554,202,202,101.0,101.0,127.0,117.0,117.0,127.0,1.0,0.0,0.0,0.0,True
22400555,194,194,97.0,97.0,118.0,102.0,102.0,118.0,1.0,0.0,0.0,0.0,True
22400556,202,202,101.0,101.0,117.0,122.0,122.0,117.0,1.0,0.0,0.0,0.0,True
22400557,201,201,100.0,101.0,119.0,113.0,113.0,119.0,1.0,0.0,0.0,1.0,True
22400558,200,200,100.0,100.0,115.0,130.0,130.0,115.0,1.0,0.0,0.0,0.0,True
22400559,195,195,98.0,97.0,118.0,99.0,99.0,118.0,1.0,0.0,0.0,1.0,True
22400560,200,200,101.0,99.0,132.0,114.0,114.0,132.0,1.0,0.0,0.0,2.0,True
22400561,193,193,97.0,96.0,125.0,119.0,119.0,125.0,1.0,0.0,0.0,1.0,True
22400562,187,187,93.0,94.0,97.0,110.0,110.0,97.0,1.0,0.0,0.0,1.0,True
22400563,208,208,104.0,104.0,110.0,94.0,94.0,110.0,1.0,0.0,0.0,0.0,True
22400564,208,208,104.0,104.0,93.0,122.0,122.0,93.0,1.0,0.0,0.0,0.0,True
22400565,179,179,89.0,90.0,116.0,115.0,115.0000221117819,116.00001955360912,1.0,-2.211178190236751e-05,-1.9553609121203408e-05,1.0,True
22400566,205,205,103.0,102.0,116.0,119.0,119.00005708498163,116.00000603835491,1.0,-5.708498163414788e-05,-6.03835491119753e-06,1.0,True
22400567,206,206,103.0,103.0,129.0,115.0,115.0,129.0,1.0,0.0,0.0,0.0,True
22400568,185,185,93.0,92.0,128.0,108.0,108.0,128.0,1.0,0.0,0.0,1.0,True
22400569,201,201,100.0,101.0,117.0,112.0,111.99998398231695,117.00008391723019,1.0,1.6017683051927634e-05,-8.391723018519315e-05,1.0,True
22400570,188,188,94.0,94.0,108.0,117.0,117.0000369509522,108.00001983714759,1.0,-3.695095219313771e-05,-1.983714759035138e-05,0.0,True
22400571,193,193,96.0,97.0,67.0,126.0,126.00000376518176,67.00000292593579,1.0,-3.765181759263214e-06,-2.9259357887667647e-06,1.0,True
22400572,202,202,101.0,101.0,111.0,100.0,100.0,111.0,1.0,0.0,0.0,0.0,True
22400573,209,209,104.0,105.0,130.0,123.0,123.00006827192357,130.0000224126723,1.0,-6.827192356695377e-05,-2.2412672308291803e-05,1.0,True
22400574,210,210,105.0,105.0,114.0,134.0,133.9999031171345,114.00014358535118,1.0,9.688286550613157e-05,-0.00014358535118219606,0.0,True
22400575,196,196,98.0,98.0,118.0,89.0,88.99997938208698,118.0000402079245,1.0,2.061791302310212e-05,-4.020792449921373e-05,0.0,True
22400576,205,205,102.0,103.0,127.0,132.0,131.99998698294775,127.00006583081166,1.0,1.3017052253871952e-05,-6.583081166411375e-05,1.0,True
22400577,181,181,91.0,90.0,94.0,121.0,121.0,94.0,1.0,0.0,0.0,1.0,True
22400578,183,183,92.0,91.0,116.0,99.0,99.00002267900713,116.00001381359736,1.0,-2.2679007130932405e-05,-1.3813597362855035e-05,1.0,True
22400579,197,197,98.0,99.0,133.0,113.0,113.0,133.0,1.0,0.0,0.0,1.0,True
22400580,199,199,99.0,100.0,112.0,130.0,130.0,112.0,1.0,0.0,0.0,1.0,True
22400581,205,205,103.0,102.0,123.0,136.0,136.0,123.0,1.0,0.0,0.0,1.0,True
22400582,200,200,100.0,100.0,140.0,112.0,112.0,140.0,1.0,0.0,0.0,0.0,True
22400583,186,186,93.0,93.0,98.0,105.0,106.0,98.0,1.0,-1.0,0.0,0.0,False
22400584,204,204,101.0,103.0,125.0,123.0,123.00002545668943,125.0001100797085,1.0,-2.545668942843804e-05,-0.00011007970850585025,2.0,True
22400585,181,181,90.0,91.0,101.0,102.0,102.0,101.0,1.0,0.0,0.0,1.0,True
22400586,199,199,99.0,100.0,125.0,121.0,121.0,125.0,1.0,0.0,0.0,1.0,True
22400587,218,218,108.0,110.0,119.0,115.0,115.00005961897116,119.0000533373155,1.0,-5.961897116435466e-05,-5.333731550649645e-05,2.0,True
22400588,190,190,95.0,95.0,102.0,115.0,115.0,102.0,1.0,0.0,0.0,0.0,True
22400589,196,196,97.0,99.0,114.0,122.0,122.0,114.0,1.0,0.0,0.0,2.0,True
22400590,191,191,95.0,96.0,124.0,117.0,117.00000957394144,124.00000971491721,1.0,-9.573941440521594e-06,-9.714917212022556e-06,1.0,True
22400591,206,206,103.0,103.0,125.0,103.0,102.99999615993187,125.00005576875097,1.0,3.840068131921726e-06,-5.576875096835465e-05,0.0,True
22400592,198,198,99.0,99.0,107.0,128.0,128.0,107.0,1.0,0.0,0.0,0.0,True
22400593,194,194,96.0,98.0,113.0,100.0,100.0,113.0,1.0,0.0,0.0,2.0,True
22400594,193,193,97.0,96.0,109.0,123.0,123.0,109.0,1.0,0.0,0.0,1.0,True
22400595,193,193,96.0,97.0,101.0,127.0,127.0,101.0,1.0,0.0,0.0,1.0,True
22400596,189,189,95.0,94.0,102.0,116.0,116.04743220319291,101.95265000527392,1.0,-0.04743220319291197,0.04734999472607626,1.0,True
22400597,199,199,99.0,100.0,102.0,113.0,113.0,102.0,1.0,0.0,0.0,1.0,True
22400598,215,215,107.0,108.0,100.0,123.0,123.0,100.0,1.0,0.0,0.0,1.0,True
22400599,194,194,96.0,98.0,105.0,110.0,110.0,105.0,1.0,0.0,0.0,2.0,True
22400600,201,201,101.0,100.0,107.0,96.0,96.00003165915682,107.00001198301409,1.0,-3.1659156817909206e-05,-1.19830140903332e-05,1.0,True
22400601,203,203,102.0,101.0,106.0,108.0,108.0,106.0,1.0,0.0,0.0,1.0,True
22400602,196,196,98.0,98.0,110.0,119.0,119.00002458728947,110.0000288261739,1.0,-2.4587289473743112e-05,-2.882617390298492e-05,0.0,True
22400603,193,193,96.0,97.0,92.0,118.0,118.0,92.0,1.0,0.0,0.0,1.0,True
22400604,190,190,95.0,95.0,125.0,85.0,85.0,125.0,1.0,0.0,0.0,0.0,True
22400605,224,224,112.0,112.0,119.0,123.0,123.0,119.0,1.0,0.0,0.0,0.0,True
22400606,190,190,95.0,95.0,99.0,95.0,95.0,99.0,1.0,0.0,0.0,0.0,True
22400607,190,190,95.0,95.0,116.0,107.0,107.0,116.0,1.0,0.0,0.0,0.0,True
22400608,184,184,92.0,92.0,93.0,109.0,109.0,93.0,1.0,0.0,0.0,0.0,True
22400609,192,192,96.0,96.0,109.0,144.0,144.0,109.0,1.0,0.0,0.0,0.0,True
22400610,199,199,100.0,99.0,88.0,111.0,111.0,88.0,1.0,0.0,0.0,1.0,True
22400611,190,190,96.0,94.0,112.0,99.0,99.0,112.0,1.0,0.0,0.0,2.0,True
22400612,215,215,107.0,108.0,114.0,104.0,104.0,114.0,1.0,0.0,0.0,1.0,True
22400613,186,186,93.0,93.0,108.0,84.0,84.0,108.0,1.0,0.0,0.0,0.0,True
22400614,199,199,99.0,100.0,115.0,114.0,114.0,115.0,1.0,0.0,0.0,1.0,True
22400615,190,190,96.0,94.0,108.0,109.0,108.99999943539684,108.0000453772461,1.0,5.646031553396824e-07,-4.537724609576799e-05,2.0,True
22400616,206,206,103.0,103.0,120.0,132.0,132.00001206023293,120.0000093337518,1.0,-1.2060232933208681e-05,-9.33375180522944e-06,0.0,True
22400617,200,200,100.0,100.0,111.0,107.0,107.0,111.0,1.0,0.0,0.0,0.0,True
22400618,207,207,103.0,104.0,114.0,123.0,123.0000869412975,114.00003525159656,1.0,-8.694129749642343e-05,-3.525159655737298e-05,1.0,True
22400619,197,197,99.0,98.0,117.0,123.0,123.0,117.0,1.0,0.0,0.0,1.0,True
22400620,213,213,107.0,106.0,117.0,113.0,113.00003004282894,117.00009563456076,1.0,-3.004282893925847e-05,-9.563456076477905e-05,1.0,True
22400622,188,188,94.0,94.0,101.0,79.0,79.0,101.0,1.0,0.0,0.0,0.0,True
22400623,208,208,103.0,105.0,122.0,119.0,119.0,122.0,1.0,0.0,0.0,2.0,True
22400624,196,196,97.0,99.0,96.0,125.0,124.99998089094194,96.00007390528171,1.0,1.91090580585751e-05,-7.390528170958532e-05,2.0,True
22400625,199,199,99.0,100.0,121.0,115.0,115.0,121.0,1.0,0.0,0.0,1.0,True
22400626,221,221,110.0,111.0,123.0,132.0,132.0,123.0,1.0,0.0,0.0,1.0,True
22400627,198,198,99.0,99.0,112.0,128.0,128.0,112.0,1.0,0.0,0.0,0.0,True
22400628,198,198,98.0,100.0,106.0,131.0,131.0,106.0,1.0,0.0,0.0,2.0,True
22400629,187,187,94.0,93.0,96.0,117.0,117.0,96.0,1.0,0.0,0.0,1.0,True
22400630,191,191,95.0,96.0,102.0,97.0,97.00004633209464,102.00004787490279,1.0,-4.63320946408885e-05,-4.787490279056783e-05,1.0,True
22400631,199,199,100.0,99.0,129.0,132.0,132.0000223202867,129.00004328705725,1.0,-2.2320286689136992e-05,-4.3287057252427985e-05,1.0,True
22400632,198,198,99.0,99.0,126.0,139.0,139.0,126.0,1.0,0.0,0.0,0.0,True
22400634,195,195,97.0,98.0,104.0,133.0,133.00000823326553,104.0000409473089,1.0,-8.233265532453515e-06,-4.094730890358278e-05,1.0,True
22400635,194,194,97.0,97.0,122.0,107.0,107.0,122.0,1.0,0.0,0.0,0.0,True
22400636,196,196,98.0,98.0,106.0,97.0,97.00006009368941,106.0000570972142,1.0,-6.0093689413065476e-05,-5.709721419577818e-05,0.0,True
22400637,199,199,99.0,100.0,92.0,123.0,123.0,92.0,1.0,0.0,0.0,1.0,True
22400638,203,203,100.0,103.0,113.0,121.0,121.0000336218519,113.00007128691848,1.0,-3.3621851898146815e-05,-7.128691848379276e-05,3.0,True
22400639,218,218,109.0,109.0,117.0,94.0,94.00006697463826,116.99999583796834,1.0,-6.697463825844352e-05,4.162031657983789e-06,0.0,True
22400640,197,197,98.0,99.0,135.0,131.0,131.00000800506174,135.00001011945537,1.0,-8.00506174414295e-06,-1.0119455367885166e-05,1.0,True
22400641,206,206,103.0,103.0,120.0,143.0,143.00000237552035,120.00012255967853,1.0,-2.375520352870808e-06,-0.0001225596785303651,0.0,True
22400642,200,200,100.0,100.0,109.0,97.0,97.0,109.0,1.0,0.0,0.0,0.0,True
22400643,200,200,99.0,101.0,103.0,125.0,125.0,103.0,1.0,0.0,0.0,2.0,True
22400644,191,191,96.0,95.0,118.0,108.0,108.0,118.0,1.0,0.0,0.0,1.0,True
22400645,194,194,96.0,98.0,109.0,119.0,119.0,109.0,1.0,0.0,0.0,2.0,True
22400646,204,204,102.0,102.0,117.0,127.0,127.0,117.0,1.0,0.0,0.0,0.0,True
22400647,188,188,94.0,94.0,118.0,108.0,108.0,118.0,1.0,0.0,0.0,0.0,True
22400648,190,190,95.0,95.0,112.0,107.0,107.00006593957252,111.99998159778161,1.0,-6.593957252221117e-05,1.840221838733669e-05,0.0,True
22400649,189,189,94.0,95.0,91.0,110.0,110.0,91.0,1.0,0.0,0.0,1.0,True
22400650,188,188,94.0,94.0,114.0,112.0,112.00006077273011,114.00009385946643,1.0,-6.077273010873796e-05,-9.385946643192256e-05,0.0,True
22400651,184,184,92.0,92.0,110.0,96.0,96.0,110.0,1.0,0.0,0.0,0.0,True
22400652,223,223,112.0,111.0,119.0,125.0,125.00006572318847,119.00001061897174,1.0,-6.572318847020142e-05,-1.061897174281512e-05,1.0,True
22400653,211,211,105.0,106.0,106.0,143.0,142.99997979251276,106.00014408815957,1.0,2.0207487239076727e-05,-0.00014408815957267507,1.0,True
22400654,207,207,103.0,104.0,104.0,113.0,113.0,104.0,1.0,0.0,0.0,1.0,True
22400655,213,213,106.0,107.0,121.0,129.0,129.0,121.0,1.0,0.0,0.0,1.0,True
22400656,203,203,102.0,101.0,92.0,100.0,100.00003968787652,92.0000283254332,1.0,-3.9687876522975785e-05,-2.8325433206077832e-05,1.0,True
22400657,197,197,99.0,98.0,108.0,130.0,130.0,108.0,1.0,0.0,0.0,1.0,True
22400658,197,197,99.0,98.0,125.0,110.0,110.0,125.0,1.0,0.0,0.0,1.0,True
22400659,190,190,95.0,95.0,109.0,111.0,111.0,109.0,1.0,0.0,0.0,0.0,True
22400660,199,199,99.0,100.0,104.0,118.0,118.0,104.0,1.0,0.0,0.0,1.0,True
22400661,190,190,95.0,95.0,103.0,114.0,114.0,103.0,1.0,0.0,0.0,0.0,True
22400662,192,192,96.0,96.0,112.0,125.0,125.0,112.0,1.0,0.0,0.0,0.0,True
22400663,179,179,90.0,89.0,104.0,83.0,83.0,104.0,1.0,0.0,0.0,1.0,True
22400664,199,199,100.0,99.0,119.0,133.0,133.0,119.0,1.0,0.0,0.0,1.0,True
22400665,192,192,96.0,96.0,106.0,82.0,82.00007711185609,106.00006674475704,1.0,-7.711185608627602e-05,-6.674475703505323e-05,0.0,True
22400666,203,203,101.0,102.0,100.0,122.0,122.0,100.0,1.0,0.0,0.0,1.0,True
22400667,192,192,96.0,96.0,126.0,106.0,106.0,126.0,1.0,0.0,0.0,0.0,True
22400668,195,195,98.0,97.0,112.0,122.0,122.0,112.0,1.0,0.0,0.0,1.0,True
22400669,186,186,92.0,94.0,104.0,117.0,117.0,104.0,1.0,0.0,0.0,2.0,True
22400670,205,205,102.0,103.0,137.0,136.0,136.0000374210048,137.00003324645266,1.0,-3.74210048050827e-05,-3.324645265934123e-05,1.0,True
22400671,197,197,98.0,99.0,128.0,116.0,116.0,128.0,1.0,0.0,0.0,1.0,True
22400672,193,193,96.0,97.0,121.0,113.0,112.99983343779147,121.00029874488534,1.0,0.00016656220853406012,-0.0002987448853417618,1.0,True
22400673,200,200,100.0,100.0,109.0,116.0,116.0,109.0,1.0,0.0,0.0,0.0,True
22400674,202,202,101.0,101.0,134.0,96.0,96.0,134.0,1.0,0.0,0.0,0.0,True
22400675,203,203,102.0,101.0,115.0,137.0,137.0,115.0,1.0,0.0,0.0,1.0,True
22400676,192,192,96.0,96.0,119.0,120.0,120.00007888052852,119.00001035189635,1.0,-7.888052851967586e-05,-1.0351896349902745e-05,0.0,True
22400677,189,189,94.0,95.0,138.0,113.0,112.99999942505835,138.00002719439462,1.0,5.749416516209749e-07,-2.7194394618845763e-05,1.0,True
22400678,180,180,90.0,90.0,90.0,119.0,119.00007869659665,90.00010034375885,1.0,-7.86965966455e-05,-0.00010034375884515612,0.0,True
22400679,194,194,97.0,97.0,112.0,104.0,104.00003070502974,111.999995015646,1.0,-3.070502974367173e-05,4.984354006865033e-06,0.0,True
22400680,192,192,96.0,96.0,102.0,117.0,117.0,102.0,1.0,0.0,0.0,0.0,True
22400681,196,196,98.0,98.0,137.0,134.0,134.0,137.0,1.0,0.0,0.0,0.0,True
22400682,202,202,101.0,101.0,122.0,106.0,106.0,122.0,1.0,0.0,0.0,0.0,True
22400683,206,206,103.0,103.0,118.0,116.0,116.0,118.0,1.0,0.0,0.0,0.0,True
22400684,205,205,102.0,103.0,118.0,144.0,144.0,118.0,1.0,0.0,0.0,1.0,True
22400685,207,207,104.0,103.0,130.0,105.0,105.0,130.0,1.0,0.0,0.0,1.0,True
22400686,206,206,103.0,103.0,127.0,132.0,132.00002769161597,127.00002656504721,1.0,-2.769161596916092e-05,-2.6565047207327552e-05,0.0,True
22400687,201,201,100.0,101.0,99.0,113.0,113.00002687874264,99.00005707409493,1.0,-2.687874264495349e-05,-5.707409492572424e-05,1.0,True
22400688,198,198,98.0,100.0,107.0,104.0,104.0,107.0,1.0,0.0,0.0,2.0,True
22400689,184,184,92.0,92.0,110.0,98.0,98.0,110.0,1.0,0.0,0.0,0.0,True
22400690,200,200,100.0,100.0,105.0,103.0,103.0,105.0,1.0,0.0,0.0,0.0,True
22400691,210,210,105.0,105.0,110.0,144.0,144.0,110.0,1.0,0.0,0.0,0.0,True
22400692,195,195,97.0,98.0,128.0,112.0,112.0,128.0,1.0,0.0,0.0,1.0,True
22400693,195,195,98.0,97.0,105.0,103.0,103.00001062182731,105.0000133216702,1.0,-1.0621827314594157e-05,-1.3321670195409752e-05,1.0,True
22400694,206,206,103.0,103.0,108.0,127.0,127.0,108.0,1.0,0.0,0.0,0.0,True
22400695,213,213,107.0,106.0,119.0,127.0,127.0,119.0,1.0,0.0,0.0,1.0,True
22400696,212,212,106.0,106.0,101.0,144.0,144.0,101.0,1.0,0.0,0.0,0.0,True
22400697,189,189,94.0,95.0,108.0,115.0,115.0,108.0,1.0,0.0,0.0,1.0,True
22400698,191,191,95.0,96.0,118.0,110.0,110.0,118.0,1.0,0.0,0.0,1.0,True
22400699,204,204,102.0,102.0,132.0,119.0,119.00005685159259,132.00002186217196,1.0,-5.685159258916883e-05,-2.1862171962538923e-05,0.0,True
22400700,203,203,102.0,101.0,124.0,114.0,113.99998966993745,124.00011276598634,1.0,1.0330062551133778e-05,-0.00011276598634424317,1.0,True
22400701,209,209,105.0,104.0,132.0,130.0,130.0,132.0,1.0,0.0,0.0,1.0,True
22400702,206,206,103.0,103.0,118.0,124.0,124.00003854418014,118.0000514743138,1.0,-3.8544180142707773e-05,-5.147431380692069e-05,0.0,True
22400703,222,222,112.0,110.0,109.0,128.0,128.00005415729285,109.000041913574,1.0,-5.415729285118687e-05,-4.1913573994634135e-05,2.0,True
22400704,188,188,94.0,94.0,116.0,114.0,114.0,116.0,1.0,0.0,0.0,0.0,True
22400705,205,205,102.0,103.0,96.0,125.0,125.0,96.0,1.0,0.0,0.0,1.0,True
22400706,186,186,92.0,94.0,113.0,125.0,125.0,113.0,1.0,0.0,0.0,2.0,True
22400707,204,204,101.0,103.0,112.0,111.0,111.0,112.0,1.0,0.0,0.0,2.0,True
22400708,190,190,95.0,95.0,99.0,104.0,104.0,99.0,1.0,0.0,0.0,0.0,True
22400709,205,205,103.0,102.0,119.0,121.0,121.00003769721701,119.00011148342519,1.0,-3.76972170101908e-05,-0.00011148342518652044,1.0,True
22400710,199,199,100.0,99.0,112.0,105.0,105.00008801214635,112.00013923275756,1.0,-8.801214634956978e-05,-0.00013923275756155817,1.0,True
22400711,181,181,90.0,91.0,97.0,99.0,99.00005054533324,97.0000544300638,1.0,-5.0545333238005696e-05,-5.443006379834969e-05,1.0,True
22400712,189,189,95.0,94.0,116.0,118.0,118.0,116.0,1.0,0.0,0.0,1.0,True
22400713,190,190,95.0,95.0,121.0,115.0,115.0,121.0,1.0,0.0,0.0,0.0,True
22400714,206,206,102.0,104.0,124.0,133.0,133.00003309123005,124.00002750029216,1.0,-3.309123005124093e-05,-2.7500292162585538e-05,2.0,True
22400715,190,190,95.0,95.0,122.0,97.0,97.0,122.0,1.0,0.0,0.0,0.0,True
22400716,194,194,96.0,98.0,89.0,112.0,112.0,89.0,1.0,0.0,0.0,2.0,True
22400717,184,184,91.0,93.0,112.0,102.0,102.0,112.0,1.0,0.0,0.0,2.0,True
22400718,200,200,100.0,100.0,118.0,115.0,115.0,118.0,1.0,0.0,0.0,0.0,True
22400719,213,213,106.0,107.0,126.0,125.0,125.0,126.0,1.0,0.0,0.0,1.0,True
22400720,184,184,93.0,91.0,119.0,102.0,102.00010946712774,119.00002855641459,1.0,-0.00010946712774284606,-2.8556414591207613e-05,2.0,True
22400721,196,196,98.0,98.0,108.0,101.0,101.0,108.0,1.0,0.0,0.0,0.0,True
22400722,195,195,97.0,98.0,138.0,107.0,107.0,138.0,1.0,0.0,0.0,1.0,True
22400723,188,188,94.0,94.0,108.0,127.0,127.00006669389037,108.00006393218767,1.0,-6.669389037483597e-05,-6.393218767186681e-05,0.0,True
22400724,205,205,102.0,103.0,109.0,140.0,140.0,109.0,1.0,0.0,0.0,1.0,True
22400725,208,208,104.0,104.0,128.0,131.0,131.00005040652383,128.00005192466597,1.0,-5.040652382604094e-05,-5.192466596781742e-05,0.0,True
22400726,205,205,102.0,103.0,119.0,144.0,144.00002928536253,119.00003593117215,1.0,-2.928536252966296e-05,-3.593117214961694e-05,1.0,True
22400727,190,190,95.0,95.0,130.0,111.0,111.00005097525735,130.0000115499629,1.0,-5.097525735209274e-05,-1.154996289187693e-05,0.0,True
22400728,190,190,94.0,96.0,127.0,120.0,120.0,127.0,1.0,0.0,0.0,2.0,True
22400729,191,191,95.0,96.0,114.0,127.0,127.0,114.0,1.0,0.0,0.0,1.0,True
22400730,197,197,98.0,99.0,90.0,112.0,112.00004943362269,89.99999255148904,1.0,-4.9433622692163226e-05,7.4485109564648155e-06,1.0,True
22400731,205,205,103.0,102.0,112.0,120.0,120.0,112.0,1.0,0.0,0.0,1.0,True
22400732,193,193,97.0,96.0,102.0,108.0,108.0,102.0,1.0,0.0,0.0,1.0,True
22400733,204,204,103.0,101.0,119.0,112.0,112.0,119.0,1.0,0.0,0.0,2.0,True
22400734,192,192,96.0,96.0,116.0,117.0,117.0,116.0,1.0,0.0,0.0,0.0,True
22400735,202,202,101.0,101.0,134.0,124.0,124.0,134.0,1.0,0.0,0.0,0.0,True
22400736,203,203,102.0,101.0,110.0,115.0,115.0,110.0,1.0,0.0,0.0,1.0,True
22400737,187,187,93.0,94.0,86.0,102.0,102.00013183128375,86.00025309897833,1.0,-0.00013183128375260367,-0.00025309897833381,1.0,True
22400738,198,198,98.0,100.0,112.0,125.0,125.0,112.0,1.0,0.0,0.0,2.0,True
22400739,190,190,95.0,95.0,109.0,121.0,121.0,109.0,1.0,0.0,0.0,0.0,True
22400740,216,216,107.0,109.0,127.0,135.0,135.00006835391017,127.00002279359089,1.0,-6.835391016579706e-05,-2.279359088674937e-05,2.0,True
22400741,184,184,92.0,92.0,105.0,116.0,116.00002388375441,105.00002881998218,1.0,-2.3883754408871027e-05,-2.8819982176742087e-05,0.0,True
22400742,202,202,101.0,101.0,117.0,124.0,124.0,117.0,1.0,0.0,0.0,0.0,True
22400743,193,193,96.0,97.0,111.0,112.0,112.00003455603556,111.00001022880421,1.0,-3.455603555835296e-05,-1.0228804214307274e-05,1.0,True
22400744,211,211,106.0,105.0,125.0,111.0,111.0,125.0,1.0,0.0,0.0,1.0,True
22400745,200,200,100.0,100.0,132.0,111.0,111.00006356438801,132.0000142370728,1.0,-6.356438801446984e-05,-1.423707280423514e-05,0.0,True
22400746,198,198,99.0,99.0,125.0,112.0,112.0,125.0,1.0,0.0,0.0,0.0,True
22400747,203,203,101.0,102.0,98.0,114.0,114.0,98.0,1.0,0.0,0.0,1.0,True
22400748,188,188,94.0,94.0,131.0,104.0,104.0,131.0,1.0,0.0,0.0,0.0,True
22400749,182,182,91.0,91.0,122.0,105.0,105.0,122.0,1.0,0.0,0.0,0.0,True
22400750,220,220,110.0,110.0,118.0,123.0,123.0,118.0,1.0,0.0,0.0,0.0,True
22400751,201,201,100.0,101.0,110.0,130.0,130.0,110.0,1.0,0.0,0.0,1.0,True
22400752,184,184,93.0,91.0,102.0,112.0,112.0,102.0,1.0,0.0,0.0,2.0,True
22400753,196,196,98.0,98.0,87.0,94.0,93.99998132251645,87.00006896370964,1.0,1.8677483552664853e-05,-6.896370963715981e-05,0.0,True
22400754,203,203,101.0,102.0,127.0,135.0,135.00005488013127,127.00001494338073,1.0,-5.488013127319391e-05,-1.494338073371182e-05,1.0,True
22400755,202,202,101.0,101.0,107.0,128.0,128.00001147063682,106.99996204701324,1.0,-1.1470636820831714e-05,3.795298675868253e-05,0.0,True
22400756,196,196,99.0,97.0,112.0,106.0,106.00000612812678,111.9999996446845,1.0,-6.128126784687993e-06,3.553155067947955e-07,2.0,True
22400757,202,202,101.0,101.0,131.0,121.0,121.0,131.0,1.0,0.0,0.0,0.0,True
22400758,184,184,91.0,93.0,89.0,97.0,97.0,89.0,1.0,0.0,0.0,2.0,True
22400759,181,181,91.0,90.0,103.0,85.0,85.0,103.0,1.0,0.0,0.0,1.0,True
22400760,209,209,104.0,105.0,125.0,111.0,111.00008443712122,125.00003907202509,1.0,-8.443712121675162e-05,-3.907202508912633e-05,1.0,True
22400761,202,202,101.0,101.0,101.0,137.0,137.00005648121123,101.0000520895141,1.0,-5.6481211231584894e-05,-5.20895140994071e-05,0.0,True
22400762,219,219,109.0,110.0,129.0,128.0,128.0000318319568,129.00000478499229,1.0,-3.183195678957418e-05,-4.7849922850673465e-06,1.0,True
22400763,202,202,102.0,100.0,117.0,146.0,146.0,117.0,1.0,0.0,0.0,2.0,True
22400764,201,201,101.0,100.0,106.0,103.0,103.0,106.0,1.0,0.0,0.0,1.0,True
22400765,201,201,100.0,101.0,128.0,115.0,115.0,128.0,1.0,0.0,0.0,1.0,True
22400766,207,207,103.0,104.0,132.0,92.0,92.0,132.0,1.0,0.0,0.0,1.0,True
22400767,210,210,105.0,105.0,119.0,112.0,112.0,119.0,1.0,0.0,0.0,0.0,True
22400768,207,207,104.0,103.0,113.0,132.0,132.0,113.0,1.0,0.0,0.0,1.0,True
22400769,199,199,99.0,100.0,103.0,116.0,116.0,103.0,1.0,0.0,0.0,1.0,True
22400770,184,184,91.0,93.0,86.0,102.0,101.99999327316772,86.00001215873685,1.0,6.726832282311079e-06,-1.2158736851120011e-05,2.0,True
22400771,218,218,108.0,110.0,134.0,130.0,129.99997381893465,134.00011704847986,1.0,2.618106535123843e-05,-0.00011704847986493405,2.0,True
22400772,188,188,94.0,94.0,96.0,100.0,99.99998690408205,96.0000939566723,1.0,1.3095917950067815e-05,-9.395667230194249e-05,0.0,True
22400773,232,232,116.0,116.0,148.0,149.0,149.0,148.0,1.0,0.0,0.0,0.0,True
22400774,207,207,104.0,103.0,131.0,108.0,108.0,131.0,1.0,0.0,0.0,1.0,True
22400775,209,209,104.0,105.0,128.0,110.0,110.0,128.0,1.0,0.0,0.0,1.0,True
22400776,210,210,105.0,105.0,103.0,101.0,101.0,103.0,1.0,0.0,0.0,0.0,True
22400777,194,194,98.0,96.0,119.0,111.0,111.0,119.0,1.0,0.0,0.0,2.0,True
22400778,191,191,95.0,96.0,101.0,115.0,115.0,101.0,1.0,0.0,0.0,1.0,True
22400779,199,199,99.0,100.0,111.0,119.0,118.9999949335514,111.00002118547908,1.0,5.0664485939933e-06,-2.1185479084806502e-05,1.0,True
22400780,209,209,104.0,105.0,121.0,132.0,132.0,121.0,1.0,0.0,0.0,1.0,True
22400781,207,207,104.0,103.0,119.0,131.0,131.0,119.0,1.0,0.0,0.0,1.0,True
22400782,193,193,97.0,96.0,107.0,111.0,111.0,107.0,1.0,0.0,0.0,1.0,True
22400783,208,208,105.0,103.0,114.0,128.0,128.0,114.0,1.0,0.0,0.0,2.0,True
22400784,200,200,100.0,100.0,105.0,98.0,98.0,105.0,1.0,0.0,0.0,0.0,True
22400785,224,224,113.0,111.0,133.0,140.0,140.00009625082532,133.0000268816484,1.0,-9.625082532238594e-05,-2.688164840947138e-05,2.0,True
22400786,193,193,96.0,97.0,113.0,118.0,118.0,113.0,1.0,0.0,0.0,1.0,True
22400787,194,194,97.0,97.0,101.0,116.0,116.0,101.0,1.0,0.0,0.0,0.0,True
22400788,202,202,101.0,101.0,113.0,127.0,127.00006865038468,113.0000190596492,1.0,-6.86503846765163e-05,-1.9059649204677953e-05,0.0,True
22400789,190,190,95.0,95.0,124.0,104.0,104.0,124.0,1.0,0.0,0.0,0.0,True
22400790,197,197,98.0,99.0,114.0,108.0,108.0,114.0,1.0,0.0,0.0,1.0,True
22400791,201,201,100.0,101.0,110.0,97.0,97.0,110.0,1.0,0.0,0.0,1.0,True
22400792,220,220,110.0,110.0,111.0,113.0,113.0,111.0,1.0,0.0,0.0,0.0,True
22400793,194,194,97.0,97.0,110.0,116.0,116.0,110.0,1.0,0.0,0.0,0.0,True
22400794,202,202,100.0,102.0,115.0,129.0,129.0,115.0,1.0,0.0,0.0,2.0,True
22400795,203,203,101.0,102.0,109.0,120.0,120.0,109.0,1.0,0.0,0.0,1.0,True
22400796,206,206,103.0,103.0,110.0,102.0,102.00004857412146,110.0000458673685,1.0,-4.8574121464639575e-05,-4.5867368498875294e-05,0.0,True
22400797,204,204,103.0,101.0,105.0,142.0,142.0,105.0,1.0,0.0,0.0,2.0,True
22400798,203,203,102.0,101.0,105.0,104.0,104.0000538943889,105.00000306842709,1.0,-5.389438889835674e-05,-3.068427091079684e-06,1.0,True
22400799,203,203,101.0,102.0,104.0,101.0,101.0,104.0,1.0,0.0,0.0,1.0,True
22400800,203,203,102.0,101.0,120.0,111.0,111.0,120.0,1.0,0.0,0.0,1.0,True
22400801,206,206,103.0,103.0,115.0,121.0,121.0,115.0,1.0,0.0,0.0,0.0,True
22400802,199,199,99.0,100.0,125.0,110.0,110.0,125.0,1.0,0.0,0.0,1.0,True
22400803,204,204,102.0,102.0,103.0,111.0,111.0,103.0,1.0,0.0,0.0,0.0,True
22400804,200,200,100.0,100.0,130.0,107.0,107.00005436490615,130.00001520408023,1.0,-5.43649061484075e-05,-1.5204080227704253e-05,0.0,True
22400805,191,191,95.0,96.0,132.0,108.0,108.00002538041308,132.00005526656378,1.0,-2.538041307786898e-05,-5.5266563776967814e-05,1.0,True
22400806,204,204,101.0,103.0,121.0,117.0,117.0,121.0,1.0,0.0,0.0,2.0,True
22400807,185,185,93.0,92.0,105.0,103.0,103.00008853936532,105.00000093165016,1.0,-8.853936532204898e-05,-9.316501632383734e-07,1.0,True
22400808,192,192,96.0,96.0,123.0,100.0,99.99996941446653,123.00005241334226,1.0,3.0585533465909975e-05,-5.241334226013805e-05,0.0,True
22400809,203,203,102.0,101.0,115.0,124.0,123.99999710546592,115.00001889196507,1.0,2.8945340773134376e-06,-1.889196506965618e-05,1.0,True
22400810,209,209,104.0,105.0,88.0,141.0,141.0000548674232,88.0000050729802,1.0,-5.486742318794313e-05,-5.072980201248356e-06,1.0,True
22400811,192,192,97.0,95.0,105.0,118.0,118.0,105.0,1.0,0.0,0.0,2.0,True
22400812,201,201,100.0,101.0,102.0,126.0,126.0,102.0,1.0,0.0,0.0,1.0,True
22400813,201,201,100.0,101.0,111.0,129.0,129.0,111.0,1.0,0.0,0.0,1.0,True
22400814,224,224,112.0,112.0,148.0,143.0,143.00002690843593,148.00013027467375,1.0,-2.6908435927452956e-05,-0.0001302746737508187,0.0,True
22400815,192,192,96.0,96.0,90.0,110.0,110.0,90.0,1.0,0.0,0.0,0.0,True
22400816,204,204,102.0,102.0,109.0,127.0,127.0,109.0,1.0,0.0,0.0,0.0,True
22400817,195,195,98.0,97.0,113.0,120.0,120.0,113.0,1.0,0.0,0.0,1.0,True
22400818,206,206,103.0,103.0,96.0,114.0,114.0,96.0,1.0,0.0,0.0,0.0,True
22400819,200,200,99.0,101.0,123.0,129.0,129.00003953008158,123.0000886282783,1.0,-3.9530081579641774e-05,-8.862827830569131e-05,2.0,True
22400820,198,198,99.0,99.0,130.0,123.0,123.0000581672474,130.0000443138413,1.0,-5.816724740270729e-05,-4.431384130043625e-05,0.0,True
22400821,197,197,99.0,98.0,97.0,106.0,106.0,97.0,1.0,0.0,0.0,1.0,True
22400822,207,207,103.0,104.0,125.0,116.0,116.0,125.0,1.0,0.0,0.0,1.0,True
22400823,213,213,107.0,106.0,142.0,110.0,110.0,142.0,1.0,0.0,0.0,1.0,True
22400824,187,187,94.0,93.0,99.0,106.0,106.9999786117228,99.00006785589332,1.0,-0.9999786117227956,-6.785589332025665e-05,1.0,False
22400825,191,191,96.0,95.0,86.0,98.0,98.0,86.0,1.0,0.0,0.0,1.0,True
22400826,229,229,115.0,114.0,131.0,128.0,128.00005944694448,131.0000250980643,1.0,-5.944694447634902e-05,-2.5098064298845202e-05,1.0,True
22400827,202,202,100.0,102.0,114.0,112.0,112.0000499087426,114.00001109381931,1.0,-4.990874259647171e-05,-1.1093819310303843e-05,2.0,True
22400828,196,196,98.0,98.0,88.0,130.0,130.00004316869965,88.000012052813,1.0,-4.3168699647821995e-05,-1.2052813005425378e-05,0.0,True
22400829,190,190,95.0,95.0,111.0,101.0,101.0,111.0,1.0,0.0,0.0,0.0,True
22400830,184,184,92.0,92.0,122.0,82.0,82.0,122.0,1.0,0.0,0.0,0.0,True
22400831,198,198,99.0,99.0,97.0,100.0,99.99994543153358,97.00017306962403,1.0,5.456846642459823e-05,-0.00017306962402585668,0.0,True
22400832,234,234,118.0,116.0,148.0,151.0,150.9999988958771,148.00005169888075,1.0,1.1041229015518184e-06,-5.169888075329254e-05,2.0,True
22400833,204,204,102.0,102.0,103.0,109.0,109.0000323517517,103.00003005437529,1.0,-3.235175169891136e-05,-3.005437528713628e-05,0.0,True
22400834,201,201,101.0,100.0,92.0,128.0,128.00011200494902,92.00001053770177,1.0,-0.00011200494901686397,-1.0537701768953411e-05,1.0,True
22400835,197,197,98.0,99.0,99.0,107.0,107.0,99.0,1.0,0.0,0.0,1.0,True
22400836,192,192,96.0,96.0,97.0,117.0,117.0,97.0,1.0,0.0,0.0,0.0,True
22400837,204,204,101.0,103.0,91.0,111.0,111.0,91.0,1.0,0.0,0.0,2.0,True
22400838,196,196,98.0,98.0,105.0,110.0,110.0,105.0,1.0,0.0,0.0,0.0,True
22400839,214,214,107.0,107.0,129.0,121.0,121.0,129.0,1.0,0.0,0.0,0.0,True
22400840,200,200,100.0,100.0,129.0,121.0,121.00001161302026,129.00002049328768,1.0,-1.1613020262757345e-05,-2.0493287678391425e-05,0.0,True
22400841,186,186,93.0,93.0,109.0,131.0,131.0,109.0,1.0,0.0,0.0,0.0,True
22400842,194,194,97.0,97.0,122.0,117.0,117.0,122.0,1.0,0.0,0.0,0.0,True
22400843,192,192,97.0,95.0,118.0,101.0,101.0,118.0,1.0,0.0,0.0,2.0,True
22400844,204,204,102.0,102.0,106.0,118.0,118.0,106.0,1.0,0.0,0.0,0.0,True
22400845,188,188,94.0,94.0,121.0,115.0,115.00003255526433,121.00001196786417,1.0,-3.2555264326106226e-05,-1.1967864168127562e-05,0.0,True
22400846,213,213,107.0,106.0,112.0,121.0,121.00000969150673,112.00003674651697,1.0,-9.691506733133792e-06,-3.674651696883302e-05,1.0,True
22400847,203,203,101.0,102.0,96.0,103.0,103.0,96.0,1.0,0.0,0.0,1.0,True
22400848,191,191,96.0,95.0,124.0,116.0,116.0,124.0,1.0,0.0,0.0,1.0,True
22400849,192,192,95.0,97.0,102.0,111.0,111.0,102.0,1.0,0.0,0.0,2.0,True
22400850,207,207,103.0,104.0,134.0,119.0,119.00006961669101,134.00007930108575,1.0,-6.961669100746803e-05,-7.930108574782935e-05,1.0,True
22400851,214,214,108.0,106.0,135.0,119.0,119.0,135.0,1.0,0.0,0.0,2.0,True
22400852,186,186,93.0,93.0,123.0,116.0,116.0,123.0,1.0,0.0,0.0,0.0,True
22400853,199,199,100.0,99.0,121.0,102.0,102.0,121.0,1.0,0.0,0.0,1.0,True
22400854,186,186,93.0,93.0,120.0,125.0,125.0,120.0,1.0,0.0,0.0,0.0,True
22400855,220,220,110.0,110.0,115.0,125.0,125.0,115.0,1.0,0.0,0.0,0.0,True
22400856,205,205,104.0,101.0,114.0,113.0,113.00005502002224,114.00000460025686,1.0,-5.502002224488933e-05,-4.6002568581116066e-06,3.0,True
22400857,187,187,93.0,94.0,108.0,125.0,125.0,108.0,1.0,0.0,0.0,1.0,True
22400858,203,203,101.0,102.0,116.0,117.0,117.0,116.0,1.0,0.0,0.0,1.0,True
22400859,192,192,96.0,96.0,102.0,106.0,106.0,102.0,1.0,0.0,0.0,0.0,True
22400860,199,199,99.0,100.0,113.0,100.0,100.0,113.0,1.0,0.0,0.0,1.0,True
22400861,206,206,103.0,103.0,94.0,115.0,114.99999106705182,94.00006828237862,1.0,8.932948176720856e-06,-6.828237862066544e-05,0.0,True
22400862,192,192,96.0,96.0,113.0,103.0,103.0,113.0,1.0,0.0,0.0,0.0,True
22400863,206,206,103.0,103.0,130.0,128.0,128.00009439751295,130.00005917923164,1.0,-9.439751295303722e-05,-5.917923164133754e-05,0.0,True
22400864,199,199,99.0,100.0,119.0,126.0,126.0,119.0,1.0,0.0,0.0,1.0,True
22400865,203,203,101.0,102.0,132.0,117.0,117.0,132.0,1.0,0.0,0.0,1.0,True
22400866,187,187,94.0,93.0,103.0,110.0,110.0,103.0,1.0,0.0,0.0,1.0,True
22400867,226,226,113.0,113.0,129.0,133.0,132.99998798661085,129.00018004024543,1.0,1.2013389152798482e-05,-0.00018004024542506158,0.0,True
22400868,195,195,97.0,98.0,112.0,127.0,127.0,112.0,1.0,0.0,0.0,1.0,True
22400869,200,200,100.0,100.0,116.0,112.0,112.0,116.0,1.0,0.0,0.0,0.0,True
22400870,186,186,93.0,93.0,104.0,102.0,102.0,104.0,1.0,0.0,0.0,0.0,True
22400871,203,203,101.0,102.0,146.0,132.0,132.0,146.0,1.0,0.0,0.0,1.0,True
22400872,204,204,102.0,102.0,127.0,121.0,121.0,128.0,1.0,0.0,-1.0,0.0,False
22400873,199,199,99.0,100.0,116.0,98.0,98.0,116.0,1.0,0.0,0.0,1.0,True
22400874,183,183,92.0,91.0,102.0,108.0,108.0,102.0,1.0,0.0,0.0,1.0,True
22400875,206,206,103.0,103.0,119.0,101.0,100.99987583241816,119.00029008803372,1.0,0.00012416758184485843,-0.00029008803372221337,0.0,True
22400876,189,189,95.0,94.0,119.0,102.0,102.0,119.0,1.0,0.0,0.0,1.0,True
22400877,194,194,97.0,97.0,90.0,106.0,106.0,90.0,1.0,0.0,0.0,0.0,True
22400878,202,202,101.0,101.0,132.0,130.0,130.0,132.0,1.0,0.0,0.0,0.0,True
22400879,217,217,108.0,109.0,128.0,137.0,136.9999503459526,128.00005898050415,1.0,4.965404738754842e-05,-5.898050414998579e-05,1.0,True
22400880,186,186,93.0,93.0,122.0,98.0,98.00003830576547,122.00000940073947,1.0,-3.830576547159126e-05,-9.400739472198438e-06,0.0,True
22400881,216,216,108.0,108.0,134.0,106.0,106.0,134.0,1.0,0.0,0.0,0.0,True
22400882,192,192,96.0,96.0,102.0,115.0,115.0,102.0,1.0,0.0,0.0,0.0,True
22400883,193,193,97.0,96.0,114.0,113.0,113.0,114.0,1.0,0.0,0.0,1.0,True
22400884,217,217,109.0,108.0,126.0,121.0,121.00004894690954,127.00002960236246,1.0,-4.894690954415637e-05,-1.00002960236246,1.0,False
22400885,194,194,98.0,96.0,114.0,102.0,102.0,114.0,1.0,0.0,0.0,2.0,True
22400886,213,213,107.0,106.0,139.0,117.0,117.0,139.0,1.0,0.0,0.0,1.0,True
22400887,196,196,98.0,98.0,112.0,126.0,126.0,112.0,1.0,0.0,0.0,0.0,True
22400888,195,195,98.0,97.0,113.0,127.0,127.0,113.0,1.0,0.0,0.0,1.0,True
22400889,184,184,92.0,92.0,117.0,119.0,119.0,117.0,1.0,0.0,0.0,0.0,True
22400890,195,195,97.0,98.0,115.0,136.0,136.0,115.0,1.0,0.0,0.0,1.0,True
22400891,190,190,95.0,95.0,118.0,128.0,128.0,118.0,1.0,0.0,0.0,0.0,True
22400892,192,192,96.0,96.0,125.0,110.0,110.0,125.0,1.0,0.0,0.0,0.0,True
22400893,197,197,98.0,99.0,107.0,112.0,112.0,107.0,1.0,0.0,0.0,1.0,True
22400894,209,209,104.0,105.0,122.0,125.0,125.0,122.0,1.0,0.0,0.0,1.0,True
22400895,206,206,102.0,104.0,120.0,103.0,103.0,120.0,1.0,0.0,0.0,2.0,True
22400896,197,197,98.0,99.0,110.0,116.0,116.0,110.0,1.0,0.0,0.0,1.0,True
22400897,208,208,104.0,104.0,107.0,137.0,137.0,107.0,1.0,0.0,0.0,0.0,True
22400898,191,191,96.0,95.0,115.0,123.0,123.0,115.0,1.0,0.0,0.0,1.0,True
22400899,196,196,98.0,98.0,118.0,124.0,124.0,118.0,1.0,0.0,0.0,0.0,True
22400900,184,184,93.0,91.0,105.0,123.0,123.0,105.0,1.0,0.0,0.0,2.0,True
22400901,192,192,96.0,96.0,121.0,119.0,119.0,121.0,1.0,0.0,0.0,0.0,True
22400902,195,195,98.0,97.0,109.0,97.0,97.0,109.0,1.0,0.0,0.0,1.0,True
22400903,208,208,104.0,104.0,109.0,113.0,113.00011895981699,108.99999758357446,1.0,-0.0001189598169872852,2.416425544993217e-06,0.0,True
22400904,204,204,102.0,102.0,118.0,117.0,117.00005734039182,118.00006306789388,1.0,-5.7340391819593606e-05,-6.306789387622302e-05,0.0,True
22400905,207,207,104.0,103.0,109.0,118.0,118.0,109.0,1.0,0.0,0.0,1.0,True
22400906,208,208,104.0,104.0,122.0,111.0,111.0,122.0,1.0,0.0,0.0,0.0,True
22400907,189,189,94.0,95.0,106.0,104.0,104.0,106.0,1.0,0.0,0.0,1.0,True
22400908,202,202,100.0,102.0,89.0,107.0,107.0,89.0,1.0,0.0,0.0,2.0,True
22400909,213,213,107.0,106.0,141.0,149.0,149.0,141.0,1.0,0.0,0.0,1.0,True
22400910,189,189,95.0,94.0,109.0,127.0,127.0,109.0,1.0,0.0,0.0,1.0,True
22400911,196,196,98.0,98.0,95.0,105.0,105.0,95.0,1.0,0.0,0.0,0.0,True
22400912,174,174,88.0,86.0,102.0,105.0,105.0,102.0,1.0,0.0,0.0,2.0,True
22400913,200,200,100.0,100.0,117.0,146.0,145.99997223470095,117.00002807956584,1.0,2.7765299051907277e-05,-2.807956583694704e-05,0.0,True
22400914,202,202,101.0,101.0,118.0,120.0,119.99997766373056,118.00010382035852,1.0,2.2336269438483214e-05,-0.00010382035851819182,0.0,True
22400915,201,201,100.0,101.0,118.0,117.0,117.0,118.0,1.0,0.0,0.0,1.0,True
22400916,209,209,104.0,105.0,114.0,109.0,109.0,114.0,1.0,0.0,0.0,1.0,True
22400917,187,187,94.0,93.0,111.0,109.0,109.0,111.0,1.0,0.0,0.0,1.0,True
22400918,187,187,93.0,94.0,101.0,111.0,110.99999077315508,101.00006824396894,1.0,9.226844923659883e-06,-6.824396893989615e-05,1.0,True
22400919,208,208,105.0,103.0,110.0,115.0,114.99998820342151,110.00005106046872,1.0,1.1796578490930187e-05,-5.1060468720720564e-05,2.0,True
22400920,197,197,98.0,99.0,103.0,127.0,126.91072335917988,103.08934313672826,1.0,0.08927664082011688,-0.08934313672826022,1.0,True
22400921,196,196,99.0,97.0,125.0,116.0,116.0,125.0,1.0,0.0,0.0,2.0,True
22400922,197,197,98.0,99.0,112.0,100.0,100.0,112.0,1.0,0.0,0.0,1.0,True
22400923,190,190,95.0,95.0,107.0,104.0,104.0,107.0,1.0,0.0,0.0,0.0,True
22400924,217,217,108.0,109.0,122.0,126.0,126.0,122.0,1.0,0.0,0.0,1.0,True
22400925,196,196,97.0,99.0,124.0,141.0,141.00001700777736,124.00006566196217,1.0,-1.700777735891279e-05,-6.566196216795106e-05,2.0,True
22400926,208,208,104.0,104.0,119.0,112.0,112.0000186765749,119.00006508744542,1.0,-1.867657489640351e-05,-6.508744542088607e-05,0.0,True
22400927,197,197,99.0,98.0,110.0,111.0,111.0,110.0,1.0,0.0,0.0,1.0,True
22400928,203,203,101.0,102.0,123.0,132.0,131.99999496452762,123.00001076376044,1.0,5.035472383951856e-06,-1.0763760442955572e-05,1.0,True
22400929,195,195,98.0,97.0,108.0,114.0,114.0,108.0,1.0,0.0,0.0,1.0,True
22400930,188,188,94.0,94.0,108.0,111.0,111.0,108.0,1.0,0.0,0.0,0.0,True
22400931,188,188,94.0,94.0,105.0,102.0,102.00009430789217,105.00004624307132,1.0,-9.430789216935409e-05,-4.624307132417016e-05,0.0,True
22400932,198,198,99.0,99.0,104.0,119.0,119.0000346430133,104.00002383885112,1.0,-3.464301329358932e-05,-2.383885112067219e-05,0.0,True
22400933,214,214,107.0,107.0,103.0,121.0,121.00003248809543,103.00005289001123,1.0,-3.2488095428107044e-05,-5.289001123287562e-05,0.0,True
22400934,184,184,91.0,93.0,84.0,97.0,97.0,84.0,1.0,0.0,0.0,2.0,True
22400935,196,196,98.0,98.0,118.0,120.0,120.00002972380632,118.00004273155399,1.0,-2.972380632115801e-05,-4.273155398948347e-05,0.0,True
22400936,198,198,99.0,99.0,140.0,127.0,127.00002382350931,140.00002675957916,1.0,-2.3823509309295332e-05,-2.6759579156987456e-05,0.0,True
22400937,195,195,98.0,97.0,133.0,129.0,129.0,133.0,1.0,0.0,0.0,1.0,True
22400938,199,199,100.0,99.0,120.0,130.0,130.0,120.0,1.0,0.0,0.0,1.0,True
22400939,200,200,100.0,100.0,133.0,104.0,104.0,133.0,1.0,0.0,0.0,0.0,True
22400940,191,191,95.0,96.0,104.0,109.0,109.00001951382649,104.00002297123932,1.0,-1.9513826487127517e-05,-2.2971239317826075e-05,1.0,True
22400941,202,202,100.0,102.0,103.0,123.0,123.0,103.0,1.0,0.0,0.0,2.0,True
22400942,197,197,99.0,98.0,114.0,115.0,115.00000798631977,114.00004239385814,1.0,-7.98631977261266e-06,-4.239385813775698e-05,1.0,True
22400943,195,195,98.0,97.0,120.0,127.0,127.0,120.0,1.0,0.0,0.0,1.0,True
22400944,203,203,101.0,102.0,125.0,123.0,123.0,125.0,1.0,0.0,0.0,1.0,True
22400945,209,209,105.0,104.0,110.0,123.0,123.0,110.0,1.0,0.0,0.0,1.0,True
22400946,191,191,96.0,95.0,118.0,112.0,112.0,118.0,1.0,0.0,0.0,1.0,True
22400947,207,207,103.0,104.0,105.0,118.0,118.0,105.0,1.0,0.0,0.0,1.0,True
22400948,184,184,92.0,92.0,119.0,104.0,104.0,119.0,1.0,0.0,0.0,0.0,True
22400949,187,187,93.0,94.0,104.0,111.0,111.0,104.0,1.0,0.0,0.0,1.0,True
22400950,211,211,105.0,106.0,115.0,122.0,122.0,115.0,1.0,0.0,0.0,1.0,True
22400951,205,205,102.0,103.0,116.0,126.0,126.0,116.0,1.0,0.0,0.0,1.0,True
22400952,191,191,95.0,96.0,115.0,95.0,95.0,115.0,1.0,0.0,0.0,1.0,True
22400953,204,204,103.0,101.0,114.0,113.0,113.00003748010649,114.00006983737067,1.0,-3.748010648507716e-05,-6.983737067400853e-05,2.0,True
22400954,211,211,105.0,106.0,129.0,125.0,125.0,129.0,1.0,0.0,0.0,1.0,True
22400955,205,205,102.0,103.0,106.0,126.0,126.0,106.0,1.0,0.0,0.0,1.0,True
22400956,191,191,95.0,96.0,110.0,116.0,116.0,110.0,1.0,0.0,0.0,1.0,True
22400957,193,193,96.0,97.0,104.0,130.0,130.0,104.0,1.0,0.0,0.0,1.0,True
22400958,182,182,91.0,91.0,103.0,91.0,91.0,103.0,1.0,0.0,0.0,0.0,True
22400959,187,187,94.0,93.0,112.0,100.0,100.00004414882855,112.00001804369202,1.0,-4.414882855030555e-05,-1.804369202318412e-05,1.0,True
22400960,196,196,99.0,97.0,121.0,98.0,98.0,121.0,1.0,0.0,0.0,2.0,True
22400961,202,202,101.0,101.0,96.0,133.0,133.0,96.0,1.0,0.0,0.0,0.0,True
22400962,216,216,108.0,108.0,133.0,124.0,124.00002152883008,133.0000551689802,1.0,-2.1528830075112637e-05,-5.5168980196640405e-05,0.0,True
22400963,200,200,99.0,101.0,111.0,118.0,118.0,111.0,1.0,0.0,0.0,2.0,True
22400964,197,197,99.0,98.0,145.0,134.0,134.0,145.0,1.0,0.0,0.0,1.0,True
22400965,202,202,100.0,102.0,126.0,131.0,131.0000068732366,126.00007135481302,1.0,-6.873236600313248e-06,-7.135481301645541e-05,2.0,True
22400966,226,226,114.0,112.0,126.0,118.0,118.0,126.0,1.0,0.0,0.0,2.0,True
22400967,188,188,94.0,94.0,106.0,122.0,122.0902242718323,105.91000011001353,1.0,-0.09022427183229809,0.08999988998647268,0.0,True
22400968,171,171,85.0,86.0,115.0,113.0,113.0,115.0,1.0,0.0,0.0,1.0,True
22400969,208,208,104.0,104.0,113.0,107.0,107.00003254267303,113.00014784581784,1.0,-3.2542673025659496e-05,-0.00014784581783544581,0.0,True
22400970,204,204,102.0,102.0,114.0,117.0,117.00000053498916,114.00004229591076,1.0,-5.34989155198673e-07,-4.229591075954886e-05,0.0,True
22400971,194,194,97.0,97.0,91.0,125.0,125.000077861383,91.00000241497087,1.0,-7.786138300502898e-05,-2.41497086506115e-06,0.0,True
22400972,199,199,100.0,99.0,119.0,126.0,126.0,119.0,1.0,0.0,0.0,1.0,True
22400973,198,198,99.0,99.0,115.0,119.0,119.0,115.0,1.0,0.0,0.0,0.0,True
22400974,184,184,92.0,92.0,94.0,97.0,97.0000508560844,94.00001886353445,1.0,-5.0856084399697465e-05,-1.886353445001987e-05,0.0,True
22400975,208,208,104.0,104.0,126.0,123.0,123.00830393027519,125.99181673153542,1.0,-0.008303930275189941,0.008183268464577509,0.0,True
22400976,207,207,103.0,104.0,130.0,125.0,125.00002687924527,130.0000081131232,1.0,-2.6879245268673913e-05,-8.113123186603843e-06,1.0,True
22400977,188,188,94.0,94.0,96.0,107.0,107.0,96.0,1.0,0.0,0.0,0.0,True
22400978,200,200,101.0,99.0,114.0,122.0,122.0,114.0,1.0,0.0,0.0,2.0,True
22400979,199,199,99.0,100.0,108.0,103.0,102.99996765102617,108.00007047503702,1.0,3.23489738320859e-05,-7.047503702040103e-05,1.0,True
22400980,197,197,98.0,99.0,102.0,105.0,105.0,102.0,1.0,0.0,0.0,1.0,True
22400981,205,205,102.0,103.0,102.0,128.0,128.00001541449612,101.99998903896169,1.0,-1.5414496118637544e-05,1.096103831343953e-05,1.0,True
22400982,194,194,97.0,97.0,121.0,105.0,105.0,121.0,1.0,0.0,0.0,0.0,True
22400983,207,207,103.0,104.0,93.0,110.0,110.0,93.0,1.0,0.0,0.0,1.0,True
22400984,190,190,95.0,95.0,95.0,116.0,116.0,95.0,1.0,0.0,0.0,0.0,True
22400985,216,216,108.0,108.0,137.0,144.0,144.000005202934,137.00002711197408,1.0,-5.202934005410498e-06,-2.7111974077342893e-05,0.0,True
22400986,227,227,112.0,115.0,132.0,130.0,129.954139267708,132.0460192605333,1.0,0.04586073229199883,-0.0460192605333134,3.0,True
22400987,198,198,99.0,99.0,127.0,81.0,81.0,127.0,1.0,0.0,0.0,0.0,True
22400988,187,187,93.0,94.0,116.0,105.0,105.00000160390725,116.0000227411392,1.0,-1.6039072505691365e-06,-2.2741139204640604e-05,1.0,True
22400989,209,209,104.0,105.0,111.0,97.0,97.0,111.0,1.0,0.0,0.0,1.0,True
22400990,206,206,103.0,103.0,114.0,105.0,105.0,114.0,1.0,0.0,0.0,0.0,True
22400991,191,191,95.0,96.0,89.0,129.0,129.00001021636564,89.00000913555893,1.0,-1.021636563791617e-05,-9.135558926232079e-06,1.0,True
22400992,207,207,103.0,104.0,122.0,132.0,131.99993141445003,122.00028669959859,1.0,6.85855499682475e-05,-0.0002866995985897347,1.0,True
22400993,196,196,99.0,97.0,134.0,102.0,102.0,134.0,1.0,0.0,0.0,2.0,True
22400994,186,186,92.0,94.0,96.0,104.0,104.00005875553354,96.00001469680083,1.0,-5.8755533544285754e-05,-1.4696800832325607e-05,2.0,True
22400995,198,198,99.0,99.0,97.0,112.0,112.0,97.0,1.0,0.0,0.0,0.0,True
22400996,193,193,96.0,97.0,118.0,89.0,89.0,118.0,1.0,0.0,0.0,1.0,True
22400997,189,189,94.0,95.0,119.0,132.0,132.0,119.0,1.0,0.0,0.0,1.0,True
22400998,212,212,106.0,106.0,131.0,135.0,135.0,131.0,1.0,0.0,0.0,0.0,True
22400999,192,192,96.0,96.0,116.0,108.0,108.00000723371352,116.00005081063578,1.0,-7.233713517962315e-06,-5.0810635784159786e-05,0.0,True
22401000,197,197,98.0,99.0,116.0,113.0,113.00002731055021,116.00003245086143,1.0,-2.7310550208881068e-05,-3.2450861425559197e-05,1.0,True
22401001,195,195,98.0,97.0,119.0,115.0,115.0000219112612,119.00004158023899,1.0,-2.1911261200102672e-05,-4.158023898526153e-05,1.0,True
22401002,198,198,99.0,99.0,100.0,133.0,133.0,100.0,1.0,0.0,0.0,0.0,True
22401003,189,189,94.0,95.0,105.0,120.0,120.0,105.0,1.0,0.0,0.0,1.0,True
22401004,215,215,108.0,107.0,120.0,116.0,116.0,120.0,1.0,0.0,0.0,1.0,True
22401005,207,207,103.0,104.0,114.0,117.0,117.0,114.0,1.0,0.0,0.0,1.0,True
22401006,203,203,101.0,102.0,108.0,120.0,120.18799627901814,107.8122245649179,1.0,-0.18799627901813665,0.18777543508210215,1.0,True
22401007,199,199,99.0,100.0,121.0,127.0,127.00003679412337,121.00003632634954,1.0,-3.679412337476151e-05,-3.6326349544424374e-05,1.0,True
22401008,197,197,99.0,98.0,99.0,115.0,115.0,99.0,1.0,0.0,0.0,1.0,True
22401009,191,191,95.0,96.0,119.0,123.0,123.00005021061627,119.00003323805586,1.0,-5.02106162656446e-05,-3.323805586319395e-05,1.0,True
22401010,190,190,95.0,95.0,98.0,115.0,115.00000957396229,98.00002762898757,1.0,-9.573962287845461e-06,-2.762898756714094e-05,0.0,True
22401011,219,219,109.0,110.0,99.0,105.0,105.0,99.0,1.0,0.0,0.0,1.0,True
22401012,191,191,95.0,96.0,93.0,104.0,104.0,93.0,1.0,0.0,0.0,1.0,True
22401013,194,194,97.0,97.0,128.0,116.0,116.0,128.0,1.0,0.0,0.0,0.0,True
22401014,199,199,100.0,99.0,120.0,105.0,105.0,120.0,1.0,0.0,0.0,1.0,True
22401015,188,188,94.0,94.0,102.0,98.0,98.00006177474634,102.00002282745122,1.0,-6.17747463422802e-05,-2.2827451218176975e-05,0.0,True
22401016,195,195,97.0,98.0,93.0,134.0,134.00006104515828,93.00005156685118,1.0,-6.10451582758742e-05,-5.1566851183793005e-05,1.0,True
22401017,191,191,95.0,96.0,106.0,141.0,141.0,106.0,1.0,0.0,0.0,1.0,True
22401018,205,205,103.0,102.0,120.0,128.0,128.0,120.0,1.0,0.0,0.0,1.0,True
22401019,204,204,102.0,102.0,117.0,123.0,123.0,117.0,1.0,0.0,0.0,0.0,True
22401020,191,191,96.0,95.0,121.0,99.0,99.0,121.0,1.0,0.0,0.0,1.0,True
22401021,191,191,95.0,96.0,112.0,123.0,123.0,112.0,1.0,0.0,0.0,1.0,True
22401022,192,192,96.0,96.0,109.0,128.0,128.0,109.0,1.0,0.0,0.0,0.0,True
22401023,196,196,98.0,98.0,108.0,128.0,128.0,108.0,1.0,0.0,0.0,0.0,True
22401024,199,199,99.0,100.0,103.0,108.0,108.00003370586171,103.00002814762152,1.0,-3.370586171058676e-05,-2.814762152070216e-05,1.0,True
22401025,199,199,100.0,99.0,115.0,124.0,124.0,115.0,1.0,0.0,0.0,1.0,True
22401026,208,208,104.0,104.0,103.0,122.0,122.0,103.0,1.0,0.0,0.0,0.0,True
22401027,183,183,91.0,92.0,114.0,108.0,108.0,114.0,1.0,0.0,0.0,1.0,True
22401028,209,209,104.0,105.0,146.0,115.0,115.0,146.0,1.0,0.0,0.0,1.0,True
22401029,192,192,96.0,96.0,130.0,136.0,136.0,130.0,1.0,0.0,0.0,0.0,True
22401030,199,199,100.0,99.0,120.0,91.0,91.0,120.0,1.0,0.0,0.0,1.0,True
22401031,199,199,100.0,99.0,119.0,132.0,132.0,119.0,1.0,0.0,0.0,1.0,True
22401032,190,190,95.0,95.0,105.0,122.0,122.0,105.0,1.0,0.0,0.0,0.0,True
22401033,204,204,102.0,102.0,123.0,89.0,89.0,123.0,1.0,0.0,0.0,0.0,True
22401034,184,184,92.0,92.0,129.0,116.0,116.0,129.0,1.0,0.0,0.0,0.0,True
22401035,184,184,92.0,92.0,116.0,111.0,111.00004080605427,116.0000407462421,1.0,-4.080605427247974e-05,-4.0746242106592945e-05,0.0,True
22401036,194,194,97.0,97.0,103.0,101.0,101.00009715553186,103.00003440248788,1.0,-9.715553186140369e-05,-3.4402487884221955e-05,0.0,True
22401037,205,205,103.0,102.0,103.0,119.0,119.05360970958696,102.94658216667892,1.0,-0.05360970958696498,0.053417833321077524,1.0,True
22401038,181,181,91.0,90.0,106.0,118.0,118.00003062696786,105.99998899392806,1.0,-3.0626967856051124e-05,1.1006071943597817e-05,1.0,True
22401039,212,212,105.0,107.0,112.0,104.0,104.0,112.0,1.0,0.0,0.0,2.0,True
22401040,187,187,94.0,93.0,120.0,101.0,100.99999310088673,120.00000789532473,1.0,6.899113273561852e-06,-7.895324728224296e-06,1.0,True
22401041,189,189,94.0,95.0,99.0,112.0,112.0,99.0,1.0,0.0,0.0,1.0,True
22401042,201,201,101.0,100.0,129.0,119.0,119.0,129.0,1.0,0.0,0.0,1.0,True
22401043,182,182,91.0,91.0,106.0,108.0,108.00010954599738,106.0000586131225,1.0,-0.00010954599737544868,-5.8613122504880266e-05,0.0,True
22401044,193,193,97.0,96.0,113.0,95.0,95.0,113.0,1.0,0.0,0.0,1.0,True
22401045,188,188,94.0,94.0,111.0,104.0,104.00006188423887,111.000039856294,1.0,-6.188423887465433e-05,-3.985629399494428e-05,0.0,True
22401046,183,183,91.0,92.0,96.0,122.0,122.0,96.0,1.0,0.0,0.0,1.0,True
22401047,178,178,88.0,90.0,86.0,112.0,112.0,86.0,1.0,0.0,0.0,2.0,True
22401048,201,201,100.0,101.0,113.0,128.0,128.0,113.0,1.0,0.0,0.0,1.0,True
22401049,204,204,101.0,103.0,114.0,121.0,121.00002388027406,114.00002359661829,1.0,-2.3880274056864437e-05,-2.3596618291321647e-05,2.0,True
22401050,191,191,95.0,96.0,140.0,103.0,103.0,140.0,1.0,0.0,0.0,1.0,True
22401051,192,192,96.0,96.0,122.0,111.0,111.0,122.0,1.0,0.0,0.0,0.0,True
22401052,198,198,99.0,99.0,121.0,105.0,105.00001229516629,121.00003049235015,1.0,-1.2295166285980486e-05,-3.0492350148847436e-05,0.0,True
22401053,193,193,97.0,96.0,119.0,114.0,114.0,119.0,1.0,0.0,0.0,1.0,True
22401054,206,206,104.0,102.0,116.0,86.0,86.0,116.0,1.0,0.0,0.0,2.0,True
22401055,190,190,95.0,95.0,120.0,119.0,119.0000973920111,119.99998140901934,1.0,-9.739201109937312e-05,1.8590980658927947e-05,0.0,True
22401056,184,184,92.0,92.0,126.0,113.0,113.0,126.0,1.0,0.0,0.0,0.0,True
22401057,198,198,99.0,99.0,117.0,127.0,127.0,117.0,1.0,0.0,0.0,0.0,True
22401058,192,192,96.0,96.0,132.0,102.0,102.0,132.0,1.0,0.0,0.0,0.0,True
22401059,204,204,102.0,102.0,116.0,124.0,124.0,116.0,1.0,0.0,0.0,0.0,True
22401060,191,191,95.0,96.0,101.0,92.0,91.99999960564648,101.00003249283694,1.0,3.9435352050531947e-07,-3.249283693662619e-05,1.0,True
22401061,203,203,102.0,101.0,162.0,109.0,109.00019365644168,161.9999611796673,1.0,-0.00019365644168090057,3.8820332690647774e-05,1.0,True
22401062,193,193,97.0,96.0,112.0,122.0,122.0,112.0,1.0,0.0,0.0,1.0,True
22401063,208,208,104.0,104.0,117.0,119.0,119.0,117.0,1.0,0.0,0.0,0.0,True
22401064,206,206,103.0,103.0,104.0,125.0,125.0000760232244,103.99999517090926,1.0,-7.602322439481668e-05,4.82909074150939e-06,0.0,True
22401065,194,194,97.0,97.0,121.0,110.0,110.0,121.0,1.0,0.0,0.0,0.0,True
22401066,193,193,96.0,97.0,107.0,128.0,128.0000478552386,106.99999145441204,1.0,-4.785523859140994e-05,8.545587959929435e-06,1.0,True
22401067,203,203,102.0,101.0,122.0,133.0,133.0,122.0,1.0,0.0,0.0,1.0,True
22401068,202,202,101.0,101.0,132.0,100.0,100.0,132.0,1.0,0.0,0.0,0.0,True
22401069,194,194,97.0,97.0,97.0,108.0,108.0,97.0,1.0,0.0,0.0,0.0,True
22401070,190,190,95.0,95.0,116.0,107.0,107.0,116.0,1.0,0.0,0.0,0.0,True
22401071,186,186,93.0,93.0,109.0,124.0,124.00002020551636,109.00002514292815,1.0,-2.0205516364057985e-05,-2.5142928151922206e-05,0.0,True
22401072,188,188,94.0,94.0,111.0,95.0,95.0,111.0,1.0,0.0,0.0,0.0,True
22401073,205,205,103.0,102.0,93.0,129.0,129.0,93.0,1.0,0.0,0.0,1.0,True
22401074,193,193,96.0,97.0,91.0,121.0,121.00001242195938,91.00009257473488,1.0,-1.2421959382891146e-05,-9.257473487878087e-05,1.0,True
22401075,195,195,97.0,98.0,115.0,112.0,112.00003736849025,114.99999054605712,1.0,-3.7368490254152675e-05,9.45394288009993e-06,1.0,True
22401076,185,185,93.0,92.0,118.0,95.0,95.0,118.0,1.0,0.0,0.0,1.0,True
22401077,214,214,107.0,107.0,120.0,119.0,119.00006622353426,119.99998525757236,1.0,-6.622353426166683e-05,1.4742427637770561e-05,0.0,True
22401078,206,206,103.0,103.0,134.0,127.0,127.00006580244107,133.99999089975444,1.0,-6.580244107112776e-05,9.100245563331555e-06,0.0,True
22401079,207,207,103.0,104.0,111.0,132.0,132.00011003706408,110.99996503655233,1.0,-0.00011003706407564096,3.496344767484061e-05,1.0,True
22401080,190,190,95.0,95.0,121.0,111.0,111.00000959407072,121.00000006884882,1.0,-9.594070718321746e-06,-6.884881997848424e-08,0.0,True
22401081,207,207,104.0,103.0,122.0,127.0,127.00021807606952,121.99989222515927,1.0,-0.00021807606951540492,0.00010777484072832522,1.0,True
22401082,187,187,93.0,94.0,93.0,110.0,110.0,93.0,1.0,0.0,0.0,1.0,True
22401083,207,207,103.0,104.0,145.0,124.0,123.99997861756518,145.0000021697564,1.0,2.1382434823635776e-05,-2.169756413650248e-06,1.0,True
22401084,192,192,96.0,96.0,104.0,123.0,122.9998821564584,104.00015646211708,1.0,0.0001178435416022694,-0.00015646211707576185,0.0,True
22401085,205,205,103.0,102.0,94.0,98.0,98.0,94.0,1.0,0.0,0.0,1.0,True
22401086,210,210,105.0,105.0,148.0,106.0,106.00005100122848,148.00001699216477,1.0,-5.1001228484892636e-05,-1.699216477391019e-05,0.0,True
22401087,215,215,108.0,107.0,127.0,109.0,109.0,127.0,1.0,0.0,0.0,1.0,True
22401088,206,206,103.0,103.0,148.0,109.0,109.00005329693644,147.99998915134304,1.0,-5.3296936442848164e-05,1.0848656955886327e-05,0.0,True
22401089,190,190,95.0,95.0,106.0,110.0,110.0,106.0,1.0,0.0,0.0,0.0,True
22401090,202,202,102.0,100.0,109.0,111.0,111.0,109.0,1.0,0.0,0.0,2.0,True
22401091,186,186,94.0,92.0,96.0,87.0,87.00003009459175,96.00009767492168,1.0,-3.0094591750184918e-05,-9.767492167611636e-05,2.0,True
22401092,208,208,104.0,104.0,120.0,94.0,94.0,120.0,1.0,0.0,0.0,0.0,True
22401093,203,203,102.0,101.0,117.0,103.0,103.0,117.0,1.0,0.0,0.0,1.0,True
22401094,224,224,112.0,112.0,117.0,145.0,145.00003652877507,117.00000623970541,1.0,-3.652877506965524e-05,-6.239705413690899e-06,0.0,True
22401095,190,190,96.0,94.0,113.0,109.0,109.00003752566096,113.00005847965295,1.0,-3.752566095727161e-05,-5.847965294947244e-05,2.0,True
22401096,196,196,99.0,97.0,98.0,104.0,104.0000955521103,98.00006962061448,1.0,-9.555211029521615e-05,-6.962061448234635e-05,2.0,True
22401097,218,218,109.0,109.0,127.0,113.0,113.0,127.0,1.0,0.0,0.0,0.0,True
22401098,193,193,96.0,97.0,91.0,105.0,105.0,91.0,1.0,0.0,0.0,1.0,True
22401099,206,206,103.0,103.0,118.0,137.0,137.0,118.0,1.0,0.0,0.0,0.0,True
22401100,211,211,106.0,105.0,134.0,125.0,125.00006893474678,134.00003658912635,1.0,-6.893474677838185e-05,-3.658912635273737e-05,1.0,True
22401101,193,193,96.0,97.0,123.0,133.0,133.0,123.0,1.0,0.0,0.0,1.0,True
22401102,228,228,114.0,114.0,140.0,139.0,139.0000227543285,140.00006866209938,1.0,-2.2754328512064603e-05,-6.866209938038992e-05,0.0,True
22401103,191,191,95.0,96.0,105.0,124.0,124.0,105.0,1.0,0.0,0.0,1.0,True
22401104,189,189,94.0,95.0,105.0,119.0,119.0,105.0,1.0,0.0,0.0,1.0,True
22401105,198,198,99.0,99.0,111.0,116.0,116.0,111.0,1.0,0.0,0.0,0.0,True
22401106,170,170,85.0,85.0,124.0,103.0,103.0,124.0,1.0,0.0,0.0,0.0,True
22401107,205,205,102.0,103.0,105.0,143.0,143.00005365956105,104.99999736039909,1.0,-5.365956104697034e-05,2.639600907627937e-06,1.0,True
22401108,204,204,102.0,102.0,103.0,119.0,119.00006321450702,102.9999773689804,1.0,-6.321450702273523e-05,2.2631019604091307e-05,0.0,True
22401109,206,206,103.0,103.0,118.0,120.0,120.0,118.0,1.0,0.0,0.0,0.0,True
22401110,209,209,104.0,105.0,113.0,106.0,106.0,113.0,1.0,0.0,0.0,1.0,True
22401111,192,192,96.0,96.0,98.0,114.0,114.0,98.0,1.0,0.0,0.0,0.0,True
22401112,176,176,88.0,88.0,109.0,97.0,97.00006683843964,109.0000670081767,1.0,-6.683843963628533e-05,-6.700817669980097e-05,0.0,True
22401113,183,183,92.0,91.0,105.0,90.0,90.00000693399296,105.0000551958214,1.0,-6.9339929638090325e-06,-5.5195821403231093e-05,1.0,True
22401114,196,196,98.0,98.0,110.0,108.0,108.0,110.0,1.0,0.0,0.0,0.0,True
22401115,190,190,95.0,95.0,126.0,113.0,113.0,126.0,1.0,0.0,0.0,0.0,True
22401116,200,200,100.0,100.0,112.0,103.0,103.0,112.0,1.0,0.0,0.0,0.0,True
22401117,184,184,92.0,92.0,123.0,116.0,116.0,123.0,1.0,0.0,0.0,0.0,True
22401118,192,192,97.0,95.0,125.0,102.0,101.99998117622717,125.00006930652354,1.0,1.8823772833798103e-05,-6.930652354242284e-05,2.0,True
22401119,204,204,102.0,102.0,112.0,140.0,140.0,112.0,1.0,0.0,0.0,0.0,True
22401120,185,185,92.0,93.0,103.0,123.0,123.0,103.0,1.0,0.0,0.0,1.0,True
22401121,203,203,102.0,101.0,117.0,105.0,105.0,117.0,1.0,0.0,0.0,1.0,True
22401122,214,214,107.0,107.0,113.0,118.0,118.0,113.0,1.0,0.0,0.0,0.0,True
22401123,201,201,101.0,100.0,111.0,125.0,125.0000123752928,111.00002830439709,1.0,-1.237529279762839e-05,-2.830439709100574e-05,1.0,True
22401124,204,204,102.0,102.0,114.0,113.0,113.0,114.0,1.0,0.0,0.0,0.0,True
22401125,193,193,96.0,97.0,104.0,118.0,118.00001478510227,104.00003172074145,1.0,-1.4785102266046124e-05,-3.172074144686121e-05,1.0,True
22401126,189,189,94.0,95.0,108.0,124.0,124.00004748743068,108.00002457959148,1.0,-4.748743067750638e-05,-2.4579591482165597e-05,1.0,True
22401127,197,197,99.0,98.0,91.0,114.0,114.0,91.0,1.0,0.0,0.0,1.0,True
22401128,192,192,96.0,96.0,121.0,105.0,105.0,121.0,1.0,0.0,0.0,0.0,True
22401129,207,207,103.0,104.0,109.0,103.0,103.00000444859262,109.00004374836588,1.0,-4.448592619610281e-06,-4.374836588283415e-05,1.0,True
22401130,188,188,95.0,93.0,114.0,109.0,109.00005938666435,114.00001197541559,1.0,-5.938666434701645e-05,-1.1975415588949545e-05,2.0,True
22401131,211,211,105.0,106.0,121.0,115.0,115.00004939296106,121.00001869344781,1.0,-4.939296105987978e-05,-1.869344781368909e-05,1.0,True
22401132,200,200,100.0,100.0,104.0,135.0,135.0,104.0,1.0,0.0,0.0,0.0,True
22401133,205,205,103.0,102.0,131.0,117.0,116.99995441235316,131.00005981406505,1.0,4.558764683793015e-05,-5.981406505384257e-05,1.0,True
22401134,218,218,109.0,109.0,120.0,109.0,109.0,120.0,1.0,0.0,0.0,0.0,True
22401135,188,188,95.0,93.0,126.0,99.0,99.0,126.0,1.0,0.0,0.0,2.0,True
22401136,202,202,100.0,102.0,134.0,147.0,147.0,134.0,1.0,0.0,0.0,2.0,True
22401137,179,179,89.0,90.0,90.0,124.0,124.0,90.0,1.0,0.0,0.0,1.0,True
22401138,192,192,96.0,96.0,120.0,113.0,113.00014417113982,119.99998995447761,1.0,-0.00014417113982290175,1.0045522387258643e-05,0.0,True
22401139,211,211,106.0,105.0,109.0,120.0,120.0,109.0,1.0,0.0,0.0,1.0,True
22401140,189,189,94.0,95.0,98.0,112.0,112.0,98.0,1.0,0.0,0.0,1.0,True
22401141,179,179,90.0,89.0,113.0,93.0,93.0000019125559,113.00001003407834,1.0,-1.9125559020949368e-06,-1.0034078343323927e-05,1.0,True
22401142,209,209,105.0,104.0,125.0,120.0,120.0,125.0,1.0,0.0,0.0,1.0,True
22401143,193,193,96.0,97.0,106.0,96.0,96.00005819983139,105.99998026816345,1.0,-5.819983138621865e-05,1.9731836545133774e-05,1.0,True
22401144,187,187,94.0,93.0,127.0,117.0,116.99997876425452,127.0000427344916,1.0,2.1235745478520585e-05,-4.273449160052678e-05,1.0,True
22401145,192,192,97.0,95.0,105.0,117.0,117.0,105.0,1.0,0.0,0.0,2.0,True
22401146,198,198,99.0,99.0,124.0,100.0,99.99982303263637,124.00023490635245,1.0,0.00017696736362893262,-0.00023490635244627356,0.0,True
22401147,204,204,102.0,102.0,113.0,135.0,135.0,113.0,1.0,0.0,0.0,0.0,True
22401148,191,191,95.0,96.0,98.0,104.0,104.0,98.0,1.0,0.0,0.0,1.0,True
22401149,191,191,96.0,95.0,112.0,119.0,119.00006539953311,112.00003107183589,1.0,-6.53995331134638e-05,-3.107183589179385e-05,1.0,True
22401150,204,204,103.0,101.0,114.0,119.0,119.0,114.0,1.0,0.0,0.0,2.0,True
22401151,202,202,101.0,101.0,119.0,117.0,117.0,119.0,1.0,0.0,0.0,0.0,True
22401152,188,188,94.0,94.0,103.0,110.0,110.00004023631156,103.00005457579478,1.0,-4.023631156258034e-05,-5.4575794777633746e-05,0.0,True
22401153,197,197,98.0,99.0,120.0,136.0,136.00001271884602,120.00001070980024,1.0,-1.2718846022607977e-05,-1.0709800235986222e-05,1.0,True
22401154,204,204,103.0,101.0,133.0,95.0,95.00001360261489,133.00000044775396,1.0,-1.3602614885144249e-05,-4.4775396190743777e-07,2.0,True
22401155,199,199,100.0,99.0,117.0,122.0,122.0,117.0,1.0,0.0,0.0,1.0,True
22401156,180,180,89.0,91.0,76.0,96.0,95.99999593516709,76.00000418790192,1.0,4.064832907602067e-06,-4.187901922136916e-06,2.0,True
22401157,207,207,104.0,103.0,122.0,103.0,103.0,122.0,1.0,0.0,0.0,1.0,True
22401158,200,200,99.0,101.0,96.0,126.0,126.0,96.0,1.0,0.0,0.0,2.0,True
22401159,188,188,94.0,94.0,112.0,97.0,97.0,112.0,1.0,0.0,0.0,0.0,True
22401160,204,204,102.0,102.0,111.0,119.0,119.0,111.0,1.0,0.0,0.0,0.0,True
22401161,212,212,106.0,106.0,111.0,136.0,136.0,111.0,1.0,0.0,0.0,0.0,True
22401162,234,234,117.0,117.0,126.0,133.0,133.0,126.0,1.0,0.0,0.0,0.0,True
22401163,187,187,93.0,94.0,114.0,111.0,111.00000140680412,114.00007917244079,1.0,-1.4068041167547563e-06,-7.917244079180819e-05,1.0,True
22401164,202,202,101.0,101.0,125.0,112.0,111.9999857423647,125.00001940138333,1.0,1.4257635299941285e-05,-1.9401383326567156e-05,0.0,True
22401165,187,187,94.0,93.0,124.0,116.0,116.0,124.0,1.0,0.0,0.0,1.0,True
22401166,197,197,98.0,99.0,117.0,134.0,134.00002687125647,117.00000415519645,1.0,-2.6871256466165505e-05,-4.155196450028598e-06,1.0,True
22401167,188,188,94.0,94.0,106.0,115.0,115.0,106.0,1.0,0.0,0.0,0.0,True
22401168,199,199,100.0,99.0,112.0,114.0,114.0,112.0,1.0,0.0,0.0,1.0,True
22401169,213,213,106.0,107.0,133.0,109.0,109.0,133.0,1.0,0.0,0.0,1.0,True
22401170,203,203,102.0,101.0,141.0,125.0,125.00003288034863,141.00010180030222,1.0,-3.288034862691802e-05,-0.00010180030221818015,1.0,True
22401171,200,200,100.0,100.0,125.0,119.0,119.0,125.0,1.0,0.0,0.0,0.0,True
22401172,208,208,105.0,103.0,129.0,115.0,115.0,129.0,1.0,0.0,0.0,2.0,True
22401173,201,201,100.0,101.0,124.0,110.0,110.0,124.0,1.0,0.0,0.0,1.0,True
22401174,199,199,99.0,100.0,94.0,130.0,130.0,94.0,1.0,0.0,0.0,1.0,True
22401175,185,185,92.0,93.0,108.0,102.0,102.0,108.0,1.0,0.0,0.0,1.0,True
22401176,204,204,102.0,102.0,89.0,119.0,119.0,89.0,1.0,0.0,0.0,0.0,True
22401177,210,210,105.0,105.0,153.0,104.0,104.0,153.0,1.0,0.0,0.0,0.0,True
22401178,207,207,103.0,104.0,102.0,124.0,124.0,102.0,1.0,0.0,0.0,1.0,True
22401179,181,181,90.0,91.0,91.0,117.0,117.00010779337724,90.99998086844255,1.0,-0.00010779337723931803,1.9131557451146364e-05,1.0,True
22401180,204,204,102.0,102.0,109.0,117.0,117.0,109.0,1.0,0.0,0.0,0.0,True
22401181,213,213,107.0,106.0,145.0,111.0,111.00005909794216,145.0000599379989,1.0,-5.9097942155972305e-05,-5.9937998912573676e-05,1.0,True
22401182,196,196,98.0,98.0,98.0,117.0,117.0,98.0,1.0,0.0,0.0,0.0,True
22401183,202,202,102.0,100.0,103.0,86.0,86.0,103.0,1.0,0.0,0.0,2.0,True
22401184,181,181,90.0,91.0,101.0,100.0,100.0,101.0,1.0,0.0,0.0,1.0,True
22401185,209,209,104.0,105.0,109.0,140.0,140.00006707424672,108.99995752943342,1.0,-6.707424671503759e-05,4.247056658357451e-05,1.0,True
22401186,195,195,98.0,97.0,105.0,117.0,117.0,105.0,1.0,0.0,0.0,1.0,True
22401187,179,179,89.0,90.0,86.0,93.0,93.0,86.0,1.0,0.0,0.0,1.0,True
22401188,193,193,97.0,96.0,113.0,105.0,105.00006516550252,112.99996903420363,1.0,-6.516550251944864e-05,3.096579636974184e-05,1.0,True
22401189,250,250,127.0,123.0,126.0,118.0,118.00004009111811,126.00000460095316,1.0,-4.009111810887589e-05,-4.600953161570942e-06,4.0,True
22401190,203,203,102.0,101.0,119.0,118.0,118.0,119.0,1.0,0.0,0.0,1.0,True
22401191,213,213,107.0,106.0,122.0,102.0,102.0,122.0,1.0,0.0,0.0,1.0,True
22401192,217,217,108.0,109.0,133.0,140.0,140.0,133.0,1.0,0.0,0.0,1.0,True
22401193,195,195,98.0,97.0,126.0,111.0,110.99992563659876,126.00011132490687,1.0,7.436340123945229e-05,-0.00011132490686804886,1.0,True
22401194,202,202,101.0,101.0,97.0,132.0,132.0,97.0,1.0,0.0,0.0,0.0,True
22401195,192,192,95.0,97.0,105.0,116.0,116.0,105.0,1.0,0.0,0.0,2.0,True
22401196,200,200,99.0,101.0,115.0,100.0,100.0,115.0,1.0,0.0,0.0,2.0,True
22401197,207,207,103.0,104.0,118.0,125.0,125.0,118.0,1.0,0.0,0.0,1.0,True
22401198,198,198,99.0,99.0,124.0,119.0,119.00001929856685,124.000074836951,1.0,-1.929856685478626e-05,-7.483695100063414e-05,0.0,True
22401199,181,181,90.0,91.0,81.0,109.0,109.0,81.0,1.0,0.0,0.0,1.0,True
22401200,179,179,90.0,89.0,98.0,109.0,109.00003800643701,98.00001604317912,1.0,-3.800643700913042e-05,-1.60431791158544e-05,1.0,True
22401201,196,196,98.0,98.0,109.0,114.0,114.00011857021525,108.99997582676467,1.0,-0.00011857021524974698,2.417323533165927e-05,0.0,True
22401202,197,197,98.0,99.0,108.0,100.0,100.0,108.0,1.0,0.0,0.0,1.0,True
22401203,199,199,99.0,100.0,104.0,118.0,117.99997205772185,104.00020208899157,1.0,2.7942278151726896e-05,-0.0002020889915712587,1.0,True
22401204,185,185,93.0,92.0,90.0,91.0,91.00002342074148,90.00008042515817,1.0,-2.3420741484869723e-05,-8.042515817408002e-05,1.0,True
22401205,201,201,101.0,100.0,99.0,123.0,123.0,99.0,1.0,0.0,0.0,1.0,True
22401206,199,199,99.0,100.0,104.0,114.0,114.0,104.0,1.0,0.0,0.0,1.0,True
22401207,194,194,97.0,97.0,111.0,109.0,109.0000043470151,111.00002578617358,1.0,-4.3470151069868734e-06,-2.5786173580399918e-05,0.0,True
22401208,197,197,98.0,99.0,105.0,115.0,115.0,105.0,1.0,0.0,0.0,1.0,True
22401209,195,195,97.0,98.0,121.0,107.0,107.00002380884226,121.00006970300801,1.0,-2.3808842257722063e-05,-6.970300800901441e-05,1.0,True
22401210,196,196,99.0,97.0,87.0,97.0,97.00003086513334,87.0000044871325,1.0,-3.086513333983021e-05,-4.487132500230473e-06,2.0,True
22401211,210,210,105.0,105.0,119.0,135.0,135.0,119.0,1.0,0.0,0.0,0.0,True
22401212,208,208,104.0,104.0,95.0,109.0,109.00006101790342,95.00012468592666,1.0,-6.101790341972446e-05,-0.00012468592666436962,0.0,True
22401213,211,211,105.0,106.0,98.0,120.0,120.0,98.0,1.0,0.0,0.0,1.0,True
22401214,189,189,94.0,95.0,134.0,126.0,126.0,134.0,1.0,0.0,0.0,1.0,True
22401215,192,192,96.0,96.0,118.0,116.0,116.0,118.0,1.0,0.0,0.0,0.0,True
22401216,203,203,101.0,102.0,104.0,119.0,119.00007499570677,104.00005716092544,1.0,-7.499570676827716e-05,-5.716092543650575e-05,1.0,True
22401217,202,202,102.0,100.0,112.0,98.0,98.0,112.0,1.0,0.0,0.0,2.0,True
22401218,198,198,99.0,99.0,106.0,92.0,92.0048757674047,105.9952281795115,1.0,-0.004875767404698195,0.004771820488500111,0.0,True
22401219,195,195,98.0,97.0,109.0,116.0,116.0,109.0,1.0,0.0,0.0,1.0,True
22401220,218,218,110.0,108.0,110.0,116.0,116.0,110.0,1.0,0.0,0.0,2.0,True
22401221,228,228,113.0,115.0,124.0,125.0,125.00007325059845,123.99998391739634,1.0,-7.32505984473164e-05,1.6082603664813178e-05,2.0,True
22401222,203,203,102.0,101.0,121.0,108.0,108.00005952236037,121.00005328957961,1.0,-5.9522360373875927e-05,-5.3289579611259796e-05,1.0,True
22401223,216,216,108.0,108.0,122.0,121.0,121.0,122.0,1.0,0.0,0.0,0.0,True
22401224,194,194,97.0,97.0,130.0,101.0,101.00006180028623,130.00016824720132,1.0,-6.18002862324829e-05,-0.00016824720131580762,0.0,True
22401225,219,219,110.0,109.0,130.0,129.0,129.0,130.0,1.0,0.0,0.0,1.0,True
22401226,206,206,103.0,103.0,107.0,144.0,144.0,107.0,1.0,0.0,0.0,0.0,True
22401227,187,187,94.0,93.0,100.0,91.0,91.00005407547596,99.99999540532006,1.0,-5.407547595837059e-05,4.594679936076318e-06,1.0,True
22401228,200,200,101.0,99.0,143.0,133.0,133.0,143.0,1.0,0.0,0.0,2.0,True
22401229,209,209,104.0,105.0,102.0,110.0,110.00001177657795,102.00004650137872,1.0,-1.17765779492629e-05,-4.650137871919924e-05,1.0,True
22500001,224,224,113.0,111.0,124.0,125.0,125.00006360373045,124.00001853998707,1.0,-6.360373045311007e-05,-1.8539987067356378e-05,2.0,True
22500002,200,200,100.0,100.0,119.0,109.0,109.00060739857122,118.99977752098431,1.0,-0.0006073985712191643,0.00022247901569016904,0.0,True
22500003,210,210,105.0,105.0,111.0,119.0,119.00001042812929,111.00002500072014,1.0,-1.042812928631065e-05,-2.5000720142998034e-05,0.0,True
22500004,200,200,100.0,100.0,125.0,92.0,92.00006886884844,124.99999685885774,1.0,-6.886884844448105e-05,3.1411422583005333e-06,0.0,True
22500005,248,248,123.0,125.0,141.0,135.0,135.00003921355028,141.0000110564804,1.0,-3.921355028069229e-05,-1.1056480389015633e-05,2.0,True
22500006,212,212,106.0,106.0,131.0,137.0,136.99998008578496,131.0000280494614,1.0,1.991421504499158e-05,-2.8049461405998954e-05,0.0,True
22500007,209,209,104.0,105.0,116.0,95.0,95.00012438905753,116.00000980317908,1.0,-0.0001243890575324258,-9.803179082723545e-06,1.0,True
22500008,202,202,102.0,100.0,127.0,114.0,114.00005940990309,127.00016893135883,1.0,-5.940990308772598e-05,-0.00016893135882867227,2.0,True
22500009,204,204,102.0,102.0,124.0,126.0,126.00007030273076,124.00001479324267,1.0,-7.030273076225058e-05,-1.4793242669952633e-05,0.0,True
22500010,193,193,96.0,97.0,117.0,102.0,102.00009962305721,117.000004195029,1.0,-9.962305720989661e-05,-4.195029006837103e-06,1.0,True
22500011,211,211,106.0,105.0,116.0,126.0,126.00001191335066,116.00005471436285,1.0,-1.1913350661529876e-05,-5.4714362846652875e-05,1.0,True
22500012,181,181,91.0,90.0,119.0,96.0,96.0,119.0,1.0,0.0,0.0,1.0,True
22500013,235,235,117.0,118.0,138.0,142.0,142.000028045352,138.00009057033705,1.0,-2.804535199629754e-05,-9.057033705062167e-05,1.0,True
22500014,205,205,103.0,102.0,112.0,110.0,110.00002186907872,112.00001801438931,1.0,-2.1869078722147606e-05,-1.801438931181565e-05,1.0,True
22500015,213,213,106.0,107.0,136.0,104.0,104.00002810507712,136.00005596753573,1.0,-2.8105077120699207e-05,-5.59675357294509e-05,1.0,True
22500016,207,207,103.0,104.0,114.0,97.0,97.0000559318741,114.0000414707246,1.0,-5.593187410113387e-05,-4.1470724596592845e-05,1.0,True
22500017,186,186,93.0,93.0,103.0,104.0,103.9999939674041,103.00007223759225,1.0,6.032595905480775e-06,-7.223759224928017e-05,0.0,True
22500018,187,187,94.0,93.0,95.0,105.0,105.00014489326409,94.99998677406245,1.0,-0.00014489326409261594,1.3225937550487288e-05,1.0,True
22500019,184,184,92.0,92.0,110.0,128.0,128.0000060393022,110.00004032218966,1.0,-6.039302206772845e-06,-4.032218966187884e-05,0.0,True
22500020,200,200,99.0,101.0,128.0,108.0,108.00003712671392,128.0000428119541,1.0,-3.712671392008815e-05,-4.281195410271721e-05,2.0,True
22500021,193,193,96.0,97.0,109.0,108.0,107.99997800210387,109.0000776283897,1.0,2.1997896126890737e-05,-7.762838970393204e-05,1.0,True
22500022,194,194,97.0,97.0,112.0,101.0,101.00002225764797,112.00004833943485,1.0,-2.2257647970036487e-05,-4.833943485493819e-05,0.0,True
22500023,195,195,98.0,97.0,125.0,135.0,135.00003947355162,125.00002732569548,1.0,-3.9473551623814274e-05,-2.7325695484137213e-05,1.0,True
22500024,194,194,97.0,97.0,117.0,112.0,111.99999873682522,117.0000205327978,1.0,1.2631747807745342e-06,-2.0532797805117298e-05,0.0,True
22500025,202,202,101.0,101.0,96.0,118.0,118.00005384155163,95.99998108445399,1.0,-5.384155163312698e-05,1.8915546007747253e-05,0.0,True
22500026,197,197,98.0,99.0,107.0,109.0,109.00008871186644,107.00001019677141,1.0,-8.871186643943929e-05,-1.01967714130069e-05,1.0,True
22500027,194,194,97.0,97.0,124.0,126.0,126.00002919511213,124.00000746651016,1.0,-2.9195112134061674e-05,-7.466510155040851e-06,0.0,True
22500028,197,197,99.0,98.0,110.0,123.0,123.00004924111481,110.00002428069864,1.0,-4.924111480875126e-05,-2.4280698639245202e-05,1.0,True
22500030,202,202,101.0,101.0,109.0,97.0,97.00002638233221,109.00010433992645,1.0,-2.6382332208640946e-05,-0.00010433992645175749,0.0,True
22500031,198,198,99.0,99.0,125.0,107.0,107.0,125.0,1.0,0.0,0.0,0.0,True
22500032,198,198,99.0,99.0,110.0,121.0,121.00006773436618,110.00003966000868,1.0,-6.77343661834584e-05,-3.9660008681607906e-05,0.0,True
22500033,210,210,104.0,106.0,108.0,126.0,126.0,108.0,1.0,0.0,0.0,2.0,True
22500034,200,200,100.0,100.0,104.0,118.0,117.99995826045993,104.0000780587516,1.0,4.173954006603253e-05,-7.805875159760944e-05,0.0,True
22500035,210,210,105.0,105.0,110.0,126.0,126.00001485565699,110.00004205008072,1.0,-1.485565698544633e-05,-4.2050080722333405e-05,0.0,True
22500036,211,211,106.0,105.0,97.0,137.0,137.0,97.0,1.0,0.0,0.0,1.0,True
22500037,191,191,96.0,95.0,104.0,129.0,129.00006927311748,104.0000230895396,1.0,-6.927311747517706e-05,-2.3089539595844144e-05,1.0,True
22500038,209,209,105.0,104.0,132.0,101.0,100.99997983923656,132.00005950539972,1.0,2.0160763440912888e-05,-5.950539971877333e-05,1.0,True
22500039,203,203,101.0,102.0,132.0,140.0,139.99995879078588,132.00009750918414,1.0,4.1209214117543524e-05,-9.750918414397347e-05,1.0,True
22500040,185,185,92.0,93.0,98.0,105.0,105.00000716164249,98.00003265051616,1.0,-7.161642486153141e-06,-3.2650516160970255e-05,1.0,True
22500041,198,198,99.0,99.0,105.0,114.0,114.00004136084972,104.99998978672951,1.0,-4.13608497211726e-05,1.0213270485337489e-05,0.0,True
22500042,198,198,100.0,98.0,116.0,140.0,140.00001614792595,116.00012932624588,1.0,-1.6147925947507247e-05,-0.00012932624588302133,2.0,True
22500043,221,221,112.0,109.0,134.0,147.0,147.0000415477488,134.00003831605838,1.0,-4.154774879339129e-05,-3.8316058379450624e-05,3.0,True
22500044,208,208,104.0,104.0,110.0,124.0,124.00004888987729,109.99998856195005,1.0,-4.8889877291458106e-05,1.1438049952516849e-05,0.0,True
22500045,208,208,103.0,105.0,118.0,104.0,104.00000956355058,118.000011248373,1.0,-9.563550577240676e-06,-1.1248372999261846e-05,2.0,True
22500046,249,249,125.0,124.0,133.0,127.0,127.00003556472994,133.00002638335073,1.0,-3.5564729941484075e-05,-2.6383350729020094e-05,1.0,True
22500047,195,195,97.0,98.0,109.0,108.0,108.00003789007998,109.00001995764363,1.0,-3.789007998022953e-05,-1.9957643630164057e-05,1.0,True
22500048,205,205,102.0,103.0,109.0,120.0,119.99994957562025,109.00012010468707,1.0,5.0424379750779735e-05,-0.00012010468707046584,1.0,True
22500049,194,194,97.0,97.0,113.0,105.0,105.00003586007873,113.00007304702984,1.0,-3.586007872513619e-05,-7.304702984356481e-05,0.0,True
22500050,208,208,104.0,104.0,110.0,140.0,140.00001625269962,109.99998777624191,1.0,-1.625269962346465e-05,1.2223758091067793e-05,0.0,True
22500051,218,218,108.0,110.0,143.0,107.0,106.99989940546101,143.00016840526217,1.0,0.00010059453899202708,-0.00016840526217265506,2.0,True
22500052,209,209,105.0,104.0,115.0,118.0,118.00005627249423,115.00000708777416,1.0,-5.627249423412195e-05,-7.087774164915572e-06,1.0,True
22500053,207,207,104.0,103.0,113.0,114.0,114.00002200755208,113.00003692423012,1.0,-2.2007552075820058e-05,-3.69242301161421e-05,1.0,True
22500054,186,186,93.0,93.0,112.0,109.0,109.0000639902415,112.00006484376775,1.0,-6.399024150027799e-05,-6.484376774551492e-05,0.0,True
22500055,207,207,104.0,103.0,144.0,112.0,111.99999635803954,144.00001540583372,1.0,3.641960461209237e-06,-1.5405833721615636e-05,1.0,True
22500056,203,203,102.0,101.0,127.0,123.0,123.00015435003493,126.99998987816433,1.0,-0.0001543500349328042,1.0121835671839108e-05,1.0,True
22500057,205,205,102.0,103.0,113.0,132.0,132.00000492316715,113.00001216865485,1.0,-4.923167153947361e-06,-1.216865484821028e-05,1.0,True
22500058,210,210,105.0,105.0,144.0,103.0,103.00005735103106,143.9999462516348,1.0,-5.7351031060193236e-05,5.3748365189676406e-05,0.0,True
22500059,192,192,95.0,97.0,118.0,135.0,135.00000084007777,118.00006548990054,1.0,-8.400777744554944e-07,-6.548990053545367e-05,2.0,True
22500060,192,192,96.0,96.0,114.0,117.0,117.00007235228271,114.00009929353946,1.0,-7.235228271440519e-05,-9.929353946347419e-05,0.0,True
22500061,195,195,98.0,97.0,129.0,101.0,100.99998718564576,129.0001046993378,1.0,1.2814354235501924e-05,-0.0001046993378110983,1.0,True
22500062,202,202,100.0,102.0,103.0,106.0,106.0,103.0,1.0,0.0,0.0,2.0,True
22500063,202,202,101.0,101.0,95.0,97.0,97.00004155901783,95.00000209388318,1.0,-4.155901783065019e-05,-2.093883182396894e-06,0.0,True
22500064,198,198,98.0,100.0,105.0,113.0,113.00002738744206,105.00002889215249,1.0,-2.7387442059989553e-05,-2.88921524855823e-05,2.0,True
22500065,215,215,107.0,108.0,133.0,128.0,128.00002011358578,133.00003121140543,1.0,-2.0113585776471155e-05,-3.121140542816647e-05,1.0,True
22500066,182,182,91.0,91.0,104.0,100.0,100.00002680373342,104.00003505547697,1.0,-2.6803733419455966e-05,-3.505547697102429e-05,0.0,True
22500067,202,202,101.0,101.0,115.0,102.0,101.99999368216682,115.00004942154939,1.0,6.317833182833965e-06,-4.942154939158172e-05,0.0,True
22500068,193,193,97.0,96.0,112.0,100.0,100.00001489337075,112.00002929043482,1.0,-1.4893370746449364e-05,-2.9290434824247313e-05,1.0,True
22500069,214,214,107.0,107.0,123.0,130.0,130.0000547227374,123.00000104842258,1.0,-5.472273738860167e-05,-1.0484225754225918e-06,0.0,True
22500070,195,195,98.0,97.0,115.0,103.0,102.99988052047973,115.00016945185386,1.0,0.00011947952026503117,-0.0001694518538641887,1.0,True
22500071,212,212,106.0,106.0,116.0,123.0,123.00003993802132,116.00002260758366,1.0,-3.993802131674329e-05,-2.2607583659350894e-05,0.0,True
22500072,209,209,105.0,104.0,112.0,109.0,109.00006828943341,112.00004670353005,1.0,-6.828943341474769e-05,-4.670353004598837e-05,1.0,True
22500073,200,200,100.0,100.0,86.0,119.0,119.00006118584996,86.00002886701294,1.0,-6.118584995817855e-05,-2.886701294357863e-05,0.0,True
22500074,186,186,93.0,93.0,109.0,118.0,118.00003887620608,109.0000095289957,1.0,-3.887620607656572e-05,-9.528995704499721e-06,0.0,True
22500075,212,212,106.0,106.0,119.0,123.0,122.9999552601319,119.00007357818238,1.0,4.4739868101828506e-05,-7.357818238062919e-05,0.0,True
22500076,200,200,100.0,100.0,139.0,136.0,136.00001851381717,139.00001969191845,1.0,-1.851381716733158e-05,-1.9691918453190738e-05,0.0,True
22500077,206,206,103.0,103.0,119.0,128.0,128.0,119.0,1.0,0.0,0.0,0.0,True
22500078,188,188,94.0,94.0,119.0,129.0,129.00015181813458,118.99996202419564,1.0,-0.00015181813458298166,3.797580436071257e-05,0.0,True
22500079,197,197,99.0,98.0,112.0,107.0,107.00005066274665,112.0000251010026,1.0,-5.06627466450027e-05,-2.510100260622039e-05,1.0,True
22500080,212,212,105.0,107.0,117.0,136.0,136.00001390101306,117.000068755622,1.0,-1.3901013062422862e-05,-6.875562199581964e-05,2.0,True
22500081,222,222,111.0,111.0,121.0,125.0,125.00001077344244,120.9999892699242,1.0,-1.0773442440381586e-05,1.0730075800324812e-05,0.0,True
22500082,224,224,112.0,112.0,138.0,118.0,118.00002562674823,138.00003447684054,1.0,-2.5626748225704432e-05,-3.447684053980993e-05,0.0,True
22500083,200,200,100.0,100.0,117.0,116.0,116.0000085462024,117.00010004286747,1.0,-8.546202394654756e-06,-0.0001000428674728937,0.0,True
22500084,210,210,106.0,104.0,111.0,115.0,115.00003519445141,110.99998759981325,1.0,-3.5194451413644856e-05,1.2400186747640873e-05,2.0,True
22500085,216,216,107.0,109.0,122.0,128.0,128.00000070794806,122.00005827809865,1.0,-7.079480610627797e-07,-5.82780986491116e-05,2.0,True
22500086,213,213,107.0,106.0,120.0,133.0,133.00002438307348,120.00001888945657,1.0,-2.4383073480294115e-05,-1.8889456569581853e-05,1.0,True
22500087,187,187,94.0,93.0,108.0,129.0,129.0000058640248,108.00008835924396,1.0,-5.864024814172808e-06,-8.83592439606673e-05,1.0,True
22500088,199,199,100.0,99.0,116.0,120.0,119.99996953046882,116.00005103082204,1.0,3.0469531182575338e-05,-5.103082203561371e-05,1.0,True
22500089,207,207,104.0,103.0,118.0,114.0,114.0000394806927,118.00002295069962,1.0,-3.9480692706206355e-05,-2.2950699616330894e-05,1.0,True
22500090,204,204,101.0,103.0,111.0,107.0,107.00006760960883,111.0000457503201,1.0,-6.760960883411826e-05,-4.575032009768165e-05,2.0,True
22500091,209,209,105.0,104.0,131.0,124.0,124.00002383657488,131.00001871248602,1.0,-2.3836574882807327e-05,-1.8712486024696773e-05,1.0,True
22500092,207,207,103.0,104.0,122.0,116.0,116.0,122.0,1.0,0.0,0.0,1.0,True
22500093,199,199,99.0,100.0,115.0,111.0,111.00013557091027,115.0000796718938,1.0,-0.00013557091027394108,-7.967189380053696e-05,1.0,True
22500094,225,225,112.0,113.0,146.0,114.0,114.0,146.0,1.0,0.0,0.0,1.0,True
22500095,210,210,106.0,104.0,120.0,116.0,116.00011027120539,120.00001385811248,1.0,-0.00011027120538642521,-1.3858112481557328e-05,2.0,True
22500096,215,215,108.0,107.0,117.0,107.0,107.00003154535902,117.00003956044834,1.0,-3.1545359021833974e-05,-3.95604483429679e-05,1.0,True
22500097,220,220,110.0,110.0,119.0,139.0,139.00000670905857,119.00006413394112,1.0,-6.70905856736681e-06,-6.413394112314563e-05,0.0,True
22500098,195,195,98.0,97.0,104.0,105.0,105.00002859214545,104.00002370716214,1.0,-2.8592145454808815e-05,-2.370716214272761e-05,1.0,True
22500099,192,192,96.0,96.0,102.0,129.0,129.00003811771217,102.00004150592225,1.0,-3.8117712165330886e-05,-4.150592225471428e-05,0.0,True
22500100,214,214,107.0,107.0,110.0,98.0,98.00003818846514,110.00003117034922,1.0,-3.8188465140365224e-05,-3.1170349217291005e-05,0.0,True
22500101,190,190,95.0,95.0,117.0,100.0,99.9999941094326,117.00001994077533,1.0,5.890567393862511e-06,-1.9940775331406257e-05,0.0,True
22500102,205,205,102.0,103.0,121.0,125.0,125.00010452831171,121.00001222506006,1.0,-0.00010452831170937316,-1.222506006115509e-05,1.0,True
22500103,202,202,101.0,101.0,103.0,128.0,127.99998347058337,103.00007129393643,1.0,1.652941662655394e-05,-7.129393642912873e-05,0.0,True
22500104,208,208,104.0,104.0,111.0,133.0,133.0,111.0,1.0,0.0,0.0,0.0,True
22500105,188,188,94.0,94.0,107.0,117.0,117.99997294650957,107.00009159867088,1.0,-0.9999729465095726,-9.159867087760176e-05,0.0,False
22500106,198,198,99.0,99.0,113.0,119.0,119.00000492238115,113.00007623325882,1.0,-4.922381151573063e-06,-7.623325882377685e-05,0.0,True
22500107,203,203,101.0,102.0,113.0,118.0,118.00005896504044,113.00011451718858,1.0,-5.896504043789719e-05,-0.00011451718857813376,1.0,True
22500108,207,207,103.0,104.0,107.0,115.0,115.00007314223676,106.99997180476005,1.0,-7.314223675791709e-05,2.819523994901374e-05,1.0,True
22500109,214,214,106.0,108.0,139.0,113.0,113.00001794879748,139.0000800948799,1.0,-1.794879747762934e-05,-8.00948799053458e-05,2.0,True
22500110,202,202,101.0,101.0,110.0,114.0,114.00001223584283,110.00004771585036,1.0,-1.2235842831387345e-05,-4.771585035712178e-05,0.0,True
22500111,219,219,110.0,109.0,129.0,139.0,139.0000318571173,129.00001631032217,1.0,-3.185711730679941e-05,-1.6310322166646074e-05,1.0,True
22500112,204,204,102.0,102.0,107.0,114.0,114.0000278159817,107.00004064000848,1.0,-2.7815981695766823e-05,-4.0640008478476375e-05,0.0,True
22500113,213,213,106.0,107.0,127.0,120.0,120.00012048403337,126.99999002113027,1.0,-0.00012048403337416858,9.9788697269787e-06,1.0,True
22500114,196,196,98.0,98.0,124.0,136.0,136.0000720690747,123.99997471217964,1.0,-7.206907469026191e-05,2.5287820363928404e-05,0.0,True
22500115,209,209,105.0,104.0,123.0,128.0,128.0000398778875,123.00005026236386,1.0,-3.987788750237087e-05,-5.026236385674565e-05,1.0,True
22500116,184,184,93.0,91.0,109.0,137.0,137.00003493806926,109.00001111239797,1.0,-3.493806926258003e-05,-1.1112397970691745e-05,2.0,True
22500117,188,188,94.0,94.0,122.0,90.0,90.00004850545474,121.99999109232377,1.0,-4.850545474255341e-05,8.907676232183803e-06,0.0,True
22500118,196,196,98.0,98.0,103.0,121.0,121.00009836465858,103.00002548782281,1.0,-9.836465858370502e-05,-2.5487822810532634e-05,0.0,True
22500119,195,195,97.0,98.0,101.0,94.0,94.00002696881926,101.00002077402864,1.0,-2.6968819256012466e-05,-2.0774028641312725e-05,1.0,True
22500120,226,226,113.0,113.0,134.0,138.0,137.99999860827566,134.00002641721292,1.0,1.3917243393279932e-06,-2.6417212922069666e-05,0.0,True
22500121,209,209,105.0,104.0,118.0,131.0,131.00000768648488,118.00008817793614,1.0,-7.68648487792234e-06,-8.817793613502545e-05,1.0,True
22500122,211,211,106.0,105.0,122.0,108.0,108.00007111965022,121.99999778996079,1.0,-7.111965021522337e-05,2.210039212968695e-06,1.0,True
22500123,222,222,111.0,111.0,139.0,134.0,134.00001990046812,139.00009546938898,1.0,-1.990046811783941e-05,-9.546938898097324e-05,0.0,True
22500124,214,214,107.0,107.0,117.0,144.0,144.00003320616813,117.00002257978703,1.0,-3.320616812629851e-05,-2.2579787028575993e-05,0.0,True
22500125,193,193,97.0,96.0,111.0,121.0,121.00009065767718,111.00006289705634,1.0,-9.065767717686413e-05,-6.28970563383291e-05,1.0,True
22500126,203,203,101.0,102.0,101.0,107.0,107.00005514651474,100.99999208761132,1.0,-5.51465147395902e-05,7.912388682029814e-06,1.0,True
22500127,178,178,88.0,90.0,79.0,98.0,98.0000250810316,78.9999769923514,1.0,-2.5081031594709202e-05,2.3007648593420527e-05,2.0,True
22500128,188,188,94.0,94.0,105.0,125.0,125.00003386534684,105.0000473680836,1.0,-3.386534683613718e-05,-4.736808359950828e-05,0.0,True
22500129,199,199,100.0,99.0,116.0,135.0,135.00005598764466,116.00001515055254,1.0,-5.59876446573071e-05,-1.5150552542309015e-05,1.0,True
22500130,192,192,96.0,96.0,117.0,112.0,112.00002118422766,117.00004192617043,1.0,-2.1184227662729427e-05,-4.1926170425199416e-05,0.0,True
22500131,200,200,100.0,100.0,139.0,121.0,121.00004361322787,139.00003433850023,1.0,-4.3613227873606775e-05,-3.433850022815932e-05,0.0,True
22500132,198,198,98.0,100.0,113.0,126.0,126.00001315899615,113.00002399987008,1.0,-1.3158996154061242e-05,-2.3999870080615437e-05,2.0,True
22500133,210,210,105.0,105.0,105.0,107.0,106.99999647842003,105.00007694103877,1.0,3.5215799698562478e-06,-7.694103877042835e-05,0.0,True
22500134,196,196,97.0,99.0,88.0,122.0,122.00005302853312,88.00003328927133,1.0,-5.302853311661693e-05,-3.3289271328840186e-05,2.0,True
22500135,216,216,108.0,108.0,136.0,134.0,134.00011389368427,135.99994842786322,1.0,-0.0001138936842721705,5.157213678330663e-05,0.0,True
22500136,196,196,98.0,98.0,116.0,115.0,115.00007098290531,116.00000984228672,1.0,-7.098290531359908e-05,-9.84228671541132e-06,0.0,True
22500137,210,210,105.0,105.0,114.0,113.0,113.00000362550327,114.0000240406299,1.0,-3.6255032682674937e-06,-2.404062989569411e-05,0.0,True
22500138,192,192,96.0,96.0,123.0,107.0,107.00003462626098,123.00001652012885,1.0,-3.4626260983827706e-05,-1.652012885244858e-05,0.0,True
22500139,208,208,104.0,104.0,110.0,120.0,120.00004599306136,110.00003837300157,1.0,-4.5993061362992194e-05,-3.837300157272239e-05,0.0,True
22500140,200,200,100.0,100.0,108.0,127.0,127.00007103437616,108.00008408313099,1.0,-7.10343761625154e-05,-8.408313098584586e-05,0.0,True
22500141,200,200,99.0,101.0,101.0,107.0,107.00004614907621,101.00005569397526,1.0,-4.6149076212032014e-05,-5.569397525562181e-05,2.0,True
22500142,198,198,99.0,99.0,135.0,133.0,133.000083475852,134.9999769985507,1.0,-8.347585199430796e-05,2.3001449307002986e-05,0.0,True
22500143,202,202,101.0,101.0,122.0,105.0,105.00003863543515,122.00004609855,1.0,-3.863543514626144e-05,-4.6098550001261174e-05,0.0,True
22500144,203,203,101.0,102.0,109.0,114.0,113.9999871675134,109.0000244696731,1.0,1.2832486603997495e-05,-2.4469673093108213e-05,1.0,True
22500145,214,214,107.0,107.0,125.0,94.0,94.00003181067066,124.99999876281544,1.0,-3.181067066293508e-05,1.237184562796756e-06,0.0,True
22500146,194,194,97.0,97.0,128.0,101.0,101.00001796836308,128.00011320294794,1.0,-1.7968363081877214e-05,-0.00011320294794359143,0.0,True
22500147,200,200,100.0,100.0,110.0,122.0,122.00001788403794,110.00006985156372,1.0,-1.7884037944781994e-05,-6.985156372252277e-05,0.0,True
22500148,197,197,99.0,98.0,106.0,137.0,136.99999159686183,106.00000920149752,1.0,8.403138167523139e-06,-9.201497519484292e-06,1.0,True
22500149,202,202,101.0,101.0,129.0,105.0,105.00010147595695,129.00013021157767,1.0,-0.00010147595695286782,-0.00013021157766957003,0.0,True
22500150,200,200,100.0,100.0,103.0,126.0,126.00001355042495,103.00009894174501,1.0,-1.355042495276848e-05,-9.894174500857389e-05,0.0,True
22500151,212,212,106.0,106.0,109.0,117.0,117.00012356427162,108.99996545275229,1.0,-0.00012356427161819283,3.4547247707905626e-05,0.0,True
22500152,190,190,94.0,96.0,104.0,117.0,116.99997909516014,104.00008352906295,1.0,2.090483985739411e-05,-8.35290629481733e-05,2.0,True
22500153,200,200,100.0,100.0,116.0,128.0,128.00010899956573,116.0000211866358,1.0,-0.00010899956572529845,-2.1186635805747756e-05,0.0,True
22500154,204,204,103.0,101.0,118.0,130.0,130.00004843044957,118.00002474540973,1.0,-4.843044956714948e-05,-2.4745409731963264e-05,2.0,True
22500155,212,212,105.0,107.0,120.0,130.0,130.00004969444407,120.00002068791696,1.0,-4.969444407265655e-05,-2.0687916958195274e-05,2.0,True
22500156,192,192,96.0,96.0,125.0,109.0,109.00010493643369,125.0000153718844,1.0,-0.00010493643368647554,-1.5371884401815805e-05,0.0,True
22500157,206,206,103.0,103.0,117.0,115.0,114.99994563681221,117.00015792190167,1.0,5.436318778606619e-05,-0.00015792190167474018,0.0,True
22500158,192,192,96.0,96.0,105.0,103.0,103.00011489376406,104.99998895155659,1.0,-0.00011489376406359497,1.104844341170974e-05,0.0,True
22500159,201,201,100.0,101.0,102.0,119.0,119.00009404119595,102.00006235977145,1.0,-9.404119595046723e-05,-6.235977144797289e-05,1.0,True
22500160,205,205,102.0,103.0,102.0,110.0,110.00003163278255,102.00000123658754,1.0,-3.163278255158275e-05,-1.2365875363684609e-06,1.0,True
22500161,197,197,99.0,98.0,114.0,106.0,106.00004567486874,114.00002037397275,1.0,-4.567486874407223e-05,-2.037397274534669e-05,1.0,True
22500162,211,211,106.0,105.0,124.0,130.0,129.99999469593257,124.00005613249276,1.0,5.304067428824055e-06,-5.613249275882026e-05,1.0,True
22500163,201,201,100.0,101.0,123.0,115.0,115.0,123.0,1.0,0.0,0.0,1.0,True
22500164,205,205,103.0,102.0,120.0,119.0,119.0000171985216,120.00007152023169,1.0,-1.7198521604200323e-05,-7.15202316854402e-05,1.0,True
22500165,198,198,99.0,99.0,100.0,128.0,128.00001114711014,100.00002292522467,1.0,-1.1147110143383543e-05,-2.2925224669734234e-05,0.0,True
22500166,200,200,99.0,101.0,112.0,127.0,127.00011422356414,112.00004681565768,1.0,-0.00011422356413959278,-4.681565768294149e-05,2.0,True
22500167,203,203,101.0,102.0,111.0,113.0,113.0000479998354,111.00006206735326,1.0,-4.7999835402379176e-05,-6.206735325520185e-05,1.0,True
22500168,199,199,100.0,99.0,112.0,116.0,116.00005819566402,112.00004129281692,1.0,-5.8195664024651705e-05,-4.129281691689357e-05,1.0,True
22500169,196,196,98.0,98.0,107.0,118.0,118.00002134772795,107.00006217232415,1.0,-2.1347727951592788e-05,-6.217232414940099e-05,0.0,True
22500170,196,196,99.0,97.0,126.0,107.0,107.00007903126297,125.99997003784999,1.0,-7.903126297037488e-05,2.9962150009055222e-05,2.0,True
22500171,206,206,102.0,104.0,121.0,132.0,132.000006949975,121.00004363291569,1.0,-6.949974988401664e-06,-4.36329156912052e-05,2.0,True
22500172,201,201,101.0,100.0,103.0,114.0,114.00005148217123,103.00001062425477,1.0,-5.1482171230077256e-05,-1.0624254770164043e-05,1.0,True
22500173,200,200,100.0,100.0,112.0,103.0,103.00008214820895,112.00003750128079,1.0,-8.214820894636432e-05,-3.75012807865005e-05,0.0,True
22500174,197,197,99.0,98.0,107.0,136.0,136.0,107.0,1.0,0.0,0.0,1.0,True
22500175,192,192,96.0,96.0,114.0,137.0,137.0000088863985,114.00003937815939,1.0,-8.886398489948988e-06,-3.937815938570566e-05,0.0,True
22500176,210,210,105.0,105.0,124.0,109.0,109.0000247748577,124.00001320103651,1.0,-2.4774857706688636e-05,-1.3201036509258302e-05,0.0,True
22500177,199,199,100.0,99.0,101.0,99.0,99.00002641003101,101.00008763022306,1.0,-2.6410031011891988e-05,-8.763022306368384e-05,1.0,True
22500178,211,211,105.0,106.0,112.0,122.0,122.00007370374699,112.00005729872815,1.0,-7.370374699178228e-05,-5.729872815152248e-05,1.0,True
22500179,200,200,101.0,99.0,116.0,118.0,118.00010817279762,116.00002255137406,1.0,-0.0001081727976242064,-2.255137405882124e-05,2.0,True
22500180,215,215,108.0,107.0,119.0,121.0,121.00006346729513,119.00011291099004,1.0,-6.346729513495575e-05,-0.00011291099004040461,1.0,True
22500181,211,211,105.0,106.0,116.0,121.0,120.99999623271587,116.00006403755665,1.0,3.767284127320636e-06,-6.403755665473909e-05,1.0,True
22500182,191,191,96.0,95.0,102.0,115.0,115.00018544279966,102.00005634610584,1.0,-0.0001854427996619279,-5.634610583626909e-05,1.0,True
22500183,206,206,103.0,103.0,111.0,105.0,105.00007710131175,111.00002038527111,1.0,-7.710131174576418e-05,-2.0385271113809722e-05,0.0,True
22500184,203,203,101.0,102.0,120.0,130.0,130.00016952080585,119.99988592103595,1.0,-0.00016952080585497242,0.00011407896404591611,1.0,True
22500185,196,196,98.0,98.0,102.0,122.0,122.00000232035927,102.00003349993388,1.0,-2.3203592718346044e-06,-3.349993387757877e-05,0.0,True
22500186,207,207,103.0,104.0,122.0,128.0,128.00010721051777,122.00006014675236,1.0,-0.00010721051776840795,-6.014675236087896e-05,1.0,True
22500187,225,225,113.0,112.0,131.0,136.0,136.00002156436568,131.0000245256477,1.0,-2.1564365681570052e-05,-2.4525647688733443e-05,1.0,True
22500188,199,199,100.0,99.0,119.0,126.0,126.00005112814183,118.9999989211513,1.0,-5.1128141834055896e-05,1.0788486974888656e-06,1.0,True
22500189,205,205,103.0,102.0,100.0,117.0,117.00010162979466,100.00001636268611,1.0,-0.0001016297946563327,-1.636268611093783e-05,1.0,True
22500190,179,179,90.0,89.0,114.0,103.0,103.00001161598607,114.00007893687689,1.0,-1.1615986068136408e-05,-7.893687688920181e-05,1.0,True
22500191,191,191,95.0,96.0,122.0,115.0,115.00004658194084,122.00006355160818,1.0,-4.658194083617673e-05,-6.35516081786136e-05,1.0,True
22500192,188,188,94.0,94.0,98.0,134.0,134.0000305357376,98.00007415558845,1.0,-3.053573760780637e-05,-7.415558845025316e-05,0.0,True
22500193,190,190,95.0,95.0,111.0,107.0,107.00013000748223,110.9999282407279,1.0,-0.00013000748222680159,7.175927210312238e-05,0.0,True
22500194,197,197,99.0,98.0,114.0,100.0,100.00008837104534,113.99996688551683,1.0,-8.837104533654383e-05,3.311448317333543e-05,1.0,True
22500195,196,196,97.0,99.0,111.0,108.0,108.00008747221393,111.00007385990759,1.0,-8.747221393434756e-05,-7.385990758734806e-05,2.0,True
22500196,201,201,100.0,101.0,83.0,114.0,114.00006117349648,83.00009800470897,1.0,-6.117349647638548e-05,-9.800470897403102e-05,1.0,True
22500197,209,209,104.0,105.0,144.0,117.0,117.00008383102048,143.9999803438121,1.0,-8.383102047559987e-05,1.965618790222834e-05,1.0,True
22500198,189,189,95.0,94.0,121.0,111.0,111.00001806631442,121.00002484366233,1.0,-1.80663144249138e-05,-2.4843662330908955e-05,1.0,True
22500199,229,229,114.0,115.0,135.0,137.0,137.00002840799215,135.0000891596955,1.0,-2.8407992147094774e-05,-8.91596955057139e-05,1.0,True
22500200,195,195,97.0,98.0,112.0,115.0,115.00004545970654,112.00005495790435,1.0,-4.54597065413509e-05,-5.495790435361414e-05,1.0,True
22500201,228,228,113.0,115.0,138.0,140.0,140.00005706485624,138.00003127135338,1.0,-5.7064856235911066e-05,-3.127135337877007e-05,2.0,True
22500202,208,208,103.0,105.0,121.0,117.0,117.00008264388626,120.99996748701501,1.0,-8.264388625889296e-05,3.251298498696542e-05,2.0,True
22500203,208,208,104.0,104.0,116.0,114.0,114.00001775604319,116.00011091504346,1.0,-1.775604319220747e-05,-0.00011091504346438796,0.0,True
22500204,196,196,98.0,98.0,98.0,121.0,121.0000055583586,98.00005093376981,1.0,-5.558358594726087e-06,-5.0933769813354957e-05,0.0,True
22500205,203,203,102.0,101.0,120.0,113.0,112.99995758518524,120.00016867807757,1.0,4.2414814757307795e-05,-0.00016867807757137143,1.0,True
22500206,185,185,93.0,92.0,105.0,102.0,102.00002879617564,105.0000081092578,1.0,-2.879617564133241e-05,-8.109257805699599e-06,1.0,True
22500207,191,191,96.0,95.0,119.0,109.0,109.00005095321963,118.99997383282725,1.0,-5.095321962755861e-05,2.6167172748614576e-05,1.0,True
22500208,219,219,109.0,110.0,120.0,133.0,133.0000841775862,120.00005736456339,1.0,-8.417758618861626e-05,-5.736456338922835e-05,1.0,True
22500209,187,187,93.0,94.0,100.0,102.0,102.00004497883556,100.00003032295335,1.0,-4.497883556098259e-05,-3.0322953350037096e-05,1.0,True
22500210,201,201,101.0,100.0,102.0,126.0,125.99998996629267,102.00012105102883,1.0,1.0033707326329022e-05,-0.00012105102882742358,1.0,True
22500211,205,205,102.0,103.0,128.0,152.0,151.9999942927854,128.00007608601385,1.0,5.707214597805432e-06,-7.608601384845315e-05,1.0,True
22500212,193,193,97.0,96.0,122.0,108.0,108.00000295138668,121.99999708023998,1.0,-2.9513866763863916e-06,2.9197600213137775e-06,1.0,True
22500213,186,186,93.0,93.0,100.0,111.0,111.00005990490494,100.00002917684749,1.0,-5.990490494411915e-05,-2.9176847490930413e-05,0.0,True
22500214,210,210,105.0,105.0,113.0,124.0,124.00002598599443,113.0000492730678,1.0,-2.5985994426491743e-05,-4.927306780189156e-05,0.0,True
22500215,202,202,101.0,101.0,124.0,107.0,106.9999869949265,124.00010701756996,1.0,1.3005073498106867e-05,-0.00010701756995956657,0.0,True
22500216,192,192,96.0,96.0,95.0,131.0,131.0,95.0,1.0,0.0,0.0,0.0,True
22500217,214,214,106.0,108.0,130.0,116.0,116.00002084798624,130.00002641230344,1.0,-2.0847986235139615e-05,-2.6412303441247786e-05,2.0,True
22500218,197,197,99.0,98.0,112.0,135.0,135.00009945251173,111.99997847602275,1.0,-9.945251173348879e-05,2.1523977252968507e-05,1.0,True
22500219,189,189,94.0,95.0,125.0,117.0,117.00000575058058,125.00005561859453,1.0,-5.75058058416289e-06,-5.561859452996032e-05,1.0,True
22500220,211,211,105.0,106.0,125.0,120.0,119.99997837237953,125.00009331057583,1.0,2.162762046964417e-05,-9.33105758349484e-05,1.0,True
22500221,210,210,105.0,105.0,123.0,114.0,114.00010409667833,123.0001004735066,1.0,-0.00010409667832789182,-0.00010047350660613574,0.0,True
22500222,204,204,103.0,101.0,92.0,121.0,121.00004954770196,92.00001757222849,1.0,-4.95477019626378e-05,-1.757222848652873e-05,2.0,True
22500223,215,215,107.0,108.0,133.0,100.0,100.00000935737916,133.00007287825196,1.0,-9.357379155972012e-06,-7.287825195589903e-05,1.0,True
22500224,191,191,96.0,95.0,130.0,116.0,116.00004609241824,130.00006267729376,1.0,-4.609241824482524e-05,-6.26772937550868e-05,1.0,True
22500225,192,192,96.0,96.0,126.0,113.0,113.00001995700451,126.00002744767701,1.0,-1.9957004511184095e-05,-2.744767701301498e-05,0.0,True
22500226,195,195,98.0,97.0,98.0,133.0,132.99998687916772,98.00007037079801,1.0,1.312083227844596e-05,-7.037079801364143e-05,1.0,True
22500227,216,216,108.0,108.0,132.0,122.0,122.00006762461142,132.00002043087406,1.0,-6.762461141818221e-05,-2.043087405922961e-05,0.0,True
22500228,211,211,105.0,106.0,100.0,108.0,108.00011371534109,100.00000890714749,1.0,-0.00011371534108661763,-8.907147488912415e-06,1.0,True
22500229,192,192,96.0,96.0,109.0,96.0,96.0000302248804,109.00001795995851,1.0,-3.0224880404716714e-05,-1.7959958512392404e-05,0.0,True
22500230,214,214,107.0,107.0,129.0,111.0,111.00002445081475,129.0000193110106,1.0,-2.445081474888866e-05,-1.9311010589717625e-05,0.0,True
22500231,194,194,97.0,97.0,119.0,95.0,95.00000851432668,119.0000792081065,1.0,-8.514326680142403e-06,-7.920810649864052e-05,0.0,True
22500232,200,200,100.0,100.0,123.0,112.0,112.00001555828251,123.00008131319322,1.0,-1.555828251298408e-05,-8.131319322046693e-05,0.0,True
22500233,188,188,94.0,94.0,118.0,121.0,121.00003849068392,118.00004987907133,1.0,-3.8490683920144875e-05,-4.98790713265862e-05,0.0,True
22500234,202,202,100.0,102.0,110.0,123.0,123.00002526691328,109.99999659903592,1.0,-2.5266913283417125e-05,3.400964075694901e-06,2.0,True
22500235,196,196,98.0,98.0,129.0,106.0,106.00004321222701,129.00003172333473,1.0,-4.32122270126456e-05,-3.172333472889477e-05,0.0,True
22500236,210,210,105.0,105.0,113.0,117.0,117.00010219046618,113.00010009258948,1.0,-0.00010219046617976346,-0.00010009258947718536,0.0,True
22500237,206,206,103.0,103.0,124.0,106.0,106.00005176864592,124.00002898684136,1.0,-5.176864591760477e-05,-2.8986841357436788e-05,0.0,True
22500238,222,222,111.0,111.0,133.0,138.0,138.00003845978708,133.00005622523878,1.0,-3.8459787077727015e-05,-5.6225238779461506e-05,0.0,True
22500239,203,203,101.0,102.0,124.0,122.0,122.00002998342131,124.00007767850117,1.0,-2.998342131377285e-05,-7.767850117090802e-05,1.0,True
22500240,250,250,126.0,124.0,147.0,150.0,150.00007437814557,147.00003685612327,1.0,-7.43781455696535e-05,-3.6856123273310004e-05,2.0,True
22500241,200,200,100.0,100.0,106.0,118.0,118.00002476913349,106.00002561199469,1.0,-2.4769133489144224e-05,-2.5611994686869366e-05,0.0,True
22500242,203,203,101.0,102.0,112.0,127.0,127.00010175844075,111.99998267272127,1.0,-0.00010175844074922225,1.7327278726497752e-05,1.0,True
22500243,191,191,95.0,96.0,108.0,110.0,110.00001528152221,108.00003721357258,1.0,-1.5281522209420473e-05,-3.721357258257285e-05,1.0,True
22500244,211,211,105.0,106.0,113.0,115.0,115.00000883574084,113.00005083471686,1.0,-8.835740842982887e-06,-5.0834716859071705e-05,1.0,True
22500245,205,205,103.0,102.0,108.0,110.0,110.00002780566929,108.00004307157509,1.0,-2.7805669290614787e-05,-4.307157509231274e-05,1.0,True
22500246,216,216,107.0,109.0,96.0,120.0,120.00007632462824,96.0000334512974,1.0,-7.632462823892183e-05,-3.345129739784625e-05,2.0,True
22500247,198,198,99.0,99.0,126.0,109.0,109.0000854074498,125.9999869240678,1.0,-8.54074498022328e-05,1.3075932201900287e-05,0.0,True
22500248,208,208,103.0,105.0,130.0,127.0,127.00002212087455,130.0000309582346,1.0,-2.2120874547226776e-05,-3.095823458920677e-05,2.0,True
22500249,205,205,102.0,103.0,113.0,121.0,121.0000700537439,113.00002182728754,1.0,-7.005374389734698e-05,-2.1827287540077123e-05,1.0,True
22500250,188,188,94.0,94.0,113.0,99.0,98.99999655870677,113.00016973652743,1.0,3.4412932308214295e-06,-0.00016973652742535705,0.0,True
22500251,200,200,100.0,100.0,120.0,112.0,112.0000946505377,120.00000927750042,1.0,-9.465053770441045e-05,-9.277500424786922e-06,0.0,True
22500252,194,194,97.0,97.0,101.0,111.0,111.00001063489512,101.00005305426134,1.0,-1.0634895119210341e-05,-5.3054261343277176e-05,0.0,True
22500253,212,212,105.0,107.0,126.0,140.0,139.99996539253524,126.0000876560781,1.0,3.4607464755254114e-05,-8.765607809380072e-05,2.0,True
22500254,210,210,105.0,105.0,127.0,110.0,110.0000226545007,127.0000395200139,1.0,-2.265450069671715e-05,-3.952001389961879e-05,0.0,True
22500255,194,194,97.0,97.0,114.0,104.0,103.999997371471,114.00010483727493,1.0,2.6285290033456477e-06,-0.00010483727493237893,0.0,True
22500256,200,200,100.0,100.0,118.0,127.0,127.00004011370872,118.00005979916514,1.0,-4.011370872092357e-05,-5.9799165143203936e-05,0.0,True
22500257,211,211,106.0,105.0,96.0,110.0,110.0000279414362,96.00003244756381,1.0,-2.7941436201217584e-05,-3.244756381093339e-05,1.0,True
22500258,195,195,98.0,97.0,121.0,112.0,112.0,121.0,1.0,0.0,0.0,1.0,True
22500259,193,193,97.0,96.0,109.0,120.0,120.0000410879803,109.0000814787658,1.0,-4.108798030699745e-05,-8.147876579300828e-05,1.0,True
22500260,212,212,106.0,106.0,125.0,118.0,118.00001564107947,125.00002117343914,1.0,-1.5641079471606645e-05,-2.1173439137101013e-05,0.0,True
22500261,204,204,102.0,102.0,99.0,113.0,112.9999275939884,99.0001044183734,1.0,7.240601159708149e-05,-0.00010441837339669746,0.0,True
22500262,203,203,102.0,101.0,113.0,111.0,111.00000448583917,113.00008866356531,1.0,-4.485839170342842e-06,-8.866356530745634e-05,1.0,True
22500263,212,212,106.0,106.0,122.0,121.0,121.00002995288963,122.00003242811263,1.0,-2.9952889633477753e-05,-3.242811263248768e-05,0.0,True
22500264,209,209,105.0,104.0,101.0,129.0,129.00008393981818,101.00003778459289,1.0,-8.393981818244356e-05,-3.7784592890943713e-05,1.0,True
22500265,199,199,99.0,100.0,96.0,137.0,137.0,96.0,1.0,0.0,0.0,1.0,True
22500266,216,216,108.0,108.0,123.0,114.0,114.00005614952717,122.99999038981382,1.0,-5.614952716825883e-05,9.610186182840152e-06,0.0,True
22500267,204,204,101.0,103.0,126.0,135.0,135.0000414641045,126.00001114916702,1.0,-4.146410449834548e-05,-1.1149167022495021e-05,2.0,True
22500268,188,188,94.0,94.0,131.0,116.0,116.0000244944312,131.00006195242037,1.0,-2.4494431201560474e-05,-6.195242036710624e-05,0.0,True
22500269,199,199,100.0,99.0,121.0,133.0,132.99999520391407,121.0000426039076,1.0,4.79608593195735e-06,-4.260390760180144e-05,1.0,True
22500270,193,193,96.0,97.0,115.0,98.0,98.00002152186143,115.00002467632741,1.0,-2.152186142723167e-05,-2.4676327413430954e-05,1.0,True
22500271,210,210,105.0,105.0,120.0,121.0,121.0000119330825,120.00006519189832,1.0,-1.1933082504356207e-05,-6.519189831521999e-05,0.0,True
22500272,198,198,99.0,99.0,129.0,116.0,116.00005443524847,129.0000979422272,1.0,-5.443524847237313e-05,-9.794222719960999e-05,0.0,True
22500273,185,185,92.0,93.0,102.0,96.0,96.00002832056263,102.00002709967261,1.0,-2.8320562634576163e-05,-2.709967260727808e-05,1.0,True
22500274,192,192,96.0,96.0,128.0,123.0,123.00006221326544,128.00009546550024,1.0,-6.221326543709438e-05,-9.546550023742384e-05,0.0,True
22500275,211,211,105.0,106.0,127.0,117.0,116.99999547473836,127.0000726599909,1.0,4.5252616445168314e-06,-7.26599909057768e-05,1.0,True
22500276,190,190,95.0,95.0,110.0,113.0,113.00004578261317,110.0000059771096,1.0,-4.5782613170786135e-05,-5.97710959482356e-06,0.0,True
22500277,193,193,97.0,96.0,129.0,138.0,137.99995796810222,129.00004204608123,1.0,4.20318977774059e-05,-4.204608123359321e-05,1.0,True
22500278,191,191,95.0,96.0,105.0,120.0,120.0000632396124,105.000024321862,1.0,-6.323961240184417e-05,-2.4321861999965222e-05,1.0,True
22500279,188,188,94.0,94.0,109.0,119.0,119.00000946046569,109.00003337950952,1.0,-9.460465690835917e-06,-3.3379509517317274e-05,0.0,True
22500280,193,193,97.0,96.0,95.0,122.0,121.99994760577053,95.00012151834154,1.0,5.2394229470564824e-05,-0.00012151834154394692,1.0,True
22500281,194,194,96.0,98.0,102.0,111.0,111.00003884194756,102.00007535984524,1.0,-3.8841947556989e-05,-7.535984524054129e-05,2.0,True
22500282,205,205,102.0,103.0,108.0,106.0,106.00027172573141,107.99994518262787,1.0,-0.00027172573140887835,5.481737213131055e-05,1.0,True
22500283,202,202,102.0,100.0,122.0,117.0,116.99998564209622,122.00015019019234,1.0,1.4357903779682601e-05,-0.00015019019234330244,2.0,True
22500284,201,201,100.0,101.0,99.0,110.0,110.00012885561588,99.0001249512221,1.0,-0.00012885561588404926,-0.00012495122210509635,1.0,True
22500285,186,186,93.0,93.0,113.0,100.0,100.00004321115428,112.99996821453209,1.0,-4.321115427785571e-05,3.1785467911049636e-05,0.0,True
22500286,202,202,102.0,100.0,102.0,106.0,105.99997791556443,102.00009003747753,1.0,2.208443557094597e-05,-9.003747753411062e-05,2.0,True
22500287,194,194,97.0,97.0,125.0,115.0,115.0000354933546,125.00003860786833,1.0,-3.5493354602067484e-05,-3.8607868333428996e-05,0.0,True
22500288,197,197,98.0,99.0,115.0,103.0,103.00006339606651,115.00006415314287,1.0,-6.339606650840324e-05,-6.415314287266938e-05,1.0,True
22500289,219,219,109.0,110.0,130.0,143.0,143.00002638146535,130.00007561137062,1.0,-2.638146534650332e-05,-7.561137061884438e-05,1.0,True
22500290,188,188,94.0,94.0,114.0,92.0,92.00003180974174,114.0000204634348,1.0,-3.180974174199491e-05,-2.0463434793782653e-05,0.0,True
22500291,210,210,105.0,105.0,117.0,134.0,134.0000272168379,117.00005120035851,1.0,-2.721683790696261e-05,-5.1200358512915045e-05,0.0,True
22500292,219,219,109.0,110.0,112.0,117.0,117.0000016154973,112.00008675512332,1.0,-1.6154972968251968e-06,-8.675512331990376e-05,1.0,True
22500293,192,192,96.0,96.0,115.0,119.0,119.00003830535842,115.00006421447152,1.0,-3.8305358415868795e-05,-6.42144715214954e-05,0.0,True
22500294,202,202,102.0,100.0,111.0,118.0,118.00014050844729,111.00000075559049,1.0,-0.00014050844728785705,-7.555904915079736e-07,2.0,True
22500295,197,197,99.0,98.0,101.0,103.0,102.99998701716825,101.00010527036325,1.0,1.2982831748331591e-05,-0.00010527036324958772,1.0,True
22500296,222,222,111.0,111.0,138.0,135.0,135.0000274386308,138.00003837857957,1.0,-2.7438630809228926e-05,-3.8378579574782634e-05,0.0,True
22500297,185,185,93.0,92.0,99.0,116.0,116.00258606612998,98.99850643398509,1.0,-0.0025860661299788035,0.0014935660149149044,1.0,True
22500298,187,187,94.0,93.0,96.0,104.0,104.0000393861922,95.99999997048538,1.0,-3.938619219923112e-05,2.9514623633986048e-08,1.0,True
22500299,185,185,93.0,92.0,130.0,112.0,112.00003145299058,129.99998676344987,1.0,-3.1452990583602514e-05,1.3236550131523472e-05,1.0,True
22500300,208,208,103.0,105.0,114.0,110.0,110.00029799704525,113.99986494614915,1.0,-0.00029799704525146353,0.0001350538508546606,2.0,True
22500301,202,202,100.0,102.0,129.0,101.0,101.00007992928701,129.0000041205799,1.0,-7.992928701128221e-05,-4.120579887967324e-06,2.0,True
22500302,194,194,97.0,97.0,117.0,115.0,115.000069867379,117.00005894104387,1.0,-6.986737899694617e-05,-5.894104387493826e-05,0.0,True
22500303,193,193,97.0,96.0,94.0,116.0,115.99993955883279,94.000083671597,1.0,6.0441167207159197e-05,-8.367159699673721e-05,1.0,True
22500304,256,256,128.0,128.0,142.0,134.0,133.9999857927457,142.0000669220015,1.0,1.4207254309894779e-05,-6.69220015083738e-05,0.0,True
22500305,215,215,107.0,108.0,123.0,115.0,114.9999961273012,123.00005073249326,1.0,3.872698798090823e-06,-5.0732493264149525e-05,1.0,True
22500306,186,186,93.0,93.0,112.0,125.0,125.0,112.0,1.0,0.0,0.0,0.0,True
22500307,204,204,102.0,102.0,115.0,107.0,107.00002811331434,115.000009797355,1.0,-2.811331434315889e-05,-9.79735500550305e-06,0.0,True
22500308,197,197,98.0,99.0,121.0,133.0,133.0,121.0,1.0,0.0,0.0,1.0,True
22500309,202,202,101.0,101.0,98.0,99.0,99.00002735075509,98.00002766514454,1.0,-2.7350755090083112e-05,-2.7665144543220777e-05,0.0,True
22500310,196,196,98.0,98.0,135.0,119.0,119.00002499095052,135.00004601040018,1.0,-2.4990950521441846e-05,-4.6010400183149613e-05,0.0,True
22500311,201,201,101.0,100.0,126.0,129.0,129.00000292775906,126.00001403597,1.0,-2.92775905563758e-06,-1.4035969996939457e-05,1.0,True
22500312,199,199,100.0,99.0,103.0,116.0,116.00003842164617,103.00002361321617,1.0,-3.842164616685295e-05,-2.361321617172507e-05,1.0,True
22500313,212,212,106.0,106.0,123.0,140.0,139.99999258482313,123.0000621451686,1.0,7.41517686719817e-06,-6.2145168598704e-05,0.0,True
22500314,212,212,107.0,105.0,120.0,125.0,125.00001818380434,120.00005958596756,1.0,-1.8183804343152588e-05,-5.958596756272527e-05,2.0,True
22500315,202,202,101.0,101.0,131.0,121.0,120.99996139748795,131.0000882641128,1.0,3.8602512049124016e-05,-8.826411280438151e-05,0.0,True
22500316,215,215,107.0,108.0,125.0,133.0,133.00003344534636,125.0000380786756,1.0,-3.3445346360849726e-05,-3.807867560112754e-05,1.0,True
22500317,202,202,101.0,101.0,125.0,108.0,108.00002608654043,125.00004261671492,1.0,-2.6086540430014793e-05,-4.2616714921450694e-05,0.0,True
22500318,205,205,103.0,102.0,102.0,121.0,121.00006959213864,102.00006094773272,1.0,-6.959213864377034e-05,-6.0947732720251224e-05,1.0,True
22500319,204,204,102.0,102.0,118.0,121.0,121.00005258150563,118.00005538578017,1.0,-5.2581505627813385e-05,-5.538578017194595e-05,0.0,True
22500320,179,179,90.0,89.0,117.0,123.0,122.99991481214857,117.0001833566608,1.0,8.518785142541674e-05,-0.00018335666079849489,1.0,True
22500321,220,220,110.0,110.0,149.0,142.0,142.00005164488877,148.99998653220334,1.0,-5.164488877085205e-05,1.3467796662780529e-05,0.0,True
22500322,200,200,100.0,100.0,119.0,126.0,126.00006383805476,119.00005737387006,1.0,-6.38380547570705e-05,-5.737387006377048e-05,0.0,True
22500323,203,203,101.0,102.0,124.0,112.0,112.00004503174827,123.99998590538401,1.0,-4.5031748271640026e-05,1.4094615991666615e-05,1.0,True
22500324,204,204,102.0,102.0,122.0,110.0,110.00007879852349,121.99997032681182,1.0,-7.879852348935401e-05,2.9673188180368015e-05,0.0,True
22500325,199,199,99.0,100.0,135.0,120.0,120.0,135.0,1.0,0.0,0.0,1.0,True
22500326,212,212,105.0,107.0,114.0,112.0,112.00001877493821,114.0000618383575,1.0,-1.8774938212118286e-05,-6.183835749595801e-05,2.0,True
22500327,191,191,96.0,95.0,115.0,92.0,92.0,115.0,1.0,0.0,0.0,1.0,True
22500328,187,187,93.0,94.0,104.0,119.0,119.00006550658631,104.0001624210592,1.0,-6.550658630999351e-05,-0.0001624210592012787,1.0,True
22500329,200,200,101.0,99.0,113.0,103.0,103.00002429017933,113.00006614154525,1.0,-2.429017932570332e-05,-6.614154524697824e-05,2.0,True
22500330,199,199,99.0,100.0,95.0,121.0,120.99998237681602,95.00005467528602,1.0,1.7623183978798806e-05,-5.4675286023098124e-05,1.0,True
22500331,195,195,97.0,98.0,109.0,113.0,112.99998991584732,109.00004386589153,1.0,1.0084152677336533e-05,-4.386589152716169e-05,1.0,True
22500332,199,199,100.0,99.0,108.0,118.0,118.00001707827448,108.00000130091891,1.0,-1.7078274481718836e-05,-1.3009189103740937e-06,1.0,True
22500333,194,194,97.0,97.0,98.0,99.0,99.00008212775856,98.00004942160336,1.0,-8.212775856009102e-05,-4.942160336440793e-05,0.0,True
22500334,192,192,97.0,95.0,146.0,101.0,101.00003136384306,145.99998753485355,1.0,-3.136384306401396e-05,1.2465146454587739e-05,2.0,True
22500335,198,198,99.0,99.0,123.0,110.0,110.0,123.0,1.0,0.0,0.0,0.0,True
22500336,186,186,93.0,93.0,123.0,120.0,120.00004930579199,123.00001941116729,1.0,-4.9305791989695535e-05,-1.9411167286875752e-05,0.0,True
22500337,221,221,111.0,110.0,125.0,116.0,115.99998549345068,125.00004831040886,1.0,1.4506549320003614e-05,-4.831040885733273e-05,1.0,True
22500338,191,191,96.0,95.0,105.0,126.0,126.0,105.0,1.0,0.0,0.0,1.0,True
22500339,202,202,101.0,101.0,105.0,106.0,106.00000198771073,105.00000398050426,1.0,-1.987710732009873e-06,-3.980504260425732e-06,0.0,True
22500340,212,212,107.0,105.0,134.0,133.0,133.00004105487542,133.999993833752,1.0,-4.105487542460651e-05,6.16624799931742e-06,2.0,True
22500341,205,205,102.0,103.0,117.0,130.0,130.00011031899166,116.99995812925786,1.0,-0.00011031899165914183,4.1870742137462e-05,1.0,True
22500342,198,198,98.0,100.0,116.0,122.0,122.00002909160487,116.0000485437779,1.0,-2.909160487263307e-05,-4.854377789342834e-05,2.0,True
22500343,205,205,102.0,103.0,112.0,146.0,146.00015922978122,112.00000256047703,1.0,-0.00015922978121807319,-2.560477028623609e-06,1.0,True
22500344,206,206,103.0,103.0,111.0,86.0,85.99996698256949,111.00014331450149,1.0,3.301743051054018e-05,-0.00014331450148574731,0.0,True
22500345,199,199,99.0,100.0,120.0,105.0,105.0,120.0,1.0,0.0,0.0,1.0,True
22500346,197,197,98.0,99.0,98.0,117.0,117.00002762150064,97.9999963195469,1.0,-2.7621500635177654e-05,3.6804531049483558e-06,1.0,True
22500347,196,196,98.0,98.0,98.0,107.0,107.00001744921724,98.00001247407342,1.0,-1.7449217239118298e-05,-1.247407341509188e-05,0.0,True
22500348,198,198,99.0,99.0,116.0,101.0,101.00009758257939,116.00000284274404,1.0,-9.758257938585757e-05,-2.8427440383893554e-06,0.0,True
22500349,194,194,98.0,96.0,111.0,132.0,132.0000004157133,111.00007848754929,1.0,-4.15713287793551e-07,-7.848754928829749e-05,2.0,True
22500350,194,194,97.0,97.0,101.0,119.0,119.00001131958686,101.0000007160287,1.0,-1.1319586860736308e-05,-7.160286941143568e-07,0.0,True
22500351,201,201,101.0,100.0,131.0,116.0,115.99997444464391,131.0000608533128,1.0,2.5555356089057568e-05,-6.085331278882222e-05,1.0,True
22500352,190,190,95.0,95.0,99.0,94.0,94.00005535878348,99.00003831380354,1.0,-5.5358783484393825e-05,-3.831380354313296e-05,0.0,True
22500353,192,192,96.0,96.0,112.0,124.0,124.00005999477062,112.00006790284047,1.0,-5.999477062346159e-05,-6.790284047042405e-05,0.0,True
22500354,200,200,100.0,100.0,127.0,111.0,111.0,127.0,1.0,0.0,0.0,0.0,True
22500355,181,181,91.0,90.0,106.0,109.0,109.00007914249957,106.00010806602002,1.0,-7.91424995725265e-05,-0.00010806602001878218,1.0,True
22500356,186,186,93.0,93.0,109.0,122.0,122.00005451576763,109.00001084026722,1.0,-5.451576762993682e-05,-1.084026722253384e-05,0.0,True
22500357,190,190,95.0,95.0,100.0,106.0,106.00005638408311,100.00006203263102,1.0,-5.6384083109151106e-05,-6.203263102122492e-05,0.0,True
22500358,189,189,94.0,95.0,121.0,113.0,113.0000574893183,120.99999461065312,1.0,-5.7489318294301484e-05,5.38934688165682e-06,1.0,True
22500359,193,193,96.0,97.0,115.0,106.0,105.99998638747698,115.00009703446229,1.0,1.3612523019901346e-05,-9.703446228570556e-05,1.0,True
22500360,208,208,103.0,105.0,96.0,119.0,119.00002501645419,96.0000820177351,1.0,-2.5016454188175885e-05,-8.201773509597388e-05,2.0,True
22500361,190,190,95.0,95.0,123.0,91.0,91.00001013155217,123.0000307312358,1.0,-1.013155217322037e-05,-3.073123579611092e-05,0.0,True
22500362,197,197,98.0,99.0,112.0,108.0,108.0000191120272,112.00000592008041,1.0,-1.9112027203505022e-05,-5.920080411669915e-06,1.0,True
22500363,198,198,99.0,99.0,131.0,101.0,100.99999824551193,131.0000515440725,1.0,1.7544880677178298e-06,-5.1544072505294025e-05,0.0,True
22500364,201,201,101.0,100.0,105.0,116.0,115.99999073336018,105.00003321187054,1.0,9.266639821703393e-06,-3.3211870544391786e-05,1.0,True
22500365,185,185,92.0,93.0,108.0,105.0,105.00002807274475,108.00001575950644,1.0,-2.8072744754581436e-05,-1.57595064393945e-05,1.0,True
22500366,209,209,104.0,105.0,135.0,132.0,131.99999699162188,135.00004772248695,1.0,3.008378115509913e-06,-4.772248695417147e-05,1.0,True
22500367,213,213,106.0,107.0,111.0,127.0,127.00003752383526,111.00002205501141,1.0,-3.752383526034464e-05,-2.20550114136131e-05,1.0,True
22500368,213,213,106.0,107.0,116.0,110.0,110.00002906157006,116.00002429115685,1.0,-2.9061570060662234e-05,-2.4291156847766615e-05,1.0,True
22500369,212,212,106.0,106.0,101.0,122.0,122.00002275351252,101.00000037168918,1.0,-2.2753512524786856e-05,-3.716891825433777e-07,0.0,True
22500370,199,199,100.0,99.0,94.0,119.0,119.00000379500786,94.0001666932541,1.0,-3.795007856410848e-06,-0.0001666932541013466,1.0,True
22500371,207,207,103.0,104.0,126.0,133.0,133.00000648439914,126.00003921000204,1.0,-6.484399136752472e-06,-3.9210002043432723e-05,1.0,True
22500372,200,200,100.0,100.0,114.0,113.0,113.00001263165045,114.00001183824774,1.0,-1.2631650449179688e-05,-1.1838247743867214e-05,0.0,True
22500373,197,197,99.0,98.0,106.0,95.0,95.00006072517752,105.99998590568178,1.0,-6.0725177519316276e-05,1.4094318217416912e-05,1.0,True
22500374,193,193,96.0,97.0,111.0,105.0,105.00004452834003,111.00003407236807,1.0,-4.452834002677264e-05,-3.407236806651781e-05,1.0,True
22500375,216,216,108.0,108.0,128.0,133.0,133.00008056584198,128.00002134938399,1.0,-8.056584198357086e-05,-2.1349383985125314e-05,0.0,True
22500376,221,221,110.0,111.0,114.0,116.0,116.0000220972956,113.99999135288928,1.0,-2.2097295598655364e-05,8.647110718129625e-06,1.0,True
22500377,203,203,101.0,102.0,115.0,126.0,126.00004845457647,115.00003858431882,1.0,-4.8454576472067856e-05,-3.85843188155377e-05,1.0,True
22500378,200,200,100.0,100.0,98.0,99.0,99.00002532580085,98.00005635577193,1.0,-2.5325800848463587e-05,-5.635577193174868e-05,0.0,True
22500379,207,207,103.0,104.0,143.0,135.0,134.99995841019432,143.0000751249683,1.0,4.1589805675812386e-05,-7.51249683048627e-05,1.0,True
22500380,229,229,114.0,115.0,133.0,134.0,134.00005345704508,133.0000601827277,1.0,-5.3457045083860066e-05,-6.0182727708024686e-05,1.0,True
22500381,204,204,102.0,102.0,116.0,129.0,129.00014362614186,115.99989326244949,1.0,-0.00014362614186325118,0.00010673755051016087,0.0,True
22500382,190,190,95.0,95.0,116.0,107.0,107.0000450668192,116.00012694289279,1.0,-4.506681919735911e-05,-0.0001269428927912486,0.0,True
22500383,212,212,106.0,106.0,126.0,98.0,98.0,126.0,1.0,0.0,0.0,0.0,True
22500384,213,213,107.0,106.0,136.0,125.0,125.00004182451987,136.00001496240873,1.0,-4.182451986878277e-05,-1.4962408727114962e-05,1.0,True
22500385,204,204,102.0,102.0,107.0,112.0,112.00004099968581,106.99998294502326,1.0,-4.0999685808174036e-05,1.7054976737540528e-05,0.0,True
22500386,193,193,97.0,96.0,115.0,101.0,101.0000618361164,114.99999377858965,1.0,-6.183611640153686e-05,6.221410345119693e-06,1.0,True
22500387,204,204,102.0,102.0,114.0,121.0,121.0000953969843,114.00004260701301,1.0,-9.539698430671706e-05,-4.260701301461722e-05,0.0,True
22500388,181,181,90.0,91.0,112.0,96.0,95.99999004412692,112.00007145856226,1.0,9.955873082390099e-06,-7.14585622603181e-05,1.0,True
22500389,218,218,109.0,109.0,109.0,128.0,127.99998800811323,109.00008199172674,1.0,1.1991886765372328e-05,-8.199172674494548e-05,0.0,True
22500390,205,205,103.0,102.0,86.0,112.0,112.00019570640804,86.00003045110826,1.0,-0.00019570640803578954,-3.045110825894426e-05,1.0,True
22500391,202,202,101.0,101.0,130.0,122.0,121.99994970625679,130.00007600828368,1.0,5.029374321452451e-05,-7.600828368481416e-05,0.0,True
22500392,199,199,100.0,99.0,116.0,119.0,119.00003608127498,116.0000376344043,1.0,-3.608127498466729e-05,-3.763440429338516e-05,1.0,True
22500393,219,219,110.0,109.0,128.0,127.0,127.00005755279282,128.00004535148946,1.0,-5.755279282482206e-05,-4.535148946160916e-05,1.0,True
22500394,195,195,98.0,97.0,98.0,93.0,93.00006327638988,97.99999181025628,1.0,-6.327638988068429e-05,8.189743724074106e-06,1.0,True
22500395,183,183,91.0,92.0,88.0,103.0,103.00011732314844,88.00008823467888,1.0,-0.00011732314844437042,-8.823467888419145e-05,1.0,True
22500396,216,216,108.0,108.0,152.0,150.0,150.00004426962815,152.00003024348612,1.0,-4.42696281481858e-05,-3.0243486122571994e-05,0.0,True
22500397,194,194,97.0,97.0,81.0,96.0,96.00000875068864,81.00005605917497,1.0,-8.750688635927872e-06,-5.605917496609436e-05,0.0,True
22500398,202,202,101.0,101.0,125.0,132.0,132.00011827551447,125.00007350190677,1.0,-0.00011827551446685902,-7.350190676902457e-05,0.0,True
22500399,202,202,100.0,102.0,124.0,113.0,113.00006778351555,124.00004226521114,1.0,-6.778351554714845e-05,-4.226521113537274e-05,2.0,True
22500400,195,195,98.0,97.0,100.0,103.0,102.9999925868126,100.00013379237738,1.0,7.4131874043814605e-06,-0.0001337923773832017,1.0,True
22500401,209,209,104.0,105.0,124.0,125.0,125.00002013118754,124.00005201701047,1.0,-2.013118754007337e-05,-5.201701047496954e-05,1.0,True
22500402,201,201,100.0,101.0,132.0,139.0,139.0000449952697,132.00003944811994,1.0,-4.499526968970713e-05,-3.944811993505937e-05,1.0,True
22500403,191,191,95.0,96.0,95.0,103.0,103.00010343799664,94.99998862695972,1.0,-0.00010343799664269682,1.1373040280204805e-05,1.0,True
22500404,215,215,108.0,107.0,113.0,119.0,119.00001685549006,113.00000660933551,1.0,-1.685549005969733e-05,-6.609335514440318e-06,1.0,True
22500405,212,212,106.0,106.0,112.0,135.0,135.00007001827862,111.99995867523442,1.0,-7.001827862040955e-05,4.132476557572318e-05,0.0,True
22500406,210,210,105.0,105.0,103.0,119.0,119.00002739549817,102.99997968471996,1.0,-2.739549816510589e-05,2.0315280039540085e-05,0.0,True
22500407,197,197,99.0,98.0,97.0,120.0,120.00003622934132,97.00001535573584,1.0,-3.622934131897182e-05,-1.5355735840216767e-05,1.0,True
22500408,192,192,96.0,96.0,110.0,102.0,102.00008445337966,110.0000618741061,1.0,-8.445337965667932e-05,-6.18741060947059e-05,0.0,True
22500409,187,187,93.0,94.0,109.0,126.0,126.00006122046267,109.00004597587291,1.0,-6.12204626690982e-05,-4.5975872907888515e-05,1.0,True
22500410,194,194,96.0,98.0,114.0,106.0,106.00006245843973,114.00003081738086,1.0,-6.245843972862986e-05,-3.08173808605261e-05,2.0,True
22500411,213,213,107.0,106.0,126.0,123.0,123.0000067903633,126.00010256946445,1.0,-6.790363300979152e-06,-0.00010256946444542336,1.0,True
22500412,211,211,105.0,106.0,118.0,141.0,141.0,118.0,1.0,0.0,0.0,1.0,True
22500413,198,198,99.0,99.0,111.0,94.0,94.00003781593615,111.00006561273989,1.0,-3.78159361531516e-05,-6.561273988836547e-05,0.0,True
22500414,188,188,94.0,94.0,112.0,91.0,91.00009441657564,111.9999962813657,1.0,-9.441657563513672e-05,3.718634303595536e-06,0.0,True
22500415,197,197,99.0,98.0,130.0,131.0,131.00002601242105,130.00001598646736,1.0,-2.601242104560697e-05,-1.598646736056253e-05,1.0,True
22500416,203,203,101.0,102.0,104.0,115.0,115.00013022155342,103.99995039333619,1.0,-0.00013022155341957387,4.960666380782186e-05,1.0,True
22500417,188,188,94.0,94.0,110.0,130.0,130.0000151203335,110.00003311921674,1.0,-1.5120333500817651e-05,-3.311921673798679e-05,0.0,True
22500418,188,188,94.0,94.0,108.0,132.0,132.00049470583488,107.99990086613232,1.0,-0.00049470583488187,9.913386767834709e-05,0.0,True
22500419,211,211,105.0,106.0,137.0,128.0,128.00001966940349,137.0000505877437,1.0,-1.9669403485522707e-05,-5.0587743686492104e-05,1.0,True
22500420,194,194,97.0,97.0,110.0,106.0,106.00006798011049,109.99998811869695,1.0,-6.798011048658736e-05,1.1881303052518888e-05,0.0,True
22500421,195,195,98.0,97.0,136.0,127.0,127.0000123663956,136.00001971908577,1.0,-1.2366395594654023e-05,-1.971908577047543e-05,1.0,True
22500422,180,180,90.0,90.0,108.0,128.0,128.00003603957808,108.00000812497069,1.0,-3.6039578077406986e-05,-8.124970690914779e-06,0.0,True
22500423,217,217,109.0,108.0,126.0,111.0,111.00003457704328,126.00005379070558,1.0,-3.457704328013733e-05,-5.379070557864907e-05,1.0,True
22500424,194,194,97.0,97.0,120.0,105.0,104.99999410812124,120.00007997777757,1.0,5.8918787573247755e-06,-7.997777757395852e-05,0.0,True
22500425,205,205,103.0,102.0,117.0,138.0,138.00006574392154,116.99996615495255,1.0,-6.574392153879671e-05,3.3845047454406085e-05,1.0,True
22500426,204,204,102.0,102.0,140.0,122.0,121.99996624347223,140.00009400003157,1.0,3.375652777037885e-05,-9.400003156656567e-05,0.0,True
22500427,196,196,97.0,99.0,102.0,109.0,109.00002543639253,102.0000762319525,1.0,-2.5436392533606522e-05,-7.623195250516801e-05,2.0,True
22500428,201,201,101.0,100.0,104.0,125.0,125.0000279582916,104.00002931218759,1.0,-2.7958291596519302e-05,-2.9312187592722694e-05,1.0,True
22500429,206,206,103.0,103.0,115.0,108.0,108.00012963448567,115.00003566936078,1.0,-0.00012963448567404612,-3.5669360784140736e-05,0.0,True
22500430,210,210,105.0,105.0,129.0,131.0,131.00000458711602,129.00004709631577,1.0,-4.58711602391304e-06,-4.709631576815809e-05,0.0,True
22500431,180,180,90.0,90.0,119.0,103.0,102.99997645002031,119.00004729385753,1.0,2.3549979687231826e-05,-4.729385753421411e-05,0.0,True
22500432,207,207,103.0,104.0,107.0,113.0,113.00006675365567,107.00007524185736,1.0,-6.675365567332392e-05,-7.524185735974243e-05,1.0,True
22500433,198,198,100.0,98.0,126.0,127.0,127.00003806035147,126.00008922620324,1.0,-3.8060351471358445e-05,-8.922620324369746e-05,2.0,True
22500434,197,197,98.0,99.0,123.0,114.0,114.00004993594592,123.00002779800778,1.0,-4.993594592406225e-05,-2.7798007778301326e-05,1.0,True
22500435,206,206,103.0,103.0,128.0,125.0,125.00009913468944,127.9999646207905,1.0,-9.913468943523185e-05,3.537920950691387e-05,0.0,True
22500436,217,217,108.0,109.0,116.0,142.0,142.0,116.0,1.0,0.0,0.0,1.0,True
22500437,194,194,96.0,98.0,112.0,103.0,103.00004598667981,112.00005261382375,1.0,-4.5986679808152076e-05,-5.261382375465473e-05,2.0,True
22500438,193,193,96.0,97.0,100.0,117.0,117.0,100.0,1.0,0.0,0.0,1.0,True
22500439,191,191,95.0,96.0,123.0,107.0,107.00007381060925,122.99998770785596,1.0,-7.381060925126803e-05,1.2292144035086494e-05,1.0,True
22500440,198,198,99.0,99.0,127.0,114.0,114.00007154942394,127.00014826405874,1.0,-7.154942393583497e-05,-0.00014826405873691328,0.0,True
22500441,222,222,111.0,111.0,127.0,141.0,141.0000211489124,127.0000040653447,1.0,-2.114891239557437e-05,-4.0653446973237806e-06,0.0,True
22500442,200,200,99.0,101.0,104.0,129.0,128.9999922487996,104.00004666994249,1.0,7.751200399752634e-06,-4.666994249191703e-05,2.0,True
22500443,217,217,109.0,108.0,112.0,116.0,116.00006391805933,112.00010029520014,1.0,-6.391805932537409e-05,-0.00010029520014143145,1.0,True
22500444,206,206,103.0,103.0,108.0,114.0,114.00002535441887,108.00001953918554,1.0,-2.5354418866641026e-05,-1.9539185544203974e-05,0.0,True
22500445,184,184,91.0,93.0,99.0,112.0,112.0000873891643,99.000016613388,1.0,-8.738916430672816e-05,-1.661338799863188e-05,2.0,True
22500446,202,202,100.0,102.0,101.0,125.0,125.0,101.0,1.0,0.0,0.0,2.0,True
22500447,187,187,94.0,93.0,123.0,113.0,113.00004261931909,123.00002777661369,1.0,-4.2619319088998964e-05,-2.7776613691798957e-05,1.0,True
22500448,190,190,95.0,95.0,115.0,101.0,101.00005529050651,115.00001760686027,1.0,-5.529050650920908e-05,-1.7606860268415403e-05,0.0,True
22500449,191,191,95.0,96.0,120.0,107.0,107.0,120.0,1.0,0.0,0.0,1.0,True
22500450,204,204,102.0,102.0,123.0,147.0,146.99998744186715,123.00001258448798,1.0,1.255813285183649e-05,-1.2584487976141645e-05,0.0,True
22500451,190,190,95.0,95.0,106.0,107.0,107.00007586018054,105.99996850089481,1.0,-7.586018054439592e-05,3.149910519084642e-05,0.0,True
22500452,205,205,102.0,103.0,136.0,101.0,101.00002745128822,136.00002418657013,1.0,-2.745128821857179e-05,-2.4186570129813845e-05,1.0,True
22500453,195,195,98.0,97.0,119.0,126.0,126.00000792456962,119.00008788446745,1.0,-7.924569615624932e-06,-8.788446744745215e-05,1.0,True
22500454,202,202,101.0,101.0,130.0,125.0,125.00001586487303,130.00011803554065,1.0,-1.5864873034843185e-05,-0.00011803554065181743,0.0,True
22500455,215,215,108.0,107.0,129.0,140.0,140.00006307342636,128.99999812268914,1.0,-6.307342636091562e-05,1.8773108649838832e-06,1.0,True
22500456,215,215,107.0,108.0,113.0,101.0,100.99998102991331,113.00006197623982,1.0,1.8970086685499155e-05,-6.197623982018285e-05,1.0,True
22500457,206,206,103.0,103.0,122.0,125.0,125.00002874719777,122.0000362566845,1.0,-2.8747197774237065e-05,-3.625668449558361e-05,0.0,True
22500458,224,224,111.0,113.0,139.0,136.0,135.99997550571715,139.00005738055117,1.0,2.4494282854448102e-05,-5.738055116921714e-05,2.0,True
22500459,201,201,101.0,100.0,129.0,119.0,119.00001636531576,129.00006715943414,1.0,-1.6365315758548604e-05,-6.715943413837522e-05,1.0,True
22500460,202,202,101.0,101.0,128.0,106.0,106.00000990373931,128.0000864083106,1.0,-9.903739311312165e-06,-8.640831060802157e-05,0.0,True
22500461,187,187,93.0,94.0,90.0,131.0,131.0,90.0,1.0,0.0,0.0,1.0,True
22500462,202,202,101.0,101.0,132.0,125.0,125.0000369666885,132.00004574783546,1.0,-3.696668849784146e-05,-4.574783545763239e-05,0.0,True
22500463,198,198,99.0,99.0,102.0,126.0,126.0000252690437,102.00002661098866,1.0,-2.5269043703701755e-05,-2.6610988655306755e-05,0.0,True
22500464,218,218,109.0,109.0,112.0,110.0,110.00003279619585,112.00005099144569,1.0,-3.279619585327964e-05,-5.0991445689874126e-05,0.0,True
22500465,207,207,104.0,103.0,113.0,129.0,129.00000713200478,113.00006019377575,1.0,-7.132004782306467e-06,-6.019377575228191e-05,1.0,True
22500466,210,210,105.0,105.0,118.0,134.0,134.00009072437285,118.00002813127637,1.0,-9.072437285340129e-05,-2.813127636613899e-05,0.0,True
22500467,202,202,101.0,101.0,132.0,134.0,134.00006852002497,132.00006448022654,1.0,-6.852002496771092e-05,-6.448022654126362e-05,0.0,True
22500468,193,193,96.0,97.0,106.0,103.0,103.00001690640805,106.00005414265615,1.0,-1.6906408049521815e-05,-5.414265615399927e-05,1.0,True
22500469,197,197,98.0,99.0,114.0,113.0,113.0,114.0,1.0,0.0,0.0,1.0,True
22500470,212,212,106.0,106.0,95.0,124.0,123.99999694280793,95.00008867223025,1.0,3.0571920746069736e-06,-8.867223024822124e-05,0.0,True
22500471,181,181,91.0,90.0,120.0,96.0,96.00009530195746,120.00001054042991,1.0,-9.530195745810488e-05,-1.0540429911998217e-05,1.0,True
22500472,215,215,108.0,107.0,118.0,112.0,112.00000605361642,118.00003966613735,1.0,-6.053616417034391e-06,-3.966613735428837e-05,1.0,True
22500473,201,201,101.0,100.0,123.0,108.0,107.9999838057472,123.00004936273699,1.0,1.6194252793866326e-05,-4.936273698774585e-05,1.0,True
22500474,187,187,94.0,93.0,120.0,106.0,106.0,120.0,1.0,0.0,0.0,1.0,True
22500475,194,194,97.0,97.0,101.0,118.0,118.0,101.0,1.0,0.0,0.0,0.0,True
22500476,210,210,105.0,105.0,123.0,113.0,112.9999605852744,123.00016727878968,1.0,3.9414725605979584e-05,-0.00016727878967515153,0.0,True
22500477,201,201,100.0,101.0,99.0,119.0,119.00005283376053,99.00005257438904,1.0,-5.283376053455413e-05,-5.257438904493483e-05,1.0,True
22500478,195,195,98.0,97.0,108.0,113.0,113.00002356834581,108.00002998863373,1.0,-2.3568345810076607e-05,-2.9988633727384695e-05,1.0,True
22500479,208,208,104.0,104.0,111.0,99.0,99.0000802567551,111.00010390313697,1.0,-8.025675509770736e-05,-0.00010390313697428155,0.0,True
22500480,198,198,99.0,99.0,114.0,121.0,121.00002673445917,114.00004434519744,1.0,-2.6734459169119873e-05,-4.434519743767851e-05,0.0,True
22500481,193,193,97.0,96.0,121.0,122.0,122.0000714081425,121.00002163939794,1.0,-7.140814250305993e-05,-2.163939794286307e-05,1.0,True
22500482,186,186,93.0,93.0,122.0,109.0,109.0,122.0,1.0,0.0,0.0,0.0,True
22500483,205,205,102.0,103.0,102.0,129.0,129.000038939164,102.00000667573553,1.0,-3.893916399988484e-05,-6.675735534145133e-06,1.0,True
22500484,205,205,103.0,102.0,131.0,94.0,93.99998000618706,131.00009493350618,1.0,1.9993812941265787e-05,-9.49335061761758e-05,1.0,True
22500485,210,210,105.0,105.0,121.0,128.0,128.00001479840978,120.99999910893452,1.0,-1.4798409779359645e-05,8.91065482733211e-07,0.0,True
22500486,197,197,98.0,99.0,125.0,115.0,115.00003959532164,125.00002348427452,1.0,-3.959532163833046e-05,-2.3484274521479165e-05,1.0,True
22500487,205,205,103.0,102.0,130.0,119.0,119.00018062765952,129.99990546150596,1.0,-0.00018062765951754045,9.453849403939785e-05,1.0,True
22500488,215,215,108.0,107.0,117.0,134.0,134.0000349766404,117.00001413519904,1.0,-3.497664039286974e-05,-1.4135199037923485e-05,1.0,True
22500489,196,196,97.0,99.0,112.0,99.0,99.0,112.0,1.0,0.0,0.0,2.0,True
22500490,195,195,98.0,97.0,115.0,110.0,110.00002607640813,115.00001105452704,1.0,-2.6076408133235418e-05,-1.1054527035980755e-05,1.0,True
22500491,203,203,101.0,102.0,104.0,110.0,110.00009877300985,103.99994258271805,1.0,-9.877300985294823e-05,5.741728195118867e-05,1.0,True
22500492,192,192,96.0,96.0,114.0,123.0,123.00003725857407,114.0000493170345,1.0,-3.725857406777777e-05,-4.931703449528868e-05,0.0,True
22500493,183,183,91.0,92.0,146.0,115.0,115.00002401872335,146.00001829651896,1.0,-2.4018723351559856e-05,-1.8296518959459718e-05,1.0,True
22500494,201,201,101.0,100.0,114.0,110.0,110.00000388819605,114.00007271207755,1.0,-3.888196047796555e-06,-7.271207755366049e-05,1.0,True
22500495,201,201,100.0,101.0,127.0,135.0,135.00004003592215,127.00012004494769,1.0,-4.0035922154402215e-05,-0.0001200449476925769,1.0,True
22500496,187,187,94.0,93.0,115.0,127.0,127.00001252787897,115.00007697103796,1.0,-1.2527878965329364e-05,-7.697103795578641e-05,1.0,True
22500497,217,217,109.0,108.0,106.0,125.0,125.00004580829984,106.00001345467845,1.0,-4.5808299844907197e-05,-1.345467845226267e-05,1.0,True
22500498,209,209,105.0,104.0,141.0,115.0,115.00002180866655,141.0000632541835,1.0,-2.1808666545553024e-05,-6.325418348751555e-05,1.0,True
22500499,189,189,94.0,95.0,105.0,108.0,108.00010968995619,105.00010164233619,1.0,-0.00010968995619009547,-0.00010164233619036622,1.0,True
22500500,195,195,97.0,98.0,115.0,98.0,98.00004531459027,115.00002922127308,1.0,-4.5314590266798405e-05,-2.9221273081248e-05,1.0,True
22500501,196,196,98.0,98.0,114.0,120.0,120.0000124428682,114.00002041608231,1.0,-1.24428681971267e-05,-2.0416082307406214e-05,0.0,True
22500502,186,186,93.0,93.0,90.0,121.0,121.00004902235885,90.00002971820408,1.0,-4.9022358851402714e-05,-2.9718204075379617e-05,0.0,True
22500503,188,188,93.0,95.0,101.0,115.0,115.00005270114875,100.99998414877061,1.0,-5.270114874633691e-05,1.5851229392183086e-05,2.0,True
22500504,209,209,105.0,104.0,100.0,118.0,117.99997202366436,100.00005807094212,1.0,2.797633564455282e-05,-5.807094211718322e-05,1.0,True
22500505,187,187,93.0,94.0,97.0,100.0,99.9999953487262,97.0001164489427,1.0,4.651273798117472e-06,-0.00011644894270546047,1.0,True
22500506,191,191,96.0,95.0,124.0,97.0,97.00002232431882,124.00005560632795,1.0,-2.2324318820210465e-05,-5.560632794754383e-05,1.0,True
22500507,205,205,102.0,103.0,125.0,124.0,124.0,125.0,1.0,0.0,0.0,1.0,True
22500508,195,195,98.0,97.0,102.0,103.0,102.99999963280503,102.00001876172657,1.0,3.671949713179856e-07,-1.8761726565230674e-05,1.0,True
22500509,201,201,100.0,101.0,117.0,137.0,137.00005318879266,116.99998431759701,1.0,-5.318879266269505e-05,1.5682402988659305e-05,1.0,True
22500510,208,208,103.0,105.0,120.0,116.0,116.0000206570646,120.00000448391593,1.0,-2.0657064595752672e-05,-4.483915930109106e-06,2.0,True
22500511,210,210,105.0,105.0,112.0,120.0,120.0,112.0,1.0,0.0,0.0,0.0,True
22500512,210,210,105.0,105.0,105.0,106.0,106.00003427648362,105.00000071666683,1.0,-3.427648361764568e-05,-7.166668325453429e-07,0.0,True
22500513,220,220,110.0,110.0,94.0,122.0,122.00003078745462,94.000016802689,1.0,-3.078745461948529e-05,-1.680268900372539e-05,0.0,True
22500514,200,200,100.0,100.0,111.0,103.0,103.000019808805,111.0000324215961,1.0,-1.980880500696003e-05,-3.242159610294948e-05,0.0,True
22500515,203,203,101.0,102.0,100.0,98.0,97.99998984130745,100.00002903171236,1.0,1.0158692546724524e-05,-2.9031712358573714e-05,1.0,True
22500516,181,181,90.0,91.0,97.0,96.0,96.00003378103472,97.00002742109857,1.0,-3.378103471618488e-05,-2.7421098565127977e-05,1.0,True
22500517,181,181,91.0,90.0,93.0,108.0,108.00003653178285,93.0000369815283,1.0,-3.653178285389913e-05,-3.698152829656465e-05,1.0,True
22500518,203,203,102.0,101.0,110.0,131.0,131.0,110.0,1.0,0.0,0.0,1.0,True
22500519,212,212,106.0,106.0,100.0,117.0,117.00004550961756,99.9999790063775,1.0,-4.5509617564221116e-05,2.099362249907699e-05,0.0,True
22500520,185,185,93.0,92.0,114.0,110.0,110.0000252905622,114.00001471697384,1.0,-2.5290562206237155e-05,-1.4716973836925717e-05,1.0,True
22500521,201,201,101.0,100.0,104.0,103.0,103.00002587428366,104.00002345296161,1.0,-2.5874283664961695e-05,-2.3452961613656953e-05,1.0,True
22500522,186,186,92.0,94.0,111.0,123.0,123.00002161729803,111.00003185494046,1.0,-2.1617298031628707e-05,-3.1854940459652425e-05,2.0,True
22500523,202,202,102.0,100.0,91.0,107.0,107.00002205869319,91.0000126179761,1.0,-2.2058693190274425e-05,-1.2617976096862549e-05,2.0,True
22500524,197,197,99.0,98.0,117.0,98.0,98.00002129571097,116.99999202696472,1.0,-2.1295710965318904e-05,7.973035280883778e-06,1.0,True
22500525,234,234,117.0,117.0,125.0,129.0,129.00007688157208,124.9999954148553,1.0,-7.688157208463053e-05,4.585144694146948e-06,0.0,True
22500526,191,191,95.0,96.0,113.0,120.0,120.00001818772154,113.00003999084063,1.0,-1.8187721536833124e-05,-3.999084063366354e-05,1.0,True
22500527,191,191,95.0,96.0,102.0,103.0,103.00002139044173,102.00006752493674,1.0,-2.139044173077309e-05,-6.752493673900517e-05,1.0,True
22500528,197,197,98.0,99.0,114.0,112.0,112.00000574194043,114.00007000815661,1.0,-5.741940427128611e-06,-7.000815661228899e-05,1.0,True
22500529,215,215,107.0,108.0,116.0,113.0,113.00005676336367,116.00003528745762,1.0,-5.6763363673439926e-05,-3.528745762082508e-05,1.0,True
22500530,207,207,103.0,104.0,122.0,131.0,131.0000442969972,121.9999970839414,1.0,-4.429699720276403e-05,2.916058605251237e-06,1.0,True
22500531,203,203,102.0,101.0,114.0,116.0,115.99998768996366,114.00007109789773,1.0,1.2310036339613362e-05,-7.109789773096509e-05,1.0,True
22500532,184,184,92.0,92.0,117.0,125.0,125.00004497508158,117.00003976286439,1.0,-4.4975081578968457e-05,-3.976286438955867e-05,0.0,True
22500533,193,193,97.0,96.0,103.0,91.0,91.00004109593405,103.00003681796726,1.0,-4.1095934051327276e-05,-3.681796725629738e-05,1.0,True
22500534,214,214,107.0,107.0,128.0,107.0,106.99998765588698,128.00005744522176,1.0,1.234411301709315e-05,-5.744522175632483e-05,0.0,True
22500535,185,185,92.0,93.0,121.0,105.0,105.0,121.0,1.0,0.0,0.0,1.0,True
22500536,196,196,98.0,98.0,117.0,116.0,116.00003210334577,117.0000765744515,1.0,-3.2103345773748515e-05,-7.657445149789055e-05,0.0,True
22500537,189,189,95.0,94.0,110.0,87.0,87.00003823477095,110.0000235018772,1.0,-3.8234770954659325e-05,-2.3501877194576082e-05,1.0,True
22500538,187,187,94.0,93.0,107.0,112.0,112.00012889451071,107.00015185267131,1.0,-0.00012889451070918767,-0.00015185267130846114,1.0,True
22500539,187,187,93.0,94.0,103.0,137.0,137.0,103.0,1.0,0.0,0.0,1.0,True
22500540,192,192,97.0,95.0,105.0,111.0,111.00002661854073,105.00006865311346,1.0,-2.6618540729828055e-05,-6.865311345904956e-05,2.0,True
22500541,187,187,93.0,94.0,105.0,101.0,101.0000128961592,105.00003375579765,1.0,-1.2896159205411095e-05,-3.3755797645085295e-05,1.0,True
22500542,206,206,103.0,103.0,134.0,146.0,146.00003783325127,134.00001835054798,1.0,-3.783325126960335e-05,-1.83505479753876e-05,0.0,True
22500543,224,224,112.0,112.0,99.0,123.0,123.0,99.0,1.0,0.0,0.0,0.0,True
22500544,200,200,100.0,100.0,98.0,92.0,92.0000718984717,98.00007077156066,1.0,-7.189847170252506e-05,-7.077156065804502e-05,0.0,True
22500545,192,192,96.0,96.0,100.0,95.0,95.00000560251705,100.00005026162815,1.0,-5.602517049396738e-06,-5.026162814658619e-05,0.0,True
22500546,209,209,105.0,104.0,107.0,125.0,125.00004149661754,107.00002202131203,1.0,-4.14966175412701e-05,-2.2021312034326e-05,1.0,True
22500547,202,202,101.0,101.0,150.0,95.0,95.0,150.0,1.0,0.0,0.0,0.0,True
22500548,190,190,94.0,96.0,118.0,128.0,128.00004138642484,117.9999915189023,1.0,-4.1386424840084146e-05,8.481097694357231e-06,2.0,True
22500549,183,183,92.0,91.0,98.0,103.0,103.00000766869672,98.00002577142577,1.0,-7.66869672474968e-06,-2.5771425768539302e-05,1.0,True
22500550,218,218,109.0,109.0,115.0,116.0,116.00006433045118,115.00006068058832,1.0,-6.433045118114933e-05,-6.068058831942835e-05,0.0,True
22500551,199,199,99.0,100.0,123.0,114.0,114.0000585108126,123.00001471015783,1.0,-5.8510812593226547e-05,-1.4710157827835246e-05,1.0,True
22500552,197,197,99.0,98.0,103.0,104.0,104.00001804818442,103.0001673853486,1.0,-1.804818441542011e-05,-0.00016738534860394338,1.0,True
22500553,209,209,104.0,105.0,112.0,124.0,124.00001864547855,112.00003540218513,1.0,-1.86454785477963e-05,-3.5402185133648345e-05,1.0,True
22500554,188,188,95.0,93.0,104.0,108.0,108.00003266872719,104.00004066234187,1.0,-3.2668727186546676e-05,-4.066234187405371e-05,2.0,True
22500555,205,205,102.0,103.0,93.0,112.0,112.00006796735252,93.00000012706678,1.0,-6.796735252123653e-05,-1.2706678376162017e-07,1.0,True
22500556,200,200,100.0,100.0,124.0,111.0,111.00005756086179,124.00001833674989,1.0,-5.756086179076192e-05,-1.8336749889158455e-05,0.0,True
22500557,172,172,86.0,86.0,98.0,111.0,111.00010895103442,97.99992546028098,1.0,-0.00010895103442010168,7.453971902293688e-05,0.0,True
22500558,207,207,104.0,103.0,123.0,112.0,112.0,123.0,1.0,0.0,0.0,1.0,True
22500559,184,184,92.0,92.0,96.0,98.0,98.00004393378184,95.99999384236806,1.0,-4.393378183920049e-05,6.1576319438927385e-06,0.0,True
22500560,187,187,94.0,93.0,115.0,102.0,102.0000312671902,115.00003155773263,1.0,-3.1267190195194416e-05,-3.155773262619732e-05,1.0,True
22500561,191,191,95.0,96.0,105.0,113.0,113.00001396627609,105.00003310471429,1.0,-1.3966276085852769e-05,-3.3104714290743686e-05,1.0,True
22500562,190,190,95.0,95.0,112.0,124.0,124.00003590548665,112.00000024026254,1.0,-3.590548665499682e-05,-2.4026253697684297e-07,0.0,True
22500563,187,187,94.0,93.0,109.0,117.0,117.00000561192225,109.00004992275207,1.0,-5.6119222477946096e-06,-4.9922752069164744e-05,1.0,True
22500564,203,203,102.0,101.0,121.0,127.0,126.95468929990815,121.04542288428304,1.0,0.045310700091846456,-0.04542288428304175,1.0,True
22500565,190,190,95.0,95.0,113.0,119.0,119.0,113.0,1.0,0.0,0.0,0.0,True
22500566,204,204,103.0,101.0,139.0,106.0,106.0,139.0,1.0,0.0,0.0,2.0,True
22500567,197,197,98.0,99.0,122.0,116.0,116.0,122.0,1.0,0.0,0.0,1.0,True
22500568,190,190,95.0,95.0,98.0,119.0,119.0,98.0,1.0,0.0,0.0,0.0,True
22500569,202,202,101.0,101.0,116.0,141.0,141.0,116.0,1.0,0.0,0.0,0.0,True
22500570,203,203,101.0,102.0,97.0,119.0,119.0,97.0,1.0,0.0,0.0,1.0,True
22500571,190,190,96.0,94.0,115.0,101.0,101.00005790986029,115.00003665887832,1.0,-5.790986028841871e-05,-3.6658878315165566e-05,2.0,True
22500572,204,204,102.0,102.0,133.0,107.0,107.0,133.0,1.0,0.0,0.0,0.0,True
22500573,202,202,101.0,101.0,126.0,128.0,128.00000096140366,126.00001922221429,1.0,-9.614036571292672e-07,-1.922221429140336e-05,0.0,True
22500574,196,196,98.0,98.0,113.0,116.0,116.00003416025817,113.0000375807591,1.0,-3.4160258167048596e-05,-3.758075909843228e-05,0.0,True
22500575,192,192,96.0,96.0,118.0,109.0,109.0,118.0,1.0,0.0,0.0,0.0,True
22500576,198,198,100.0,98.0,101.0,112.0,112.00006169493462,101.00001120395746,1.0,-6.169493461527509e-05,-1.1203957456018543e-05,2.0,True
22500577,192,192,96.0,96.0,105.0,119.0,119.0,105.0,1.0,0.0,0.0,0.0,True
22500578,202,202,101.0,101.0,111.0,118.0,118.00013771563455,111.00012153490344,1.0,-0.0001377156345512276,-0.0001215349034424662,0.0,True
22500579,200,200,100.0,100.0,105.0,108.0,108.00005387222394,105.00006599486781,1.0,-5.387222394404034e-05,-6.59948678105593e-05,0.0,True
22500580,192,192,96.0,96.0,119.0,114.0,113.99998968022076,119.00009652261102,1.0,1.0319779235601345e-05,-9.65226110167805e-05,0.0,True
22500581,198,198,98.0,100.0,111.0,91.0,90.99999899827041,111.00004023233973,1.0,1.0017295863917752e-06,-4.0232339728163424e-05,2.0,True
22500582,196,196,99.0,97.0,101.0,119.0,119.0,101.0,1.0,0.0,0.0,2.0,True
22500583,220,220,110.0,110.0,122.0,144.0,144.0,122.0,1.0,0.0,0.0,0.0,True
22500584,186,186,93.0,93.0,113.0,126.0,126.0,113.0,1.0,0.0,0.0,0.0,True
22500585,206,206,103.0,103.0,101.0,117.0,117.0000251522506,101.0000414916577,1.0,-2.515225060051307e-05,-4.149165769717911e-05,0.0,True
22500586,195,195,97.0,98.0,135.0,117.0,117.00005576929804,135.00006071854085,1.0,-5.5769298043628623e-05,-6.071854085121231e-05,1.0,True
22500587,197,197,99.0,98.0,109.0,112.0,112.00004075853151,109.00006453652541,1.0,-4.0758531511642104e-05,-6.45365254143826e-05,1.0,True
22500588,191,191,96.0,95.0,119.0,127.0,127.00003154784366,119.00004100987194,1.0,-3.1547843661883235e-05,-4.100987193567107e-05,1.0,True
22500589,197,197,99.0,98.0,117.0,115.0,115.00011554082172,116.99998988967972,1.0,-0.0001155408217243803,1.0110320275202866e-05,1.0,True
22500590,208,208,105.0,103.0,121.0,117.0,117.00007431346313,121.00008060095075,1.0,-7.431346313069298e-05,-8.060095075279605e-05,2.0,True
22500591,196,196,98.0,98.0,105.0,110.0,110.00006386102808,105.00000668544924,1.0,-6.386102808164651e-05,-6.685449235988017e-06,0.0,True
22500592,202,202,100.0,102.0,115.0,128.0,128.000065200758,114.99999227071443,1.0,-6.52007580015379e-05,7.729285570690081e-06,2.0,True
22500593,203,203,101.0,102.0,120.0,138.0,138.0,120.0,1.0,0.0,0.0,1.0,True
22500594,209,209,104.0,105.0,132.0,106.0,105.99998152035499,132.00012950501193,1.0,1.847964500711896e-05,-0.0001295050119267671,1.0,True
22500595,220,220,110.0,110.0,78.0,121.0,121.00002732313055,78.00008632134112,1.0,-2.7323130552758812e-05,-8.632134111508094e-05,0.0,True
22500596,185,185,93.0,92.0,106.0,99.0,99.00013161567782,106.00003291025251,1.0,-0.00013161567781594385,-3.2910252514284366e-05,1.0,True
22500597,201,201,100.0,101.0,120.0,122.0,122.00001733164429,120.00007878679229,1.0,-1.7331644286855408e-05,-7.878679228667806e-05,1.0,True
22500598,199,199,100.0,99.0,123.0,126.0,125.99995526296009,123.00008863128967,1.0,4.4737039914366505e-05,-8.863128967107059e-05,1.0,True
22500599,202,202,101.0,101.0,116.0,136.0,136.0000137995445,116.00006862798314,1.0,-1.3799544490211701e-05,-6.86279831398906e-05,0.0,True
22500600,201,201,100.0,101.0,115.0,121.0,121.0,115.0,1.0,0.0,0.0,1.0,True
22500601,199,199,100.0,99.0,116.0,132.0,132.00008568464867,115.99995967311958,1.0,-8.568464866698378e-05,4.0326880423435796e-05,1.0,True
22500602,200,200,100.0,100.0,109.0,126.0,125.99999818175641,109.00001872023553,1.0,1.8182435894686932e-06,-1.872023553062263e-05,0.0,True
22500603,184,184,92.0,92.0,102.0,124.0,124.0,102.0,1.0,0.0,0.0,0.0,True
22500604,198,198,99.0,99.0,110.0,119.0,119.00000389047412,110.00001030152379,1.0,-3.890474118861675e-06,-1.0301523786893085e-05,0.0,True
22500605,170,170,85.0,85.0,110.0,87.0,87.00005966733738,110.00004321300003,1.0,-5.966733738205221e-05,-4.321300002629869e-05,0.0,True
22500606,202,202,101.0,101.0,117.0,110.0,110.000057790974,117.0000410369123,1.0,-5.7790973997384754e-05,-4.103691229317974e-05,0.0,True
22500607,193,193,97.0,96.0,93.0,110.0,110.00003329408054,93.00006237643387,1.0,-3.3294080537871196e-05,-6.237643387407843e-05,1.0,True
22500608,195,195,97.0,98.0,110.0,106.0,106.00002088269495,110.00003492125897,1.0,-2.0882694954593717e-05,-3.492125897253118e-05,1.0,True
22500609,198,198,99.0,99.0,104.0,113.0,113.00003179951824,104.00004115002781,1.0,-3.1799518239949975e-05,-4.115002781190924e-05,0.0,True
22500610,178,178,88.0,90.0,126.0,117.0,117.0,126.0,1.0,0.0,0.0,2.0,True
22500611,200,200,100.0,100.0,110.0,123.0,123.0,110.0,1.0,0.0,0.0,0.0,True
22500612,212,212,106.0,106.0,112.0,135.0,135.00003327639826,112.0001016638666,1.0,-3.3276398255566164e-05,-0.00010166386660159787,0.0,True
22500613,209,209,105.0,104.0,116.0,110.0,110.00009593355186,115.99994577809872,1.0,-9.593355186154895e-05,5.422190128001603e-05,1.0,True
22500614,204,204,102.0,102.0,110.0,138.0,138.0000108682892,109.99999632194496,1.0,-1.086828919483196e-05,3.67805503742602e-06,0.0,True
22500615,195,195,98.0,97.0,106.0,111.0,111.00006119418,106.00005571928524,1.0,-6.119418000594123e-05,-5.5719285242616934e-05,1.0,True
22500616,209,209,104.0,105.0,122.0,127.0,127.00002057536275,122.000008842775,1.0,-2.057536275401617e-05,-8.84277500290409e-06,1.0,True
22500617,188,188,94.0,94.0,115.0,107.0,107.00011526924521,115.00004198406991,1.0,-0.00011526924521376714,-4.198406990951753e-05,0.0,True
22500618,205,205,102.0,103.0,145.0,127.0,127.00001065645547,145.00002818969497,1.0,-1.0656455472712878e-05,-2.818969497297985e-05,1.0,True
22500619,209,209,104.0,105.0,130.0,117.0,117.0000000656409,130.00002322261275,1.0,-6.564090426763869e-08,-2.3222612753670546e-05,1.0,True
22500620,194,194,97.0,97.0,94.0,87.0,87.00003830620103,94.00001400259669,1.0,-3.830620103428828e-05,-1.4002596685713797e-05,0.0,True
22500621,202,202,101.0,101.0,104.0,119.0,118.99998837690832,104.00009292084506,1.0,1.162309168023512e-05,-9.292084506284937e-05,0.0,True
22500622,184,184,92.0,92.0,66.0,120.0,120.0000114332281,66.00005514012906,1.0,-1.1433228095825143e-05,-5.514012906360222e-05,0.0,True
22500623,209,209,105.0,104.0,124.0,122.0,122.00002916729396,124.00001602180926,1.0,-2.9167293959631024e-05,-1.602180925885932e-05,1.0,True
22500624,204,204,102.0,102.0,112.0,104.0,104.00002030588873,112.00000920140178,1.0,-2.030588872514727e-05,-9.201401780956076e-06,0.0,True
22500625,193,193,97.0,96.0,122.0,102.0,102.00001469884164,122.00003413821445,1.0,-1.4698841638960403e-05,-3.4138214445533777e-05,1.0,True
22500626,199,199,99.0,100.0,122.0,109.0,108.99992877559967,122.0000811054363,1.0,7.122440032958366e-05,-8.110543629413769e-05,1.0,True
22500627,189,189,94.0,95.0,124.0,97.0,96.99998412493223,124.00004614563964,1.0,1.587506777411818e-05,-4.61456396436688e-05,1.0,True
22500628,206,206,103.0,103.0,122.0,128.0,128.00003456067702,122.00002082044273,1.0,-3.456067702245491e-05,-2.08204427281089e-05,0.0,True
22500629,190,190,95.0,95.0,107.0,97.0,97.00006737176801,107.00003472321266,1.0,-6.7371768011526e-05,-3.472321266428935e-05,0.0,True
22500630,216,216,108.0,108.0,115.0,123.0,122.99997972806894,115.00013434751997,1.0,2.027193106357572e-05,-0.00013434751997465355,0.0,True
22500631,209,209,105.0,104.0,120.0,115.0,114.9999889836703,120.00001774996846,1.0,1.1016329693802618e-05,-1.774996846393151e-05,1.0,True
22500632,197,197,98.0,99.0,126.0,109.0,109.00003414391227,126.00005773790255,1.0,-3.414391227352098e-05,-5.773790255148015e-05,1.0,True
22500633,195,195,98.0,97.0,104.0,112.0,112.00006941549623,104.00004847438484,1.0,-6.941549622752063e-05,-4.847438484034683e-05,1.0,True
22500634,206,206,103.0,103.0,110.0,127.0,126.99997985828742,110.00012776243075,1.0,2.014171258224451e-05,-0.00012776243075052207,0.0,True
22500635,195,195,98.0,97.0,111.0,104.0,104.00005582435986,111.00006904231992,1.0,-5.582435986184464e-05,-6.904231992166387e-05,1.0,True
22500636,199,199,99.0,100.0,103.0,110.0,110.00003820439203,103.00006940534894,1.0,-3.820439202684156e-05,-6.940534893828953e-05,1.0,True
22500637,220,220,110.0,110.0,130.0,126.0,126.00003655413161,130.00001343132462,1.0,-3.655413161141041e-05,-1.34313246178408e-05,0.0,True
22500638,194,194,97.0,97.0,118.0,123.0,123.00007402697165,117.9999601672605,1.0,-7.402697164593519e-05,3.9832739503253833e-05,0.0,True
22500639,208,208,104.0,104.0,133.0,127.0,127.00002215986845,133.0000468311796,1.0,-2.2159868450444264e-05,-4.6831179588480154e-05,0.0,True
22500640,190,190,95.0,95.0,102.0,100.0,100.00006827767137,102.00015997918759,1.0,-6.827767137451701e-05,-0.0001599791875861456,0.0,True
22500641,201,201,100.0,101.0,117.0,114.0,114.00001518652607,117.00010217102168,1.0,-1.5186526070465334e-05,-0.00010217102168041947,1.0,True
22500642,194,194,97.0,97.0,110.0,98.0,98.0000062666014,110.00002845840059,1.0,-6.266601403126515e-06,-2.845840059251259e-05,0.0,True
22500643,192,192,96.0,96.0,112.0,109.0,108.99996859999213,112.00007905451483,1.0,3.140000787027475e-05,-7.905451482770331e-05,0.0,True
22500644,206,206,103.0,103.0,111.0,85.0,85.00000385935117,111.00004977168388,1.0,-3.859351167534442e-06,-4.977168387654274e-05,0.0,True
22500645,200,200,101.0,99.0,115.0,119.0,119.00009917188032,115.00005154947726,1.0,-9.917188032204649e-05,-5.154947726282444e-05,2.0,True
22500646,198,198,99.0,99.0,119.0,105.0,105.00004018431113,119.00003181349747,1.0,-4.01843111319522e-05,-3.1813497471944174e-05,0.0,True
22500647,182,182,91.0,91.0,111.0,114.0,114.00004753459811,111.00004709148399,1.0,-4.753459811013272e-05,-4.7091483992289795e-05,0.0,True
22500648,207,207,103.0,104.0,116.0,110.0,110.00005787556876,116.00006964212378,1.0,-5.7875568757026485e-05,-6.96421237762479e-05,1.0,True
22500649,221,221,110.0,111.0,147.0,116.0,116.00003849535331,147.00004844324795,1.0,-3.849535330857634e-05,-4.844324794817112e-05,1.0,True
22500650,199,199,100.0,99.0,116.0,139.0,139.00006581389442,116.00000542506905,1.0,-6.581389442317231e-05,-5.425069048214937e-06,1.0,True
22500651,215,215,107.0,108.0,118.0,125.0,125.0,118.0,1.0,0.0,0.0,1.0,True
22500652,218,218,108.0,110.0,99.0,123.0,123.0,99.0,1.0,0.0,0.0,2.0,True
22500653,193,193,97.0,96.0,103.0,101.0,101.00014435017101,103.00002555402794,1.0,-0.0001443501710127748,-2.5554027942575885e-05,1.0,True
22500654,189,189,95.0,94.0,104.0,95.0,95.00001394670787,104.00002433922008,1.0,-1.3946707866807628e-05,-2.433922007583078e-05,1.0,True
22500655,200,200,100.0,100.0,111.0,102.0,102.00006104808575,111.00013215601643,1.0,-6.10480857545781e-05,-0.00013215601643423724,0.0,True
22500656,203,203,102.0,101.0,89.0,126.0,126.00006221908656,89.00003738539083,1.0,-6.221908655845709e-05,-3.738539082576153e-05,1.0,True
22500657,200,200,100.0,100.0,93.0,130.0,130.00009034645126,93.00001094303164,1.0,-9.034645125893803e-05,-1.0943031639953915e-05,0.0,True
22500658,190,190,95.0,95.0,98.0,114.0,113.99997863809003,98.00005302576444,1.0,2.1361909972483772e-05,-5.3025764444214474e-05,0.0,True
22500659,220,220,109.0,111.0,116.0,132.0,132.00001127830978,116.00009932553749,1.0,-1.1278309784756857e-05,-9.932553749081308e-05,2.0,True
22500660,195,195,97.0,98.0,94.0,102.0,102.00002473781723,94.00007893439323,1.0,-2.47378172275603e-05,-7.893439322970153e-05,1.0,True
22500661,200,200,100.0,100.0,129.0,118.0,118.10145353429459,128.89867092664392,1.0,-0.10145353429459192,0.10132907335608365,0.0,True
22500662,196,196,98.0,98.0,99.0,108.0,108.00006043823717,99.00002857158665,1.0,-6.043823717050145e-05,-2.8571586653924896e-05,0.0,True
22500663,213,213,107.0,106.0,83.0,108.0,108.00000355780215,83.00002294332039,1.0,-3.5578021453375186e-06,-2.2943320388435495e-05,1.0,True
22500664,212,212,106.0,106.0,111.0,115.0,115.00006931727975,111.00003820643437,1.0,-6.931727975256763e-05,-3.8206434368248665e-05,0.0,True
22500665,190,190,95.0,95.0,87.0,103.0,102.99996710766823,87.0000534841157,1.0,3.2892331773837213e-05,-5.348411569627842e-05,0.0,True
22500666,197,197,99.0,98.0,122.0,139.0,138.99997643864538,122.00005737547677,1.0,2.3561354623780062e-05,-5.737547677142629e-05,1.0,True
22500667,191,191,96.0,95.0,95.0,104.0,103.99998261952362,95.00006274060182,1.0,1.7380476379003085e-05,-6.274060181965524e-05,1.0,True
22500668,188,188,94.0,94.0,109.0,107.0,107.00003373070817,109.00001429615945,1.0,-3.3730708167922785e-05,-1.4296159449145307e-05,0.0,True
22500669,178,178,89.0,89.0,102.0,106.0,106.00001565997286,102.00003921263377,1.0,-1.5659972859793925e-05,-3.9212633765828286e-05,0.0,True
22500670,188,188,94.0,94.0,115.0,103.0,103.0,115.0,1.0,0.0,0.0,0.0,True
22500671,194,194,96.0,98.0,99.0,129.0,129.0,99.0,1.0,0.0,0.0,2.0,True
22500672,193,193,97.0,96.0,110.0,113.0,113.00011020060956,109.99996953782482,1.0,-0.00011020060955502231,3.0462175175216544e-05,1.0,True
22500673,190,190,94.0,96.0,117.0,106.0,106.00006450851191,117.00006218994501,1.0,-6.450851191175389e-05,-6.218994501239195e-05,2.0,True
22500674,214,214,107.0,107.0,133.0,124.0,124.00000302867902,133.00007402280173,1.0,-3.0286790178024603e-06,-7.40228017264144e-05,0.0,True
22500675,199,199,100.0,99.0,119.0,92.0,92.00006022619722,119.00002196339523,1.0,-6.0226197220458744e-05,-2.196339522697599e-05,1.0,True
22500676,181,181,90.0,91.0,112.0,97.0,97.00000466057722,112.00004045704182,1.0,-4.660577218373874e-06,-4.045704181976362e-05,1.0,True
22500677,209,209,105.0,104.0,118.0,105.0,105.00001537662071,117.9999949144408,1.0,-1.5376620709162125e-05,5.085559195094902e-06,1.0,True
22500678,214,214,106.0,108.0,140.0,124.0,124.00022832162391,139.99993915945495,1.0,-0.0002283216239078456,6.084054504640335e-05,2.0,True
22500679,197,197,98.0,99.0,111.0,99.0,99.00005781265965,111.00001267126481,1.0,-5.7812659647993314e-05,-1.2671264812524896e-05,1.0,True
22500680,183,183,92.0,91.0,111.0,113.0,113.00006264059957,111.00001975580888,1.0,-6.264059956606616e-05,-1.9755808878585412e-05,1.0,True
22500681,201,201,101.0,100.0,99.0,109.0,109.00005682737954,99.00002786391555,1.0,-5.682737953804917e-05,-2.786391554820966e-05,1.0,True
22500682,180,180,91.0,89.0,104.0,86.0,86.00000554763159,104.00000411995714,1.0,-5.547631587887736e-06,-4.119957139891994e-06,2.0,True
22500683,202,202,101.0,101.0,123.0,121.0,121.00005256059177,123.00000516008281,1.0,-5.256059176872441e-05,-5.160082807265098e-06,0.0,True
22500684,175,175,87.0,88.0,103.0,107.0,107.0000296403292,103.00001129722578,1.0,-2.9640329202607063e-05,-1.1297225782413989e-05,1.0,True
22500685,190,190,95.0,95.0,96.0,114.0,114.00011488969022,95.99989351644108,1.0,-0.00011488969022366291,0.00010648355892328709,0.0,True
22500686,195,195,98.0,97.0,111.0,123.0,123.00003903322951,111.00002409192261,1.0,-3.9033229512597245e-05,-2.409192261154658e-05,1.0,True
22500687,204,204,102.0,102.0,120.0,130.0,130.0,120.0,1.0,0.0,0.0,0.0,True
22500688,208,208,104.0,104.0,142.0,111.0,111.0,142.0,1.0,0.0,0.0,0.0,True
22500689,179,179,89.0,90.0,93.0,112.0,112.0,93.0,1.0,0.0,0.0,1.0,True
22500690,199,199,99.0,100.0,97.0,127.0,127.0000407397657,97.00005424374663,1.0,-4.07397656942976e-05,-5.424374663220988e-05,1.0,True
22500691,199,199,99.0,100.0,106.0,114.0,114.00003337886072,106.00005089734145,1.0,-3.337886072074525e-05,-5.089734145258262e-05,1.0,True
22500692,227,227,113.0,114.0,125.0,118.0,118.00001835513538,125.00001884738711,1.0,-1.8355135381398213e-05,-1.8847387110554337e-05,1.0,True
22500693,207,207,103.0,104.0,113.0,126.0,126.00004744530955,113.00000137008571,1.0,-4.744530954781112e-05,-1.3700857124376853e-06,1.0,True
22500694,185,185,92.0,93.0,109.0,99.0,99.0,109.0,1.0,0.0,0.0,1.0,True
22500695,187,187,93.0,94.0,109.0,122.0,122.00000622342371,109.00004655744215,1.0,-6.223423710594034e-06,-4.655744214687729e-05,1.0,True
22500696,221,221,110.0,111.0,131.0,124.0,124.0000464132013,131.0000764597099,1.0,-4.641320130360782e-05,-7.645970990211026e-05,1.0,True
22500697,190,190,95.0,95.0,106.0,111.0,111.00002429024262,106.0000273740621,1.0,-2.4290242620850222e-05,-2.7374062099738694e-05,0.0,True
22500698,217,217,109.0,108.0,124.0,129.0,129.00004267432539,124.00001574579439,1.0,-4.267432538540561e-05,-1.57457943856798e-05,1.0,True
22500699,202,202,100.0,102.0,114.0,124.0,124.00000074462771,114.00004304673156,1.0,-7.446277123790424e-07,-4.304673156241279e-05,2.0,True
22500700,202,202,101.0,101.0,131.0,114.0,114.0,131.0,1.0,0.0,0.0,0.0,True
22500701,198,198,99.0,99.0,107.0,111.0,111.00005528048762,107.00001930150331,1.0,-5.528048761505033e-05,-1.9301503314750335e-05,0.0,True
22500704,198,198,98.0,100.0,77.0,130.0,129.79384464457738,77.20628223295033,1.0,0.20615535542262364,-0.2062822329503291,2.0,True
22500705,212,212,106.0,106.0,91.0,134.0,134.10888643480257,90.89116812471659,1.0,-0.10888643480257088,0.10883187528341409,0.0,True
22500706,207,207,103.0,104.0,100.0,107.0,107.1785858007415,99.82144077353838,1.0,-0.17858580074150154,0.1785592264616156,1.0,True
22500707,195,195,97.0,98.0,112.0,116.0,115.9740423926729,112.02600349673142,1.0,0.025957607327100618,-0.026003496731419773,1.0,True
22500712,193,193,97.0,96.0,95.0,102.0,102.00007083900809,95.00000856719218,1.0,-7.083900808879662e-05,-8.567192182340477e-06,1.0,True
22500713,195,195,98.0,97.0,118.0,114.0,114.0000602764559,118.00000466865285,1.0,-6.0276455897678716e-05,-4.668652849204591e-06,1.0,True
22500714,198,198,99.0,99.0,128.0,137.0,136.99996804421443,128.00007010432623,1.0,3.195578557324552e-05,-7.010432622678309e-05,0.0,True
22500715,188,188,95.0,93.0,128.0,113.0,113.0000861678525,127.99995377558011,1.0,-8.616785250126213e-05,4.622441988999526e-05,2.0,True
22500716,199,199,99.0,100.0,121.0,124.0,123.99996563754813,121.00006073594635,1.0,3.436245187060649e-05,-6.0735946348700054e-05,1.0,True
22500717,207,207,103.0,104.0,131.0,122.0,122.00002636340486,131.00000244729037,1.0,-2.6363404856510897e-05,-2.447290370355404e-06,1.0,True
22500718,201,201,100.0,101.0,132.0,101.0,101.00011954534516,131.9999060916599,1.0,-0.0001195453451572348,9.390834009082027e-05,1.0,True
22500719,205,205,102.0,103.0,125.0,109.0,109.0000673988582,124.99997952461611,1.0,-6.739885820650215e-05,2.0475383891493948e-05,1.0,True
22500720,213,213,106.0,107.0,127.0,115.0,115.0,127.0,1.0,0.0,0.0,1.0,True
22500721,189,189,95.0,94.0,110.0,100.0,100.00002624105326,110.00008132562549,1.0,-2.624105326276549e-05,-8.132562548723854e-05,1.0,True
22500722,200,200,100.0,100.0,115.0,131.0,131.00007233033253,114.99998302490185,1.0,-7.233033252873611e-05,1.6975098148463985e-05,0.0,True
22500723,193,193,96.0,97.0,92.0,128.0,127.9999912676234,92.00003795485335,1.0,8.732376599596137e-06,-3.795485335444937e-05,1.0,True
22500724,180,180,90.0,90.0,113.0,94.0,93.99998851441636,113.00003514648445,1.0,1.1485583641501762e-05,-3.514648444991053e-05,0.0,True
22500725,195,195,97.0,98.0,130.0,125.0,125.00002867613821,130.00001524432054,1.0,-2.86761382142231e-05,-1.5244320536567102e-05,1.0,True
22500726,221,221,111.0,110.0,127.0,134.0,134.00003667614263,127.00007855031518,1.0,-3.6676142627811714e-05,-7.855031518033684e-05,1.0,True
22500727,205,205,102.0,103.0,128.0,126.0,126.00017064366564,127.99993202977332,1.0,-0.00017064366564056854,6.797022668081354e-05,1.0,True
22500728,178,178,89.0,89.0,114.0,93.0,93.00009409064884,113.999985741891,1.0,-9.409064884380314e-05,1.4258109004572361e-05,0.0,True
22500729,211,211,105.0,106.0,137.0,141.0,141.00005013217915,137.00001250503598,1.0,-5.01321791546161e-05,-1.2505035982712798e-05,1.0,True
22500730,209,209,105.0,104.0,106.0,116.0,116.00003587602689,106.00000595541984,1.0,-3.5876026885262036e-05,-5.9554198372779865e-06,1.0,True
22500731,205,205,103.0,102.0,129.0,125.0,125.00001239153801,128.9999960081475,1.0,-1.2391538007250347e-05,3.9918525089888135e-06,1.0,True
22500732,196,196,98.0,98.0,124.0,91.0,91.0,124.0,1.0,0.0,0.0,0.0,True
22500733,203,203,102.0,101.0,126.0,117.0,117.00000010911492,126.00001326667204,1.0,-1.0911492154264124e-07,-1.3266672041822858e-05,1.0,True
22500734,194,194,97.0,97.0,98.0,118.0,118.0000941053717,97.9999754289108,1.0,-9.410537170140287e-05,2.4571089198843765e-05,0.0,True
22500735,197,197,99.0,98.0,119.0,121.0,121.00003163411435,119.00002301005586,1.0,-3.1634114350254094e-05,-2.3010055855365863e-05,1.0,True
22500736,188,188,95.0,93.0,107.0,123.0,123.0000248326574,107.00001068203889,1.0,-2.483265740238494e-05,-1.0682038890763579e-05,2.0,True
22500737,191,191,96.0,95.0,109.0,99.0,99.00002157376998,109.00004541101531,1.0,-2.1573769984684077e-05,-4.541101530719516e-05,1.0,True
22500738,212,212,106.0,106.0,135.0,123.0,123.0,135.0,1.0,0.0,0.0,0.0,True
22500739,179,179,90.0,89.0,101.0,97.0,96.99999462330877,101.00002078546864,1.0,5.3766912344599405e-06,-2.0785468635153848e-05,1.0,True
22500740,207,207,103.0,104.0,115.0,119.0,119.00001060439912,115.0000584967545,1.0,-1.0604399122371433e-05,-5.849675450519953e-05,1.0,True
22500741,185,185,93.0,92.0,96.0,98.0,98.00001697849345,96.00002615648884,1.0,-1.6978493448505105e-05,-2.6156488843298575e-05,1.0,True
22500742,186,186,93.0,93.0,80.0,118.0,118.00002592059437,80.00000141087737,1.0,-2.5920594367789818e-05,-1.4108773740417746e-06,0.0,True
22500743,184,184,92.0,92.0,99.0,105.0,105.00000949662177,99.00002829551305,1.0,-9.496621771631908e-06,-2.829551304728284e-05,0.0,True
22500744,193,193,96.0,97.0,119.0,115.0,115.00003106869951,119.00003326089066,1.0,-3.1068699513525644e-05,-3.32608906603582e-05,1.0,True
22500745,207,207,104.0,103.0,115.0,135.0,135.0,115.0,1.0,0.0,0.0,1.0,True
22500746,194,194,97.0,97.0,114.0,111.0,110.99998129658402,114.00008489643686,1.0,1.8703415975096505e-05,-8.489643686004911e-05,0.0,True
22500747,197,197,99.0,98.0,113.0,127.0,127.0,113.0,1.0,0.0,0.0,1.0,True
22500748,191,191,96.0,95.0,112.0,106.0,106.00002652278901,112.00006185527428,1.0,-2.6522789013938564e-05,-6.18552742821521e-05,1.0,True
22500749,218,218,109.0,109.0,125.0,138.0,138.00006149769084,125.00000108549125,1.0,-6.149769083663159e-05,-1.085491248886683e-06,0.0,True
22500750,229,229,115.0,114.0,117.0,120.0,119.99998620349821,117.00005769216685,1.0,1.3796501789897775e-05,-5.769216684825551e-05,1.0,True
22500751,192,192,97.0,95.0,126.0,119.0,119.00003693130687,126.00005648930104,1.0,-3.6931306865994884e-05,-5.6489301044848617e-05,2.0,True
22500752,200,200,100.0,100.0,136.0,120.0,119.9999974509966,136.0000634960309,1.0,2.5490033976893756e-06,-6.34960308900645e-05,0.0,True
22500753,192,192,96.0,96.0,99.0,105.0,105.00000139483822,99.00003901934484,1.0,-1.3948382218131883e-06,-3.901934483963032e-05,0.0,True
22500754,192,192,96.0,96.0,109.0,103.0,103.00010915017985,109.00003855681611,1.0,-0.0001091501798526906,-3.855681610787087e-05,0.0,True
22500755,205,205,103.0,102.0,115.0,122.0,122.00005895873262,115.00008782986309,1.0,-5.8958732623182186e-05,-8.782986309086027e-05,1.0,True
22500756,205,205,103.0,102.0,132.0,126.0,126.0,132.0,1.0,0.0,0.0,1.0,True
22500757,185,185,92.0,93.0,111.0,89.0,89.0,111.0,1.0,0.0,0.0,1.0,True
22500758,211,211,105.0,106.0,132.0,101.0,101.0,132.0,1.0,0.0,0.0,1.0,True
22500759,206,206,102.0,104.0,104.0,122.0,122.00006344664861,103.99999025348518,1.0,-6.344664861046567e-05,9.746514820108132e-06,2.0,True
22500760,193,193,96.0,97.0,115.0,96.0,96.00002421757932,114.99998610115995,1.0,-2.4217579323249083e-05,1.3898840052206651e-05,1.0,True
22500761,186,186,92.0,94.0,110.0,104.0,104.00006097768058,110.00013533316852,1.0,-6.097768057600206e-05,-0.00013533316851521704,2.0,True
22500762,213,213,107.0,106.0,115.0,123.0,123.00001181877322,115.00000558466617,1.0,-1.181877321698721e-05,-5.584666169511365e-06,1.0,True
22500763,205,205,103.0,102.0,115.0,111.0,111.00005474317862,115.00005958993816,1.0,-5.474317862308453e-05,-5.958993816079783e-05,1.0,True
22500764,196,196,98.0,98.0,99.0,118.0,118.00005370124958,99.00001826881628,1.0,-5.3701249584037214e-05,-1.826881627664534e-05,0.0,True
22500765,216,216,109.0,107.0,116.0,138.0,137.99999658911014,116.00001511737005,1.0,3.4108898603335547e-06,-1.5117370054440471e-05,2.0,True
22500766,196,196,99.0,97.0,94.0,120.0,120.0,94.0,1.0,0.0,0.0,2.0,True
22500767,198,198,98.0,100.0,119.0,117.0,116.99999611490007,119.00004480259506,1.0,3.885099928879754e-06,-4.480259505612594e-05,2.0,True
22500768,201,201,101.0,100.0,113.0,114.0,114.00003107521486,113.00004361822084,1.0,-3.1075214863562906e-05,-4.3618220843200106e-05,1.0,True
22500769,196,196,98.0,98.0,119.0,110.0,110.0,119.0,1.0,0.0,0.0,0.0,True
22500770,203,203,102.0,101.0,118.0,135.0,134.99998930577877,118.0001021017809,1.0,1.0694221231233314e-05,-0.00010210178089664623,1.0,True
22500771,223,223,111.0,112.0,137.0,134.0,133.9999893649367,137.000116739961,1.0,1.0635063290465041e-05,-0.00011673996098693351,1.0,True
22500772,185,185,93.0,92.0,95.0,102.0,101.99999159240568,95.00005898313984,1.0,8.407594322079603e-06,-5.898313983720982e-05,1.0,True
22500773,206,206,103.0,103.0,111.0,120.0,120.00002322820886,110.99999466581346,1.0,-2.32282088603597e-05,5.334186539585062e-06,0.0,True
22500774,211,211,106.0,105.0,136.0,108.0,108.0,136.0,1.0,0.0,0.0,1.0,True
22500775,197,197,98.0,99.0,107.0,110.0,110.00000511388816,107.00011020561779,1.0,-5.1138881644874346e-06,-0.0001102056177870736,1.0,True
22500776,210,210,105.0,105.0,113.0,138.0,138.0,113.0,1.0,0.0,0.0,0.0,True
22500777,184,184,92.0,92.0,116.0,108.0,107.99993696327974,116.00010428362452,1.0,6.303672026319873e-05,-0.00010428362452330475,0.0,True
22500778,193,193,96.0,97.0,105.0,124.0,124.00008706802788,104.99999558265807,1.0,-8.706802788083223e-05,4.417341926910012e-06,1.0,True
22500779,204,204,102.0,102.0,115.0,110.0,110.00002523207542,115.00000869420465,1.0,-2.523207541571537e-05,-8.694204652215376e-06,0.0,True
22500780,206,206,103.0,103.0,138.0,89.0,88.9999881372675,138.00002412976175,1.0,1.1862732506529028e-05,-2.4129761754920764e-05,0.0,True
22500781,185,185,93.0,92.0,113.0,95.0,95.00007638582149,113.00005416764007,1.0,-7.638582148672413e-05,-5.4167640072932954e-05,1.0,True
22500782,185,185,93.0,92.0,105.0,102.0,102.00011776440498,104.99997750172349,1.0,-0.00011776440497612839,2.249827650757652e-05,1.0,True
22500783,215,215,108.0,107.0,109.0,133.0,133.0000538444578,109.0000557389015,1.0,-5.3844457795548806e-05,-5.573890149435101e-05,1.0,True
22500784,205,205,103.0,102.0,123.0,111.0,110.99998331866172,123.00001668133828,1.0,1.6681338280477576e-05,-1.6681338280477576e-05,1.0,True
22500785,190,190,95.0,95.0,136.0,109.0,109.00007223005349,135.99995340948945,1.0,-7.223005349032974e-05,4.659051055000418e-05,0.0,True
22500786,201,201,100.0,101.0,93.0,121.0,121.0,93.0,1.0,0.0,0.0,1.0,True
22500787,197,197,99.0,98.0,116.0,122.0,122.00002742928298,116.00013978964532,1.0,-2.742928298005154e-05,-0.00013978964531702331,1.0,True
22500788,194,194,97.0,97.0,126.0,113.0,113.00007024820931,126.00007129308526,1.0,-7.02482093117851e-05,-7.129308525577471e-05,0.0,True
22500789,185,185,93.0,92.0,110.0,93.0,93.0001201873728,109.9999323181648,1.0,-0.00012018737280072855,6.768183520478033e-05,1.0,True
22500790,209,209,104.0,105.0,135.0,119.0,118.99981600325147,135.00021582081231,1.0,0.00018399674853242232,-0.00021582081231485972,1.0,True
22500791,200,200,100.0,100.0,104.0,124.0,124.0,104.0,1.0,0.0,0.0,0.0,True
22500792,187,187,93.0,94.0,105.0,101.0,101.00011756899384,104.99997555358732,1.0,-0.00011756899384351982,2.4446412680845242e-05,1.0,True
22500793,194,194,97.0,97.0,84.0,112.0,112.0,84.0,1.0,0.0,0.0,0.0,True
22500794,208,208,104.0,104.0,117.0,107.0,107.00011917777779,117.00001907425207,1.0,-0.00011917777779046901,-1.9074252065820474e-05,0.0,True
22500795,216,216,107.0,109.0,105.0,112.0,112.00004428541004,105.00002018196713,1.0,-4.428541004131148e-05,-2.0181967130383782e-05,2.0,True
22500796,201,201,101.0,100.0,126.0,111.0,111.00002595792235,126.00010575343426,1.0,-2.5957922346719897e-05,-0.00010575343425500705,1.0,True
22500797,210,210,105.0,105.0,110.0,101.0,101.00004061924142,110.000010533003,1.0,-4.0619241417516605e-05,-1.0533003006685249e-05,0.0,True
22500798,193,193,96.0,97.0,94.0,121.0,121.00003848185979,94.00003412945483,1.0,-3.848185978938545e-05,-3.412945483205476e-05,1.0,True
22500799,196,196,97.0,99.0,121.0,110.0,110.0,121.0,1.0,0.0,0.0,2.0,True
22500800,202,202,101.0,101.0,131.0,94.0,94.0,131.0,1.0,0.0,0.0,0.0,True
22500801,213,213,106.0,107.0,114.0,115.0,115.00005293948907,113.99999544632654,1.0,-5.293948906626156e-05,4.553673463192354e-06,1.0,True
22500802,183,183,91.0,92.0,118.0,113.0,112.99994639252904,118.00021464349041,1.0,5.36074709600598e-05,-0.00021464349040911657,1.0,True
22500803,221,221,111.0,110.0,118.0,131.0,131.0,118.0,1.0,0.0,0.0,1.0,True
22500804,221,221,110.0,111.0,114.0,123.0,123.0000235307314,114.0000107337691,1.0,-2.3530731397158888e-05,-1.073376910198931e-05,1.0,True
22500805,204,204,101.0,103.0,128.0,97.0,97.0,128.0,1.0,0.0,0.0,2.0,True
22500806,210,210,104.0,106.0,111.0,122.0,122.0,111.0,1.0,0.0,0.0,2.0,True
22500807,207,207,103.0,104.0,139.0,118.0,118.00001130276841,139.00001392051405,1.0,-1.130276841365685e-05,-1.3920514049914345e-05,1.0,True
22500808,200,200,100.0,100.0,86.0,105.0,105.00005615695389,86.0000640921189,1.0,-5.6156953888830685e-05,-6.409211890456845e-05,0.0,True
22500809,196,196,98.0,98.0,122.0,125.0,125.00005516874154,121.99998606875786,1.0,-5.516874153954632e-05,1.3931242136777655e-05,0.0,True
22500810,220,220,110.0,110.0,157.0,103.0,103.00003198360821,157.0000589640019,1.0,-3.198360820988455e-05,-5.89640019086346e-05,0.0,True
22500811,218,218,107.0,111.0,110.0,113.0,113.00004670013271,110.00001811856035,1.0,-4.670013271379503e-05,-1.8118560348057144e-05,4.0,True
22500812,204,204,102.0,102.0,111.0,126.0,126.00004602537238,111.00003417499053,1.0,-4.602537238440618e-05,-3.4174990531710137e-05,0.0,True
22500813,215,215,108.0,107.0,120.0,136.0,136.0,120.0,1.0,0.0,0.0,1.0,True
22500814,210,210,104.0,106.0,126.0,110.0,110.00006759569054,126.00013017604654,1.0,-6.759569053826908e-05,-0.00013017604653953185,2.0,True
22500815,218,218,109.0,109.0,122.0,139.0,139.0,122.0,1.0,0.0,0.0,0.0,True
22500816,191,191,96.0,95.0,106.0,108.0,108.00004131750823,106.00009572813092,1.0,-4.131750823432867e-05,-9.57281309155178e-05,1.0,True
22500817,199,199,100.0,99.0,113.0,121.0,121.00004577725609,113.0000483922771,1.0,-4.577725609067329e-05,-4.8392277093967095e-05,1.0,True
22500818,191,191,96.0,95.0,104.0,115.0,115.00007416667209,104.00003666621244,1.0,-7.416667209270145e-05,-3.66662124378081e-05,1.0,True
22500819,189,189,94.0,95.0,122.0,94.0,94.0000212103335,122.00005042688635,1.0,-2.1210333500221168e-05,-5.042688634659953e-05,1.0,True
22500820,209,209,104.0,105.0,117.0,128.0,128.00003089500012,117.00002681235391,1.0,-3.089500012265489e-05,-2.681235390866732e-05,1.0,True
22500821,216,216,108.0,108.0,134.0,130.0,130.00004330265108,134.0000115692454,1.0,-4.330265107910236e-05,-1.1569245401688022e-05,0.0,True
22500822,186,186,93.0,93.0,129.0,112.0,112.0,129.0,1.0,0.0,0.0,0.0,True
22500823,191,191,96.0,95.0,111.0,89.0,89.0000444524885,111.0000064185958,1.0,-4.4452488495494435e-05,-6.418595802415439e-06,1.0,True
22500824,203,203,101.0,102.0,135.0,108.0,108.0,135.0,1.0,0.0,0.0,1.0,True
22500825,195,195,98.0,97.0,105.0,99.0,99.00005999907505,105.00002323303006,1.0,-5.999907504872226e-05,-2.323303006335209e-05,1.0,True
22500826,187,187,93.0,94.0,92.0,77.0,77.00005410687879,92.00001015245104,1.0,-5.410687879248144e-05,-1.0152451039857624e-05,1.0,True
22500827,187,187,93.0,94.0,111.0,109.0,109.00005207922456,111.00006818606848,1.0,-5.20792245595203e-05,-6.818606847502906e-05,1.0,True
22500828,205,205,102.0,103.0,114.0,103.0,103.00003497713075,114.00007667843629,1.0,-3.497713075262254e-05,-7.667843628667015e-05,1.0,True
22500829,202,202,101.0,101.0,123.0,114.0,114.00004406115526,123.0000128640953,1.0,-4.406115526478516e-05,-1.2864095296549749e-05,0.0,True
22500830,214,214,107.0,107.0,105.0,125.0,124.99996896633014,105.0000872285355,1.0,3.1033669856128654e-05,-8.722853550580112e-05,0.0,True
22500831,218,218,108.0,110.0,135.0,114.0,114.00002070384966,135.00003876232347,1.0,-2.070384965691119e-05,-3.876232347010955e-05,2.0,True
22500832,210,210,105.0,105.0,98.0,119.0,119.00010336474895,97.99996669475728,1.0,-0.00010336474895211722,3.330524272371349e-05,0.0,True
22500833,198,198,99.0,99.0,123.0,114.0,114.00000072578142,123.00006593696251,1.0,-7.257814189642886e-07,-6.593696251400161e-05,0.0,True
22500834,199,199,100.0,99.0,116.0,107.0,107.00004013513579,116.00004941356823,1.0,-4.013513579081973e-05,-4.941356823451315e-05,1.0,True
22500835,188,188,94.0,94.0,94.0,109.0,109.00006237641898,94.00004863016076,1.0,-6.237641898110269e-05,-4.863016076228632e-05,0.0,True
22500836,198,198,100.0,98.0,131.0,99.0,99.00006474339445,131.00003931525967,1.0,-6.474339444650923e-05,-3.931525967004745e-05,2.0,True
22500837,210,210,105.0,105.0,117.0,128.0,127.99998869239657,117.00002303126224,1.0,1.1307603429600022e-05,-2.3031262244899153e-05,0.0,True
22500838,211,211,106.0,105.0,109.0,113.0,113.0,109.0,1.0,0.0,0.0,1.0,True
22500839,166,166,84.0,82.0,97.0,81.0,81.00010516131579,97.00011645556461,1.0,-0.00010516131578697241,-0.00011645556460848638,2.0,True
22500840,196,196,98.0,98.0,110.0,109.0,109.0000289929034,110.00000679007631,1.0,-2.899290339541949e-05,-6.7900763127681785e-06,0.0,True
22500841,199,199,99.0,100.0,124.0,121.0,121.00004017311868,124.00002248661829,1.0,-4.017311867698936e-05,-2.248661829185039e-05,1.0,True
22500842,199,199,100.0,99.0,116.0,124.0,124.000091083082,115.99997139267253,1.0,-9.10830819975672e-05,2.86073274651244e-05,1.0,True
22500843,205,205,102.0,103.0,110.0,107.0,106.99997555544473,110.00009341614559,1.0,2.4444555265290546e-05,-9.341614558877609e-05,1.0,True
22500844,196,196,98.0,98.0,133.0,112.0,112.00001023397162,133.00002070464407,1.0,-1.0233971622142235e-05,-2.0704644072111478e-05,0.0,True
22500845,192,192,96.0,96.0,97.0,128.0,128.0,97.0,1.0,0.0,0.0,0.0,True
22500846,188,188,94.0,94.0,116.0,118.0,118.00003397518398,116.00001996457442,1.0,-3.3975183981738155e-05,-1.9964574420328063e-05,0.0,True
22500847,186,186,93.0,93.0,84.0,103.0,103.00004876879095,84.0000778503978,1.0,-4.876879094695141e-05,-7.785039780117131e-05,0.0,True
22500848,196,196,98.0,98.0,133.0,109.0,109.0000639391157,133.00001379378827,1.0,-6.3939115705125e-05,-1.3793788269822471e-05,0.0,True
22500849,208,208,104.0,104.0,117.0,124.0,124.00005168746813,117.00000350497237,1.0,-5.16874681295576e-05,-3.5049723692281987e-06,0.0,True
22500850,213,213,106.0,107.0,96.0,126.0,126.0000265169134,96.00002710971313,1.0,-2.6516913393948016e-05,-2.7109713130357704e-05,1.0,True
22500851,194,194,97.0,97.0,126.0,110.0,110.0,126.0,1.0,0.0,0.0,0.0,True
22500852,180,180,90.0,90.0,113.0,108.0,108.00009097619925,113.00002086865554,1.0,-9.097619924602895e-05,-2.08686555396298e-05,0.0,True
22500853,208,208,104.0,104.0,121.0,112.0,112.00004207996147,121.00002865170785,1.0,-4.2079961474428274e-05,-2.8651707850713137e-05,0.0,True
22500854,204,204,102.0,102.0,130.0,121.0,121.0000632597269,130.0000540203416,1.0,-6.325972690035542e-05,-5.402034159374125e-05,0.0,True
22500855,179,179,90.0,89.0,110.0,113.0,113.00004259383155,110.00005565689534,1.0,-4.2593831551585026e-05,-5.565689534137164e-05,1.0,True
22500856,202,202,101.0,101.0,129.0,118.0,118.00000736435224,129.00009265744876,1.0,-7.364352242689165e-06,-9.265744876074677e-05,0.0,True
22500857,189,189,94.0,95.0,94.0,88.0,88.0000251583168,94.00003922828715,1.0,-2.5158316802276204e-05,-3.9228287150194774e-05,1.0,True
22500858,214,214,108.0,106.0,119.0,122.0,122.0000485964493,119.00007652789321,1.0,-4.8596449303772715e-05,-7.652789321355158e-05,2.0,True
22500859,184,184,92.0,92.0,111.0,148.0,148.0,111.0,1.0,0.0,0.0,0.0,True
22500860,197,197,98.0,99.0,127.0,98.0,97.99999442369622,127.00003587942305,1.0,5.57630377784335e-06,-3.5879423052165293e-05,1.0,True
22500861,205,205,102.0,103.0,124.0,105.0,105.0,124.0,1.0,0.0,0.0,1.0,True
22500862,229,229,115.0,114.0,121.0,127.0,127.00004551642152,121.0000673380967,1.0,-4.551642152250679e-05,-6.733809669867696e-05,1.0,True
22500863,192,192,96.0,96.0,93.0,109.0,109.00004202945375,93.00004141258924,1.0,-4.202945375197942e-05,-4.141258924050817e-05,0.0,True
22500864,196,196,98.0,98.0,105.0,115.0,115.00011046139083,104.99992892241626,1.0,-0.00011046139083248363,7.107758374047535e-05,0.0,True
22500865,193,193,96.0,97.0,134.0,125.0,124.99998589823645,134.000029803684,1.0,1.4101763554208446e-05,-2.9803683986528995e-05,1.0,True
22500866,192,192,96.0,96.0,129.0,101.0,101.00005908304017,128.99997198808452,1.0,-5.9083040170548884e-05,2.8011915475190108e-05,0.0,True
22500867,202,202,101.0,101.0,115.0,105.0,105.0,115.0,1.0,0.0,0.0,0.0,True
22500868,198,198,99.0,99.0,89.0,114.0,114.0000461277087,89.00004506500733,1.0,-4.612770869982796e-05,-4.5065007327593776e-05,0.0,True
22500869,192,192,95.0,97.0,106.0,102.0,102.00004376302404,105.99998361083986,1.0,-4.376302403841237e-05,1.6389160137464387e-05,2.0,True
22500870,209,209,105.0,104.0,97.0,120.0,120.00000786191644,97.00002683991745,1.0,-7.861916444085182e-06,-2.683991745300318e-05,1.0,True
22500871,200,200,100.0,100.0,117.0,108.0,108.00001355036424,116.99999754416481,1.0,-1.3550364243997137e-05,2.4558351867653982e-06,0.0,True
22500872,193,193,96.0,97.0,125.0,106.0,106.00000150653942,125.00001359901314,1.0,-1.5065394194380133e-06,-1.359901314401668e-05,1.0,True
22500873,208,208,104.0,104.0,101.0,135.0,135.0,101.0,1.0,0.0,0.0,0.0,True
22500874,180,180,90.0,90.0,98.0,114.0,113.9999639421746,98.00007095921424,1.0,3.605782539750635e-05,-7.095921424138396e-05,0.0,True
22500875,204,204,103.0,101.0,106.0,92.0,91.99998933149833,106.00002754448333,1.0,1.0668501673194442e-05,-2.7544483330643743e-05,2.0,True
22500876,198,198,99.0,99.0,100.0,87.0,87.00000299953675,100.00003237899726,1.0,-2.999536746983722e-06,-3.237899726116211e-05,0.0,True
22500877,199,199,100.0,99.0,117.0,137.0,137.0000071037014,117.00003222688589,1.0,-7.103701392452422e-06,-3.222688589232803e-05,1.0,True
22500878,200,200,100.0,100.0,104.0,128.0,128.00005086060287,103.99997514617142,1.0,-5.0860602868851856e-05,2.4853828577420245e-05,0.0,True
22500879,205,205,102.0,103.0,123.0,118.0,118.00001637868152,123.00004971277586,1.0,-1.6378681522155603e-05,-4.971277586207634e-05,1.0,True
22500880,179,179,90.0,89.0,108.0,81.0,81.00002896062983,108.00004535330754,1.0,-2.896062983381853e-05,-4.5353307541518006e-05,1.0,True
22500881,199,199,100.0,99.0,128.0,125.0,125.00012938662148,128.0000378759305,1.0,-0.00012938662148087587,-3.787593050219584e-05,1.0,True
22500882,190,190,95.0,95.0,114.0,101.0,101.0,114.0,1.0,0.0,0.0,0.0,True
22500883,194,194,97.0,97.0,90.0,117.0,117.00012741329796,90.0000653361742,1.0,-0.00012741329796028822,-6.533617420245719e-05,0.0,True
22500884,189,189,95.0,94.0,109.0,113.0,113.00000358840686,109.00005447830893,1.0,-3.5884068552149984e-06,-5.447830892535421e-05,1.0,True
22500885,199,199,99.0,100.0,109.0,126.0,126.0,109.0,1.0,0.0,0.0,1.0,True
22500886,200,200,100.0,100.0,98.0,124.0,124.0000198761639,98.00002145457326,1.0,-1.9876163904086752e-05,-2.1454573257528864e-05,0.0,True
22500887,186,186,93.0,93.0,111.0,95.0,95.0000243238085,111.00008123294609,1.0,-2.4323808503368127e-05,-8.12329460870842e-05,0.0,True
22500888,211,211,105.0,106.0,131.0,91.0,91.0,131.0,1.0,0.0,0.0,1.0,True
22500889,210,210,104.0,106.0,116.0,108.0,108.0000266576784,116.00004070453987,1.0,-2.6657678404262697e-05,-4.0704539870262124e-05,2.0,True
22500890,208,208,104.0,104.0,110.0,117.0,117.00002831494196,110.00002795591563,1.0,-2.8314941957319206e-05,-2.795591562687605e-05,0.0,True
22500891,204,204,102.0,102.0,101.0,110.0,110.0000137585605,101.00004556176519,1.0,-1.3758560498899897e-05,-4.55617651908824e-05,0.0,True
22500892,198,198,99.0,99.0,114.0,103.0,103.0,114.0,1.0,0.0,0.0,0.0,True
22500893,195,195,97.0,98.0,103.0,100.0,100.00005657739239,103.00001228486394,1.0,-5.6577392385293024e-05,-1.2284863942113589e-05,1.0,True
22500894,181,181,90.0,91.0,118.0,89.0,89.00011351514964,117.99998518454831,1.0,-0.00011351514963564568,1.48154516921295e-05,1.0,True
22500895,187,187,93.0,94.0,102.0,106.0,106.00006262981522,101.99997950527988,1.0,-6.262981521842903e-05,2.0494720118335863e-05,1.0,True
22500896,200,200,100.0,100.0,122.0,114.0,114.00001331701527,122.00002604240218,1.0,-1.3317015273628385e-05,-2.6042402183179547e-05,0.0,True
22500897,195,195,98.0,97.0,131.0,113.0,113.0,131.0,1.0,0.0,0.0,1.0,True
22500898,205,205,102.0,103.0,107.0,130.0,130.00008407815517,107.00007501235862,1.0,-8.407815516875417e-05,-7.501235862150679e-05,1.0,True
22500899,196,196,98.0,98.0,114.0,115.0,115.00014139260522,113.99997944428307,1.0,-0.00014139260521517372,2.055571692949343e-05,0.0,True
22500900,186,186,93.0,93.0,122.0,112.0,112.00002791332746,122.00004051575017,1.0,-2.7913327457440573e-05,-4.0515750171721265e-05,0.0,True
22500901,204,204,102.0,102.0,110.0,126.0,126.00009302952493,110.00005365374425,1.0,-9.302952493328576e-05,-5.365374424570746e-05,0.0,True
22500902,196,196,98.0,98.0,115.0,113.0,113.00004789765077,115.00002600936585,1.0,-4.7897650773620626e-05,-2.600936585395175e-05,0.0,True
22500903,190,190,95.0,95.0,107.0,115.0,115.00003587559804,107.00004196175165,1.0,-3.5875598044299295e-05,-4.196175164850047e-05,0.0,True
22500904,189,189,94.0,95.0,106.0,121.0,121.00000388735165,106.000043946065,1.0,-3.887351653020232e-06,-4.394606500568443e-05,1.0,True
22500905,204,204,102.0,102.0,105.0,103.0,103.00004269609744,105.00002201747816,1.0,-4.269609743801084e-05,-2.201747815888666e-05,0.0,True
22500906,196,196,97.0,99.0,113.0,120.0,120.00007633200788,113.00008474021737,1.0,-7.633200787893202e-05,-8.474021737470139e-05,2.0,True
22500907,211,211,105.0,106.0,133.0,123.0,123.00008945237471,132.99998670635497,1.0,-8.945237470925349e-05,1.329364502566932e-05,1.0,True
22500908,201,201,100.0,101.0,100.0,120.0,120.0,100.0,1.0,0.0,0.0,1.0,True
22500909,200,200,100.0,100.0,128.0,120.0,120.00005456242161,128.00007845061887,1.0,-5.456242161017144e-05,-7.845061887223892e-05,0.0,True
22500910,199,199,100.0,99.0,99.0,106.0,106.0000541930292,99.00007766880998,1.0,-5.419302920017799e-05,-7.7668809979059e-05,1.0,True
22500911,199,199,100.0,99.0,142.0,103.0,103.0,142.0,1.0,0.0,0.0,1.0,True
22500912,190,190,95.0,95.0,116.0,118.0,117.99998102709654,116.00005608645144,1.0,1.897290346164482e-05,-5.608645143695412e-05,0.0,True
22500913,194,194,97.0,97.0,112.0,116.0,116.00000551882992,112.00001424262976,1.0,-5.5188299228348114e-06,-1.4242629760019554e-05,0.0,True
22500914,202,202,102.0,100.0,117.0,128.0,128.0000914060102,117.0000589896674,1.0,-9.14060101990799e-05,-5.898966739437128e-05,2.0,True
22500915,202,202,101.0,101.0,119.0,92.0,92.0,119.0,1.0,0.0,0.0,0.0,True
22500916,195,195,98.0,97.0,107.0,105.0,105.0,107.0,1.0,0.0,0.0,1.0,True
22500917,204,204,102.0,102.0,116.0,125.0,125.0,116.0,1.0,0.0,0.0,0.0,True
22500918,194,194,96.0,98.0,123.0,120.0,120.0,123.0,1.0,0.0,0.0,2.0,True
22500919,196,196,98.0,98.0,99.0,113.0,113.0,99.0,1.0,0.0,0.0,0.0,True
22500920,186,186,93.0,93.0,97.0,104.0,104.00006584994246,97.00002573684218,1.0,-6.58499424588399e-05,-2.5736842175660968e-05,0.0,True
22500936,202,202,101.0,101.0,129.0,139.0,139.0,129.0,1.0,0.0,0.0,0.0,True
22500937,188,188,94.0,94.0,138.0,100.0,100.00001880284816,137.99999177225783,1.0,-1.8802848160248686e-05,8.227742171129648e-06,0.0,True
22500938,236,236,118.0,118.0,129.0,150.0,150.0000203434875,129.0000160789941,1.0,-2.0343487506124802e-05,-1.607899409350466e-05,0.0,True
22500939,198,198,99.0,99.0,112.0,124.0,124.00003045903387,112.00003281722542,1.0,-3.045903386578175e-05,-3.281722541714771e-05,0.0,True
22500940,189,189,95.0,94.0,99.0,113.0,113.00002800984362,99.00001682740962,1.0,-2.800984361783776e-05,-1.6827409623942913e-05,1.0,True
22500941,196,196,98.0,98.0,129.0,114.0,114.00005017002212,129.0000478763875,1.0,-5.01700221207102e-05,-4.787638749803591e-05,0.0,True
22500942,199,199,99.0,100.0,116.0,125.0,125.00008618571432,116.00002778119169,1.0,-8.618571432350564e-05,-2.778119169022375e-05,1.0,True
22500943,221,221,110.0,111.0,130.0,124.0,124.00007362678542,130.0000097283358,1.0,-7.362678542222056e-05,-9.728335811587385e-06,1.0,True
22500944,197,197,98.0,99.0,103.0,101.0,101.00002917663866,103.00009202251184,1.0,-2.9176638662420373e-05,-9.2022511836376e-05,1.0,True
22500945,212,212,106.0,106.0,109.0,114.0,114.00003121167981,109.00001713927236,1.0,-3.121167981134931e-05,-1.7139272358690505e-05,0.0,True
22500946,187,187,94.0,93.0,106.0,120.0,120.00002090528872,106.00004506270979,1.0,-2.0905288721451143e-05,-4.5062709787657695e-05,1.0,True
22500947,192,192,96.0,96.0,122.0,128.0,128.0000199027523,122.00000767342858,1.0,-1.9902752313782912e-05,-7.673428584098474e-06,0.0,True
22500948,205,205,102.0,103.0,111.0,122.0,122.00000787394372,111.00003713994833,1.0,-7.873943715708265e-06,-3.7139948332765016e-05,1.0,True
22500949,195,195,97.0,98.0,134.0,117.0,117.00005546145694,134.00001775051464,1.0,-5.546145693813287e-05,-1.7750514643921633e-05,1.0,True
22500950,198,198,100.0,98.0,93.0,129.0,128.99999802588232,93.00002422359786,1.0,1.9741176799925597e-06,-2.42235978618055e-05,2.0,True
22500951,189,189,95.0,94.0,117.0,109.0,109.00002608120414,117.00001863577246,1.0,-2.6081204140382397e-05,-1.8635772462971545e-05,1.0,True
22500952,204,204,102.0,102.0,128.0,153.0,153.00000707718647,128.00003285006431,1.0,-7.077186467085994e-06,-3.285006431497095e-05,0.0,True
22500953,202,202,101.0,101.0,109.0,131.0,131.0,109.0,1.0,0.0,0.0,0.0,True
22500954,190,190,96.0,94.0,123.0,108.0,108.0,123.0,1.0,0.0,0.0,2.0,True
22500955,230,230,114.0,116.0,131.0,136.0,136.0,131.0,1.0,0.0,0.0,2.0,True
22500956,195,195,98.0,97.0,97.0,108.0,108.0,97.0,1.0,0.0,0.0,1.0,True
22500957,202,202,100.0,102.0,105.0,112.0,112.0,105.0,1.0,0.0,0.0,2.0,True
22500958,215,215,107.0,108.0,136.0,131.0,131.0,136.0,1.0,0.0,0.0,1.0,True
22500959,181,181,91.0,90.0,102.0,104.0,104.0,102.0,1.0,0.0,0.0,1.0,True
22500960,205,205,102.0,103.0,130.0,142.0,142.0,130.0,1.0,0.0,0.0,1.0,True
22500961,195,195,98.0,97.0,110.0,126.0,126.0,110.0,1.0,0.0,0.0,1.0,True
22500962,192,192,96.0,96.0,101.0,92.0,92.0,101.0,1.0,0.0,0.0,0.0,True
22500963,192,192,97.0,95.0,115.0,122.0,122.00008153835356,114.99999427898248,1.0,-8.153835355528827e-05,5.72101751572518e-06,2.0,True
22500964,184,184,92.0,92.0,105.0,107.0,107.0,105.0,1.0,0.0,0.0,0.0,True
22500965,202,202,101.0,101.0,138.0,105.0,105.0,138.0,1.0,0.0,0.0,0.0,True
22500966,202,202,101.0,101.0,127.0,117.0,117.0,127.0,1.0,0.0,0.0,0.0,True
22500967,212,212,106.0,106.0,114.0,124.0,124.0,114.0,1.0,0.0,0.0,0.0,True
22500968,204,204,102.0,102.0,108.0,119.0,119.0,108.0,1.0,0.0,0.0,0.0,True
22500969,201,201,100.0,101.0,97.0,104.0,104.00003957665248,97.000012370378,1.0,-3.957665248321973e-05,-1.2370378001946847e-05,1.0,True
22500970,200,200,100.0,100.0,99.0,122.0,122.0,99.0,1.0,0.0,0.0,0.0,True
22500971,196,196,98.0,98.0,100.0,111.0,111.0,100.0,1.0,0.0,0.0,0.0,True
22500972,210,210,105.0,105.0,121.0,117.0,117.0,121.0,1.0,0.0,0.0,0.0,True
22500973,189,189,95.0,94.0,102.0,115.0,115.0,102.0,1.0,0.0,0.0,1.0,True
22500974,219,219,110.0,109.0,125.0,127.0,127.00002487095028,125.00003442101564,1.0,-2.4870950284139326e-05,-3.442101564132827e-05,1.0,True
22500975,201,201,101.0,100.0,118.0,108.0,109.0,118.0,1.0,-1.0,0.0,1.0,False
22500976,197,197,99.0,98.0,103.0,116.0,116.0,103.0,1.0,0.0,0.0,1.0,True
22500977,203,203,102.0,101.0,130.0,120.0,120.0,130.0,1.0,0.0,0.0,1.0,True
22500978,189,189,94.0,95.0,108.0,119.0,119.0,108.0,1.0,0.0,0.0,1.0,True
22500979,189,189,94.0,95.0,123.0,134.0,134.0,123.0,1.0,0.0,0.0,1.0,True
22500980,208,208,103.0,105.0,103.0,109.0,109.0,103.0,1.0,0.0,0.0,2.0,True
22500981,185,185,92.0,93.0,107.0,110.0,110.00006588793629,107.00004967269764,1.0,-6.588793628736767e-05,-4.9672697642222374e-05,1.0,True
22500982,207,207,104.0,103.0,111.0,116.0,116.0,111.0,1.0,0.0,0.0,1.0,True
22500983,207,207,103.0,104.0,112.0,124.0,124.00012194033896,112.00001695839877,1.0,-0.00012194033895696066,-1.6958398774136185e-05,1.0,True
22500984,206,206,102.0,104.0,125.0,117.0,117.0,125.0,1.0,0.0,0.0,2.0,True
22500985,198,198,99.0,99.0,114.0,95.0,95.0,114.0,1.0,0.0,0.0,0.0,True
22500986,189,189,94.0,95.0,112.0,120.0,120.00016148179587,112.00007193780326,1.0,-0.0001614817958710546,-7.193780325565058e-05,1.0,True
22500987,204,204,102.0,102.0,107.0,132.0,132.0,107.0,1.0,0.0,0.0,0.0,True
22500988,217,217,109.0,108.0,111.0,129.0,129.0,111.0,1.0,0.0,0.0,1.0,True
22500989,182,182,92.0,90.0,100.0,92.0,92.0,100.0,1.0,0.0,0.0,2.0,True
22500990,196,196,98.0,98.0,119.0,115.0,115.0,119.0,1.0,0.0,0.0,0.0,True
22500991,210,210,105.0,105.0,106.0,136.0,136.0,106.0,1.0,0.0,0.0,0.0,True
22500992,201,201,100.0,101.0,113.0,108.0,108.0,113.0,1.0,0.0,0.0,1.0,True
22500993,203,203,102.0,101.0,130.0,117.0,117.00006484847368,129.99996606916903,1.0,-6.484847368426472e-05,3.39308309662556e-05,1.0,True
22500994,189,189,94.0,95.0,110.0,136.0,136.0,110.0,1.0,0.0,0.0,1.0,True
22500995,191,191,95.0,96.0,123.0,116.0,116.0,123.0,1.0,0.0,0.0,1.0,True
22500996,196,196,98.0,98.0,104.0,116.0,116.0,104.0,1.0,0.0,0.0,0.0,True
22500997,207,207,103.0,104.0,96.0,124.0,124.0,96.0,1.0,0.0,0.0,1.0,True
22500998,197,197,98.0,99.0,132.0,104.0,104.0,132.0,1.0,0.0,0.0,1.0,True
22500999,195,195,97.0,98.0,99.0,120.0,120.0,99.0,1.0,0.0,0.0,1.0,True
22501000,207,207,104.0,103.0,121.0,92.0,92.0,121.0,1.0,0.0,0.0,1.0,True
22501001,195,195,97.0,98.0,127.0,119.0,119.0,127.0,1.0,0.0,0.0,1.0,True
22501002,212,212,106.0,106.0,139.0,109.0,109.0,139.0,1.0,0.0,0.0,0.0,True
22501003,189,189,95.0,94.0,130.0,119.0,119.0,130.0,1.0,0.0,0.0,1.0,True
22501004,216,216,108.0,108.0,111.0,147.0,147.0,111.0,1.0,0.0,0.0,0.0,True
22501005,189,189,94.0,95.0,109.0,124.0,124.0,109.0,1.0,0.0,0.0,1.0,True
22501006,209,209,104.0,105.0,135.0,120.0,120.0,135.0,1.0,0.0,0.0,1.0,True
22501007,192,192,96.0,96.0,124.0,116.0,116.0,124.0,1.0,0.0,0.0,0.0,True
22501008,196,196,98.0,98.0,111.0,130.0,130.0,111.0,1.0,0.0,0.0,0.0,True
22501009,197,197,99.0,98.0,117.0,95.0,95.0,117.0,1.0,0.0,0.0,1.0,True
22501010,205,205,103.0,102.0,134.0,126.0,126.0,134.0,1.0,0.0,0.0,1.0,True
22501011,203,203,101.0,102.0,115.0,110.0,110.0,115.0,1.0,0.0,0.0,1.0,True
22501012,195,195,97.0,98.0,99.0,105.0,105.0,99.0,1.0,0.0,0.0,1.0,True
22501013,192,192,96.0,96.0,100.0,101.0,101.00004395571587,100.00007335708705,1.0,-4.3955715867127765e-05,-7.335708704658828e-05,0.0,True
22501014,199,199,100.0,99.0,96.0,128.0,128.0,96.0,1.0,0.0,0.0,1.0,True
22501015,207,207,104.0,103.0,139.0,118.0,118.0,139.0,1.0,0.0,0.0,1.0,True
22501016,193,193,96.0,97.0,93.0,92.0,92.00009466054419,93.00003902597844,1.0,-9.466054419249303e-05,-3.902597843818967e-05,1.0,True
22501017,203,203,100.0,103.0,101.0,115.0,115.00001352396714,101.00008369507009,1.0,-1.3523967140827153e-05,-8.369507008865185e-05,3.0,True
22501018,201,201,101.0,100.0,95.0,117.0,117.0,95.0,1.0,0.0,0.0,1.0,True
22501019,193,193,96.0,97.0,117.0,112.0,112.0,117.0,1.0,0.0,0.0,1.0,True
22501020,199,199,99.0,100.0,108.0,104.0,104.0,108.0,1.0,0.0,0.0,1.0,True
22501021,188,188,94.0,94.0,115.0,121.0,121.00003714868035,115.00007127612172,1.0,-3.7148680348764174e-05,-7.127612171586861e-05,0.0,True
22501022,199,199,100.0,99.0,132.0,111.0,111.00007433366676,132.00003426416868,1.0,-7.4333666759685e-05,-3.42641686756906e-05,1.0,True
22501023,197,197,98.0,99.0,101.0,124.0,124.00001582418034,101.00004792927429,1.0,-1.5824180337631333e-05,-4.792927428809435e-05,1.0,True
22501024,191,191,95.0,96.0,105.0,104.0,104.00004100105693,105.00001800499301,1.0,-4.100105692828038e-05,-1.800499300941283e-05,1.0,True
22501025,189,189,95.0,94.0,111.0,106.0,106.0,111.0,1.0,0.0,0.0,1.0,True
22501026,204,204,102.0,102.0,110.0,126.0,126.0,110.0,1.0,0.0,0.0,0.0,True
22501027,187,187,93.0,94.0,122.0,123.0,123.000076135119,122.00007711522476,1.0,-7.613511900217418e-05,-7.71152247551754e-05,1.0,True
22501028,197,197,98.0,99.0,119.0,134.0,134.0,119.0,1.0,0.0,0.0,1.0,True
22501029,210,210,105.0,105.0,138.0,131.0,131.00002413223714,138.00004245187702,1.0,-2.4132237143703605e-05,-4.245187702167641e-05,0.0,True
22501030,205,205,102.0,103.0,126.0,116.0,116.0,126.0,1.0,0.0,0.0,1.0,True
22501031,184,184,92.0,92.0,108.0,105.0,105.00006786716308,108.00011471720028,1.0,-6.786716308226914e-05,-0.0001147172002760044,0.0,True
22501032,202,202,101.0,101.0,112.0,128.0,128.00000536331393,112.00005298947936,1.0,-5.363313931638913e-06,-5.298947935727938e-05,0.0,True
22501033,191,191,96.0,95.0,122.0,126.0,126.0,122.0,1.0,0.0,0.0,1.0,True
22501034,200,200,100.0,100.0,113.0,145.0,145.0,113.0,1.0,0.0,0.0,0.0,True
22501035,199,199,99.0,100.0,102.0,92.0,92.00002281245855,102.00005027849173,1.0,-2.2812458553289616e-05,-5.0278491727340224e-05,1.0,True
22501036,191,191,95.0,96.0,98.0,120.0,120.0,98.0,1.0,0.0,0.0,1.0,True
22501037,206,206,103.0,103.0,107.0,146.0,146.0,107.0,1.0,0.0,0.0,0.0,True
22501038,189,189,95.0,94.0,110.0,113.0,113.0000138647122,110.0000879180878,1.0,-1.3864712201439033e-05,-8.791808780017618e-05,1.0,True
22501039,195,195,97.0,98.0,128.0,126.0,125.99999108540065,128.0000214558986,1.0,8.914599348486263e-06,-2.1455898604472168e-05,1.0,True
22501040,200,200,100.0,100.0,123.0,103.0,103.0,123.0,1.0,0.0,0.0,0.0,True
22501041,213,213,106.0,107.0,136.0,111.0,111.00003219690963,136.00002004008078,1.0,-3.219690962907862e-05,-2.004008078415609e-05,1.0,True
22501042,218,218,109.0,109.0,124.0,132.0,132.00002828943855,123.99998685306237,1.0,-2.8289438546380552e-05,1.314693763276864e-05,0.0,True
22501043,216,216,108.0,108.0,143.0,127.0,127.0,143.0,1.0,0.0,0.0,0.0,True
22501044,226,226,113.0,113.0,137.0,131.0,131.0,137.0,1.0,0.0,0.0,0.0,True
22501045,215,215,108.0,107.0,99.0,134.0,134.00005352100186,99.00003976163964,1.0,-5.3521001859735406e-05,-3.97616396412559e-05,1.0,True
22501046,194,194,97.0,97.0,96.0,129.0,129.0,96.0,1.0,0.0,0.0,0.0,True
22501047,195,195,98.0,97.0,90.0,134.0,134.0,90.0,1.0,0.0,0.0,1.0,True
22501048,185,185,92.0,93.0,116.0,121.0,121.0,116.0,1.0,0.0,0.0,1.0,True
22501049,190,190,95.0,95.0,131.0,136.0,135.9999355937531,131.0001336715675,1.0,6.440624690640107e-05,-0.0001336715675108735,0.0,True
22501050,197,197,98.0,99.0,125.0,123.0,123.0,125.0,1.0,0.0,0.0,1.0,True
22501051,220,220,111.0,109.0,130.0,129.0,129.0,130.0,1.0,0.0,0.0,2.0,True
22501052,213,213,107.0,106.0,137.0,130.0,130.0,137.0,1.0,0.0,0.0,1.0,True
22501053,225,225,113.0,112.0,137.0,157.0,157.0,137.0,1.0,0.0,0.0,1.0,True
22501054,193,193,96.0,97.0,109.0,119.0,119.00002461975077,109.00005681681726,1.0,-2.4619750774945715e-05,-5.681681726343868e-05,1.0,True
22501055,193,193,97.0,96.0,120.0,103.0,103.0,120.0,1.0,0.0,0.0,1.0,True
22501056,200,200,100.0,100.0,123.0,98.0,98.0,123.0,1.0,0.0,0.0,0.0,True
22501057,218,218,109.0,109.0,133.0,110.0,110.0,133.0,1.0,0.0,0.0,0.0,True
22501058,214,214,107.0,107.0,108.0,110.0,110.00003943622458,108.00002990983513,1.0,-3.9436224582800605e-05,-2.9909835134844798e-05,0.0,True
22501059,210,210,104.0,106.0,135.0,142.0,142.0,135.0,1.0,0.0,0.0,2.0,True
22501060,202,202,101.0,101.0,106.0,109.0,108.99999369570781,106.00006055392018,1.0,6.304292185177474e-06,-6.05539201785632e-05,0.0,True
22501061,199,199,100.0,99.0,99.0,130.0,130.00000578528588,99.00002626359264,1.0,-5.785285878801005e-06,-2.626359264468192e-05,1.0,True
22501062,188,188,93.0,95.0,94.0,119.0,119.0,94.0,1.0,0.0,0.0,2.0,True
22501063,176,176,88.0,88.0,103.0,114.0,114.00001323533698,103.00003174581853,1.0,-1.3235336979278145e-05,-3.174581853215841e-05,0.0,True
22501064,205,205,103.0,102.0,108.0,129.0,129.0,108.0,1.0,0.0,0.0,1.0,True
22501065,189,189,95.0,94.0,117.0,121.0,121.0,117.0,1.0,0.0,0.0,1.0,True
22501066,200,200,99.0,101.0,114.0,113.0,113.0,114.0,1.0,0.0,0.0,2.0,True
22501067,179,179,89.0,90.0,102.0,109.0,109.0,102.0,1.0,0.0,0.0,1.0,True
22501068,215,215,107.0,108.0,128.0,149.0,149.0000607087586,128.0000396253646,1.0,-6.0708758610417135e-05,-3.962536459312105e-05,1.0,True
22501069,194,194,97.0,97.0,119.0,109.0,109.0,119.0,1.0,0.0,0.0,0.0,True
22501070,207,207,103.0,104.0,113.0,131.0,131.0,113.0,1.0,0.0,0.0,1.0,True
22501071,197,197,99.0,98.0,106.0,119.0,119.0,106.0,1.0,0.0,0.0,1.0,True
22501072,210,210,105.0,105.0,129.0,135.0,135.0,129.0,1.0,0.0,0.0,0.0,True
22501073,207,207,104.0,103.0,126.0,131.0,131.0,126.0,1.0,0.0,0.0,1.0,True
22501074,207,207,104.0,103.0,100.0,93.0,93.0,100.0,1.0,0.0,0.0,1.0,True
22501075,196,196,98.0,98.0,99.0,116.0,116.0,99.0,1.0,0.0,0.0,0.0,True
22501076,193,193,96.0,97.0,127.0,95.0,95.0,127.0,1.0,0.0,0.0,1.0,True
22501077,193,193,96.0,97.0,118.0,114.0,114.0,118.0,1.0,0.0,0.0,1.0,True
22501078,191,191,96.0,95.0,113.0,123.0,123.0,113.0,1.0,0.0,0.0,1.0,True
22501079,221,221,110.0,111.0,124.0,125.0,125.0,124.0,1.0,0.0,0.0,1.0,True
22501080,195,195,98.0,97.0,109.0,87.0,87.0,109.0,1.0,0.0,0.0,1.0,True
22501081,207,207,103.0,104.0,109.0,134.0,134.0,109.0,1.0,0.0,0.0,1.0,True
22501082,201,201,101.0,100.0,127.0,113.0,113.0,127.0,1.0,0.0,0.0,1.0,True
22501083,206,206,103.0,103.0,118.0,135.0,135.0,118.0,1.0,0.0,0.0,0.0,True
22501084,190,190,95.0,95.0,99.0,116.0,116.0,99.0,1.0,0.0,0.0,0.0,True
22501085,181,181,91.0,90.0,114.0,99.0,99.0,114.0,1.0,0.0,0.0,1.0,True
22501086,208,208,103.0,105.0,87.0,139.0,139.0,87.0,1.0,0.0,0.0,2.0,True
22501087,203,203,101.0,102.0,88.0,123.0,123.0,88.0,1.0,0.0,0.0,1.0,True
22501088,199,199,99.0,100.0,134.0,102.0,102.0,134.0,1.0,0.0,0.0,1.0,True
22501089,184,184,92.0,92.0,100.0,111.0,111.0,100.0,1.0,0.0,0.0,0.0,True
22501090,183,183,91.0,92.0,93.0,116.0,116.0,93.0,1.0,0.0,0.0,1.0,True
22501091,201,201,100.0,101.0,109.0,119.0,119.0,109.0,1.0,0.0,0.0,1.0,True
22501092,197,197,99.0,98.0,102.0,112.0,112.0,102.0,1.0,0.0,0.0,1.0,True
22501093,196,196,99.0,97.0,131.0,105.0,105.0,131.0,1.0,0.0,0.0,2.0,True
22501094,204,204,102.0,102.0,114.0,129.0,129.0,114.0,1.0,0.0,0.0,0.0,True
22501095,207,207,104.0,103.0,124.0,94.0,94.0,124.0,1.0,0.0,0.0,1.0,True
22501096,202,202,101.0,101.0,122.0,113.0,113.0,122.0,1.0,0.0,0.0,0.0,True
22501097,210,210,105.0,105.0,110.0,114.0,114.0,110.0,1.0,0.0,0.0,0.0,True
22501098,200,200,100.0,100.0,101.0,120.0,120.0,101.0,1.0,0.0,0.0,0.0,True
22501099,217,217,109.0,108.0,111.0,115.0,115.00012971825802,110.99990875210811,1.0,-0.00012971825802310377,9.124789188774685e-05,1.0,True
22501100,188,188,94.0,94.0,117.0,86.0,86.0,117.0,1.0,0.0,0.0,0.0,True
22501101,197,197,98.0,99.0,116.0,127.0,127.0,116.0,1.0,0.0,0.0,1.0,True
22501102,174,174,87.0,87.0,94.0,111.0,111.0,94.0,1.0,0.0,0.0,0.0,True
22501103,194,194,97.0,97.0,113.0,127.0,127.0,113.0,1.0,0.0,0.0,0.0,True
22501104,180,180,90.0,90.0,114.0,104.0,104.00015765385248,113.99993292301735,1.0,-0.00015765385248300845,6.707698264563078e-05,0.0,True
22501105,208,208,104.0,104.0,153.0,131.0,131.0,153.0,1.0,0.0,0.0,0.0,True
22501106,194,194,97.0,97.0,147.0,129.0,129.0,147.0,1.0,0.0,0.0,0.0,True
22501107,210,210,105.0,105.0,130.0,101.0,101.0,130.0,1.0,0.0,0.0,0.0,True
22501108,195,195,97.0,98.0,123.0,115.0,115.0,123.0,1.0,0.0,0.0,1.0,True
22501109,216,216,108.0,108.0,145.0,126.0,126.00008888526114,145.00007040109716,1.0,-8.88852611353741e-05,-7.040109716172083e-05,0.0,True
22501110,188,188,93.0,95.0,113.0,119.0,119.0,113.0,1.0,0.0,0.0,2.0,True
22501111,202,202,101.0,101.0,120.0,112.0,112.0,120.0,1.0,0.0,0.0,0.0,True
22501112,212,212,107.0,105.0,130.0,117.0,117.0,130.0,1.0,0.0,0.0,2.0,True
22501113,200,200,100.0,100.0,127.0,113.0,113.0,127.0,1.0,0.0,0.0,0.0,True
22501114,190,190,94.0,96.0,107.0,127.0,127.0,107.0,1.0,0.0,0.0,2.0,True
22501115,206,206,104.0,102.0,108.0,113.0,113.0,108.0,1.0,0.0,0.0,2.0,True
22501116,205,205,102.0,103.0,96.0,139.0,139.0,96.0,1.0,0.0,0.0,1.0,True
22501117,202,202,101.0,101.0,118.0,111.0,111.0,118.0,1.0,0.0,0.0,0.0,True
22501118,200,200,100.0,100.0,106.0,118.0,118.0,106.0,1.0,0.0,0.0,0.0,True
22501119,195,195,98.0,97.0,118.0,99.0,99.00003123471187,118.00000659690578,1.0,-3.1234711869387866e-05,-6.5969057772008455e-06,1.0,True
22501120,196,196,98.0,98.0,108.0,129.0,129.0,108.0,1.0,0.0,0.0,0.0,True
22501121,204,204,101.0,103.0,103.0,115.0,115.0,103.0,1.0,0.0,0.0,2.0,True
22501122,207,207,103.0,104.0,141.0,107.0,107.0,141.0,1.0,0.0,0.0,1.0,True
22501123,198,198,98.0,100.0,96.0,136.0,136.0,96.0,1.0,0.0,0.0,2.0,True
22501124,203,203,102.0,101.0,106.0,140.0,140.00003444752636,105.99999296565042,1.0,-3.44475263602817e-05,7.034349579271293e-06,1.0,True
22501125,204,204,102.0,102.0,128.0,96.0,96.0,128.0,1.0,0.0,0.0,0.0,True
22501126,186,186,94.0,92.0,133.0,101.0,101.0,133.0,1.0,0.0,0.0,2.0,True
22501127,215,215,108.0,107.0,138.0,127.0,127.00006430943293,138.00008450889646,1.0,-6.430943292912161e-05,-8.450889646383075e-05,1.0,True
22501128,196,196,98.0,98.0,113.0,117.0,117.0,113.0,1.0,0.0,0.0,0.0,True
22501129,213,213,106.0,107.0,136.0,152.0,152.0,136.0,1.0,0.0,0.0,1.0,True
22501130,216,216,109.0,107.0,134.0,136.0,136.0,134.0,1.0,0.0,0.0,2.0,True
22501131,185,185,93.0,92.0,116.0,93.0,93.0,116.0,1.0,0.0,0.0,1.0,True
22501132,193,193,96.0,97.0,101.0,115.0,115.0,101.0,1.0,0.0,0.0,1.0,True
22501133,197,197,99.0,98.0,115.0,121.0,121.0,115.0,1.0,0.0,0.0,1.0,True
22501134,203,203,101.0,102.0,120.0,110.0,110.0,120.0,1.0,0.0,0.0,1.0,True
22501135,203,203,102.0,101.0,114.0,131.0,131.0,115.0,1.0,0.0,-1.0,1.0,False
22501136,197,197,98.0,99.0,108.0,117.0,117.0,108.0,1.0,0.0,0.0,1.0,True
22501137,193,193,96.0,97.0,122.0,108.0,108.0,122.0,1.0,0.0,0.0,1.0,True
22501138,208,208,104.0,104.0,112.0,108.0,108.0,112.0,1.0,0.0,0.0,0.0,True
22501139,213,213,106.0,107.0,111.0,146.0,146.0,111.0,1.0,0.0,0.0,1.0,True
22501140,203,203,102.0,101.0,128.0,134.0,134.0,128.0,1.0,0.0,0.0,1.0,True
22501141,202,202,101.0,101.0,138.0,109.0,109.0,138.0,1.0,0.0,0.0,0.0,True
22501142,186,186,93.0,93.0,117.0,116.0,116.00003785170806,117.00005344095366,1.0,-3.7851708057701217e-05,-5.344095366410784e-05,0.0,True
22501143,191,191,95.0,96.0,108.0,105.0,105.0,108.0,1.0,0.0,0.0,1.0,True
22501144,206,206,103.0,103.0,107.0,123.0,123.0,107.0,1.0,0.0,0.0,0.0,True
22501145,204,204,103.0,101.0,142.0,126.0,126.0,142.0,1.0,0.0,0.0,2.0,True
22501146,193,193,96.0,97.0,102.0,115.0,115.0,102.0,1.0,0.0,0.0,1.0,True
22501147,212,212,106.0,106.0,132.0,137.0,137.0,132.0,1.0,0.0,0.0,0.0,True
22501148,217,217,108.0,109.0,129.0,98.0,98.0,129.0,1.0,0.0,0.0,1.0,True
22501149,181,181,90.0,91.0,102.0,113.0,113.0,102.0,1.0,0.0,0.0,1.0,True
22501150,185,185,92.0,93.0,90.0,96.0,96.0,90.0,1.0,0.0,0.0,1.0,True
22501151,200,200,100.0,100.0,95.0,121.0,121.0,95.0,1.0,0.0,0.0,0.0,True
22501152,205,205,102.0,103.0,124.0,104.0,104.0,124.0,1.0,0.0,0.0,1.0,True
22501153,243,243,121.0,122.0,137.0,156.0,156.0,137.0,1.0,0.0,0.0,1.0,True
22501154,189,189,94.0,95.0,105.0,110.0,110.00002395641394,105.0000293621202,1.0,-2.3956413940595667e-05,-2.9362120201881226e-05,1.0,True
22501155,192,192,95.0,97.0,123.0,87.0,87.0,123.0,1.0,0.0,0.0,2.0,True
22501156,211,211,105.0,106.0,103.0,116.0,116.0,103.0,1.0,0.0,0.0,1.0,True
22501157,193,193,97.0,96.0,119.0,105.0,105.0,119.0,1.0,0.0,0.0,1.0,True
22501158,206,206,102.0,104.0,116.0,122.0,122.0000234867697,116.00001423702189,1.0,-2.3486769705982624e-05,-1.4237021886742696e-05,2.0,True
22501159,200,200,100.0,100.0,120.0,132.0,132.0,120.0,1.0,0.0,0.0,0.0,True
22501160,186,186,93.0,93.0,111.0,137.0,137.0,111.0,1.0,0.0,0.0,0.0,True
22501161,200,200,100.0,100.0,101.0,112.0,112.0,101.0,1.0,0.0,0.0,0.0,True
22501162,199,199,99.0,100.0,119.0,136.0,136.0,119.0,1.0,0.0,0.0,1.0,True
22501163,197,197,98.0,99.0,128.0,110.0,110.0,128.0,1.0,0.0,0.0,1.0,True
22501164,186,186,94.0,92.0,107.0,112.0,112.0,107.0,1.0,0.0,0.0,2.0,True
22501165,187,187,94.0,93.0,114.0,128.0,127.9999976755883,114.00005623002222,1.0,2.3244116960086103e-06,-5.623002222421292e-05,1.0,True
22501166,211,211,106.0,105.0,119.0,108.0,108.0,119.0,1.0,0.0,0.0,1.0,True
22501167,207,207,104.0,103.0,123.0,94.0,94.0,123.0,1.0,0.0,0.0,1.0,True
22501168,175,175,87.0,88.0,106.0,112.0,112.0,106.0,1.0,0.0,0.0,1.0,True
22501169,204,204,102.0,102.0,102.0,113.0,113.0,102.0,1.0,0.0,0.0,0.0,True
22501170,182,182,90.0,92.0,119.0,103.0,103.0,119.0,1.0,0.0,0.0,2.0,True
22501171,190,190,95.0,95.0,118.0,100.0,100.0,118.0,1.0,0.0,0.0,0.0,True
22501172,205,205,103.0,102.0,140.0,117.0,117.0,140.0,1.0,0.0,0.0,1.0,True
22501173,202,202,101.0,101.0,102.0,124.0,124.0,102.0,1.0,0.0,0.0,0.0,True
22501174,209,209,104.0,105.0,118.0,144.0,144.0,118.0,1.0,0.0,0.0,1.0,True
22501175,207,207,103.0,104.0,105.0,94.0,94.0,105.0,1.0,0.0,0.0,1.0,True
22501176,184,184,92.0,92.0,95.0,112.0,112.0,95.0,1.0,0.0,0.0,0.0,True
22501177,211,211,106.0,105.0,127.0,103.0,103.0,127.0,1.0,0.0,0.0,1.0,True
22501178,198,198,99.0,99.0,136.0,132.0,131.99997127094076,136.00004689820338,1.0,2.8729059238230548e-05,-4.689820337944184e-05,0.0,True
22501179,190,190,96.0,94.0,108.0,125.0,125.0,108.0,1.0,0.0,0.0,2.0,True
22501180,199,199,99.0,100.0,120.0,139.0,139.0,120.0,1.0,0.0,0.0,1.0,True
22501181,243,243,122.0,121.0,101.0,147.0,147.0,101.0,1.0,0.0,0.0,1.0,True
22501182,202,202,101.0,101.0,107.0,127.0,127.0,107.0,1.0,0.0,0.0,0.0,True
22501183,189,189,94.0,95.0,97.0,116.0,116.0,97.0,1.0,0.0,0.0,1.0,True
22501184,202,202,101.0,101.0,118.0,124.0,124.0,118.0,1.0,0.0,0.0,0.0,True
22501185,179,179,89.0,90.0,73.0,101.0,101.0,73.0,1.0,0.0,0.0,1.0,True
22501186,210,210,105.0,105.0,108.0,113.0,113.0,108.0,1.0,0.0,0.0,0.0,True
22501187,200,200,100.0,100.0,117.0,130.0,130.0,117.0,1.0,0.0,0.0,0.0,True
22501188,205,205,103.0,102.0,133.0,121.0,121.0,133.0,1.0,0.0,0.0,1.0,True
22501189,208,208,104.0,104.0,117.0,143.0,143.0,117.0,1.0,0.0,0.0,0.0,True
22501190,185,185,93.0,92.0,110.0,96.0,96.0,110.0,1.0,0.0,0.0,1.0,True
22501191,208,208,104.0,104.0,106.0,126.0,126.0,106.0,1.0,0.0,0.0,0.0,True
22501192,198,198,100.0,98.0,101.0,136.0,136.00005606808875,101.00003175207242,1.0,-5.606808875313618e-05,-3.1752072416679766e-05,2.0,True
22501193,221,221,111.0,110.0,128.0,149.0,149.0,128.0,1.0,0.0,0.0,1.0,True
22501194,204,204,102.0,102.0,101.0,132.0,132.0,101.0,1.0,0.0,0.0,0.0,True
22501195,213,213,106.0,107.0,126.0,132.0,132.0,126.0,1.0,0.0,0.0,1.0,True
22501196,194,194,98.0,96.0,135.0,103.0,103.0,135.0,1.0,0.0,0.0,2.0,True
22501197,199,199,99.0,100.0,128.0,118.0,118.0,128.0,1.0,0.0,0.0,1.0,True
22501198,210,210,104.0,106.0,107.0,131.0,131.0,107.0,1.0,0.0,0.0,2.0,True
22501199,183,183,92.0,91.0,110.0,115.0,115.0,110.0,1.0,0.0,0.0,1.0,True
22501200,196,196,98.0,98.0,110.0,122.0,122.0,110.0,1.0,0.0,0.0,0.0,True
22501201,205,205,103.0,102.0,108.0,117.0,117.00005799524793,108.00001632153922,1.0,-5.7995247928488425e-05,-1.6321539220598424e-05,1.0,True
22501202,187,187,94.0,93.0,117.0,101.0,101.00003231419603,117.00002362267854,1.0,-3.231419603366703e-05,-2.3622678540391462e-05,1.0,True
22501203,202,202,101.0,101.0,89.0,138.0,138.0,89.0,1.0,0.0,0.0,0.0,True
22501204,208,208,104.0,104.0,132.0,119.0,119.0,132.0,1.0,0.0,0.0,0.0,True
22501205,190,190,95.0,95.0,113.0,115.0,115.00007873451364,113.0000386377255,1.0,-7.873451363593631e-05,-3.863772549550504e-05,0.0,True
22501206,189,189,95.0,94.0,101.0,116.0,116.0,101.0,1.0,0.0,0.0,1.0,True
22501207,215,215,107.0,108.0,120.0,143.0,142.99997441506267,120.00003895447358,1.0,2.558493733317846e-05,-3.89544735810432e-05,1.0,True
22501208,204,204,101.0,103.0,136.0,105.0,105.00018470181783,135.99990116734043,1.0,-0.00018470181782959116,9.883265957455478e-05,2.0,True
22501209,201,201,100.0,101.0,129.0,126.0,126.00007348015302,129.0000603974559,1.0,-7.348015302000022e-05,-6.0397455911243014e-05,1.0,True
22501210,213,213,107.0,106.0,115.0,142.0,142.00001770936962,115.00004176644484,1.0,-1.7709369615204196e-05,-4.176644483777636e-05,1.0,True
22501211,195,195,97.0,98.0,105.0,115.0,115.00002519303219,105.00005373779064,1.0,-2.5193032186621167e-05,-5.373779063688744e-05,1.0,True
22501212,207,207,103.0,104.0,130.0,126.0,126.0000165866977,130.00001950669596,1.0,-1.658669769710741e-05,-1.950669596340049e-05,1.0,True
22501213,214,214,107.0,107.0,130.0,126.0,126.00005377794089,130.00004202588937,1.0,-5.377794089156396e-05,-4.2025889371188896e-05,0.0,True
22501214,205,205,102.0,103.0,111.0,119.0,119.0000162863553,111.00005230271455,1.0,-1.62863553043735e-05,-5.230271455047841e-05,1.0,True
22501215,206,206,104.0,102.0,127.0,120.0,120.00005493079927,127.0000384576502,1.0,-5.4930799265662245e-05,-3.8457650205714344e-05,2.0,True
22501216,180,180,91.0,89.0,108.0,89.0,89.00004835965834,108.0000228624786,1.0,-4.835965833649425e-05,-2.286247860183721e-05,2.0,True
22501217,207,207,104.0,103.0,117.0,120.0,120.00002928996582,117.0000411153689,1.0,-2.9289965823409148e-05,-4.1115368901500915e-05,1.0,True
22501218,213,213,107.0,106.0,119.0,111.0,110.99998721868509,119.00008190302901,1.0,1.278131490778378e-05,-8.190302901311952e-05,1.0,True
22501219,198,198,99.0,99.0,82.0,127.0,127.00004702611653,81.99997971230646,1.0,-4.702611653328859e-05,2.0287693544673857e-05,0.0,True
22501220,199,199,99.0,100.0,103.0,117.0,117.00006494971134,103.00006971303716,1.0,-6.494971134429761e-05,-6.971303716341026e-05,1.0,True
22501221,209,209,104.0,105.0,131.0,136.0,136.00003064401136,131.00000393596338,1.0,-3.064401136043671e-05,-3.935963377443841e-06,1.0,True
22501222,188,188,95.0,93.0,112.0,105.0,105.000091670755,111.99998630999737,1.0,-9.167075499760813e-05,1.3690002631960851e-05,2.0,True
22501223,201,201,101.0,100.0,114.0,104.0,104.00003127043453,114.00002949920788,1.0,-3.12704345333259e-05,-2.9499207883532108e-05,1.0,True
22501224,230,230,115.0,115.0,133.0,140.0,140.0000369940758,133.0000314662701,1.0,-3.6994075799157145e-05,-3.146627008732139e-05,0.0,True
22501225,205,205,102.0,103.0,125.0,128.0,128.00000850891055,125.00005129969662,1.0,-8.508910553928217e-06,-5.129969662220901e-05,1.0,True
22501226,183,183,92.0,91.0,121.0,103.0,103.00005419501936,120.99996756201641,1.0,-5.419501935932658e-05,3.2437983591648845e-05,1.0,True
22501227,198,198,99.0,99.0,106.0,96.0,96.09085110219439,105.90933669894804,1.0,-0.0908511021943923,0.0906633010519613,0.0,True
22501228,202,202,100.0,102.0,116.0,114.0,114.00007410441273,116.00006436575529,1.0,-7.410441273236756e-05,-6.436575529278343e-05,2.0,True
22501229,209,209,105.0,104.0,132.0,120.0,120.00002660037177,132.00008448548814,1.0,-2.6600371768381592e-05,-8.44854881449919e-05,1.0,True
22501230,212,212,106.0,106.0,111.0,109.0,109.00010729234612,111.00002321070096,1.0,-0.00010729234611517313,-2.321070095945288e-05,0.0,True
41900101,216,216,0.0,0.0,0.0,0.0,109.99999997902957,122.0000000651593,1.0,-109.99999997902957,-122.0000000651593,0.0,False
41900102,191,191,0.0,0.0,0.0,0.0,111.00000001319279,96.00000001123368,1.0,-111.00000001319279,-96.00000001123368,0.0,False
41900103,206,206,0.0,0.0,0.0,0.0,107.00000001660055,121.00000007376944,1.0,-107.00000001660055,-121.00000007376944,0.0,False
41900104,204,204,0.0,0.0,0.0,0.0,105.99999999518914,121.00000004110834,1.0,-105.99999999518914,-121.00000004110834,0.0,False
41900105,209,209,0.0,0.0,0.0,0.0,118.00000006616013,104.000000040042,1.0,-118.00000006616013,-104.000000040042,0.0,False
41900111,195,195,0.0,0.0,0.0,0.0,133.99999980424286,110.0000008385342,1.0,-133.99999980424286,-110.0000008385342,0.0,False
41900112,190,190,0.0,0.0,0.0,0.0,104.00000000808676,99.00000019555239,1.0,-104.00000000808676,-99.00000019555239,0.0,False
41900113,202,202,0.0,0.0,0.0,0.0,92.00000005718813,117.00000004449824,1.0,-92.00000005718813,-117.00000004449824,0.0,False
41900114,218,218,0.0,0.0,0.0,0.0,122.00000008140755,150.00000006236607,1.0,-122.00000008140755,-150.00000006236607,0.0,False
41900121,178,178,0.0,0.0,0.0,0.0,109.00000086102861,100.99999963023672,1.0,-109.00000086102861,-100.99999963023672,0.0,False
41900122,183,183,0.0,0.0,0.0,0.0,127.9999999403493,101.00000015164943,1.0,-127.9999999403493,-101.00000015164943,0.0,False
41900123,202,202,0.0,0.0,0.0,0.0,94.00000023964087,102.00000006244458,1.0,-94.00000023964087,-102.00000006244458,0.0,False
41900124,188,188,0.0,0.0,0.0,0.0,106.0000009635343,109.99999985146323,1.0,-106.0000009635343,-109.99999985146323,0.0,False
41900132,192,192,0.0,0.0,0.0,0.0,99.99999999252934,109.00000003173173,1.0,-99.99999999252934,-109.00000003173173,0.0,False
41900133,209,209,0.0,0.0,0.0,0.0,124.00000001702912,114.9999999873767,1.0,-124.00000001702912,-114.9999999873767,0.0,False
41900134,187,187,0.0,0.0,0.0,0.0,99.00000006300117,86.99999996047607,1.0,-99.00000006300117,-86.99999996047607,0.0,False
41900142,187,187,0.0,0.0,0.0,0.0,110.99999971744934,88.00000050099946,1.0,-110.99999971744934,-88.00000050099946,0.0,False
41900143,205,205,0.0,0.0,0.0,0.0,108.00000003758193,116.00000000176694,1.0,-108.00000003758193,-116.00000000176694,0.0,False
41900144,197,197,0.0,0.0,0.0,0.0,115.00000013108149,134.9999999731298,1.0,-115.00000013108149,-134.9999999731298,0.0,False
41900145,216,216,0.0,0.0,0.0,0.0,131.00000000473193,122.00000013428243,1.0,-131.00000000473193,-122.00000013428243,0.0,False
41900151,208,208,0.0,0.0,0.0,0.0,117.99999996782569,110.0000000837925,1.0,-117.99999996782569,-110.0000000837925,0.0,False
41900152,214,214,0.0,0.0,0.0,0.0,114.00000001043588,127.00000002108169,1.0,-114.00000001043588,-127.00000002108169,0.0,False
41900153,200,200,0.0,0.0,0.0,0.0,121.99999990225585,130.000000138559,1.0,-121.99999990225585,-130.000000138559,0.0,False
41900154,220,220,0.0,0.0,0.0,0.0,134.99999997148817,133.00000006246015,1.0,-134.99999997148817,-133.00000006246015,0.0,False
41900155,208,208,0.0,0.0,0.0,0.0,154.00000001984253,111.0000000373957,1.0,-154.00000001984253,-111.0000000373957,0.0,False
41900156,196,196,0.0,0.0,0.0,0.0,97.00000007426058,111.00000001350169,1.0,-97.00000007426058,-111.00000001350169,0.0,False
41900161,203,203,0.0,0.0,0.0,0.0,135.00003569135237,125.0000346262051,1.0,-135.00003569135237,-125.0000346262051,0.0,False
41900162,173,173,0.0,0.0,0.0,0.0,104.99999994962366,124.00000007348297,1.0,-104.99999994962366,-124.00000007348297,0.0,False
41900163,187,187,0.0,0.0,0.0,0.0,124.00000001623789,87.00000001618209,1.0,-124.00000001623789,-87.00000001618209,0.0,False
41900164,185,185,0.0,0.0,0.0,0.0,128.9999999840717,127.00000004326859,1.0,-128.9999999840717,-127.00000004326859,0.0,False
41900165,188,188,0.0,0.0,0.0,0.0,117.00000000195429,107.00000001232544,1.0,-117.00000000195429,-107.00000001232544,0.0,False
41900167,177,177,0.0,0.0,0.0,0.0,80.00000001279469,78.00000046126469,1.0,-80.00000001279469,-78.00000046126469,0.0,False
41900172,180,180,0.0,0.0,0.0,0.0,111.00000016309106,98.00000012616331,1.0,-111.00000016309106,-98.00000012616331,0.0,False
41900173,226,226,0.0,0.0,0.0,0.0,119.00000002324364,107.0000000075834,1.0,-119.00000002324364,-107.0000000075834,0.0,False
41900174,200,200,0.0,0.0,0.0,0.0,117.00000005611805,113.99999996714851,1.0,-117.00000005611805,-113.99999996714851,0.0,False
41900175,209,209,0.0,0.0,0.0,0.0,114.00000064080777,80.00000001070453,1.0,-114.00000064080777,-80.00000001070453,0.0,False
41900176,208,208,0.0,0.0,0.0,0.0,104.00000001971367,100.00000000200649,1.0,-104.00000001971367,-100.00000000200649,0.0,False
41900177,196,196,0.0,0.0,0.0,0.0,104.00000003611552,102.00000002846848,1.0,-104.00000003611552,-102.00000002846848,0.0,False
41900201,197,197,0.0,0.0,0.0,0.0,104.00000002614226,115.00000000476751,1.0,-104.00000002614226,-115.00000000476751,0.0,False
41900202,193,193,0.0,0.0,0.0,0.0,114.00000002018048,116.00000001621234,1.0,-114.00000002018048,-116.00000001621234,0.0,False
41900203,195,195,0.0,0.0,0.0,0.0,114.99999994353749,100.00000017358764,1.0,-114.99999994353749,-100.00000017358764,0.0,False
41900204,206,206,0.0,0.0,0.0,0.0,115.00000004094382,117.99999999172452,1.0,-115.00000004094382,-117.99999999172452,0.0,False
41900205,197,197,0.0,0.0,0.0,0.0,94.0000020220997,102.99999886315709,1.0,-94.0000020220997,-102.99999886315709,0.0,False
41900212,195,195,0.0,0.0,0.0,0.0,99.00000005305493,102.00000002322554,1.0,-99.00000005305493,-102.00000002322554,0.0,False
41900213,189,189,0.0,0.0,0.0,0.0,103.12162178497192,103.87837834727925,1.0,-103.12162178497192,-103.87837834727925,0.0,False
41900214,189,189,0.0,0.0,0.0,0.0,93.00000004223234,100.00000003637047,1.0,-93.00000004223234,-100.00000003637047,0.0,False
41900215,191,191,0.0,0.0,0.0,0.0,89.00000002124195,111.00000002785585,1.0,-89.00000002124195,-111.00000002785585,0.0,False
41900216,223,223,0.0,0.0,0.0,0.0,121.99999981777643,125.0000005374257,1.0,-121.99999981777643,-125.0000005374257,0.0,False
41900217,185,185,0.0,0.0,0.0,0.0,87.00000007721647,92.00000000569382,1.0,-87.00000007721647,-92.00000000569382,0.0,False
41900221,194,194,0.0,0.0,0.0,0.0,96.99999998460015,112.0000001255279,1.0,-96.99999998460015,-112.0000001255279,0.0,False
41900222,189,189,0.0,0.0,0.0,0.0,117.00000005553608,108.99999998371013,1.0,-117.00000005553608,-108.99999998371013,0.0,False
41900223,181,181,0.0,0.0,0.0,0.0,102.00000021234479,111.99999990387309,1.0,-102.00000021234479,-111.99999990387309,0.0,False
41900224,200,200,0.0,0.0,0.0,0.0,100.00000001091259,110.00000000961481,1.0,-100.00000001091259,-110.00000000961481,0.0,False
41900225,200,200,0.0,0.0,0.0,0.0,119.00000003808313,96.00000012740227,1.0,-119.00000003808313,-96.00000012740227,0.0,False
41900231,195,195,0.0,0.0,0.0,0.0,120.0000000449564,96.99999999283912,1.0,-120.0000000449564,-96.99999999283912,0.0,False
41900232,189,189,0.0,0.0,0.0,0.0,101.00000116681701,110.00000007542116,1.0,-101.00000116681701,-110.00000007542116,0.0,False
41900233,201,201,0.0,0.0,0.0,0.0,107.00000002583255,113.00000000211257,1.0,-107.00000002583255,-113.00000000211257,0.0,False
41900234,183,183,0.0,0.0,0.0,0.0,85.00000001327918,96.00000002594402,1.0,-85.00000001327918,-96.00000002594402,0.0,False
41900235,189,189,0.0,0.0,0.0,0.0,104.99999999332177,111.00000007457665,1.0,-104.99999999332177,-111.00000007457665,0.0,False
41900236,190,190,0.0,0.0,0.0,0.0,110.99999999949657,98.00000003252592,1.0,-110.99999999949657,-98.00000003252592,0.0,False
41900237,184,184,0.0,0.0,0.0,0.0,88.99999990001344,104.00000015931043,1.0,-88.99999990001344,-104.00000015931043,0.0,False
41900301,197,197,0.0,0.0,0.0,0.0,114.00000004005383,116.99999999003512,1.0,-114.00000004005383,-116.99999999003512,0.0,False
41900302,186,186,0.0,0.0,0.0,0.0,101.00000000954478,106.000000055547,1.0,-101.00000000954478,-106.000000055547,0.0,False
41900303,200,200,0.0,0.0,0.0,0.0,106.0000000140495,117.00000004482501,1.0,-106.0000000140495,-117.00000004482501,0.0,False
41900304,191,191,0.0,0.0,0.0,0.0,111.99999996896277,109.00000011814234,1.0,-111.99999996896277,-109.00000011814234,0.0,False
41900305,180,180,0.0,0.0,0.0,0.0,120.99999992104334,108.00000016400762,1.0,-120.99999992104334,-108.00000016400762,0.0,False
41900306,201,201,0.0,0.0,0.0,0.0,125.00000005588589,113.00000002653003,1.0,-125.00000005588589,-113.00000002653003,0.0,False
41900311,196,196,0.0,0.0,0.0,0.0,126.00000008731837,114.00000013768408,1.0,-126.00000008731837,-114.00000013768408,0.0,False
41900312,194,194,0.0,0.0,0.0,0.0,105.00000006222852,103.00000002790217,1.0,-105.00000006222852,-103.00000002790217,0.0,False
41900313,194,194,0.0,0.0,0.0,0.0,114.00000015428758,106.00000001556813,1.0,-114.00000015428758,-106.00000001556813,0.0,False
41900314,180,180,0.0,0.0,0.0,0.0,107.99999988602956,114.00000025069846,1.0,-107.99999988602956,-114.00000025069846,0.0,False
41900315,198,198,0.0,0.0,0.0,0.0,117.00000006251446,106.99999997400974,1.0,-117.00000006251446,-106.99999997400974,0.0,False
41900401,195,195,0.0,0.0,0.0,0.0,116.00000007817715,97.99999999669495,1.0,-116.00000007817715,-97.99999999669495,0.0,False
41900402,182,182,0.0,0.0,0.0,0.0,124.00000001253426,114.00000007700461,1.0,-124.00000001253426,-114.00000007700461,0.0,False
41900403,197,197,0.0,0.0,0.0,0.0,115.0000000998201,103.99999994303187,1.0,-115.0000000998201,-103.99999994303187,0.0,False
41900404,182,182,0.0,0.0,0.0,0.0,96.00000001526168,102.00000000667093,1.0,-96.00000001526168,-102.00000000667093,0.0,False
41900405,186,186,0.0,0.0,0.0,0.0,108.00000002447442,111.00000000650827,1.0,-108.00000002447442,-111.00000000650827,0.0,False
41900406,186,186,0.0,0.0,0.0,0.0,93.00000001275338,106.0000000020964,1.0,-93.00000001275338,-106.0000000020964,0.0,False
42000101,203,203,0.0,0.0,0.0,0.0,125.00000001822316,118.00000004077022,1.0,-125.00000001822316,-118.00000004077022,0.0,False
42000102,195,195,0.0,0.0,0.0,0.0,120.0000005919455,94.99999958984634,1.0,-120.0000005919455,-94.99999958984634,0.0,False
42000103,202,202,0.0,0.0,0.0,0.0,102.99999995867503,132.00000034831038,1.0,-102.99999995867503,-132.00000034831038,0.0,False
42000104,216,216,0.0,0.0,0.0,0.0,122.00000051611718,113.99999960334809,1.0,-122.00000051611718,-113.99999960334809,0.0,False
42000105,204,204,0.0,0.0,0.0,0.0,129.00000004432718,111.99999996976447,1.0,-129.00000004432718,-111.99999996976447,0.0,False
42000111,186,186,0.0,0.0,0.0,0.0,104.00000022928504,92.99999995374489,1.0,-104.00000022928504,-92.99999995374489,0.0,False
42000112,202,202,0.0,0.0,0.0,0.0,129.99999999827827,108.0000000831923,1.0,-129.99999999827827,-108.0000000831923,0.0,False
42000113,191,191,0.0,0.0,0.0,0.0,124.9798115885827,119.02018847381305,1.0,-124.9798115885827,-119.02018847381305,0.0,False
42000114,192,192,0.0,0.0,0.0,0.0,126.00000005466542,140.99999997236878,1.0,-126.00000005466542,-140.99999997236878,0.0,False
42000115,189,189,0.0,0.0,0.0,0.0,123.00000005378705,108.99999998995993,1.0,-123.00000005378705,-108.99999998995993,0.0,False
42000121,218,218,0.0,0.0,0.0,0.0,109.00011874475581,107.00011444576924,1.0,-109.00011874475581,-107.00011444576924,0.0,False
42000122,191,191,0.0,0.0,0.0,0.0,131.99999982842016,98.00000031533173,1.0,-131.99999982842016,-98.00000031533173,0.0,False
42000123,202,202,0.0,0.0,0.0,0.0,84.0000001463996,112.99999993334782,1.0,-84.0000001463996,-112.99999993334782,0.0,False
42000124,201,201,0.0,0.0,0.0,0.0,103.00000003692779,119.99999996307226,1.0,-103.00000003692779,-119.99999996307226,0.0,False
42000131,186,186,0.0,0.0,0.0,0.0,105.00000002837643,107.00000000539681,1.0,-105.00000002837643,-107.00000000539681,0.0,False
42000132,199,199,0.0,0.0,0.0,0.0,100.9999999940167,92.00000003681534,1.0,-100.9999999940167,-92.00000003681534,0.0,False
42000133,185,185,0.0,0.0,0.0,0.0,104.99999999013978,94.00000012362428,1.0,-104.99999999013978,-94.00000012362428,0.0,False
42000134,186,186,0.0,0.0,0.0,0.0,112.99999992648462,96.00000010556981,1.0,-112.99999992648462,-96.00000010556981,0.0,False
42000135,182,182,0.0,0.0,0.0,0.0,89.00000004762919,102.9999999524341,1.0,-89.00000004762919,-102.9999999524341,0.0,False
42000141,195,195,0.0,0.0,0.0,0.0,109.0000000418353,112.00000006303715,1.0,-109.0000000418353,-112.00000006303715,0.0,False
42000142,201,201,0.0,0.0,0.0,0.0,141.00000002692892,129.00000012168275,1.0,-141.00000002692892,-129.00000012168275,0.0,False
42000143,194,194,0.0,0.0,0.0,0.0,110.99999999314029,121.00000003741965,1.0,-110.99999999314029,-121.00000003741965,0.0,False
42000144,201,201,0.0,0.0,0.0,0.0,113.0000001579356,120.00000004264419,1.0,-113.0000001579356,-120.00000004264419,0.0,False
42000145,204,204,0.0,0.0,0.0,0.0,125.99999997264268,110.00000005898127,1.0,-125.99999997264268,-110.00000005898127,0.0,False
42000151,181,181,0.0,0.0,0.0,0.0,98.99999995910723,90.00000012151885,1.0,-98.99999995910723,-90.00000012151885,0.0,False
42000152,182,182,0.0,0.0,0.0,0.0,101.9999999801178,109.0000004021927,1.0,-101.9999999801178,-109.0000004021927,0.0,False
42000153,198,198,0.0,0.0,0.0,0.0,109.00000000391204,95.00000000926185,1.0,-109.00000000391204,-95.00000000926185,0.0,False
42000154,194,194,0.0,0.0,0.0,0.0,92.00000000764874,100.0000000568217,1.0,-92.00000000764874,-100.0000000568217,0.0,False
42000155,199,199,0.0,0.0,0.0,0.0,115.00000012971674,85.00000011690823,1.0,-115.00000012971674,-85.00000011690823,0.0,False
42000156,177,177,0.0,0.0,0.0,0.0,100.00000013847885,112.9999999220729,1.0,-100.00000013847885,-112.9999999220729,0.0,False
42000161,183,183,0.0,0.0,0.0,0.0,109.00000000512634,123.00000002162311,1.0,-109.00000000512634,-123.00000002162311,0.0,False
42000162,192,192,0.0,0.0,0.0,0.0,127.99999992456628,109.00000013821433,1.0,-127.99999992456628,-109.00000013821433,0.0,False
42000163,192,192,0.0,0.0,0.0,0.0,114.99999985332485,120.00000052516833,1.0,-114.99999985332485,-120.00000052516833,0.0,False
42000164,185,185,0.0,0.0,0.0,0.0,115.00000010445258,95.00000018432439,1.0,-115.00000010445258,-95.00000018432439,0.0,False
42000165,226,222,0.0,0.0,0.0,0.0,143.0,140.0,0.9823008849557522,-143.0,-140.0,0.0,False
42000166,192,192,0.0,0.0,0.0,0.0,114.99999997596242,126.00000003584661,1.0,-114.99999997596242,-126.00000003584661,0.0,False
42000171,174,174,0.0,0.0,0.0,0.0,103.00000007202483,113.0000000709394,1.0,-103.00000007202483,-113.0000000709394,0.0,False
42000172,196,196,0.0,0.0,0.0,0.0,121.0000000812671,127.00000002088368,1.0,-121.0000000812671,-127.00000002088368,0.0,False
42000173,172,172,0.0,0.0,0.0,0.0,108.00000071818698,117.99999956407515,1.0,-108.00000071818698,-117.99999956407515,0.0,False
42000174,185,185,0.0,0.0,0.0,0.0,81.00000008208528,105.99999994860755,1.0,-81.00000008208528,-105.99999994860755,0.0,False
42000175,182,182,0.0,0.0,0.0,0.0,99.99999968964464,105.00000057980228,1.0,-99.99999968964464,-105.00000057980228,0.0,False
42000176,194,194,0.0,0.0,0.0,0.0,96.99999999361235,104.00000012345112,1.0,-96.99999999361235,-104.00000012345112,0.0,False
42000177,187,187,0.0,0.0,0.0,0.0,126.00000011499469,111.00000001655013,1.0,-126.00000011499469,-111.00000001655013,0.0,False
42000201,213,213,0.0,0.0,0.0,0.0,124.00000002664824,128.00000006613757,1.0,-124.00000002664824,-128.00000006613757,0.0,False
42000202,193,193,0.0,0.0,0.0,0.0,118.00000014188765,102.0000000410735,1.0,-118.00000014188765,-102.0000000410735,0.0,False
42000203,191,191,0.0,0.0,0.0,0.0,111.00000014868688,126.99999989099618,1.0,-111.00000014868688,-126.99999989099618,0.0,False
42000204,196,196,0.0,0.0,0.0,0.0,103.0000000192435,100.00000003814723,1.0,-103.0000000192435,-100.00000003814723,0.0,False
42000205,195,195,0.0,0.0,0.0,0.0,106.00000005225031,109.00000001675392,1.0,-106.00000005225031,-109.00000001675392,0.0,False
42000206,199,199,0.0,0.0,0.0,0.0,99.0000000416785,103.99999999856128,1.0,-99.0000000416785,-103.99999999856128,0.0,False
42000207,197,197,0.0,0.0,0.0,0.0,96.00000001996189,103.00000005510975,1.0,-96.00000001996189,-103.00000005510975,0.0,False
42000211,207,207,0.0,0.0,0.0,0.0,115.00000017136918,106.99999994208426,1.0,-115.00000017136918,-106.99999994208426,0.0,False
42000212,186,186,0.0,0.0,0.0,0.0,125.00000007829742,85.99999996919237,1.0,-125.00000007829742,-85.99999996919237,0.0,False
42000213,193,193,0.0,0.0,0.0,0.0,86.00000012571262,82.99999996307085,1.0,-86.00000012571262,-82.99999996307085,0.0,False
42000214,205,205,0.0,0.0,0.0,0.0,107.0000001907753,95.99999991400968,1.0,-107.0000001907753,-95.99999991400968,0.0,False
42000215,192,192,0.0,0.0,0.0,0.0,113.99999999947445,108.00000001129862,1.0,-113.99999999947445,-108.00000001129862,0.0,False
42000216,186,186,0.0,0.0,0.0,0.0,104.00000040437547,88.99999966951749,1.0,-104.00000040437547,-88.99999966951749,0.0,False
42000217,189,189,0.0,0.0,0.0,0.0,110.99999985465828,115.00000015145842,1.0,-110.99999985465828,-115.00000015145842,0.0,False
42000221,185,185,0.0,0.0,0.0,0.0,112.00000007584391,109.00000010131184,1.0,-112.00000007584391,-109.00000010131184,0.0,False
42000222,194,194,0.0,0.0,0.0,0.0,117.00000028888017,110.999999789541,1.0,-117.00000028888017,-110.999999789541,0.0,False
42000223,187,187,0.0,0.0,0.0,0.0,132.0000000917356,106.00000001639003,1.0,-132.0000000917356,-106.00000001639003,0.0,False
42000224,186,186,0.0,0.0,0.0,0.0,117.99999999532912,104.00000010487096,1.0,-117.99999999532912,-104.00000010487096,0.0,False
42000225,189,189,0.0,0.0,0.0,0.0,110.99999978177163,119.00000056333725,1.0,-110.99999978177163,-119.00000056333725,0.0,False
42000226,184,184,0.0,0.0,0.0,0.0,131.0000001545067,119.00000021426233,1.0,-131.0000001545067,-119.00000021426233,0.0,False
42000231,188,188,0.0,0.0,0.0,0.0,122.00000002402446,105.00000000887326,1.0,-122.00000002402446,-105.00000000887326,0.0,False
42000232,196,196,0.0,0.0,0.0,0.0,123.0000000752678,97.99999997015276,1.0,-123.0000000752678,-97.99999997015276,0.0,False
42000233,191,191,0.0,0.0,0.0,0.0,102.00000001625816,116.00000003062182,1.0,-102.00000001625816,-116.00000003062182,0.0,False
42000234,211,211,0.0,0.0,0.0,0.0,117.99999999461022,125.00000012915939,1.0,-117.99999999461022,-125.00000012915939,0.0,False
42000301,203,203,0.0,0.0,0.0,0.0,112.99999999753953,116.00000005609685,1.0,-112.99999999753953,-116.00000005609685,0.0,False
42000302,199,199,0.0,0.0,0.0,0.0,124.99999942714742,91.00000073860963,1.0,-124.99999942714742,-91.00000073860963,0.0,False
42000303,184,184,0.0,0.0,0.0,0.0,102.00000001725671,113.00000002240282,1.0,-102.00000001725671,-113.00000002240282,0.0,False
42000304,186,186,0.0,0.0,0.0,0.0,110.0000000087907,88.00000002697962,1.0,-110.0000000087907,-88.00000002697962,0.0,False
42000305,190,190,0.0,0.0,0.0,0.0,122.9999999694266,112.00000007739527,1.0,-122.9999999694266,-112.00000007739527,0.0,False
42000306,199,199,0.0,0.0,0.0,0.0,107.00000002725807,118.00000001238364,1.0,-107.00000002725807,-118.00000001238364,0.0,False
42000311,186,186,0.0,0.0,0.0,0.0,120.00000017172532,113.9999999974924,1.0,-120.00000017172532,-113.9999999974924,0.0,False
42000312,181,181,0.0,0.0,0.0,0.0,104.00000016160928,103.0000000527729,1.0,-104.00000016160928,-103.0000000527729,0.0,False
42000313,188,188,0.0,0.0,0.0,0.0,106.00000020727971,91.99999998357762,1.0,-106.00000020727971,-91.99999998357762,0.0,False
42000314,184,184,0.0,0.0,0.0,0.0,79.99999995081636,84.00000015517382,1.0,-79.99999995081636,-84.00000015517382,0.0,False
42000315,193,193,0.0,0.0,0.0,0.0,101.99999998893568,116.00000012681681,1.0,-101.99999998893568,-116.00000012681681,0.0,False
42000316,185,185,0.0,0.0,0.0,0.0,103.00000005037424,129.99999997372697,1.0,-103.00000005037424,-129.99999997372697,0.0,False
42000401,202,202,0.0,0.0,0.0,0.0,118.0000000191354,104.99999998922503,1.0,-118.0000000191354,-104.99999998922503,0.0,False
42000402,188,188,0.0,0.0,0.0,0.0,118.0000002306929,107.99999989928207,1.0,-118.0000002306929,-107.99999989928207,0.0,False
42000403,193,193,0.0,0.0,0.0,0.0,120.00000000436418,100.00000003129273,1.0,-120.00000000436418,-100.00000003129273,0.0,False
42000404,192,192,0.0,0.0,0.0,0.0,109.00000000417766,103.00000000091866,1.0,-109.00000000417766,-103.00000000091866,0.0,False
42000405,182,182,0.0,0.0,0.0,0.0,119.00000000334026,123.00000001235074,1.0,-119.00000000334026,-123.00000001235074,0.0,False
42000406,204,204,0.0,0.0,0.0,0.0,105.00000009087971,98.00000001227232,1.0,-105.00000009087971,-98.00000001227232,0.0,False
42100101,194,194,0.0,0.0,0.0,0.0,115.00000007036758,91.0000000382815,1.0,-115.00000007036758,-91.0000000382815,0.0,False
42100102,197,197,0.0,0.0,0.0,0.0,115.00000013114638,105.00000003394246,1.0,-115.00000013114638,-105.00000003394246,0.0,False
42100103,188,188,0.0,0.0,0.0,0.0,110.99999997542061,110.00000013004292,1.0,-110.99999997542061,-110.00000013004292,0.0,False
42100104,175,175,0.0,0.0,0.0,0.0,86.00000015042865,110.00000011541863,1.0,-86.00000015042865,-110.00000011541863,0.0,False
42100105,180,180,0.0,0.0,0.0,0.0,97.00000003055499,93.9999999977443,1.0,-97.00000003055499,-93.9999999977443,0.0,False
42100111,195,195,0.0,0.0,0.0,0.0,114.99999982772695,114.00000024101165,1.0,-114.99999982772695,-114.00000024101165,0.0,False
42100112,188,188,0.0,0.0,0.0,0.0,114.00000005142134,107.00000001818407,1.0,-114.00000005142134,-107.00000001818407,0.0,False
42100113,179,179,0.0,0.0,0.0,0.0,103.00000003229727,109.00000005975976,1.0,-103.00000003229727,-109.00000005975976,0.0,False
42100114,191,191,0.0,0.0,0.0,0.0,112.00000001904036,116.00000003658506,1.0,-112.00000001904036,-116.00000003658506,0.0,False
42100121,201,201,0.0,0.0,0.0,0.0,93.00000002751652,86.00000002957725,1.0,-93.00000002751652,-86.00000002957725,0.0,False
42100122,201,201,0.0,0.0,0.0,0.0,109.9999999685507,114.00000018963878,1.0,-109.9999999685507,-114.00000018963878,0.0,False
42100123,193,193,0.0,0.0,0.0,0.0,81.00000003546803,111.00000000991409,1.0,-81.00000003546803,-111.00000000991409,0.0,False
42100124,200,200,0.0,0.0,0.0,0.0,94.99999998951895,119.00000005351593,1.0,-94.99999998951895,-119.00000005351593,0.0,False
42100125,210,210,0.0,0.0,0.0,0.0,116.00000001629967,100.00000000972075,1.0,-116.00000001629967,-100.00000000972075,0.0,False
42100131,180,180,0.0,0.0,0.0,0.0,130.99999999453345,111.00000006307815,1.0,-130.99999999453345,-111.00000006307815,0.0,False
42100132,178,178,0.0,0.0,0.0,0.0,112.00000000164057,97.00000000136097,1.0,-112.00000000164057,-97.00000000136097,0.0,False
42100133,187,187,0.0,0.0,0.0,0.0,100.99999991805373,104.0000001410419,1.0,-100.99999991805373,-104.0000001410419,0.0,False
42100134,197,197,0.0,0.0,0.0,0.0,110.00000013337403,102.00000014759917,1.0,-110.00000013337403,-102.00000014759917,0.0,False
42100135,188,188,0.0,0.0,0.0,0.0,88.0000009902073,103.00000013550527,1.0,-88.0000009902073,-103.00000013550527,0.0,False
42100136,187,187,0.0,0.0,0.0,0.0,97.00000003113354,131.99999999962066,1.0,-97.00000003113354,-131.99999999962066,0.0,False
42100141,182,182,0.0,0.0,0.0,0.0,109.99999993051968,99.00000013910382,1.0,-109.99999993051968,-99.00000013910382,0.0,False
42100142,194,194,0.0,0.0,0.0,0.0,114.00000005397453,124.99999999844883,1.0,-114.00000005397453,-124.99999999844883,0.0,False
42100143,188,188,0.0,0.0,0.0,0.0,111.000000069621,114.00000044812961,1.0,-111.000000069621,-114.00000044812961,0.0,False
42100144,181,181,0.0,0.0,0.0,0.0,118.0000000698482,102.99999998241088,1.0,-118.0000000698482,-102.99999998241088,0.0,False
42100145,192,192,0.0,0.0,0.0,0.0,111.99999996280579,97.00000023011594,1.0,-111.99999996280579,-97.00000023011594,0.0,False
42100146,185,185,0.0,0.0,0.0,0.0,109.00000001650054,115.00000007311887,1.0,-109.00000001650054,-115.00000007311887,0.0,False
42100151,209,209,0.0,0.0,0.0,0.0,117.00000001947272,130.00000003472957,1.0,-117.00000001947272,-130.00000003472957,0.0,False
42100152,202,202,0.0,0.0,0.0,0.0,124.00000014014725,95.99999989659695,1.0,-124.00000014014725,-95.99999989659695,0.0,False
42100153,193,193,0.0,0.0,0.0,0.0,95.00000008015483,104.00000013705264,1.0,-95.00000008015483,-104.00000013705264,0.0,False
42100154,205,205,0.0,0.0,0.0,0.0,118.99999995468272,118.00000010799347,1.0,-118.99999995468272,-118.00000010799347,0.0,False
42100155,215,215,0.0,0.0,0.0,0.0,111.00000002871269,109.00000003548811,1.0,-111.00000002871269,-109.00000003548811,0.0,False
42100156,200,200,0.0,0.0,0.0,0.0,106.00000027313732,113.9999998581544,1.0,-106.00000027313732,-113.9999998581544,0.0,False
42100161,188,188,0.0,0.0,0.0,0.0,123.0000000931586,107.00000002553777,1.0,-123.0000000931586,-107.00000002553777,0.0,False
42100162,189,189,0.0,0.0,0.0,0.0,126.00000003447829,106.00000002032792,1.0,-126.00000003447829,-106.00000002032792,0.0,False
42100163,196,196,0.0,0.0,0.0,0.0,113.00000005571944,118.00000006781394,1.0,-113.00000005571944,-118.00000006781394,0.0,False
42100164,202,202,0.0,0.0,0.0,0.0,126.00000013778082,120.99999990043943,1.0,-126.00000013778082,-120.99999990043943,0.0,False
42100165,187,187,0.0,0.0,0.0,0.0,102.00000006838447,98.00000000521047,1.0,-102.00000006838447,-98.00000000521047,0.0,False
42100171,180,180,0.0,0.0,0.0,0.0,93.00000015589134,98.9999999828712,1.0,-93.00000015589134,-98.9999999828712,0.0,False
42100172,177,177,0.0,0.0,0.0,0.0,110.00000012266915,103.99999990223642,1.0,-110.00000012266915,-103.99999990223642,0.0,False
42100173,189,189,0.0,0.0,0.0,0.0,117.99999923766565,126.00000076472871,1.0,-117.99999923766565,-126.00000076472871,0.0,False
42100174,179,179,0.0,0.0,0.0,0.0,100.00000000943619,99.00000003960096,1.0,-100.00000000943619,-99.00000003960096,0.0,False
42100175,182,182,0.0,0.0,0.0,0.0,102.0000000751439,77.00000009718511,1.0,-102.0000000751439,-77.00000009718511,0.0,False
42100176,183,183,0.0,0.0,0.0,0.0,96.00000007904804,98.00000000266108,1.0,-96.00000007904804,-98.00000000266108,0.0,False
42100201,185,185,0.0,0.0,0.0,0.0,106.00000007202803,91.99999996083064,1.0,-106.00000007202803,-91.99999996083064,0.0,False
42100202,188,188,0.0,0.0,0.0,0.0,118.99999997942535,103.00000018287534,1.0,-118.99999997942535,-103.00000018287534,0.0,False
42100203,176,176,0.0,0.0,0.0,0.0,99.00000007653618,79.00000009931144,1.0,-99.00000007653618,-79.00000009931144,0.0,False
42100204,194,194,0.0,0.0,0.0,0.0,115.99999992703087,108.00000011847159,1.0,-115.99999992703087,-108.00000011847159,0.0,False
42100205,185,185,0.0,0.0,0.0,0.0,120.00000006859932,85.0000001238304,1.0,-120.00000006859932,-85.0000001238304,0.0,False
42100206,180,180,0.0,0.0,0.0,0.0,89.99999963044426,99.0000006960249,1.0,-89.99999963044426,-99.0000006960249,0.0,False
42100211,201,201,0.0,0.0,0.0,0.0,89.00000004285175,101.00000001419723,1.0,-89.00000004285175,-101.00000001419723,0.0,False
42100212,184,184,0.0,0.0,0.0,0.0,109.00000004031196,86.00000003840795,1.0,-109.00000004031196,-86.00000003840795,0.0,False
42100213,204,204,0.0,0.0,0.0,0.0,103.0000000343212,100.99999999742559,1.0,-103.0000000343212,-100.99999999742559,0.0,False
42100214,195,195,0.0,0.0,0.0,0.0,108.00000001514184,116.00000000778395,1.0,-108.00000001514184,-116.00000000778395,0.0,False
42100215,186,186,0.0,0.0,0.0,0.0,107.0000000311412,110.00000007913522,1.0,-107.0000000311412,-110.00000007913522,0.0,False
42100216,189,189,0.0,0.0,0.0,0.0,95.00000007558415,108.0000000114326,1.0,-95.00000007558415,-108.0000000114326,0.0,False
42100217,198,198,0.0,0.0,0.0,0.0,109.00000000072289,81.00000002754665,1.0,-109.00000000072289,-81.00000002754665,0.0,False
42100221,187,187,0.0,0.0,0.0,0.0,121.00000049660382,113.99999962584808,1.0,-121.00000049660382,-113.99999962584808,0.0,False
42100222,188,188,0.0,0.0,0.0,0.0,129.00000001190688,109.00000003283805,1.0,-129.00000001190688,-109.00000003283805,0.0,False
42100223,177,177,0.0,0.0,0.0,0.0,102.99999991244525,94.00000009954022,1.0,-102.99999991244525,-94.00000009954022,0.0,False
42100224,186,186,0.0,0.0,0.0,0.0,111.00000022148456,100.9999999877397,1.0,-111.00000022148456,-100.9999999877397,0.0,False
42100225,187,187,0.0,0.0,0.0,0.0,110.00000027300655,80.00000042325776,1.0,-110.00000027300655,-80.00000042325776,0.0,False
42100226,186,186,0.0,0.0,0.0,0.0,113.00000002847311,86.00000004718672,1.0,-113.00000002847311,-86.00000004718672,0.0,False
42100227,184,184,0.0,0.0,0.0,0.0,90.0000001042756,123.00000000765267,1.0,-90.0000001042756,-123.00000000765267,0.0,False
42100231,201,201,0.0,0.0,0.0,0.0,116.0000000411128,117.00000001958888,1.0,-116.0000000411128,-117.00000001958888,0.0,False
42100232,202,202,0.0,0.0,0.0,0.0,105.99999988798486,101.0000004022004,1.0,-105.99999988798486,-101.0000004022004,0.0,False
42100233,202,202,0.0,0.0,0.0,0.0,142.00000006315108,112.0000000021516,1.0,-142.00000006315108,-112.0000000021516,0.0,False
42100234,206,206,0.0,0.0,0.0,0.0,101.00000001434347,97.99999999880623,1.0,-101.00000001434347,-97.99999999880623,0.0,False
42100235,205,205,0.0,0.0,0.0,0.0,134.00000009809995,95.00000003844603,1.0,-134.00000009809995,-95.00000003844603,0.0,False
42100236,198,198,0.0,0.0,0.0,0.0,110.00000002936241,96.00000007986765,1.0,-110.00000002936241,-96.00000007986765,0.0,False
42100301,194,194,0.0,0.0,0.0,0.0,118.00000001687847,107.00000002465886,1.0,-118.00000001687847,-107.00000002465886,0.0,False
42100302,188,188,0.0,0.0,0.0,0.0,102.00000033317083,127.00000010063268,1.0,-102.00000033317083,-127.00000010063268,0.0,False
42100303,188,188,0.0,0.0,0.0,0.0,103.0000001169393,108.99999990318562,1.0,-103.0000001169393,-108.99999990318562,0.0,False
42100304,183,183,0.0,0.0,0.0,0.0,102.0000003899253,81.99999992668991,1.0,-102.0000003899253,-81.99999992668991,0.0,False
42100305,182,182,0.0,0.0,0.0,0.0,80.00000020835603,93.00000013749556,1.0,-80.00000020835603,-93.00000013749556,0.0,False
42100306,191,191,0.0,0.0,0.0,0.0,103.00000019090805,111.0000000037761,1.0,-103.00000019090805,-111.0000000037761,0.0,False
42100307,193,193,0.0,0.0,0.0,0.0,95.99999999081533,100.00000001726963,1.0,-95.99999999081533,-100.00000001726963,0.0,False
42100311,192,192,0.0,0.0,0.0,0.0,111.99999997804133,87.0000000289908,1.0,-111.99999997804133,-87.0000000289908,0.0,False
42100312,194,194,0.0,0.0,0.0,0.0,125.99999997016089,117.00000013731271,1.0,-125.99999997016089,-117.00000013731271,0.0,False
42100313,182,182,0.0,0.0,0.0,0.0,99.9999993599118,109.00000108636968,1.0,-99.9999993599118,-109.00000108636968,0.0,False
42100314,195,195,0.0,0.0,0.0,0.0,118.99999980364092,109.00000034450755,1.0,-118.99999980364092,-109.00000034450755,0.0,False
42100315,183,183,0.0,0.0,0.0,0.0,119.99999992179961,110.00000022897467,1.0,-119.99999992179961,-110.00000022897467,0.0,False
42100401,186,186,0.0,0.0,0.0,0.0,108.00000009065784,120.00000000562125,1.0,-108.00000009065784,-120.00000000562125,0.0,False
42100402,192,192,0.0,0.0,0.0,0.0,106.99999991251654,88.00000015672167,1.0,-106.99999991251654,-88.00000015672167,0.0,False
42100403,188,188,0.0,0.0,0.0,0.0,115.99999998264268,100.00000012658923,1.0,-115.99999998264268,-100.00000012658923,0.0,False
42100404,190,190,0.0,0.0,0.0,0.0,97.00000004069452,107.00000003437924,1.0,-97.00000004069452,-107.00000003437924,0.0,False
42100405,192,192,0.0,0.0,0.0,0.0,103.99999998668389,94.00000005645933,1.0,-103.99999998668389,-94.00000005645933,0.0,False
42100406,186,186,0.0,0.0,0.0,0.0,90.0000000481152,103.00000008628832,1.0,-90.0000000481152,-103.00000008628832,0.0,False
42200101,203,203,0.0,0.0,0.0,0.0,117.00000001001506,130.00000002301618,1.0,-117.00000001001506,-130.00000002301618,0.0,False
42200102,203,203,0.0,0.0,0.0,0.0,138.00000003857798,122.0000000051163,1.0,-138.00000003857798,-122.0000000051163,0.0,False
42200103,195,195,0.0,0.0,0.0,0.0,121.00000038898912,98.99999999435002,1.0,-121.00000038898912,-98.99999999435002,0.0,False
42200104,206,206,0.0,0.0,0.0,0.0,119.00000008326435,113.9999999721589,1.0,-119.00000008326435,-113.9999999721589,0.0,False
42200105,226,226,0.0,0.0,0.0,0.0,126.00000004921831,127.99999999760698,1.0,-126.00000004921831,-127.99999999760698,0.0,False
42200111,204,204,0.0,0.0,0.0,0.0,112.0000000095287,99.0000000107374,1.0,-112.0000000095287,-99.0000000107374,0.0,False
42200112,202,202,0.0,0.0,0.0,0.0,119.00000002293774,106.00000002326652,1.0,-119.00000002293774,-106.00000002326652,0.0,False
42200113,205,205,0.0,0.0,0.0,0.0,130.000000023173,122.00000001277351,1.0,-130.000000023173,-122.00000001277351,0.0,False
42200114,210,210,0.0,0.0,0.0,0.0,120.9999999430099,129.00000008570404,1.0,-120.9999999430099,-129.00000008570404,0.0,False
42200115,191,191,0.0,0.0,0.0,0.0,117.00000001439678,119.00000004537729,1.0,-117.00000001439678,-119.00000004537729,0.0,False
42200116,193,193,0.0,0.0,0.0,0.0,120.00000016057845,127.99999997539426,1.0,-120.00000016057845,-127.99999997539426,0.0,False
42200121,180,180,0.0,0.0,0.0,0.0,121.0000002236837,100.9999999447468,1.0,-121.0000002236837,-100.9999999447468,0.0,False
42200122,181,181,0.0,0.0,0.0,0.0,96.00000011182887,84.00000003971918,1.0,-96.00000011182887,-84.00000003971918,0.0,False
42200123,179,179,0.0,0.0,0.0,0.0,97.00000064137843,101.99999971533227,1.0,-97.00000064137843,-101.99999971533227,0.0,False
42200124,177,177,0.0,0.0,0.0,0.0,88.00000003954051,96.00000003079685,1.0,-88.00000003954051,-96.00000003079685,0.0,False
42200131,189,189,0.0,0.0,0.0,0.0,97.00000015637903,101.00000003419265,1.0,-97.00000015637903,-101.00000003419265,0.0,False
42200132,182,182,0.0,0.0,0.0,0.0,107.00000008218903,90.00000010403826,1.0,-107.00000008218903,-90.00000010403826,0.0,False
42200133,188,188,0.0,0.0,0.0,0.0,99.00000004892487,79.00000004075456,1.0,-99.00000004892487,-79.00000004075456,0.0,False
42200134,178,178,0.0,0.0,0.0,0.0,102.00000004519201,93.00000000908302,1.0,-102.00000004519201,-93.00000000908302,0.0,False
42200135,179,179,0.0,0.0,0.0,0.0,94.99999996115466,106.00000007869743,1.0,-94.99999996115466,-106.00000007869743,0.0,False
42200141,187,187,0.0,0.0,0.0,0.0,109.00000006945228,80.00000014019061,1.0,-109.00000006945228,-80.00000014019061,0.0,False
42200142,188,188,0.0,0.0,0.0,0.0,122.00000002874498,113.00000000856437,1.0,-122.00000002874498,-113.00000000856437,0.0,False
42200143,199,199,0.0,0.0,0.0,0.0,110.99999997764321,120.00000005122537,1.0,-110.99999997764321,-120.00000005122537,0.0,False
42200144,201,201,0.0,0.0,0.0,0.0,114.00000008321173,107.99999998462053,1.0,-114.00000008321173,-107.99999998462053,0.0,False
42200145,188,188,0.0,0.0,0.0,0.0,112.0000000612912,109.0000000110889,1.0,-112.0000000612912,-109.0000000110889,0.0,False
42200151,199,199,0.0,0.0,0.0,0.0,112.00000001801278,128.00000001715577,1.0,-112.00000001801278,-128.00000001715577,0.0,False
42200152,190,190,0.0,0.0,0.0,0.0,103.00000003295415,93.00000002975595,1.0,-103.00000003295415,-93.00000002975595,0.0,False
42200153,202,202,0.0,0.0,0.0,0.0,111.00000004487929,101.00000010329306,1.0,-111.00000004487929,-101.00000010329306,0.0,False
42200154,216,216,0.0,0.0,0.0,0.0,117.0000000115123,111.0000000157619,1.0,-117.0000000115123,-111.0000000157619,0.0,False
42200155,199,199,0.0,0.0,0.0,0.0,116.000000101474,98.9999999654089,1.0,-116.000000101474,-98.9999999654089,0.0,False
42200156,206,206,0.0,0.0,0.0,0.0,124.99999955691185,85.00000069106895,1.0,-124.99999955691185,-85.00000069106895,0.0,False
42200161,210,210,0.0,0.0,0.0,0.0,126.00000000390996,123.00000000630986,1.0,-126.00000000390996,-123.00000000630986,0.0,False
42200162,204,204,0.0,0.0,0.0,0.0,114.00000023544149,106.00000007813208,1.0,-114.00000023544149,-106.00000007813208,0.0,False
42200163,203,203,0.0,0.0,0.0,0.0,113.9999996254268,97.00000066121326,1.0,-113.9999996254268,-97.00000066121326,0.0,False
42200164,207,207,0.0,0.0,0.0,0.0,126.00000016656574,124.99999996432724,1.0,-126.00000016656574,-124.99999996432724,0.0,False
42200165,209,209,0.0,0.0,0.0,0.0,115.9999999912872,123.00000004240177,1.0,-115.9999999912872,-123.00000004240177,0.0,False
42200166,215,215,0.0,0.0,0.0,0.0,99.00000003448012,117.99999999038201,1.0,-99.00000003448012,-117.99999999038201,0.0,False
42200167,195,195,0.0,0.0,0.0,0.0,100.00000000515404,120.00000001813912,1.0,-100.00000000515404,-120.00000001813912,0.0,False
42200171,203,203,0.0,0.0,0.0,0.0,110.0000000018677,115.00000011619048,1.0,-110.0000000018677,-115.00000011619048,0.0,False
42200172,185,185,0.0,0.0,0.0,0.0,122.99999999512448,109.00000005988718,1.0,-122.99999999512448,-109.00000005988718,0.0,False
42200173,206,206,0.0,0.0,0.0,0.0,124.00000003854606,129.0000000429738,1.0,-124.00000003854606,-129.0000000429738,0.0,False
42200174,192,192,0.0,0.0,0.0,0.0,99.9999999972088,112.00000002153756,1.0,-99.9999999972088,-112.00000002153756,0.0,False
42200175,200,200,0.0,0.0,0.0,0.0,136.0000001124181,129.99999990518683,1.0,-136.0000001124181,-129.99999990518683,0.0,False
42200201,188,188,0.0,0.0,0.0,0.0,100.9999999761879,108.000000056788,1.0,-100.9999999761879,-108.000000056788,0.0,False
42200202,178,178,0.0,0.0,0.0,0.0,111.00000021853928,104.99999996161196,1.0,-111.00000021853928,-104.99999996161196,0.0,False
42200203,192,192,0.0,0.0,0.0,0.0,104.99999988328092,86.00000028801354,1.0,-104.99999988328092,-86.00000028801354,0.0,False
42200204,183,183,0.0,0.0,0.0,0.0,109.00000009752746,101.00000000321207,1.0,-109.00000009752746,-101.00000000321207,0.0,False
42200205,185,185,0.0,0.0,0.0,0.0,112.00000004176883,103.00000001279437,1.0,-112.00000004176883,-103.00000001279437,0.0,False
42200206,177,177,0.0,0.0,0.0,0.0,96.00000001397122,92.00000002553082,1.0,-96.00000001397122,-92.00000002553082,0.0,False
42200211,179,179,0.0,0.0,0.0,0.0,115.00000004057826,118.99999999884295,1.0,-115.00000004057826,-118.99999999884295,0.0,False
42200212,188,188,0.0,0.0,0.0,0.0,121.00000000147554,87.0000000692695,1.0,-121.00000000147554,-87.0000000692695,0.0,False
42200213,190,190,0.0,0.0,0.0,0.0,101.99999999775248,114.00000001338708,1.0,-101.99999999775248,-114.00000001338708,0.0,False
42200214,188,179,0.0,0.0,0.0,0.0,109.0,109.0,0.9521276595744681,-109.0,-109.0,0.0,False
42200215,189,189,0.0,0.0,0.0,0.0,103.00000011224714,114.99999998951124,1.0,-103.00000011224714,-114.99999998951124,0.0,False
42200216,190,190,0.0,0.0,0.0,0.0,86.0000000179251,95.00000010055831,1.0,-86.0000000179251,-95.00000010055831,0.0,False
42200217,183,183,0.0,0.0,0.0,0.0,112.00000006953786,88.00000000541162,1.0,-112.00000006953786,-88.00000000541162,0.0,False
42200221,194,194,0.0,0.0,0.0,0.0,124.99999996216573,107.00000011931395,1.0,-124.99999996216573,-107.00000011931395,0.0,False
42200222,185,185,0.0,0.0,0.0,0.0,97.00000006429576,86.99999998866991,1.0,-97.00000006429576,-86.99999998866991,0.0,False
42200223,203,203,0.0,0.0,0.0,0.0,120.99999997028566,114.00000006968908,1.0,-120.99999997028566,-114.00000006968908,0.0,False
42200224,187,187,0.0,0.0,0.0,0.0,129.00000014442332,123.99999999149522,1.0,-129.00000014442332,-123.99999999149522,0.0,False
42200225,197,197,0.0,0.0,0.0,0.0,118.00000009269063,102.00000011213228,1.0,-118.00000009269063,-102.00000011213228,0.0,False
42200226,195,195,0.0,0.0,0.0,0.0,99.99999997975773,125.00000013676986,1.0,-99.99999997975773,-125.00000013676986,0.0,False
42200231,200,200,0.0,0.0,0.0,0.0,111.99999985494894,117.00000037470176,1.0,-111.99999985494894,-117.00000037470176,0.0,False
42200232,201,201,0.0,0.0,0.0,0.0,127.00000012283171,100.00000012082103,1.0,-127.00000012283171,-100.00000012082103,0.0,False
42200233,200,200,0.0,0.0,0.0,0.0,127.00000184989587,96.99999981101178,1.0,-127.00000184989587,-96.99999981101178,0.0,False
42200234,194,194,0.0,0.0,0.0,0.0,103.99999805883694,101.00000350745013,1.0,-103.99999805883694,-101.00000350745013,0.0,False
42200235,202,202,0.0,0.0,0.0,0.0,121.00000010795463,105.99999990071676,1.0,-121.00000010795463,-105.99999990071676,0.0,False
42200236,190,190,0.0,0.0,0.0,0.0,122.00000000542514,101.0000000580489,1.0,-122.00000000542514,-101.0000000580489,0.0,False
42200301,194,194,0.0,0.0,0.0,0.0,116.00000010114276,122.99999991984033,1.0,-116.00000010114276,-122.99999991984033,0.0,False
42200302,192,192,0.0,0.0,0.0,0.0,104.99999996500478,111.0000000551685,1.0,-104.99999996500478,-111.0000000551685,0.0,False
42200303,196,196,0.0,0.0,0.0,0.0,127.9999999966674,102.00000001275632,1.0,-127.9999999966674,-102.00000001275632,0.0,False
42200304,188,188,0.0,0.0,0.0,0.0,99.00000000671275,116.00000018276243,1.0,-99.00000000671275,-116.00000018276243,0.0,False
42200305,172,172,0.0,0.0,0.0,0.0,109.9999996287758,97.00000190861691,1.0,-109.9999996287758,-97.00000190861691,0.0,False
42200306,180,180,0.0,0.0,0.0,0.0,102.9999999857435,104.00000007153108,1.0,-102.9999999857435,-104.00000007153108,0.0,False
42200307,185,185,0.0,0.0,0.0,0.0,84.00000004184541,102.9999999828807,1.0,-84.00000004184541,-102.9999999828807,0.0,False
42200311,193,193,0.0,0.0,0.0,0.0,132.00000002061103,126.0000000195409,1.0,-132.00000002061103,-126.0000000195409,0.0,False
42200312,202,202,0.0,0.0,0.0,0.0,108.00000012075824,102.99999990986976,1.0,-108.00000012075824,-102.99999990986976,0.0,False
42200313,193,193,0.0,0.0,0.0,0.0,107.9999998496299,119.00000015145022,1.0,-107.9999998496299,-119.00000015145022,0.0,False
42200314,178,178,0.0,0.0,0.0,0.0,111.00000008651942,113.00000019066717,1.0,-111.00000008651942,-113.00000019066717,0.0,False
42200401,186,186,0.0,0.0,0.0,0.0,104.0000000638249,92.99999999126223,1.0,-104.0000000638249,-92.99999999126223,0.0,False
42200402,173,173,0.0,0.0,0.0,0.0,108.00000001094473,111.000000017362,1.0,-108.00000001094473,-111.000000017362,0.0,False
42200403,184,184,0.0,0.0,0.0,0.0,94.00000000051119,109.00000000204953,1.0,-94.00000000051119,-109.00000000204953,0.0,False
42200404,182,182,0.0,0.0,0.0,0.0,94.99999992323526,108.00000009696825,1.0,-94.99999992323526,-108.00000009696825,0.0,False
42200405,191,191,0.0,0.0,0.0,0.0,94.00000030325364,88.99999989226428,1.0,-94.00000030325364,-88.99999989226428,0.0,False
42300101,179,179,0.0,0.0,0.0,0.0,114.00000002794282,94.00000015206422,1.0,-114.00000002794282,-94.00000015206422,0.0,False
42300102,186,186,0.0,0.0,0.0,0.0,101.00000012071405,111.00000024469477,1.0,-101.00000012071405,-111.00000024469477,0.0,False
42300103,170,170,0.0,0.0,0.0,0.0,84.00000007873668,104.0000000292983,1.0,-84.00000007873668,-104.0000000292983,0.0,False
42300104,187,187,0.0,0.0,0.0,0.0,88.00000032399379,101.99999996199662,1.0,-88.00000032399379,-101.99999996199662,0.0,False
42300105,189,189,0.0,0.0,0.0,0.0,118.00000066838251,83.99999949770576,1.0,-118.00000066838251,-83.99999949770576,0.0,False
42300111,177,177,0.0,0.0,0.0,0.0,111.00000002622609,103.99999999203781,1.0,-111.00000002622609,-103.99999999203781,0.0,False
42300112,183,183,0.0,0.0,0.0,0.0,104.00000001659795,101.00000002417727,1.0,-104.00000001659795,-101.00000002417727,0.0,False
42300113,183,183,0.0,0.0,0.0,0.0,125.00000002794188,114.0000000192135,1.0,-125.00000002794188,-114.0000000192135,0.0,False
42300114,182,182,0.0,0.0,0.0,0.0,92.0000002114337,96.99999997855306,1.0,-92.0000002114337,-96.99999997855306,0.0,False
42300115,202,202,0.0,0.0,0.0,0.0,106.00000008303238,112.00000005045104,1.0,-106.00000008303238,-112.00000005045104,0.0,False
42300116,182,182,0.0,0.0,0.0,0.0,115.00000017220006,117.99999995935202,1.0,-115.00000017220006,-117.99999995935202,0.0,False
42300121,194,194,0.0,0.0,0.0,0.0,109.00000008099111,94.00000003150602,1.0,-109.00000008099111,-94.00000003150602,0.0,False
42300122,184,184,0.0,0.0,0.0,0.0,108.00000012759534,125.00000033038862,1.0,-108.00000012759534,-125.00000033038862,0.0,False
42300123,196,196,0.0,0.0,0.0,0.0,121.00000013904875,117.99999996356522,1.0,-121.00000013904875,-117.99999996356522,0.0,False
42300124,192,192,0.0,0.0,0.0,0.0,126.0000000913704,113.00000000722929,1.0,-126.0000000913704,-113.00000000722929,0.0,False
42300125,177,177,0.0,0.0,0.0,0.0,115.00000001603152,92.00000004279666,1.0,-115.00000001603152,-92.00000004279666,0.0,False
42300126,185,185,0.0,0.0,0.0,0.0,120.00000001534868,98.00000010218992,1.0,-120.00000001534868,-98.00000010218992,0.0,False
42300131,191,191,0.0,0.0,0.0,0.0,96.99999999664522,83.00000009132508,1.0,-96.99999999664522,-83.00000009132508,0.0,False
42300132,187,187,0.0,0.0,0.0,0.0,95.99999997841145,86.00000010659252,1.0,-95.99999997841145,-86.00000010659252,0.0,False
42300133,180,180,0.0,0.0,0.0,0.0,121.00000015910378,83.00000007622569,1.0,-121.00000015910378,-83.00000007622569,0.0,False
42300134,185,185,0.0,0.0,0.0,0.0,112.00000003258337,89.0000001368344,1.0,-112.00000003258337,-89.0000001368344,0.0,False
42300135,191,191,0.0,0.0,0.0,0.0,104.00000002065785,103.00000003096801,1.0,-104.00000002065785,-103.00000003096801,0.0,False
42300136,193,193,0.0,0.0,0.0,0.0,103.00000002143628,96.00000005129273,1.0,-103.00000002143628,-96.00000005129273,0.0,False
42300137,199,199,0.0,0.0,0.0,0.0,106.00000013843915,94.00000004892023,1.0,-106.00000013843915,-94.00000004892023,0.0,False
42300141,187,187,0.0,0.0,0.0,0.0,94.00000004572915,92.00000003174908,1.0,-94.00000004572915,-92.00000003174908,0.0,False
42300142,184,184,0.0,0.0,0.0,0.0,124.00000000466605,92.00000007948661,1.0,-124.00000000466605,-92.00000007948661,0.0,False
42300143,195,195,0.0,0.0,0.0,0.0,84.99999999091553,106.00000016742294,1.0,-84.99999999091553,-106.00000016742294,0.0,False
42300144,197,197,0.0,0.0,0.0,0.0,89.00000007502027,97.00000003264485,1.0,-89.00000007502027,-97.00000003264485,0.0,False
42300151,186,186,0.0,0.0,0.0,0.0,113.99999994171812,103.00000015807015,1.0,-113.99999994171812,-103.00000015807015,0.0,False
42300152,186,186,0.0,0.0,0.0,0.0,100.99999999304765,99.0000000541021,1.0,-100.99999999304765,-99.0000000541021,0.0,False
42300153,195,195,0.0,0.0,0.0,0.0,105.00000012693849,112.00000006511195,1.0,-105.00000012693849,-112.00000006511195,0.0,False
42300154,204,204,0.0,0.0,0.0,0.0,119.00000014324593,108.00000007376636,1.0,-119.00000014324593,-108.00000007376636,0.0,False
42300155,186,186,0.0,0.0,0.0,0.0,108.00000003358421,106.00000000012524,1.0,-108.00000003358421,-106.00000000012524,0.0,False
42300161,191,191,0.0,0.0,0.0,0.0,120.0000000139422,95.00000004078207,1.0,-120.0000000139422,-95.00000004078207,0.0,False
42300162,188,188,0.0,0.0,0.0,0.0,105.00000000263007,93.00000001136686,1.0,-105.00000000263007,-93.00000001136686,0.0,False
42300163,193,193,0.0,0.0,0.0,0.0,109.00000006434514,126.000000000815,1.0,-109.00000006434514,-126.000000000815,0.0,False
42300164,183,183,0.0,0.0,0.0,0.0,116.00000000438139,122.00000000494066,1.0,-116.00000000438139,-122.00000000494066,0.0,False
42300171,183,183,0.0,0.0,0.0,0.0,109.0000001102463,97.00000016970823,1.0,-109.0000001102463,-97.00000016970823,0.0,False
42300172,183,183,0.0,0.0,0.0,0.0,92.99999992689177,96.00000014180235,1.0,-92.99999992689177,-96.00000014180235,0.0,False
42300173,177,177,0.0,0.0,0.0,0.0,101.00000005164728,90.0000000547084,1.0,-101.00000005164728,-90.0000000547084,0.0,False
42300174,185,185,0.0,0.0,0.0,0.0,111.00000001327653,116.00000004643672,1.0,-111.00000001327653,-116.00000004643672,0.0,False
42300175,187,187,0.0,0.0,0.0,0.0,93.00000018435188,123.000000077499,1.0,-93.00000018435188,-123.000000077499,0.0,False
42300176,179,179,0.0,0.0,0.0,0.0,114.00000002390142,101.00000006229669,1.0,-114.00000002390142,-101.00000006229669,0.0,False
42300201,183,183,0.0,0.0,0.0,0.0,120.00000012587422,95.00000051276771,1.0,-120.00000012587422,-95.00000051276771,0.0,False
42300202,182,182,0.0,0.0,0.0,0.0,93.99999768003484,118.00000363397085,1.0,-93.99999768003484,-118.00000363397085,0.0,False
42300203,176,176,0.0,0.0,0.0,0.0,93.00000011176489,105.9999999481318,1.0,-93.00000011176489,-105.9999999481318,0.0,False
42300204,183,183,0.0,0.0,0.0,0.0,102.00000001898664,109.00000009693285,1.0,-102.00000001898664,-109.00000009693285,0.0,False
42300205,172,172,0.0,0.0,0.0,0.0,113.00000001044609,98.0000000096938,1.0,-113.00000001044609,-98.0000000096938,0.0,False
42300211,190,190,0.0,0.0,0.0,0.0,121.000000040997,117.00000003761579,1.0,-121.000000040997,-117.00000003761579,0.0,False
42300212,181,181,0.0,0.0,0.0,0.0,130.00000004918627,120.99999995081373,1.0,-130.00000004918627,-120.99999995081373,0.0,False
42300213,184,184,0.0,0.0,0.0,0.0,111.000000027196,105.9999999878923,1.0,-111.000000027196,-105.9999999878923,0.0,False
42300214,191,191,0.0,0.0,0.0,0.0,120.99999992323163,89.00000011713749,1.0,-120.99999992323163,-89.00000011713749,0.0,False
42300215,185,185,0.0,0.0,0.0,0.0,120.99999988821723,91.00000043486989,1.0,-120.99999988821723,-91.00000043486989,0.0,False
42300216,175,175,0.0,0.0,0.0,0.0,116.00000003095566,103.00000003575774,1.0,-116.00000003095566,-103.00000003575774,0.0,False
42300217,183,183,0.0,0.0,0.0,0.0,109.00000000472153,130.00000006813565,1.0,-109.00000000472153,-130.00000006813565,0.0,False
42300221,189,189,0.0,0.0,0.0,0.0,116.99999998578812,95.00000008722506,1.0,-116.99999998578812,-95.00000008722506,0.0,False
42300222,190,190,0.0,0.0,0.0,0.0,110.00000007152458,118.9999999583298,1.0,-110.00000007152458,-118.9999999583298,0.0,False
42300223,192,192,0.0,0.0,0.0,0.0,104.99999999224396,101.0000000401254,1.0,-104.99999999224396,-101.0000000401254,0.0,False
42300224,191,191,0.0,0.0,0.0,0.0,96.00000002099135,100.00000000463362,1.0,-96.00000002099135,-100.00000000463362,0.0,False
42300225,177,177,0.0,0.0,0.0,0.0,92.00000004451827,103.99999999040715,1.0,-92.00000004451827,-103.99999999040715,0.0,False
42300226,188,188,0.0,0.0,0.0,0.0,117.00000003036943,116.00000003008354,1.0,-117.00000003036943,-116.00000003008354,0.0,False
42300231,184,184,0.0,0.0,0.0,0.0,99.00000002147391,106.00000001810162,1.0,-99.00000002147391,-106.00000001810162,0.0,False
42300232,182,182,0.0,0.0,0.0,0.0,80.00000000879345,106.00000005162407,1.0,-80.00000000879345,-106.00000005162407,0.0,False
42300233,183,183,0.0,0.0,0.0,0.0,90.00000055970345,116.99999990322851,1.0,-90.00000055970345,-116.99999990322851,0.0,False
42300234,185,185,0.0,0.0,0.0,0.0,107.00000009373134,115.00000001359855,1.0,-107.00000009373134,-115.00000001359855,0.0,False
42300235,182,182,0.0,0.0,0.0,0.0,112.00000001954379,96.99999999942403,1.0,-112.00000001954379,-96.99999999942403,0.0,False
42300236,184,184,0.0,0.0,0.0,0.0,115.00000033731885,69.99999986144064,1.0,-115.00000033731885,-69.99999986144064,0.0,False
42300237,176,176,0.0,0.0,0.0,0.0,90.00000002780334,98.00000000776356,1.0,-90.00000002780334,-98.00000000776356,0.0,False
42300301,222,222,0.0,0.0,0.0,0.0,133.0000000115251,128.00000003224528,1.0,-133.0000000115251,-128.00000003224528,0.0,False
42300302,186,186,0.0,0.0,0.0,0.0,126.00000007697571,110.00000002016294,1.0,-126.00000007697571,-110.00000002016294,0.0,False
42300303,188,188,0.0,0.0,0.0,0.0,111.00000002277568,114.00000000461381,1.0,-111.00000002277568,-114.00000000461381,0.0,False
42300304,187,187,0.0,0.0,0.0,0.0,102.0000000246213,104.99999999955898,1.0,-102.0000000246213,-104.99999999955898,0.0,False
42300311,190,190,0.0,0.0,0.0,0.0,105.00000009586317,108.00000003898673,1.0,-105.00000009586317,-108.00000003898673,0.0,False
42300312,186,186,0.0,0.0,0.0,0.0,108.00000002325667,109.0000001103112,1.0,-108.00000002325667,-109.0000001103112,0.0,False
42300313,179,179,0.0,0.0,0.0,0.0,116.00000000239086,107.00000004160256,1.0,-116.00000000239086,-107.00000004160256,0.0,False
42300314,184,184,0.0,0.0,0.0,0.0,100.00000014118248,104.99999993127426,1.0,-100.00000014118248,-104.99999993127426,0.0,False
42300315,194,194,0.0,0.0,0.0,0.0,103.00000001226613,124.00000000772705,1.0,-103.00000001226613,-124.00000000772705,0.0,False
42300401,186,186,0.0,0.0,0.0,0.0,107.0000001780206,89.00000013275456,1.0,-107.0000001780206,-89.00000013275456,0.0,False
42300402,184,184,0.0,0.0,0.0,0.0,105.0000000432099,97.99999998953075,1.0,-105.0000000432099,-97.99999998953075,0.0,False
42300403,183,183,0.0,0.0,0.0,0.0,99.0000000671777,105.99999996405823,1.0,-99.0000000671777,-105.99999996405823,0.0,False
42300404,189,189,0.0,0.0,0.0,0.0,122.00000011478748,83.99999996343999,1.0,-122.00000011478748,-83.99999996343999,0.0,False
42300405,177,177,0.0,0.0,0.0,0.0,105.999999884437,88.00000024897886,1.0,-105.999999884437,-88.00000024897886,0.0,False
42400101,173,173,0.0,0.0,0.0,0.0,121.0000001815403,99.99999989813232,1.0,-121.0000001815403,-99.99999989813232,0.0,False
42400102,188,188,0.0,0.0,0.0,0.0,121.00000003682378,112.00000000120671,1.0,-121.00000003682378,-112.00000000120671,0.0,False
42400103,181,181,0.0,0.0,0.0,0.0,87.00000009974761,123.99999996753952,1.0,-87.00000009974761,-123.99999996753952,0.0,False
42400104,194,194,0.0,0.0,0.0,0.0,82.99999998314357,138.00000041945012,1.0,-82.99999998314357,-138.00000041945012,0.0,False
42400111,172,172,0.0,0.0,0.0,0.0,102.99999993990764,86.00000028871578,1.0,-102.99999993990764,-86.00000028871578,0.0,False
42400112,177,177,0.0,0.0,0.0,0.0,109.00000003049921,99.99999998665933,1.0,-109.00000003049921,-99.99999998665933,0.0,False
42400113,179,179,0.0,0.0,0.0,0.0,95.00000001844111,93.00000001513652,1.0,-95.00000001844111,-93.00000001513652,0.0,False
42400114,186,186,0.0,0.0,0.0,0.0,97.99999997857545,107.00000008409565,1.0,-97.99999997857545,-107.00000008409565,0.0,False
42400115,185,185,0.0,0.0,0.0,0.0,120.00000009399322,89.00000000614202,1.0,-120.00000009399322,-89.00000000614202,0.0,False
42400121,196,196,0.0,0.0,0.0,0.0,123.00000000833496,112.00000001952284,1.0,-123.00000000833496,-112.00000001952284,0.0,False
42400122,189,189,0.0,0.0,0.0,0.0,94.0000000695953,100.00000024985457,1.0,-94.0000000695953,-100.00000024985457,0.0,False
42400123,194,194,0.0,0.0,0.0,0.0,116.00000003818295,118.00000001491895,1.0,-116.00000003818295,-118.00000001491895,0.0,False
42400124,187,187,0.0,0.0,0.0,0.0,93.00000011857675,93.99999993676396,1.0,-93.00000011857675,-93.99999993676396,0.0,False
42400125,195,195,0.0,0.0,0.0,0.0,103.00000007732409,106.00000014978072,1.0,-103.00000007732409,-106.00000014978072,0.0,False
42400126,202,202,0.0,0.0,0.0,0.0,113.00000000485322,116.00000013517128,1.0,-113.00000000485322,-116.00000013517128,0.0,False
42400131,192,192,0.0,0.0,0.0,0.0,116.9999998233928,98.00000019795252,1.0,-116.9999998233928,-98.00000019795252,0.0,False
42400132,193,193,0.0,0.0,0.0,0.0,123.00000002547455,115.00000000758467,1.0,-123.00000002547455,-115.00000000758467,0.0,False
42400133,196,196,0.0,0.0,0.0,0.0,116.99999995924577,101.00000012267067,1.0,-116.99999995924577,-101.00000012267067,0.0,False
42400134,188,188,0.0,0.0,0.0,0.0,103.0000000921686,129.0000001322582,1.0,-103.0000000921686,-129.0000001322582,0.0,False
42400135,217,217,0.0,0.0,0.0,0.0,118.99999997771307,118.00000009735382,1.0,-118.99999997771307,-118.00000009735382,0.0,False
42400141,213,213,0.0,0.0,0.0,0.0,130.99999875077418,80.00000169231774,1.0,-130.99999875077418,-80.00000169231774,0.0,False
42400142,199,199,0.0,0.0,0.0,0.0,117.99999955456614,99.00000059993677,1.0,-117.99999955456614,-99.00000059993677,0.0,False
42400143,198,198,0.0,0.0,0.0,0.0,108.00000026843463,113.9999998385223,1.0,-108.00000026843463,-113.9999998385223,0.0,False
42400144,205,205,0.0,0.0,0.0,0.0,115.00000002446188,117.00000005029607,1.0,-115.00000002446188,-117.00000005029607,0.0,False
42400151,177,177,0.0,0.0,0.0,0.0,85.000000023117,95.00000004212309,1.0,-85.000000023117,-95.00000004212309,0.0,False
42400152,188,188,0.0,0.0,0.0,0.0,109.00000003056667,94.00000006002573,1.0,-109.00000003056667,-94.00000006002573,0.0,False
42400153,187,187,0.0,0.0,0.0,0.0,104.0000000122098,93.00000000674221,1.0,-104.0000000122098,-93.00000000674221,0.0,False
42400154,177,177,0.0,0.0,0.0,0.0,109.00000002929885,105.99999998455789,1.0,-109.00000002929885,-105.99999998455789,0.0,False
42400155,194,194,0.0,0.0,0.0,0.0,131.00000000417373,116.0000002800431,1.0,-131.00000000417373,-116.0000002800431,0.0,False
42400156,196,196,0.0,0.0,0.0,0.0,107.00000018747731,114.99999992669593,1.0,-107.00000018747731,-114.99999992669593,0.0,False
42400157,176,176,0.0,0.0,0.0,0.0,89.0000001453307,103.00000007688377,1.0,-89.0000001453307,-103.00000007688377,0.0,False
42400161,173,173,0.0,0.0,0.0,0.0,94.99999999302835,117.00000003730378,1.0,-94.99999999302835,-117.00000003730378,0.0,False
42400162,175,175,0.0,0.0,0.0,0.0,94.00000005435324,84.99999999136489,1.0,-94.00000005435324,-84.99999999136489,0.0,False
42400163,191,191,0.0,0.0,0.0,0.0,116.00000000740361,104.00000002908332,1.0,-116.00000000740361,-104.00000002908332,0.0,False
42400164,184,184,0.0,0.0,0.0,0.0,115.9999999965043,113.00000003995295,1.0,-115.9999999965043,-113.00000003995295,0.0,False
42400165,189,189,0.0,0.0,0.0,0.0,96.00000002792045,103.00000001597739,1.0,-96.00000002792045,-103.00000001597739,0.0,False
42400171,200,200,0.0,0.0,0.0,0.0,112.00000001835987,110.0000000013472,1.0,-112.00000001835987,-110.0000000013472,0.0,False
42400172,185,185,0.0,0.0,0.0,0.0,102.000000014041,105.00000004496515,1.0,-102.000000014041,-105.00000004496515,0.0,False
42400173,176,176,0.0,0.0,0.0,0.0,117.00000005100469,83.00000005498342,1.0,-117.00000005100469,-83.00000005498342,0.0,False
42400174,179,179,0.0,0.0,0.0,0.0,98.99999999728166,101.00000002700025,1.0,-98.99999999728166,-101.00000002700025,0.0,False
42400175,186,186,0.0,0.0,0.0,0.0,131.0000000212859,115.00000000413434,1.0,-131.0000000212859,-115.00000000413434,0.0,False
42400176,177,177,0.0,0.0,0.0,0.0,111.00000011516684,105.00000004321193,1.0,-111.00000011516684,-105.00000004321193,0.0,False
42400177,193,193,0.0,0.0,0.0,0.0,120.00000000116789,101.00000000520401,1.0,-120.00000000116789,-101.00000000520401,0.0,False
42400201,198,198,0.0,0.0,0.0,0.0,112.00000003004122,121.00000000626126,1.0,-112.00000003004122,-121.00000000626126,0.0,False
42400202,201,201,0.0,0.0,0.0,0.0,118.99999997609218,120.00000005336554,1.0,-118.99999997609218,-120.00000005336554,0.0,False
42400203,207,207,0.0,0.0,0.0,0.0,104.00000007814089,125.99999997893987,1.0,-104.00000007814089,-125.99999997893987,0.0,False
42400204,200,200,0.0,0.0,0.0,0.0,128.99999868799404,109.00000214895692,1.0,-128.99999868799404,-109.00000214895692,0.0,False
42400205,201,201,0.0,0.0,0.0,0.0,105.0000000063736,114.00000001471986,1.0,-105.0000000063736,-114.00000001471986,0.0,False
42400211,201,201,0.0,0.0,0.0,0.0,105.00000014325593,108.00000000283725,1.0,-105.00000014325593,-108.00000000283725,0.0,False
42400212,190,190,0.0,0.0,0.0,0.0,90.00000003163048,91.0000000385065,1.0,-90.00000003163048,-91.0000000385065,0.0,False
42400213,178,178,0.0,0.0,0.0,0.0,93.00000004623041,115.00000005152167,1.0,-93.00000004623041,-115.00000005152167,0.0,False
42400214,187,187,0.0,0.0,0.0,0.0,121.00000006397133,112.99999998375583,1.0,-121.00000006397133,-112.99999998375583,0.0,False
42400215,181,181,0.0,0.0,0.0,0.0,127.00000000398065,102.00000002660816,1.0,-127.00000000398065,-102.00000002660816,0.0,False
42400216,189,189,0.0,0.0,0.0,0.0,119.00000009219467,81.00000005984994,1.0,-119.00000009219467,-81.00000005984994,0.0,False
42400221,211,211,0.0,0.0,0.0,0.0,119.00000006279478,120.99999997950817,1.0,-119.00000006279478,-120.99999997950817,0.0,False
42400222,206,206,0.0,0.0,0.0,0.0,149.00000034306908,105.99999988160829,1.0,-149.00000034306908,-105.99999988160829,0.0,False
42400223,210,198,0.0,0.0,0.0,0.0,107.0,102.0,0.9428571428571428,-107.0,-102.0,0.0,False
42400224,195,195,0.0,0.0,0.0,0.0,87.00000002860956,92.00000004741032,1.0,-87.00000002860956,-92.00000004741032,0.0,False
42400225,195,195,0.0,0.0,0.0,0.0,112.00000004435562,105.00000000874516,1.0,-112.00000004435562,-105.00000000874516,0.0,False
42400226,204,204,0.0,0.0,0.0,0.0,119.00000027275338,106.99999998704365,1.0,-119.00000027275338,-106.99999998704365,0.0,False
42400227,199,199,0.0,0.0,0.0,0.0,125.00000001047853,93.00000003342089,1.0,-125.00000001047853,-93.00000003342089,0.0,False
42400231,188,188,0.0,0.0,0.0,0.0,88.00000046185761,99.00000011038505,1.0,-88.00000046185761,-99.00000011038505,0.0,False
42400232,190,190,0.0,0.0,0.0,0.0,117.00000007776801,93.00000007650858,1.0,-117.00000007776801,-93.00000007650858,0.0,False
42400233,187,187,0.0,0.0,0.0,0.0,97.00000000795944,102.00000006896988,1.0,-97.00000000795944,-102.00000006896988,0.0,False
42400234,203,203,0.0,0.0,0.0,0.0,109.99999999561929,117.00000002323617,1.0,-109.99999999561929,-117.00000002323617,0.0,False
42400235,197,197,0.0,0.0,0.0,0.0,121.00000016874012,109.99999985574837,1.0,-121.00000016874012,-109.99999985574837,0.0,False
42400301,212,212,0.0,0.0,0.0,0.0,135.00000004431868,138.00000000038017,1.0,-135.00000004431868,-138.00000000038017,0.0,False
42400302,181,181,0.0,0.0,0.0,0.0,108.99999997486124,114.00000004364368,1.0,-108.99999997486124,-114.00000004364368,0.0,False
42400303,190,190,0.0,0.0,0.0,0.0,100.00000003011137,106.00000005892157,1.0,-100.00000003011137,-106.00000005892157,0.0,False
42400304,206,206,0.0,0.0,0.0,0.0,130.00000027664666,120.99999987642806,1.0,-130.00000027664666,-120.99999987642806,0.0,False
42400305,194,194,0.0,0.0,0.0,0.0,111.00000018176702,94.000000137491,1.0,-111.00000018176702,-94.000000137491,0.0,False
42400306,194,194,0.0,0.0,0.0,0.0,125.00000007501627,108.0000000187314,1.0,-125.00000007501627,-108.0000000187314,0.0,False
42400311,194,194,0.0,0.0,0.0,0.0,114.00000003603908,88.00000000314913,1.0,-114.00000003603908,-88.00000000314913,0.0,False
42400312,192,192,0.0,0.0,0.0,0.0,117.9999999907512,103.00000011181199,1.0,-117.9999999907512,-103.00000011181199,0.0,False
42400313,203,203,0.0,0.0,0.0,0.0,142.9999999440751,101.0000002568076,1.0,-142.9999999440751,-101.0000002568076,0.0,False
42400314,193,193,0.0,0.0,0.0,0.0,126.00000001689237,128.00000005300083,1.0,-126.00000001689237,-128.00000005300083,0.0,False
42400315,207,207,0.0,0.0,0.0,0.0,124.00000001240166,94.00000004043302,1.0,-124.00000001240166,-94.00000004043302,0.0,False
42400401,203,203,0.0,0.0,0.0,0.0,110.00000020226409,110.99999983939253,1.0,-110.00000020226409,-110.99999983939253,0.0,False
42400402,193,193,0.0,0.0,0.0,0.0,123.00000024267857,106.99999989604531,1.0,-123.00000024267857,-106.99999989604531,0.0,False
42400403,200,200,0.0,0.0,0.0,0.0,116.00000001530837,107.00000004703561,1.0,-116.00000001530837,-107.00000004703561,0.0,False
42400404,195,195,0.0,0.0,0.0,0.0,104.00000004476185,111.00000000213326,1.0,-104.00000004476185,-111.00000000213326,0.0,False
42400405,196,196,0.0,0.0,0.0,0.0,120.00000014401351,108.99999997088212,1.0,-120.00000014401351,-108.99999997088212,0.0,False
42400406,200,200,0.0,0.0,0.0,0.0,108.00000002427929,91.00000006012861,1.0,-108.00000002427929,-91.00000006012861,0.0,False
42400407,184,184,0.0,0.0,0.0,0.0,103.00000004292573,91.00000001083204,1.0,-103.00000004292573,-91.00000001083204,0.0,False
