player_id,poss_season_proxy,nerd_v1_o,nerd_v1_d,nerd_v1,nerd_v1_imputation_sd,prior_v1_o,prior_v1_d,nerd_atomic_o,nerd_atomic_d,nerd_atomic,nerd_atomic_imputation_sd,prior_atomic_o,prior_atomic_d,nerd_atomic_raw_o,nerd_atomic_raw_d,nerd_atomic_raw,nerd_atomic_raw_imputation_sd,prior_atomic_raw_o,prior_atomic_raw_d,player_name,team_abbr,previous_candidate_o,previous_candidate_d,previous_candidate,atomic_minus_v1,atomic_minus_raw,canonical_salvage_minus_previous
203999,5634.8250000000035,9.231406087690875,2.122347332530416,11.353753420221292,0.0010536457404176657,5.885948065001134,3.127694462406895,9.389964550339196,2.042530324569319,11.432494874908516,0.0010977576772015745,5.412641184767335,2.2215677643374008,9.353804015369176,2.086744909189043,11.440548924558223,0.001099604002290493,5.376934428669482,2.1928760396910394,Nikola Jokić,DEN,6.9890596421658815,2.9993895507002577,9.988449192866138,0.07874145468722382,-0.008054049649707906,1.3653042273551534
1628983,5625.283333333337,8.158321338081635,0.9398273914186817,9.098148729500318,0.002592373141768882,5.6153768885132775,-0.03778973661188112,8.410240066320366,1.2756923568369298,9.685932423157293,0.0031460283870941106,6.256715807040299,0.9843764791055737,8.345544404221659,1.2331284235078563,9.578672827729516,0.003017240608460237,6.187215791238464,0.8985990178542558,Shai Gilgeous-Alexander,OKC,6.5327276403804095,1.4805679006666739,8.013295541047084,0.5877836936569754,0.1072595954277773,1.0848531884532342
1641705,4658.162500000003,2.6257247351863398,6.860430672033948,9.486155407220286,0.000902737947405431,3.777942545271772,3.984356553679541,2.4902583669212177,6.161467771036091,8.65172613795731,0.0008721047547690893,2.970362805930851,2.7798524623878227,2.4253444153129795,6.130393578803477,8.555737994116456,0.0008879561266521115,2.9615291106211536,2.6429127398938714,Victor Wembanyama,SAS,3.4722786385002387,5.398678015284464,8.870956653784702,-0.8344292692629764,0.09598814384085408,0.6151987534355836
203507,2598.0750000000003,6.138599278944816,2.4771349326514884,8.615734211596305,0.006512127156589801,5.432337198663737,1.8112214734578205,5.749763963299827,2.382582742018495,8.132346705318323,0.006519215374637928,4.679703226062863,2.060585383843642,5.812950918925759,2.440531782351656,8.253482701277417,0.0065128904025832214,4.921289590950804,2.246005162198106,Giannis Antetokounmpo,MIL,4.8256716146915215,2.5858397432559315,7.411511357947453,-0.48338750627798177,-0.12113599595909363,1.2042228536488517
202695,5199.041666666668,4.48450012059589,3.15144196396811,7.635942084564,0.0025843000840435515,5.259278115686308,1.1915463146654461,4.236202169410332,2.996525175607947,7.2327273450182785,0.0027160831842255664,4.597168125286801,0.9841836533880527,4.184658625892943,2.9845093922595773,7.16916801815252,0.0026931410376098285,4.580601122163709,0.9402456543280016,Kawhi Leonard,LAC,5.635786935380946,1.3989453969058698,7.034732332286817,-0.40321473954572173,0.06355932686575816,0.6012097522771835
201939,3321.820833333335,8.368944095022304,-1.5079083730294445,6.861035721992858,0.0012378062691368093,4.677551313519024,0.38203356256942683,8.239754500956119,-1.5782885214265452,6.661465979529575,0.0016747376091745124,4.737180177685931,0.5809212674419301,8.275359516447534,-1.6061712217741761,6.669188294673357,0.0016835272412494076,4.835611506167157,0.5044010551779343,Stephen Curry,GSW,6.164535286046846,-0.06211341740771825,6.102421868639127,-0.1995697424632823,-0.007722315143781522,0.7586138533537303
1628378,5836.262499999997,5.905265499851001,0.3478149502347371,6.2530804500857355,0.0030831491651409373,4.21330577227873,-0.13079806495089258,6.148840239841582,0.40253389844351817,6.5513741382851025,0.0027105182044715828,4.031003976440066,0.3247863222767521,6.061432691181976,0.4274575251737921,6.488890216355768,0.002928298812417935,3.9869162959255804,0.31344352542647097,Donovan Mitchell,CLE,4.13449235078639,1.4223545097928834,5.556846860579274,0.29829368819936697,0.06248392192933494,0.6962335895064617
1631096,5063.504166666668,2.283113932208413,3.907850944420929,6.190964876629343,0.0018965018224165154,1.7933405336078065,1.6387956421028602,2.175596734716941,3.8037362356230253,5.979332970339966,0.002057062601050128,1.435859130638074,1.799656409629671,2.1514290130649663,3.741064359669074,5.892493372734039,0.002002660277803655,1.446607245682858,1.6266107894794053,Chet Holmgren,OKC,2.1198679320828253,2.9946271767928008,5.1144951088756265,-0.21163190628937656,0.08683959760592685,1.076469767753716
1629029,5712.199999999992,5.669463533928894,0.18119989968393463,5.850663433612829,0.004352146572190982,5.508416755376402,0.6635433933636933,5.683690854504834,0.2294409051105169,5.913131759615352,0.0035242011920258733,6.023654706421456,0.5255964507579916,5.682873604654601,0.18865545276576928,5.8715290574203705,0.0036722963228884645,5.990945671839035,0.5303059438729717,Luka Dončić,LAL,5.698809257541898,-0.15058342279877357,5.548225834743124,0.06246832600252272,0.04160270219498141,0.3024375988697052
1628392,2897.3958333333335,1.2670826135339301,4.360645644938392,5.627728258472323,0.002559230677072775,1.1927545191714684,2.3688062923863704,1.3205090245577957,4.440593279768505,5.761102304326301,0.002528486174232881,1.0015423710589741,2.7626924244013593,1.3275593356768347,4.51952294300469,5.847082278681524,0.002529164070500807,1.0715942642256993,2.9398456988936186,Isaiah Hartenstein,OKC,2.4157986339747124,3.431435570395457,5.847234204370169,0.13337404585397827,-0.0859799743552232,-0.2195059458978461
1627936,2550.866666666665,0.7470450156992503,4.479992703889831,5.227037719589081,0.003823826769087553,0.9611765284137262,1.8022424913598276,0.7497600912147108,4.534677050869804,5.284437142084515,0.003796244261430192,1.0263547093698446,2.1551995808942164,0.7297750854861546,4.55339296994408,5.283168055430235,0.0038750666090260036,1.0595197430530618,2.281668826310537,Alex Caruso,OKC,1.392081493597388,3.932524338720574,5.324605832317962,0.05739942249543439,0.0012690866542799384,-0.09756811272888122
1628401,6553.900000000004,0.9077880005862878,4.283042586859811,5.190830587446099,0.0012358234704138553,2.7839357700696454,1.4808550519114425,0.9288327747482589,4.355200847560189,5.284033622308447,0.0012005734564226771,2.1019124102551623,1.858579202121107,0.8606507148266676,4.329089945180464,5.189740660007134,0.001200774720895831,2.099898446477429,1.7096084879800508,Derrick White,BOS,2.368206851146476,2.4022879765389034,4.770494827685379,0.09320303486234849,0.09429296230131357,0.4203357597607198
202710,2962.4416666666675,2.4843640247982104,2.774963451673429,5.25932747647164,0.001270630710067832,4.099845031128119,0.9365364429438969,2.7091968602216143,2.536961546534414,5.246158406756029,0.001044231154127521,4.522222931852062,0.39746075557225213,2.731489478571679,2.4917386961239445,5.223228174695622,0.0010720713853585111,4.67405326472453,0.3599261229503732,Jimmy Butler III,GSW,3.3065323271927416,1.0948849511439702,4.401417278336712,-0.013169069715610604,0.022930232060407008,0.8579101981349275
1629674,4802.775000000005,0.06911945744007571,4.992867373333547,5.0619868307736215,0.0007396819694383027,1.076373884205669,2.4103102003688317,0.1704710396334978,4.797073472913594,4.967544512547091,0.0007241995448530171,0.6135311090723367,2.1868060917096055,0.20286712528604225,4.735445583020462,4.938312708306503,0.0007256710781879656,0.6696237185556101,2.0226131688540194,Neemias Queta,BOS,1.6882445434873856,3.343784381362103,5.032028924849489,-0.09444231822653038,0.029231804240588133,0.02995790592413261
1628389,5831.075000000002,0.48336685541701474,4.592880585290042,5.076247440707059,0.0016807724886673822,1.7231854258739867,1.513400945773525,0.5917446797426886,4.365854857422984,4.957599537165672,0.0018715206108585838,1.3593258358564915,1.333170329244104,0.49120186968174184,4.287328252701377,4.778530122383119,0.0018443864084820832,1.367289013295294,1.3011230653819594,Bam Adebayo,MIA,1.4858156847716364,2.7881747852875507,4.2739904700591875,-0.11864790354138677,0.17906941478255334,0.8022569706478713
1628374,3600.033333333331,3.9970823776868385,1.3625840810359022,5.3596664587227405,0.00286952310023965,3.492014294905465,0.38150563719972086,3.7492683493501695,1.1967180648699745,4.945986414220144,0.002876989303489142,2.3620609173609157,-0.08769335750137144,3.710409363524314,1.0861770631060457,4.79658642663036,0.0028785574083264,2.427839656375411,-0.07308988505082571,Lauri Markkanen,UTA,2.580955931280039,1.092547454978166,3.673503386258205,-0.41368004450259654,0.149399987589784,1.6861630724645353
203500,1826.1583333333328,1.5111886742237985,3.888210385560632,5.39939905978443,0.0008867838350559388,1.4129226465607494,1.0651698391224669,1.4290170122287023,3.446670911367689,4.875687923596391,0.0009273278686613828,0.9609687938416507,0.2667505649209374,1.4013860453679183,3.515235412789072,4.916621458156991,0.0008944695030498969,0.9939325191994578,0.24011623526938858,Steven Adams,HOU,1.0434328585596533,1.299926508201764,2.343359366761417,-0.5237111361880391,-0.040933534560600116,3.0560396930230125
1626157,5710.570833333337,3.0400093629202214,1.9167087428820238,4.956718105802245,0.005319403062358426,2.706038754119141,1.4236592587168624,3.053925296361081,1.662439220978645,4.716364517339727,0.005378498949527971,2.1459249759623016,0.9301781740024998,3.0058337780818447,1.6633383673279725,4.669172145409818,0.005347187952435868,2.1711037503961497,0.8834193803373229,Karl-Anthony Towns,NYK,3.569325396112307,1.3064843109317845,4.875809707044091,-0.24035358846251764,0.047192371929908994,0.08090839875815359
203954,3001.5958333333365,2.637095323656175,1.7640063866123725,4.401101710268547,0.0031976886593236315,2.6760487997139175,0.3540434285109616,2.776775868017575,1.9361111943156437,4.712887062333218,0.0031887548888501413,2.5619642288833986,0.7845821525952316,2.7755402902647193,2.000709668947603,4.776249959212324,0.003192150011607516,2.6665128817573445,0.8109094041128134,Joel Embiid,PHI,2.3001107517667934,1.417925894131928,3.7180366458987213,0.3117853520646712,-0.06336289687910579,0.6830650643698255
1630549,2860.3708333333307,0.9683339639396575,3.26888417220135,4.237218136141008,0.0026063846852480144,1.387785697586021,0.9771659876286585,1.1292752673530657,3.5453325582403084,4.674607825593373,0.0023168859929318044,1.8262766738245515,1.7636126410971467,1.208283539214638,3.5695039351731763,4.7777874743878135,0.0023384836864850382,1.9308917140385977,1.8597211943902012,Day'Ron Sharpe,BKN,0.5271089605779782,2.0878201553936044,2.6149291159715826,0.437389689452365,-0.1031796487944403,1.6222890201694256
1630532,2547.5083333333323,2.9721087764470475,1.756180683310734,4.728289459757782,0.013381577434395539,1.7950471225217002,-0.43999804749762034,2.6330248326018224,1.9535668325705697,4.586591665172393,0.01340733316454839,1.3856121659058724,-0.14811366345487423,2.7929835808837153,1.9064610742823285,4.699444655166044,0.01339105529580915,1.5005591657213186,-0.18017330597321668,Franz Wagner,ORL,2.012415610070139,2.26840397000444,4.28081958007458,-0.14169779458538923,-0.11285298999365079,0.4474698796832026
201142,7015.062499999979,3.716597170750923,0.8982869092727703,4.6148840800236925,0.010947589034226313,3.893253649627718,0.4381407707010858,3.4682306612280676,1.118216706353788,4.586447367581856,0.010868740807964409,2.717618455514724,0.9260631349129386,3.487210607731541,1.2141425791580258,4.701353186889568,0.0108641768433453,2.7056982248289083,0.994812995772079,Kevin Durant,HOU,3.2007396998902538,0.5587426389046145,3.7594823387948684,-0.02843671244183632,-0.11490581930771171,0.8554017412288242
1629057,2516.0541666666695,0.189898977342419,3.1345264458566247,3.324425423199043,0.0012967260276552997,0.6915092316878532,2.0045064436365605,1.0190252359979732,3.558039260436278,4.577064496434251,0.0012401756787299614,1.878877948973836,2.5746512346585315,1.0491564277852097,3.605496914347195,4.654653342132404,0.001367370248873867,1.9393904660108656,2.6736239764501137,Robert Williams III,POR,0.9568818598841007,2.2783234719322016,3.235205331816302,1.252639073235208,-0.07758884569815283,0.089220091382741
1630595,5335.958333333324,4.23502122357615,0.765462793927388,5.000484017503539,0.00948310756605809,3.584934506316873,0.7200922458327021,3.9832091991977583,0.49650477323049225,4.479713972428251,0.009714107818807934,2.6271869360959434,0.6051538765095387,4.021332903051046,0.48679447771566053,4.508127380766707,0.00990100682655352,2.6663898366982854,0.5705651194284066,Cade Cunningham,DET,2.283148211330036,1.4632132104277424,3.7463614217577783,-0.5207700450752881,-0.02841340833845596,1.254122595745761
202331,2837.579166666665,1.2131223504103306,2.8283929583913405,4.041515308801671,0.0015033943423133674,2.2306282478772164,1.5633092461011826,1.4027668438067722,3.0494215586820776,4.452188402488849,0.0015222106861246744,2.4699653589692674,2.14488135707736,1.4118377863378546,3.041025310174253,4.452863096512108,0.0015280876021472687,2.5634110070955596,2.2192316845404405,Paul George,PHI,1.61778928323418,2.491084306832024,4.108873590066204,0.4106730936871781,-0.0006746940232593701,-0.06735828126453303
1626164,5278.350000000007,4.885612173386713,0.13461826024061105,5.020230433627324,0.003144244444512535,3.444895458183403,-0.35327415488458674,4.269767588297004,0.15725267188881958,4.427020260185824,0.003112578326594914,1.99543688528169,-0.19325753781611307,4.346793846253265,0.18655892093949136,4.5333527671927545,0.0030628291109144608,2.0563872647876202,-0.179958953149583,Devin Booker,PHX,3.1404424155118145,-0.21375400564950042,2.9266884098623143,-0.5932101734415003,-0.10633250700693075,2.0935420237650098
1630163,4960.508333333331,5.983620736381708,-1.0378624346764673,4.945758301705239,0.00813856544444911,3.5828789733410678,0.41976484763698846,5.705433617234912,-1.3910903968026151,4.314343220432297,0.00815140619110721,2.619839932840788,-0.24575201510377256,5.7771220097420635,-1.4159706107895649,4.361151398952499,0.008151901324408076,2.6808238224245393,-0.26763895837440976,LaMelo Ball,CHA,3.578837121106378,-0.36808008981299417,3.2107570312933835,-0.6314150812729418,-0.04680817852020169,1.7350012704118556
1630194,2246.6958333333323,0.9180256773136088,2.8114568241780904,3.7294825014916997,0.018515359209217045,1.986001599440915,2.2342965682594462,1.1023039619980575,3.1705355128702477,4.272839474868303,0.01852503911353184,2.0289796815421193,3.1282037448372866,1.1576204127185463,3.2719676008282823,4.429588013546829,0.01851503121330848,2.1844675052946,3.4002781331346763,Paul Reed,DET,1.4446553294783944,3.3224814018323765,4.767136731310771,0.5433569733766035,-0.15674853867852612,-1.0376542298190712
203076,1564.0749999999991,1.0705514876703655,3.8997770833678125,4.970328571038178,0.0023740246430030134,1.653278896556488,2.8541707376252266,0.8286444043022565,3.4402057473762966,4.268850151678553,0.0023521128211011783,0.8753063541673727,2.061023014988543,0.8250064941350465,3.5499585072668602,4.374965001401906,0.0022876462259574285,0.9537772928826179,2.3496234421548468,Anthony Davis,DAL,1.416663475103918,2.9798305215150793,4.3964939966189975,-0.7014784193596251,-0.10611484972335283,0.5738345744191804
1642270,5243.220833333324,1.628003644275425,2.075960704138873,3.7039643484142966,0.0029508633138627723,2.4767073217295645,1.3268863450652175,2.030175996697114,2.2226568133083484,4.252832810005463,0.002884387512757542,2.562470864011259,1.3442854257535033,2.038744178871832,2.1442286141005305,4.182972792972363,0.0029844146515180347,2.543093287640627,1.2299215380966233,Donovan Clingan,POR,2.436487018902146,3.0262643229267026,5.462751341828849,0.5488684615911668,0.06986001703310052,-1.7587869934145521
1627783,5060.8791666666675,2.0474967615695765,2.2862745723871276,4.3337713339567046,0.002418123831291207,1.7639841113035013,0.7736662784408048,1.8161127243881083,2.2832222661585284,4.099334990546636,0.00242239857204355,0.9961788297587795,0.6126531475191043,1.8493963385910583,2.237150288531173,4.08654662712223,0.002393582773092557,1.0448219540828447,0.6377772152185612,Pascal Siakam,IND,2.308878283576242,1.3465249641037746,3.6554032476800167,-0.23443634341006891,0.012788363424405702,0.6783680862766879
203497,5951.233333333337,-1.7965199630802349,6.194282150709128,4.397762187628894,0.007951188417156311,1.3244388986854085,2.5878735328070825,-1.9231332225084021,6.00979569611685,4.086662473608448,0.007968104262124848,0.5715479686211128,2.0956317934677515,-1.9213118952079113,6.01942316989408,4.098111274686169,0.00799430277650005,0.6261701488271327,2.026057476736287,Rudy Gobert,MIN,-0.08667810283058344,4.37112172987782,4.284443627047237,-0.3110997140204459,-0.011448801077721171,0.11331856058165712
1628369,1237.0249999999992,2.9247473552629475,1.4969846672768017,4.421732022539749,0.003381321816270713,2.413074296386538,0.7027922633902083,2.776339374851982,1.2420480061953927,4.018387381047374,0.0033470064162931475,2.0710093936637306,0.24026744788139295,2.890388039505796,1.0597452421407536,3.9501332816465506,0.003373737448360794,2.3998095110644835,-0.21830112638161459,Jayson Tatum,BOS,3.0390351204759876,0.8063029423551363,3.845338062831124,-0.40334464149237537,0.06825409940082316,0.5763939597086254
1630700,6298.987500000012,1.788993888582371,2.266865046735177,4.0558589353175485,0.006408838778405595,1.0899915791972932,1.5005438559626652,1.7031830903199459,2.2931115489571345,3.996294639277081,0.005701325195476447,0.5104861243029866,1.5554173158197133,1.68308214901452,2.231921980213074,3.9150041292275946,0.006409929671765512,0.5445078008082638,1.4255472856793174,Dyson Daniels,ATL,0.46836744264331703,2.076679503493901,2.545046946137218,-0.059564296040467646,0.08129051004948629,1.5108119891803304
1631217,4680.558333333334,0.7306740867661462,3.5234106300057038,4.254084716771848,0.001981413717810605,1.1815076521737122,1.4303226691460245,1.0172290620062763,2.9491845146131745,3.9664135766194506,0.0019444149313945934,0.7541617327886544,0.48305438314102445,1.0134898831689811,2.9762177577202307,3.989707640889212,0.0019373283480863038,0.7917857472525284,0.4819961363521395,Moussa Diabaté,CHA,1.64761064770747,1.2291476848572156,2.8767583325646857,-0.28767114015239725,-0.02329406426976144,1.3773263842071621
1630559,4307.083333333333,3.3579808015157866,0.3738931105131179,3.7318739120289037,0.006698126451789258,3.372451061148814,-0.31712966131788173,3.4470496136539266,0.47861513407286094,3.925664747726787,0.006037927084570864,3.434291339873037,-0.2167352347451659,3.4279487500169936,0.4625842609242138,3.890533010941207,0.006420849577196352,3.459317134757895,-0.2077874148673854,Austin Reaves,LAL,3.1461833322485706,0.29455223889009263,3.440735571138663,0.19379083569788325,0.0351317367855799,0.2911383408902406
1628436,3585.4916666666677,-0.37627856854377084,3.8679922692632673,3.4917137007194965,0.0010888953638840554,0.5661784657547786,1.4814492316469956,0.09996377774157092,3.8002420252782594,3.900205803019829,0.0010893650672117018,1.3048779707039326,1.6101573383821424,0.10989197151656675,3.8054637106837332,3.9153556822002997,0.001091393485655045,1.3696517462563267,1.586120998565122,Luke Kornet,SAS,1.706711676435358,2.6748489536608484,4.381560630096207,0.4084921023003325,-0.015149879180470727,-0.8898469293767102
1630188,2688.762499999997,3.0216031629450435,1.0244766657241238,4.046079828669168,0.0008451579209945142,1.2600380875031796,0.8915657510965955,2.8985359459347615,0.9643977060249778,3.8629336519597386,0.0008790770179979664,1.068899671349032,1.148035681361386,2.9239522928235058,0.956035231541162,3.879987524364668,0.0008618379434763899,1.1051215704032047,1.1355735638032494,Jalen Smith,CHI,0.9470756223081682,1.7438332267748362,2.690908849083004,-0.18314617670942912,-0.017053872404929393,1.3551709795861635
1628384,5455.908333333336,1.4234666828278464,2.3340852634721694,3.7575519463000147,0.001874797141760033,1.512207671945212,0.7336578189143785,1.4123224382087751,2.4481613148100223,3.860483753018797,0.0018740779346642176,1.115939447430038,0.6997522534513368,1.4250940198426785,2.4004572806677937,3.8255513005104715,0.0018929815524792446,1.1229632426575515,0.6938848023594446,OG Anunoby,NYK,1.1507467791893462,2.551237987724872,3.7019847669142183,0.10293180671878233,0.03493245250832544,0.05556717938579636
1628368,5572.454166666668,4.4558402110691375,-0.5207088515017002,3.935131359567437,0.0010424048861768416,2.4481687762697817,-0.17212819877011548,4.294255095042489,-0.4512215881641429,3.8430335068783466,0.0010284142399878073,1.9091136049786668,-0.025977630182668604,4.282738489243691,-0.42350025857801715,3.8592382306656736,0.0010314706503472795,1.9329785271482594,-0.019810825311729327,De'Aaron Fox,SAS,2.5181840887189426,0.8282154811988253,3.346399569917768,-0.09209785268909032,-0.01620472378732707,0.5887317896496689
1630578,5926.474999999995,1.8444417639635513,2.811884680919784,4.6563264448833355,0.004141835217793542,2.468104172079471,1.5718152831800047,1.437825017249465,2.3967523655314062,3.8345773827808713,0.00400618690665965,0.8743140414827706,0.8982485992574686,1.4131857472404408,2.3792706629376474,3.792456410178089,0.004165034067634487,0.9084036557828078,0.8355415810490893,Alperen Sengun,HOU,1.9408873967012965,1.0279358107001744,2.9688232074014707,-0.8217490621024641,0.04212097260278247,1.6875032374818648
201950,3837.5875000000033,2.5693688308555624,1.0828365956332076,3.652205426488771,0.018069106692812746,2.876029109731029,-0.4663781301589977,2.46907370232636,1.3435212143624526,3.8125949166888136,0.018070717239615893,2.524311665042201,0.2578292094518351,2.388606213801295,1.3416736446457869,3.7302798584470827,0.01807622500843337,2.6052287329955766,0.23682376243686848,Jrue Holiday,POR,2.203779613858516,1.5576121492835169,3.761391763142033,0.16038949020004267,0.08231505824173091,-0.10918633665326194
1630567,6621.816666666654,1.7289360661601432,2.3186208870891445,4.0475569532492885,0.0034942930339695393,1.6233666993987086,1.7574117845231332,1.6421869510013412,2.1577685269554454,3.7999554779567872,0.0035531309806044087,1.1498476359427636,1.3839452252167477,1.7019002403744967,2.02606910292126,3.7279693432957566,0.0035465890392987797,1.1549933430868102,1.2902368903167738,Scottie Barnes,TOR,1.2148770795328367,2.231659488909583,3.44653656844242,-0.24760147529250132,0.07198613466103065,0.6010203848068687
1631221,5681.341666666667,2.150220894068629,2.024770616503445,4.174991510572073,0.004028985500831774,2.434515687759495,0.5971750142336665,1.8475563385775016,1.8992601725152185,3.74681651109272,0.003996667013443771,1.5908032824722098,0.6674914334736737,1.7998109133741589,1.771732948728038,3.5715438621021973,0.004529762208486659,1.5947402665831143,0.578357681194384,Collin Gillespie,PHX,1.1127711783824856,0.8171257014997896,1.9298968798822753,-0.4281749994793529,0.17527264899052275,2.2450946306897976
1642349,3608.824999999999,1.4345240048817425,2.1313838239358924,3.5659078288176347,0.0006192575527084889,1.1948177968762406,0.09846312590666254,1.5233113191231686,2.222971814268547,3.746283133391716,0.0005958108054126726,1.3244541136507189,0.520740499688055,1.4988362826184554,2.2144976507513574,3.7133339333698125,0.0005921541153509709,1.3640099986297762,0.5299104236569874,Ajay Mitchell,OKC,1.911078605202394,3.0309398114358177,4.942018416638212,0.18037530457408124,0.03294920002190338,-1.3761105878205773
1628386,3936.5541666666686,1.1441319512006323,2.50253079008283,3.6466627412834627,0.004848692761639826,1.2573349507582576,1.721648809384123,0.9875464619572115,2.7218833084917518,3.7094297704489634,0.004775356879565556,0.47054410672899893,2.4417662895523313,0.9638118386249938,2.7670486535909613,3.7308604922159554,0.004831757124403879,0.5296259083634502,2.4238686748310814,Jarrett Allen,CLE,0.8099698046670789,2.9545019399697208,3.7644717446367997,0.0627670291655007,-0.02143072176699201,-0.117809003353337
203939,2246.5708333333328,0.2255226337867661,2.8630011053694857,3.0885237391562526,0.0032494029580746814,-0.9136828158488508,1.7994650102106209,0.7668072754393431,2.925957360008208,3.6927646354475514,0.0032229403278575723,0.10075203961150556,2.255775848711498,0.7552977378253053,3.114738920456902,3.8700366582822063,0.003187257668586087,0.11974707244470463,2.403400878332071,Dwight Powell,DAL,0.6421112050213285,3.120243700589849,3.7623549056111774,0.6042408962912988,-0.17727202283465493,-0.6738311664549248
2544,5059.04166666667,2.367409064340975,1.5564408960055574,3.9238499603465313,0.004109746159568021,3.1282127176304027,1.1475242102165841,2.0489244753583926,1.625721687010905,3.674646162369297,0.0037045226361309734,2.2065534952753443,1.3795881602998428,2.038568314628488,1.6822438262594919,3.720812140887979,0.004208706216991744,2.253522632854152,1.4386213215276515,LeBron James,LAL,2.517173268629293,1.6865924030781785,4.203765671707472,-0.24920379797723413,-0.04616597851868187,-0.2799157113609403
1630193,5506.804166666672,1.224215111137836,2.805437311518669,4.029652422656505,0.001524612527182867,2.630698062726723,0.5405689173388807,0.9537491138829901,2.6458306121108377,3.599579725993828,0.0015095730073430658,1.806428554012127,0.5843775395287912,0.9198786574136847,2.65153041121429,3.571409068627974,0.0015074258739198889,1.8008915994507158,0.5879846951336954,Immanuel Quickley,TOR,1.4675390359169578,1.0641074823547183,2.531646518271676,-0.4300726966626769,0.028170657365854,1.4980059043848288
204001,1922.2291666666658,1.8891246400408797,1.7504677810268148,3.6395924210676944,0.0034558025029280625,2.205744255279461,1.594972391910517,1.9397681182141526,1.6464753686173161,3.586243486831468,0.0034403508978543213,2.3854092759724517,1.4795979038847888,2.0656179615531474,1.8034661701919195,3.869084131745067,0.0034586961031037745,2.596643233022028,1.649573325374246,Kristaps Porziņģis,GSW,2.1039493685703876,1.1560885877727607,3.2600379563431483,-0.05334893423622633,-0.2828406449135987,0.3795544647245461
1628973,6365.308333333323,3.598587396742422,0.314064534441347,3.912651931183768,0.00378151249984108,3.948702315980254,-0.3799069841258816,3.409266779125558,0.17038320106695745,3.5796499801925163,0.003799477490223326,3.310551499293933,-1.0708302515070327,3.424875940718073,0.20116790964271797,3.6260438503607917,0.0038107093893182567,3.292700717023324,-1.0130980340896745,Jalen Brunson,NYK,4.071447475566856,-1.422243175368421,2.649204300198435,-0.33300195099125185,-0.04639387016827534,1.263447630985333
1629661,4060.1750000000043,2.5676967207312638,1.1317971858513156,3.6994939065825796,0.0017675436242090656,1.373715876954813,0.028996386883145375,2.4421747009429717,1.0759769673871147,3.5181516683300877,0.0020435802480820928,0.702972579288428,-0.41689689604744284,2.4584931879520973,1.083487011919454,3.5419801998715514,0.0020077375440256937,0.7420762213986108,-0.4338799400010563,Cameron Johnson,DEN,1.7723920151226011,-0.03831103564606653,1.7340809794765346,-0.18134223825249185,-0.023828531541463693,1.965412927106045
1641744,709.0708333333337,1.0679234054946571,3.5738541837335385,4.641777589228196,0.000395065369405577,0.7857634775724085,2.424059466668536,0.5075993002407582,2.9705627027925563,3.478162003033315,0.00039347750699120806,-0.3856376221249862,1.4833220193966803,0.2982395349207701,3.82929361130004,4.12753314622081,0.00040600663153570827,-0.6097652124955962,2.5083325952674103,Zach Edey,MEM,0.47487144698523626,2.66705128967886,3.141922736664096,-1.1636155861948811,-0.6493711431874951,1.4998548525641002
203994,2715.8791666666675,-0.13923910354865374,3.853054656329403,3.71381555278075,0.013189425692228975,0.18969549246501616,2.7962391421112374,-0.2269573817204178,3.6646526807039748,3.4376952989835567,0.013181525548397535,-0.39802417477308816,2.6030378231016216,-0.26632920171252616,3.893005742105552,3.6266765403930266,0.013184292113277625,-0.3816009734276612,2.767719190703295,Jusuf Nurkić,UTA,-0.4367558579443278,4.479293824563234,4.042537966618906,-0.2761202537971932,-0.1889812414094698,-0.32872241383815615
1629660,846.5375000000001,4.466235554241772,-0.6077034059079303,3.858532148333841,0.008537195746600845,5.3169286279956625,-0.4552802388204373,3.5462607395547017,-0.11486011570785577,3.4314006238468457,0.008958806760170055,3.54223617141843,0.4084925371699487,4.105973534020142,-0.10868026140308647,3.997293272617056,0.00926706927827172,4.536459759097164,0.38071765028658633,Ty Jerome,MEM,3.6379392875585657,-0.6712922056773797,2.966647081881186,-0.4271315244869953,-0.5658926487702103,0.8918850664526552
1630529,3928.6916666666616,-0.07116521985272996,3.4305524153043243,3.359387195451595,0.0019095665788551525,-0.33162869452174404,1.396367092863569,0.00404626701316315,3.41096888777477,3.4150151547879326,0.001851144166103091,-0.12729524301786146,1.345243890744739,-0.010624540564971476,3.3759403532837786,3.365315812718807,0.001882293842032874,-0.07018841938876784,1.3023343936230503,Herbert Jones,NOP,0.16726853849274764,2.5885603706712015,2.755828909163949,0.055627959336337796,0.04969934206912541,0.6035582862876456
1630178,6652.800000000003,2.753432260516871,1.1501737214587915,3.9036059819756623,0.004235772530713712,3.4726062677257996,0.3243092402938553,2.5368435824606497,0.845332538051179,3.382176120511828,0.0042168184228935845,2.9010285027044644,0.003585127964871815,2.4701213987924855,0.8145913624821353,3.28471276127462,0.004220472898535489,2.873582886255553,-0.03405082929283622,Tyrese Maxey,PHI,2.2285505360065545,-0.5835065413199441,1.6450439946866104,-0.5214298614638344,0.09746335923720784,2.2585619872890517
1642851,6302.949999999995,3.3264289940800773,0.27762346080612144,3.6040524548861987,0.002663828859459736,2.4220634961853387,-0.9885270029328987,2.6944403798015992,0.632865164663409,3.3273055444650077,0.002656592140950533,1.2071348417422314,-0.16186837882673363,2.6003621613142576,0.6394386907969627,3.2398008521112205,0.0026544571966672305,1.1968531180099815,-0.1878050167384544,Kon Knueppel,CHA,2.591293747727978,0.3058632870922554,2.8971570348202333,-0.27674691042119104,0.08750469235378722,0.7068954200659654
1629048,2434.2791666666694,-0.13295091948478208,3.348892653016418,3.215941733531635,0.0022526649036123014,1.0015160018354834,1.8988733572748455,0.18146420617684011,3.0984605340947953,3.2799247402716367,0.002276757155999552,1.4849333737924764,1.5439442286590743,0.17596053408221715,3.231100730230529,3.407061264312747,0.0022760513772079258,1.5891687176500608,1.6220905694920997,Goga Bitadze,ORL,1.010746499986041,1.7925826642508418,2.8033291642368825,0.06398300674000179,-0.1271365240411102,0.41261256929475243
1630568,2798.266666666667,3.173853743249439,0.2373015928362364,3.4111553360856752,0.004164928268051592,3.191385172171704,-0.04165226441154318,2.877488087603326,0.3904119155650214,3.2679000031683474,0.004149149557445367,2.3365205177275206,0.4305423599348719,2.979623639860791,0.4360683042532908,3.415691944114081,0.004151536044204658,2.4490868199803733,0.39919212242158625,Luka Garza,BOS,3.2354582393180973,0.2923111303015633,3.5277693696196604,-0.14325533291732784,-0.14779194094573356,-0.11661403353398514
1630591,3955.75833333333,1.8396392098276657,1.4095659147439787,3.2492051245716445,0.00627220959242793,1.4866917234325148,1.4016289228024001,1.8257030949359898,1.43065566315222,3.25635875808821,0.006294863586316204,1.509046298993061,1.4554514455927212,1.838915863515664,1.3892252234575395,3.228141086973204,0.006407650077482619,1.54119984466051,1.4301725085273334,Jalen Suggs,ORL,0.09585511516575845,2.9277915212548145,3.023646636420573,0.007153633516565616,0.02821767111500595,0.2255584881510715
203991,2278.166666666667,-1.0956015706614988,3.447755593801591,2.3521540231400926,0.008901781900854604,-0.08700012574603144,1.5962571065693967,-0.5186299599692904,3.7728812534487175,3.2542512934794265,0.008859944605116687,0.7296377707877915,2.2866574956971575,-0.645707651824955,3.90036952355666,3.2546618717317046,0.008871484636285138,0.7084309514398078,2.3947719815075392,Clint Capela,HOU,-0.09435697353323028,2.9452264252585465,2.850869451725316,0.902097270339334,-0.0004105782522780821,-0.49871542858522355
1641706,4840.195833333331,1.1206474330073786,2.250514132033918,3.3711615650412967,0.0031873579380795576,2.1146682857769337,-0.3983259900333554,0.6951734672527866,2.5562687826911796,3.251442249943966,0.0031742017167813996,0.9841822116536312,0.27840432111404423,0.7756838728317579,2.435397423683461,3.21108129651522,0.003178774494859767,1.0131722075149974,0.20143585505299644,Brandon Miller,CHA,0.6635440786373303,1.3593046877376334,2.0228487663749637,-0.1197193150973308,0.040360953428745905,1.348312798666333
202699,4313.583333333334,0.8178174034289878,2.5026281379362034,3.320445541365191,0.003284696786257193,1.4266853179147079,0.2979444885403465,0.7006038191126907,2.547307195612964,3.2479110147256542,0.0033000205344997746,0.6876382529295622,0.6734062632197592,0.6651024803747095,2.5904307904240387,3.2555332707987477,0.003265346069559674,0.7299581456595526,0.6629555390559196,Tobias Harris,DET,0.7741104451756,0.833282938995009,1.6073933841706092,-0.07253452663953697,-0.007622256073093414,1.713052157194582
1630167,1032.9374999999998,4.412476509658779,-1.1836817469863021,3.2287947626724764,0.0010055966951439943,2.3060775792047212,-0.3146010333141966,4.245581181279538,-1.0153215001300837,3.2302596811494544,0.00100137013755166,1.996993254025393,0.10003139848532347,4.368271988789909,-1.1137118278816718,3.2545601609082375,0.0010018796796098075,2.3357316049948706,-0.09493284301580464,Obi Toppin,IND,3.0784727408643193,-0.34681835858055443,2.731654382283765,0.0014649184769779389,-0.024300479758783133,0.49714038038871156
1642352,698.8041666666666,2.5809266200011978,-0.6860704333193746,1.8948561866818223,0.0012215658640876183,1.3160466071771864,-0.8595062413589152,2.252743713505361,0.9702380869076037,3.2229818004129647,0.00120219868272467,0.8533166265868168,1.1023003074043227,2.3681655615484645,1.564169475688041,3.9323350372365047,0.0012025659962201431,1.0134187054052863,1.7779019084424914,Keshad Johnson,MIA,1.5721602525305094,1.2869907545102364,2.8591510070407455,1.3281256137311424,-0.70935323682354,-0.9642948203589232
1630198,3746.2249999999985,3.140196331884934,0.3851963961138313,3.525392727998766,0.0035688256632347183,2.5921801392870334,-0.008387543177617252,2.8901093697704403,0.28618761220253963,3.17629698197298,0.003586018920429521,2.1287345237510693,0.16182070047216082,2.8520233186309887,0.24237248754489854,3.094395806175888,0.003510018036277536,2.1416156680091194,0.1245090624198882,Isaiah Joe,OKC,1.7846550466816178,-0.19958017212880205,1.5850748745528158,-0.34909574602578575,0.08190117579709222,1.94031785344595
1628978,6235.091666666668,2.743477874591421,0.6165733776305944,3.3600512522220165,0.005324867081617151,1.7363255311013446,1.1627105476404975,2.7589148929012253,0.3859383365887601,3.144853229489986,0.005312189272758465,1.3120016962114698,0.7040125162629609,2.742020360366281,0.347174969306161,3.089195329672442,0.005309300623038873,1.3237588673860998,0.650990901601733,Donte DiVincenzo,MIN,1.8444732490594065,1.0250954678104613,2.8695687168698676,-0.21519802273203048,0.0556578998175441,0.4904825353521489
1630166,5436.837499999992,4.09552750768494,-0.6701423634037839,3.4253851442811554,0.0033028685147685577,2.9617744898454337,-0.391987633558545,3.7658479252447536,-0.6406299481326342,3.1252179771121193,0.0032960272369104014,2.148140072353137,-0.30980782837370713,3.814973369798301,-0.5769889328058234,3.2379844369924777,0.003294824531176889,2.1797706405364354,-0.2351296479136421,Deni Avdija,POR,1.7410738971925663,0.15986563608195725,1.9009395332745236,-0.300167167169036,-0.11276645988035838,1.5244456110066318
1628991,3636.337499999998,0.6387906734244997,2.5416828326412535,3.1804735060657534,0.0016342600946972052,0.20669932522237022,1.3532025430741812,0.4175556182480693,2.7023264167812338,3.1198820350293035,0.001648926829748846,-0.6137643313395926,1.4510021003089424,0.4287861436290112,2.4491951957451157,2.8779813393741267,0.0017216389545659091,-0.5779528480860433,1.4000598517775455,Jaren Jackson Jr.,UTA,0.032996185607901934,3.2835608441731603,3.316557029781062,-0.060591471036449907,0.2419006956551768,-0.13608352371530863
1629680,1179.9583333333344,-0.43668781364613424,3.691874050898614,3.2551862372524796,0.006272886638786143,0.9406791726056593,3.3093626676057286,-0.34622310444728177,3.4398412354895074,3.0936181310422253,0.006219322175358122,1.193767107100517,2.870424457476204,-0.2918654931023779,3.8508843310120846,3.5590188379097056,0.0062260126763978765,1.2677129551887398,3.7264729632134204,Matisse Thybulle,POR,-0.19070288109911882,2.820974967108219,2.6302720860091,-0.1615681062102543,-0.46540070686748036,0.6249141512433796
1629130,5228.550000000006,1.6508241496849352,1.5674856912347397,3.2183098409196744,0.002477904950774333,2.2169058283134024,0.1408738447712999,1.49988618415232,1.5869458791270423,3.0868320632793615,0.002606818256417897,1.543763490177251,0.4418722981606993,1.4451916020521707,1.547321576198614,2.992513178250784,0.0028011518826430754,1.555741921383482,0.45301535975174306,Duncan Robinson,DET,1.598662898202034,-0.2742309672227511,1.3244319309792831,-0.13147777764031288,0.09431888502857744,1.8938779099403913
1630558,4947.329166666663,1.693947742984232,1.7426927556257144,3.4366404986099477,0.0009896119185112114,1.0461305841227473,0.3769799181247644,1.3543768323684922,1.7291154254406873,3.08349225780918,0.0009692738676416153,0.003746071546797486,0.134045353193979,1.337511600023749,1.6978253838212087,3.035336983844958,0.0009791191655880885,0.0544975790287482,0.12680021289522153,Davion Mitchell,MIA,0.6679378295127196,0.16705220297034473,0.8349900324830644,-0.3531482408007678,0.04815527396422192,2.601650466126883
1629008,4221.508333333336,2.5194680378957193,0.4527890394704294,2.972257077366148,0.0013180609854300373,2.876419416097976,-0.023903898333091755,2.5690667032374677,0.466539672791021,3.0356063760284884,0.001270795323764607,2.8044157509732437,-0.39048752686278887,2.579393957334736,0.45424451193252835,3.0336384692672635,0.001264093146520311,2.83962905060779,-0.3574059917182339,Michael Porter Jr.,BKN,3.080622895766752,-0.7447530855784228,2.335869810188329,0.06334929866234029,0.0019679067612248247,0.636387267177819
1629655,2927.637500000003,0.6124857587127683,2.1638836594004323,2.776369418113201,0.0017725584466102352,0.11058317620967661,1.5716340927498258,0.9000891360914979,2.1021916146827904,3.002280750774288,0.0018633750942655407,0.754476508016283,1.8740374714830559,0.8995456947290741,2.2219475344526787,3.1214932291817536,0.0019450949244632304,0.8038836429331674,1.8502583870232838,Daniel Gafford,DAL,0.9798965638694177,2.2366060441918485,3.2165026080612664,0.2259113326610871,-0.11921247840746574,-0.4401331899480656
1629750,3559.5166666666714,1.124521112774853,1.2819678079776469,2.4064889207524987,0.003697825755999718,1.1656750696606895,1.3903123065976806,1.4178434228485695,1.577863947254397,2.995707370102967,0.0037027488466443723,1.5908636169200512,2.3305864086381374,1.3998699732664461,1.5936525548747293,2.9935225281411753,0.0036934002608905664,1.618759750098381,2.2960219912166195,Javonte Green,DET,0.3804159665671129,2.3722662691959426,2.7526822357630554,0.5892184493504682,0.0021848419617915837,-0.3461933150105567
203932,2440.616666666668,1.6207142469741664,1.79182975815784,3.412544005132007,0.0004750869930272547,2.6871674001493306,0.1952587596746428,1.2865224497566552,1.7071219355934155,2.9936443853500707,0.0005209197374317298,1.897332080992109,-0.3278655833891101,1.3507430757329222,1.718384722338786,3.069127798071708,0.0005187383997880687,2.0049974726683444,-0.39214494384977333,Aaron Gordon,DEN,1.9048204640304294,0.3462144502426414,2.251034914273071,-0.41889961978193613,-0.0754834127216375,1.161509090858936
201567,1486.3666666666668,2.279249060203056,0.8019326465275395,3.0811817067305944,0.0019699013043502343,1.7801945918504787,1.3450233789346602,2.5717255213109014,0.41966562945545016,2.9913911507663524,0.0019752844989282792,2.178818364018064,0.5599553659876106,2.6321167552722717,0.42256367865535616,3.0546804339276283,0.0019779317034991544,2.3359035427219887,0.5896982843246428,Kevin Love,UTA,1.544464308537314,0.8324724695597899,2.376936778097104,-0.08979055596424201,-0.06328928316127591,0.7042449286334906
1626167,4788.541666666669,0.22432962072470844,2.7963896400420536,3.0207192607667617,0.0058402682850528095,0.14063460302337616,1.862710663508068,0.49837675873240334,2.492179210189242,2.990555968921646,0.005887385724305686,0.1767805205913239,1.3414728111421623,0.4626359763082732,2.480368769073709,2.9430047453819825,0.0058327774627471825,0.20753014650646018,1.3227547328499112,Myles Turner,MIL,0.3484860615758452,1.7384549984797721,2.0869410600556173,-0.03016329184511557,0.04755122353966357,0.9337782007111444
204060,381.45833333333337,2.1997567727798164,0.30037735748394134,2.500134130263757,0.020963252997644056,0.34060957048963053,1.1550481126653545,2.7895917042752414,0.14015554902474958,2.929747253299991,0.020941079322952607,1.604290690372632,0.9139926513391351,3.0344135600208757,-0.23867394187799448,2.7957396181428815,0.020970336827822768,1.9336308119530814,0.3647045657422173,Joe Ingles,MIN,1.8570968180886467,0.201900899918946,2.0589977180075927,0.4296131230362339,0.13400763515710956,0.4411364122561645
1629630,1421.2499999999998,3.158806031609238,-1.0784745225534258,2.0803315090558128,0.001092796468598551,0.8468866210137814,-0.7015742000364631,3.1740624946851828,-0.26547093201520056,2.908591562669982,0.0010793335923167204,1.1466582654405315,0.5635769313864324,3.3439861051176023,-0.5796842323115643,2.7643018728060396,0.0010863741397376195,1.2982939019366004,0.6276467148421463,Ja Morant,MEM,1.8738976160219825,0.7463585275451657,2.6202561435671483,0.8282600536141693,0.14428968986394253,-0.5399246345113355
1630217,6906.200000000006,3.753833204396566,-0.7078094707006473,3.046023733695919,0.005974286149881123,1.8018786669405946,-0.4791435474266856,3.5901029774828777,-0.6987587673735679,2.89134421010931,0.005917889443675016,1.4643025390973619,-0.6909740641847664,3.5594219735964523,-0.9761368365212361,2.583285137075216,0.005982190277818423,1.492769354206278,-0.6381962996945826,Desmond Bane,ORL,2.1377079335878952,-0.02240699689231135,2.1153009366955837,-0.15467952358660897,0.30805907303409397,0.9307227970003353
201935,5927.575000000003,3.0708930366462344,-0.1943768626248253,2.876516174021409,0.004080047685683733,4.3161520839367515,-0.539648942440917,3.122256233789721,-0.24407042479922297,2.8781858089904984,0.004065737718481557,4.204142635618463,-0.4552115131288752,3.1169799890917296,-0.2017584646685348,2.9152215244231954,0.004070491459807633,4.224963329738327,-0.3425220239027817,James Harden,CLE,3.9272214666784255,-1.1441314444495272,2.7830900222288983,0.0016696349690894507,-0.037035715432697014,0.09342615179251057
203935,4429.487499999998,1.0511426203285559,2.061656157828854,3.1127987781574094,0.006242601101636016,0.8930133615331001,1.4805065420159162,0.8764233068471283,1.988802363044692,2.8652256698918204,0.006033791895811092,0.5466447173869928,1.3630504168920443,0.8146651699843078,2.0253336401902478,2.839998810174555,0.007096000177349229,0.5664840715397647,1.3083206129465679,Marcus Smart,LAL,0.012251646236295793,2.3283331145897814,2.340584760826077,-0.24757310826558898,0.02522685971726535,0.7722140173313323
1641708,7291.420833333317,1.1496355936719642,2.2375519227573117,3.387187516429276,0.0036559419950619953,2.26518837210376,0.4729378350948392,0.7581009010248269,2.102792914906723,2.8608938159315493,0.003633461313330109,0.5301033109469636,0.16700876360843384,0.7920148991248931,2.1314205777283575,2.923435476853251,0.003637785734056796,0.5612627397131429,0.15873638660428663,Amen Thompson,HOU,1.2233670539138912,0.17964777989347702,1.4030148338073682,-0.5262937004977268,-0.06254166092170177,1.984172682621908
1630162,5341.483333333341,3.746315041586133,-1.0769239372815782,2.6693911043045544,0.0071057830197291515,3.2771981792815916,-0.8371332888698957,3.8143810123291964,-0.978623137402203,2.835757874926993,0.007082704856613666,3.0365507579149154,-0.5365300233595761,3.7959183373342795,-0.9643992506116067,2.8315190867226736,0.0070611722237909,3.035922835735861,-0.543042723083014,Anthony Edwards,MIN,2.7679561828259205,-0.9856309227036953,1.7823252601222253,0.16636677062243876,0.004238788204319555,0.8870658441823291
1630572,4316.245833333332,1.9160431098983444,0.5359503918411808,2.451993501739525,0.02111698601939066,1.7333357906152123,0.38317531821486805,2.0519782945063527,0.759453758078424,2.8114320525847774,0.021115864257745674,1.7415723422774636,1.003428035087323,2.0477998038876066,0.766276540372721,2.814076344260327,0.02111753393238307,1.7685973208252563,0.9936822329361514,Sandro Mamukelashvili,TOR,2.6417313221692105,1.1041602878678365,3.745891610037047,0.35943855084525245,-0.0026442916755495816,-1.293898108297522
201942,6022.454166666677,1.8587532977934995,0.87223546035224,2.730988758145739,0.006632272116547256,1.8574253333447435,0.3609579869025325,1.9273375343003103,0.8777000576844151,2.8050375919847252,0.006602668826401769,1.8487405642032795,0.5665662436100278,1.9231268274627353,0.9000852327974183,2.823212060260154,0.006592186593506162,1.8769846874083707,0.5992601314654378,DeMar DeRozan,SAC,1.4942246550466427,-0.3054615290917772,1.1887631259548654,0.0740488338389862,-0.01817446827542879,1.5422256321908736
1627751,2797.2624999999957,0.4823362562090181,2.393609482689043,2.875945738898061,0.001983476808900913,0.8103672551734588,1.589547633468161,0.5402202947097486,2.2459826827778326,2.7862029774875814,0.0020025320186991577,0.6626208352134546,1.3959416903722084,0.5260395438087253,2.319367249804274,2.845406793612999,0.002007420528116192,0.7426384985779485,1.4794988358331027,Jakob Poeltl,TOR,0.2693843698167568,1.9796466128766612,2.249030982693418,-0.08974276141047977,-0.059203816125417585,0.6269147562046431
1641764,5744.370833333332,0.8127559912530102,2.1585391036026675,2.971295094855678,0.0030883585847421144,1.2144893186725683,0.2976959813375017,0.7343767408741039,2.046037975296666,2.78041471617077,0.0038753454306961707,1.1629904430723976,0.6317130643273644,0.7481919524211051,2.0243812670092316,2.7725732194303374,0.003939349994873696,1.1632971362288629,0.5489183237261509,Brandin Podziemski,GSW,1.126931046282926,1.4067040445230794,2.5336350908060057,-0.19088037868490781,0.007841496740432774,0.4376600040496723
1641709,4736.6375,0.6124046315361188,2.315371671290655,2.9277763028267736,0.005129201297904609,0.15633603972547133,2.439854811406295,0.34789470526599187,2.4114921846809727,2.7593868899469642,0.005232406851715639,-0.5943434606020808,3.029837536165219,0.40280730759614086,2.3905371552155046,2.7933444628116453,0.005362588828243796,-0.5384494753650825,2.879874896388972,Ausar Thompson,DET,1.1146978328372297,3.28184825705732,4.396546089894549,-0.16838941287980935,-0.03395757286468104,-1.4687697870677758
1642364,2621.170833333332,1.1240862243706684,1.7819782816904628,2.9060645060611305,0.0003103791506619705,0.3193615490655054,1.0860583225081244,1.0276128590125189,1.7264113733081667,2.7540242323206856,0.0003009741148761757,0.34008271162014203,1.1904760201821956,1.0516987742308364,1.8072226300998087,2.858921404330645,0.000298001798949127,0.3726803380495693,1.2596988220168468,Jamir Watkins,WAS,-0.43636174100771,1.3902785753732516,0.9539168343655415,-0.15204027374044493,-0.1048971720099594,1.952147671695589
1630596,5107.345833333335,-0.36055694657674847,3.3364571080667416,2.9759001614899945,0.0032533776530567935,1.647626261221272,1.3556192255728718,-0.6465330577380207,3.378220563214832,2.7316875054768106,0.003227274873513857,0.4737362176563067,1.6895110472295496,-0.6565206579522386,3.3217539672466843,2.665233309294446,0.0033397573609648622,0.5219401392645594,1.56441339446702,Evan Mobley,CLE,-0.48031690697863233,2.9877503978260433,2.507433490847411,-0.24421265601318387,0.06645419618236481,0.4684666706425835
1630241,3437.745833333337,2.444066141417628,0.9987978536133365,3.4428639950309643,0.0022768331043907116,2.4968992901767337,0.15377967581262666,2.1209537609961964,0.6001627169588625,2.7211164779550594,0.0021318071595824587,1.3527701529967993,-0.4754260471441938,2.0835750303390217,0.5681292911575132,2.6517043214965343,0.002110584028099049,1.3897054114822465,-0.5155044778251565,Sam Merrill,CLE,2.6145097388955345,-0.052751144425999597,2.561758594469535,-0.7217475170759049,0.06941215645852505,0.8811054005614292
1630692,3988.0791666666705,0.5792424313261069,2.093185202259513,2.672427633585621,0.007069530966581449,1.4575155311105088,1.1728422599983914,0.5400003015462749,2.1436432595748784,2.683643561121154,0.0070295532648972855,1.4018998349974927,1.5714737923049245,0.6191353802726842,2.1405828555233084,2.759718235795993,0.007135747288715063,1.4137746353506782,1.4997854049369317,Jordan Goodwin,PHX,1.2399111720354334,1.4765846208532394,2.716495792888673,0.0112159275355328,-0.07607467467483886,-0.04406815930305186
1642357,169.93750000000006,2.1765257814675625,1.7636637503124521,3.9401895317800153,0.0002161116018106239,1.4620410866452724,1.6529977308186081,1.7449387263308478,0.9283716170684988,2.6733103433993466,0.00021590132766605467,1.0385031021104028,0.8004696058306392,2.9158162992096277,3.237190293520605,6.153006592730232,0.0002146803629340571,2.2526610074754547,3.1755195658351245,David Jones Garcia,SAS,1.3763335032304251,0.9112293486793587,2.287562851909784,-1.2668791883806687,-3.479696249330886,1.6526266798702314
1628989,3818.954166666659,1.7529604492736783,0.7513231515763723,2.50428360085005,0.00483094042536215,0.8898793859568189,0.5557263817203235,1.872876809488778,0.7934234333560194,2.6663002428447973,0.004804611077151544,1.0456499340150636,0.5140195492194845,1.87091883748777,0.8254426429524037,2.6963614804401734,0.004809250733224634,1.0783791369537497,0.49317673003192114,Kevin Huerter,DET,1.100346037964525,0.41432825431758225,1.5146742922821073,0.16201664199474708,-0.030061237595376156,0.9896093085679429
1629011,2952.4791666666692,-0.5316410840383713,3.3771971309532214,2.845556046914851,0.0010590265134268115,1.9707504655881967,2.418858098896521,-0.2615214960302443,2.9026258300911527,2.64110433406091,0.0010579880503806224,2.102035781586497,1.4698873818120584,-0.2799103907470893,2.9545256887150027,2.674615297967913,0.0010575549163071903,2.1637030492829266,1.5411016232196237,Mitchell Robinson,NYK,2.3553754494629255,0.9999970407788613,3.3553724902417867,-0.20445171285394093,-0.033510963907003255,-0.5098164433269359
201144,2478.2458333333343,0.5040344776080203,2.4040637606432385,2.9080982382512586,0.014102334910596767,1.138109665023395,1.3221058279111437,0.2729882677518704,2.3448932552791586,2.6178815230310293,0.014101347694133477,0.28617025024384823,1.0654505372028662,0.23707931409257946,2.3495485552793722,2.5866278693719513,0.014101575117885469,0.3065618331450136,1.073195154007395,Mike Conley,MIN,0.3497995243559921,1.232523073890524,1.582322598246516,-0.2902167152202293,0.03125365365907795,1.3257756400047425
203486,428.7208333333332,0.5300765695046674,1.2372015847109383,1.7672781542156055,0.002474660614539846,-0.6471900566833775,1.7153710534796396,1.4830001384108105,1.1089635261000548,2.591963664510866,0.00249972295974247,1.131430633079399,1.314816888119408,1.455913524132237,1.7023667674664555,3.1582802915986923,0.0025095306980216646,0.9687593474031754,2.4351065642738092,Mason Plumlee,SAS,0.5853198318483563,0.9773367435008092,1.5626565753491657,0.8246855102952606,-0.5663166270878262,0.20462157886643983
1629632,3091.7375,2.6371323551940398,-0.3817442261346251,2.255388129059415,0.006249225699053693,2.265637254497334,-1.5609267147321804,2.526610813259521,0.05853239457879037,2.5851432078383114,0.00626736875893599,2.033165261065037,-0.4283345913845321,2.523391634660275,-0.03314175681155197,2.4902498778487225,0.006268795134886965,2.1131824702428634,-0.50337327293205,Coby White,CHA,2.289177117314241,-1.1060333482989182,1.1831437690153228,0.3297550787788963,0.09489332998958888,1.0722443600440923
1626181,4292.341666666661,3.242664831330405,-0.5184747841284658,2.7241900472019402,0.0012579792468564023,2.2659699526825436,-0.37723561189121196,3.0103388237758244,-0.4484918459598277,2.561846977815997,0.0012807361937954773,1.2718903514998374,-0.1382442232719878,2.9982187156223037,-0.473225110533828,2.5249936050884765,0.0012819675386588928,1.3079567468932973,-0.16129195294386267,Norman Powell,MIA,0.71511931101916,0.5649717528903933,1.2800910639095533,-0.16234306938594312,0.03685337272752065,1.444098983292387
1631214,251.9583333333334,3.001053481037049,0.8580979446255574,3.8591514256626063,0.00010745650658817913,2.745972103557586,0.49639061298793796,1.8882702113554075,0.6693738955206165,2.5576441068760234,0.00011016350655573618,1.5894988203926843,0.233764861962215,2.9396603817760503,0.5266315791780587,3.466291960954109,0.00011344189465099257,2.75617653286761,0.15177544235231627,Alondes Williams,WAS,1.557429094252358,0.20002288337283414,1.7574519776251922,-1.3015073187865829,-0.9086478540780858,2.1016994480374143
1631105,4874.541666666664,2.0738272776633844,0.22798062489781312,2.3018079025611975,0.00813840706698915,2.8178567101360485,0.19719458228484205,2.205803562025859,0.34424633578862324,2.5500498978144828,0.008051130863382296,2.507541215849175,0.5728466113339461,2.1657153978376904,0.3120223638251006,2.4777377616627914,0.007874452809547386,2.53512399146361,0.5082364123881897,Jalen Duren,DET,2.96081328250873,0.020272226766962387,2.9810855092756925,0.24824199525328527,0.07231213615169141,-0.679277606714495
1629638,6507.94166666667,2.1568490134274647,0.6463172514145337,2.8031662648419986,0.01095731483617327,2.3588849066737896,0.24449918129714793,2.042409785831926,0.5071050938494108,2.549514879681338,0.01097553244651385,1.7430230747120232,-0.14844048882866853,2.0376540205056437,0.48948830871751375,2.5271423292231576,0.010951602289265882,1.7209513408672787,-0.10211269915424638,Nickeil Alexander-Walker,ATL,1.2753758769260257,0.9123999321287878,2.1877758090548136,-0.25365138516066077,0.022372550458180207,0.615390455787185
1628371,1339.583333333334,-1.0583153330715749,3.5046377231276886,2.446322390056113,0.0009716287986581611,-0.5325313393137145,1.931788439189895,-1.0077540955475026,3.5286195916622787,2.5208654961147756,0.0011042309952788913,-0.3959777329520018,2.028295816744693,-1.080978961415917,3.9153765308240565,2.8343975694081394,0.0009827556695020867,-0.5590285036955457,2.614582807163487,Jonathan Isaac,ORL,-0.2741697871690236,3.153043577186518,2.8788737900174945,0.07454310605866254,-0.31353207329336374,-0.4325513999613815
1642844,3899.1083333333354,1.471099545434623,0.9563819055289953,2.4274814509636187,0.0006841117093423348,0.9605747322821722,-0.9877519600185891,1.2176198309978745,1.2829969707459365,2.500616801743811,0.0006747759938588668,0.6105269736083521,-0.37439769977446136,1.2225477545596939,1.2899204032659655,2.512468157825659,0.0006896322748783284,0.6426561415404073,-0.3762169578000329,Dylan Harper,SAS,1.799125912441524,1.1417579707290169,2.9408838831705406,0.07313535078019218,-0.011851356081848063,-0.5134024322069219
1630611,3404.9166666666665,0.9528872473764404,1.898921860378071,2.8518091077545114,0.001411392070733756,0.6354244906513964,0.41070348410093516,0.8737633238713167,1.6268196738316145,2.5005829977029306,0.001622653229445071,0.42134906489170765,0.22521213420509315,0.8583460753611624,1.6705562517450865,2.5289023271062487,0.0015893773498430997,0.4545649311175849,0.25196367300041556,Gui Santos,GSW,1.279711066255077,0.36671512919012295,1.6464261954452,-0.3512261100515808,-0.02831932940331816,1.2053829123093114
1631119,3155.3125000000014,-0.3448662031884899,2.629312903959564,2.284446700771075,0.0011829973193690651,0.3438505428278229,1.7205229941105917,-0.22537483347528076,2.7103955586969177,2.4850207252216374,0.0011894822722735422,0.5979564516642136,2.031225938903494,-0.21754991485654224,2.7306887954905283,2.5131388806339854,0.0011506566300645183,0.6125871005315934,2.093814281417575,Jaylin Williams,OKC,-0.29403576232747153,2.1032840698201842,1.8092483074927128,0.2005740244505625,-0.028118155412347967,0.4751983932783621
204456,2363.6375000000003,2.097181365039576,-0.21172671003417584,1.8854546550054003,0.007381537412581475,1.3678307180507345,1.354003168174293,2.327171818823059,0.15218610579055084,2.47935792461361,0.007383922315743053,1.7888988437295081,2.241667330763334,2.2957139133660043,0.2118670151476923,2.5075809285136965,0.007382237676240121,1.8406353695433735,2.3800670784107654,T.J. McConnell,IND,1.0375614405959614,1.2211798922164956,2.2587413328124573,0.5939032696082096,-0.028223003900086585,-0.37328667780705693
1627750,6625.304166666659,3.0792733598067388,-0.3645567756098371,2.7147165841969025,0.0012116470925174106,3.8340924559148246,-0.30172130705260597,2.870370024795082,-0.40828743074959445,2.462082594045488,0.0012424267902074889,2.969979047845191,-0.8351306714331544,2.852103048136036,-0.37948282044896975,2.472620227687066,0.0012652157515490238,2.9567833678809876,-0.7348581395259961,Jamal Murray,DEN,3.118736523022099,-2.2626804295718004,0.8560560934502988,-0.2526339901514145,-0.010537633641578115,1.8586604907466038
1628976,5715.379166666664,-0.9198278362943875,3.7522667150893314,2.8324388787949446,0.011110039549149115,0.7844769531241886,1.0345756211750763,-1.252810691910149,3.702065651373504,2.4492549594633553,0.01094362559338673,0.05245332770021224,1.0535355736670597,-1.1395283813433166,3.7771501927574094,2.6376218114140935,0.010977834528648884,0.12288299019147043,1.004519803250426,Wendell Carter Jr.,ORL,-0.9253019936835933,1.9228040667274975,0.9975020730439041,-0.38318391933158935,-0.1883668519507382,1.8349368057510405
203468,5727.383333333346,2.438022720987857,0.14800062130253994,2.586023342290397,0.0013719688785647686,2.399225166434767,-0.5699835180455421,2.317581684829668,0.11240963468134664,2.429991319511015,0.001287381158205083,1.7875194032586148,-0.4420946303257376,2.313702440115537,0.10623077924568584,2.419933219361222,0.0013648928963875995,1.817646466908426,-0.39207487005472713,CJ McCollum,ATL,2.2953796990081754,-0.9108522728532761,1.3845274261548992,-0.15603202277938166,0.010058100149793248,1.2014959161354977
1642928,2276.012499999999,-0.9825412307388554,3.7767294236356093,2.794188192896754,0.0008036686442887573,-0.8315955721591881,2.465079329181968,-0.8042923145426786,3.2187646759762223,2.414472361433544,0.0008061606504925276,-0.7233165681201215,1.7472394459335454,-0.8425444616188861,3.366108357736015,2.523563896117129,0.0008028413396702171,-0.7664395801971905,1.8789054219653276,Dylan Cardwell,SAC,-0.5346673263225652,2.640269465972232,2.1056021396496667,-0.37971583146320986,-0.10909153468358523,0.6885860532470871
1631117,384.9500000000001,0.5246639162569633,2.939567926538433,3.464231842795397,0.0026922864604205818,2.817426110093162,1.4784811714312385,-0.06583129213794321,2.47412663194298,2.4082953398050373,0.002689473762376558,1.4077881739192248,0.8018317796390673,0.18820470824895347,3.0744736800353367,3.2626783882842902,0.0026833446852640172,2.0730444295167865,1.9726146927969426,Walker Kessler,UTA,1.4671697558267667,1.1620757751014583,2.629245530928225,-1.0559365029903596,-0.854383048479253,0.8349863118671719
1626156,1236.9375000000014,1.9145171836970636,-0.34897914510708167,1.5655380385899822,0.003080814778448891,0.45297979782106756,-0.9870457946100748,1.9370070368343633,0.4609572777936294,2.397964314627993,0.0026832177964672905,0.6142440318685488,0.683430842218184,1.9792000561737886,0.3582634964931031,2.3374635526668914,0.0026950071703858384,0.6655863873816081,0.664550180668099,D'Angelo Russell,DAL,0.6115019604690273,0.5083645723717923,1.1198665328408195,0.8324262760380108,0.060500761961101546,0.4456715057491627
1641750,3649.2041666666632,-0.929192223722065,1.7068166730921153,0.7776244493700503,0.0012862175611210267,-0.22233947378567964,0.2723974434695627,0.2297599819125426,2.159120778850876,2.388880760763418,0.0012559966590255237,1.0761918145432903,1.3364122184498912,0.21080839543235638,2.1424653785749177,2.3532737740072736,0.0012491152867897134,1.1074532403818482,1.2794422932622482,Ryan Kalkbrenner,CHA,1.1049816135101074,2.3747226848001826,3.47970429831029,1.6112563113933676,0.035606986756144376,-2.70207984894024
1642066,988.720833333333,1.7966634274916224,0.8229293512454735,2.619592778737096,0.0012326018233283166,0.9617831639165989,0.6195811492839352,1.5774046829069335,0.7887364540425053,2.3661411369494383,0.001235998844449374,0.6459671628240392,0.6895594015106544,1.7083510639481585,0.9799506083026017,2.68830167225076,0.0012364306449882273,0.7603088620943033,0.9019114132883725,Myron Gardner,MIA,1.3143184644608976,1.0885503537026633,2.4028688181635607,-0.2534516417876578,-0.3221605353013217,0.21672396057353538
1630202,6368.433333333328,1.0163489503444922,1.6615618424367615,2.6779107927812533,0.0007273019679742383,3.189557398722022,-0.6468873994853912,0.7288636637597538,1.6353348067090336,2.364198470468788,0.0007229174578351311,1.8852439915003356,-0.7172700116999481,0.7154540759053118,1.6224432054210989,2.3378972813264105,0.0007323937005160451,1.8738794567610206,-0.678401222395529,Payton Pritchard,BOS,2.9409116692190187,-0.5242694590634696,2.4166422101555494,-0.3137123223124654,0.026301189142377446,0.26126858262570396
1629627,4544.020833333325,3.622296755661728,-1.2308179720721681,2.3914787835895597,0.0015200310849947443,1.6361654999926487,-0.39530874834188695,3.5484704419511663,-1.1984128141930266,2.3500576277581398,0.0020159488002778835,1.5881060579794624,-0.3487030371133558,3.531199361015765,-1.2143156203985046,2.31688374061726,0.0017095909577126216,1.6184594035691646,-0.3484913383693225,Zion Williamson,NOP,2.4634214324008896,-0.9518002184166241,1.5116212139842655,-0.04142115583141992,0.03317388714087954,0.8798575696052942
1642955,167.0,0.46688820779830553,2.634678932041558,3.1015671398398634,8.404798152423921e-05,0.3128116690209912,2.6316833542406415,1.4063973562343537,0.9074956598984503,2.313893016132804,8.259192713590263e-05,1.2755609209351348,0.8151265637236403,2.7541022886477484,3.7526214894600067,6.506723778107757,8.278857589908815e-05,2.719580051631696,3.7480825038769394,Kadary Richmond,WAS,1.094850030316836,0.8220476858187223,1.9168977161355585,-0.7876741237070592,-4.192830761974953,1.184669423704305
1630540,2700.0874999999983,0.7558607385507611,1.5988541358959645,2.3547148744467252,0.0010943305601802495,1.7402745558652057,-0.5141645563928203,0.40589217592473686,1.8630587653440596,2.268950941268797,0.0010702948883032032,0.8525391978985075,-0.04925398228264713,0.42017250664385175,1.7994973243505297,2.219669830994381,0.001066820317922294,0.9007075668167556,-0.10615554841729165,Miles McBride,NYK,1.4096792063206474,0.3286802038010306,1.738359410121678,-0.0857639331779283,0.04928111027441595,0.6163554643250473
1630200,4301.89166666666,2.949455826543879,-0.9424045426367875,2.0070512839070913,0.0020370726278773886,1.6981482834737753,-0.013989319378634735,3.013166593248485,-0.7837941847517893,2.229372408496696,0.0018473438405886976,1.8659216547661377,0.38325905255241155,2.996056952199724,-0.8167404054663174,2.179316546733406,0.001859598692730815,1.8811763461829833,0.375721615149594,Tre Jones,CHI,1.8656048132482288,-0.06466206908010169,1.8009427441681272,0.22232112458960485,0.05005586176329002,0.20610853973896415
201572,4065.308333333329,-0.9056768536121209,3.138117252846892,2.232440399234771,0.016853177367720077,0.11197468765967478,2.116424082794607,-0.9348924610155546,3.149168202958319,2.214275741942764,0.016811160520801883,0.12690785109076938,2.601517045589795,-0.945421930018836,3.1409563112812746,2.1955343812624397,0.016809452058814303,0.16367523123437244,2.5629926616161196,Brook Lopez,LAC,-0.12888995035717987,2.58737645869834,2.45848650834116,-0.018164657292007114,0.01874136068032417,-0.226046109106389
1643024,115.21249999999999,-0.5564031363533999,3.8174811004754687,3.2610779641220695,8.83854692385657e-05,-0.5885529148120727,3.9664350305813616,0.5828964429950337,1.622772647537552,2.2056690905325858,0.0001087860294237293,0.6190931657565354,1.7038260095585052,1.1583612412228628,11.308805296922955,12.467166538145815,5.7185021045364604e-05,1.1907590275915167,11.615481769479997,Chris Mañon,LAL,0.5744162859021751,1.2131828391945345,1.7875991250967096,-1.0554088735894838,-10.261497447613229,1.47347883902536
1630631,3387.5916666666667,0.06501430791504816,2.653454692206105,2.718469000121154,0.0028901473576489487,1.0834322393657305,0.6636474179003067,-0.260228776072055,2.462848557878646,2.202619781806591,0.0028880307347254872,0.5676399644730121,0.3304401139076042,-0.22349249605575167,2.4796705054482993,2.2561780093925483,0.0028881931238415315,0.6224222724842884,0.27863818856304823,Jose Alvarado,NYK,0.26614119114852147,1.072638559566621,1.3387797507151424,-0.5158492183145631,-0.05355822758595741,1.3796892494060116
1642434,135.625,3.9487727917856352,-1.576267794008879,2.3725049977767556,9.662534995782469e-05,3.3197503029669657,-1.3090277500844165,2.3442468906159926,-0.1710916768746225,2.17315521374137,9.664618752215805e-05,1.6283494474384517,0.1132351005117225,4.591711860833467,-1.07620509052254,3.515506770310926,9.782975296506432e-05,3.98134163143736,-0.8536031198616006,Riley Minix,CLE,1.9744841670402116,-0.31931449524854383,1.6551696717916677,-0.19934978403538572,-1.342351556569556,0.7173353259850879
1630168,5742.420833333333,1.5136972159063813,0.7222313174081932,2.2359285333145746,0.011639084903456227,0.924156252052046,1.4018999879769507,1.5223724693215182,0.6410547061345664,2.1634271754560848,0.011459820585088222,0.12822349588797474,1.0583092516336265,1.4553261919202563,0.7317270836401325,2.1870532755603884,0.01159553912503744,0.17338133376322407,1.0048735636549027,Onyeka Okongwu,ATL,-0.11345586773617475,1.3807873234909174,1.2673314557547426,-0.07250135785848988,-0.02362610010430366,0.968597077559832
1626166,866.8833333333336,1.087278036899115,0.6969424054688356,1.7842204423679509,0.002654997260645454,1.5649521025829163,1.1834284591599398,1.1566135289139647,0.9975708656010285,2.154184394514993,0.0026657504296308814,1.6302453289184742,1.8727902587272691,1.3365878680132954,1.2841349150341919,2.620722783047487,0.0026884529099333323,1.956750295699831,2.5236297449450933,Cameron Payne,PHI,0.29427353984490534,1.096678888208304,1.3909524280532093,0.36996395214704214,-0.4665383885324941,0.39326801431474157
1630577,5670.733333333331,2.26011806829894,0.03997034203094508,2.3000884103298853,0.0017467498566869004,1.587793099735861,-0.03874813226296664,2.163148072093626,-0.03156078398810662,2.1315872881055196,0.0016642883858030786,0.9923887157913422,-0.10782580467537659,2.148186593432121,-0.06270280847131185,2.0854837849608088,0.0016175008535322228,0.987945059993797,-0.09463768407497265,Julian Champagnie,SAS,0.5617443360412604,0.586133855069145,1.1478781911104052,-0.16850112222436575,0.04610350314471079,1.15221021921948
203482,891.4916666666667,1.2441585655079097,0.1879053281525785,1.4320638936604881,0.0030616015016512827,1.50278391929813,0.7010685738656418,1.738197450957509,0.3881994252891941,2.126396876246703,0.0030683216562966366,2.53156140318348,1.2160175324789582,1.9095831306623405,0.562043128199164,2.4716262588615043,0.00306448706859956,2.9085932480513055,1.6236820248827786,Kelly Olynyk,SAS,1.9045737692685243,-0.10176685999813401,1.8028069092703902,0.6943329825862148,-0.3452293826148014,-0.3707430156099021
1641726,288.18333333333345,-0.8861027417514021,2.929436290416593,2.0433335486651907,0.0021134156413729955,-1.8401100100697745,1.822457499871471,0.1399104086798681,1.9851232224950839,2.1250336311749525,0.0020276252359071284,-0.31023925195240243,0.43999785941829295,-0.3055420097067948,2.8277427432155737,2.522200733508779,0.002046939002796066,-0.9866885900816244,1.6794224521369925,Dereck Lively II,DAL,0.12923193279796935,1.5057932003855194,1.6350251331834889,0.0817000825097618,-0.39716710233382635,0.4083084154817018
1631323,2915.2458333333375,2.496472406867379,-0.6718696602165599,1.8246027466508188,0.021446902955298636,1.7940084748542575,-0.6933128285468455,2.4625011890532376,-0.34057415941970914,2.1219270296335284,0.021446852415935014,1.3938482315633194,0.4119559132445426,2.4925994141642356,-0.35756854311103403,2.1350308710532024,0.0214447564044163,1.4430738978153672,0.3935406978080288,Simone Fontecchio,MIA,1.639422802052072,0.14728886817650444,1.7867116702285766,0.29732428298270963,-0.013103841419674023,0.03789107642224221
1626172,768.7166666666666,-0.39558257673625985,2.646447708962664,2.250865132226404,0.0007697429335828417,0.5346692475333182,0.8513120444757412,-0.24396214105673913,2.360063550351648,2.1161014092949086,0.0007681936031421028,0.8237733323915312,0.2124797137505485,-0.25051000558557324,2.290299728317422,2.039789722731849,0.0007705532024704447,0.9233276993555827,0.05303985674465904,Kevon Looney,NOP,1.3271914981252109,0.6352931420506874,1.9624846401758984,-0.13476372293149552,0.07631168656305976,0.28838049205050575
201143,2425.9625,0.02202097101431651,1.635062658371739,1.6570836293860556,0.0039228896055627915,0.6840610451919017,2.0391086818843416,0.43368688438433134,1.6821038820089858,2.1157907663933164,0.0035205895384118604,1.4091777068831957,2.15275792926131,0.3836890118071486,1.7817379853563433,2.1654269971634923,0.0035597523563521594,1.4194995165576834,2.272774895142171,Al Horford,GSW,0.946386695918193,1.5324016950471826,2.4787883909653754,0.45870713700726085,-0.04963623077017587,-0.8217047615793198
1630696,2804.8125000000023,0.14007255036182786,1.0650623289564318,1.2051348793182595,0.0028495971677924693,1.013343640218742,1.623265793074227,0.19343195797808313,1.913087858773579,2.1065198167516614,0.002729787537835204,0.9802833089944265,3.1975917596576866,0.20093659296236477,1.9774344616959045,2.178371054658269,0.002735525024165225,1.0185334138238438,3.2847606621309167,Dru Smith,MIA,-0.11812384280904008,3.2312487203314952,3.113124877522455,0.901384937433402,-0.07185123790660741,-1.9079899982041957
1628969,6670.804166666674,0.9878764309398859,1.4018524806266335,2.38972891156652,0.00276468441675121,1.9526419599051912,1.2090458163785665,0.7788679858552802,1.3123763729748066,2.091244358830086,0.0028002819616322516,0.7976196552973934,0.8037949851282816,0.7856191427665145,1.340146460755583,2.125765603522097,0.0028897452079653875,0.8131510706126234,0.788850696159467,Mikal Bridges,NYK,0.24512634927402416,1.1129196980061806,1.3580460472802047,-0.2984845527364337,-0.0345212446920109,1.0316828642863152
1629111,3765.1916666666734,2.2906995471344582,0.31479054449246036,2.605490091626918,0.0015252889110128286,2.0436840486972776,0.6162540046431713,2.0959323271366515,-0.04340870278590334,2.0525236243507488,0.0014518429116419623,1.1261814987952652,0.2541690004178009,2.0820333609969217,0.1319527298859686,2.213986090882891,0.00141723142025454,1.1722617157844593,0.27461476924474476,Jock Landale,ATL,1.2888194342058599,-0.004162246032220596,1.2846571881736393,-0.5529664672761694,-0.16146246653214202,1.3208329034532789
202696,4549.866666666668,0.1313996370790051,2.197143131956559,2.328542769035564,0.009006370815004569,1.0539093540176268,1.668800815276096,0.18146528510021614,1.8706308491557357,2.052096134255952,0.008990850508076324,1.1220132406446308,1.2609902557540367,0.16529172457592942,1.8913302018558162,2.0566219264317462,0.008985805452724167,1.163736125801455,1.2921701085502209,Nikola Vučević,BOS,0.30235762232263236,0.9135177067456787,1.215875329068311,-0.27644663477961195,-0.0045257921757944075,1.1126674399672527
203552,302.13750000000005,0.6990057240528755,0.8324789668450767,1.5314846908979525,0.013235503236683661,1.9913609622041029,-0.8245325994062416,0.5740371983048981,1.4699546964641081,2.0439918947690066,0.013067846827541519,1.7688358737124692,0.26364541405004116,0.9268970804417649,0.27240004218257,1.1992971226243352,0.01310876764750711,2.4061521088530764,-1.8958827996927647,Seth Curry,GSW,1.2624169892352506,0.4902211393968694,1.75263812863212,0.5125072038710541,0.8446947721446714,-0.2211534377341675
1631114,2339.908333333334,1.7068130641286683,0.3345272698877078,2.0413403340163763,0.0012817454526352244,1.332381232307998,0.07365451160874703,1.2291692730271024,0.8104731625690926,2.0396424355961953,0.0017925895448196731,0.39359219629723674,1.3537025087068826,1.258366023893973,0.894979694042728,2.153345717936701,0.0017701724679378336,0.4672729711861967,1.536365796531891,Jalen Williams,OKC,0.5914813247832802,1.3347122014547343,1.9261935262380145,-0.0016978984201809766,-0.11370328234050575,0.11514680777836173
1627884,3289.5624999999955,1.0766033164226902,1.3164174446294925,2.3930207610521825,0.002579303657690275,0.716012772048921,0.9177929240371439,0.8852557800810306,1.152007275304787,2.037263055385818,0.0025738324023653635,0.23532408376240163,0.5818177264520538,0.8935752263671135,1.1746955271873145,2.0682707535544287,0.0025817563957411314,0.2590916254625792,0.5764791116377246,Derrick Jones Jr.,LAC,0.5483145335793413,1.2123839177319136,1.760698451311255,-0.35575770566636455,-0.03100769816861071,0.6323223097409276
1629636,3360.354166666665,2.429134959859585,-0.2666211743617538,2.162513785497832,0.0028209518637793145,2.245287699835247,-1.0210168791529912,2.4616758995930885,-0.42874962404671635,2.032926275546372,0.0029162329817407425,1.7844040218270187,-1.1370327133537037,2.4638241528759015,-0.4300654185198387,2.033758734356062,0.0027782524573556097,1.8767084982334434,-1.2163665173266485,Darius Garland,LAC,2.156162883060732,-1.1913337863870155,0.9648290966737163,-0.12958750995145962,-0.0008324588096897401,1.1976846888241155
1631165,3572.4624999999996,0.2723942009564765,1.84967041235521,2.1220646133116867,0.003075450718066174,0.7661322509198263,1.4429301730963828,0.1114114485241556,1.9210193268837892,2.0324307754079447,0.002830401497403661,0.010204697934129897,1.3789172835724846,0.12369707526556908,1.9684705900561341,2.092167665321703,0.003188016539634625,0.032853678705309544,1.3332398969031334,Keon Ellis,CLE,0.667817336730739,1.347291723612539,2.0151090603432777,-0.08963383790374202,-0.05973688991375825,0.10695555296840897
1629675,5018.112500000007,0.3431069645569917,1.6328580960203947,1.9759650605773864,0.007957308989446995,0.47679293917566445,0.9896490810360987,0.301876027415671,1.726263676190942,2.0281397036066124,0.007968600528427367,0.09815170801605308,1.3149312597078757,0.3182242517944927,1.725348672936389,2.0435729247308814,0.007961465345519956,0.1260361928631274,1.235501499078954,Naz Reid,MIN,0.04897899120800353,2.063915107590614,2.1128940987986176,0.05217464302922603,-0.015433221124268925,-0.13692903822123115
1629634,51.09583333333333,-1.0679398058393397,1.4654569158225215,0.3975171099831821,0.0009363035020688687,-2.9222291996797045,1.9047314029235431,1.1141106956879185,0.9066532147312207,2.0207639104191397,0.0009436038506347595,0.7161203939796201,0.7846798088179813,-0.0565178646559341,4.668444318660901,4.611926454004968,0.000971330806553478,-1.192576360723728,7.1330289286519495,Brandon Clarke,MEM,0.746318745142454,1.3397859674479666,2.0861047125904206,1.6232468004359575,-2.5911625435858285,-1.6885876026072384
1629027,915.05,6.423976184699126,-3.5711301018727353,2.8528460828263897,0.01261936131314542,4.597591285734968,0.26572007735579894,5.952539383509818,-3.9320311198228346,2.020508263686983,0.012688456234735152,3.4711587153629533,-0.7334332294794934,6.217271418561028,-4.1168271444186235,2.1004442741424048,0.012648790297282985,4.239565645238038,-1.172167119500401,Trae Young,WAS,3.85489046186496,-1.5469229600694314,2.307967501795529,-0.8323378191394069,-0.07993601045542187,0.544878581030861
1631243,2947.0916666666662,-0.06432926090640642,1.680336224000247,1.616006963093841,0.0016172742175662187,-0.026020747031877955,1.4380473840170271,0.19363141274115508,1.8233900037322048,2.0170214164733604,0.0015953994380007773,0.12732154865900133,1.611650779230328,0.18836773611333218,1.885852713626166,2.0742204497394985,0.0016055101592760445,0.16855722250977512,1.6752821019157067,Mouhamed Gueye,ATL,0.49670081767300917,1.842439315783873,2.339140133456882,0.40101445337951946,-0.057199033266138066,-0.723133170363041
1629645,3152.537499999999,0.8432209014364572,1.2980506941976961,2.1412715956341537,0.0014721900442825565,2.072600719883918,1.4659941705553363,0.6461468317106868,1.3671708797601738,2.0133177114708607,0.0014985579943973973,1.6206332807764459,1.8459722098210136,0.6445458552948296,1.3450555234092931,1.9896013787041231,0.0014822710962380766,1.7044263673616453,1.8829183301036028,Kevin Porter Jr.,MIL,0.3599418920742265,0.9191002989424958,1.2790421910167222,-0.127953884163293,0.02371633276673757,0.8622294046174315
1630552,6328.995833333341,1.8211381370696267,0.08842191306700052,1.909560050136627,0.01914959261777214,1.751862728447232,0.4415731674569089,1.8022341485749904,0.20869376825378666,2.0109279168287766,0.019076876119773697,1.3890559167531489,0.7566024446504224,1.7847095774953434,0.23135999260831527,2.0160695701036593,0.019151048470025023,1.397496093302302,0.7505729883191484,Jalen Johnson,ATL,0.07281382362551092,0.6262100143059285,0.6990238379314394,0.10136786669214959,-0.005141653274882696,1.2105362122051875
1629026,2148.533333333335,-0.28281934292102817,1.7131375147006334,1.430318171779605,0.0009653847007529929,0.5835630893648667,-0.12654596300759863,0.03547810664699681,1.9524303256609201,1.987908432307917,0.001230941190904383,1.2205802146186935,0.7340281814921504,0.06594322439961134,1.9677267831759895,2.0336700075756005,0.0010910726102582656,1.2559160317108689,0.7259855860286298,Kenrich Williams,OKC,0.16339903704994824,1.4548743297500804,1.6182733668000286,0.5575902605283121,-0.04576157526768343,-0.18795519502042368
1628366,1860.441666666667,1.2632511163457143,1.0787737989059538,2.3420249152516677,0.00368962782010261,0.766900742928655,1.651403257828355,0.8766667048843833,1.1060299337848791,1.9826966386692622,0.003707116716502465,-0.001096379166849154,1.7708078775440446,0.8596226887979451,1.273234321799949,2.1328570105978946,0.0037082797017770268,-0.02615250491006381,2.084608156768208,Lonzo Ball,CLE,-0.7622446178207878,1.8672216490902462,1.1049770312694585,-0.3593282765824055,-0.1501603719286324,1.2370478839822092
1629731,3258.2583333333337,-0.09575450856043126,2.2297072876329342,2.1339527790725032,0.0033976130871910823,1.10746979662078,0.9851769306347027,-0.24317582735322807,2.224121982879129,1.9809461555259016,0.0033008518152327407,0.3920206935135424,1.1710641867424003,-0.252080238485692,2.2268870892337747,1.9748068507480823,0.0035109864260402593,0.4281102474555435,1.201529862972286,Dean Wade,CLE,0.7663114075188013,1.5704464022660063,2.3367578097848076,-0.15300662354660166,0.006139304777819321,-0.20280503071230438
1642907,3994.308333333332,2.108928581730935,-0.6604321067713347,1.4484964749596008,0.00041932729831221124,1.0564805942017066,-0.7600238243118356,2.247021002858947,-0.2734631726056232,1.9735578302533239,0.00041352813174307844,0.8156369689175087,0.16031282200241262,2.22773110876798,-0.26328019050469387,1.9644509182632859,0.00042402492843048294,0.8504555197891666,0.10859576147171339,Cedric Coward,MEM,0.7684727489337846,0.0442982044343424,0.812770953368127,0.5250613552937231,0.009106911990037991,0.6357255215914738
1629013,2867.9666666666694,0.8946143282363941,1.2334038095168236,2.1280181377532172,0.0048038401760125546,1.2729209238473898,-0.17665751982868744,0.7472509070907534,1.2247070748910711,1.9719579819818247,0.004703255294295792,0.8906864586232832,-0.26486023880890397,0.7658496026835148,1.179798073837171,1.9456476765206863,0.004698112614958198,0.9125989349297049,-0.31211736533664697,Landry Shamet,NYK,1.5290297679108469,0.6950724685813557,2.2241022364922025,-0.15606015577139254,0.02631030546113844,-0.09608409873898527
203992,1129.9708333333328,0.2863618295680483,1.6751785528338885,1.9615403824019366,0.008782831280846306,0.24835736123330376,-0.38096011342480124,0.2882151557519569,1.68200906879022,1.9702242245421773,0.008898954148271352,0.23113061853663316,-0.4086983859871164,0.2270044776998999,1.4389452312184157,1.6659497089183155,0.008866728985337354,0.16858184431580064,-0.9060165809482997,Bogdan Bogdanović,LAC,0.3759295365707193,0.5483179617072286,0.9242474982779478,0.00868384214024065,0.30427451562386176,1.0372928841239888
1643052,856.7083333333335,0.8473323811043404,0.28514734920814594,1.1324797303124863,0.0004126079252236488,0.7954505884185278,0.057428777927120145,1.002232922528026,0.9480847920678255,1.9503177145958515,0.0003876012081461177,0.8924202268064367,0.9758396505923365,1.202115176835811,1.6794963520572144,2.8816115288930257,0.00039485723091010406,1.1296084901286079,1.718680880719229,Chaney Johnson,BKN,0.9807776238763699,0.9162210410662385,1.8969986649426085,0.8178379842833652,-0.9312938142971743,-0.7645189346301222
1629001,2763.308333333333,1.6555331180488069,0.4589899501521816,2.114523068200988,0.013910173144543778,0.49977245807251147,0.6217504698764524,1.397380595611502,0.5528019460960942,1.9501825417075964,0.01393951884844477,0.1525635886270286,0.7695819566861745,1.4020119119612207,0.40777093201211495,1.8097828439733348,0.013939403962158384,0.1626738208853239,0.7634906255058687,De'Anthony Melton,GSW,0.8223407836582519,1.0604932622069798,1.8828340458652317,-0.1643405264933917,0.14039969773426164,0.2316890223357564
1631260,5676.758333333333,0.9084702505909451,1.6791403617979779,2.5876106123889224,0.008843033839305608,0.9856248901758494,-0.42768814146330053,0.6016552716021037,1.347930520602229,1.9495857922043331,0.008841463962429113,0.14996767751887094,-1.0015370902336582,0.5785539599379071,1.3981608972126391,1.9767148571505462,0.0088326299383981,0.1880604463868692,-0.9340929359140903,AJ Green,MIL,0.32810156135213325,0.2762672638357967,0.60436882518793,-0.6380248201845893,-0.027129064946213033,1.9832417872009924
1630543,2229.2208333333324,0.6744894929492188,0.8645923555795841,1.5390818485288027,0.0014602464250593763,-0.14049941724949855,1.0906488580970828,1.0841320937544592,0.8485218280112171,1.9326539217656762,0.001507370669949982,0.4851349767096893,1.2099215394568257,1.1087311192068348,0.8712262961011918,1.9799574153080273,0.0014517390013110575,0.5516945498796433,1.2942894279414765,Isaiah Jackson,LAC,0.8373389698585805,-0.3824745009680632,0.4548644688905173,0.3935720732368735,-0.04730349354235108,1.0842173796382855
1642530,512.6333333333334,1.5568761838957206,-0.1785656888258253,1.3783104950698954,0.00030826891623145496,0.8852865767898647,0.5727284165788681,1.6302108576944725,0.2994596208242187,1.9296704785186911,0.00031244427052629277,0.9220487426897208,1.0263522481462655,1.9019986852257234,1.2444830581258577,3.1464817433515813,0.0003181644277933611,1.2412974035655873,2.2003682574508985,Yuki Kawamura,CHI,0.8545326088146612,0.723352655866682,1.5778852646813433,0.5513599834487957,-1.2168112648328901,-0.19957476961144782
1642285,4219.708333333336,2.655464975442444,-0.451312740789931,2.2041522346525126,0.000570201455834286,3.045571392341521,-0.5578540224563147,2.162416289128557,-0.23658020602860197,1.9258360830999546,0.0005746031076302058,1.8805443161311364,-0.12573635519361084,2.1785952812767477,-0.19498636373173012,1.983608917545017,0.0005918541073310801,1.920396284664424,-0.09951445437495184,Cam Spencer,MEM,1.7771949267685259,-0.5673209054522594,1.2098740213162664,-0.27831615155255807,-0.057772834445062315,0.9942782133362462
1631169,2087.6624999999985,0.934334046957731,0.6030500300420111,1.5373840769997416,0.0020831528495851956,1.5125839494432114,0.4355203239539216,0.8541715598901088,1.0631544147425642,1.9173259746326732,0.0020727221401910132,1.2265807438758216,1.2890038690093455,0.8948864312602106,1.122080044232972,2.016966475493183,0.002063622616787886,1.309779200761603,1.4308248175660028,Josh Minott,BKN,0.7615254368331792,0.968266322866881,1.7297917597000603,0.3799418976329316,-0.0996405008605099,-0.19240768270031872
1628963,2995.8416666666662,1.2567080428964315,0.21329309665797297,1.4700011395544041,0.006842708500874043,1.1047864047653975,0.13227711143082255,1.4113199896473494,0.4809850385493468,1.8923050281966964,0.006816841208347441,1.3214835255536206,0.8577938014386869,1.4506716777980952,0.480531630460019,1.9312033082581146,0.0068475272683751216,1.3789727462939516,0.8278555814009457,Marvin Bagley III,DAL,1.2119909778158857,0.2910225659300477,1.5030135437459333,0.4223038886422923,-0.038898280061418156,-0.03301240419152918
1642345,4496.895833333339,-1.4077228046564145,2.9521428967870946,1.5444200921306794,0.004422201058174802,-0.9969754376603914,1.2748792918100558,-1.3069932176943857,3.1991206404574157,1.8921274227630307,0.0037988902068203777,-1.4156770269228403,1.928984484539708,-1.2409991275062955,3.1852447899129586,1.9442456624066626,0.0046900394491478075,-1.3357650010085664,1.8397012157372825,Oso Ighodaro,PHX,-0.20062775788265474,1.6174694490299006,1.416841691147246,0.34770733063235126,-0.052118239643631936,0.12757840098343354
1628960,3758.8333333333344,2.4211575965221406,0.10026934838096997,2.521426944903111,0.013506160845785048,2.9699683638608905,0.6086963942778337,2.0683662573894828,-0.19333019685039238,1.875036060539091,0.013483568949596906,2.254403863305999,0.19712812903737018,2.1084286259218312,-0.23990636580565328,1.8685222601161784,0.013484090271508865,2.316113656623839,0.14632238260004876,Grayson Allen,PHX,2.180720137977586,-0.29969716701906535,1.8810229709585204,-0.6463908843640198,0.006513800422912608,0.6404039739445904
1630573,4842.579166666667,1.5892316445513317,0.3834708981203508,1.9727025426716824,0.0010301617622995817,1.4638147374046442,-0.027951430249846365,1.563251529992243,0.29229711986466744,1.8555486498569103,0.0010294066447385885,0.9106425406991954,-0.18106530944628543,1.5286304934973947,0.3235423345438754,1.85217282804127,0.0010294557910740135,0.916545762600126,-0.1474158688539876,Sam Hauser,BOS,2.0780375492637515,-0.5907317882552545,1.487305761008497,-0.11715389281477218,0.003375821815640334,0.48539678166318545
101108,568.8375,0.4716523140679204,1.700597135793404,2.172249449861325,0.001385832450060845,0.25198820203238126,1.6007831313680572,0.20413036543892052,1.6177274025510022,1.8218577679899233,0.0012965201117157944,0.001816408153635235,1.3497941255361432,0.15344594372286305,1.7444311037788307,1.8978770475016937,0.001462725553428358,-0.5381369101000516,1.5950100988205773,Chris Paul,LAC,0.21957840020053737,0.5482143890891193,0.7677927892896568,-0.3503916818714017,-0.07601927951177045,1.4044566605716682
1630828,51.59583333333334,6.779062327579763,-2.8786334224951875,3.900428905084577,5.9858735819415796e-05,6.600385100351775,-2.7700414263705886,1.7152741739353292,0.05911234448562739,1.7743865184209564,5.876509136623286e-05,1.4837818524844348,0.18070913457055107,7.915639717028048,0.8382651464089426,8.75390486343699,5.8685579720591245e-05,7.753292653335765,0.9707476802954942,Alex Antetokounmpo,MIL,1.4084282410164877,-0.1277247405262189,1.2807035004902687,-2.12604238666362,-6.979518345016033,2.619725404594308
1629723,2704.9583333333335,0.5666523031137023,1.747590222270605,2.3142425253843077,0.0005235539266202049,1.768486470227994,2.5250340287647473,0.3056860629841866,1.4638588157804124,1.7695448787645993,0.0004776345724415862,0.9556864056060452,1.7597434659829017,0.28351627596681617,1.3066171348039406,1.5901334107707565,0.00047052930360728734,0.9760156498506122,1.8514502054878892,John Konchar,UTA,0.18539984469839627,1.4281064916605652,1.6135063363589615,-0.5446976466197084,0.17941146799384278,0.7007361890253463
202685,2195.954166666666,-0.054179020718337655,1.8895209482348752,1.8353419275165375,0.0025497323916823383,1.441445133198366,1.4463048091707251,-0.02575475119914932,1.786061270994076,1.7603065197949266,0.0022860650960820753,1.232626192923807,0.9900996545843378,0.022863586766924574,1.7294790081448916,1.7523425949118159,0.0024968917333131266,1.3207677653240504,0.9752859984025339,Jonas Valančiūnas,DEN,0.9982132922799212,0.5882516899723367,1.5864649822522578,-0.07503540772161088,0.007963924883110707,0.24887694526427961
1628988,1933.279166666666,0.6739703157950705,1.0349229634332286,1.708893279228299,0.01042461181709784,0.49524660242973606,-0.7019710829007135,0.6568201787065846,1.1011907188595544,1.7580108975661388,0.010287244297942743,0.2487933210557813,-0.4626987319600877,0.6642025959714173,1.0575466041670818,1.7217492001384993,0.010383977317972182,0.2529800385394618,-0.8081818653573575,Aaron Holiday,HOU,0.16210041585299456,0.09099616666911042,0.253096582522105,0.0491176183378399,0.03626169742763952,1.455796696706194
203110,4588.637500000002,-1.0592320642431727,3.0346839523439746,1.9754518881008014,0.001669205216902136,0.3649695399719213,2.1859585135358954,-1.1845143727254592,2.9377036280468047,1.7531892553213464,0.0020195960655427516,0.08696525988700374,2.3000328334504085,-1.234785753206744,2.9983076191764444,1.7635218659696996,0.0020100672898505324,0.14059676940516352,2.2961028445009086,Draymond Green,GSW,-0.7277985504256907,3.118008909529584,2.3902103591038935,-0.22226263277945502,-0.010332610648353224,-0.41475847100309204
1627827,1498.1916666666666,-1.1388366911728922,3.1813351698652257,2.042498478692332,0.0038865851518788586,0.2304252533431263,0.07246575045634135,-1.331583129945561,3.081410507487647,1.7498273775420858,0.0034015842207909927,-0.35792759106494576,-0.3401222757757698,-1.4127010031938074,2.9504934104155334,1.537792407221726,0.003992825173951233,-0.4710279093833144,-0.6669763634228765,Dorian Finney-Smith,HOU,-0.4213002376807158,0.7098839651883843,0.2885837275076685,-0.2926711011502463,0.2120349703203599,1.7539147511846638
1641772,2567.837500000002,0.6957266991845762,0.608916672952627,1.3046433721372033,0.0008774820872672162,0.6099084157025981,0.08305697220057603,0.7633185256952559,0.9827091704300882,1.7460276961253445,0.0008570088036305761,0.627164874232639,0.7789810208241265,0.7741891359973982,1.003381106127704,1.7775702421251023,0.0008679264370582594,0.697630679875555,0.8122012204321148,Nae'Qwan Tomlin,CLE,0.40614035964376866,0.704801260384294,1.1109416200280626,0.4413843239881412,-0.03154254599975781,0.19370175210914065
1627826,3700.041666666666,-1.608524728544714,3.5755548994233246,1.9670301708786109,0.0031412689749251376,0.46280344118481886,0.9915513205809543,-1.691217935315826,3.4328927490877326,1.7416748137719065,0.0031551054666566097,0.08118792765234292,0.9614914958655675,-1.6819214949185113,3.435042656268106,1.753121161349594,0.003166074669732362,0.13943142966172817,0.8847074482691913,Ivica Zubac,IND,-0.7462854833922075,2.1842369067682097,1.4379514233760022,-0.2253553571067044,-0.011446347577687588,0.5290787475026086
1627734,1408.9708333333335,0.9913655750648092,1.451806584794163,2.443172159858972,0.004895298103931863,0.8653837867135478,1.1878248083810858,0.6380772565656987,1.0926022264963693,1.7306794830620678,0.004768275815922168,-0.17910844476193913,0.25331310620574476,0.5781494703709422,1.1218573522546507,1.7000068226255927,0.004833183420142627,-0.2673278258676639,0.3046012181479984,Domantas Sabonis,SAC,1.188994531103504,1.2724076914683797,2.4614022225718837,-0.7124926767969042,0.030672660436475097,-0.01823006271291172
1631245,2201.0916666666676,1.831341920791268,-0.3364586211537595,1.4948832996375088,0.0005973256464187545,0.6007968931269572,0.15088536991914164,1.6591006211300883,0.0552144502564257,1.7143150713865136,0.0005899302646133068,0.4675306131008312,0.7020501262356552,1.7029272246794236,0.06865777785323786,1.7715850025326614,0.0005906912863813599,0.5141905156715888,0.7088384654178487,Quenton Jackson,IND,0.07502039459903781,0.4442426450698753,0.5192630396689131,0.21943177174900486,-0.05726993114614776,0.9756202599685957
1631099,1982.7416666666666,-0.31743824421698974,2.0493328248166653,1.7318945805996755,0.001688914762517364,-0.2722371145111654,0.731202402144951,-0.2633196957031704,1.9687355349805535,1.7054158392773828,0.00170225088944165,-0.49160319161975363,0.46446270127477496,-0.3008005812284766,2.013112905583482,1.7123123243550047,0.0017036274290262927,-0.5637091680149758,0.5144437433318927,Keegan Murray,SAC,-0.15028470532052474,0.7481324197870917,0.5978477144665669,-0.026478741322292665,-0.006896485077621861,1.1340468661331085
1631106,3822.808333333337,1.0755597807751567,0.662951625303955,1.738511406079112,0.003531609490616469,0.6715242204702614,0.3555398208591108,1.029484533443526,0.668773838072744,1.69825837151627,0.0033298115930609495,0.164337458622809,0.3353518223529688,1.0174534813310143,0.6426690284391686,1.6601225097701833,0.003326824530718114,0.1846868968946922,0.3024794847775898,Tari Eason,HOU,1.1500222267312166,1.068425275822245,2.2184475025534613,-0.040253034562842016,0.03813586174608674,-0.4799360964743493
1642864,2735.4499999999985,-0.3106570767495591,2.0778798906711478,1.7672228139215889,0.0014430267338351377,-0.9130175430734966,0.597419147409171,-0.3471971702778556,2.0449405409029002,1.6977433706250444,0.0014378441558006792,-1.3263713966819464,0.5947032819553671,-0.369812429791022,2.001926490673449,1.632114060882427,0.001434116765693757,-1.3658001568316858,0.5841521578533647,Hugo González,BOS,-0.9626173542461218,1.2753124306562076,0.31269507641008576,-0.06947944329654443,0.06562930974261749,1.454527737511503
1628449,235.375,-0.05004066658507732,2.8758168695032564,2.825776202918179,0.00241787859941008,-0.12115533917788823,3.701629098283817,-0.11464248176714324,1.7793665839436072,1.6647241021764643,0.0024173501102237676,-0.22311070687978465,1.6287983860040172,-0.6970642117190615,2.855386601868741,2.1583223901496793,0.0024218765931112124,-1.3536203002082432,3.654369435417395,Chris Boucher,BOS,0.9074071554544401,1.1530497215348343,2.0604568769892744,-1.1610521007417147,-0.49359828797321503,0.7653193259289046
203944,6524.887500000003,1.6863614307257522,-0.04582841352472089,1.6405330172010317,0.005776427828855065,2.3870410622838576,0.11973992984810017,1.619939376968982,0.030940402987220346,1.650879779956202,0.005760242364384936,1.6766064370823357,0.3241266004261918,1.5977936765750456,0.06303492315992441,1.66082859973497,0.005752313675067752,1.7226091203782354,0.3502133403104689,Julius Randle,MIN,0.8835036528500178,-0.28883545135444716,0.5946682014955706,0.010346762755170325,-0.009948819778768048,1.045864815705461
1642396,644.0000000000001,2.993534374916326,-1.1373842298456962,1.8561501450706295,0.0003574115677475139,2.7252762857958537,-1.2378693660829165,1.967106789892037,-0.32807258599656824,1.6390342038954682,0.00035973524034099637,1.4912019026556569,-0.4282110691242529,2.297391293148265,-0.8704462354227516,1.426945057725513,0.0003603294475335138,1.869069530338367,-0.9786691284409591,Blake Hinson,UTA,1.7784831457304127,-0.6180285280510842,1.1604546176793284,-0.2171159411751613,0.21208914616995522,0.695695527391301
201587,3264.2375,0.07055220242711042,1.7055145948219672,1.776066797249078,0.0038902937588170695,0.2013398876247458,1.121453927827686,0.061843565031268054,1.5560208629619046,1.6178644279931729,0.0036828289706831428,0.19424543383952272,1.116047946597746,0.08768247072930582,1.5344410761268032,1.6221235468561086,0.00370320541363683,0.1929725431027957,1.1217042043079322,Nicolas Batum,LAC,0.017771248008138785,1.8820148720468564,1.899786120054995,-0.15820236925590514,-0.004259118862935729,-0.12371932280591702
1641739,6831.629166666669,0.3310093338279202,2.1758092350852367,2.5068185689131566,0.002266732596757873,1.5794679729578154,0.8748679020693044,0.037550347692178285,1.580115872326718,1.6176662200188958,0.002216086492167565,0.4624502915588662,-0.242670420611753,0.04843818442388614,1.6043363258463486,1.6527745102702345,0.002262043036606569,0.4963665385213648,-0.20217979244257733,Toumani Camara,POR,0.24765310839338167,1.3780556429496587,1.6257087513430404,-0.8891523488942608,-0.03510829025133866,0.8811098175701162
1641854,2930.725,0.46744971783479644,1.0292580494390624,1.496707767273859,0.0008584094901002065,0.7829668008982714,1.2495397241408432,0.42491930731463184,1.1901253850020126,1.6150446923166446,0.000850710502064832,0.4927073077924601,1.6299083466591422,0.4239605783426044,1.2111771279725905,1.635137706315195,0.0008515178002163179,0.5057918781653202,1.6841539294883257,Craig Porter Jr.,CLE,0.9587506308382114,0.8411048666763182,1.7998554975145296,0.1183369250427857,-0.020093013998550457,-0.30314773024067065
1630170,5104.745833333327,1.6378414113959576,0.22158792111043502,1.8594293325063926,0.0021008549500647253,1.2297981959398636,-0.18519817646001224,1.4153252368944806,0.1938372080564626,1.6091624449509432,0.0020687882925597904,0.6178503825815687,-0.22703729142942194,1.4453028483691752,0.18361579161156022,1.6289186399807356,0.0021972838758620872,0.6184083061206399,-0.1833224272211521,Devin Vassell,SAS,0.2620520354747317,0.3278080020460611,0.5898600375207927,-0.25026688755544946,-0.019756195029792423,1.2695692949856
1628380,459.34166666666675,0.584014254586992,1.3618300072870761,1.9458442618740688,0.0034057621424339306,1.4424910828033863,0.12161650694600884,0.25361425680548005,1.3539643843066396,1.6075786411121193,0.0030295581016580478,0.9586131245348388,0.47787500976234454,0.31189179522361254,1.5044514895193217,1.8163432847429337,0.0030228562431135696,1.0579761526436597,0.6607490223298979,Zach Collins,CHI,0.12203501599426053,1.0844265632239791,1.2064615792182396,-0.33826562076194944,-0.20876464363081437,0.7393826826558292
1642263,5278.787499999994,1.0272130156254078,0.09334777520037688,1.1205607908257842,0.002871670286973487,1.3463210868991067,0.18050666104610774,1.2115400685737445,0.3412408977668681,1.5527809663406127,0.0028945229618058243,1.1668563422551155,0.5586195583471428,1.222001817686685,0.28100570091881405,1.5030075186054992,0.0029103268138760364,1.175275344118649,0.5010063626356602,Reed Sheppard,HOU,0.28691380732488614,-0.011268914775995731,0.2756448925488904,0.4322201755148285,0.049773447735113496,0.8449158982768938
1628404,4927.266666666663,0.09520203301881104,1.4993431504973207,1.5945451835161315,0.004640570092446579,1.6464650532574479,1.4227367636104906,-0.009948185852474865,1.554274466656709,1.544326280804234,0.004641175287093506,0.7450790475322357,1.3059942597297398,-0.04689490307918774,1.5151752558816822,1.4682803528024946,0.004644463656509838,0.797028482975719,1.282033774049824,Josh Hart,NYK,1.0796026564638843,0.5374793929548669,1.6170820494187512,-0.05021890271189755,0.07604592800173937,-0.022536865902619718
1642366,2823.4125000000004,-0.545372409578845,1.670419948157925,1.12504753857908,0.0033024118425625487,0.48687541671362455,0.17899131173712457,-0.42409383484468527,1.943686945888852,1.5195931110441667,0.0032243699856639553,0.5928407955134259,0.7594337947675539,-0.43688023537415355,1.9890823140877463,1.5522020787135922,0.0032127286407228816,0.6385899480662913,0.7686999088330378,Quinten Post,GSW,0.08747151526282959,0.7891230866073483,0.8765946018701779,0.3945455724650868,-0.03260896766942545,0.248452936708902
1629004,2873.7041666666673,1.5783476743243505,-0.2167761320601274,1.3615715422642234,0.0014956067611026638,1.3074468096016854,-1.2700094797843342,1.4929020737456105,0.023548400675604198,1.5164504744212144,0.0014945378655198108,1.039008584163056,-1.0068427981022918,1.5067751435954901,-0.10315587862761796,1.4036192649678725,0.0014934142016671198,1.0574720401072994,-1.1445642581977657,Svi Mykhailiuk,UTA,1.1047058791880444,-0.030280143911024848,1.0744257352770195,0.154878932156991,0.11283120945334191,0.28714580698720393
1642853,1634.9791666666663,0.20692011232658142,1.039874323332581,1.2467944356591623,0.0014975665386804525,0.14284225169307163,-0.5957656311249488,0.014627197418498961,1.4785139203897733,1.4931411178082725,0.0014984897578917762,-0.11397867661227848,0.25206879693442763,-0.010059026526411134,1.4776843601148406,1.4676253335884295,0.0016366704007171845,-0.1427896736099088,0.3552683576468004,Rasheer Fleming,PHX,0.47900972560189464,0.2235949438647299,0.7026046694666246,0.24634668214911026,0.02551578421984302,0.5441897661925377
1627742,6432.9500000000035,0.6684604121324109,0.6921901187776036,1.3606505309100145,0.0020688870261689842,1.2905399510712088,-0.3494047270059634,0.504295564468326,0.9852541588135365,1.4895497232818626,0.0020478544096566745,0.5229293933920434,0.3709938586406204,0.4615074203019091,1.061098168109215,1.522605588411124,0.0020413255684178324,0.5541064267280299,0.3892696142348841,Brandon Ingram,TOR,0.4525759784274496,-0.570645315281236,-0.11806933685378634,0.1288991923718481,-0.0330558651292614,1.478719867763801
1630530,5779.595833333332,1.9317163609073185,0.19304910612229945,2.1247654670296177,0.0023277039087707496,2.579161005024457,0.5535136759879858,1.4623004555912789,0.0006501002347285162,1.4629505558260072,0.0023217823862084763,1.8086472857296887,0.1007512821105303,1.4683095578112582,-0.011063579078708264,1.4572459787325496,0.0022963117402197194,1.8188491649328486,0.10993576056475503,Trey Murphy III,NOP,0.8884989947353221,0.33791696593347653,1.2264159606687985,-0.6618149112036105,0.005704577093457619,0.8983495063608191
1641813,65.20416666666667,3.7028482063646004,-3.0748348580513403,0.6280133483132601,0.0001223511981455883,3.4188829101550415,-3.078779515660635,1.3261819677682092,0.1321399865300219,1.4583219542982309,0.00012158981955531407,1.036852698091399,0.13917147673381128,4.962162696415662,0.9672041282193786,5.929366824635039,0.00012387930307005578,4.716507921613629,0.9898127168003223,Mark Sears,MIL,0.9916516964527657,-0.04032035168871867,0.951331344764047,0.8303086059849708,-4.471044870336808,-0.32331799645078696
1641771,776.3749999999994,-0.2653641962620651,2.8693091433207227,2.603944947058658,0.0004136725827084101,-0.35413269969200356,3.0904369358478307,-0.1865418941587492,1.6026248295768741,1.416082935418125,0.00043240145287544364,-0.22456464037719617,1.6260655684852041,-0.4389081983091443,2.5496484805862183,2.1107402822770736,0.000440900958006272,-0.4814554265287,2.709324498629714,Jalen Slawson,IND,0.07035359574218009,0.6753238208951448,0.7456774166373248,-1.187862011640533,-0.6946573468589485,1.8582675304213332
1642347,4606.8958333333385,0.9774426569419032,1.4653206413777584,2.4427632983196625,0.0024821331219116115,0.9515839970617855,0.8782110627489548,0.5950089894933612,0.8184136322318782,1.413422621725239,0.002460511022436289,0.238465851255749,-0.23902146102356361,0.6668324633820234,0.6851162304255436,1.351948693807567,0.0024595082580931935,0.2868605462162137,-0.27286739429216383,Jamal Shead,TOR,0.35794897594130376,0.8589910798591257,1.2169400558004295,-1.0293406765944235,0.06147392791767192,1.225823242519233
1629684,1730.575,0.9491850586885116,0.8192664639450724,1.768451522633584,0.0014485904924648018,2.353597428232351,0.31088609484460733,0.5753941560726247,0.8242013479180651,1.3995955039906895,0.001372156482706577,1.3343827521840428,0.2373988201794656,0.6422828588379291,0.7861047393708029,1.428387598208732,0.001374158665572767,1.4115668205441236,0.2010978800928191,Grant Williams,CHA,1.2857524519698291,0.6405656824069669,1.926318134376796,-0.3688560186428944,-0.028792094218042408,-0.15786661174321215
1641717,5152.970833333341,-0.5080419479774431,1.8515943906559087,1.3435524426784653,0.0026960406657028264,0.11379857359096224,1.1912227324873599,-0.543885507371022,1.9384313201549097,1.394545812783888,0.002698680704645058,0.1500679002706318,1.8891097695945587,-0.5397821344119829,1.8615156188368576,1.321733484424875,0.0026846739439000413,0.17601671313504058,1.7489706014751079,Cason Wallace,OKC,0.31230998950937605,2.240938158211134,2.55324814772051,0.0509933701054226,0.07281232835901297,-1.2096957050420447
203084,5037.108333333324,1.4209186813560841,-0.2843108387127166,1.1366078426433674,0.0030702986685658892,1.194481572529789,-0.26893746302932814,1.5759044988800195,-0.18246005738087082,1.3934444414991485,0.0030836058234180244,1.2691367776595663,-0.14278931367239375,1.6171770787999251,-0.20829045594558804,1.4088866228543373,0.0031014995530272904,1.2882597275429355,-0.09526935773293722,Harrison Barnes,SAS,2.0656392259784515,-0.37492539555723847,1.690713830421213,0.25683659885578103,-0.015442181355188822,-0.5541059877778456
1630644,337.93750000000006,1.0434479402467773,-0.5283109612523433,0.5151369789944342,0.0002799949193403676,0.5334355758194346,0.4110336526069905,1.4075930404083101,-0.020977474229412218,1.3866155661788977,0.00027848043748770476,0.9168641597409695,0.9178650205359303,1.7498397612353123,1.2541202040240103,3.003959965259323,0.0002791007898643257,1.3076129548140998,2.3306530703649346,Mac McClung,CHI,1.4596161222860566,0.23387100709499542,1.693487129381052,0.8714785871844635,-1.6173443990804255,-1.1783501503866178
1641989,1302.4083333333328,1.082626973195571,1.3085044264476442,2.391131399643215,0.0004340425640575627,0.6096574551452177,1.4567501278428816,0.7768947339141656,0.594180289789998,1.3710750237041638,0.0004358351974892593,-0.015245341569178589,0.3270024940204187,0.7877483560447363,0.49349281408807927,1.281241170132816,0.0004386479093271862,-0.04967105906884749,0.3275828686250488,Elijah Harkless,UTA,0.2801898091210121,-0.588761532339388,-0.3085717232183759,-1.0200563759390513,0.08983385357134788,2.699703122861591
1629162,700.4166666666667,-1.041643936177011,1.0940198126297296,0.05237587645271887,0.0013821133559400545,-1.0511312612175572,0.5170730851946815,0.0671937789250691,1.2915364586553564,1.3587302375804249,0.0013782829181913374,0.805492763836951,0.7769280035043525,0.1339163013022481,1.3374511016433892,1.4713674029456374,0.0013643058975230794,0.8638584720013914,0.7575973577792279,Jordan McLaughlin,SAS,-0.238303834712493,0.9569099345505948,0.7186060998381019,1.306354361127706,-0.11263716536521251,-0.666230223385383
1630541,3849.7458333333293,0.3368637055825667,1.1527706937958453,1.4896343993784118,0.0004228783496972804,1.0349227980676763,-0.010201566617040636,0.15174210357175158,1.1929792172132316,1.3447213207849829,0.0004964248372835189,0.8090537078827807,0.41471858613289614,0.16978887479998833,1.1734182399684001,1.3432071147683886,0.0005062373208637174,0.814621580320449,0.3801629009224579,Moses Moody,GSW,0.31527589671684053,0.7854376613461388,1.1007135580629792,-0.14491307859342895,0.001514206016594244,0.3889208413154326
1628370,3318.649999999996,2.6972964108472883,-1.442345511733741,1.2549508991135472,0.005210742980207743,1.0597057175955458,-1.0648341576319749,2.5996693024146214,-1.2595051342840007,1.340164168130621,0.005219409806253567,0.37154360888664584,-0.8401654634861347,2.651325603067736,-1.2822846820653688,1.369040921002367,0.005235877997311183,0.4032048899339359,-0.9040043781842936,Malik Monk,SAC,0.530337956020914,-0.754045777700294,-0.22370782167937997,0.08521326901707371,-0.02887675287174618,1.4786587207929272
1631246,2048.4874999999997,-0.02921301332338306,1.6634736809653596,1.6342606676419762,0.0003375192607679375,0.4174992091930072,0.663520172958582,-0.39979436681033387,1.738273072063994,1.33847870525366,0.00040009454416533593,-0.4751644982645249,0.7518081595140019,-0.4159956826885135,1.8173995237983764,1.401403841109863,0.0004964520759796622,-0.5120605014339151,0.8328618595542518,Vince Williams Jr.,UTA,-0.2774865523559927,0.8239383653182154,0.5464518129622227,-0.2957819623883162,-0.06292513585620307,1.0878088546797535
1631123,1634.9791666666658,-1.1714057525256876,2.1059403436467865,0.9345345911210987,0.002654136085187494,0.3506171430837412,0.18632942623437315,-1.175671536980632,2.506824842037164,1.331153305056532,0.001288372811496035,0.2860544376683444,0.8862946194245207,-1.1944863365146088,2.5576942051129814,1.363207868598373,0.003956281885627801,0.29295456853546764,1.032038232734756,Jamaree Bouyea,PHX,-0.544611699973939,0.8900126966796028,0.3454009967056638,0.39661871393543335,-0.032054563541841,0.5891335944154349
1642949,1066.5708333333332,-0.8550477856316846,0.979628309472587,0.12458052384090237,0.0006762804293889728,-1.247879217203784,0.30556159839297636,0.1421210399938127,1.1874583434523087,1.329579383446121,0.0006769710710828277,0.020062854668538493,0.7255550365097018,0.19447313283846465,1.3617439497999793,1.5562170826384436,0.0006763512867618367,0.02747121266314302,0.988138293002393,Yanic Konan Niederhäuser,LAC,0.1793762325567803,0.6434322664096365,0.8228084989664168,1.2049988596052186,-0.22663769919232268,-0.6982279751255145
202066,171.92499999999998,-0.7992731065410673,1.3977336209680884,0.598460514427021,0.0006684183761932598,0.04288121102389919,1.4944539601162703,-0.02336251042812208,1.3452348233368012,1.3218723129086793,0.0006670375056756629,1.1958078229605715,1.3416230610021955,0.01956362003909187,2.1965673575415723,2.216130977580664,0.0006733343823530707,1.1979640490621424,2.606618925120257,Garrett Temple,TOR,-0.13880087947469927,1.2769213294280521,1.1381204499533528,0.7234117984816584,-0.8942586646719848,-0.5396599355263318
1642271,4446.483333333328,1.2545189034675837,-0.08688088741806879,1.1676380160495146,0.00047153733939242574,0.16955970704685186,0.5663886634468549,1.6105694976366685,-0.2900929320179038,1.3204765656187645,0.00045961423886404346,0.44649373104074375,0.3021930277135464,1.5998371367526487,-0.2828917666179915,1.3169453701346572,0.00046612625300221616,0.5149163458895195,0.3317268515177622,Kyle Filipowski,UTA,0.5264870052782251,-0.358063748224913,0.16842325705331213,0.15283854956924992,0.0035311954841072968,0.9992147589962024
202691,3689.6499999999983,1.5290042766349172,-0.6399771113899935,0.8890271652449238,0.0010448620809889572,0.2507115165572731,-0.7848125471780032,1.7081736198050153,-0.3888923889738424,1.3192812308311725,0.0011012256299615132,1.1569875052575265,0.05290099633127121,1.748643659165404,-0.38932729896260154,1.3593163602028024,0.0011536553712393118,1.156136103725031,0.08450747708320304,Klay Thompson,DAL,1.370745009716877,-0.17330804422913137,1.1974369654877455,0.4302540655862488,-0.040035129371629896,-0.3084098002428217
1631230,4172.337500000006,-0.22741108403065474,1.0765749449196302,0.8491638608889757,0.0014795704184451463,0.11967193231908202,0.2793940694626295,-0.19480612302799818,1.48675551467427,1.291949391646272,0.0014786243285019275,-0.06854714240225049,1.1504561807803368,-0.18341157157490476,1.4601945449515097,1.2767829733766045,0.0014801459264986467,-0.018786034571087837,1.0794907656937796,Dominick Barlow,PHI,-0.10228177264878574,1.1824397498359431,1.0801579771871574,0.44278553075729643,0.015166418269667581,-0.23099411629818178
1630846,98.375,0.4124670480333883,3.2674665956224693,3.6799336436558576,0.002201200894518695,0.2509861888455961,3.4535327858919587,0.6937379610382195,0.5897388262422136,1.2834767872804334,0.0022507894333548754,0.5377282451352854,0.5741179679894256,0.5089910251782236,2.274307831967199,2.783298857145423,0.002227346036514386,0.39713175686511093,2.33658556042731,Olivier Sarr,CLE,0.516482814779684,0.4538007101511279,0.9702835249308119,-2.3964568563754245,-1.4998220698649896,2.7096501187250457
1627749,914.4166666666664,1.9520057026957367,-0.391791964326874,1.5602137383688626,0.019741162780191526,1.5994813236205787,0.41721736790231806,1.5905673147992545,-0.308916136582912,1.2816511782163427,0.01973826589353246,0.9437693900218178,0.4697767083429195,1.6516623731533262,-0.3326341063062694,1.3190282668470572,0.019730892379776845,1.0677612218166563,0.41151635149350746,Dejounte Murray,NOP,0.9519099929388679,0.013301859710441954,0.9652118526493099,-0.2785625601525199,-0.03737708863071454,0.5950018857195527
1628418,1812.9000000000008,0.5069193509055309,0.6599379104147797,1.1668572613203105,0.005555185989778305,1.1003570016495332,0.6229674160920455,0.49532936481417844,0.7748015418181239,1.270130906632302,0.005597319546374539,0.8837334263407981,0.9710787076653479,0.518353852426103,0.7997489173358431,1.3181027697619458,0.005564538936724382,0.9637932450882368,1.0625054702609,Thomas Bryant,CLE,0.6320784714119672,0.6379172633128903,1.2699957347248576,0.10327364531199157,-0.047971863129643744,-0.10313847340454707
1642269,1724.6291666666677,1.539388884245867,0.6136292333118505,2.153018117557718,0.0006966708993236691,1.120108262704108,0.2350783965745062,1.3978488399707643,-0.15118449772325954,1.2466643422475048,0.0006865130907038523,0.8171027161118951,-0.8556678294384731,1.492526100604208,-0.5062602755097598,0.9862658250944485,0.0006923190657426943,0.8912474353973944,-1.4485223915770438,Devin Carter,SAC,1.2142055633260123,-0.6572313018884013,0.556974261437611,-0.9063537753102133,0.2603985171530563,1.5960438561201071
1641783,4748.658333333332,-0.11001309250640293,1.1676216555070382,1.0576085630006353,0.004739650120902385,0.31078987856126505,-0.13115619083919272,0.07088036039007901,1.1625486585290703,1.2334290189191495,0.004732544707787403,0.30303272555769545,-0.08006344824763759,-0.04462226023958258,1.1773461647801735,1.1327239045405912,0.004773827112101766,0.3337145254416004,-0.0723432960014866,Tristan da Silva,ORL,0.4857596008162876,0.5391898463499357,1.0249494471662233,0.17582045591851414,0.10070511437855822,0.032659115834412056
1631131,1072.0499999999997,1.4062120141253065,-0.40572111710658776,1.0004908970187185,0.00036143797604425707,1.2047766995250204,-0.2223328155567325,1.3580730814581323,-0.12961546884366493,1.228457612614467,0.00034624921977565457,0.8746229018489491,0.03156081987537329,1.483650769932179,-0.39239144029044565,1.0912593296417334,0.0003472579952287279,1.027023635038361,-0.20034376387342695,Oscar Tshiebwe,UTA,0.969835972230997,-0.6858247942230282,0.2840111780079688,0.22796671559574855,0.13719828297273362,0.7164797190107497
1630322,708.0666666666668,-0.28093425139799455,0.37508726226241484,0.09415301086442021,0.0016640383812032522,-0.13415204021167093,-1.09806138848245,-0.07218418737609136,1.2994645532760438,1.2272803658999527,0.0017875956019900985,0.503242473102683,0.31624508478463786,-0.044591543075536075,1.2315423928820421,1.1869508498065058,0.0017788307259769735,0.4680478790804202,0.2927673296223866,Lindy Waters III,SAS,0.24179781147441404,0.5225223890881209,0.7643202005625349,1.1331273550355325,0.04032951609344693,-0.6701671896981147
1630581,4244.433333333334,2.4385828730425736,-0.9679651255563778,1.470617747486196,0.0036338582324776164,1.6554815935251246,0.10609909938233275,2.3864952631416014,-1.1653580705073547,1.2211371926342467,0.0035725054520327607,1.640646297603384,-0.17563691220349134,2.3897862464305386,-1.111559186965999,1.2782270594645402,0.003554939708933613,1.6753876429836791,-0.0786113635197805,Josh Giddey,CHI,1.2851188950665677,0.2471866094865316,1.5323055045530993,-0.2494805548519492,-0.05708986683029349,-0.06168775706690344
1629622,720.7375000000003,1.321183155991572,0.3357756895266754,1.6569588455182473,0.002844872729664579,2.1771135554706063,0.0911858048078924,1.1089138435642414,0.11078876835865406,1.2197026119228955,0.0028869477088831843,1.5079102959595572,-0.3014954370907965,1.2711880248227223,-0.1708172477846326,1.1003707770380893,0.002865714147503869,1.8601132850659416,-0.9577865866615872,Max Strus,CLE,1.6335980764521107,-0.3649391637281647,1.268658912723946,-0.4372562335953518,0.11933183488480625,0.3882999327943013
1642400,209.66666666666666,2.066448213859471,-0.40481803214568324,1.6616301817137877,0.00013508034161042415,1.6837616977147505,-0.5983892216031619,1.1619733700558919,0.05663803614644677,1.2186114062023385,0.00013425773950933857,0.7097636746294107,-0.15007139307747921,1.5188333362030713,-3.0331676731556803,-1.5143343369526088,0.0001354865932082037,1.1454703020359294,-3.362951337205162,Tristan Enaruna,CLE,1.0389940734291085,-0.3967467791421696,0.6422472942869389,-0.4430187755114492,2.7329457431549473,1.0193828874268487
1629012,3977.3416666666635,1.7395060600726624,-0.4717214452275658,1.2677846148450964,0.002880322331502316,1.9942941307662387,-0.4763627257130865,1.6005354093718893,-0.382625990639474,1.2179094187324153,0.002867133799979448,1.5112650307865885,0.0013596830855422681,1.545154990469547,-0.46011879045401594,1.0850362000155311,0.00286851270737283,1.5531879285166847,-0.03917833807616185,Collin Sexton,CHI,0.8985317315617773,-0.515664372913363,0.38286735864841437,-0.0498751961126811,0.13287321871688418,0.884917256196682
1626192,737.1708333333331,-0.7270135720982929,0.7063961298527413,-0.020617442245551492,0.009966381858553239,0.2320804008879352,0.08834379775158191,-0.037940905949171884,1.2414977504719775,1.2035568445228058,0.009980828306757533,1.6475883286322919,1.1325632798554148,0.0809457804726585,1.4221908965915322,1.5031366770641907,0.009984703259411169,1.9251125409309686,1.5388362154355986,Pat Connaughton,CHA,-0.032120274281557504,0.7974835329173168,0.7653632586357593,1.2241742867683572,-0.299579832541385,-0.7859807008813108
1641740,2219.258333333333,0.7089124492676216,-0.07272109384296596,0.6361913554246558,0.0016600158951549677,0.09498686218961483,-0.16727486763286764,0.7348607750832985,0.45844709815451595,1.1933078732378146,0.001664244869892705,0.048580173401745336,0.7105480513372403,0.6733256296683708,0.4926440993878944,1.1659697290562656,0.0016590229826415454,0.06940705019393224,0.7643897086178887,Jaylen Clark,MIN,0.6552684056090237,0.786904803661835,1.4421732092708588,0.5571165178131589,0.027338144181549007,-0.805981853846203
1629312,173.9083333333333,-0.8497880187516269,1.8299401541207843,0.9801521353691578,0.0013914025232129698,2.074638432951686,-0.05886213490849912,-1.2208589707595472,2.412785395433362,1.1919264246738144,0.001483128700482918,1.2758217139000672,0.9579304737398268,-0.7226435331690639,3.264976334703699,2.542332801534635,0.001433644194538982,2.273765940403023,2.5041504360218663,Haywood Highsmith,PHX,0.29153378052977114,1.6846125271556658,1.9761463076854369,0.21177428930465658,-1.3504063768608208,-0.9959941723162791
1642867,3110.4125000000013,-0.7273463427270067,1.870447292722044,1.1431009499950378,0.0029851557677002516,0.07220819804117262,0.8515751068380006,-0.6977529212390684,1.8815761432493674,1.1838232220102989,0.0028401010432864203,-0.04655376823798865,0.9858011654725748,-0.6941042354020326,1.918331229625546,1.2242269942235133,0.0029956658445174818,-0.007553883562930949,0.9982429457502797,Collin Murray-Boyles,TOR,-0.199694903292612,1.2169800498120464,1.0172851465194344,0.04072227201526113,-0.04040377221321445,0.1258158034756034
1642504,676.6958333333337,2.584003923813137,-0.7952854584919202,1.788718465321217,0.0009485341885431223,2.5278763669653053,-0.5609935059741593,1.634787268247581,-0.45915766858382623,1.1756295996637547,0.0009481901247489011,1.4762113204249796,-0.20824182066015798,1.9674783920069285,-1.050167070905584,0.9173113211013444,0.0009447948692078524,1.8992484216072534,-0.8765048511967267,Cormac Ryan,MIL,1.7958357679157269,-0.8723979350071537,0.9234378329085732,-0.6130888656574622,0.2583182785624103,0.8652806324126437
1627739,5573.891666666671,0.030788313488836143,1.115495954657937,1.146284268146773,0.004376588803687178,0.6025430577747687,1.2617740955215149,-0.035852732942715404,1.2063037034826571,1.170450970539941,0.004434522601387412,0.3096218578769736,1.6274798640455241,-0.03010589593132071,1.159097240681088,1.128991344749767,0.004425208221087865,0.35102991398790284,1.537264688596013,Kris Dunn,LAC,0.5893229381765972,1.5711654470468184,2.160488385223416,0.024166702393167983,0.04145962579017404,-1.0142041170766427
1629637,3005.6958333333278,-0.5566247310074867,1.647674948099993,1.0910502170925063,0.005382076588749074,0.39396135795413245,0.9834156629106208,-0.23650061033937525,1.4027142521308205,1.1662136417914453,0.005383552995766052,0.9360561003442436,0.4248965645907202,-0.21580767650244853,1.4495926420091239,1.2337849655066757,0.005632530017234335,1.0247712693686706,0.461008592998329,Jaxson Hayes,LAL,-0.11324059598089355,0.8896284345461459,0.7763878385652524,0.075163424698939,-0.06757132371523045,0.31466237852725387
1642450,3580.8749999999995,1.2184127102798537,0.20479993381578793,1.423212644095641,0.002972060691475682,0.5559034191739224,-0.3806170707234771,1.0182783254784797,0.14441344976698273,1.1626917752454626,0.0029753044041632,0.19736929180342386,-0.1669564507465581,1.0463009623060384,0.09338557669196841,1.1396865389980069,0.0029874596797039954,0.23820638542027534,-0.1890299022752252,Daniss Jenkins,DET,-0.30469621185751583,0.05623165635578259,-0.24846455550173324,-0.26052086885017833,0.023005236247455763,1.6716771995973743
1631199,793.7833333333333,1.68371736384788,-0.10047897676118678,1.5832383870866935,0.0003890137871510568,1.716044284058452,-0.43865158358200523,0.4632008693157724,0.689645647761884,1.1528465170776567,0.0003832231893864255,0.3697345369665951,0.45657963682658675,0.6290721039124859,0.7757474630618814,1.4048195669743673,0.000382811252372859,0.4466563552771633,0.5257994828481907,Ron Harper Jr.,BOS,0.3255669712573302,0.366503908369584,0.6920708796269142,-0.4303918700090368,-0.25197304989671054,0.8911675074597794
1630679,1633.079166666665,0.11999176357528443,1.0039146022953946,1.1239063658706785,0.0002166492549277049,-0.39104154601744123,-0.035787727940953695,0.33548439506416405,0.80339846694137,1.138882862005534,0.00021272650321457396,-0.08033709410637527,-0.2635788021580834,0.33625393381917107,0.44298263925880754,0.7792365730779784,0.00021189996243226356,-0.10518801169575019,-0.7172363542191481,Ethan Thompson,IND,-0.10124627174468671,0.11916426139387393,0.017917989649187213,0.014976496134855521,0.35964628892755557,1.1059883762214913
1642389,106.45833333333334,2.016800417151877,-3.3837849228053885,-1.3669845056535115,0.00020836136725547894,1.7577945681716898,-3.012875634530494,1.4332079326945695,-0.3108713709844467,1.1223365617101235,0.00020872377534081977,1.237938524205022,0.0682029897702987,3.529471308768997,-0.8886532674725579,2.640818041296439,0.00020727148248441375,3.4023693401761137,-0.48717767085674285,Zyon Pullin,MIN,1.2669781535086593,-0.5496084123384402,0.7173697411702191,2.489321067363635,-1.5184814795863155,-2.0843542468237306
1630619,1323.950000000001,-0.21650485894537094,2.1804783180635563,1.9639734591181852,0.0003580866654154717,-0.8124221801082383,2.2040811526839343,-0.18516696840238311,1.3048447516955126,1.119677783293129,0.00034159018437796815,-0.7815964471267443,1.3607255398606313,-0.32720064019438155,1.7423272734505837,1.4151266332562022,0.0003478474725536127,-0.9962644147040228,1.7477336101339698,Moussa Cisse,DAL,-0.6891522397669767,0.891104734052291,0.20195249428531425,-0.8442956758250562,-0.2954488499630732,1.762020964832871
1642886,209.66666666666669,1.03605681156838,-2.7753832703449626,-1.7393264587765838,8.04522113246933e-05,1.4220316799019508,-3.101426131515327,0.9677382208907549,0.13402190095137945,1.1017601218421345,5.933579313991477e-05,1.3441296346896079,-0.02834978965226395,2.547338175018983,1.087702522063483,3.6350406970824656,0.00012199366209870507,2.984412842444922,0.9863508846176008,Koby Brea,PHX,0.9219769391243693,-0.5039686353362064,0.4180083037881629,2.841086580618718,-2.5332805752403313,-2.1573347625647465
1631205,37.50833333333335,-1.7641033544404876,-1.818985822473305,-3.5830891769137927,0.00012380178598548488,-1.929541845700459,-2.2470006851185156,0.5050290056379099,0.5829778734473714,1.0880068790852815,0.00012509217597007178,0.4826494201980829,0.26804363059268843,0.19244103172517507,0.8057949820968358,0.9982360138220109,0.00013136526677202855,0.11611016453716984,0.4937721049037847,Buddy Boeheim,OKC,0.35681767757562094,0.17297549587937122,0.5297931734549921,4.671096055999074,0.0897708652632706,-4.112882350368785
1641803,30.0,6.479704261460927,0.5544822164253319,7.034186477886259,4.544370527842203e-05,6.396297207241498,0.8010293100059551,1.0969362465221038,-0.018413455675786852,1.0785227908463166,4.412367615380255e-05,0.97667378737422,0.1982067518709337,6.811408454543381,1.4217378486623269,8.233146303205707,4.433104815227651e-05,6.761750877006757,1.6543221689059369,Tristen Newton,HOU,0.9092622115206606,-0.18132154747694165,0.7279406640437189,-5.955663687039942,-7.15462351235939,6.30624581384254
1642278,1847.1666666666688,0.05653775486954624,0.709162639861804,0.7657003947313501,0.0009234809823398262,0.3148757054397214,-0.5664032376657666,-0.2735584981009314,1.3432815927192752,1.0697230946183436,0.0009342850026960569,-0.08002835354903173,0.3944273191250687,-0.21911977437819133,1.2914875156657137,1.0723677412875223,0.000934365577681234,-0.0768814638080103,0.4420635234264981,Tyler Kolek,NYK,-0.7847461968159819,1.3514680469025637,0.5667218500865818,0.3040226998869935,-0.0026446466691787407,0.19897854464476827
201959,242.18333333333334,-2.5677059701243095,1.9009304523200048,-0.6667755178043058,0.0005210501764722124,-1.5977737070294662,0.6390194635714262,-1.1190053069672081,2.1870061916399166,1.0680008846727085,0.0004976664682566341,0.5087426224134448,1.1449357930113908,-1.5459304086009937,2.0338420009368376,0.4879115923358427,0.0005443713192673995,-0.1425237316515212,0.87739373449352,Taj Gibson,MEM,-0.7271688871674082,1.2208810294827028,0.4937121423152946,1.7347764024770143,0.5800892923368658,-1.1604876601196004
1628415,4340.637500000005,0.3721768674876455,0.7715768545382995,1.143753722025945,0.004890071222218396,1.0928136870125824,-0.3886742243751054,0.41687235075777823,0.6418659342402463,1.0587382849980245,0.004072124149161111,1.0998424365691597,-0.6552313635523258,0.40654769614171904,0.5450190723373753,0.9515667684790943,0.005128740199412995,1.1609384960821036,-0.7287766751737765,Dillon Brooks,PHX,1.0819390175791033,0.18521688174564788,1.2671558993247511,-0.08501543702792058,0.1071715165189302,-0.12340217729880609
1642368,38.54166666666667,-1.2335527932465378,4.478208293949338,3.244655500702801,9.779421787179891e-05,-1.597836821360275,4.6771465669887,0.7222228565193065,0.3198937998460528,1.0421166563653594,9.5526579700482e-05,0.41894330307721295,0.4103000652725649,-0.4582603813182554,4.846826206382539,4.3885658250642825,9.729653186698283e-05,-0.7741350682348956,5.0370521190999495,N'Faly Dante,ATL,0.4049590763707647,0.27147733139436325,0.6764364077651279,-2.2025388443374414,-3.346449168698923,2.5682190929376727
1642857,2318.7250000000013,3.0230507269331675,-1.8784324512931398,1.1446182756400274,0.0007671890494793111,1.0126477369721214,-0.6234997966829454,2.6368430291972755,-1.5949738712177584,1.0418691579795172,0.0007719276903461591,0.3159869127322307,-0.10741210287114031,2.662404574278579,-1.6065788227613953,1.0558257515171836,0.0007710854423124177,0.3658396572291953,-0.11397490581853044,Kasparas Jakučionis,MIA,1.1708443740898828,-0.3472810777900137,0.8235632962998691,-0.1027491176605102,-0.013956593537666429,0.32105497934015825
1630590,529.6666666666669,0.6789538865910663,1.215695377974623,1.8946492645656892,0.0005699754758581692,0.5048507637330356,2.1185423574570703,0.5627409845341077,0.4673375159012453,1.030078500435353,0.0005599939732844735,0.3728876721658394,0.6121630263379171,0.7224414459666408,0.5086334637642909,1.2310749097309315,0.0006018668659610747,0.4126887482250543,1.1866221389369995,Scotty Pippen Jr.,MEM,-0.2395345881454321,0.6951987927706543,0.4556642046252222,-0.8645707641303362,-0.2009964092955785,1.438985059940467
1641815,119.50000000000001,-1.374183141226158,2.031035452096234,0.6568523108700752,0.00016077968582982566,-1.2099652309884323,1.8507866544136704,0.5033460361359208,0.5264125997434864,1.0297586358794073,0.00016093113148793304,0.7384662716368773,0.31652515390271885,1.4849875476025418,-0.697912545731674,0.7870750018708675,0.00016154590828896357,1.7544570446467653,-0.9257599368866621,Isaiah Stevens,SAC,0.6867131940667281,0.2329241794734882,0.9196373735402164,0.3729063250093321,0.24268363400853976,-0.2627850626701411
1629726,490.24999999999994,0.7525799296760198,0.41865393966169123,1.171233869337711,0.0026186702951549387,1.8231931256649214,0.39818439138645395,0.5577858604739011,0.46909759299010706,1.026883453464008,0.002621538765444749,1.4105254900372128,0.4618332613731111,0.725825844075451,0.5280184210127994,1.2538442650882506,0.0026206808230405682,1.8618906675654134,0.5652289350422999,Garrison Mathews,IND,0.3912201884831012,0.6678478848796306,1.0590680733627318,-0.144350415873703,-0.22696081162424275,0.11216579597497911
1627741,2037.179166666668,1.2989955796249524,-0.796945498510526,0.5020500811144263,0.001939936990296037,1.135101921616993,-0.44548760940078985,1.3002231488114078,-0.29135855998692656,1.0088645888244812,0.002279559505868137,1.3147837121352288,1.1015482816688038,1.2810061334410512,-0.3225338098013732,0.9584723236396779,0.0023010485730095695,1.3774129117106555,1.1454952380835952,Buddy Hield,ATL,0.1676270013314104,0.6225010038406301,0.7901280051720405,0.5068145077100549,0.05039226518480322,-0.28807792405761423
1631157,5972.016666666665,0.8211671786933611,-0.052677025907057695,0.7684901527863031,0.0018991184618304554,1.2681213468511343,-0.030007011971592834,0.5817031531725017,0.4271599741403021,1.0088631273128035,0.0018894775938226652,0.6134271565008447,0.8668871408592896,0.5946887612993861,0.39711172103854836,0.9918004823379345,0.001884016491309623,0.6590548913470939,0.7781594305997696,Ryan Rollins,MIL,0.13704176534869572,-0.184046243334046,-0.04700447798535029,0.24037297452650042,0.01706264497486898,0.8154946307716533
1630174,3275.5208333333303,1.9309109055958469,-0.7951617164094704,1.135749189186376,0.001205065826570409,-0.016556213540163234,-0.009150353486249319,1.795545315167296,-0.7903313721117985,1.0052139430554974,0.0012032963787074727,-0.35639357570149144,0.12888464124032858,1.755865854791049,-0.7945557238624213,0.9613101309286275,0.0012085239548533613,-0.3434609539579979,0.08057359497674597,Aaron Nesmith,IND,1.0643087730599954,-0.6090844627559635,0.4552243103040319,-0.13053524613087863,0.04390381212686989,0.6805248788823441
1641871,645.4250000000004,0.6281260046254413,-0.31176780122318587,0.3163582034022555,0.0009750667874236915,0.5661266545980143,-0.6915983077736831,0.5014917264515877,0.4980833218479046,0.9995750482994923,0.0009382821271315801,0.4600358342970665,0.5466963753911948,0.5954294098503925,0.41172238879715384,1.0071517986475467,0.0009871694595831079,0.38173674297538474,0.4786986901980191,Duop Reath,POR,-0.031525288168833765,0.6042922758679936,0.5727669876991599,0.6832168448972368,-0.007576750348054384,-0.2564087842969044
1630538,2942.7583333333337,1.352995889231219,-0.29849561186409423,1.0545002773671248,0.0007229984612486607,1.8754185517858804,-0.6241372236204439,1.124269023773715,-0.125063020419173,0.9992060033545419,0.0007160426837334887,1.3766339295186025,-0.06601885332200588,1.131693266093429,-0.1274200364199057,1.0042732296735233,0.0007144947703114085,1.4528704330330118,-0.12006934618583749,Bones Hyland,MIN,0.7542369612862745,-0.31270408287973794,0.44153287840653654,-0.05529427401258291,-0.005067226318981377,0.6129673989605883
203083,3038.4583333333308,-0.8302759955825245,2.1064707453557476,1.2761947497732233,0.004012259708963794,0.7071764103507364,1.7057535123292378,-0.6443135755725157,1.6343386452362771,0.9900250696637611,0.004004656276827722,0.7904060406731536,0.7846448213498038,-0.6661121302686582,1.6706132389390782,1.00450110867042,0.004014570359572941,0.8150681327564154,0.8698684914272113,Andre Drummond,PHI,0.5748008467325272,0.5909815853925379,1.1657824321250652,-0.2861696801094622,-0.014476039006658947,0.11041231764815818
1641737,3020.237499999996,-0.42691919903125203,0.6313896807099524,0.20447048167870036,0.0005172392673990244,-1.6313736943374995,0.35685498310499514,0.25924093658675434,0.7293571816038311,0.9885981181905855,0.0005055307937780964,-0.7315144799513611,0.6464992570628421,0.22155211780369838,0.7240960050103538,0.9456481228140522,0.0005082703514812739,-0.7122798637083142,0.5896044107587752,Adem Bona,PHI,-0.524966616969372,1.3050299982135032,0.7800633812441312,0.7841276365118852,0.04294999537653332,-0.5755928995654309
1642402,93.02083333333336,-0.40356523307394043,2.594298812457482,2.1907335793835414,0.00032512898090946915,-1.151048601358029,2.7907491128684363,0.7108081193016959,0.27284210074135934,0.983650220043055,0.00032101107636421704,0.07952880087508027,0.27168028501704333,-0.6909905815384011,0.38659251652860444,-0.3043980650097968,0.0003216497803870097,-1.3835684112126259,0.42698169682924153,Enrique Freeman,MIN,0.3308379979933777,0.012052268405539246,0.34289026639891695,-1.2070833593404864,1.2880482850528518,1.8478433129846246
1628467,1129.6624999999997,-0.9249252965326564,1.8976501820235316,0.9727248854908753,0.002515143816838713,-1.0024869135059928,1.250906818306028,-0.6302106713157613,1.6011764357888514,0.97096576447309,0.001970349153815783,-0.4043213535214396,0.665187942087768,-0.7021239605226333,1.670705511311936,0.9685815507893029,0.0024025923888443845,-0.5762144053127524,0.7291752440294701,Maxi Kleber,LAL,-0.5936843282795384,0.720012607990559,0.12632827971102056,-0.0017591210177853034,0.002384213683787162,0.8463966057798548
1643257,56.166666666666664,0.7735308308893171,0.5918153161890907,1.3653461470784078,5.053226783526466e-05,0.8670468455696972,0.4777174775550713,0.6600000501010808,0.3078314603905675,0.9678315104916482,5.124199021489228e-05,0.7779008808548338,0.16741686128209013,2.369260923422765,0.44085640860259734,2.8101173320253627,5.2296259002302585e-05,2.5133120498407355,0.2978530720894909,Jayson Kent,POR,0.707997325823529,-0.02519292626501035,0.6828043995585187,-0.3975146365867597,-1.8422858215337146,0.6825417475198892
1628381,4749.325000000003,0.06196113676184688,0.9746705901453614,1.0366317269072085,0.0238366121548823,1.090635616507598,0.5988863561536102,0.04231527381560586,0.9073270107039949,0.9496422845196006,0.023698280391776003,0.684268764667514,0.5625308412205321,0.002917627419089303,0.9048274722097013,0.9077450996287906,0.023697486688648055,0.7205134704473697,0.5019583370931326,John Collins,LAC,0.3673653464953324,-0.25600629439037753,0.11135905210495489,-0.08698944238760786,0.04189718489081007,0.9252726748022536
1641761,87.525,-2.642167674628489,3.1777188938609213,0.5355512192324323,5.06030322468699e-05,-2.791278663220372,3.2533057564780727,0.19695813366458395,0.7521807429778418,0.9491388766424258,4.993594859563476e-05,0.13629268445918938,0.7632536284108828,-2.1443798104344522,4.7428902944767435,2.5985104840422917,5.210014204486128e-05,-2.2366700569114992,4.838962598835858,Grant Nelson,BKN,0.2187928408868951,0.5812176634860008,0.8000105043728959,0.4135876574099935,-1.6493716073998659,-0.2644592851404636
1631248,3541.841666666666,-0.8048871845235694,1.9023780409039026,1.097490856380333,0.0009758570730863918,0.8127117190256365,0.4837227330049043,-0.9740322794370009,1.9212023065892425,0.9471700271522415,0.0009774844722918697,0.20542876708453303,0.593206607634118,-0.9500778079576779,1.9108388811427157,0.9607610731850377,0.0009794609325645676,0.22543971123530215,0.5781593018280421,Baylor Scheierman,BOS,-0.11774005032460216,0.27936141047543983,0.16162136015083767,-0.15032082922809142,-0.01359104603279615,0.9358694962294953
201569,184.375,0.4426730995985479,-0.6743507226087783,-0.23167762301023034,0.002330331976674141,0.2116947587833758,-0.6055648893567043,0.8375430224836224,0.10713644458154141,0.9446794670651638,0.0023206841768534108,1.1009416629451456,1.0202339403406997,1.0955210183668147,0.4477951159354018,1.5433161343022168,0.0023375363009251397,1.551406810726917,1.730111070945389,Eric Gordon,PHI,0.30858725124207365,0.13114901739272156,0.4397362686347952,1.1763570900753941,-0.598636667237053,-0.6714138916450255
1630314,3610.162500000006,2.581082957956812,-2.1906670371279966,0.3904159208288148,0.0012335777768529793,0.8251731997053287,-0.4512486411051048,3.1140769445958703,-2.1716442511320326,0.9424326934638373,0.0012431590956196751,1.9506064472829796,-0.21803520636385973,3.1190737442450125,-2.1295926648773724,0.9894810793676395,0.0012473769289544911,1.982758447458495,-0.20436256049950619,Brandon Williams,DAL,1.7599305395443385,-0.9842232577703367,0.7757072817740018,0.5520167726350225,-0.047048385903802226,-0.385291360945187
1630695,2231.916666666666,0.9329694663231951,-0.350577067209336,0.5823923991138592,0.0004879210092938499,1.1668015801499543,-0.06871772808070259,1.167257342251814,-0.2508610928168493,0.9163962494349646,0.00048568884284701366,1.5217411424811256,0.37835581604891944,1.1820917550959733,-0.1741796303765133,1.0079121247194598,0.0004852237548020936,1.6137626145690973,0.43999767287002495,Micah Potter,IND,0.05980019644808987,-0.05543411322886882,0.004366083219221051,0.33400385032110536,-0.09151587528449523,0.5780263158946382
1630173,4272.170833333334,-1.152858199824323,1.860515431092966,0.7076572312686418,0.0056301436926024335,0.5935987032827376,0.5100696261930807,-1.08476015130223,1.9962819693293035,0.9115218180270734,0.0056348880422586265,0.46225432318664383,0.8966383814946363,-1.0679162305155927,1.9181585461174353,0.8502423156018434,0.005637975789184766,0.4863672474133306,0.8492722056018981,Precious Achiuwa,SAC,-0.27069251351849855,0.5309714248101662,0.2602789112916677,0.20386458675843167,0.06127950242523006,0.4473783199769741
1627780,2795.575000000002,0.5504007571122974,0.3152121514300075,0.865612908542305,0.0010758916218190113,1.4256883232236999,1.437468765520178,0.5114330549811542,0.3938549021743987,0.9052879571555529,0.001971671263308736,1.363036164950847,1.8456371997758845,0.5050041572729664,0.42283636355248416,0.9278405208254507,0.0020466664380145347,1.411491181852873,1.8487155619982731,Gary Payton II,GSW,1.893157423185628,0.8310418766363984,2.7241992998220264,0.03967504861324789,-0.022552563669897774,-1.8585863912797214
1630583,2995.7541666666693,1.7746348925751012,-0.6037274231640121,1.1709074694110893,0.001115027658008941,1.4193265337012142,0.8597607499420883,1.5266793895032555,-0.6234945070070397,0.9031848824962158,0.001103002350219378,0.6252353224935948,0.7146516054389841,1.5401919465303453,-0.6895353168269591,0.8506566297033858,0.001134167142213271,0.6579544611188387,0.7925468373181902,Santi Aldama,MEM,0.13213905248828,-0.26019986986579635,-0.12806081737751634,-0.2677225869148735,0.05252825279282991,1.2989682867886057
1642845,6558.266666666669,1.5765096435153367,-0.025223735979110463,1.5512859075362262,0.0018437078024733744,1.0855519418554067,0.008277240238448003,1.1136656071491644,-0.22363381127400542,0.8900317958751586,0.0018449343954372662,0.09628485094189174,-0.0846328708818975,1.0885306249674456,-0.21910367601667216,0.8694269489507732,0.0018416416574400403,0.14121114424156211,-0.11915918346191169,VJ Edgecombe,PHI,0.5886023131983615,0.02801086314791984,0.6166131763462814,-0.6612541116610676,0.020604846924385356,0.9346727311899448
1631159,1793.487499999999,2.8033620739370595,-1.9103481022067061,0.8930139717303531,0.0007044234517277782,1.0666591265249603,-1.1895450752929626,2.3969221256462605,-1.5136809898585977,0.8832411357876628,0.0006791106631236716,0.5441464016380232,-0.6396921362970397,2.3985377936812187,-1.6907605090052644,0.7077772846759542,0.0006748309745779865,0.608484691818883,-0.8034608483624935,Leonard Miller,CHI,1.5843964115290659,-1.6091183431356124,-0.024721931606546566,-0.009772835942690294,0.1754638511117086,0.9177359033368997
1641747,531.7333333333336,0.41833499898020393,-0.18555984317030783,0.232775155809896,0.0003109465530346359,0.8914148779030014,-0.7406526478606572,0.24020771698657079,0.6429800218598646,0.8831877388464354,0.00030417722465991343,0.658800696666519,0.2015193941184166,0.3098653858170006,0.8277356899853123,1.137601075802313,0.0003044568508408864,0.7356092594807241,0.450690278363634,DaRon Holmes II,DEN,0.3127159478599579,-0.2749182368498123,0.03779771101014556,0.6504125830365395,-0.25441333695587753,0.19497744479975043
1641807,59.166666666666664,4.920566001729503,-1.185212494610749,3.7353535071187536,0.00010522796856402086,5.03822121218927,-0.8717480073463102,1.0167595701352519,-0.1367017596954955,0.8800578104397563,0.00010593051235873339,1.1356677907386807,0.17350805768974484,4.462443648493127,-2.122019771471842,2.340423877021286,0.00010523529962582975,4.639297124054129,-1.8404823055051316,Norchad Omier,LAC,1.0991994987652043,-0.40235147913357794,0.6968480196316263,-2.855295696678997,-1.46036606658153,3.0385054874871273
1628420,161.54166666666663,-1.6017443502807034,0.8069187060759461,-0.7948256442047572,0.0007198175678003742,-2.1649034672862846,-0.5037791005195429,-0.46095625162661563,1.3196847838118544,0.8587285321852386,0.0007463177336058764,0.09689822206691887,0.2802800232091165,-1.2232729201771861,0.9873036956308457,-0.2359692245463402,0.0007214681207652438,-1.2915581673072103,-0.37325248458153854,Monté Morris,IND,0.3474924055873429,-0.1682871192755393,0.1792052863118036,1.6535541763899957,1.0946977567315788,-0.9740309305165609
1631102,220.32083333333327,-0.7886951839254308,2.8328919763377547,2.0441967924123237,0.0012030142015567573,-0.43264305064393493,2.760705976815253,-0.11964662794449132,0.9552364795349406,0.8355898515904494,0.0012059936078585311,0.40497155235492843,0.6116179947860146,-0.09183630615940445,2.144788950315957,2.0529526441565524,0.0012135609004726847,0.47389595665690687,1.9984672984700946,TyTy Washington Jr.,LAC,0.2648363318875188,0.5398026856844725,0.8046390175719913,-1.2086069408218743,-1.217362792566103,1.2395577748403324
1628379,4133.541666666665,1.6104252886380994,-0.8774675736862972,0.7329577149518023,0.0008785444493056092,0.9481167519525656,-0.4561019230665266,1.6316157929609125,-0.8031887215153162,0.8284270714455966,0.00085739416945917,0.854182043905151,-0.6000604267301387,1.6837109809920807,-0.9365211054282547,0.7471898755638264,0.0008439788910451466,0.8660776044937528,-0.5943235607911622,Luke Kennard,LAL,0.1544315549192093,-0.8772267816461743,-0.7227952267269651,0.09546935649379429,0.08123719588177014,1.4557529416787673
1642938,219.29166666666666,1.1043737377691203,-0.23476868485739238,0.869605052911728,0.00012344749153301706,0.8222090298211143,-0.3820929384783522,0.4552447696156827,0.3705383377496271,0.8257831073653099,0.0001180722400034123,0.0887033052427981,0.2480108136779585,0.02702091601918368,3.9347177754898466,3.961738691509031,0.00011835631795666946,-0.3029538273324879,3.9821302514347834,Curtis Jones,DEN,0.3908588851453833,-0.06132680523045858,0.3295320799149247,-0.04382194554641805,-3.135955584143721,0.5400729729968032
201599,448.5416666666666,-2.2892128051316827,1.4368248665883547,-0.852387938543329,0.0058150162266860156,-1.1601799878727515,0.8134655828037871,-1.0210838043909827,1.8381449940144166,0.8170611896234341,0.005916916700548338,0.8514039596690652,1.430021800160815,-0.9983517077810127,2.2077912881122987,1.2094395803312854,0.005947755687973622,0.9552649978454976,1.9554979529261964,DeAndre Jordan,NOP,-0.5762880840055716,1.1101003101331992,0.5338122261276276,1.6694491281667632,-0.3923783907078513,-1.3862001646709565
203501,5299.8499999999985,1.8081385023104617,-0.8932620383970186,0.914876463913443,0.007046797256654474,2.2780760133403812,-0.5385730940810243,1.819576789270029,-1.0054762951020981,0.8141004941679307,0.00712044420060726,1.9237298020351496,-1.163978760531981,1.7902180024164331,-0.9789822092987522,0.8112357931176806,0.007057349624314145,1.9182114999847675,-1.0750648477700682,Tim Hardaway Jr.,DEN,0.7643147876021719,-1.5129395557340763,-0.7486247681319045,-0.10077596974551228,0.0028647010502501624,1.6635012320453475
1641796,4541.837499999998,2.337764076167427,-1.3572248626946792,0.9805392134727471,0.0007610790847031425,0.9987975454023806,-0.09222344813096955,2.1181603057149077,-1.3155738354301227,0.8025864702847848,0.0006685092168971378,0.4032101734027409,0.07206062732424476,2.1470300815320362,-1.272627755819504,0.8744023257125324,0.0006450577598740695,0.452040342726871,0.07267929784550421,Pelle Larsson,MIA,0.8642436380393013,0.14859158453232635,1.0128352225716277,-0.17795274318796228,-0.0718158554277476,-0.03229600909888064
200768,295.09999999999997,-0.22053461832452262,1.188931803895352,0.9683971855708293,0.001634587435131942,0.8920415750175655,0.6055061601662635,-0.7077586003606016,1.504483026681621,0.7967244263210195,0.001589757630500615,0.10227921238705315,1.0817423034293017,-1.1401285693022012,1.6181413690821298,0.4780127997799287,0.0015881932518484602,-0.8378456789942516,1.3590378237735985,Kyle Lowry,PHI,-0.19844934615517215,1.0427080594608458,0.8442587133056736,-0.17167275924980985,0.31871162654109075,0.12413847226515573
1629640,4777.849999999995,1.5151413708870085,-0.5868958028257021,0.9282455680613069,0.0017562326862733137,1.6122901607836657,-0.9754239229582875,1.4666104712660932,-0.6725806074788516,0.794029863787242,0.001723758475245129,1.2251770492032277,-0.8066470019023727,1.4548805410133874,-0.7116801373439047,0.7432004036694825,0.0017112274201718275,1.26020422316698,-0.79984911303549,Keldon Johnson,SAS,0.6916879035426093,-0.4699011806766016,0.22178672286600776,-0.13421570427406482,0.05082946011775957,0.7064588451952991
1627759,6086.429166666667,2.6843286185101674,-1.5455379450731652,1.138790673437002,0.0012042972985822323,3.107197823063685,-0.018240022380130394,2.224404063286583,-1.4382727875208143,0.7861312757657688,0.0011693483316509781,1.5805161374837433,0.3663500637354047,2.210071819933021,-1.4701660782793902,0.7399057416536311,0.001213490085494154,1.6313844292017488,0.3232474658950861,Jaylen Brown,BOS,1.1036832550055435,-0.2703408686250226,0.8333423863805209,-0.3526593976712331,0.0462255341121377,0.30544828705648097
1631095,6687.479166666669,-0.3617279175311768,1.2602186671119944,0.8984907495808174,0.0025868007145200293,0.9315092080145192,0.13897440189591792,-0.3934052358533852,1.1743789622171017,0.7809737263637164,0.002653562798540247,-0.007176563486806314,0.11369097410615378,-0.43016156105589165,1.1779366873347108,0.747775126278819,0.0026574287392205583,0.041175353257378436,0.1127290931574355,Jabari Smith Jr.,HOU,0.0638785940338773,0.7678948703946938,0.8317734644285711,-0.117517023217101,0.03319860008489739,0.06671728515224629
1630264,2319.3666666666663,0.05870893968471158,0.1516942782034299,0.21040321788814148,0.0038905051790564748,0.05938985931539986,0.34311984070786367,0.42950223521790665,0.34288830354110106,0.7723905387590076,0.003836943460517821,0.6850899831663293,0.7036424291510576,0.4187456406451716,0.3196468384892929,0.7383924791344644,0.003834257211298337,0.7362689216524069,0.6879901499024587,Anthony Gill,WAS,-0.26397909092450367,0.2291151326802422,-0.03486395824426147,0.5619873208708661,0.033998059624543275,0.24526717613240295
1631210,42.16666666666667,-1.3419062299106181,0.14709755476099307,-1.194808675149625,0.00019437832802159121,-1.0672023648955065,-0.15606412044180834,0.24777722119520534,0.5164556700283055,0.764232891223511,0.00019074874113683,0.6066887771537202,0.20194743981783334,0.8282424741103446,2.62413249136788,3.4523749654782234,0.00019371774574573273,1.2156038436650773,2.421906060380782,Jacob Toppin,ATL,0.2707300171896223,0.31825731191764883,0.5889873291072711,1.959041566373136,-2.6881420742547126,-1.783796004256896
1630230,5406.725,1.4423709827751665,-0.7466764101289809,0.6956945726461856,0.002634808951930007,0.9291734665821764,-0.47854891594691,1.3552276153428537,-0.5932171239008585,0.7620104914419956,0.0025061534624777277,0.780779156416422,0.029133492172468883,1.3422003743624207,-0.6386186673098939,0.703581707052527,0.0025981859422642382,0.8171030709528796,0.08142092958615559,Naji Marshall,DAL,0.28410653257056745,-0.6532188190687007,-0.36911228649813327,0.06631591879581,0.058428784389468635,1.064806859144319
1642856,3264.10416666667,0.199977573790372,0.1782231530509987,0.37820072684137074,0.0007832061038559021,0.09872292302241792,-0.5492294100926023,0.2345816419644112,0.5092187470610918,0.7438003890255029,0.0007551026688353678,0.0012793030364066371,-0.23166510537525128,0.22008202687099998,0.5070274677792415,0.7271094946502412,0.000754923595444224,0.04633710313837926,-0.2197070938179153,Egor Dëmin,BKN,0.3126249284727387,0.16469899936192056,0.47732392783465927,0.3655996621841322,0.016690894375261722,-0.09912320099328853
203937,2133.091666666668,-1.0599581416013593,2.069265455094619,1.0093073134932604,0.01151887214857277,-0.38275501909877163,1.7491219620936913,-0.9196671220449473,1.65360126130423,0.7339341392592824,0.011481351343069225,-0.042844573573206174,0.8350166691054697,-0.9400435479885475,1.603080774665107,0.6630372266765597,0.011506664693863718,-0.03170043753763273,0.7844691196201256,Kyle Anderson,MIN,-1.5603062903494223,1.4162933871950645,-0.14401290315435777,-0.275373174233978,0.07089691258272268,1.1533202166476182
1627747,2886.0375000000017,-0.042071996701530404,0.614904421220854,0.5728324245193235,0.005602114423172855,0.38249174874436986,0.6316802010028535,-0.0799491587517544,0.8137261903488827,0.7337770315971283,0.005726549961770028,-0.004485386751043957,1.1101360276016028,-0.06889164099443522,0.8349501017800967,0.7660584607856614,0.005780010129764555,0.03130004258411147,1.156953671183726,Caris LeVert,DET,0.4427030546141422,-0.04750630814981094,0.3951967464643313,0.16094460707780478,-0.03228142918853316,0.1776356780549922
1629628,4220.3583333333345,1.8419160663159615,-1.2933943139823492,0.548521752333612,0.0008773469488197718,1.359613598227544,-0.5450814948463854,1.751270299956536,-1.0252933262723953,0.7259769736841408,0.0008578247978316293,0.931485736671994,-0.09181308996067081,1.7615394032115899,-1.0577053007952621,0.7038341024163274,0.0008603644645074428,0.9694280150390174,-0.0776012279142554,RJ Barrett,TOR,0.3744464359188257,-0.6280606816919924,-0.25361424577316666,0.17745522135052882,0.022142871267813447,0.8021359981067786
1642884,36.195833333333326,-0.44635548898029204,1.6525128026109868,1.2061573136306951,1.5150496782744972e-05,-0.6898690401516832,1.5334159535054201,0.3454325162028273,0.37830633712798606,0.7237388533308133,1.430243031112561e-05,0.13144396114798626,0.2407352437609566,-0.5963284239664877,2.0938457307100142,1.4975173067435268,1.4692176397464263e-05,-0.8266941594495306,1.9650435558633466,Vladislav Goldin,MIA,0.04352234732611884,-0.0209634949612863,0.022558852364832543,-0.4824184602998818,-0.7737784534127135,1.1835984612658625
1642950,859.845833333333,0.8063051002183366,1.3445620591134897,2.1508671593318267,0.00047603166479600164,0.09273548946807553,1.2206387592262966,0.20633161877431233,0.5105278849754483,0.7168595037497606,0.0004675809032837144,-0.6391453104691325,0.2801059399576843,-0.04791585522519151,0.5187807209539568,0.4708648657287652,0.0004724595852457962,-0.8842109771835117,0.4168376873432503,Lachlan Olbrich,CHI,-0.18648843649169017,-0.19525303502631422,-0.3817414715180044,-1.4340076555820662,0.24599463802099542,2.5326086308498312
1642878,1416.0500000000009,0.6366480294748206,-1.2941583658745335,-0.6575103363997127,0.00046443281665759867,0.7653435146626898,-1.4074197813710183,0.738355568575844,-0.02623195400086013,0.7121236145749841,0.0004509509084688552,0.8251640943956785,0.2023407030880263,0.8339529833306394,0.029335208321981936,0.8632881916526213,0.00046081575414407537,0.987907985991579,0.2385247611407051,Tyrese Proctor,CLE,0.8914479501013444,0.11923441043871053,1.0106823605400548,1.3696339509746966,-0.1511645770776372,-1.6681926969397676
1641869,897.0500000000004,1.0123504828078547,-0.14962487788490889,0.8627256049229459,0.00045347326407566436,0.8534360253442228,-0.06617128967070351,0.5092625313440067,0.19970436824042256,0.708966899584429,0.0004448541826839355,0.3409670296324221,0.43915707022822026,0.46562186982893516,-0.38973996472755196,0.07588190510138315,0.0004454696096851256,0.28636652934092843,-0.2962933141562389,Malachi Smith,BKN,0.4364512679354588,-0.2967355246324279,0.13971574330303088,-0.15375870533851688,0.6330849944830459,0.723009861619915
1641794,100.44166666666666,1.0347722807620028,0.6775488276376682,1.7123211083996703,0.00039610749685714867,1.6828570110700674,0.6484968264914108,0.21093125370988358,0.49646684479400777,0.707398098503891,0.0003790502577020451,0.6911280891406022,0.3599414472520418,0.9076556264230362,1.336575498363825,2.244231124786862,0.0003781294471334325,1.5926860293545724,1.4291047814514943,Dillon Jones,NYK,-0.04573774427866731,-0.19502161124573544,-0.24075935552440275,-1.0049230098957793,-1.5368330262829708,1.953080463924073
1630551,3491.008333333335,1.6007954589566147,-1.1547835626286045,0.44601189632801075,0.0010868252064607266,1.0014954501023858,0.3252916966064513,2.0556288855363603,-1.3506739743493892,0.7049549111869707,0.0011341549860428683,1.7775326327030239,0.16395562095527452,2.0454539885098026,-1.330176315070457,0.7152776734393455,0.0011478562938441576,1.8054049259928848,0.15286109599573733,Justin Champagnie,WAS,1.4359424416579534,-0.9312056074204642,0.5047368342374892,0.25894301485896,-0.010322762252374718,-0.058724937909478414
1642866,785.3291666666669,1.2113568798980636,-0.6809229988616256,0.5304338810364381,0.0010989536653242692,0.3168455528381201,0.1649399685517544,1.4542438657090648,-0.7565411443714446,0.6977027213376205,0.0010997924857526868,0.6402208114970256,0.1830779819939535,1.5838731174556782,-0.7017614018450519,0.882111715610626,0.0010966558566755172,0.8598762806183,0.24109438896111418,Joan Beringer,MIN,0.7809950766164175,-0.43782200033214325,0.3431730762842743,0.1672688403011824,-0.1844089942730055,0.18726080475216378
1627746,87.45833333333337,3.0520612451269598,1.7283382667962495,4.780399511923209,0.00015372982609015818,3.0380414980770243,1.6673534996558568,0.3065906089930114,0.39061766343867516,0.6972082724316865,0.00015334057810022336,0.293908082420243,0.2749054566003154,-0.934768476112008,0.24115708736189906,-0.693611388750109,0.00015326735872378674,-0.9675571882014885,0.09863246079492781,Skal Labissiere,WAS,0.10342073107964372,0.05196291203412262,0.15538364311376635,-4.083191239491522,1.3908196611817956,4.6250158688094425
1642914,1993.5625000000005,2.445967831036659,-2.347325861542448,0.09864196949421122,0.00038617551280951625,1.5844805451961999,-1.070806799083736,2.2504392573543353,-1.5587904032398243,0.6916488541145106,0.0003871798970754839,1.2442718422672874,0.14633952365124953,2.322616344130157,-1.576985714026131,0.7456306301040254,0.0003864526545021366,1.3775844085483364,0.08390673493477034,Javon Small,MEM,1.4246945723182405,-0.972798801221938,0.4518957710963025,0.5930068846202994,-0.05398177598951481,-0.3532538016020913
1642490,204.41666666666666,3.12205311646951,-1.5376599063995844,1.584393210069925,0.00025106691144528734,2.125093379915625,-0.7665768054306392,1.5379565995139868,-0.8481380308959968,0.68981856861799,0.00025233798497041214,0.515794140795575,-0.06575599892172171,1.6002180113010311,-1.6945619198199366,-0.09434390851890515,0.00025175429887537473,0.5411567744246396,-0.9890132684511309,Josh Oduro,NOP,1.0998714703281764,-0.6202880482427946,0.47958342208538185,-0.894574641451935,0.7841624771368951,1.104809787984543
1631127,70.70833333333333,1.682682204855088,-2.8618188655325167,-1.1791366606774285,0.00014442266975569373,1.4975214819489087,-3.093042943040029,0.46880911606383036,0.21082250615623507,0.6796316222200655,0.00014173701641640856,0.27310098218841206,0.04053311864673295,1.101775684105133,-1.2483232266807347,-0.14654754257560199,0.00014532021920081028,0.9536845873004324,-1.4394407586805822,Harrison Ingram,SAS,0.27765486041373255,-0.17772493442686713,0.09992992598686543,1.8587682828974939,0.8261791647956674,-1.2790665866642938
1630643,4243.358333333332,-0.6709860175630958,1.6068974464352928,0.9359114288721964,0.000896354104092152,0.8965049813154972,2.071525109864749,-0.6551970164410512,1.3308420155818248,0.6756449991407735,0.0008982746598405156,0.667058924522995,1.4968606864078626,-0.647764920932534,1.3112895443378112,0.6635246234052771,0.0008788332048000634,0.6982443662674324,1.44728615676684,Jay Huff,IND,-1.3251330195215651,2.0076633728987687,0.6825303533772036,-0.2602664297314229,0.012120375735496403,0.2533810754949928
1631255,2268.975,-0.6167469490548336,0.7089979891046563,0.09225104004982262,0.0008187392528225768,0.5017291199537923,0.43020532950336565,-0.4877298674361751,1.162913731394908,0.6751838639587329,0.0008332722132134722,0.7474895666945213,1.1937571764980255,-0.5039861097901783,1.2504964630295352,0.7465103532393565,0.0008429916180557541,0.7889290789707107,1.216320505073584,Karlo Matković,NOP,0.08566821887339704,1.3380986919169664,1.4237669107903634,0.5829328239089102,-0.07132648928062368,-1.3315158707405408
1629023,4261.758333333331,0.32208476654211665,0.6521663193066007,0.9742510858487178,0.005861472729828247,-0.23661477654858787,0.6168640995710339,-0.0472289699527618,0.7214449025406326,0.6742159325878709,0.005830901855304707,-0.780480613582379,0.8006936850514862,0.02422255732178786,0.5976347537922945,0.6218573111140823,0.005828157599784902,-0.7433437689471075,0.763011023765134,P.J. Washington,DAL,-0.6745655186979639,1.07989880567906,0.40533328698109605,-0.30003515326084684,0.05235862147378867,0.5689177988676217
1631133,1873.7125000000003,0.37700380428712765,-0.08022563558716853,0.2967781686999592,0.001250786405631991,0.09134368530578918,-0.48041645353279355,0.5435954654207182,0.11877783973842579,0.6623733051591439,0.0012469914199237729,0.4206347614000545,-0.03516808345989811,0.7425439360911719,0.0396060491109757,0.7821499852021475,0.0012630428000510589,0.4656693334988977,-0.1050074779378909,Jabari Walker,PHI,0.5502871926599113,-0.3679014799189162,0.18238571274099513,0.36559513645918473,-0.11977668004300357,0.11439245595896408
1642959,462.7291666666668,0.9467065972867104,-0.39323235497413017,0.5534742423125801,0.00013293530143062722,1.2837711730431756,-0.6185668813694922,0.2343984650281037,0.42084118431088663,0.6552396493389901,0.00012804020311429993,0.5407376036036441,0.22204438960811532,0.37847440914422437,0.6388972705864244,1.017371679730649,0.00012284674192423287,0.6753407447869227,0.4858686140459774,Chris Youngblood,POR,-0.12058596296405986,0.12548249923230959,0.004896536268249721,0.10176540702641002,-0.36213203039165875,0.5485777060443304
1629639,2505.8833333333337,0.9852527253455488,-0.2513075004813081,0.7339452248642406,0.001075134797355158,1.7768716554480095,-0.7409368284924791,0.8949173837709818,-0.24495085125370192,0.64996653251728,0.0010542924327739801,1.4745572439193846,-0.7576673265107167,0.8676783221710712,-0.3823323493658703,0.485345972805201,0.001052124427730577,1.5298385435925153,-0.8835362619368162,Tyler Herro,MIA,0.7838961958345729,-1.3457339474402912,-0.5618377516057182,-0.08397869234696065,0.164620559712079,1.2957829764699589
1629216,2242.3624999999997,0.3619415994576288,0.12122610091881661,0.48316770037644535,0.002927622377080894,0.14586752783886892,-0.34116500856827064,0.3084120257007318,0.3393494605785838,0.6477614862793156,0.0032427092719750565,0.03564685842765644,-0.01278208474423742,0.3458414719272088,0.310823438079298,0.6566649100065068,0.003902848134335568,0.03812604551128908,-0.14165301425663968,Gabe Vincent,ATL,-0.42683695404091937,-0.3879995456485069,-0.8148364996894263,0.16459378590287027,-0.008903423727191218,1.2980042000658716
203924,4228.129166666669,1.5376003884040308,-0.829965413571258,0.7076349748327725,0.0022288466200210545,1.8995857901553017,-0.6926889758130983,1.4304091645307178,-0.7833801208436232,0.6470290436870945,0.0022033799803073796,1.3082896230692564,-0.6882843682989475,1.409865471376817,-0.8002908576732507,0.6095746137035661,0.002246670775653514,1.3366991581263719,-0.6470764107815438,Jerami Grant,POR,0.6122154705051903,-0.4165993235171786,0.19561614698801172,-0.06060593114567803,0.037454429983528326,0.5120188278447608
1631207,1320.7499999999984,-0.16820168257759596,0.9848369182429968,0.8166352356654005,0.004819656457144101,-0.20386607029590453,0.9081669921312678,-0.3427777310556151,0.9781596275787775,0.6353818965231627,0.004764051974771478,-0.4954028153487009,0.992553554176857,-0.3898028602255833,1.11163181283595,0.7218289526103665,0.004777243674509283,-0.5826415892891207,1.2887460906541706,Dalen Terry,PHI,-0.8109139319287946,1.2402200152313214,0.42930608330252684,-0.18125333914223785,-0.08644705608720382,0.3873291523628737
1630183,5790.833333333341,-0.11417635446338033,0.9271312333198573,0.8129548788564769,0.003083555873528236,0.5384391748411457,0.5250557509567397,-0.40416216323067083,1.037159342783468,0.6329971795527971,0.003088233619495281,-0.4438478964244501,0.9270733991301107,-0.37457148776681526,1.0124332905630447,0.6378618027962293,0.0030896518942777353,-0.3629166551176749,0.7895223412614388,Jaden McDaniels,MIN,-0.07902196048851362,1.0237581510623244,0.9447361905738108,-0.17995769930367977,-0.004864623243432176,-0.13178131171733387
1628970,5895.704166666664,0.688176256220482,0.053673890721019336,0.7418501469415014,0.005265196591131437,1.6350869054039134,-0.3206220083072046,0.6745219821212225,-0.046782333583006055,0.6277396485382163,0.005275257850501134,1.2476288613841677,-0.29547483014180786,0.7655426055758492,-0.018638672384086317,0.7469039331917626,0.005267600767378161,1.2644143721625414,-0.2493572226749613,Miles Bridges,CHA,0.765751212218378,-0.2442653336746478,0.5214858785437302,-0.11411049840328513,-0.11916428465354634,0.22036426839777123
1641801,82.62500000000001,-0.043040037564580205,0.07100637898513447,0.027966341420554274,0.00015396071652529122,-0.01223813152075226,0.21879139516459262,0.47853875988289,0.14171782378865266,0.6202565836715428,0.00015422981360464972,0.5411762345781768,0.2879517365115093,0.7041500719357677,0.9655567920932444,1.669706864029012,0.00015386584333963352,0.7727818609365198,1.118320284787171,Emanuel Miller,CHI,0.36661488411272497,0.015302559720689779,0.38191744383341475,0.5922902422509885,-1.0494502803574692,-0.3539511024128605
1642377,4486.237500000005,2.0377013528217502,-1.0057015913164553,1.031999761505295,0.0006085549202753934,0.8504457499438453,-0.2764459827622627,1.8919206251138436,-1.298112396292883,0.5938082288209603,0.000604344748331478,0.17654465761835023,-0.7675079952203024,1.9448043921364166,-1.5756897118067594,0.3691146803296568,0.0006159554464188128,0.21373141323087047,-0.7378943055186105,Jaylen Wells,MEM,1.1245387282112185,-0.7268348326663718,0.39770389554484664,-0.43819153268433464,0.22469354849130352,0.6342958659604483
1630180,5541.1750000000075,1.521430855535028,-0.8434746534836945,0.6779562020513333,0.012386976029868676,1.9238881574533706,-0.8695442840076713,1.4988283934982343,-0.9101762672637982,0.5886521262344361,0.012395628062207682,2.095824918584144,-1.0900668367518815,1.4180917887829627,-0.8862882960920319,0.5318034926909309,0.012358366356288246,2.082227894814214,-1.0106984903601741,Saddiq Bey,NOP,1.6297192617242864,-2.1710820347718616,-0.5413627730475752,-0.08930407581689725,0.05684863354350522,1.2193189750989086
1630699,478.82083333333287,0.7822908255095632,-1.0283827933716907,-0.24609196786212778,0.036142696912548504,0.649001805816241,-0.8115249528160027,0.4885147517233087,0.09605769477556372,0.5845724464988725,0.03611705704963507,0.3233461561953356,0.620374205121491,0.541566122370819,0.36516852350573314,0.9067346458765521,0.036115690535364176,0.3728979619096253,1.0272030949769961,MarJon Beauchamp,PHI,0.14709666822184542,0.6618764335698836,0.808973101791729,0.8306644143610002,-0.32216219937767954,-1.0550650696538568
1643047,100.99999999999999,-0.05756581510048958,-1.159345882046614,-1.2169116971471041,7.704514837187058e-05,-0.20892716968380043,-1.2161963309600365,0.5011924199335203,0.03804332835156719,0.5392357482850876,6.625481458253943e-05,0.34152652517625515,0.03524015401981445,-0.027109167304640136,-0.6482582786942984,-0.6753674459989386,9.01833563437978e-05,-0.16881783508257653,-0.6258410869616763,CJ Huntley,PHX,0.39581063166113467,-0.238132599706428,0.15767803195470667,1.7561474454321917,1.214603194284026,-1.3745897291018108
1631200,3291.7750000000037,-0.919157364437216,1.2890683445351852,0.369910980097969,0.00036087298993304313,-0.06202544225795836,-0.022953559793192746,-0.9495566538248967,1.4762386261159208,0.5266819722910241,0.00035437283200016737,-0.08205671832238329,0.4269336701098836,-0.8386449753328981,1.4301069255257033,0.5914619501928051,0.00035721036248510633,-0.057991921340340466,0.4363629749828069,Kris Murray,POR,-1.381772078270595,0.9306393073581943,-0.45113277091240056,0.15677099219305507,-0.06477997790178103,0.8210437510103696
1641809,160.67083333333338,-0.029213067144114528,1.2239160901035988,1.1947030229594842,0.0003126399550632616,0.15661481710888808,1.2770063423138809,-0.19572696760735714,0.7135717477589639,0.5178447801516067,0.0002799721479609854,-0.010862106150666212,0.6836887583342287,-1.2853158492328778,2.171281348026848,0.8859654987939706,0.0002878904236994351,-1.2232425901597592,2.323791184147522,Drew Peterson,CHA,-0.1209071366087087,0.5930782679149881,0.47217113130627936,-0.6768582428078774,-0.36812071864236384,0.7225318916532049
1642863,986.0291666666667,-2.2709357933416934,1.3007570043146508,-0.9701787890270431,0.0007209859189114307,-1.9317122308323453,-0.21945631546228422,-1.2244863825501044,1.737144108761037,0.5126577262109331,0.0007559823074887839,-0.7818100579418166,0.516480128376637,-1.463603484843431,1.7805112227171294,0.3169077378736983,0.0006473722244353757,-1.0467556012547394,0.6832230940441268,Khaman Maluach,PHX,-0.9522750043172292,0.5578366078190256,-0.39443839649820367,1.482836515237976,0.19574998833723478,-0.5757403925288395
1630182,2235.3208333333355,-0.2892270380315224,1.01497313329993,0.7257460952684076,0.002398914312523882,1.0652135978046018,-0.12982870333214197,-0.5749204049145025,1.081157409447651,0.5062370045331485,0.0015031981605332732,0.45563903896865676,0.05655158692225537,-0.5743099882019691,1.0658465309006062,0.4915365426986374,0.0014268971390206846,0.46905257801536027,0.0043711366858938255,Josh Green,CHA,-0.16351173704866045,0.4600435481572154,0.2965318111085549,-0.21950909073525915,0.01470046183451107,0.4292142841598527
1631128,3403.4750000000054,0.4138636723330767,0.592388090486917,1.006251762819994,0.0012305025787744158,1.2250286768646714,-0.4043684889324149,0.037391116263750614,0.4600359465367266,0.49742706280047716,0.0013559006022191673,0.25705491332074026,-0.9686888048454784,0.055427148427816895,0.43023238929959395,0.48565953772741094,0.0013504415027853762,0.3077313915017529,-1.00233639991739,Christian Braun,DEN,0.4556034150152792,-0.08555619113597285,0.37004722387930633,-0.508824700019517,0.01176752507306622,0.6362045389406877
1631216,188.66666666666666,0.2710893898069612,-0.3106825979824416,-0.03959320817548041,0.004686757815732484,2.297956618181754,-2.1442359380244804,-0.7073157794011399,1.2044283838641199,0.49711260446298,0.004680777278047488,0.787348028651234,0.06689595090540054,-0.29791675974002146,0.10684535033693901,-0.19107140940308248,0.004673128804336419,1.4253102993742994,-1.5909719465635663,Caleb Houstan,ATL,0.13893976248812107,0.04638593782363204,0.1853257003117531,0.5367058126384604,0.6881840138660624,-0.2249189084872335
1641710,4848.000000000004,-0.8574925323359892,1.5627117148599987,0.7052191825240092,0.007235884762061353,0.43543991483857436,0.5242854715279792,-0.7147572963832267,1.2039681916191194,0.48921089523589256,0.007201350252297822,0.15290522165374995,-0.10594413717001253,-0.8780442219409608,1.217140192340945,0.3390959703999842,0.00718911871155823,0.2167286809683156,-0.10300539252757913,Anthony Black,ORL,0.3181303210569419,1.005801511549735,1.323931832606677,-0.2160082872881166,0.15011492483590838,-0.6187126500826677
203967,103.12083333333334,-2.118427804577634,-0.6043555679931693,-2.7227833725708033,0.003328576282390774,-2.6170489542385464,-1.8422012993267813,-0.38949273051558114,0.8694949187146126,0.4800021881990313,0.00333378487639699,-0.03126899846898948,0.3326780496704721,-2.2658201677018397,0.3417649810171993,-1.9240551866846403,0.0033365261124043083,-2.840069284582866,-0.43647464712400147,Dario Šarić,SAC,-0.15917895211602154,-0.29781072507663564,-0.45698967719265715,3.2027855607698346,2.4040573748836715,-2.265793695378146
1631116,256.1791666666667,-0.30951784679090444,0.8053105404509158,0.4957926936600113,0.0011444629257254108,0.31077149681805594,0.16699091227086127,-0.5832577646118771,1.062608206066525,0.47935044145464795,0.0010222611160006548,-0.04329661069406379,0.47671721415637214,-1.2276995147096723,2.1325567729508688,0.9048572582411966,0.0010690978132815812,-0.7996798010270899,1.8101874713977892,Patrick Baldwin Jr.,SAC,-0.30771154204934503,0.8326442106268456,0.5249326685775005,-0.016442252205363328,-0.4255068167865486,-0.029139974917489264
1642449,343.60416666666663,-1.0912013050903078,0.8779814061292506,-0.21321989896105747,0.0005373488074114983,-0.8321544974382742,0.3251668895394374,-0.2296895733806869,0.7066496038941141,0.4769600305134274,0.000548750729442594,0.15028933652585055,0.18609781541108614,-0.5838668259113989,0.6848111410493039,0.100944315137905,0.0005598811546027436,-0.23757392344783068,0.17956219013931207,Tolu Smith,DET,-0.10634933487562698,0.2594529765512701,0.1531036416756431,0.6901799294744848,0.37601571537552236,-0.3663235406367006
1642918,364.03749999999997,-2.083262946369296,0.14835943691476744,-1.934903509454529,0.0004097238502070969,-1.8182196279514558,-0.15206570179042428,-0.28493848395176263,0.7602793584299965,0.47534087447823375,0.0004068488517905985,0.16770911185407536,0.49444835611595084,-0.44900984545218536,1.2405053883007349,0.7914955428485498,0.0004072710293714,-0.01530817518323356,1.0596643307254554,Alijah Martin,TOR,0.4575555769417525,0.39642817040031064,0.8539837473420631,2.410244383932763,-0.3161546683703161,-2.788887256796592
1642276,4178.891666666664,0.6009579462133499,-0.26889220000763775,0.3320657462057121,0.0015385792516886688,1.2540512239394,0.9889759826895916,0.9757190752410733,-0.504489277753396,0.47122979748767735,0.0012224057520522813,1.5450466180227758,0.8251734372335996,0.8987206648002978,-0.5368715593376331,0.36184910546266447,0.001197512244859778,1.5261844632899624,0.7629688742532699,Kel'el Ware,MIA,1.1898534227537332,-0.06615225325796736,1.123701169495766,0.13916405128196524,0.10938069202501288,-0.7916354232900538
203114,3589.924999999998,2.2233027140618242,-2.143564132510536,0.07973858155128813,0.00914807078777316,0.229390867777177,-0.35353027000204823,2.2167203032962997,-1.7482507768203894,0.4684695264759099,0.009152003185483055,0.23154541697786937,0.7877117685779876,2.201812843995437,-1.744409905130981,0.45740293886445677,0.009146237861537109,0.2851734968253419,0.766840572706266,Khris Middleton,DAL,1.019863726258345,0.2288828546293945,1.2487465808877394,0.3887309449246218,0.011066587611453127,-1.1690079993364513
1642468,6.666666666666667,-19.987202925646407,-1.1271097597832465,-21.11431268542966,7.416571785673319e-06,-20.066882912479528,-0.9757899679429012,0.3776111238442959,0.08472731721131085,0.4623384410556068,7.450917746674422e-06,0.3526278743957756,0.21701703162475391,-8.417675973682247,1.1832387155622364,-7.234437258120009,7.403555664403938e-06,-8.45508230227969,1.314727980192203,Darius Brown,CLE,0.29294885320104197,-0.12469017393411341,0.16825867926692856,21.576651126485267,7.696775699175616,-21.282571364696587
1630249,3424.491666666669,0.21768466065251837,0.5316285758398966,0.749313236492415,0.006293615708795114,1.2687215433195704,0.06725582975842867,-0.052294512059105056,0.5125525588999974,0.4602580468408923,0.006289800179383459,0.4828522710864247,0.12184899735805635,-0.05199699317917461,0.48752063206364893,0.43552363888447426,0.0062858712094795155,0.5310269101873631,0.11262920201453093,Vít Krejčí,POR,0.1493068351684224,0.07542628453065597,0.2247331196990784,-0.2890551896515227,0.024734407956418014,0.5245801167933366
203484,2718.8958333333303,-1.6615221421770738,2.3014366790162653,0.639914536839191,0.0037185219700062127,0.7540086815708598,0.08597715108086404,-1.733545962818321,2.190287708855094,0.45674174603677287,0.003716715822746873,-0.05901846716934547,-0.44106775477323323,-1.8475826605331165,2.129976227294785,0.28239356676166866,0.0037149071139656042,-0.05659594357955987,-0.6001359919490858,Kentavious Caldwell-Pope,MEM,-1.01149470592922,1.0115227239393598,2.8018010139740923e-05,-0.1831727908024181,0.1743481792751042,0.6398865188290512
1642911,91.20833333333334,-2.0523934327512903,1.8252530403580611,-0.22714039239322928,0.00020585760378761094,-2.2949859311360936,1.9382959199701641,0.6271195617164123,-0.17931937630900002,0.44780018540741207,0.0002059521399010075,0.46084243599128183,-0.1153413569623555,1.2024957147227622,0.5586652303841839,1.7611609451069459,0.00020416477329534175,1.0920367381316425,0.6384317180856682,Rocco Zikarsky,MIN,0.6297586016092629,-0.6348349025468754,-0.005076300937612466,0.6749405778006413,-1.3133607596995338,-0.2220640914556168
1631457,58.958333333333336,-0.2436813543509984,-3.934675207577741,-4.178356561928739,9.634222207565514e-05,-0.4111708647328385,-4.210708205789629,0.012907554582673533,0.4320297868127504,0.44493734139542385,9.378215814626886e-05,-0.10125481663038596,0.20020909607476997,-4.16326252680396,-2.3247873422655605,-6.4880498690695205,9.386586256897188e-05,-4.356694765692866,-2.5710283084171692,Alex Morales,ORL,-0.12555147917582946,0.10985232382793308,-0.01569915534789637,4.6232939033241625,6.932987210464944,-4.162657406580843
1642967,634.3374999999996,2.1395909855328075,-0.9014418963581943,1.238149089174613,0.00523942667001515,1.3419912348071823,-0.48239575758267245,1.465168678569901,-1.0206367687990674,0.44453190977083323,0.004865146243924975,0.5772964710954824,-0.48290543478863124,1.5832683081826677,-1.4851451482591005,0.09812315992356728,0.005182785867379091,0.6883050924621844,-1.2318486407494644,John Poulakidas,DAL,0.9184604737422686,-0.8821465475127706,0.03631392622949803,-0.7936171794037797,0.34640874984726594,1.201835162945115
1643060,61.875,1.937625668090313,-3.1906390538292677,-1.2530133857389547,7.461144736876219e-05,1.7594874559236398,-3.034954892469626,0.6179691934689647,-0.18451625298204338,0.43345294048692146,6.792835252740662e-05,0.42818080674300707,-0.02933810681378965,1.2068173393721573,-0.9298514041354771,0.27696593523668056,9.585037552785416e-05,1.0027336024073985,-0.7850555272097329,Hayden Gray,UTA,0.4843502903935832,-0.3448982888343696,0.13945200155921356,1.6864663262258761,0.1564870052502409,-1.3924653872981683
1641732,17.041666666666664,2.971893816051272,2.0206073874997283,4.992501203551001,0.0002536001559686978,4.541546242639972,1.504939075213291,-0.2747324242051228,0.7024117787845015,0.42767935457937867,0.0002478492984347719,0.6791735341383408,-0.056378492985539014,2.2949917016650163,-2.0859451456527376,0.2090465560122789,0.00024854244715484975,3.762108887914936,-3.473864908326026,Colby Jones,DET,0.025603476621274185,-0.14699173623601036,-0.12138825961473618,-4.564821848971622,0.21863279856709977,5.113889463165737
1642273,3489.949999999997,-0.07733903055610361,0.7571164191178197,0.6797773885617159,0.0012024074048878192,0.49079125298849835,0.38824612204732895,-0.2465470993555662,0.6669178479889729,0.4203707486334068,0.0011981062871482208,0.017398707590896206,0.4297213538781708,-0.23089081327554353,0.6477075662697167,0.4168167529941732,0.0012111620410511822,0.0756419250520275,0.4034999225880567,Kyshawn George,WAS,-0.9293605504341098,0.36449093534473864,-0.5648696150893712,-0.2594066399283091,0.003553995639233587,1.244647003651087
1626204,1171.591666666666,-1.6872180993233197,2.0820788267334978,0.39486072741017786,0.0031323563244409916,-0.24137817020743968,1.3585888618483883,-1.5717571457452832,1.989020138834346,0.41726299308906273,0.0031242384630463353,-0.35568322009884024,1.1884749296540282,-1.7314802112672063,2.0978959058586364,0.36641569459142936,0.0031215012188682716,-0.5866248684177141,1.372925588078202,Larry Nance Jr.,CLE,-1.4567435142731076,1.438426734666805,-0.018316779606302624,0.02240226567888487,0.050847298497633364,0.4131775070164805
1626171,4071.6749999999993,0.056183009328000556,0.4761788974498732,0.5323619067778738,0.009655014165888338,0.7001184806930061,0.1159646969418931,0.20350223771250403,0.2082957480692152,0.41179798578171917,0.009657042627436895,1.0991885630997933,-0.0900364246669347,0.1662715635961715,0.19754553381168066,0.3638170974078522,0.009682894758132228,1.1140026384729265,-0.018714813329694865,Bobby Portis,MIL,0.7278967747032608,-1.0090181445133641,-0.2811213698101034,-0.1205639209961546,0.04798088837386699,0.8134832765879771
1631094,6269.237500000006,1.1793281292969904,-0.42926256368198307,0.7500655656150076,0.012088790469639017,0.7508490744477184,-0.5157071135340643,0.8531490869715187,-0.4505133869058907,0.40263570006562793,0.012099814505706076,0.5286180708531184,-0.33747239354288805,1.0668398176094844,-0.31093995132436636,0.7558998662851181,0.012140461954004408,0.597013785440982,-0.25688875621687857,Paolo Banchero,ORL,0.26350562912015235,-0.9184622262752924,-0.6549565971551401,-0.34742986554937966,-0.35326416621949014,1.4050221627701478
1641824,5551.245833333333,1.9577512264278147,-1.2430909986990168,0.7146602277287973,0.0023814824917670154,0.516094425715859,0.04849923080568272,1.815251960042038,-1.4151054645166485,0.40014649552538967,0.002308953627392451,0.3071641789125258,-0.04703698941050807,1.8184890247044023,-1.430381791439403,0.3881072332649993,0.002252613029714586,0.3322953321413623,-0.08398838649102376,Matas Buzelis,CHI,-0.15323390633820533,-0.15019739639190596,-0.3034313027301113,-0.31451373220340767,0.012039262260390371,1.0180915304589087
203903,3165.3208333333314,0.42281133757878225,-0.39147262165894614,0.031338715919836,0.007005931773974444,0.8918038973072148,-1.1489475554261759,0.37362506181918465,0.020108262043073918,0.39373332386225857,0.006998295733397633,0.5253622727433713,-0.19220619734258068,0.3596834096244738,-0.0571587409285698,0.302524668695904,0.006987456690521832,0.5729623775398887,-0.2698321145456149,Jordan Clarkson,NYK,1.5693913471830092,-0.07005214271343657,1.4993392044695726,0.36239460794242256,0.09120865516635457,-1.4680004885497366
1629618,2061.491666666666,-1.4805247994161654,1.2931232206793744,-0.18740157873679122,0.002052879550686461,-0.44265851703992287,-0.9481283372663785,-1.3733130261801243,1.7488217212277068,0.37550869504758255,0.002007957279033712,-0.35709350032403153,-0.09727552151121097,-1.4133998239560364,1.6417099363700207,0.22831011241398436,0.0019966414197586466,-0.38551344998977644,-0.1133352146288485,Jalen Pickett,DEN,-0.6241476011062546,-0.5650865780767751,-1.1892341791830296,0.5629102737843737,0.1471985826335982,1.0018326004462383
1629060,4802.524999999999,0.4345728160434046,0.2862296953139635,0.7208025113573682,0.0027074064310199644,-0.27953293426489123,-0.7189642897411248,0.31360276634706913,0.056123862195165,0.36972662854223415,0.002783333066845047,-0.4190632175588851,-1.1101415868146085,0.31151711587971037,0.14443520215279487,0.4559523180325053,0.0028579152050526592,-0.39632451369439525,-1.033827021849002,Rui Hachimura,LAL,-0.33279417617229656,-0.7934847911002603,-1.1262789672725568,-0.351075882815134,-0.08622568949027115,1.847081478629925
1630214,459.69583333333344,-2.6220197169009474,2.261990058677288,-0.36002965822365984,0.0007283578798815434,-0.6910098926324388,0.928248144812065,-1.9217066937270615,2.277558041859599,0.3558513481325379,0.0007342739959552168,0.2545802538145907,0.9291937806646494,-2.1018446970413307,2.8599706000403176,0.7581259029989879,0.0007582253808867834,0.12725596724396748,1.8258265226528185,Xavier Tillman,CHA,-1.0305196475936613,1.617927845267825,0.5874081976741636,0.7158810063561978,-0.40227455486645,-0.9474378558978235
1629021,1041.1958333333337,0.0009229961114863544,0.14032081511451336,0.14124381122599966,0.012138667050415114,-0.346801349330114,0.6456045980922479,0.044922012759326134,0.3103123110063941,0.3552343237657203,0.012090340483725355,0.13189612275022708,1.0395518532449917,0.17024041992869388,0.570829721814653,0.7410701417433467,0.012225967301522263,0.00528136533781888,1.3971848427583349,Moritz Wagner,ORL,-0.32758050567413743,0.48646847982942276,0.15888797415528533,0.21399051253972062,-0.38583581797762645,-0.017644162929285667
1643018,688.508333333333,0.5504831120768175,-1.1792083216584832,-0.6287252095816658,0.00027519548084540857,0.9146658727509512,-2.455308802287557,0.11072386744333618,0.2441955510376447,0.35491941848098085,0.00028235537382662154,0.39411300787152936,-0.7918491471399335,0.1468136773500605,-0.6605707807509542,-0.5137571034008936,0.00028715832772937893,0.40942614078090456,-1.848986423538849,LJ Cryer,GSW,0.206464145277528,-0.9739172503726929,-0.767453105095165,0.9836446280626466,0.8686765218818745,0.13872789551349918
1631211,35.345833333333346,-1.8459292190831242,-1.2369445214190145,-3.0828737405021385,1.6522258368667205e-05,-1.9444396676798692,-1.2030948495046874,0.39600440120791824,-0.05868422925867987,0.33732017194923836,1.5508865103636864e-05,0.33175446476460013,-0.03692809968106911,-0.19602870257353278,-0.3848386045300842,-0.580867307103617,1.5899861584255094e-05,-0.27547984164285133,-0.3564686906498789,Trevor Keels,MIA,0.08119899553186039,-0.32200690483861494,-0.24080790930675455,3.420193912451377,0.9181874790528554,-2.842065831195384
1642948,2912.9916666666645,-0.06452685787362904,0.39920944166658334,0.33468258379295435,0.001130217166759385,-0.181958421594537,-0.8075783804131755,-0.4328659315809145,0.7659431437596828,0.3330772121787683,0.0011703286405055505,-0.9332782301698297,-0.11951552160916348,-0.41979586769711685,0.9088423035013731,0.48904643580425616,0.001314832475501632,-0.9189237163401339,-0.11007936586702778,Ryan Nembhard,DAL,-0.9381192280884987,-0.6096072523854934,-1.547726480473992,-0.0016053716141860574,-0.15596922362548787,1.8824090642669464
1642404,634.5125,-0.9481850393087481,-1.2953165859584983,-2.243501625267246,0.0074667841650123785,-0.7178649357272568,-1.6213712133715599,-0.29036836102001523,0.6190794883424804,0.32871112732246527,0.007464008806793965,0.07295197137364781,0.5557533669041742,-0.364233736628068,1.3835822273132714,1.019348490685203,0.0074637578844579345,-0.04975573050602243,1.439940689292802,Chaz Lanier,DET,-0.19910109995244415,0.3937588297567133,0.19465772980426913,2.5722127525897114,-0.6906373633627378,-2.4381593550715155
1628975,2107.895833333332,-0.15122290838861507,-0.09463586168683666,-0.2458587700754517,0.009151333386093249,0.3828267791507778,-0.0718549772764841,0.09579804224346737,0.2318924225339468,0.32769046477741415,0.009265626009835663,0.9144370098662755,0.6987110019395042,0.10321123148978899,0.16578357350027667,0.2689948049900656,0.009302111700617219,0.9481275161756312,0.6760176849910382,Jevon Carter,ORL,0.6232727392615134,0.07713510413338764,0.700407843394901,0.5735492348528659,0.05869565978734853,-0.9462666134703528
1627824,2462.5583333333357,-0.4823801111285725,0.7482819462703031,0.2659018351417305,0.0010305643259709586,-0.21344438770808394,-0.0754041683392161,-0.43576811789255243,0.7632841087439461,0.32751599085139377,0.0010187779208180104,-0.08688918568916884,0.32820231329279703,-0.45527836324238224,0.7548969825275363,0.299618619285154,0.0010333264868705885,-0.09775674645263642,0.3165642512773654,Guerschon Yabusele,CHI,-0.21052936094880836,-0.5824473471229805,-0.7929767080717889,0.061614155709663276,0.02789737156623978,1.0588785432135195
1642384,219.7083333333333,-0.530758875385733,0.003000973929910581,-0.5277579014558225,0.0004317888590797571,-0.08894071106543566,-0.5030183759864142,-0.35163248594773905,0.6752182984205033,0.32358581247276424,0.00042150348772595776,0.12128886559516147,0.22059371863433272,-0.7903316202157026,0.22444169260125085,-0.5658899276144516,0.00043462560833199096,-0.34530078639283646,-0.30862100816920995,Isaiah Crawford,HOU,-0.25813783735111406,0.03146315242077857,-0.2266746849303355,0.8513437139285867,0.8894757400872157,-0.301083216525487
1630598,3553.320833333331,0.2574670151905825,-0.1934298237201509,0.06403719147043155,0.002366184761049355,-0.37122236650915785,-0.28563468293766675,0.4454415403357423,-0.12455884821752443,0.32088269211821796,0.00245317323700955,0.07009048573166607,0.2718796533355493,0.46939544545290957,-0.1535358103516256,0.31585963510128406,0.002396008659662639,0.0928909218828914,0.2576525548154467,Aaron Wiggins,OKC,0.09420605210838356,0.5110683333662186,0.6052743854746021,0.25684550064778644,0.005023057016933896,-0.5412371940041706
1626220,5536.675000000012,0.03770411364442718,0.6565296655742975,0.6942337792187246,0.009275803945600413,1.0800436535334743,1.1204870684827972,-0.16123635576922066,0.47400975680857843,0.31277340103935775,0.009256846880655322,0.37988326317051646,0.6561797986392431,-0.16956402319091346,0.5415774229028317,0.37201339971191827,0.00928128409074649,0.405901553160799,0.6471914922946126,Royce O'Neale,PHX,-0.3601161334670053,0.5960870958760957,0.23597096240909038,-0.3814603781793669,-0.05923999867256052,0.45826281680963427
1630658,53.45833333333333,-3.649050834829591,0.9042739402645967,-2.7447768945649953,0.0004654426226715865,-3.7868855202598075,0.8552970095220438,-0.16514970625441305,0.456357357960393,0.29120765170597995,0.0004671491487454365,0.3035539161562848,0.3744459722404955,-1.5023498700818951,2.713873623481231,1.2115237533993353,0.0004637294001616028,-1.3096689950014238,3.0244530955732487,Colin Castleton,ORL,-0.09087488140947746,-0.08371984399272425,-0.17459472540220172,3.035984546270975,-0.9203161016933553,-2.5701821691627935
1631170,5241.55416666666,1.7753005294889044,-1.414717992312128,0.3605825371767765,0.0018042237540139212,0.7496439355609488,-0.9688274205285077,1.6647047013818792,-1.3869142160745571,0.2777904853073222,0.0018300229619773944,0.08122301786174421,-0.454468161092223,1.6493848608343427,-1.4327618525877468,0.2166230082465964,0.0017742849708482192,0.12957307787944894,-0.445573710056606,Jaime Jaquez Jr.,MIA,0.44320857396001295,-0.6972008553275448,-0.2539922813675319,-0.08279205186945432,0.06116747706072581,0.6145748185443084
1643133,123.16250000000001,-0.5537197394404323,1.3239276610765411,0.7702079216361093,5.944264599221843e-05,-0.7704560348192744,1.4378524546223257,0.22808346771341595,0.04526274614111339,0.2733462138545294,5.958268691674306e-05,0.05102946767102842,0.11463691753413077,-0.7582399674382199,1.0377468396216067,0.27950687218338666,5.899420585128921e-05,-0.953041445061254,1.1305527261924153,Lawson Lovering,MEM,-0.1813784844124522,0.00446109385226795,-0.17691739056018424,-0.4968617077815799,-0.00616065832885726,0.9471253121962935
1642363,4615.520833333336,-0.5337631745099094,0.5815086378327055,0.04774546332279598,0.001125245630823552,-0.9919808917527491,-0.29794327128646264,-0.5584862836991357,0.820498057751219,0.26201177405208337,0.0011234197439319842,-1.2694855267791811,0.1313485500265215,-0.5506010785033532,0.8471504264544141,0.2965493479510611,0.0011279449515462852,-1.215951899481615,0.11039281497429139,Nique Clifford,SAC,-0.9991381299774442,0.878201158518508,-0.12093697145893623,0.2142663107292874,-0.034537573898977714,0.1686824347817322
1641763,1071.2499999999998,-0.42906294031884223,-0.7295735360108737,-1.1586364763297161,0.003808432793492119,-1.3543174653328807,-0.31075264711128686,0.49701959297851006,-0.2416077315154411,0.25541186146306905,0.0036915721786796303,0.07671195439631281,0.5309379029422454,0.42213650428837457,-0.10476516970892846,0.31737133457944594,0.0036508665046290105,0.050303241522470135,0.774628583034845,Julian Phillips,MIN,0.0009859774115915654,0.061631701731242605,0.06261767914283417,1.414048337792785,-0.061959473116376895,-1.2212541554725502
203914,1651.9208333333338,-0.45678745034355106,0.6328891641441177,0.17610171380056655,0.012879058549360818,-0.4452356636617292,0.2148875437935237,-0.46033746300656697,0.7096516429121115,0.24931417990554464,0.012829387752574256,-0.2246430747249714,0.317869498268072,-0.381031236937512,0.6397527235632554,0.25872148662574324,0.012831342628344377,-0.3285362846447656,0.22640312665184315,Gary Harris,MIL,-1.065992080587223,0.4925315400252964,-0.5734605405619265,0.07321246610497809,-0.0094073067201986,0.7495622543624931
1630649,21.833333333333336,-0.8373572626745356,5.454558815012865,4.617201552338329,0.001086658363857554,-0.1575806480745786,5.868433336072432,-0.15648370196787859,0.40251899693579807,0.24603529496791943,0.0010947185387886042,0.6103549634869501,0.3901275103058909,0.8155115347553175,5.119230099082904,5.93474163383822,0.0011092034625794522,1.6181409420267325,5.456580173942674,Stanley Umude,SAS,-0.13330558389209896,0.4171311161723812,0.28382553228028223,-4.37116625737041,-5.6887063388703005,4.333376020058047
1641774,1692.1166666666666,-0.5470978072730481,-0.6319612905148076,-1.1790590977878561,0.0011622485589497633,0.11098351431035036,-0.11396036559316836,0.18073404697614454,0.04770795616356138,0.22844200313970595,0.0011765347225279226,1.0126902370649682,0.8917774250139097,0.18718107188525757,0.24661630830621725,0.43379738019147485,0.0011828524657832053,1.128040345967712,1.0906834271057404,Tristan Vukcevic,WAS,0.01202302420320131,0.1572437429456217,0.16926676714882302,1.407501100927562,-0.2053553770517689,-1.3483258649366792
1642272,2845.354166666665,0.7125313468753653,-1.2305873933311924,-0.518056046455827,0.000959933757467206,-0.30541035747923106,-1.7446476384353988,0.8211310365528733,-0.606519438628872,0.21461159792400136,0.0006777265583678479,-0.08603197196137749,-0.6012364159031337,0.9094270430227555,-0.6580914957510624,0.2513355472716931,0.0007139150366616511,-0.07990689202940547,-0.6891669034183012,Jared McCain,OKC,-0.06802697986816526,-0.8424735103475036,-0.9105004902156689,0.7326676443798283,-0.03672394934769174,0.3924444437598419
1630228,2076.108333333332,-0.6006965008713079,0.7518207867356901,0.151124285864382,0.0017252080610096817,0.19012590469309482,-0.9465770714373138,-0.7802776703731634,0.9815659226601083,0.20128825228694497,0.002154039649216668,-0.09846291195698567,-0.2135892201717118,-0.7254868980898311,0.9651600760259755,0.23967317793614437,0.002177795195765486,-0.10293185493502442,-0.263354952678696,Jonathan Kuminga,ATL,-0.2213732405330553,0.3150447856641678,0.09367154513111253,0.05016396642256296,-0.0383849256491994,0.057452740733269475
1631218,1240.091666666666,-1.852419629613808,0.7084683071186191,-1.1439513224951896,0.00037164279761863536,-1.2849386754845176,0.23679477593310333,-1.2576763702954856,1.4585339314676187,0.2008575611721332,0.00035035680230453175,-0.1882620785983529,1.744881801233102,-1.2789607781111771,1.6292782343596428,0.3503174562484658,0.00033867190593006336,-0.2974478444196066,2.1380549247457683,Trayce Jackson-Davis,TOR,-0.6888729163632108,1.4687493980705186,0.7798764817073078,1.3448088836673229,-0.1494598950763326,-1.9238278042024974
203648,352.81249999999994,-2.1018614304702923,2.631184714077164,0.5293232836068718,0.010133260579744098,-1.3417058328062437,2.793420485591713,-1.4453309156349061,1.6450595487795525,0.19972863314464642,0.010068030154436167,-0.6132942896914637,1.6189230182111942,-2.403066581545502,2.5484371121389464,0.14537053059344354,0.010147175891013103,-1.7004400507720316,2.712649615961019,Thanasis Antetokounmpo,MIL,-1.1138547619684076,1.9267113952368171,0.8128566332684095,-0.32959465046222536,0.05435810255120288,-0.28353334966153776
1631101,3757.649999999998,1.4466717833323792,-0.7631523231283557,0.6835194602040235,0.0016640131304959135,0.9951713271732386,-1.2391645854680735,1.0559427137408126,-0.8718221905098318,0.18412052323098121,0.001625834265786009,0.01371220214432775,-1.5586414837176588,1.1385164395576637,-0.8867019093882913,0.2518145301693727,0.0016687194855134122,0.08205608995704085,-1.5846913431674983,Shaedon Sharpe,POR,0.0019567950938447765,-1.0237210286532608,-1.021764233559416,-0.49939893697304233,-0.0676940069383915,1.7052836937634395
1631223,182.54166666666669,1.4307231085544612,-0.6524946759182871,0.7782284326361742,0.000951588094380287,3.077350826179615,-0.1640876469245865,0.6195538609160501,-0.442431204425338,0.17712265649071202,0.0009512741490576887,1.8795106745935368,0.05563258788350253,2.4253371462065108,-1.1536702706982584,1.2716668755082527,0.0009705905469803332,4.631363455949031,-0.8369522625880351,David Roddy,DEN,0.87598350103452,-0.3086981597342845,0.5672853413002356,-0.6011057761454622,-1.0945442190175407,0.2109430913359387
1642362,158.33333333333334,0.6754619364389789,-1.7833430564764423,-1.1078811200374632,4.43260825776332e-05,0.4646232785396426,-1.6211483971385463,0.5332921190153129,-0.3572348585066295,0.17605726050868345,4.3168644437307036e-05,0.3016460538825483,-0.10611980490985676,0.42594159727211184,-1.2124030873530696,-0.7864614900809574,4.7175003342145816e-05,0.11755065467431082,-1.0222533881584683,Payton Sandfort,OKC,0.3365666625923433,-0.5768572089836892,-0.2402905463913459,1.2839383805461466,0.9625187505896409,-0.8675905736461174
1629651,4764.875000000002,-2.072895742966119,2.53376276829346,0.4608670253273419,0.002582357865457942,0.6174768168558341,1.636604725412475,-2.1173759798768153,2.290461110120154,0.1730851302433386,0.0029398203949424443,0.1310477794762602,0.9937372463678905,-2.143787558634606,2.327709158580032,0.18392159994542606,0.00291587008058348,0.1952897035321134,0.9714483514028771,Nic Claxton,BKN,-0.4063426677642392,1.0997569692054325,0.6934143014411933,-0.2877818950840033,-0.010836469702087459,-0.2325472761138514
1642264,5029.158333333328,0.7101761003558973,-0.4342405169415442,0.275935583414353,0.0008382078680871635,1.9949273094630113,0.090890494940813,0.32267783423299856,-0.17545998210180222,0.14721785213119634,0.0008267150299018395,1.020255539589118,0.47360599237559087,0.36544701807774926,-0.18229877615019435,0.1831482419275549,0.0008508949083348245,1.078653666795363,0.4809752906192753,Stephon Castle,SAS,0.4733659647448704,0.5193853335394673,0.9927512982843376,-0.12871773128315664,-0.03593038979635857,-0.7168157148699846
1642951,77.5,-2.1928730824772464,-2.1755783284989487,-4.368451410976196,0.00018095229223606487,-1.9868252042689458,-2.189833328285258,0.1699649371997659,-0.023674518510310112,0.1462904186894558,0.00017774916769650362,0.4283116545620511,-0.03165496975035817,0.6105128814487045,-1.298149239262135,-0.6876363578134306,0.00017770769881952976,0.8990144167033741,-1.3297536489811121,Sean Pedulla,LAC,0.34827752932162,-0.3348566082331219,0.013420921088498072,4.514741829665652,0.8339267765028864,-4.3818723320646935
1641790,533.5791666666667,-2.5139348897304017,-0.18877658617179854,-2.7027114759022006,0.00320442439854771,-1.8469805139048758,-0.9557549564956411,-0.6395201449884778,0.7731969916117338,0.1336768466232562,0.0031472540606225477,0.18833920272149227,0.21866407167284888,-0.7278280013726823,0.6503906584329249,-0.07743734293975732,0.0031181883037411126,0.09055441427653578,0.053149870587613376,PJ Hall,CHA,-0.5381578617362462,0.02619201594929932,-0.5119658457869469,2.836388322525457,0.21111418956301353,-2.190745630115254
1631247,279.02083333333337,-1.8187511180186267,0.4670146026562546,-1.351736515362372,0.00020160158505415493,-1.2076578505978555,0.7517464188339449,-0.18375674797428268,0.2939272073558593,0.11017045938157666,0.00019793070046226162,0.5282794945699559,0.5584335815741427,-0.16485122822746928,1.3177218432817586,1.1528706150542891,0.00019796335626683477,0.5812303061611879,1.6662846433167005,Luke Travers,CLE,0.18883095501160124,-0.10447166892782539,0.08435928608377585,1.4619069747439486,-1.0427001556727125,-1.4360958014461478
1629656,5424.099999999993,0.48045718693439987,0.050009540090681204,0.5304667270250812,0.0012215623494111563,1.3568940973337087,-0.21095172498580822,0.13330059365510716,-0.029175665255120137,0.10412492839998704,0.0012134577213986394,0.4515772937478191,-0.4664439043916505,0.1556912349582825,-0.04802718807247439,0.1076640468858081,0.0012165974112046316,0.5036079308451913,-0.4421951610796147,Quentin Grimes,PHI,0.5821787666983032,-0.007746212098021121,0.574432554600282,-0.4263417986250942,-0.0035391184858210717,-0.04396582757520073
1642843,5786.329166666658,0.8642298390592493,-0.10457315516376202,0.7596566838954876,0.0014415571997257683,0.8278308412314753,0.1065497627801012,0.474427570168724,-0.3739742982689293,0.10045327189979474,0.0014214215925490896,0.17987536257951062,-0.06953544573786799,0.4492126657267469,-0.42332327463820174,0.02588939108854524,0.0014178773335608475,0.22855369863173192,-0.11060391307104463,Cooper Flagg,DAL,0.2948737892809811,-0.16287679005175418,0.13199699922922695,-0.6592034119956929,0.0745638808112495,0.6276596846662607
1642346,3394.029166666665,-1.9723429530909393,1.8030322045910718,-0.16931074849986716,0.003136650592080965,0.041163152209267695,0.5035207378985452,-1.9606350622643962,2.040669671679311,0.080034609414915,0.0023234649096965094,0.013608845106724082,1.126711607340837,-1.9585872909361897,2.040791741358717,0.08220445042252757,0.003050753467417951,0.03354656652108458,1.1146416342252068,Ryan Dunn,PHX,0.09453782841583858,1.2979194640582699,1.3924572924741083,0.24934535791478216,-0.002169841007612569,-1.5617680409739756
1641730,4399.408333333338,-0.23587129296341297,0.9048676753948429,0.6689963824314301,0.001100462487063718,0.3311166509984902,0.005009883202711285,-0.5038082144835012,0.5716701580149544,0.06786194353145306,0.0010876713840445621,-0.19564497427422348,-0.5167984297102757,-0.49369258606780564,0.6105099722540078,0.11681738618620233,0.0010804693759428683,-0.1436814443823632,-0.4517791787948095,Noah Clowney,BKN,-0.7865455546629034,0.10567217641610804,-0.6808733782467954,-0.6011344388999771,-0.04895544265474927,1.3498697606782255
1642359,339.4,-0.6630684990069695,-0.8703910837791303,-1.5334595827861002,0.00011593377160155288,-0.33197618284555397,-0.9860572927001483,-0.21356358708007214,0.27796610682668743,0.06440251974661522,0.00011389495477821715,0.2089190477033173,0.3390145042196002,-0.1572165296779525,1.3541416015900964,1.1969250719121436,0.00011689784039552474,0.194985268225833,1.5250925715336168,Pacôme Dadiet,NYK,-0.38014569519490304,-0.057727553443552126,-0.43787324863845517,1.5978621025327153,-1.1325225521655284,-1.095586334147645
1642280,13.875,6.435677652250777,-6.189609781347146,0.24606787090363183,5.169649941024442e-05,6.609324162229395,-6.164274020454043,0.25800698630715624,-0.19503161732434082,0.06297536898281543,5.0630304154326394e-05,0.3876525195133359,-0.09975715130120658,1.4904474029711605,0.45643701168365924,1.94688441465482,5.025246107301437e-05,1.6343583698580166,0.5627476264196307,Trentyn Flowers,CHI,0.25725828793750044,-0.43469036887949936,-0.17743208094199892,-0.1830925019208164,-1.8839090456720047,0.4234999518456307
1631222,5179.966666666676,0.874448307623352,-0.4577172353465683,0.4167310722767838,0.001155505923329097,0.6078907237113006,0.7154785735772091,0.54594607158282,-0.488421637306952,0.05752443427586802,0.001253115097038739,0.1145382546644049,0.4225446120708136,0.6452890253093049,-0.5934350672386115,0.0518539580706933,0.0017590306550416945,0.16941821689980974,0.3804038230930193,Jake LaRavia,LAL,0.3419044890523662,0.11456356647196303,0.45646805552432923,-0.3592066380009158,0.005670476205174725,-0.03973698324754543
203078,302.29166666666674,-1.1400711368824115,0.16259375208584673,-0.9774773847965645,0.0031862963824134936,-2.348230206998033,-0.13518794312528465,-0.14560490242121593,0.1995712124289031,0.05396631000768718,0.003178354756699214,-0.04072214279609801,-0.016131348201185308,-0.5233940726049207,-0.7117084991150894,-1.23510257172001,0.0031823745705740107,-0.9631453601810868,-1.9523672343553335,Bradley Beal,LAC,-0.32876662062293005,-0.19254961271533816,-0.5213162333382682,1.0314436948042518,1.2890688817276972,-0.4561611514582964
1629673,2333.0916666666667,1.4294062396494929,-1.2165663863599634,0.21283985328952942,0.0011055419812276408,1.3087745769937391,-0.716592403678552,1.400747454429331,-1.352034403290178,0.04871305113915316,0.001134658044347815,1.2462267605582822,-1.0013998102979804,1.4306223481123985,-1.439996285739584,-0.00937393762718548,0.0011174806739745217,1.3808095828203741,-1.1819366441488768,Jordan Poole,NOP,0.17810974049572753,-0.9794732427764616,-0.8013635022807342,-0.16412680215037626,0.05808698876633864,1.0142033555702636
1642874,2887.4041666666676,-2.2177760421219697,1.679163691467282,-0.5386123506546874,0.0012365147762071298,-0.7228092936817869,-0.1649281261213592,-1.8360931165691476,1.8841359648702405,0.04804284830109286,0.0011889405214325082,-0.18598353142900795,0.15961629774868827,-1.822987774091839,1.8726676940066784,0.04967991991483933,0.0012108448969604634,-0.1412177045514269,0.17946484060594725,Danny Wolf,BKN,-0.9806222985525059,1.02237431244294,0.04175201389043415,0.5866551989557802,-0.0016370716137464741,-0.5803643645451215
1630191,3244.470833333331,-1.2048289443859448,1.272996087291952,0.06816714290600671,0.004562295479655557,0.27596336634294455,0.9209014577071932,-1.326035237542175,1.3716769440975785,0.0456417065554031,0.004531170633577372,-0.6166607052520001,1.1632137681440604,-1.354263860558301,1.3590117819135314,0.004747921355230345,0.004526383273122261,-0.5844244667495929,1.1056360140159796,Isaiah Stewart,DET,-1.5272237439334726,1.3003275071364748,-0.22689623679699777,-0.02252543635060361,0.040893785200172755,0.2950633797030045
1641890,413.41666666666686,0.913663689885474,-1.598636911636587,-0.6849732217511134,0.0011078283955375842,0.3666348580488923,-1.4200533030799263,0.7101345323115289,-0.6865214681200917,0.023613064191437327,0.0010588287564110511,0.1328087609085251,-0.31442025104422766,0.5182572000229034,-4.183699256072958,-3.665442056050054,0.0011943805702524669,-0.1007167809473206,-4.3160661235074596,Tyler Smith,DAL,0.1306329005103456,-0.38959889612418025,-0.25896599561383465,0.7085862859425507,3.689055120241491,-0.42600722613727876
1641787,19.283333333333342,-4.268747735946028,0.30427447045764083,-3.964473265488389,0.0035406787010682493,-4.117679772776467,-0.807419021065785,-0.9446522279638956,0.9660639345642565,0.021411706600360896,0.004920329374830209,0.27936294222315117,0.20075415694816198,-3.49326648226009,3.2650461379892874,-0.22822034427080248,0.005685144265270294,-3.06152247354275,3.193724058492634,Tosan Evbuomwan,NYK,-0.4003165462163103,0.014834582437995847,-0.38548196377831445,3.98588497208875,0.24963205087116339,-3.5789913017100745
203952,5155.287499999991,0.520694677738008,-0.14394889809797368,0.37674577964003436,0.0005679870823915823,1.3240946862198157,0.3889604927761537,0.40712576006509504,-0.396602187656177,0.010523572408918089,0.000562365451920419,1.2020898255968504,0.10214353747980781,0.47330346341593277,-0.3398462216521806,0.13345724176375218,0.0005705377151319849,1.2160061444020183,0.11222124543154942,Andrew Wiggins,MIA,-0.3758958267634003,0.1538277417493059,-0.22206808501409436,-0.36622220723111626,-0.12293366935483409,0.5988138646541288
1641753,43.56666666666666,0.6840250227237472,0.9986353914678354,1.6826604141915826,0.0011894008984901457,1.1979520671203248,0.9549108001599289,-0.11084022007991497,0.10830344012500501,-0.002536779954909934,0.0011837270790925648,0.3845417137666538,-0.06690052366076013,0.09908416347924869,-2.9695468382398085,-2.8704626747605597,0.0011921470689780207,0.6075625011314789,-3.301351689617958,Chris Livingston,CLE,-0.2089928942292213,-0.2235549843229131,-0.4325478785521344,-1.6851971941464925,2.8679258948056496,2.1152082927437172
1631288,1194.2124999999996,1.1110882489420728,-1.251836476707862,-0.1407482277657892,0.0011051059915776781,0.7533611491473476,-1.1152403781176872,0.8106401553821984,-0.8385951616173054,-0.027955006235107032,0.0014214228653581433,0.32953778190223826,-0.44009838131657775,0.8272875094463925,-1.040140188950024,-0.21285267950363135,0.0015520435431644465,0.3498314501735016,-0.8511387828467513,Jamal Cain,ORL,-0.4434922019209482,-1.0066177239320657,-1.450109925853014,0.11279322153068218,0.18489767326852433,1.3093616980872247
1631250,1833.0874999999994,-0.09735341947026963,0.2344000827985206,0.137046663328251,0.0012847368846560874,0.03899573746387197,-0.5306655469401309,-0.13590554617293352,0.10711505436115203,-0.02879049181178145,0.0012609668733052787,-0.1583879613350895,-0.7231698100813932,-0.19763878571702193,-0.04771095291031778,-0.2453497386273396,0.0012796873377269246,-0.20982518243361992,-0.9639399946204706,Pete Nance,MIL,0.056854427711874045,-1.1027846380790471,-1.045930210367173,-0.16583715514003244,0.21655924681555816,1.182976873695424
1630245,4696.983333333337,0.5370223379850534,-0.7286172062934153,-0.1915948683083617,0.004026002073493743,1.271954284988202,-0.8682645069373356,0.43911159013029966,-0.4764635821490443,-0.03735199201874477,0.003945847154061246,1.0641896764220817,-0.1425036940475292,0.4504912717652817,-0.5019491659138015,-0.0514578941485197,0.004029862066239543,1.080510654935256,-0.15334820955948275,Ayo Dosunmu,MIN,-0.37924999245168645,-0.5134288291483953,-0.8926788216000817,0.15424287628961691,0.01410590212977493,0.70108395329172
1642854,1249.9458333333328,0.9562626075453602,-1.2056416755631947,-0.24937906801783422,0.0006706380994156044,0.734426483375802,-0.6050504223267568,0.6662793400816375,-0.7042446067674213,-0.03796526668578407,0.000666666836932066,0.29112149642546037,0.027440166044042757,0.6994417014370449,-0.7338288921961021,-0.03438719075905714,0.0006666944075936689,0.3239855386305498,-0.031053965897913885,Asa Newell,ATL,0.6583257736700201,-0.2519780228920251,0.406347750777995,0.21141380133205015,-0.0035780759267269313,-0.6557268187958292
1631132,891.6708333333335,-2.2720594314303932,2.185048194536577,-0.08701123689381556,0.0021422783790923717,-2.5040904845499763,1.651979335871554,-1.9057094549796116,1.8640527586648912,-0.041656696314720576,0.002687032209187791,-2.04366844938424,1.2855657400295182,-2.343472731773205,2.260861102051319,-0.08261162972188621,0.002720628125093159,-2.7112254275864442,1.7971652223175036,Christian Koloko,ATL,-2.3976554007133926,1.4188264831520576,-0.9788289175613349,0.04535454057909498,0.04095493340716563,0.8918176806675194
1631342,2022.8375000000017,1.619822752688285,-1.2835716869753455,0.33625106571293967,0.0012551903190087621,1.474438499843762,-0.468428057928809,0.8035667504816525,-0.8535787595596451,-0.050012009077992706,0.0012592805424105034,0.34574108270543114,0.1034744500075187,0.7985350005319305,-0.8144768966122188,-0.015941896080288304,0.0012586224825390485,0.3635550544818218,0.09495854388351709,Daeqwon Plowden,SAC,1.4387953166225194,0.16047173488308608,1.5992670515056053,-0.38626307479093236,-0.034070112997704405,-1.2630159857926657
1642443,150.40416666666667,0.1572159816479416,-2.346015824110106,-2.1887998424621644,0.0001885478792571711,-0.24032095896308892,-2.248870831390882,0.3117882202311105,-0.36420850404782723,-0.052420283816716685,0.00018571468767536255,-0.06682813132376944,-0.2029885518888692,-0.5661975887388069,-2.5841064137136627,-3.150304002452469,0.00018564524567959818,-0.9943021777143141,-2.4878213353204264,Jahmir Young,MIA,0.07026338836707452,-0.47721944546759953,-0.406956057100525,2.136379558645448,3.0978837186357526,-1.7818437853616393
1629614,4394.149999999997,0.8931842768604721,-0.49876333457497524,0.39442094228549684,0.0023777059827342424,1.8477303059245944,-0.3754740617154166,0.5967735527990409,-0.6556099661687946,-0.05883641336975374,0.002378979843343911,0.945242087995174,-0.7015374164021237,0.6003007303524324,-0.6112337247644047,-0.01093299441197238,0.0023782289770588336,1.0224060633960426,-0.6496513767163272,Andrew Nembhard,IND,0.11177244546169107,-0.8211080579768729,-0.7093356125151818,-0.4532573556552506,-0.04790341895778136,1.1037565548006787
1642910,104.74583333333335,-1.4593843743827581,0.5067634342470786,-0.9526209401356798,0.00023441881203227724,-1.492005009343461,0.8111630073163156,0.3221306177077491,-0.3989613465505208,-0.07683072884277162,0.0002308483214660521,0.41070551879803197,-0.13373895867734445,0.2826194934074001,-4.478724223917402,-4.196104730510003,0.00023147803616091036,0.2883361288002287,-4.304994188108649,John Tonje,BOS,0.05713769085048587,-0.44418834251110356,-0.3870506516606177,0.8757902112929081,4.119274001667232,-0.5655702884750621
1641775,3079.466666666668,-0.5075185126558648,0.5694314160742432,0.06191290341837852,0.001227802902743847,0.41875921598069454,0.69004845510965,-0.7185603607875468,0.6333967463786919,-0.0851636144088551,0.0012175637144305677,-0.2350638601134715,0.8028384137093034,-0.6523578366101872,0.608020262225595,-0.04433757438459197,0.001219566909982544,-0.21014529166176865,0.7935623418051367,Jordan Walsh,BOS,0.10440593738028886,0.6594328695252337,0.7638388069055226,-0.14707651782723363,-0.040826040024263134,-0.7019259034871441
1626162,3901.070833333334,0.8932738233476754,-0.7644028405915366,0.1288709827561389,0.001962213793640536,0.9607326719611148,0.8170472294010078,0.6361083844075163,-0.7227596675079349,-0.08665128310041863,0.0019404015982398845,0.26782123758939924,0.9066628741545825,0.7278892822294722,-0.792944318739529,-0.06505503651005665,0.0019326051327157013,0.31419451559227135,0.9090972851544015,Kelly Oubre Jr.,PHI,0.2549834158713841,-0.3747919102277077,-0.11980849435632357,-0.21552226585655754,-0.02159624659036198,0.24867947711246247
1642920,3460.4624999999987,0.5536795686525544,-0.5270904805109856,0.026589088141568528,0.0029948817060830245,-0.48774990296520504,-0.5918372648489179,0.1956498586680117,-0.28734237500975246,-0.09169251634174072,0.0026019337672587685,-0.8280786556787834,0.13505213194918006,0.18229562898503784,-0.289621619785129,-0.10732599080009117,0.0026243390688361224,-0.8038725015381293,0.12136395881242433,Kobe Sanders,LAC,-0.16806783262917663,-0.4826569026434217,-0.6507247352725983,-0.11828160448330925,0.01563347445835045,0.6773138234141669
1630639,565.2874999999998,-0.4616813107925881,0.1199653214947984,-0.3417159892977897,0.0006368440831028009,-0.43128962911332724,0.701731244713349,-0.3132634554428643,0.2181661908412798,-0.09509726460158455,0.0006345111401197961,-0.03590907883734143,0.7592736322291336,-0.4163240578021621,0.9223582964677639,0.5060342386656017,0.0006385418403963934,-0.28798138999449363,1.8818703920732869,A.J. Lawson,TOR,-0.16592651062840227,0.20108502221841495,0.03515851159001268,0.24661872469620513,-0.6011315032671862,-0.3768745008878024
1630256,1012.4500000000004,-0.9475553027318957,0.17933915786793775,-0.7682161448639582,0.002694993363434968,-0.2155409857261057,-0.688895551543075,-0.7149570733952175,0.6182039111898925,-0.09675316220532507,0.002910661529433856,0.22409859326792755,0.37625978734374665,-0.7959604369749215,0.5624750418938544,-0.23348539508106708,0.002844221407738179,0.12774700411707962,0.20694807962788153,Jae'Sean Tate,HOU,-0.29883271724294463,0.16015282727565505,-0.13867988996728958,0.6714629826586331,0.13673223287574202,-0.6295362548966685
1643158,421.8749999999999,0.28602968485446706,1.709485553460788,1.9955152383152555,0.00033927267294142405,0.5636984684267969,2.2897118948324455,-0.6354950831510481,0.5322255129054051,-0.1032695702456431,0.0003404619953577377,-0.5316821691016564,0.9299123486431699,-1.3095803726603878,1.514027842040449,0.2044474693800611,0.00033977607939431276,-1.2512882609945948,1.9954607558241637,Andersson Garcia,UTA,-0.73385446428617,0.5335591712732434,-0.2002952930129266,-2.0987848085608984,-0.3077170396257042,2.195810531328182
1643141,80.08333333333333,-1.184735906237489,0.1836410484973025,-1.001094857740186,0.0001013157415925555,-1.2011173064172027,0.09167694871806775,-0.5079415971310166,0.40379426732669577,-0.10414732980432069,0.00010002861102583179,-0.4692897384743764,0.31944540939442256,-4.417195690885914,2.6689090144621805,-1.7482866764237344,0.00010229260521043751,-4.445124676834728,2.6233541738445614,Jahmyl Telfort,LAC,-0.6634477921058578,0.16664875792191902,-0.4967990341839388,0.8969475279358652,1.6441393466194136,-0.5042958235562471
1630536,1723.245833333332,0.5757199164876275,-1.7425653154434293,-1.1668453989558016,0.0003624080775034333,0.22297824054439452,-1.6802029746097127,0.8391187789892426,-0.9522859407321438,-0.11316716174290156,0.0003552619265590778,0.6049247250776018,-0.6305600188896209,0.8415441000133879,-1.2047802078422454,-0.3632361078288572,0.00035698809907564594,0.6517118916972352,-0.9548907558110281,Sharife Cooper,WAS,0.21596435639581046,-1.2322253948089477,-1.0162610384131372,1.0536782372129,0.25006894608595565,-0.15058436054266444
1629028,4920.004166666664,-2.0486945661123173,1.6942957231886222,-0.3543988429236945,0.00970033595065676,0.050600132456953606,0.6996635924413482,-1.8184144986995237,1.7047327464352648,-0.11368175226425832,0.008307799870609438,-0.027407484632325257,0.8043207380821543,-1.795513536780216,1.6772638664220032,-0.11824967035821299,0.01021046011529371,0.0511111227930431,0.7739497195824225,Deandre Ayton,LAL,-0.5639829564079485,0.49441042839969973,-0.06957252800824876,0.2407170906594362,0.004567918093954668,-0.28482631491544574
1631166,590.1750000000001,-0.6394685608994841,-1.1181542480050481,-1.7576228089045327,0.0002298179806528209,-0.42670418524307574,-1.4041351239006983,-0.17742058854254822,0.06313317227077195,-0.11428741627177619,0.00021549857381333658,0.3121805618064192,0.10820252287368387,-0.16542647497945304,-0.05200700129287961,-0.21743347627233262,0.00027075614173405595,0.2226687809718042,0.05230042849643997,Drew Timme,LAL,-0.22320025685370493,-1.0413514773878145,-1.2645517342415196,1.6433353926327565,0.10314606000055643,-0.49307107466301314
1642259,3293.820833333329,-1.157887990086289,1.3137121315677134,0.15582414148142443,0.0012371561164549985,-0.36441387286902693,1.2597743918748336,-1.3279036388466405,1.2094499946998656,-0.11845364414677502,0.001249423050765992,-0.9614244429443515,1.2441625675545867,-1.3668643777842713,1.242417742581987,-0.12444663520228476,0.0012541336283033648,-0.9585911686594338,1.1941657309011353,Alex Sarr,WAS,-1.6132400493490293,1.2476605732174177,-0.36557947613161157,-0.27427778562819943,0.005992991055509739,0.521403617613036
1631109,3599.8166666666652,-0.9293175821936922,0.391899475721763,-0.537418106471929,0.008280700553262573,1.1823972106891008,0.8733282757865544,-0.5364961064007207,0.4169721752258395,-0.1195239311748811,0.008274984702771911,1.4703085046495947,1.050418435882076,-0.5767630094091255,0.510309425679188,-0.06645358372993762,0.008912126160128774,1.5316257713632357,1.0708467258138445,Mark Williams,PHX,-0.4051231284286438,0.4268613620804219,0.021738233651778127,0.4178941752970479,-0.053070347444943475,-0.5591563401237072
1641713,2878.7583333333337,0.3787358910909972,-0.8186770382666188,-0.43994114717562144,0.0006463429447882039,0.4807645712123647,-1.1361586014687086,0.37308462321186936,-0.4947517072832041,-0.12166708407133475,0.0006494152952210468,0.3088836133834906,-0.36487399633873974,0.44983354234387257,-0.5262046568199954,-0.0763711144761227,0.0006507654236908518,0.3425188861934647,-0.3860254842741598,GG Jackson,MEM,0.5439000974935264,-1.4356936830865035,-0.8917935855929771,0.3182740631042867,-0.04529596959521205,0.4518524384173556
1641810,169.1916666666667,-0.15948436964577278,-2.008859805165679,-2.1683441748114523,0.00045124412606143826,-0.09500829465241067,-2.1647166968561913,0.26524859566572506,-0.390589601654103,-0.1253410059883779,0.00046108804680799337,0.5759364085595884,-0.10913453234425038,0.44162635742093076,-1.8837572864416132,-1.4421309290206823,0.00046226343086891257,0.7260268245639817,-2.091916651499693,Antonio Reeves,CHA,-0.002626456374143077,-0.450760178359809,-0.45338663473395213,2.0430031688230743,1.3167899230323044,-1.7149575400775001
1629014,3491.749999999998,-0.03094093933589081,-0.1029118311302708,-0.1338527704661616,0.00870372044353714,2.0082626901106617,-2.0122082421990455,-0.35036947766410137,0.21826370221248018,-0.13210577545162125,0.008681543701520359,0.8307645588163206,-1.1514878617754674,-0.2630136389287009,0.12102261195165465,-0.1419910269770463,0.008702311619409956,0.9091335580817802,-1.2343182161963915,Anfernee Simons,CHI,0.6612437786922458,-1.4769746457565516,-0.8157308670643058,0.0017469950145403423,0.009885251525425048,0.6818780965981441
1631204,1085.55,-0.21646051558940357,-0.09544116334509925,-0.3119016789345028,0.010502952335006213,-0.01433345138742681,-0.7395177268044377,-0.5529983904332989,0.41683503288607343,-0.13616335754722536,0.010877547979754782,-0.4082288402037637,0.25774430400132875,-0.4687996872789678,0.21896735117927274,-0.24983233609969516,0.011266549923099655,-0.5523439183745121,0.13991700540277024,Marcus Sasser,DET,-0.45373325043836304,0.47266593604981866,0.018932685611455613,0.17573832138727746,0.1136689785524698,-0.33083436454595844
1630175,1353.7124999999996,-1.0996515474956108,1.4077057277101979,0.30805418021458697,0.007212853010277048,-1.1145958141207695,0.3649835817421297,-1.3085764476103645,1.1705969823333242,-0.13797946527704028,0.006946157005350491,-1.3169628686859791,-0.13464696990142785,-1.3543354053498582,1.114951745721812,-0.23938365962804622,0.007093866685247484,-1.5741791758046209,-0.30574923217294475,Cole Anthony,MIL,-1.3852071733359113,0.42342588323419317,-0.9617812901017181,-0.4460336454916273,0.10140419435100595,1.269835470316305
1629006,3369.970833333335,-0.878203127155146,0.9902881879212533,0.1120850607661075,0.004179046211224187,0.28071620258551033,0.8075873075925446,-1.150615696765899,1.0008242888777634,-0.14979140788813547,0.0037679858116019026,-0.47382795261427946,0.8851708870573932,-1.114339449603839,0.9990905473233717,-0.11524890228046711,0.003902610854619978,-0.46592141238722784,0.8885510271490357,Josh Okogie,HOU,-0.3202030915553174,1.259426608437503,0.9392235168821856,-0.26187646865424297,-0.03454250560766836,-0.8271384561160782
203926,1113.9124999999992,0.5777002694950013,-1.6915550683546337,-1.1138547988596317,0.0013590824356246214,-0.05323819320361922,-1.1140364149124478,1.1198635072081304,-1.2739027749260756,-0.15403926771794535,0.0012397121163343853,0.951722573993973,-0.37902854504855876,1.1288989025884182,-1.5338765277058195,-0.40497762511740126,0.0012565639637653696,0.9442230220198654,-0.9028798577736364,Doug McDermott,SAC,0.39565197169460303,-0.8309248750858347,-0.43527290339123165,0.9598155311416863,0.2509383573994559,-0.6785818954684
1630286,455.5875,-1.4425491779393522,0.8932259756364316,-0.5493232023029204,0.00039037032144071234,-1.4828379574952923,1.5545689940655325,-0.12955867433746865,-0.027295450876167814,-0.15685412521363645,0.00038560359233800047,-0.04165092825002306,0.5861683543295382,-0.5920822135000593,0.197927774913553,-0.39415443858650645,0.00038812823805992904,-0.5314771684133642,0.7422760944691619,Trevon Scott,BKN,-0.29885281773880557,-0.5944982486683221,-0.8933510664071277,0.39246907708928397,0.23730031337287,0.34402786410420727
1630209,259.88749999999993,-1.2328189651863515,-0.04266075590694558,-1.2754797210932969,0.0009647514572214581,-1.293270260444551,-0.04786757014704046,-0.347204000704799,0.1891343837837422,-0.1580696169210568,0.0009787822057323605,-0.22096520270651734,0.35625901863446285,-1.0504800122393783,0.36813084610443353,-0.6823491661349449,0.0009800562680060058,-1.10402822670367,0.505542251558782,Omer Yurtseven,GSW,-0.8288268370655425,-0.3799976381122345,-1.208824475177777,1.1174101041722402,0.5242795492138881,-0.06665524591551986
1642461,3572.9749999999976,-0.8058494178340233,0.750118306632191,-0.055731111201832086,0.002646995022708402,-0.10973200133788885,0.4279163970752511,-0.9914531461247875,0.8204632990082098,-0.17098984711657755,0.0025882710086002764,-0.5331146257858481,0.5936985094522659,-0.9502985852710276,0.7750015822873716,-0.17529700298365586,0.0025725639042527165,-0.4969003177995598,0.559042725229684,Spencer Jones,DEN,-0.9204474199775989,0.22321294559289195,-0.697234474384707,-0.11525873591474547,0.004307155867078305,0.6415033631828749
1631120,546.041666666667,-0.6683195120111445,-0.1431051654291579,-0.8114246774403024,0.0006144004032487279,0.012471330241152878,-0.10807633217463924,-0.7012098683417702,0.5266549585156015,-0.17455490982616872,0.0006114141597725945,-0.07133086170465477,0.6478193836977201,-0.867993222375038,1.055258478407287,0.1872652560322489,0.0006112762440742533,-0.25510367773130893,1.276484194298916,JD Davison,HOU,-0.2158725034156843,-0.01573424793396888,-0.2316067513496532,0.6368697676141337,-0.3618201658584176,-0.5798179260906493
1642877,2271.9208333333336,-0.2726462790525731,-0.3042638838827137,-0.5769101629352867,0.000482406285766206,-0.7191694682882794,0.0697625646363974,-0.38243391133443655,0.20719300540603344,-0.17524090592840316,0.00048458985650261894,-0.8144154707392133,0.7309941115507669,-0.3790521256107129,0.3290917694054436,-0.04996035620526927,0.0004867134053296046,-0.8374773503883474,0.8336075488496024,Micah Peavy,NOP,-0.8715044683389235,0.5711729496930857,-0.30033151864583774,0.4016692570068836,-0.1252805497231339,-0.276578644289449
1630604,866.5166666666664,0.4355817099692595,0.05451389540133687,0.4900956053705965,0.0004972721729752675,0.2684085628854699,-0.11429796466057929,0.061515824223990004,-0.24261090718409156,-0.1810950829601016,0.0005012095732212288,-0.12157264062630338,-0.35768657473355014,-0.031761474352516784,-0.7877254691354658,-0.8194869434879827,0.0005050816365488724,-0.24922704431791398,-1.0823927786338692,E.J. Liddell,BKN,0.4361040984047189,-0.7547983456312657,-0.31869424722654677,-0.6711906883306981,0.6383918605278811,0.8087898525971433
1629611,3831.4166666666683,0.17866443300914997,-0.030573953921859614,0.1480904790872904,0.00292688849502169,0.7086125951335102,-0.07607280451528425,-0.11352325195119777,-0.07126217309359502,-0.18478542504479276,0.0029534510002327714,-0.07504264042488742,-0.08355512492388881,-0.1209356979662652,-0.1274646971837468,-0.24840039515001205,0.0029509647050627256,-0.008447174555844858,-0.11310087671415477,Terance Mann,BKN,0.23986850262114534,-0.7581823756888618,-0.5183138730677165,-0.3328759041320831,0.0636149701052193,0.6664043521550069
1642274,3205.7166666666626,-1.4363568896055596,0.847107889704722,-0.5892489999008377,0.00235145070152456,-0.9263903116660563,0.5670339274642956,-1.0595028630307557,0.8745778081608544,-0.18492505486990157,0.002309813053338486,-0.22009339031304756,0.7372477657711328,-1.1092948941118763,0.8947551662198153,-0.21453972789206094,0.0023354766952915075,-0.21818114297917346,0.6882643634914423,Yves Missi,NOP,0.29780981963856185,-0.3463466038580826,-0.048536784219520734,0.4043239450309361,0.029614673022159366,-0.5407122156813169
1631338,113.60416666666666,1.3460413615221738,-0.7308321544031615,0.6152092071190123,0.00022936380823567663,1.7875731613118355,-0.1772786843383169,0.033469337133054444,-0.22474102766030404,-0.19127169052724957,0.00022710517258839886,0.4028677625160808,0.3272564176987375,-0.5527912555160206,-0.20611606004454625,-0.7589073155605668,0.00022691743569564735,-0.15938411075296555,0.3882152795261479,Mouhamadou Gueye,CHI,0.0943720604124404,-0.2960530605922598,-0.20168100017981938,-0.8064808976462619,0.5676356250333172,0.8168902072988317
203471,4135.495833333333,-0.3002858074260947,0.002147096766554379,-0.29813871065954034,0.0012259885713337935,0.9407598868118981,-0.15390331380156297,-0.34174663543448186,0.14756934989853657,-0.19417728553594527,0.0011818689137589329,0.48886085719931793,0.14827569435820756,-0.33540925055109744,0.13289576608232184,-0.20251348446877557,0.0011859802133651288,0.5305893038222218,0.1608593250465981,Dennis Schröder,CLE,0.48549398685474826,-0.28425735008129066,0.2012366367734576,0.10396142512359507,0.008336198932830302,-0.49937534743299794
1630224,1996.2124999999996,0.6275260014186286,-1.5596632283574352,-0.9321372269388062,0.0021953317246842215,0.5428333163131674,-1.212473597406457,0.8359783251427816,-1.030178049975388,-0.19419972483260683,0.0020603385781669554,0.8205136494004022,0.20155772897191873,0.8352788914180286,-0.9619290870817896,-0.12665019566376068,0.002190132146639457,0.9066649863707704,0.28187532224829565,Jalen Green,PHX,0.03524270760245318,-1.3132821516246018,-1.2780394440221485,0.7379375021061994,-0.06754952916884616,0.34590221708334234
1628998,137.95,-0.9760264904120246,1.6633969814889842,0.6873704910769597,0.007528740488632852,-0.4360629793739519,2.1595320038374055,-1.2421341504304393,1.0278286744186904,-0.21430547601174874,0.006918566394029134,-0.7995337173069701,1.0123492734598993,-3.1762354636853543,2.433510587084272,-0.7427248766010818,0.0062243585932343064,-4.20107350865995,3.3767782652462905,Cody Martin,IND,-0.9450525116185058,0.672777633596844,-0.27227487802166184,-0.9016759670887085,0.528419400589333,0.9596453690986215
1630557,2749.5583333333325,0.9716144933670401,-1.5939118886558887,-0.6222973952888486,0.00567005841098989,1.0717429599740647,-1.509727942777231,0.9399035122129252,-1.1588897415387818,-0.21898622932585615,0.005453751865966605,0.9588270382690423,-0.3507421393335961,0.9908579434698582,-1.202170816679602,-0.21131287320974348,0.005484474122291871,1.007108411546097,-0.363250769365503,Corey Kispert,ATL,0.31191449666068616,-0.5103764066827826,-0.19846191002209645,0.4033111659629925,-0.007673356116112667,-0.4238354852667522
1642954,3451.0874999999983,0.9831198671113107,-0.7048488251987457,0.278271041912565,0.008131957922198523,1.2615533127952951,0.35248435687659174,0.4023237583311522,-0.6240773924456003,-0.22175363411444823,0.008947413990364157,0.3159806254227694,0.7792833362672064,0.4052208848165474,-0.6445923715191202,-0.23937148670257305,0.008637756845127912,0.33784902459186894,0.7311366499069306,Will Richard,GSW,-0.0736564032387189,0.12687282493749386,0.053216421698774954,-0.5000246760270133,0.017617852588124816,0.22505462021379008
1642382,1220.5083333333337,-0.17272325873340894,-0.9675267089195051,-1.140249967652914,0.0002576421221568932,-0.03251844660055392,0.10627554816562179,0.5355089953620813,-0.7589901131113624,-0.2234811177492812,0.00026492735337695707,0.7733136509706728,0.46713358115480763,0.6497131243344334,-0.6742180611783397,-0.02450493684390633,0.00025148444373014833,0.8235339579049747,0.5952021581432316,Branden Carlson,OKC,0.17193575189097154,-0.3845074871716224,-0.21257173528065088,0.9167688499036328,-0.19897618090537486,-0.9276782323722632
1631121,2143.5833333333353,0.5264098255945543,-0.7733408881497327,-0.2469310625551783,0.0009936093465190195,-0.09764985749781241,-0.3565199554225405,0.7083993999777641,-0.9483334173626019,-0.2399340173848378,0.0009788842931378158,0.4314185263956716,-0.5752091179155135,0.7181142277803277,-0.9630929710548302,-0.24497874327450253,0.0009908055988820182,0.47625370154910107,-0.621081875328397,Bryce McGowens,NOP,-0.545020464814952,-1.5005727112817202,-2.045593176096672,0.006997045170340499,0.005044725889664731,1.7986621135414937
1630311,3040.691666666667,-0.020772074363282045,-0.6544137436775306,-0.6751858180408126,0.000693722593095405,0.16983671107742027,-0.7030668804698428,0.16552071390136414,-0.41535480992558005,-0.24983409602421597,0.0006569432534784926,0.33588093556682974,-0.01516654187870578,0.20210686581651585,-0.4056728113937562,-0.20356594557724045,0.0006320185707317168,0.3755989919306209,-0.037604309509768355,Pat Spencer,GSW,0.5149773947842087,-1.1385411740398927,-0.6235637792556841,0.4253517220165966,-0.04626815044697552,-0.0516220387851285
1642852,4997.229166666668,0.6447048990980447,-1.7274508596907885,-1.0827459605927436,0.0020944388067080334,-0.7510918822848494,0.7011704445633997,1.1816010552320262,-1.4820061965804834,-0.30040514134845686,0.00207146872803275,0.25366929388859316,1.0809572153675822,1.2257400699633032,-1.5274167741826865,-0.30167670421938336,0.0020894195414912415,0.3067708456577995,0.9785701952257373,Derik Queen,NOP,-0.37675630491110546,0.013771666395490434,-0.362984638515615,0.7823408192442868,0.0012715628709265014,-0.7197613220771286
1631111,148.88749999999996,-1.3842883831185377,-0.27693090547508703,-1.6612192885936246,0.005034412316326649,-1.1935711306584524,-0.05611764722900153,-0.4620063342516354,0.1614815849425079,-0.30052474930912754,0.005179511754465419,-0.05255035755102003,0.54348100048927,-0.9400480026406741,0.984696730744467,0.0446487281037931,0.005234743032913312,-0.6425269743591845,1.5430820519449169,Wendell Moore Jr.,DET,-0.3660539455990487,0.6864329036246367,0.320378958025588,1.3606945392844971,-0.34517347741292065,-1.9815982466192126
1631097,3958.9541666666632,0.16832270966934526,-0.30378991556652635,-0.13546720589718111,0.0026633771115167366,0.7322652366102792,-0.8010042996235123,-0.07715129320796185,-0.22352376506167304,-0.3006750582696348,0.0026480464077611424,0.09454422114806835,-0.3677921921576067,-0.11103729776784535,-0.23213018034583616,-0.3431674781136815,0.002654638636090197,0.15941190483993994,-0.4111537230178897,Bennedict Mathurin,LAC,-0.7632358126676335,-0.10400708815888493,-0.8672429008265184,-0.1652078523724537,0.04249241984404667,0.7317756949293374
1642935,33.083333333333336,-4.0115328358819085,2.9421280750529304,-1.0694047608289783,2.4514998713642757e-05,-3.925271449428145,3.143287702348649,-0.125403771984898,-0.19600347661955034,-0.32140724860444825,2.579772118109079e-05,0.014751277108798838,-0.04054034275543281,-2.743779838928486,-1.2276143960533086,-3.971394234981795,2.66608088312093e-05,-2.6232700339684083,-1.072747033882955,Chucky Hepburn,TOR,-0.1422174721370643,-0.46178897662971075,-0.604006448766775,0.74799751222453,3.6499869863773466,-0.4653983120622033
1630548,219.24583333333334,-0.7708873874295481,-1.8436175345121755,-2.614504921941723,0.00044297053665651897,0.2770019022826288,-2.672717394190193,-0.20064990260454638,-0.13219840722919174,-0.33284830983373814,0.0004254257070214667,1.1170731181687312,0.005446465319019822,0.40899584190073907,-0.42651876039516495,-0.017522918494425797,0.0004268315486624047,2.1108786513944984,-0.4037368686080351,Johnny Juzang,MIN,-0.32671987818663467,0.18811255056638598,-0.1386073276202487,2.281656612107985,-0.31532539133931237,-2.4758975943214745
1642883,4573.299999999998,-1.2436385201533056,1.4743913919427019,0.2307528717893963,0.0006119082971865988,-0.28954905864064284,0.22897525843980854,-1.6466895874882854,1.306663735837208,-0.3400258516510777,0.0005953181391431165,-1.0425759678288318,0.31721359528504345,-1.6399150302563636,1.2906021554892138,-0.34931287476714956,0.0005971642960980501,-0.9872500149218207,0.2877536134619149,Sion James,CHA,-0.2640802637809657,1.424416932990507,1.1603366692095411,-0.570778723440474,0.00928702311607188,-0.9295837974201449
201145,426.50000000000006,0.02941969443753536,-1.4012037367205221,-1.3717840422829866,0.0076219106539470935,0.8089653107291069,-1.4919703156519508,0.24211350478078844,-0.5891264280920457,-0.34701292331125727,0.007376613870753003,1.2911290805843993,0.15400002641601962,0.3841635419907923,-1.5392403520227966,-1.1550768100320041,0.007431865513586896,1.5029397671247924,-1.6876807002835483,Jeff Green,HOU,0.12278273126733608,-0.7849068265786934,-0.6621240953113573,1.0247711189717292,0.8080638867207468,-0.7096599469716293
1628396,1126.7166666666676,-1.5570118339304082,-0.5688514746685139,-2.125863308598922,0.0005091583724644557,-1.3543937784647468,-1.3803221625819795,-1.0003799989251188,0.6474336096818882,-0.35294638924323074,0.0004888966908700312,-0.5859220045150579,0.35537628897387197,-1.1236836449791503,0.6238564247612708,-0.49982722021787956,0.0004905789404097108,-0.770277293832437,0.23025087540768274,Tony Bradley,ATL,-0.4917211594250818,0.1946016155829554,-0.2971195438421264,1.772916919355691,0.14688083097464882,-1.8287437647567955
1641755,387.6833333333334,-0.38315426804888997,-0.16596245439645052,-0.5491167224453406,0.0001722287460794843,0.1296912614769724,-0.01007631589348984,-0.739267589420266,0.37555515916034715,-0.36371243025991884,0.00017200464093605294,-0.22174888447708388,0.6026078398300921,-1.1497113666022738,1.0800257345846698,-0.06968563201760408,0.0001718495174574742,-0.7178043542419706,1.393487493632414,Kevin McCullar Jr.,NYK,-0.8859390327437306,0.2703772539810966,-0.6155617787626341,0.18540429218542176,-0.29402679824231476,0.06644505631729347
1628964,109.60416666666667,-2.5003971879221387,1.9390356492002376,-0.5613615387219013,0.015924215473234044,-0.9915522193202553,1.4592641789280483,-1.7972614383861256,1.43033261820153,-0.36692882018459577,0.01595193029016588,-0.02525873474897969,0.6797949659794217,-2.40500705318854,1.595100853810821,-0.8099061993777195,0.015940013626917833,-0.9996694510674525,0.9262824783640262,Mo Bamba,UTA,-1.0110557959682827,0.5934491205086538,-0.4176066754596288,0.19443271853730554,0.4429773791931237,-0.1437548632622725
1642862,918.8041666666668,-0.4615582841430023,-0.5410230969592347,-1.0025813811022368,0.00032545266241340375,-0.5466802903404087,-1.060211128736711,-0.31931711733089074,-0.05911309981760303,-0.3784302171484938,0.0003121015220315477,-0.29258065388631016,-0.4711816156488756,-0.4118048494956172,-0.25727162017296396,-0.6690764696685809,0.00031443938082617416,-0.4113167160822656,-0.6917616489853013,Liam McNeeley,CHA,-0.5174762215125068,-0.07720605434757771,-0.5946822758600845,0.624151163953743,0.29064625252008713,-0.40789910524215234
1642859,1472.2875,0.4620924161328408,-1.078115133241886,-0.6160227171090455,0.00038578581495594754,0.5234353227546387,-0.8286942104519694,0.05214270255582293,-0.4344733756558729,-0.38233067310004987,0.0003816670892255508,-0.05673673670340032,-0.02483766402179391,0.08389167080150373,-0.49761735129089957,-0.41372568048939573,0.0003769552829505565,-0.07526254988001456,-0.04438242262072163,Jase Richardson,ORL,-0.25721764812152126,-0.0019147386342200368,-0.2591323867557413,0.23369204400899568,0.031395007389345864,-0.35689033035330425
1630587,903.5249999999996,-0.2411557504611434,-0.1490553756037433,-0.3902111260648867,0.02985975320678465,-0.41098095825160463,0.0788775586686701,-0.33470973026853723,-0.055510297584121536,-0.39022002785265875,0.029926930390753063,-0.4592199469200844,0.3339568881813292,-0.43148987115503595,-0.02135536846494384,-0.4528452396199798,0.02993643172589674,-0.7568256840633768,0.33818823712002205,Isaiah Livers,PHX,-0.8089959877400372,-0.11399386413226248,-0.9229898518722996,-8.901787772019887e-06,0.06262521176732105,0.5327787258074129
1629646,381.75833333333327,-0.034857441686928406,-0.057524624657832146,-0.09238206634476057,0.00031093081252170916,0.8723705052872305,0.8833645032791431,-0.06833187451028985,-0.32474823307667633,-0.3930801075869662,0.0003102045804968091,0.7816630051215249,0.6599135601382464,0.16209612413383925,1.249291075868177,1.4113872000020162,0.0003080431057310122,1.1114681929726402,2.660913417627134,Charles Bassey,GSW,0.06973780869435409,-0.45820158196376426,-0.3884637732694102,-0.30069804124220567,-1.8044673075889825,0.29608170692464963
1641731,3615.929166666663,0.3153199290258478,-0.7812496777511778,-0.4659297487253299,0.001048362914145642,-0.030034422251859483,0.6282016263409567,0.2939237442852496,-0.6874959213553374,-0.39357217707008807,0.0010485191196323283,-0.3683235489058132,0.9142500210195984,0.2617305136398298,-0.6927049254918597,-0.4309744118520299,0.0010575062753073487,-0.34584958053263926,0.8981616564935673,Bilal Coulibaly,WAS,-1.165765728992329,-0.39110363542524745,-1.5568693644175766,0.07235757165524181,0.03740223478194182,1.0909396156922466
1629020,2841.687500000002,-0.27428802583358025,0.08253046701232938,-0.1917575588212509,0.005780591153618601,-0.433643755604477,1.0259791102678004,-0.3651212254998299,-0.03543087851188877,-0.4005521040117187,0.005852704580937406,-0.5719734673085153,0.9367752118575824,-0.3735602472656553,0.08577510653619203,-0.28778514072946326,0.006231238903682192,-0.5669167346056084,0.9836387987123283,Jarred Vanderbilt,LAL,-0.40915091456019376,-0.001968012159222987,-0.41111892671941674,-0.2087945451904678,-0.11276696328225544,0.21936136789816585
1627752,1528.258333333334,0.7006837461895307,-1.176753964906937,-0.4760702187174064,0.009198184013962723,-0.22386178900255072,-0.1541369521143191,0.9095377599201052,-1.3179578431075163,-0.4084200831874111,0.009306612395353882,0.25389219653075823,-0.3421083856349464,0.8418506320406394,-1.5135960451646038,-0.6717454131239646,0.009297090806468926,0.19113748299603028,-0.8410558856913407,Taurean Prince,MIL,0.013975398537160871,-1.059440764681251,-1.04546536614409,0.06765013552999533,0.26332532993655355,0.5693951474266836
1641778,1004.1916666666674,-1.014538153908409,0.8263646143840269,-0.18817353952438218,0.0003855272099047536,-1.3725852388196453,0.8316103571918114,-0.822187557945117,0.4046897009149323,-0.41749785703018494,0.00038360543368904005,-1.1092336908581792,0.2938459205323807,-1.0571414553021374,0.4112859293377492,-0.6458555259643886,0.0003796879304465728,-1.458120508551817,0.2542102270775631,Leaky Black,WAS,-0.6131184561590884,0.12788340371992601,-0.48523505243916243,-0.22932431750580276,0.22835766893420362,0.2970615129147802
1631107,2020.0458333333322,-0.6031910829998048,0.09662190759608796,-0.5065691754037168,0.002111278063452866,-0.4428451020207276,-0.1551045362471385,-0.6134851210885759,0.15801480390486886,-0.4554703171837072,0.0016309303832576245,-0.6115506936620583,0.1484304148319232,-0.6319131223803776,0.1888585553928085,-0.4430545669875691,0.0015707590694568104,-0.643149615601149,0.21891213851752117,Nikola Jović,MIA,-0.5575748860084634,-0.3565938360761275,-0.9141687220845909,0.051098858220009646,-0.012415750196138053,0.40759954668087406
203897,3062.1166666666677,0.8526119655207243,-0.9183342150982577,-0.06572224957753328,0.009396164847698715,1.461440537522293,-1.2019346453296877,0.5070044005581515,-0.9752900588010156,-0.4682856582428639,0.009392090470570921,0.7407479160621206,-1.399059778595912,0.5582225735953277,-1.0361654428949243,-0.47794286929959656,0.009414976616164562,0.7928911931046495,-1.5216257173272192,Zach LaVine,SAC,0.557676439330488,-1.9365704726043544,-1.3788940332738664,-0.4025634086653306,0.009657211056732673,1.313171783696333
1642403,89.20833333333334,-1.8761214365135739,-1.7092343193642467,-3.5853557558778197,0.0002618851326134376,-1.4723579936926101,-1.6932113213954023,-0.2193541129169967,-0.27032214379862396,-0.4896762567156207,0.0002594424481058551,0.4472379934313744,-0.12921683498297534,-0.4425286483993614,-2.8695201830261614,-3.3120488314255225,0.00025899358761151083,0.16269127811057293,-3.1184222425327,Isaac Jones,DET,-0.10736242574247158,-0.38304017042789634,-0.4904025961703679,3.095679499162199,2.822372574709902,-3.094953159707452
1630610,576.8333333333334,-1.996274847705782,0.1419224786820974,-1.8543523690236838,0.0005637007680916615,-1.6951102045547213,0.6673756391323156,-0.645034718312451,0.13907295363997974,-0.5059617646724713,0.0005143042014976963,-0.009447328929010818,0.6338286534773455,-0.8537128311566283,0.44221625040625795,-0.4114965807503704,0.0005132615205583124,-0.2838756219792292,0.8956109522881828,DeJon Jarreau,MEM,-0.39733649740742205,-0.1911115342248112,-0.5884480316322332,1.3483906043512124,-0.09446518392210096,-1.2659043373914507
1642277,1607.633333333334,-0.695141654465866,0.3588769289862916,-0.3362647254795742,0.004631845418848894,-1.0937972414148314,-0.20690467597997936,-0.9413251107392682,0.4317249622306695,-0.5096001485085989,0.004591385538442449,-1.4381884354245902,-0.06578882474045425,-1.0480539135481268,0.5039903109161434,-0.5440636026319834,0.0046029139854125035,-1.620723451462496,-0.012144104157427518,Johnny Furphy,IND,-1.3360183295766213,0.5784795806468379,-0.7575387489297833,-0.17333542302902472,0.034463454123384474,0.42127402345020915
1641752,167.20833333333334,-3.5062107812262537,-0.08496187136214814,-3.591172652588404,0.0003744768613262155,-3.5210314023739437,-0.025400275972617015,-0.7069349167960464,0.1858997844366618,-0.5210351323593846,0.00037734021457886595,-0.5657075656675292,0.2728337793983524,-2.2804052222802365,1.2519578772790414,-1.0284473450011948,0.0003808569991946097,-2.203717823878266,1.4032570530973318,Bobi Klintman,DET,-0.6001191191936639,0.13755431493175008,-0.4625648042619138,3.0701375202290193,0.5074122126418102,-3.12860784832649
1641757,3322.8541666666624,0.26314033152486854,-1.6843624128921129,-1.4212220813672443,0.001793388639184716,0.625793902148721,-1.1230916478921935,0.5086140066676037,-1.0633494049864924,-0.5547353983188887,0.0018031978069127147,1.0688619239620625,0.2094450345055691,0.5140331612472905,-1.0682987489405962,-0.5542655876933058,0.0017725328964798203,1.12178740664796,0.20384389049685708,Jordan Miller,LAC,0.6508456719305518,-1.6818627975908034,-1.0310171256602516,0.8664866830483555,-0.00046981062558293374,-0.39020495570699265
1628997,2103.0625000000005,-2.6304774541174303,1.7526485964027496,-0.877828857714681,0.002566224836187974,-1.2255869003577033,0.9904348483859677,-2.554694533272886,1.9657049555808697,-0.588989577692016,0.0025664363259460905,-0.9272402852820796,1.5781028472128724,-2.5137481701386313,2.0058163566230407,-0.5079318135155908,0.0025615526369251623,-1.0069361806393906,1.687230932462822,Caleb Martin,DAL,-1.7354295014054486,1.3935993972717724,-0.3418301041336762,0.288839280022665,-0.08105776417642518,-0.5359987535810048
1630570,2109.029166666665,-0.7150929115896156,0.14333039391117974,-0.571762517678436,0.00520598854651622,-0.5553885005434815,-0.19015604240584727,-0.6251862991997035,0.02259770422050392,-0.6025885949791995,0.005422451061962422,-0.4678789119648452,-0.3017669590909473,-0.6160730930788596,-0.009291434974300034,-0.6253645280531597,0.005518671162556552,-0.4482418295419587,-0.363704961465999,Trendon Watford,PHI,-1.0225864128091147,-1.000258833232932,-2.0228452460420465,-0.030826077300763477,0.022775933073960197,1.4510827283636105
1631213,1907.5666666666666,-0.7346810763903436,-0.1500466317422708,-0.8847277081326143,0.0026950165778888853,0.5245218902361031,-0.8382583444827432,-1.0812593443530594,0.43569610753477506,-0.6455632368182844,0.002715882023008504,0.22706268950792105,0.22401853480397663,-1.009110934980341,0.31890025863364657,-0.6902106763466948,0.002642875115473671,0.21440831862534498,0.20821908764376024,Tyrese Martin,PHI,-0.7733786788559043,0.27889855391185425,-0.49448012494405,0.23916447131432983,0.044647439528410326,-0.39024758318856423
1629631,2991.883333333332,1.273481809276166,-1.6629281006858097,-0.3894462914096441,0.013376465966306773,0.7441300519494881,-0.16249491027457758,1.0837132784391346,-1.7394047201860634,-0.6556914417469286,0.013358736808220433,-0.13074109680373416,-0.2994965902473078,1.0565068679240563,-1.7452974163313588,-0.6887905484073025,0.013364619172527223,-0.0839531665568256,-0.3486959972174461,De'Andre Hunter,SAC,0.6289053374155191,0.28232266457292976,0.9112280019884489,-0.2662451503372845,0.033099106660373856,-1.300674293398093
1642502,657.7624999999999,-0.22813150050796116,-0.30703977299176993,-0.5351712734997311,0.0002688692180405092,0.09651857791769203,0.7207816329340118,-0.26092271791391086,-0.4208601629414324,-0.6817828808553433,0.00026909854372108845,-0.0028980110848440266,0.6829664364052123,-0.43112075660322474,-0.08761764009794377,-0.5187383967011684,0.0002515743320424445,-0.19478209763098042,1.0258051003658375,Malevy Leons,GSW,0.2532704492619785,-0.36630855967521697,-0.11303811041323847,-0.14661160735561218,-0.16304448415417494,-0.4221331630864927
1630533,3155.624999999997,-1.1010661449889425,0.6593713665635683,-0.4416947784253741,0.0019013967550124708,0.7613917390948989,0.6214302053512947,-1.2406337102968557,0.5534868441108378,-0.687146866186018,0.0027343875697506616,0.6750455978937367,0.5697819375871597,-1.2492725208745017,0.5068302282304105,-0.7424422926440907,0.002919189474946431,0.7250546571270587,0.5644367497202964,Ziaire Williams,BKN,-0.6851738773891873,0.8899807446542632,0.2048068672650759,-0.24545208776064387,0.05529542645807273,-0.64650164569045
1641816,412.70833333333326,-1.9151403753294791,-0.17021080673764988,-2.085351182067129,0.0027856057952529967,-0.7385758828603894,-1.0174563398774024,-1.3786109829062032,0.6823326629956383,-0.696278319910565,0.0027363707558245515,-0.02850918454712628,0.07701419032323459,-1.6626530285337808,0.5460491091447439,-1.116603919389037,0.002710894308980962,-0.38394312503462646,-0.060346389287106686,Hunter Tyson,DEN,-0.8763423642176333,0.32218877774225274,-0.5541535864753806,1.389072862156564,0.4203255994784719,-1.5311975955917485
1641842,3839.8416666666662,-2.0052869849276287,1.7710977101401568,-0.23418927478747165,0.0036761141695700666,-0.12295019585502909,0.7354363248277239,-2.298047029510125,1.5846796776386043,-0.7133673518715209,0.00365720411452725,-1.0016887692276388,0.8066699666133145,-2.2911404838689493,1.5391731027322912,-0.7519673811366576,0.0036343738420666033,-0.950478345131604,0.7388392896778413,Ronald Holland II,DET,-1.1341588641488218,1.2947416316278506,0.16058276747902878,-0.47917807708404925,0.038600029265136726,-0.3947720422665004
1641725,276.6083333333334,-0.49506275181309656,0.0629663438005871,-0.4320964080125095,0.0003474229902445254,-0.5229955502053807,0.3473541888985974,-0.7491381960372945,0.022790081500564576,-0.72634811453673,0.00034725270745678325,-0.72760365032066,0.31847661770508706,-1.6663449789338505,-0.2226971980261526,-1.8890421769600034,0.0003413058102511537,-1.768824653473671,-0.028447664255850505,Trey Alexander,NOP,-1.0678690430073152,-0.41739666501215666,-1.485265708019472,-0.2942517065242205,1.1626940624232733,1.0531693000069624
1630534,2370.9666666666662,-1.0031457495827751,0.19769791460153596,-0.8054478349812392,0.008857214882082196,-0.44811522365605616,-0.6959307699863808,-1.1655505346408324,0.4151057216923914,-0.7504448129484408,0.008832214257385352,-0.6961054015448478,-0.1437296513110776,-1.19143527029677,0.26961712346540573,-0.9218181468313642,0.008837689381434961,-0.706359648510379,-0.21097907041335012,Ochai Agbaji,BKN,-1.7880475939016731,-0.08342714443216992,-1.871474738333843,0.05500302203279839,0.17137333388292342,1.0660269033526037
1642855,15.083333333333332,-7.313497937046487,1.1621609967258253,-6.151336940320664,2.2324138891369483e-05,-7.2763664707062885,1.4397295863255266,-0.2761957307907589,-0.4938992482496314,-0.7700949790403901,2.2308190762928824e-05,-0.19430546074628366,-0.24416453829117582,-8.111074087118293,-1.0028544914115463,-9.11392857852984,2.2538359254170815e-05,-8.051336135783009,-0.7571174835979082,Noa Essengue,CHI,-0.2730411230912598,-0.5950960802715388,-0.8681372033627985,5.381241961280273,8.34383359948945,-5.283199736957865
1642383,3439.045833333334,1.2335166504803214,-1.878690585000698,-0.6451739345203762,0.001043161023812848,0.02362489996454431,-0.7643131402444403,0.9465547834167547,-1.7260030207755714,-0.7794482373588166,0.001049413358568507,-0.3682392742164553,-0.6084601866553018,1.003073475932528,-1.7025383002246854,-0.699464824292158,0.0010437610356412038,-0.30105100994951917,-0.6246554173675064,Walter Clayton Jr.,MEM,-0.4849301017913896,-2.0928366892119286,-2.5777667910033184,-0.13427430283844044,-0.07998341306665868,1.9325928564829422
201566,4544.633333333331,2.2112639041763096,-2.7208964438378747,-0.509632539661564,0.0019947654533369673,1.5461015638201423,0.49927442799063604,2.0143854050768883,-2.8092059677219683,-0.7948205626450809,0.001998260039009683,1.1403849657377356,0.4748625525033344,2.0246510931849473,-2.8149144181422274,-0.7902633249572808,0.0020130342772598456,1.1687985631071387,0.5261031617354532,Russell Westbrook,SAC,-0.26144042747062485,-0.4013191636216474,-0.6627595910922722,-0.285188022983517,-0.004557237687800142,0.15312705143070826
1642885,1518.3708333333338,-0.984399995979121,-0.40843390853920447,-1.3928339045183253,0.0004481076158256117,-0.6245098975524856,-1.4670918419767986,-0.8918444853813778,0.07158832343892528,-0.8202561619424525,0.00044710435661499825,-0.48713957194478064,-0.8478670487552679,-0.9105719483695557,-0.17559168218506516,-1.0861636305546207,0.0004450698558652055,-0.5688195702750706,-1.0883135323260154,Mohamed Diawara,NYK,-0.6822104949699064,-0.15925665433471017,-0.8414671493046165,0.5725777425758728,0.2659074686121682,-0.5513667552137088
1642419,1272.2375,-0.49821746471127,-1.5556931947074335,-2.053910659418704,0.0008036238370498521,-0.6238052386365518,-1.7008504263534758,-0.5702783063322776,-0.2564661669394196,-0.8267444732716971,0.0008379910143799402,-0.401473517942452,0.06710424497706338,-0.5314954449496879,-0.5288465817265006,-1.0603420266761885,0.0008620247079440628,-0.5245840699174672,0.046721073731386384,Jamison Battle,TOR,-1.0366911969217967,-0.46705980933580404,-1.5037510062576007,1.2271661861470071,0.2335975534044914,-0.5501596531611035
1630621,106.19583333333335,-3.18685062171677,-1.4985705758996748,-4.685421197616445,0.00013205220794533848,-3.3279887744521073,-0.8095949355665542,-0.1587989758349355,-0.6809518042089835,-0.839750780043919,0.00013295728869940727,-0.20823551503668095,-0.010136970292851322,-2.360645483082607,-2.0091877976779884,-4.369833280760597,0.0001322210127938683,-2.4764627701715782,-1.4015532275553042,Hunter Dickinson,NOP,-0.3899826580609191,-0.8519752487401513,-1.2419579068010704,3.845670417572526,3.530082500716678,-3.4434632908153744
1630171,4174.187499999998,-1.065734300418749,0.21759001225104893,-0.8481442881677002,0.005529722041966216,0.3764253194768479,-0.10104678285754343,-1.163743045702781,0.3161120466112769,-0.8476309990915043,0.005575050475860091,-0.07412848802900565,0.2108569203487277,-1.1770397402724133,0.31428395881897675,-0.8627557814534367,0.0056948880710036625,-0.028634126094434928,0.15643763623031076,Isaac Okoro,CHI,-0.5834753764536007,0.2534336339509109,-0.3300417425026898,0.0005132890761958553,0.015124782361932376,-0.5181025456650104
1631113,888.0666666666664,1.5043121251826033,-2.5916078041673543,-1.0872956789847508,0.00038615037787476434,0.1252191243585501,-0.448431286418621,1.317379490964989,-2.165158058921241,-0.8477785679562521,0.00038675895809586134,-0.2911806762150002,-0.055167811778053494,1.1766155756921992,-1.2109325836967482,-0.03431700800454922,0.00040157600873844747,-0.3768712160522133,1.1782863205529206,Kennedy Chandler,UTA,0.15860850448069663,-1.436501241455931,-1.2778927369752344,0.2395171110284987,-0.8134615599517029,0.19059705799048365
1642367,622.2416666666664,-3.1550025906534453,0.20347705288312562,-2.95152553777032,0.0011851501641183993,-2.4732607975103598,0.807496488566462,-1.5737630042164394,0.7122687944598397,-0.8614942097566003,0.0011870654335768818,-0.09562266011336132,1.5481270516635386,-1.6373091405412796,1.5686778506887387,-0.06863128985254141,0.0011819118198567243,-0.3053926789257474,2.9696101658636938,Jonathan Mogbo,TOR,-1.6568346347696483,1.0706194813737344,-0.5862151533959139,2.09003132801372,-0.7928629199040589,-2.365310384374406
1641707,2796.1625000000026,-0.7916863955542845,-0.4519487879287737,-1.243635183483058,0.000370270968632866,-0.22371048352784628,0.23352609274213904,-0.5015196418589112,-0.3600071146626477,-0.861526756521559,0.00036752224259403314,0.08631270598558147,0.39524786459815264,-0.5182049560886322,-0.37381722474059853,-0.8920221808292306,0.0003706199403313808,0.09530340241041103,0.39717930013955444,Taylor Hendricks,MEM,-0.6636707789563263,0.10240120728023422,-0.561269571676092,0.38210842696149894,0.030495424307671604,-0.6823656118069659
1642917,90.68750000000001,-4.3395598978455165,-0.6909446270879745,-5.030504524933491,0.00024467888382204665,-4.308326343785999,-0.5621561194278273,-0.6037438665645373,-0.26631524211921814,-0.8700591086837554,0.00024130992887338748,-0.47895275241775637,-0.13967801811652006,-3.5758309133660524,-2.2076324324193157,-5.783463345785368,0.00024323897966319354,-3.519248769546084,-2.132783552674388,Max Shulga,BOS,-0.829795727277209,-0.47464635452116427,-1.3044420817983733,4.160445416249735,4.913404237101612,-3.7260624431351177
1630545,1344.187500000001,1.137781723373572,-2.8884152783381243,-1.7506335549645526,0.0011962986063802597,0.1869627181791641,-1.7458769605453162,1.3745939960161453,-2.253457454782397,-0.8788634587662519,0.0011974125490795242,0.4774695602079795,-0.8105147192744723,1.3309000696611597,-2.639212330659034,-1.3083122609978748,0.0011931931785880369,0.5121686240630717,-1.3447962119402992,Terrence Shannon Jr.,MIN,0.8111848669624866,-2.1293780385939947,-1.318193171631508,0.8717700961983007,0.42944880223162285,-0.4324403833330446
1630579,3243.004166666667,-2.2820469117389606,1.0443061747573403,-1.2377407369816207,0.001368067949031199,-0.9534950294749476,-0.3546354908455834,-1.8647687139281488,0.9799395707031469,-0.8848291432250015,0.0013643046681706115,-0.4357459089902078,-0.35579272314054744,-1.9087012489946809,0.9691194732990823,-0.9395817756955989,0.001363879220849753,-0.3862093311779867,-0.40686394731730685,Jericho Sims,MIL,-0.8656925422218382,-0.6005898258804212,-1.4662823681022594,0.3529115937566192,0.05475263247059736,0.22854163112063874
1629610,149.75833333333333,0.604247138009337,-0.46943467339994804,0.13481246460938898,0.0011745166344705675,2.717170293877472,-0.2100347560314792,-0.8130313908582734,-0.08403549497189594,-0.8970668858301692,0.0012112611568614198,0.8653902473412471,0.3849566527690472,-0.09561614409203847,-0.5145414827785066,-0.6101576268705452,0.0012317666755242416,1.9245901081020984,-0.2673730855348132,DaQuan Jeffries,SAC,0.1716726703746952,-0.2521430262397704,-0.08047035586507523,-1.0318793504395583,-0.28690925895962405,0.2152828204744642
1641718,4404.895833333334,2.3858302395324102,-2.693638837364396,-0.3078085978319868,0.00265551611727554,2.2379640376156735,-0.972536793792592,2.10693804079408,-3.037884277672709,-0.9309462368786295,0.002638833633519914,1.377232346861473,-1.6504379131429987,2.040863834872173,-3.034076562305114,-0.9932127274329405,0.002645563607749361,1.4262366041563703,-1.5607969071672927,Keyonte George,UTA,1.098503968331461,-2.316434463975818,-1.2179304956443568,-0.6231376390466428,0.062266490554310994,0.9101218978123701
1629599,1222.1124999999993,-1.350896864028309,-0.38354397108555005,-1.734440835113859,0.002258401337554866,0.7053760259382513,-1.1361931186365497,-1.3842546334233732,0.4345733577826853,-0.9496812756406877,0.0022509335960819534,0.431475379957283,0.6186280200132331,-1.4129268025094324,0.46457394912195726,-0.9483528533874754,0.002239226626124037,0.42155247090706083,0.8336915864302705,Amir Coffey,PHX,-0.8846278512807655,-0.5014818463473456,-1.386109697628111,0.7847595594731712,-0.0013284222532122802,-0.34833113748574784
1630165,974.4833333333323,-1.5331658741268688,0.5669896950135637,-0.9661761791133052,0.019503289916792992,-1.0401693588423646,0.5950115616661598,-1.4367197319788763,0.4766182094981001,-0.9601015224807764,0.019565078286770666,-0.8077402295010134,0.5842076590662749,-1.489891311580738,0.43594138713307445,-1.0539499244476636,0.019584928320557214,-1.0600169055298552,0.5171010023894609,Killian Hayes,SAC,-1.2388437033576916,-0.011638226397226725,-1.2504819297549183,0.006074656632528819,0.09384840196688715,0.2843057506416131
1642868,2050.9249999999997,-1.3503381744017227,-0.601318362854739,-1.951656537256462,0.0004461408241572812,-0.8474953172462851,-0.7483125718210164,-1.1266811536550978,0.15439393128900267,-0.9722872223660955,0.00044339168541978626,-0.5184510336313124,0.36787075754063425,-1.1364414016493314,0.2390945373540406,-0.8973468642952905,0.0004476428077282259,-0.548993826659188,0.48348526551776344,Carter Bryant,SAS,-0.4251914521877312,0.25135325559371435,-0.17383819659401684,0.9793693148903665,-0.07494035807080501,-1.7778183406624453
1630560,2153.6833333333357,1.172656867382822,-2.2412141546700197,-1.0685572872871982,0.002852391465891942,0.6307415504032383,-2.0932441085658815,1.1202205748677643,-2.092666602246676,-0.9724460273789122,0.002830322699037497,0.42335062675271407,-1.8121251289746239,1.109800240355981,-2.1718399515837925,-1.0620397112278117,0.0028556647730976674,0.4966678201281657,-2.0952202901720214,Cam Thomas,MIL,0.6105683915089177,-3.0972322193431023,-2.4866638278341844,0.09611125990828606,0.08959368384889954,1.4181065405469861
1642353,1234.8750000000005,-2.91919180811398,-0.3509661967084681,-3.2701580048224463,0.001260511494103595,-2.199889959823329,-1.7330746835582316,-2.079161447030029,1.099415132845313,-0.9797463141847155,0.0012494634604066582,-1.0652078768926938,0.19007326444236053,-2.2802033557105945,1.1562292551685873,-1.123974100542007,0.0012594275955408944,-1.3116424564182285,0.3303291820669011,Cam Christie,LAC,-1.4944292458006525,0.3985323719684757,-1.0958968738321768,2.2904116906377308,0.1442277863572915,-2.1742611309902697
1642281,4461.095833333335,0.5943161551714709,-1.287304991216224,-0.692988836044753,0.0012600133539345435,0.8067816603667778,-0.28455940629765225,0.4074627913321439,-1.396776921004658,-0.9893141296725141,0.0012025392725597344,0.14939368073047696,-0.31131641629151974,0.41321320361607833,-1.4457075305686173,-1.0324943269525386,0.001209975636498841,0.1771948550771082,-0.33025567312029763,Jaylon Tyson,CLE,0.3843547124832219,-0.6335994797831994,-0.24924476729997752,-0.29632529362776105,0.043180197280024535,-0.4437440687447755
1642939,334.3083333333333,-0.987247026052404,-0.9986031274592863,-1.9858501535116901,0.00019008439165912574,-0.7582556202320296,-0.972642684667363,-0.7521471393667609,-0.2453489359975336,-0.9974960753642943,0.00019640692286109322,-0.46817395202572687,-0.15064250379918034,-1.4075931796080083,-0.6165323383473853,-2.024125517955394,0.00019628761081403,-1.1741898422711363,-0.5408820946422712,Miles Kelly,DAL,-0.8859742234522914,-0.40877774079026674,-1.294751964242558,0.9883540781473958,1.0266294425910996,-0.6910981892691321
1630625,154.12500000000003,-2.811371900952666,-0.06434672946311677,-2.8757186304157836,0.0018603155622554587,-3.9057026287476084,-0.13946400814643178,-1.2184876641221254,0.20407715896567508,-1.0144105051564503,0.0018437223729417646,-1.2118143576197742,0.2816685861571073,-3.5156970086920865,0.49795958482683805,-3.0177374238652477,0.0018540718686903192,-5.08247544971383,0.7960853636872186,Dalano Banton,BOS,-1.6017785008485288,-0.04096035135340015,-1.642738852201929,1.8613081252593333,2.0033269187087974,-1.2329797782138545
1630574,1215.8541666666663,-3.176643322162067,1.1708183074984226,-2.0058250146636434,0.0005778030548040724,-2.6866535842748425,0.6101371054611149,-2.1836632582035795,1.1609751940682842,-1.022688064135296,0.0005773843750561954,-1.4764288052940675,0.7297398525408935,-2.422825776699805,1.1813900642977735,-1.2414357124020312,0.0005733848454389272,-1.7959587351923665,0.8800131623239142,Ariel Hukporti,NYK,-1.748260561649422,0.94938944049184,-0.798871121157582,0.9831369505283474,0.2187476482667352,-1.2069538935060615
1643007,1230.5750000000007,-1.1834612228921935,-0.6397174783632253,-1.823178701255419,0.00027872394226123186,-0.7831706594053285,-0.08456046377560011,-0.5229562119230918,-0.5004402293380418,-1.0233964412611338,0.00027249644153606146,0.12121508832922431,0.10686826909910507,-0.48654356674972526,-0.4574500589409952,-0.9439936256907204,0.0002730416640806883,0.08157877001215065,0.08551806994169804,Taelon Peter,IND,-0.6644542188168258,-0.45684139008741353,-1.1212956089042394,0.7997822599942852,-0.0794028155704134,-0.7018830923511796
1628365,89.41666666666667,-4.7427947900517875,-0.30491704022662347,-5.047711830278411,0.00836430461813091,-6.917797250853253,-0.007548666790010317,-0.8944769706059461,-0.13004355957641217,-1.0245205301823586,0.008395357121644588,-0.8964007622219516,0.29226135037496825,-4.145301008809878,-0.33592462509793475,-4.481225633907812,0.008391726932369179,-5.902243504600874,-0.04158832163171279,Markelle Fultz,TOR,-1.3651120504568406,-0.17557768809454916,-1.5406897385513898,4.023191300096053,3.4567051037254535,-3.507022091727021
1642869,1867.095833333335,-0.8388413771138838,-0.582806198761359,-1.4216475758752427,0.0008109025882271968,-0.47213800749369295,-0.15661147997483793,-0.8777817497182887,-0.15280551226831457,-1.0305872619866032,0.0008203319568424673,-0.5988558796111689,0.4564126104926144,-0.8810299677770997,-0.09188260518573237,-0.9729125729628321,0.0008221223418361056,-0.6567204079984429,0.5441212327901745,Noah Penda,ORL,-0.5752611608118204,-0.09958867816160277,-0.6748498389734232,0.3910603138886395,-0.05767468902377115,-0.7467977369018195
1631115,62.04166666666667,0.2790226443811091,1.3245218363088607,1.6035444806899701,0.000916361298527553,2.1513523507460763,1.660372346960432,-1.0771135135967165,0.036480781924425595,-1.0406327316722908,0.0009102047251315383,0.27188157093541165,-0.22163591324417373,-1.7707222903206419,-0.9342527643641771,-2.7049750546848186,0.0009075956858652055,-0.686792622870367,-1.4067155713682973,Orlando Robinson,ORL,-0.6031907742567596,-0.5871902138974168,-1.1903809881541765,-2.644177212362261,1.6643423230125278,2.7939254688441464
1631093,1684.2041666666655,0.04533423092883454,-0.740658960603783,-0.6953247296749484,0.007168121617854219,0.571478050294297,-0.9459869928086819,-0.3828761050404168,-0.6744996461536414,-1.057375751194058,0.007163345248897953,-0.11711186721276448,-0.5529615064493588,-0.2154684958650305,-0.7866707188422936,-1.002139214707324,0.007183135040038692,-0.15474504449059945,-0.7298605563544524,Jaden Ivey,CHI,-1.0452934708194763,-0.7513576172835392,-1.7966510881030155,-0.3620510215191096,-0.05523653648673399,1.101326358428067
1631351,559.35,-0.27506717664112557,-0.6466826295342699,-0.9217498061753956,0.0001984989618868099,-0.8278745028891232,1.000399687293409,0.21847445803180426,-1.2781754535743244,-1.05970099554252,0.00019299133739949416,-0.20077723667767647,0.3810912682934037,0.004217546735619193,-1.1886907766409889,-1.1844732299053702,0.00019747485834147786,-0.5290679697917694,0.34911364900149955,Lucas Williamson,MEM,-0.6635842727096917,-0.6791526970490653,-1.342736969758757,-0.13795118936712447,0.12477223436285012,0.4209871635833614
1643016,1230.4624999999996,1.1748094503602386,-0.9567002352360335,0.21810921512420495,0.0003832519928404359,0.8708178897162732,1.7399519230366745,0.35571892688631634,-1.4184030334681448,-1.0626841065818282,0.00039410839866873957,-0.40316078504742836,1.120704724186174,0.2885601680162086,-1.013818480452554,-0.7252583124363452,0.0003833472187589573,-0.47087874862144485,1.7420888297862587,Bez Mbeng,UTA,-0.5746492538719972,-0.41406538867306913,-0.9887146425450664,-1.2807933217060332,-0.337425794145483,1.2068238576692714
1628502,488.0333333333334,-3.0839376928124222,-0.30288171272534925,-3.3868194055377714,0.0004317014197931939,-2.2106410600668958,-0.2186106223663879,-2.2075623569669007,1.1432555901863943,-1.0643067667805062,0.00045023680094839936,-1.251713518043299,1.3671726054703186,-3.1204358273303945,1.9857984655771301,-1.1346373617532648,0.0004188877562340609,-2.2743153230825777,2.2987627354030136,Nigel Hayes-Davis,PHX,-1.8280520711870265,1.0730548232349273,-0.7549972479520992,2.3225126387572654,0.07033059497275862,-2.631822157585672
1631321,3655.50833333333,-0.9530260914527124,0.9468936043582483,-0.006132487094464262,0.0019454303903712656,-0.003396351026693112,0.5648498715496082,-1.7174699982024262,0.6367562935907983,-1.0807137046116284,0.0019253812426512252,-1.2894582718085392,0.1311863168734656,-1.7157569328468445,0.6025979987725711,-1.1131589340742736,0.0019315399651588221,-1.2435719569034624,0.08839824285587745,Sidy Cissoko,POR,-1.7039457002797063,0.43814059544073725,-1.265805104838969,-1.074581217517164,0.032445229462645164,1.2596726177445046
1641765,2378.0666666666652,-0.008508459187669055,-1.2043943458387332,-1.2129028050264024,0.0008520050220283036,1.2685158049400336,-0.560205970462551,-0.15755916458779606,-0.9434649473602684,-1.1010241119480648,0.0008659345988992977,0.9095927673988164,0.16231000004230725,-0.19782425541334597,-0.9387583742591052,-1.136582629672451,0.0008680028810095383,0.9788698240160022,0.15647178919053623,Olivier-Maxence Prosper,MEM,-0.5761208879737877,-0.27719087747152804,-0.8533117654453157,0.11187869307833753,0.03555851772438623,-0.3595910395810866
1642848,3622.9375000000045,1.1444335533147787,-2.039769279198997,-0.8953357258842182,0.000549711531556674,-0.5990074626372655,-1.701733999018843,0.9073088720992402,-2.032104306239541,-1.1247954341403008,0.0005579724821022137,-1.0101130606044697,-1.4943432095928706,0.9107702090038389,-2.050262019626773,-1.1394918106229337,0.0005560621623837809,-0.9746913127590916,-1.527436606876853,Tre Johnson,WAS,-1.0567170897211047,-2.1952065495532618,-3.2519236392743665,-0.22945970825608264,0.014696376482632889,2.356587913390148
1626145,2470.1541666666653,-0.3290680033671288,-0.41046525225999897,-0.7395332556271278,0.00370311541869264,-0.05184392977125596,0.26475202714506796,-0.5381328153989544,-0.6095637943875399,-1.1476966097864945,0.0034777195231018698,-0.42019965636794376,-0.4413408785693981,-0.5039761065801445,-0.8741852854196699,-1.378161391999814,0.003485661054937106,-0.44664827158729004,-0.5248144702904421,Tyus Jones,DEN,-0.6832519339104695,-1.0940988874051465,-1.777350821315616,-0.40816335415936666,0.23046478221331945,1.037817565688488
1642873,374.51666666666677,-5.708107845300047,1.1087502123340867,-4.599357632965961,0.00026582976324880664,-4.785996598335528,1.2174838576103453,-2.0771816190602364,0.9242008322326267,-1.15298078682761,0.0002649962308053602,-0.9008979982065368,1.0013502019550173,-3.138184824220521,2.693528453237831,-0.4446563709826906,0.0002636912622877748,-2.0549704305391803,2.8817754033247147,Amari Williams,BOS,-2.0389973820188203,0.5182045783386467,-1.5207928036801737,3.446376846138351,-0.7083244158449195,-3.0785648292857872
1642282,64.18333333333334,-6.82467621359603,-3.0916722939000705,-9.916348507496101,5.9336153038743044e-05,-6.8718799945647495,-2.9487657076652276,-0.7049157022260798,-0.48873721819928767,-1.1936529204253676,5.828507672522749e-05,-0.5932319196395417,-0.33336739002758453,-5.12441069026152,-3.7000641252222204,-8.824474815483741,5.8508084474794425e-05,-5.1057376612139445,-3.5755709820627914,Hunter Sallis,PHI,-0.8182426541342123,-0.750468489408766,-1.5687111435429784,8.722695587070733,7.630821895058373,-8.347637363953123
1631108,5547.3166666666575,-0.2955063061327234,-0.6399070583539721,-0.9354133644866955,0.0016244978295657552,-0.006547640084614614,-1.1075956304188477,-0.41163345560120695,-0.7898722964655279,-1.201505752066735,0.0015662029889460625,-0.29493586354498236,-1.2082424542533536,-0.41966729879719356,-0.7885379346472072,-1.2082052334444011,0.0016481491127043107,-0.26294595582745517,-1.1196170439389306,Max Christie,DAL,-0.9486188432626428,-0.5804069569662016,-1.5290258002288444,-0.2660923875800394,0.006699481377666183,0.5936124357421488
1641711,2637.3875000000044,-0.03050440529261721,-1.278138650908618,-1.3086430562012357,0.0014012223057513348,-0.11664697605489427,-0.850379105853988,-0.05621149070431861,-1.167736158758764,-1.2239476494630828,0.0013307860591962681,-0.12024004716760153,-0.6077009675412837,-0.008900496277162606,-1.29819484674306,-1.3070953430202228,0.0014974723846443282,-0.10518824047773177,-0.6931961822638831,Gradey Dick,TOR,-0.9154888192064277,-1.596868229403991,-2.5123570486104185,0.0846954067381529,0.08314769355714002,1.2037139924091829
1629652,4627.8083333333325,-1.0402356927913048,0.7035136091834605,-0.3367220836078444,0.0022935082525977293,-0.029943982034416505,0.9922944133325031,-1.274572398529981,0.044441096766648966,-1.2301313017633322,0.002175127464118085,-0.3241246394583769,0.17486463991886628,-1.2695247474154698,0.05642833641350663,-1.2130964110019629,0.002114616914356645,-0.29253613432989867,0.15512312969027514,Luguentz Dort,OKC,-0.9802385625271675,-0.19146653689021445,-1.1717050994173819,-0.8934092181554878,-0.017034890761369326,0.8349830158095375
1641729,4345.625000000002,1.9330131060805797,-3.480788316700972,-1.5477752106203924,0.0007960682942763656,0.9937995319997678,-1.5077288708050673,2.1004881210126123,-3.3462092524603477,-1.2457211314477354,0.0007774600340091238,0.9512161266545862,-1.269526606890385,2.062290649711211,-3.379203923024364,-1.3169132733131514,0.0007813797648834808,0.9798687958487599,-1.2515024633894547,Brice Sensabaugh,UTA,0.8503662822069809,-2.3331462265475666,-1.4827799443405858,0.3020540791726569,0.071192141865416,-0.06499526627980656
1642354,644.0250000000001,-2.57696853956075,0.31158999474637455,-2.265378544814376,0.008321293117811355,-1.8384265711280459,0.35699555323124404,-1.8890608041808015,0.6343622422885137,-1.2546985618922875,0.008514794250239899,-0.8518465999896252,0.9122230178700003,-2.2893469673852698,1.206921666195095,-1.0824253011901743,0.008239230279005045,-1.3889810518739532,1.6611616412333845,KJ Simpson,DEN,-1.8571413842510638,0.42002918936684375,-1.43711219488422,1.0106799829220885,-0.17227326070211313,-0.8282663499301559
1630623,937.7916666666665,1.0094274903269125,-2.167311673781381,-1.1578841834544682,0.0010211002668231658,1.2316316639961706,-1.196211690102182,0.17629759199475908,-1.4676522397095966,-1.2913546477148377,0.0010262112044246232,0.3907202003763708,-0.17471097493552132,0.2992395531577778,-1.610243773516271,-1.3110042203584933,0.0010406962086084313,0.4208390963267513,-0.3575309747815208,Tyson Etienne,BKN,0.19593308695449824,-1.240991237476758,-1.0450581505222598,-0.13347046426036946,0.019649572643655633,-0.11282603293220839
1630592,2082.470833333335,-2.266160155402421,0.8800776134716504,-1.3860825419307703,0.0022935558649864983,-1.0493897942892387,-0.9691101513161864,-2.1563620309006364,0.8381379930414887,-1.318224037859148,0.0022796577990234802,-0.6411852684489838,-0.7310742647657007,-2.1069350665045006,0.6584312690839114,-1.448503797420589,0.0024566673499329767,-0.6992814481665449,-0.9028706424902503,Jalen Wilson,BKN,-0.8564236826675233,-0.6350923526270091,-1.4915160352945325,0.0678585040716222,0.1302797595614409,0.10543349336376218
1631212,4088.504166666673,-1.0806175894053642,0.038923672023931606,-1.0416939173814324,0.0007172693104436456,-0.12670555281807339,0.47735837798591796,-1.2283301601305372,-0.13062588266962552,-1.358956042800163,0.0007064362821418201,-0.5863151339983708,0.05430663729341323,-1.1923996032280535,-0.15502752574614279,-1.347427128974196,0.0007062021019531525,-0.5636563983198054,0.07020028699599425,Peyton Watson,DEN,-1.4325530650696559,-0.15622963684108054,-1.5887827019107363,-0.31726212541873067,-0.011528913825967102,0.547088784529304
1630703,1802.9875,-0.06997597818597552,-1.2558953359813874,-1.3258713141673628,0.0009763065198201118,0.6455601029552843,-0.6094321842765966,-0.21393964187379635,-1.151441248817819,-1.3653808906916154,0.0008791154664081701,0.31428705745494134,-0.25707675882665715,-0.13452820578965283,-1.226330394184934,-1.360858599974587,0.0010083975883744588,0.3769665581120313,-0.3214116503882127,Scoot Henderson,POR,-1.110118710568372,-0.723209565846627,-1.8333282764149992,-0.039509576524252576,-0.0045222907170283655,0.5074569622476364
1630811,1339.974999999999,-1.9360586779851179,0.38792843453351816,-1.5481302434516,0.0014971068137552429,-0.2569705482066009,0.1648387027249013,-1.9457106997375218,0.5612052148769655,-1.3845054848605556,0.0014795099074847134,-0.39782040378952344,0.4516899119899942,-2.07138360843018,0.5836762573712868,-1.4877073510588936,0.00148492804113489,-0.5000168403159891,0.47866824212756626,Keaton Wallace,ATL,-1.3414088106871112,0.0001483782032337122,-1.3412604324838775,0.16362475859104442,0.10320186619833804,-0.2068698109677225
1631124,2200.508333333333,-0.4941563928235664,-1.0817875878010375,-1.5759439806246032,0.0008288356269868919,-0.275788770403688,-0.8691162532456718,-0.41264991458977596,-0.9791291192596978,-1.3917790338494735,0.0007637828433541738,-0.12834290718874733,-0.6629760072039524,-0.4223129313643474,-1.1581445358127782,-1.5804574671771259,0.0007623233393325878,-0.1557319349574987,-0.8268133099263214,Julian Strawther,DEN,-0.7784451811128423,-0.43963450005264826,-1.2180796811654906,0.18416494677512962,0.18867843332765233,-0.3578642994591126
1631174,766.8583333333338,-0.91206599653521,-0.8885288024948746,-1.800594799030085,0.0002837834924091227,-1.3248784758931387,0.32303725048693066,0.09820893919444638,-1.495750213795753,-1.397541274601306,0.0002805001302857473,-0.0424699946927212,-0.32368321145634826,-0.0473951196178391,-1.9756930339268943,-2.0230881535447334,0.00028433266554420605,-0.20534702482528677,-0.858585949737055,Tyler Burton,MEM,-0.4332425349509814,-1.7396284194349914,-2.1728709543859726,0.40305352442877895,0.6255468789434273,0.37227615535588754
1642484,515.5833333333333,-2.2078622629248,-0.61761075813868,-2.8254730210634795,0.00033088222481622267,-2.0298980373921847,-1.120942117545163,-1.149690562059297,-0.25357728411202696,-1.4032678461713242,0.0003257323916643074,-0.8042141460680163,-0.70728847485059,-1.620545108653617,-1.4144627127169471,-3.035007821370564,0.0003244877946548488,-1.3996636628748866,-2.0077466786936715,RayJ Dennis,ATL,-0.949634728184507,-1.2108753829401775,-2.1605101111246845,1.4222051748921554,1.6317399751992396,-0.664962909938795
1630702,2192.325,0.2384875364215076,-2.1396877314276153,-1.9012001950061077,0.0006599383487158419,0.0750087196446263,-2.548539339082732,0.058598935551518586,-1.475341512595692,-1.416742577044174,0.000650292170832427,-0.12123953566911652,-1.1544026413241624,0.021601894909753647,-1.6359920433179032,-1.6143901484081495,0.0006603668170500391,-0.1225340680332757,-1.3843315611937523,Jaden Hardy,WAS,-0.4254601882561962,-1.2620359061826054,-1.6874960944388016,0.48445761796193376,0.1976475713639756,-0.21370410056730615
1641780,136.9041666666667,-6.253235892635965,1.3740894977189217,-4.879146394917042,0.00017133378054426588,-6.027761907952597,1.3329152532062933,-1.588949388511908,0.08918945100205075,-1.499759937509857,0.00017187233519322858,-1.1421968747135132,0.03711572131508312,-5.32582798659483,0.9174720628034418,-4.4083559237913885,0.00017151861964402073,-5.0336288656788115,0.8622807721551266,Johni Broome,PHI,-1.4540163793509366,-0.23400607696731437,-1.688022456318251,3.379386457407185,2.9085959862815316,-3.191123938598791
1641767,3432.975,-0.030644171532547705,-1.3129019489790437,-1.3435461205115917,0.0028925612808155705,-0.2117858824681389,-0.5497780476942118,-0.015023530836507783,-1.4856371999885987,-1.5006607308251068,0.0028764245727488746,-0.18086119296502404,-0.7203397425563872,0.009337360784609347,-1.4858665668819713,-1.476529206097362,0.0028821936467993267,-0.15088652701081806,-0.7448985083074197,Ben Sheppard,IND,-0.04775577657267174,-1.148058428451637,-1.1958142050243088,-0.15711461031351504,-0.024131524727744713,-0.14773191548728293
1642933,184.45833333333334,-1.9515854446663077,-0.825887079828956,-2.777472524495264,6.562182138609709e-05,-1.633699851200896,-0.20451356608139853,-0.7064248834535101,-0.7952929220163267,-1.5017178054698366,6.887282853830493e-05,-0.30761707649479475,-0.1618077438164717,-1.786316315060042,-1.7180717571918147,-3.5043880722518574,6.795455401915548e-05,-1.4241675319983071,-1.1224089850466528,Keshon Gilbert,ATL,-0.3419297655420729,-0.7342440344574267,-1.0761737999994996,1.2757547190254275,2.0026702667820206,-1.7012987244957645
1641748,1011.4791666666667,-2.219527230741231,-0.17765169138343007,-2.3971789221246613,0.0021335204087267385,-1.9639355436423394,-0.2937350701282559,-1.748762450866525,0.24642717691076976,-1.502335273955755,0.0021223119871644565,-1.2984945072896856,0.25322036807196857,-2.0295220613806504,0.29454062426956257,-1.734981437111087,0.002134195083642114,-1.6982174545624023,0.28167962033638644,Andre Jackson Jr.,MIL,-1.1311377426934563,0.827990834519278,-0.30314690817417833,0.8948436481689064,0.23264616315533204,-2.094032013950483
1642266,3635.2291666666674,-0.585023369035282,-0.9674168135307019,-1.5524401825659835,0.0025578361915071933,0.7143218440643937,0.35169301752346793,-0.706371008222258,-0.8076334880384899,-1.5140044962607477,0.002544069877873583,0.2858749779964035,0.5397916682686564,-0.6771013167432716,-0.8243450905296807,-1.501446407272952,0.0024510243110431908,0.3143979522486377,0.48837247922723487,Ja'Kobe Walter,TOR,-0.47864407450780305,-0.07435173020147318,-0.5529958047092762,0.03843568630523575,-0.012558088987795646,-0.9994443778567073
1642348,2371.9625000000015,0.6280772609806075,-2.451442342666968,-1.8233650816863602,0.001104752666230852,0.042605982209017235,-0.41185103876936574,0.6890772702104673,-2.2048615872784776,-1.5157843170680103,0.0011031661635408944,0.17900475036632155,0.0015451645794380409,0.7408180184819864,-2.2380952365341282,-1.4972772180521425,0.0011059554373447284,0.20975523488017134,-0.037687996020065964,Justin Edwards,PHI,-0.3547631661681696,-0.9615913393271177,-1.3163545054952874,0.30758076461834993,-0.01850709901586778,-0.5070105761910728
1642876,379.05,-2.0462063134031645,-0.44560068372044953,-2.4918069971236143,0.010943664046917663,-2.3158795396291314,-0.1283469951770111,-0.8850078463550088,-0.6513215393491268,-1.536329385704136,0.010229456706341114,-1.005831042765706,-0.35510136257110425,-1.8404844670038085,-1.580441617235532,-3.4209260842393396,0.012847297441578028,-2.037808233069581,-1.2516173344554269,Adou Thiero,LAL,-0.770819784482389,-0.7948785094146507,-1.5656982938970396,0.9554776114194783,1.8845966985352036,-0.9261087032265747
1631126,2605.3999999999983,0.5784696360570905,-2.3951077916828467,-1.8166381556257558,0.0008800267477774405,0.16521503186926506,-1.997131730720786,0.7238672026680226,-2.2711268629763377,-1.5472596603083149,0.0008951809674548143,0.3189531441883843,-1.8396593472214544,0.7385999862336392,-2.4302238647501895,-1.6916238785165505,0.0008969694319189657,0.3470999629515673,-2.0917809879035167,Caleb Love,POR,-0.6149901446475053,-1.7343934046544334,-2.3493835493019386,0.26937849531744096,0.14436421820823564,0.5327453936761828
1642847,5218.95416666668,0.8968967551125372,-2.3087970031521556,-1.411900248039619,0.0014769562651967066,-0.15843563308313646,-0.8725906322356056,0.9418914514544294,-2.51986582979328,-1.5779743783388502,0.001461542312620104,0.28970151991207405,-1.1187287946790425,0.9715050988481009,-2.453627599625894,-1.4821225007777927,0.0014774617233790676,0.3233347464914067,-1.0534320556452954,Jeremiah Fears,NOP,0.23081686146952757,-1.8918951417915473,-1.6610782803220197,-0.16607413029923124,-0.09585187756105751,0.24917803228240065
1642275,1438.45,-2.5103186410529843,0.687769363142656,-1.822549277910328,0.0010064986651510768,-0.4736118242999505,-0.20136012963947103,-2.5423078707061486,0.9553565061631328,-1.5869513645430158,0.0010893997410411345,-0.5139621330086881,0.41929346015468927,-2.546818189803279,1.0373397698646687,-1.5094784199386102,0.001006048990161889,-0.6161203614037375,0.5115900663690072,Tidjane Salaün,CHA,-1.4913110948041433,0.4046751273761887,-1.0866359674279544,0.23559791336731228,-0.07747294460440557,-0.7359133104823736
1631451,240.57916666666662,-5.605752035855455,-0.8583876496873568,-6.464139685542811,0.0001659302433902414,-4.946799160427484,-1.0410843858150194,-1.8759137298785606,0.23429130837395404,-1.6416224215046065,0.0001666156644152069,-1.0120778254503346,0.08132677286060958,-3.755408629367268,-0.1052237788565811,-3.8606324082238492,0.00016697375972383696,-2.999645264571748,-0.2695006563270939,Javonte Cooke,POR,-1.5990107510175848,0.15723973520361822,-1.4417710158139667,4.822517264038205,2.219009986719243,-5.022368669728845
1641723,298.70833333333337,-3.1182149161199115,-1.5004491580331492,-4.618664074153061,0.001383752776847259,-2.5351608186405428,-1.3563086815037473,-1.2973829235426877,-0.37346737562566557,-1.6708502991683527,0.0013719017168401396,-0.39160394921323616,-0.10604676884287043,-2.058350488956931,-0.6314946516909667,-2.689845140647898,0.0013938544723728142,-1.2659512462288007,-0.3659693687958246,Kobe Bufkin,LAL,-1.0528827450321596,-0.4788762955491656,-1.5317590405813253,2.9478137749847084,1.018994841479545,-3.0869050335717363
1642258,3758.6374999999994,0.14096920974566257,-1.771973622467274,-1.631004412721612,0.0015251238347619364,-0.051687795961520955,-0.19219042338738912,0.0814778269347785,-1.8297514261510888,-1.74827359921631,0.0016002373709830147,-0.4342188361200574,-0.25212166443912376,0.030464293477501608,-1.7952328613953838,-1.7647685679178824,0.0015175737859846302,-0.39311262666913416,-0.2371442965626157,Zaccharie Risacher,ATL,-0.890266499750543,-0.1298148237546098,-1.0200813235051527,-0.1172691864946982,0.0164949687015723,-0.6109230892164592
1628971,5006.2,-0.855829183168461,-0.5455966318746666,-1.4014258150431276,0.007241476137609242,-0.26574872714005215,0.37698992352891725,-1.012304418536988,-0.7465191062393476,-1.7588235247763353,0.007237078516904618,-0.8076521834619921,-0.16165393146205878,-1.0314689344266132,-0.7011481377885392,-1.7326170722151524,0.0072381459055830015,-0.7365851317977891,-0.16056751217247006,Bruce Brown,DEN,-1.110186258485528,-0.6064713140271765,-1.7166575725127045,-0.3573977097332077,-0.026206452561182925,0.3152317574695769
1641738,2362.9416666666666,-0.8193273790779566,-1.487359495151785,-2.3066868742297415,0.0005348423294864944,0.28906085207411675,-1.0467915876322766,-0.620011373507522,-1.1429298450664394,-1.7629412185739615,0.000544337316392172,0.7586915539659126,-0.24525631369514764,-0.5022682480268125,-1.2190806525881712,-1.7213489006149836,0.0005449719629614319,0.8177457456251686,-0.3011479537790272,Kobe Brown,IND,-0.5597263442928423,-1.380240888230417,-1.939967232523259,0.54374565565578,-0.04159231795897789,-0.3667196417064824
1631466,564.9250000000004,0.8600115480958322,-3.2324454229732935,-2.372433874877462,0.0004936332547876961,0.316789436889094,-1.9238933341414723,0.36485681966456407,-2.1473696106008675,-1.782512790936303,0.0004928873511020296,-0.27082224406927735,-0.5787004759878589,0.05530692241154306,-3.155121571505654,-3.099814649094111,0.0004972498519812167,-0.6490339778959237,-1.8041691840446363,Nate Williams,GSW,-0.4529161877913617,-1.6412145863266128,-2.0941307741179744,0.589921083941159,1.3173018581578082,-0.2783031007594876
1641715,897.2916666666673,0.39600628240764113,-2.570379985531876,-2.1743737031242354,0.0014611482422315313,-0.09827308985456673,-1.7047966153611622,0.40609263028488235,-2.2147892120234203,-1.8086965817385388,0.0013529059215689266,-0.13586909532265415,-1.0925602484744272,0.3479074199489717,-2.6398633015784703,-2.2919558816294976,0.0013282091806189294,-0.2845845126854233,-1.8116610814879688,Cam Whitmore,WAS,-0.8769253488637023,-1.2119481261346094,-2.0888734749983118,0.36567712138569664,0.48325929989095884,-0.08550022812592362
1630192,1573.4999999999993,-3.5192671957959276,0.9089110332889268,-2.610356162507001,0.000682061940675019,-1.2996564168039928,0.30648172378003175,-3.1729968885617787,1.3589508058009947,-1.8140460827607818,0.0006748288812025092,-0.8477580388240933,1.0573276160383758,-3.259763946967128,1.383664116454008,-1.8760998305131196,0.0006746982976080671,-0.9823208039372918,1.1346618898018879,Zeke Nnaji,DEN,-2.3698138806645868,0.7293906198830508,-1.640423260781536,0.7963100797462193,0.06205374775233774,-0.969932901725465
1642261,1384.7916666666667,-1.4117071668794403,-0.9729946463018685,-2.384701813181309,0.0013497863648148278,-0.4281294654922203,-1.4566236676286899,-1.338724981856974,-0.5474110998746838,-1.8861360817316577,0.0014371617360178343,-0.13760269138919592,-0.751193824308095,-1.2907027772143862,-0.7402546679423964,-2.030957445156783,0.0016088603418480372,-0.22877987602516425,-1.0505108015894549,Dalton Knecht,LAL,-0.17792125484328103,-2.212095974795516,-2.390017229638797,0.49856573144965144,0.1448213634251252,0.005315416457488009
1631103,688.7374999999998,-0.9328681972213003,-1.9792265931409339,-2.912094790362234,0.004461170905717246,-0.21501640697580493,-1.8016294485307203,-0.7077650205197117,-1.1799090105920313,-1.8876740311117435,0.004062768045534711,0.21476835830091665,-0.38599131622978355,-0.6908947561515026,-1.498525059084839,-2.1894198152363415,0.00401682529218359,0.24076472197015397,-0.8056901074612747,Malaki Branham,WAS,-1.4648100702377336,-0.3612465161007705,-1.826056586338504,1.0244207592504906,0.30174578412459807,-1.08603820402373
1642846,4962.816666666663,0.2262880565704887,-2.1980798339128005,-1.9717917773423117,0.0016638468737366543,-0.18230291900710938,-0.5268195636024442,0.25560027863931556,-2.1937503148798423,-1.9381500362405273,0.001666636548083845,-0.5412194235350312,-0.8126015004358916,0.2784044348292103,-2.2457864126284024,-1.9673819777991923,0.0016671907524882564,-0.48677968588781917,-0.8015060809609494,Ace Bailey,UTA,-0.662098223085902,-1.6367781566969404,-2.2988763797828424,0.03364174110178442,0.029231941558665042,0.3270846024405307
1642882,939.5416666666671,-1.112664386242509,0.24528882821276202,-0.8673755580297471,0.00031227421256830527,-1.0396387530152154,0.9577575385806407,-1.362987390068003,-0.5789693097034483,-1.9419566997714515,0.00031137819458289614,-1.292730341107594,-0.021908244781426806,-1.658765569645715,-0.6774040465769352,-2.336169616222651,0.0003117449980841051,-1.672349472183704,-0.17838752691918952,Julian Reese,WAS,-1.3766594686304876,-0.7792233752791418,-2.1558828439096294,-1.0745811417417044,0.3942129164511996,1.2885072858798823
1642355,938.7291666666667,-2.1168235665629367,-0.5306725592983572,-2.647496125861294,0.001240605292440796,-1.2555051255432401,-0.7107226417452295,-1.562359647934501,-0.4028740419243243,-1.9652336898588245,0.0012114698109915562,-0.4889899831760802,-0.5498033791207299,-1.6439784522180634,-0.8714440618961048,-2.5154225141141677,0.0013133506696130569,-0.6864745759860357,-1.1296163512093775,Bronny James,LAL,-1.1813478038064658,-1.503954201755942,-2.6853020055624075,0.6822624360024696,0.5501888242553432,0.037805879701113376
1642380,603.2874999999999,-0.5724488264530424,-1.1000678404513766,-1.6725166669044185,0.0001972211049814357,-0.23402962190516963,0.26836957776461184,-0.7010410133092649,-1.383072374058884,-2.0841133873681486,0.00019817303859810136,-0.19386962054499016,-0.07336019093621973,-0.782913616756997,-1.4915849930468061,-2.274498609803803,0.00019764280146938206,-0.36844677967546235,-0.24872112463001494,Adama Bal,MEM,-0.8783065022871666,-1.342388039585748,-2.2206945418729145,-0.4115967204637301,0.19038522243565437,0.548177874968496
202687,344.34166666666664,-5.270895067566263,1.478333802038071,-3.7925612655281937,0.004493213102645461,-4.69238359997835,0.8169203053604472,-3.1195020456886278,1.0258508807850368,-2.093651164903591,0.004471639933073326,-1.2627750988256552,0.13816264576068663,-4.277975460221448,0.46975171743391086,-3.808223742787537,0.004489660868906668,-3.155997924110968,-0.8616131472064376,Bismack Biyombo,SAS,-2.9683922308834476,-0.31578150887198186,-3.2841737397554294,1.6989101006246026,1.714572577883946,-0.5083875257727644
1642260,400.2083333333333,-1.7042705265473892,-1.5887482599099043,-3.2930187864572935,0.00015483920720152963,-1.5222019431895344,-1.6032107341879773,-1.5946861676263864,-0.5270666455197134,-2.1217528131460996,0.00015916095279526913,-1.3765889304786862,-0.39464243334525917,-2.6657550465629662,-0.4804230739182735,-3.1461781204812405,0.00016155768743691363,-2.633781069670848,-0.3923016127381624,Nikola Topić,OKC,-1.6299479035646933,-1.1157716768975448,-2.745719580462238,1.1712659733111939,1.0244253073351408,-0.5472992059950554
1628398,4599.2958333333345,-0.571408069100014,-1.4411051556215728,-2.0125132247215864,0.0024691897092870723,0.27936065938016225,0.0007778395830191354,-0.7826338957714374,-1.3399487444064202,-2.122582640177857,0.0022842123490687998,-0.2563898177100744,0.36158211184191213,-0.7689104959518418,-1.238857293232752,-2.0077677891845935,0.002315379385979109,-0.19793349973920793,0.35753206240017354,Kyle Kuzma,MIL,-1.4448420078298254,-0.42471864712798735,-1.8695606549578128,-0.11006941545627047,-0.11481485099326338,-0.14295256976377368
1642358,1134.833333333333,-2.9351030416813586,-1.5289018622875064,-4.464004903968865,0.0006172308145063942,-2.633451300734015,-2.804829330195488,-2.1072042326971685,-0.026594505865094813,-2.133798738562263,0.0006087111393152898,-1.7123415192309037,-0.7125946047862438,-2.4979483700385723,0.11332527252477329,-2.3846230975137996,0.0006064215155103055,-2.0871685678606933,-1.0146187217898972,AJ Johnson,DAL,-1.897385721448573,-1.044274631806775,-2.9416603532553482,2.330206165406602,0.25082435895153665,-1.522344550713517
1630208,1700.0208333333335,-2.4049419416329556,-0.44808681388367877,-2.8530287555166347,0.00667952395887476,-2.282470997649705,-0.08175408049562127,-1.753890824274983,-0.4216967649708484,-2.175587589245831,0.006186691436341777,-1.2196499300443007,-0.0044820060661138195,-1.7243622124160367,-0.4393412037598666,-2.163703416175904,0.005913752735127734,-1.3902129753325159,-0.03497455022936409,Nick Richards,CHI,-1.4780655297814809,-1.5482341845003242,-3.026299714281805,0.6774411662708038,-0.011884173069927062,0.1732709587651704
1629234,1345.8833333333332,-3.0663919499584766,0.7631052329571208,-2.303286717001357,0.0018356435490525054,-1.6316796295890899,0.7069937794205388,-3.039288579073803,0.8552961197994078,-2.183992459274395,0.0018405308623519402,-1.744776468605701,1.1562942559499427,-3.2563093566010046,0.9807764821647844,-2.2755328744362195,0.0018311457976163143,-2.088877927585611,1.3599287389809085,Drew Eubanks,SAC,-2.374700602609436,0.7886079667314917,-1.5860926358779444,0.119294257726962,0.09154041516182465,-0.7171940811234125
1641998,205.9416666666666,-4.415609407868199,-0.6036581739004563,-5.019267581768655,0.0006960740965007933,-4.090571020514421,-1.1742701212875197,-2.3500139908746247,0.16379039203498763,-2.1862235988396366,0.0006371096636158404,-1.4018578680472105,-0.14230018415881276,-4.7157157799044205,-2.0441348999194355,-6.759850679823856,0.0006399808825992578,-4.508649362877944,-3.023565313781405,Trey Jemison III,NYK,-2.0923956277909284,-0.9336573101549854,-3.026052937945914,2.833043982929018,4.573627080984219,-1.993214643822741
1642875,4806.0333333333365,-0.11596518719774393,-2.1720561998451093,-2.2880213870428534,0.0019383633009864634,-0.699497620582713,0.020435462048617403,-0.08994574187241093,-2.1017207753135407,-2.1916665171859515,0.0019304683503812408,-0.862180659665533,0.3724722700565013,-0.0734974995307842,-2.0375696719841567,-2.1110671715149403,0.0019366018554778583,-0.7600907705858132,0.37752848714189496,Maxime Raynaud,SAC,-0.6727553390905399,-1.8233314106960008,-2.4960867497865404,0.09635486985690189,-0.08059934567101124,0.20806536274368703
1629018,3443.2458333333316,-0.08230986218072481,-2.34274616205001,-2.4250560242307353,0.0031585922517850776,0.06509350606607667,-1.266525248308125,-0.08716202874660316,-2.1086789310502443,-2.195840959796848,0.00315897604593115,-0.11417162637221848,-0.9855514461133731,-0.07371989094623752,-2.187313350465023,-2.2610332414112593,0.0031516258325805808,-0.09709329382231956,-1.0442164290088265,Gary Trent Jr.,MIL,-0.8115200967767002,-2.0534494728773787,-2.864969569654079,0.2292150644338875,0.06519228161441148,0.4399135454233436
1631172,2693.6374999999994,-1.769801604851467,-0.5916621314581244,-2.3614637363095916,0.0010518736486333966,-0.6327145139752606,-1.1222463499964914,-1.8627696679987669,-0.33795568406279575,-2.2007253520615624,0.000907822127485701,-0.8172397431103817,-0.6858762987632651,-1.9295061232616444,-0.3916234673249078,-2.321129590586552,0.0008923549317165524,-0.8056461115701482,-0.7274587626394626,Ousmane Dieng,MIL,-1.9904376778334738,-0.9376448916694838,-2.9280825695029575,0.16073838424802922,0.12040423852498972,0.5666188331933659
1641724,1680.0250000000003,-0.5883853269633861,-2.5262284340847048,-3.1146137610480915,0.0010505782428659686,-0.22331161297263535,-1.7702678958302833,-0.37797921404392987,-1.9079391266364325,-2.2859183406803627,0.0010609557250107102,-0.10791110493759373,-0.7885063560061326,-0.4191129561339393,-2.0800487695970795,-2.499161725731019,0.0010524269769388484,-0.1029629038288946,-0.9876603488931287,Jett Howard,ORL,-0.442368330362215,-1.453955638951526,-1.896323969313741,0.8286954203677288,0.2132433850506561,-1.2182897917343505
1631104,939.3374999999996,-1.4113553492380135,-1.467975159642412,-2.8793305088804253,0.002252867321531381,-0.7242008123134289,-0.609029715023873,-1.3985468710817375,-0.9947352683650289,-2.3932821394467667,0.0023343029743478107,-0.6987727323927726,0.24157429845283787,-1.5365569083203177,-1.0021430419470292,-2.538699950267346,0.0024335679942998154,-0.9158259841698512,0.2733313232532307,Blake Wesley,POR,-1.3881178428833565,-0.09447602075329953,-1.482593863636656,0.4860483694336586,0.14541781082057925,-1.3967366452437693
1642265,2388.212500000002,-1.127956631215588,-1.9766962610352965,-3.1046528922508845,0.0009560036319165126,-2.5004402851430183,-1.0135801566629556,-0.5456680116400054,-1.8482905207619929,-2.393958532401999,0.0009406807494975779,-1.6853379073815653,-0.727977886441443,-0.6297537996135295,-1.904117794699897,-2.5338715943134256,0.0009335274828065772,-1.7385427879433986,-0.8287775995338272,Rob Dillingham,CHI,-1.9981881954376055,-1.1536484671755034,-3.1518366626131087,0.7106943598488855,0.1399130619114266,0.04718377036222421
1641727,457.0416666666667,-0.9348336412467415,-2.9340585396900662,-3.8688921809368075,0.00023856011178610944,-1.2279380257503112,-1.448751120130058,-0.24730296003657956,-2.1900330856145738,-2.4373360456511532,0.00023437272643636115,-0.24990642546784472,-0.5046491578070479,-0.4152861232840045,-2.6979827117704986,-3.113268835054503,0.0002316377188766607,-0.5670498276514712,-1.1298011612870513,Dariq Whitehead,MEM,-0.7150801722105715,-1.5480106496512467,-2.263090821861818,1.4315561352856543,0.6759327894033498,-1.6058013590749893
1631110,1171.3791666666668,-1.9468064349630907,-0.5456368141846096,-2.492443249147701,0.0014595034979378162,-0.28081222910549486,0.09194191064280197,-2.043699391889244,-0.4028521585096003,-2.4465515503988433,0.0013945154829232617,-0.5821030699579446,0.41188256246934285,-2.1493743033339485,-0.37903564464013206,-2.5284099479740805,0.0015002124875465954,-0.7101315654329748,0.5767121270042962,Jeremy Sochan,NYK,-1.6154514775060036,-0.6100910283581665,-2.22554250586417,0.04589169874885757,0.08185839757523716,-0.26690074328353086
1630526,901.5375,-0.7106339046312302,-2.113467626218621,-2.824101530849851,0.0008509461791653893,-0.8273567627559595,-1.1421446904667534,-0.2618205809732824,-2.2094588312653367,-2.4712794122386192,0.0007989734464117778,0.15058017014083144,-1.0965990349446937,-0.224870875806015,-2.4788094734697026,-2.703680349275718,0.0008011048243406532,0.07380479844059996,-1.8113908334447784,Jeremiah Robinson-Earl,DAL,-0.4137209315960746,-2.0106766644664265,-2.424397596062501,0.3528221186112317,0.23240093703709874,-0.3997039347873499
1642905,745.7333333333331,-4.218193478693934,-0.5931889462538237,-4.811382424947759,0.00022614595862717314,-3.8456872989131474,-0.8123239886420901,-2.38744891431241,-0.10843587521535492,-2.495884789527765,0.00022393473398888295,-1.7477231554497623,-0.2385043137247657,-2.9215815156934566,-0.18268810127718577,-3.1042696169706425,0.00023260002420589867,-2.3897985041733896,-0.3373332632910477,Yang Hansen,POR,-2.5815863234875445,-0.18761298088224743,-2.769199304369792,2.3154976354199936,0.6083848274428774,-2.042183120577967
1630164,146.15416666666667,-3.0500628443848674,-2.6492589997024885,-5.699321844087356,0.004314709512404582,-3.3164118892276067,-2.3408334992858224,-1.4915601965591914,-1.017391748190151,-2.5089519447493425,0.004348370021846014,-1.0963726115709482,-0.0739729674076435,-3.9311427767168516,-1.95865575718115,-5.889798533898002,0.004378303561878334,-4.570553044734559,-1.297204917170323,James Wiseman,IND,-1.8404736765249243,-0.9474625447993765,-2.787936221324301,3.1903698993380134,3.3808465891486597,-2.911385622763055
1642964,876.0791666666664,-3.306279284396367,-0.39441381500381745,-3.7006930994001848,0.00022516625770419572,-2.1074683298182464,-0.2331351369542412,-2.5753041168393422,0.021758318530734923,-2.5535457983086074,0.00022217609985083678,-1.2480165274802382,0.3677565615168157,-2.8961755611205353,0.2228013737689581,-2.6733741873515773,0.00021947632543164983,-1.7228249589722269,0.5749920158232642,Brooks Barnhizer,OKC,-2.287531028676895,0.12107393749662287,-2.166457091180272,1.1471473010915774,0.11982838904296989,-1.5342360082199127
1642942,1605.3666666666672,-1.2928105560808327,-1.0962725556794368,-2.3890831117602698,0.00035007902984256103,-1.9474855761856484,0.699778855364037,-1.2881642616793645,-1.3656236374926756,-2.6537878991720407,0.0003466735340515239,-1.877485516109209,0.4375250470862396,-1.410597002146703,-1.2150765303644073,-2.6256735325111102,0.00034847750295844505,-2.091621213208738,0.547376992731919,Jahmai Mashack,MEM,-2.219949115515453,-1.4266639517376176,-3.6466130672530706,-0.26470478741177095,-0.02811436666093048,1.2575299554928008
1630544,1667.0208333333342,-2.9290874245094525,-0.23092695935672328,-3.1600143838661756,0.000794348179941069,-1.3797074239645033,-1.090624973038729,-2.757718871248216,0.0665779889718706,-2.6911408822763443,0.0007757824783216598,-0.9444936860111703,-0.5024626230415109,-2.7575442441430025,-0.10155858430297053,-2.8591028284459727,0.0007694755281661958,-1.0422334250189034,-0.7003541094716615,Tre Mann,CHA,-2.0842894198513338,-0.9431178265836678,-3.0274072464350015,0.4688735015898313,0.16796194616962845,-0.13260713743117414
1643253,542.7249999999999,-1.389615719711514,-1.4866330325636605,-2.876248752275175,0.00019771827509600895,-1.8160715398400518,0.15514838501927547,-0.825258597127965,-1.9096288835677218,-2.734887480695687,0.00019594713061003055,-1.1134532122069218,-0.27895905279919897,-1.466495559476216,-2.288421832156268,-3.754917391632483,0.00019644151932567374,-1.8722904050225921,-0.7778117767858771,Toby Okani,MEM,-1.650121602729147,-1.4195669501454091,-3.069688552874556,0.14136127157948808,1.0200299109367963,0.19343980059938115
1642879,2241.5875000000015,-2.3772218262563722,-1.2111877206713308,-3.5884095469277026,0.0012233249217919518,-2.441753270095882,-1.5380668623063396,-1.872902638597284,-1.0468413665467482,-2.919744005144032,0.0012112507806904549,-1.6647814071311948,-1.1504844959645175,-1.9418958941425974,-1.1244706098625668,-3.0663665040051638,0.0012264767591836589,-1.7306026400207661,-1.3052085940901996,Ben Saraf,BKN,-2.7830240281989878,-1.395693322251439,-4.178717350450427,0.6686655417836707,0.14662249886113177,0.590307803522724
1641722,1719.5208333333346,-1.1033679285774467,-2.3045691059754447,-3.4079370345528908,0.004155756932774727,-1.4024611046472328,-1.684801349237005,-0.8341070472793082,-2.0946045249777705,-2.928711572257079,0.004122915098239426,-0.7530638976784443,-1.2238586861124918,-0.8887807020245585,-2.181206716457309,-3.069987418481868,0.004132489708855142,-0.8833849963604347,-1.5022596832816677,Jordan Hawkins,NOP,-1.78748977830856,-2.5224569024504415,-4.309946680759001,0.47922546229581187,0.14127584622478917,0.9020096462061105
1642880,1528.8125000000016,-1.0096713709256762,-2.378609219549185,-3.3882805904748614,0.0003541344866350245,-1.0392574351605905,-1.0861028399050094,-1.208049603651157,-1.722287710751083,-2.93033731440224,0.00034721453976150886,-1.195223602313948,-0.2914879819494348,-1.3288924261160662,-1.8083728290560959,-3.1372652551721627,0.0003509050700246133,-1.360797371992563,-0.41555269664158373,Kam Jones,IND,-1.645454341313679,-0.7149282902139362,-2.3603826315276155,0.4579432760726214,0.2069279407699227,-1.027897958947246
1642860,4057.929166666667,-0.22529878374355145,-2.902103164682356,-3.1274019484259066,0.00053074286594835,-0.2889677354223763,-1.4131997626221802,-0.018079536799227802,-2.9183477401453266,-2.936427276944554,0.000526097324726234,0.09813224704205567,-1.2295199935393306,0.01184567382700306,-2.8861350379507504,-2.8742893641237486,0.0005239206032092102,0.14091301310263504,-1.20000276209319,Will Riley,WAS,-0.5463197087655354,-2.588709354386988,-3.1350290631525235,0.1909746714813525,-0.062137912820805496,0.007627114726616924
1630172,3632.670833333333,-1.4249912219181413,-1.6323177093154384,-3.0573089312335795,0.006750034588815201,-1.1945895407191705,-0.6242662146510378,-1.3345740123011889,-1.6724507495921195,-3.007024761893308,0.006678464105368334,-0.9438418287769859,-0.596270853511496,-1.3788532838637109,-1.7113768218464434,-3.0902301057101536,0.006722034270526046,-0.925308554223781,-0.6014992704737654,Patrick Williams,CHI,-2.1424890692568033,0.01620268279348558,-2.1262863864633177,0.05028416934027158,0.08320534381684563,-0.9310225447702618
1642268,3806.6958333333378,-0.38626561967870976,-2.5174128820145714,-2.9036785016932805,0.0008973869148307121,0.6118472072454347,-0.4946098949418625,-0.768934111325873,-2.40552502957149,-3.174459140897363,0.0009027453573842392,-0.3117304609670307,-0.25273348256422756,-0.8138557151749708,-2.397139278027948,-3.210994993202919,0.0008981416938906311,-0.25837592397713816,-0.23575481482405408,Isaiah Collier,UTA,-1.5852042350026705,-1.2633004239929084,-2.848504658995579,-0.27078063920408235,0.036535852305556116,-0.055173842697701314
1642849,3037.6875000000014,-2.0666048473844034,-0.9556509461079262,-3.0222557934923295,0.0008576927799547192,-2.1347299417044057,-1.0076261298517983,-2.2217850965243198,-0.9721360191129319,-3.1939211156372522,0.0008440160472038129,-2.379765153142055,-0.9736788481640845,-2.287540527678366,-0.9723032063628183,-3.2598437340411848,0.0008499048377385039,-2.4014576600837767,-1.0128469415986994,Nolan Traore,BKN,-2.066211266760704,-1.139841795039612,-3.2060530618003162,-0.1716653221449227,0.06592261840393254,0.1837972683079867
1642262,3977.64583333333,-1.2561857705908148,-2.408628142090077,-3.6648139126808914,0.0003721983429016371,-1.1345710190596021,-0.7656188341288761,-1.3778022894409898,-1.9054809602629355,-3.2832832497039255,0.00036275363585178876,-1.8163678898191746,-0.11151839313589665,-1.338098258487227,-2.000407344829784,-3.3385056033170115,0.0003684735777201982,-1.751264270228272,-0.10848225376897482,Cody Williams,UTA,-2.82403849256691,-0.5048725634610906,-3.3289110560280006,0.3815306629769659,0.05522235361308603,-0.33590285665289077
1641712,2639.908333333332,-2.7514755708318086,-0.37867996358086425,-3.1301555344126726,0.0003589002355746829,-1.492032377847302,-0.12467104109128296,-3.081239766416691,-0.23219004453999617,-3.3134298109566878,0.00034075934721978525,-1.8179054530914562,0.3395879263441204,-2.8832051036655306,-0.1842641321502328,-3.0674692358157634,0.0003703273104113799,-1.8346399176796584,0.3309164183132866,Rayan Rupert,MEM,-3.104069203114767,-0.7427822268708109,-3.846851429985578,-0.18327427654401518,-0.2459605751409244,0.7166958955729053
1641716,4806.583333333333,-1.101991426822404,-2.1637371481784418,-3.2657285750008462,0.0022882336404483994,-1.0445890508585018,-0.4690019556391966,-1.2530357700820127,-2.114894069851565,-3.367929839933577,0.0022818503636841507,-1.2666450044923447,-0.17748070534302676,-1.182644883939245,-2.0557365576126294,-3.2383814415518737,0.0022809682349780574,-1.2083529120323733,-0.11444104216565672,Jarace Walker,IND,-2.4863529747510613,-0.8019551869367649,-3.2883081616878265,-0.10220126493273085,-0.1295483983817034,0.022579586686980235
1641733,936.0375000000003,-2.8070687360336,-1.564753891430855,-4.371822627464455,0.0029694161035839104,-0.708972427664754,-2.288028274984136,-2.4718788594393715,-1.0153927940750893,-3.487271653514461,0.0023557419843171844,-0.05453493088863351,-1.3661833475484886,-2.468375559532392,-1.615844688884104,-4.0842202484164964,0.0042283258823763445,-0.12284474178383119,-2.259730101996228,Nick Smith Jr.,LAL,-1.6153961766805087,-1.9879640454781868,-3.6033602221586953,0.8845509739499944,0.5969485949020354,-0.76846240530576
1642267,5691.875000000004,-0.6948856461010107,-2.557224026314336,-3.2521096724153473,0.0006774346901156629,0.12894592088474688,-1.2296053312964592,-1.1220757315753638,-2.7802766496597866,-3.9023523812351493,0.0006584574908017394,-0.7765447455952985,-1.3214062968438938,-1.138081731012202,-2.688514545790849,-3.826596276803051,0.0006574454202158407,-0.6943564548114748,-1.2353643595171837,Bub Carrington,WAS,-2.0676622076174573,-2.26223385990614,-4.329896067523597,-0.650242708819802,-0.07575610443209824,1.0777863951082498
1642962,3211.741666666663,-3.4562007718229517,-1.8786633375104986,-5.3348641093334495,0.0014785413209462063,-1.170765577840486,-1.652035204923038,-3.2993444766087388,-1.7650386742272588,-5.064383150835996,0.0014141529186950546,-0.9240525297473319,-1.4860156062007968,-3.3187366875183644,-1.7744302638223186,-5.0931669513406845,0.0013998837932340691,-0.9044326930606349,-1.5609717992845287,Drake Powell,BKN,-3.408832904998431,-2.126964823218721,-5.535797728217152,0.270480958497453,0.028783800504688095,0.20093361888370254
