player_id,masked_game_exposed,omission_error,aggregate_error,mi_mean_error,mi_between_sd
2,False,8.326672684688674e-17,-5.412337245047638e-16,1.1185496973098451e-15,2.001262197675685e-15
3,False,8.326672684688674e-17,-5.412337245047638e-16,1.1185496973098451e-15,2.001262197675685e-15
7,False,8.326672684688674e-17,-5.412337245047638e-16,1.1185496973098451e-15,2.001262197675685e-15
9,False,8.326672684688674e-17,-5.412337245047638e-16,1.1185496973098451e-15,2.001262197675685e-15
12,False,8.326672684688674e-17,-5.412337245047638e-16,1.1185496973098451e-15,2.001262197675685e-15
15,False,8.326672684688674e-17,-5.412337245047638e-16,1.1185496973098451e-15,2.001262197675685e-15
17,False,8.326672684688674e-17,-5.412337245047638e-16,1.1185496973098451e-15,2.001262197675685e-15
21,False,8.326672684688674e-17,-5.412337245047638e-16,1.1185496973098451e-15,2.001262197675685e-15
22,False,8.326672684688674e-17,-5.412337245047638e-16,1.1185496973098451e-15,2.001262197675685e-15
23,False,8.326672684688674e-17,-5.412337245047638e-16,1.1185496973098451e-15,2.001262197675685e-15
26,False,8.326672684688674e-17,-5.412337245047638e-16,1.1185496973098451e-15,2.001262197675685e-15
28,False,8.326672684688674e-17,-5.412337245047638e-16,1.1185496973098451e-15,2.001262197675685e-15
29,False,8.326672684688674e-17,-5.412337245047638e-16,1.1185496973098451e-15,2.001262197675685e-15
31,False,8.326672684688674e-17,-5.412337245047638e-16,1.1185496973098451e-15,2.001262197675685e-15
32,False,8.326672684688674e-17,-5.412337245047638e-16,1.1185496973098451e-15,2.001262197675685e-15
35,False,8.326672684688674e-17,-5.412337245047638e-16,1.1185496973098451e-15,2.001262197675685e-15
36,False,8.326672684688674e-17,-5.412337245047638e-16,1.1185496973098451e-15,2.001262197675685e-15
37,False,8.326672684688674e-17,-5.412337245047638e-16,1.1185496973098451e-15,2.001262197675685e-15
38,False,8.326672684688674e-17,-5.412337245047638e-16,1.1185496973098451e-15,2.001262197675685e-15
42,False,8.326672684688674e-17,-5.412337245047638e-16,1.1185496973098451e-15,2.001262197675685e-15
43,False,8.326672684688674e-17,-5.412337245047638e-16,1.1185496973098451e-15,2.001262197675685e-15
45,False,8.326672684688674e-17,-5.412337245047638e-16,1.1185496973098451e-15,2.001262197675685e-15
47,False,8.326672684688674e-17,-5.412337245047638e-16,1.1185496973098451e-15,2.001262197675685e-15
49,False,8.326672684688674e-17,-5.412337245047638e-16,1.1185496973098451e-15,2.001262197675685e-15
51,False,8.326672684688674e-17,-5.412337245047638e-16,1.1185496973098451e-15,2.001262197675685e-15
52,False,8.326672684688674e-17,-5.412337245047638e-16,1.1185496973098451e-15,2.001262197675685e-15
53,False,8.326672684688674e-17,-5.412337245047638e-16,1.1185496973098451e-15,2.001262197675685e-15
54,False,8.326672684688674e-17,-5.412337245047638e-16,1.1185496973098451e-15,2.001262197675685e-15
55,False,8.326672684688674e-17,-5.412337245047638e-16,1.1185496973098451e-15,2.001262197675685e-15
56,False,8.326672684688674e-17,-5.412337245047638e-16,1.1185496973098451e-15,2.001262197675685e-15
57,False,8.326672684688674e-17,-5.412337245047638e-16,1.1185496973098451e-15,2.001262197675685e-15
61,False,8.326672684688674e-17,-5.412337245047638e-16,1.1185496973098451e-15,2.001262197675685e-15
63,False,8.326672684688674e-17,-5.412337245047638e-16,1.1185496973098451e-15,2.001262197675685e-15
64,False,8.326672684688674e-17,-5.412337245047638e-16,1.1185496973098451e-15,2.001262197675685e-15
65,False,8.326672684688674e-17,-5.412337245047638e-16,1.1185496973098451e-15,2.001262197675685e-15
67,False,8.326672684688674e-17,-5.412337245047638e-16,1.1185496973098451e-15,2.001262197675685e-15
70,False,8.326672684688674e-17,-5.412337245047638e-16,1.1185496973098451e-15,2.001262197675685e-15
71,False,8.326672684688674e-17,-5.412337245047638e-16,1.1185496973098451e-15,2.001262197675685e-15
72,False,8.326672684688674e-17,-5.412337245047638e-16,1.1185496973098451e-15,2.001262197675685e-15
73,False,8.326672684688674e-17,-5.412337245047638e-16,1.1185496973098451e-15,2.001262197675685e-15
76,False,8.326672684688674e-17,-5.412337245047638e-16,1.1185496973098451e-15,2.001262197675685e-15
77,False,8.326672684688674e-17,-5.412337245047638e-16,1.1185496973098451e-15,2.001262197675685e-15
78,False,8.326672684688674e-17,-5.412337245047638e-16,1.1185496973098451e-15,2.001262197675685e-15
80,False,8.326672684688674e-17,-5.412337245047638e-16,1.1185496973098451e-15,2.001262197675685e-15
81,False,8.326672684688674e-17,-5.412337245047638e-16,1.1185496973098451e-15,2.001262197675685e-15
82,False,8.326672684688674e-17,-5.412337245047638e-16,1.1185496973098451e-15,2.001262197675685e-15
84,False,8.326672684688674e-17,-5.412337245047638e-16,1.1185496973098451e-15,2.001262197675685e-15
85,False,8.326672684688674e-17,-5.412337245047638e-16,1.1185496973098451e-15,2.001262197675685e-15
87,False,8.326672684688674e-17,-5.412337245047638e-16,1.1185496973098451e-15,2.001262197675685e-15
88,False,8.326672684688674e-17,-5.412337245047638e-16,1.1185496973098451e-15,2.001262197675685e-15
89,False,8.326672684688674e-17,-5.412337245047638e-16,1.1185496973098451e-15,2.001262197675685e-15
93,False,8.326672684688674e-17,-5.412337245047638e-16,1.1185496973098451e-15,2.001262197675685e-15
95,False,8.326672684688674e-17,-5.412337245047638e-16,1.1185496973098451e-15,2.001262197675685e-15
96,False,8.326672684688674e-17,-5.412337245047638e-16,1.1185496973098451e-15,2.001262197675685e-15
98,False,8.326672684688674e-17,-5.412337245047638e-16,1.1185496973098451e-15,2.001262197675685e-15
100,False,8.326672684688674e-17,-5.412337245047638e-16,1.1185496973098451e-15,2.001262197675685e-15
103,False,8.326672684688674e-17,-5.412337245047638e-16,1.1185496973098451e-15,2.001262197675685e-15
104,False,8.326672684688674e-17,-5.412337245047638e-16,1.1185496973098451e-15,2.001262197675685e-15
105,False,8.326672684688674e-17,-5.412337245047638e-16,1.1185496973098451e-15,2.001262197675685e-15
107,False,8.326672684688674e-17,-5.412337245047638e-16,1.1185496973098451e-15,2.001262197675685e-15
109,False,8.326672684688674e-17,-5.412337245047638e-16,1.1185496973098451e-15,2.001262197675685e-15
111,False,8.326672684688674e-17,-5.412337245047638e-16,1.1185496973098451e-15,2.001262197675685e-15
112,False,8.326672684688674e-17,-5.412337245047638e-16,1.1185496973098451e-15,2.001262197675685e-15
116,False,8.326672684688674e-17,-5.412337245047638e-16,1.1185496973098451e-15,2.001262197675685e-15
120,False,8.326672684688674e-17,-5.412337245047638e-16,1.1185496973098451e-15,2.001262197675685e-15
121,False,8.326672684688674e-17,-5.412337245047638e-16,1.1185496973098451e-15,2.001262197675685e-15
122,False,8.326672684688674e-17,-5.412337245047638e-16,1.1185496973098451e-15,2.001262197675685e-15
123,False,8.326672684688674e-17,-5.412337245047638e-16,1.1185496973098451e-15,2.001262197675685e-15
124,False,8.326672684688674e-17,-5.412337245047638e-16,1.1185496973098451e-15,2.001262197675685e-15
128,False,8.326672684688674e-17,-5.412337245047638e-16,1.1185496973098451e-15,2.001262197675685e-15
129,False,8.326672684688674e-17,-5.412337245047638e-16,1.1185496973098451e-15,2.001262197675685e-15
133,False,8.326672684688674e-17,-5.412337245047638e-16,1.1185496973098451e-15,2.001262197675685e-15
134,False,8.326672684688674e-17,-5.412337245047638e-16,1.1185496973098451e-15,2.001262197675685e-15
136,False,8.326672684688674e-17,-5.412337245047638e-16,1.1185496973098451e-15,2.001262197675685e-15
137,False,8.326672684688674e-17,-5.412337245047638e-16,1.1185496973098451e-15,2.001262197675685e-15
138,False,8.326672684688674e-17,-5.412337245047638e-16,1.1185496973098451e-15,2.001262197675685e-15
140,False,8.326672684688674e-17,-5.412337245047638e-16,1.1185496973098451e-15,2.001262197675685e-15
143,False,8.326672684688674e-17,-5.412337245047638e-16,1.1185496973098451e-15,2.001262197675685e-15
145,False,8.326672684688674e-17,-5.412337245047638e-16,1.1185496973098451e-15,2.001262197675685e-15
146,False,8.326672684688674e-17,-5.412337245047638e-16,1.1185496973098451e-15,2.001262197675685e-15
147,False,8.326672684688674e-17,-5.412337245047638e-16,1.1185496973098451e-15,2.001262197675685e-15
154,False,8.326672684688674e-17,-5.412337245047638e-16,1.1185496973098451e-15,2.001262197675685e-15
156,False,8.326672684688674e-17,-5.412337245047638e-16,1.1185496973098451e-15,2.001262197675685e-15
157,False,8.326672684688674e-17,-5.412337245047638e-16,1.1185496973098451e-15,2.001262197675685e-15
160,False,8.326672684688674e-17,-5.412337245047638e-16,1.1185496973098451e-15,2.001262197675685e-15
164,False,8.326672684688674e-17,-5.412337245047638e-16,1.1185496973098451e-15,2.001262197675685e-15
165,False,8.326672684688674e-17,-5.412337245047638e-16,1.1185496973098451e-15,2.001262197675685e-15
166,False,8.326672684688674e-17,-5.412337245047638e-16,1.1185496973098451e-15,2.001262197675685e-15
168,False,8.326672684688674e-17,-5.412337245047638e-16,1.1185496973098451e-15,2.001262197675685e-15
170,False,8.326672684688674e-17,-5.412337245047638e-16,1.1185496973098451e-15,2.001262197675685e-15
173,False,8.326672684688674e-17,-5.412337245047638e-16,1.1185496973098451e-15,2.001262197675685e-15
175,False,8.326672684688674e-17,-5.412337245047638e-16,1.1185496973098451e-15,2.001262197675685e-15
176,False,8.326672684688674e-17,-5.412337245047638e-16,1.1185496973098451e-15,2.001262197675685e-15
177,False,8.326672684688674e-17,-5.412337245047638e-16,1.1185496973098451e-15,2.001262197675685e-15
178,False,8.326672684688674e-17,-5.412337245047638e-16,1.1185496973098451e-15,2.001262197675685e-15
179,False,8.326672684688674e-17,-5.412337245047638e-16,1.1185496973098451e-15,2.001262197675685e-15
180,False,8.326672684688674e-17,-5.412337245047638e-16,1.1185496973098451e-15,2.001262197675685e-15
181,False,8.326672684688674e-17,-5.412337245047638e-16,1.1185496973098451e-15,2.001262197675685e-15
182,False,8.326672684688674e-17,-5.412337245047638e-16,1.1185496973098451e-15,2.001262197675685e-15
183,False,8.326672684688674e-17,-5.412337245047638e-16,1.1185496973098451e-15,2.001262197675685e-15
184,False,8.326672684688674e-17,-5.412337245047638e-16,1.1185496973098451e-15,2.001262197675685e-15
185,False,8.326672684688674e-17,-5.412337245047638e-16,1.1185496973098451e-15,2.001262197675685e-15
187,False,8.326672684688674e-17,-5.412337245047638e-16,1.1185496973098451e-15,2.001262197675685e-15
190,False,8.326672684688674e-17,-5.412337245047638e-16,1.1185496973098451e-15,2.001262197675685e-15
192,False,8.326672684688674e-17,-5.412337245047638e-16,1.1185496973098451e-15,2.001262197675685e-15
193,False,8.326672684688674e-17,-5.412337245047638e-16,1.1185496973098451e-15,2.001262197675685e-15
194,False,8.326672684688674e-17,-5.412337245047638e-16,1.1185496973098451e-15,2.001262197675685e-15
195,False,8.326672684688674e-17,-5.412337245047638e-16,1.1185496973098451e-15,2.001262197675685e-15
197,False,8.326672684688674e-17,-5.412337245047638e-16,1.1185496973098451e-15,2.001262197675685e-15
198,False,8.326672684688674e-17,-5.412337245047638e-16,1.1185496973098451e-15,2.001262197675685e-15
199,False,8.326672684688674e-17,-5.412337245047638e-16,1.1185496973098451e-15,2.001262197675685e-15
201,False,8.326672684688674e-17,-5.412337245047638e-16,1.1185496973098451e-15,2.001262197675685e-15
202,False,8.326672684688674e-17,-5.412337245047638e-16,1.1185496973098451e-15,2.001262197675685e-15
203,False,8.326672684688674e-17,-5.412337245047638e-16,1.1185496973098451e-15,2.001262197675685e-15
204,False,8.326672684688674e-17,-5.412337245047638e-16,1.1185496973098451e-15,2.001262197675685e-15
208,False,8.326672684688674e-17,-5.412337245047638e-16,1.1185496973098451e-15,2.001262197675685e-15
209,False,8.326672684688674e-17,-5.412337245047638e-16,1.1185496973098451e-15,2.001262197675685e-15
210,False,8.326672684688674e-17,-5.412337245047638e-16,1.1185496973098451e-15,2.001262197675685e-15
211,False,8.326672684688674e-17,-5.412337245047638e-16,1.1185496973098451e-15,2.001262197675685e-15
212,False,8.326672684688674e-17,-5.412337245047638e-16,1.1185496973098451e-15,2.001262197675685e-15
213,False,8.326672684688674e-17,-5.412337245047638e-16,1.1185496973098451e-15,2.001262197675685e-15
216,False,8.326672684688674e-17,-5.412337245047638e-16,1.1185496973098451e-15,2.001262197675685e-15
219,False,8.326672684688674e-17,-5.412337245047638e-16,1.1185496973098451e-15,2.001262197675685e-15
221,False,8.326672684688674e-17,-5.412337245047638e-16,1.1185496973098451e-15,2.001262197675685e-15
223,False,8.326672684688674e-17,-5.412337245047638e-16,1.1185496973098451e-15,2.001262197675685e-15
224,False,8.326672684688674e-17,-5.412337245047638e-16,1.1185496973098451e-15,2.001262197675685e-15
226,False,8.326672684688674e-17,-5.412337245047638e-16,1.1185496973098451e-15,2.001262197675685e-15
228,False,8.326672684688674e-17,-5.412337245047638e-16,1.1185496973098451e-15,2.001262197675685e-15
234,False,8.326672684688674e-17,-5.412337245047638e-16,1.1185496973098451e-15,2.001262197675685e-15
236,False,8.326672684688674e-17,-5.412337245047638e-16,1.1185496973098451e-15,2.001262197675685e-15
238,False,8.326672684688674e-17,-5.412337245047638e-16,1.1185496973098451e-15,2.001262197675685e-15
239,False,8.326672684688674e-17,-5.412337245047638e-16,1.1185496973098451e-15,2.001262197675685e-15
240,False,8.326672684688674e-17,-5.412337245047638e-16,1.1185496973098451e-15,2.001262197675685e-15
241,False,8.326672684688674e-17,-5.412337245047638e-16,1.1185496973098451e-15,2.001262197675685e-15
243,False,8.326672684688674e-17,-5.412337245047638e-16,1.1185496973098451e-15,2.001262197675685e-15
244,False,8.326672684688674e-17,-5.412337245047638e-16,1.1185496973098451e-15,2.001262197675685e-15
246,False,8.326672684688674e-17,-5.412337245047638e-16,1.1185496973098451e-15,2.001262197675685e-15
247,False,8.326672684688674e-17,-5.412337245047638e-16,1.1185496973098451e-15,2.001262197675685e-15
248,False,8.326672684688674e-17,-5.412337245047638e-16,1.1185496973098451e-15,2.001262197675685e-15
251,False,8.326672684688674e-17,-5.412337245047638e-16,1.1185496973098451e-15,2.001262197675685e-15
252,False,8.326672684688674e-17,-5.412337245047638e-16,1.1185496973098451e-15,2.001262197675685e-15
255,False,8.326672684688674e-17,-5.412337245047638e-16,1.1185496973098451e-15,2.001262197675685e-15
258,False,8.326672684688674e-17,-5.412337245047638e-16,1.1185496973098451e-15,2.001262197675685e-15
262,False,8.326672684688674e-17,-5.412337245047638e-16,1.1185496973098451e-15,2.001262197675685e-15
265,False,8.326672684688674e-17,-5.412337245047638e-16,1.1185496973098451e-15,2.001262197675685e-15
270,False,8.326672684688674e-17,-5.412337245047638e-16,1.1185496973098451e-15,2.001262197675685e-15
271,False,8.326672684688674e-17,-5.412337245047638e-16,1.1185496973098451e-15,2.001262197675685e-15
273,False,8.326672684688674e-17,-5.412337245047638e-16,1.1185496973098451e-15,2.001262197675685e-15
275,False,8.326672684688674e-17,-5.412337245047638e-16,1.1185496973098451e-15,2.001262197675685e-15
278,False,8.326672684688674e-17,-5.412337245047638e-16,1.1185496973098451e-15,2.001262197675685e-15
279,False,8.326672684688674e-17,-5.412337245047638e-16,1.1185496973098451e-15,2.001262197675685e-15
280,False,8.326672684688674e-17,-5.412337245047638e-16,1.1185496973098451e-15,2.001262197675685e-15
281,False,8.326672684688674e-17,-5.412337245047638e-16,1.1185496973098451e-15,2.001262197675685e-15
283,False,8.326672684688674e-17,-5.412337245047638e-16,1.1185496973098451e-15,2.001262197675685e-15
287,False,8.326672684688674e-17,-5.412337245047638e-16,1.1185496973098451e-15,2.001262197675685e-15
288,False,8.326672684688674e-17,-5.412337245047638e-16,1.1185496973098451e-15,2.001262197675685e-15
289,False,8.326672684688674e-17,-5.412337245047638e-16,1.1185496973098451e-15,2.001262197675685e-15
291,False,8.326672684688674e-17,-5.412337245047638e-16,1.1185496973098451e-15,2.001262197675685e-15
292,False,8.326672684688674e-17,-5.412337245047638e-16,1.1185496973098451e-15,2.001262197675685e-15
293,False,8.326672684688674e-17,-5.412337245047638e-16,1.1185496973098451e-15,2.001262197675685e-15
296,False,8.326672684688674e-17,-5.412337245047638e-16,1.1185496973098451e-15,2.001262197675685e-15
297,False,8.326672684688674e-17,-5.412337245047638e-16,1.1185496973098451e-15,2.001262197675685e-15
299,False,8.326672684688674e-17,-5.412337245047638e-16,1.1185496973098451e-15,2.001262197675685e-15
302,False,8.326672684688674e-17,-5.412337245047638e-16,1.1185496973098451e-15,2.001262197675685e-15
304,False,8.326672684688674e-17,-5.412337245047638e-16,1.1185496973098451e-15,2.001262197675685e-15
305,False,8.326672684688674e-17,-5.412337245047638e-16,1.1185496973098451e-15,2.001262197675685e-15
308,False,8.326672684688674e-17,-5.412337245047638e-16,1.1185496973098451e-15,2.001262197675685e-15
310,False,8.326672684688674e-17,-5.412337245047638e-16,1.1185496973098451e-15,2.001262197675685e-15
316,False,8.326672684688674e-17,-5.412337245047638e-16,1.1185496973098451e-15,2.001262197675685e-15
317,False,8.326672684688674e-17,-5.412337245047638e-16,1.1185496973098451e-15,2.001262197675685e-15
320,False,8.326672684688674e-17,-5.412337245047638e-16,1.1185496973098451e-15,2.001262197675685e-15
323,False,8.326672684688674e-17,-5.412337245047638e-16,1.1185496973098451e-15,2.001262197675685e-15
324,False,8.326672684688674e-17,-5.412337245047638e-16,1.1185496973098451e-15,2.001262197675685e-15
328,False,8.326672684688674e-17,-5.412337245047638e-16,1.1185496973098451e-15,2.001262197675685e-15
330,False,8.326672684688674e-17,-5.412337245047638e-16,1.1185496973098451e-15,2.001262197675685e-15
333,False,8.326672684688674e-17,-5.412337245047638e-16,1.1185496973098451e-15,2.001262197675685e-15
335,False,8.326672684688674e-17,-5.412337245047638e-16,1.1185496973098451e-15,2.001262197675685e-15
339,False,8.326672684688674e-17,-5.412337245047638e-16,1.1185496973098451e-15,2.001262197675685e-15
341,False,8.326672684688674e-17,-5.412337245047638e-16,1.1185496973098451e-15,2.001262197675685e-15
344,False,8.326672684688674e-17,-5.412337245047638e-16,1.1185496973098451e-15,2.001262197675685e-15
345,False,8.326672684688674e-17,-5.412337245047638e-16,1.1185496973098451e-15,2.001262197675685e-15
348,False,8.326672684688674e-17,-5.412337245047638e-16,1.1185496973098451e-15,2.001262197675685e-15
349,False,8.326672684688674e-17,-5.412337245047638e-16,1.1185496973098451e-15,2.001262197675685e-15
351,False,8.326672684688674e-17,-5.412337245047638e-16,1.1185496973098451e-15,2.001262197675685e-15
353,False,8.326672684688674e-17,-5.412337245047638e-16,1.1185496973098451e-15,2.001262197675685e-15
355,False,8.326672684688674e-17,-5.412337245047638e-16,1.1185496973098451e-15,2.001262197675685e-15
356,False,8.326672684688674e-17,-5.412337245047638e-16,1.1185496973098451e-15,2.001262197675685e-15
358,False,8.326672684688674e-17,-5.412337245047638e-16,1.1185496973098451e-15,2.001262197675685e-15
359,False,8.326672684688674e-17,-5.412337245047638e-16,1.1185496973098451e-15,2.001262197675685e-15
361,False,8.326672684688674e-17,-5.412337245047638e-16,1.1185496973098451e-15,2.001262197675685e-15
363,False,8.326672684688674e-17,-5.412337245047638e-16,1.1185496973098451e-15,2.001262197675685e-15
364,False,8.326672684688674e-17,-5.412337245047638e-16,1.1185496973098451e-15,2.001262197675685e-15
365,False,8.326672684688674e-17,-5.412337245047638e-16,1.1185496973098451e-15,2.001262197675685e-15
368,False,8.326672684688674e-17,-5.412337245047638e-16,1.1185496973098451e-15,2.001262197675685e-15
369,False,8.326672684688674e-17,-5.412337245047638e-16,1.1185496973098451e-15,2.001262197675685e-15
371,False,8.326672684688674e-17,-5.412337245047638e-16,1.1185496973098451e-15,2.001262197675685e-15
375,False,8.326672684688674e-17,-5.412337245047638e-16,1.1185496973098451e-15,2.001262197675685e-15
376,False,8.326672684688674e-17,-5.412337245047638e-16,1.1185496973098451e-15,2.001262197675685e-15
378,False,8.326672684688674e-17,-5.412337245047638e-16,1.1185496973098451e-15,2.001262197675685e-15
380,False,8.326672684688674e-17,-5.412337245047638e-16,1.1185496973098451e-15,2.001262197675685e-15
381,False,8.326672684688674e-17,-5.412337245047638e-16,1.1185496973098451e-15,2.001262197675685e-15
383,False,8.326672684688674e-17,-5.412337245047638e-16,1.1185496973098451e-15,2.001262197675685e-15
384,False,8.326672684688674e-17,-5.412337245047638e-16,1.1185496973098451e-15,2.001262197675685e-15
386,False,8.326672684688674e-17,-5.412337245047638e-16,1.1185496973098451e-15,2.001262197675685e-15
389,False,8.326672684688674e-17,-5.412337245047638e-16,1.1185496973098451e-15,2.001262197675685e-15
390,False,8.326672684688674e-17,-5.412337245047638e-16,1.1185496973098451e-15,2.001262197675685e-15
393,False,8.326672684688674e-17,-5.412337245047638e-16,1.1185496973098451e-15,2.001262197675685e-15
397,False,8.326672684688674e-17,-5.412337245047638e-16,1.1185496973098451e-15,2.001262197675685e-15
399,False,8.326672684688674e-17,-5.412337245047638e-16,1.1185496973098451e-15,2.001262197675685e-15
400,False,8.326672684688674e-17,-5.412337245047638e-16,1.1185496973098451e-15,2.001262197675685e-15
404,False,8.326672684688674e-17,-5.412337245047638e-16,1.1185496973098451e-15,2.001262197675685e-15
406,False,8.326672684688674e-17,-5.412337245047638e-16,1.1185496973098451e-15,2.001262197675685e-15
412,False,8.326672684688674e-17,-5.412337245047638e-16,1.1185496973098451e-15,2.001262197675685e-15
416,False,8.326672684688674e-17,-5.412337245047638e-16,1.1185496973098451e-15,2.001262197675685e-15
417,False,8.326672684688674e-17,-5.412337245047638e-16,1.1185496973098451e-15,2.001262197675685e-15
418,False,8.326672684688674e-17,-5.412337245047638e-16,1.1185496973098451e-15,2.001262197675685e-15
420,False,8.326672684688674e-17,-5.412337245047638e-16,1.1185496973098451e-15,2.001262197675685e-15
422,False,8.326672684688674e-17,-5.412337245047638e-16,1.1185496973098451e-15,2.001262197675685e-15
423,False,8.326672684688674e-17,-5.412337245047638e-16,1.1185496973098451e-15,2.001262197675685e-15
426,False,8.326672684688674e-17,-5.412337245047638e-16,1.1185496973098451e-15,2.001262197675685e-15
428,False,8.326672684688674e-17,-5.412337245047638e-16,1.1185496973098451e-15,2.001262197675685e-15
431,False,8.326672684688674e-17,-5.412337245047638e-16,1.1185496973098451e-15,2.001262197675685e-15
432,False,8.326672684688674e-17,-5.412337245047638e-16,1.1185496973098451e-15,2.001262197675685e-15
433,False,8.326672684688674e-17,-5.412337245047638e-16,1.1185496973098451e-15,2.001262197675685e-15
434,False,8.326672684688674e-17,-5.412337245047638e-16,1.1185496973098451e-15,2.001262197675685e-15
435,False,8.326672684688674e-17,-5.412337245047638e-16,1.1185496973098451e-15,2.001262197675685e-15
436,False,8.326672684688674e-17,-5.412337245047638e-16,1.1185496973098451e-15,2.001262197675685e-15
438,False,8.326672684688674e-17,-5.412337245047638e-16,1.1185496973098451e-15,2.001262197675685e-15
440,False,8.326672684688674e-17,-5.412337245047638e-16,1.1185496973098451e-15,2.001262197675685e-15
441,False,8.326672684688674e-17,-5.412337245047638e-16,1.1185496973098451e-15,2.001262197675685e-15
442,False,8.326672684688674e-17,-5.412337245047638e-16,1.1185496973098451e-15,2.001262197675685e-15
445,False,8.326672684688674e-17,-5.412337245047638e-16,1.1185496973098451e-15,2.001262197675685e-15
446,False,8.326672684688674e-17,-5.412337245047638e-16,1.1185496973098451e-15,2.001262197675685e-15
448,False,8.326672684688674e-17,-5.412337245047638e-16,1.1185496973098451e-15,2.001262197675685e-15
452,False,8.326672684688674e-17,-5.412337245047638e-16,1.1185496973098451e-15,2.001262197675685e-15
456,False,8.326672684688674e-17,-5.412337245047638e-16,1.1185496973098451e-15,2.001262197675685e-15
457,False,8.326672684688674e-17,-5.412337245047638e-16,1.1185496973098451e-15,2.001262197675685e-15
458,False,8.326672684688674e-17,-5.412337245047638e-16,1.1185496973098451e-15,2.001262197675685e-15
461,False,8.326672684688674e-17,-5.412337245047638e-16,1.1185496973098451e-15,2.001262197675685e-15
462,False,8.326672684688674e-17,-5.412337245047638e-16,1.1185496973098451e-15,2.001262197675685e-15
467,False,8.326672684688674e-17,-5.412337245047638e-16,1.1185496973098451e-15,2.001262197675685e-15
468,False,8.326672684688674e-17,-5.412337245047638e-16,1.1185496973098451e-15,2.001262197675685e-15
469,False,8.326672684688674e-17,-5.412337245047638e-16,1.1185496973098451e-15,2.001262197675685e-15
511,False,8.326672684688674e-17,-5.412337245047638e-16,1.1185496973098451e-15,2.001262197675685e-15
671,False,8.326672684688674e-17,-5.412337245047638e-16,1.1185496973098451e-15,2.001262197675685e-15
672,False,8.326672684688674e-17,-5.412337245047638e-16,1.1185496973098451e-15,2.001262197675685e-15
673,False,8.326672684688674e-17,-5.412337245047638e-16,1.1185496973098451e-15,2.001262197675685e-15
674,False,8.326672684688674e-17,-5.412337245047638e-16,1.1185496973098451e-15,2.001262197675685e-15
676,False,8.326672684688674e-17,-5.412337245047638e-16,1.1185496973098451e-15,2.001262197675685e-15
677,False,8.326672684688674e-17,-5.412337245047638e-16,1.1185496973098451e-15,2.001262197675685e-15
678,False,8.326672684688674e-17,-5.412337245047638e-16,1.1185496973098451e-15,2.001262197675685e-15
679,False,8.326672684688674e-17,-5.412337245047638e-16,1.1185496973098451e-15,2.001262197675685e-15
680,False,8.326672684688674e-17,-5.412337245047638e-16,1.1185496973098451e-15,2.001262197675685e-15
681,False,8.326672684688674e-17,-5.412337245047638e-16,1.1185496973098451e-15,2.001262197675685e-15
682,False,8.326672684688674e-17,-5.412337245047638e-16,1.1185496973098451e-15,2.001262197675685e-15
684,False,8.326672684688674e-17,-5.412337245047638e-16,1.1185496973098451e-15,2.001262197675685e-15
685,False,8.326672684688674e-17,-5.412337245047638e-16,1.1185496973098451e-15,2.001262197675685e-15
686,False,8.326672684688674e-17,-5.412337245047638e-16,1.1185496973098451e-15,2.001262197675685e-15
688,False,8.326672684688674e-17,-5.412337245047638e-16,1.1185496973098451e-15,2.001262197675685e-15
689,False,8.326672684688674e-17,-5.412337245047638e-16,1.1185496973098451e-15,2.001262197675685e-15
690,False,8.326672684688674e-17,-5.412337245047638e-16,1.1185496973098451e-15,2.001262197675685e-15
691,False,8.326672684688674e-17,-5.412337245047638e-16,1.1185496973098451e-15,2.001262197675685e-15
692,False,8.326672684688674e-17,-5.412337245047638e-16,1.1185496973098451e-15,2.001262197675685e-15
693,False,8.326672684688674e-17,-5.412337245047638e-16,1.1185496973098451e-15,2.001262197675685e-15
694,False,8.326672684688674e-17,-5.412337245047638e-16,1.1185496973098451e-15,2.001262197675685e-15
695,False,8.326672684688674e-17,-5.412337245047638e-16,1.1185496973098451e-15,2.001262197675685e-15
696,False,8.326672684688674e-17,-5.412337245047638e-16,1.1185496973098451e-15,2.001262197675685e-15
697,False,8.326672684688674e-17,-5.412337245047638e-16,1.1185496973098451e-15,2.001262197675685e-15
698,False,8.326672684688674e-17,-5.412337245047638e-16,1.1185496973098451e-15,2.001262197675685e-15
699,False,8.326672684688674e-17,-5.412337245047638e-16,1.1185496973098451e-15,2.001262197675685e-15
700,False,8.326672684688674e-17,-5.412337245047638e-16,1.1185496973098451e-15,2.001262197675685e-15
701,False,8.326672684688674e-17,-5.412337245047638e-16,1.1185496973098451e-15,2.001262197675685e-15
702,False,8.326672684688674e-17,-5.412337245047638e-16,1.1185496973098451e-15,2.001262197675685e-15
703,False,8.326672684688674e-17,-5.412337245047638e-16,1.1185496973098451e-15,2.001262197675685e-15
704,False,8.326672684688674e-17,-5.412337245047638e-16,1.1185496973098451e-15,2.001262197675685e-15
706,False,8.326672684688674e-17,-5.412337245047638e-16,1.1185496973098451e-15,2.001262197675685e-15
707,False,8.326672684688674e-17,-5.412337245047638e-16,1.1185496973098451e-15,2.001262197675685e-15
708,False,8.326672684688674e-17,-5.412337245047638e-16,1.1185496973098451e-15,2.001262197675685e-15
709,False,8.326672684688674e-17,-5.412337245047638e-16,1.1185496973098451e-15,2.001262197675685e-15
710,False,8.326672684688674e-17,-5.412337245047638e-16,1.1185496973098451e-15,2.001262197675685e-15
711,False,8.326672684688674e-17,-5.412337245047638e-16,1.1185496973098451e-15,2.001262197675685e-15
712,False,8.326672684688674e-17,-5.412337245047638e-16,1.1185496973098451e-15,2.001262197675685e-15
713,False,8.326672684688674e-17,-5.412337245047638e-16,1.1185496973098451e-15,2.001262197675685e-15
714,False,8.326672684688674e-17,-5.412337245047638e-16,1.1185496973098451e-15,2.001262197675685e-15
715,False,8.326672684688674e-17,-5.412337245047638e-16,1.1185496973098451e-15,2.001262197675685e-15
716,False,8.326672684688674e-17,-5.412337245047638e-16,1.1185496973098451e-15,2.001262197675685e-15
717,False,8.326672684688674e-17,-5.412337245047638e-16,1.1185496973098451e-15,2.001262197675685e-15
718,False,8.326672684688674e-17,-5.412337245047638e-16,1.1185496973098451e-15,2.001262197675685e-15
719,False,8.326672684688674e-17,-5.412337245047638e-16,1.1185496973098451e-15,2.001262197675685e-15
721,False,8.326672684688674e-17,-5.412337245047638e-16,1.1185496973098451e-15,2.001262197675685e-15
722,False,8.326672684688674e-17,-5.412337245047638e-16,1.1185496973098451e-15,2.001262197675685e-15
724,False,8.326672684688674e-17,-5.412337245047638e-16,1.1185496973098451e-15,2.001262197675685e-15
725,False,8.326672684688674e-17,-5.412337245047638e-16,1.1185496973098451e-15,2.001262197675685e-15
727,False,8.326672684688674e-17,-5.412337245047638e-16,1.1185496973098451e-15,2.001262197675685e-15
728,False,8.326672684688674e-17,-5.412337245047638e-16,1.1185496973098451e-15,2.001262197675685e-15
729,False,8.326672684688674e-17,-5.412337245047638e-16,1.1185496973098451e-15,2.001262197675685e-15
731,False,8.326672684688674e-17,-5.412337245047638e-16,1.1185496973098451e-15,2.001262197675685e-15
732,False,8.326672684688674e-17,-5.412337245047638e-16,1.1185496973098451e-15,2.001262197675685e-15
733,False,8.326672684688674e-17,-5.412337245047638e-16,1.1185496973098451e-15,2.001262197675685e-15
734,False,8.326672684688674e-17,-5.412337245047638e-16,1.1185496973098451e-15,2.001262197675685e-15
735,False,8.326672684688674e-17,-5.412337245047638e-16,1.1185496973098451e-15,2.001262197675685e-15
737,False,8.326672684688674e-17,-5.412337245047638e-16,1.1185496973098451e-15,2.001262197675685e-15
739,False,8.326672684688674e-17,-5.412337245047638e-16,1.1185496973098451e-15,2.001262197675685e-15
753,False,8.326672684688674e-17,-5.412337245047638e-16,1.1185496973098451e-15,2.001262197675685e-15
754,False,8.326672684688674e-17,-5.412337245047638e-16,1.1185496973098451e-15,2.001262197675685e-15
757,False,8.326672684688674e-17,-5.412337245047638e-16,1.1185496973098451e-15,2.001262197675685e-15
760,False,8.326672684688674e-17,-5.412337245047638e-16,1.1185496973098451e-15,2.001262197675685e-15
761,False,8.326672684688674e-17,-5.412337245047638e-16,1.1185496973098451e-15,2.001262197675685e-15
762,False,8.326672684688674e-17,-5.412337245047638e-16,1.1185496973098451e-15,2.001262197675685e-15
763,False,8.326672684688674e-17,-5.412337245047638e-16,1.1185496973098451e-15,2.001262197675685e-15
764,False,8.326672684688674e-17,-5.412337245047638e-16,1.1185496973098451e-15,2.001262197675685e-15
765,False,8.326672684688674e-17,-5.412337245047638e-16,1.1185496973098451e-15,2.001262197675685e-15
766,False,8.326672684688674e-17,-5.412337245047638e-16,1.1185496973098451e-15,2.001262197675685e-15
768,False,8.326672684688674e-17,-5.412337245047638e-16,1.1185496973098451e-15,2.001262197675685e-15
769,False,8.326672684688674e-17,-5.412337245047638e-16,1.1185496973098451e-15,2.001262197675685e-15
770,False,8.326672684688674e-17,-5.412337245047638e-16,1.1185496973098451e-15,2.001262197675685e-15
771,False,8.326672684688674e-17,-5.412337245047638e-16,1.1185496973098451e-15,2.001262197675685e-15
777,False,8.326672684688674e-17,-5.412337245047638e-16,1.1185496973098451e-15,2.001262197675685e-15
779,False,8.326672684688674e-17,-5.412337245047638e-16,1.1185496973098451e-15,2.001262197675685e-15
781,False,8.326672684688674e-17,-5.412337245047638e-16,1.1185496973098451e-15,2.001262197675685e-15
782,False,8.326672684688674e-17,-5.412337245047638e-16,1.1185496973098451e-15,2.001262197675685e-15
783,False,8.326672684688674e-17,-5.412337245047638e-16,1.1185496973098451e-15,2.001262197675685e-15
785,False,8.326672684688674e-17,-5.412337245047638e-16,1.1185496973098451e-15,2.001262197675685e-15
786,False,8.326672684688674e-17,-5.412337245047638e-16,1.1185496973098451e-15,2.001262197675685e-15
787,False,8.326672684688674e-17,-5.412337245047638e-16,1.1185496973098451e-15,2.001262197675685e-15
788,False,8.326672684688674e-17,-5.412337245047638e-16,1.1185496973098451e-15,2.001262197675685e-15
891,False,8.326672684688674e-17,-5.412337245047638e-16,1.1185496973098451e-15,2.001262197675685e-15
892,False,8.326672684688674e-17,-5.412337245047638e-16,1.1185496973098451e-15,2.001262197675685e-15
893,False,8.326672684688674e-17,-5.412337245047638e-16,1.1185496973098451e-15,2.001262197675685e-15
894,False,8.326672684688674e-17,-5.412337245047638e-16,1.1185496973098451e-15,2.001262197675685e-15
895,False,8.326672684688674e-17,-5.412337245047638e-16,1.1185496973098451e-15,2.001262197675685e-15
896,False,8.326672684688674e-17,-5.412337245047638e-16,1.1185496973098451e-15,2.001262197675685e-15
898,False,8.326672684688674e-17,-5.412337245047638e-16,1.1185496973098451e-15,2.001262197675685e-15
899,False,8.326672684688674e-17,-5.412337245047638e-16,1.1185496973098451e-15,2.001262197675685e-15
900,False,8.326672684688674e-17,-5.412337245047638e-16,1.1185496973098451e-15,2.001262197675685e-15
901,False,8.326672684688674e-17,-5.412337245047638e-16,1.1185496973098451e-15,2.001262197675685e-15
902,False,8.326672684688674e-17,-5.412337245047638e-16,1.1185496973098451e-15,2.001262197675685e-15
904,False,8.326672684688674e-17,-5.412337245047638e-16,1.1185496973098451e-15,2.001262197675685e-15
905,False,8.326672684688674e-17,-5.412337245047638e-16,1.1185496973098451e-15,2.001262197675685e-15
906,False,8.326672684688674e-17,-5.412337245047638e-16,1.1185496973098451e-15,2.001262197675685e-15
907,False,8.326672684688674e-17,-5.412337245047638e-16,1.1185496973098451e-15,2.001262197675685e-15
911,False,8.326672684688674e-17,-5.412337245047638e-16,1.1185496973098451e-15,2.001262197675685e-15
912,False,8.326672684688674e-17,-5.412337245047638e-16,1.1185496973098451e-15,2.001262197675685e-15
913,False,8.326672684688674e-17,-5.412337245047638e-16,1.1185496973098451e-15,2.001262197675685e-15
914,False,8.326672684688674e-17,-5.412337245047638e-16,1.1185496973098451e-15,2.001262197675685e-15
915,False,8.326672684688674e-17,-5.412337245047638e-16,1.1185496973098451e-15,2.001262197675685e-15
916,False,8.326672684688674e-17,-5.412337245047638e-16,1.1185496973098451e-15,2.001262197675685e-15
917,False,8.326672684688674e-17,-5.412337245047638e-16,1.1185496973098451e-15,2.001262197675685e-15
919,False,8.326672684688674e-17,-5.412337245047638e-16,1.1185496973098451e-15,2.001262197675685e-15
920,False,8.326672684688674e-17,-5.412337245047638e-16,1.1185496973098451e-15,2.001262197675685e-15
922,False,8.326672684688674e-17,-5.412337245047638e-16,1.1185496973098451e-15,2.001262197675685e-15
923,False,8.326672684688674e-17,-5.412337245047638e-16,1.1185496973098451e-15,2.001262197675685e-15
924,False,8.326672684688674e-17,-5.412337245047638e-16,1.1185496973098451e-15,2.001262197675685e-15
925,False,8.326672684688674e-17,-5.412337245047638e-16,1.1185496973098451e-15,2.001262197675685e-15
927,False,8.326672684688674e-17,-5.412337245047638e-16,1.1185496973098451e-15,2.001262197675685e-15
929,False,8.326672684688674e-17,-5.412337245047638e-16,1.1185496973098451e-15,2.001262197675685e-15
931,False,8.326672684688674e-17,-5.412337245047638e-16,1.1185496973098451e-15,2.001262197675685e-15
932,False,8.326672684688674e-17,-5.412337245047638e-16,1.1185496973098451e-15,2.001262197675685e-15
934,False,8.326672684688674e-17,-5.412337245047638e-16,1.1185496973098451e-15,2.001262197675685e-15
935,False,8.326672684688674e-17,-5.412337245047638e-16,1.1185496973098451e-15,2.001262197675685e-15
937,False,8.326672684688674e-17,-5.412337245047638e-16,1.1185496973098451e-15,2.001262197675685e-15
938,False,8.326672684688674e-17,-5.412337245047638e-16,1.1185496973098451e-15,2.001262197675685e-15
939,False,8.326672684688674e-17,-5.412337245047638e-16,1.1185496973098451e-15,2.001262197675685e-15
940,False,8.326672684688674e-17,-5.412337245047638e-16,1.1185496973098451e-15,2.001262197675685e-15
941,False,8.326672684688674e-17,-5.412337245047638e-16,1.1185496973098451e-15,2.001262197675685e-15
947,False,8.326672684688674e-17,-5.412337245047638e-16,1.1185496973098451e-15,2.001262197675685e-15
948,False,8.326672684688674e-17,-5.412337245047638e-16,1.1185496973098451e-15,2.001262197675685e-15
949,False,8.326672684688674e-17,-5.412337245047638e-16,1.1185496973098451e-15,2.001262197675685e-15
950,False,8.326672684688674e-17,-5.412337245047638e-16,1.1185496973098451e-15,2.001262197675685e-15
951,False,8.326672684688674e-17,-5.412337245047638e-16,1.1185496973098451e-15,2.001262197675685e-15
952,False,8.326672684688674e-17,-5.412337245047638e-16,1.1185496973098451e-15,2.001262197675685e-15
953,False,8.326672684688674e-17,-5.412337245047638e-16,1.1185496973098451e-15,2.001262197675685e-15
954,False,8.326672684688674e-17,-5.412337245047638e-16,1.1185496973098451e-15,2.001262197675685e-15
955,False,8.326672684688674e-17,-5.412337245047638e-16,1.1185496973098451e-15,2.001262197675685e-15
956,False,8.326672684688674e-17,-5.412337245047638e-16,1.1185496973098451e-15,2.001262197675685e-15
957,False,8.326672684688674e-17,-5.412337245047638e-16,1.1185496973098451e-15,2.001262197675685e-15
958,False,8.326672684688674e-17,-5.412337245047638e-16,1.1185496973098451e-15,2.001262197675685e-15
959,False,8.326672684688674e-17,-5.412337245047638e-16,1.1185496973098451e-15,2.001262197675685e-15
960,False,8.326672684688674e-17,-5.412337245047638e-16,1.1185496973098451e-15,2.001262197675685e-15
961,False,8.326672684688674e-17,-5.412337245047638e-16,1.1185496973098451e-15,2.001262197675685e-15
962,False,8.326672684688674e-17,-5.412337245047638e-16,1.1185496973098451e-15,2.001262197675685e-15
963,False,8.326672684688674e-17,-5.412337245047638e-16,1.1185496973098451e-15,2.001262197675685e-15
964,False,8.326672684688674e-17,-5.412337245047638e-16,1.1185496973098451e-15,2.001262197675685e-15
965,False,8.326672684688674e-17,-5.412337245047638e-16,1.1185496973098451e-15,2.001262197675685e-15
966,False,8.326672684688674e-17,-5.412337245047638e-16,1.1185496973098451e-15,2.001262197675685e-15
967,False,8.326672684688674e-17,-5.412337245047638e-16,1.1185496973098451e-15,2.001262197675685e-15
968,False,8.326672684688674e-17,-5.412337245047638e-16,1.1185496973098451e-15,2.001262197675685e-15
969,False,8.326672684688674e-17,-5.412337245047638e-16,1.1185496973098451e-15,2.001262197675685e-15
970,False,8.326672684688674e-17,-5.412337245047638e-16,1.1185496973098451e-15,2.001262197675685e-15
971,False,8.326672684688674e-17,-5.412337245047638e-16,1.1185496973098451e-15,2.001262197675685e-15
976,False,8.326672684688674e-17,-5.412337245047638e-16,1.1185496973098451e-15,2.001262197675685e-15
977,False,8.326672684688674e-17,-5.412337245047638e-16,1.1185496973098451e-15,2.001262197675685e-15
978,False,8.326672684688674e-17,-5.412337245047638e-16,1.1185496973098451e-15,2.001262197675685e-15
979,False,8.326672684688674e-17,-5.412337245047638e-16,1.1185496973098451e-15,2.001262197675685e-15
980,False,8.326672684688674e-17,-5.412337245047638e-16,1.1185496973098451e-15,2.001262197675685e-15
981,False,8.326672684688674e-17,-5.412337245047638e-16,1.1185496973098451e-15,2.001262197675685e-15
982,False,8.326672684688674e-17,-5.412337245047638e-16,1.1185496973098451e-15,2.001262197675685e-15
983,False,8.326672684688674e-17,-5.412337245047638e-16,1.1185496973098451e-15,2.001262197675685e-15
984,False,8.326672684688674e-17,-5.412337245047638e-16,1.1185496973098451e-15,2.001262197675685e-15
987,False,8.326672684688674e-17,-5.412337245047638e-16,1.1185496973098451e-15,2.001262197675685e-15
988,False,8.326672684688674e-17,-5.412337245047638e-16,1.1185496973098451e-15,2.001262197675685e-15
989,False,8.326672684688674e-17,-5.412337245047638e-16,1.1185496973098451e-15,2.001262197675685e-15
990,False,8.326672684688674e-17,-5.412337245047638e-16,1.1185496973098451e-15,2.001262197675685e-15
992,False,8.326672684688674e-17,-5.412337245047638e-16,1.1185496973098451e-15,2.001262197675685e-15
994,False,8.326672684688674e-17,-5.412337245047638e-16,1.1185496973098451e-15,2.001262197675685e-15
997,False,8.326672684688674e-17,-5.412337245047638e-16,1.1185496973098451e-15,2.001262197675685e-15
998,False,8.326672684688674e-17,-5.412337245047638e-16,1.1185496973098451e-15,2.001262197675685e-15
999,False,8.326672684688674e-17,-5.412337245047638e-16,1.1185496973098451e-15,2.001262197675685e-15
1000,False,8.326672684688674e-17,-5.412337245047638e-16,1.1185496973098451e-15,2.001262197675685e-15
1002,False,8.326672684688674e-17,-5.412337245047638e-16,1.1185496973098451e-15,2.001262197675685e-15
1003,False,8.326672684688674e-17,-5.412337245047638e-16,1.1185496973098451e-15,2.001262197675685e-15
1005,False,8.326672684688674e-17,-5.412337245047638e-16,1.1185496973098451e-15,2.001262197675685e-15
1006,False,8.326672684688674e-17,-5.412337245047638e-16,1.1185496973098451e-15,2.001262197675685e-15
1023,False,8.326672684688674e-17,-5.412337245047638e-16,1.1185496973098451e-15,2.001262197675685e-15
1024,False,8.326672684688674e-17,-5.412337245047638e-16,1.1185496973098451e-15,2.001262197675685e-15
1026,False,8.326672684688674e-17,-5.412337245047638e-16,1.1185496973098451e-15,2.001262197675685e-15
1032,False,8.326672684688674e-17,-5.412337245047638e-16,1.1185496973098451e-15,2.001262197675685e-15
1035,False,8.326672684688674e-17,-5.412337245047638e-16,1.1185496973098451e-15,2.001262197675685e-15
1036,False,8.326672684688674e-17,-5.412337245047638e-16,1.1185496973098451e-15,2.001262197675685e-15
1037,False,8.326672684688674e-17,-5.412337245047638e-16,1.1185496973098451e-15,2.001262197675685e-15
1038,False,8.326672684688674e-17,-5.412337245047638e-16,1.1185496973098451e-15,2.001262197675685e-15
1041,False,8.326672684688674e-17,-5.412337245047638e-16,1.1185496973098451e-15,2.001262197675685e-15
1043,False,8.326672684688674e-17,-5.412337245047638e-16,1.1185496973098451e-15,2.001262197675685e-15
1049,False,8.326672684688674e-17,-5.412337245047638e-16,1.1185496973098451e-15,2.001262197675685e-15
1051,False,8.326672684688674e-17,-5.412337245047638e-16,1.1185496973098451e-15,2.001262197675685e-15
1052,False,8.326672684688674e-17,-5.412337245047638e-16,1.1185496973098451e-15,2.001262197675685e-15
1055,False,8.326672684688674e-17,-5.412337245047638e-16,1.1185496973098451e-15,2.001262197675685e-15
1059,False,8.326672684688674e-17,-5.412337245047638e-16,1.1185496973098451e-15,2.001262197675685e-15
1061,False,8.326672684688674e-17,-5.412337245047638e-16,1.1185496973098451e-15,2.001262197675685e-15
1063,False,8.326672684688674e-17,-5.412337245047638e-16,1.1185496973098451e-15,2.001262197675685e-15
1064,False,8.326672684688674e-17,-5.412337245047638e-16,1.1185496973098451e-15,2.001262197675685e-15
1065,False,8.326672684688674e-17,-5.412337245047638e-16,1.1185496973098451e-15,2.001262197675685e-15
1068,False,8.326672684688674e-17,-5.412337245047638e-16,1.1185496973098451e-15,2.001262197675685e-15
1070,False,8.326672684688674e-17,-5.412337245047638e-16,1.1185496973098451e-15,2.001262197675685e-15
1073,False,8.326672684688674e-17,-5.412337245047638e-16,1.1185496973098451e-15,2.001262197675685e-15
1074,False,8.326672684688674e-17,-5.412337245047638e-16,1.1185496973098451e-15,2.001262197675685e-15
1075,False,8.326672684688674e-17,-5.412337245047638e-16,1.1185496973098451e-15,2.001262197675685e-15
1077,False,8.326672684688674e-17,-5.412337245047638e-16,1.1185496973098451e-15,2.001262197675685e-15
1080,False,8.326672684688674e-17,-5.412337245047638e-16,1.1185496973098451e-15,2.001262197675685e-15
1085,False,8.326672684688674e-17,-5.412337245047638e-16,1.1185496973098451e-15,2.001262197675685e-15
1086,False,8.326672684688674e-17,-5.412337245047638e-16,1.1185496973098451e-15,2.001262197675685e-15
1088,False,8.326672684688674e-17,-5.412337245047638e-16,1.1185496973098451e-15,2.001262197675685e-15
1089,False,8.326672684688674e-17,-5.412337245047638e-16,1.1185496973098451e-15,2.001262197675685e-15
1093,False,8.326672684688674e-17,-5.412337245047638e-16,1.1185496973098451e-15,2.001262197675685e-15
1096,False,8.326672684688674e-17,-5.412337245047638e-16,1.1185496973098451e-15,2.001262197675685e-15
1099,False,8.326672684688674e-17,-5.412337245047638e-16,1.1185496973098451e-15,2.001262197675685e-15
1108,False,8.326672684688674e-17,-5.412337245047638e-16,1.1185496973098451e-15,2.001262197675685e-15
1109,False,8.326672684688674e-17,-5.412337245047638e-16,1.1185496973098451e-15,2.001262197675685e-15
1110,False,8.326672684688674e-17,-5.412337245047638e-16,1.1185496973098451e-15,2.001262197675685e-15
1112,False,8.326672684688674e-17,-5.412337245047638e-16,1.1185496973098451e-15,2.001262197675685e-15
1114,False,8.326672684688674e-17,-5.412337245047638e-16,1.1185496973098451e-15,2.001262197675685e-15
1118,False,8.326672684688674e-17,-5.412337245047638e-16,1.1185496973098451e-15,2.001262197675685e-15
1120,False,8.326672684688674e-17,-5.412337245047638e-16,1.1185496973098451e-15,2.001262197675685e-15
1121,False,8.326672684688674e-17,-5.412337245047638e-16,1.1185496973098451e-15,2.001262197675685e-15
1122,False,8.326672684688674e-17,-5.412337245047638e-16,1.1185496973098451e-15,2.001262197675685e-15
1125,False,8.326672684688674e-17,-5.412337245047638e-16,1.1185496973098451e-15,2.001262197675685e-15
1126,False,8.326672684688674e-17,-5.412337245047638e-16,1.1185496973098451e-15,2.001262197675685e-15
1128,False,8.326672684688674e-17,-5.412337245047638e-16,1.1185496973098451e-15,2.001262197675685e-15
1129,False,8.326672684688674e-17,-5.412337245047638e-16,1.1185496973098451e-15,2.001262197675685e-15
1131,False,8.326672684688674e-17,-5.412337245047638e-16,1.1185496973098451e-15,2.001262197675685e-15
1133,False,8.326672684688674e-17,-5.412337245047638e-16,1.1185496973098451e-15,2.001262197675685e-15
1134,False,8.326672684688674e-17,-5.412337245047638e-16,1.1185496973098451e-15,2.001262197675685e-15
1136,False,8.326672684688674e-17,-5.412337245047638e-16,1.1185496973098451e-15,2.001262197675685e-15
1137,False,8.326672684688674e-17,-5.412337245047638e-16,1.1185496973098451e-15,2.001262197675685e-15
1138,False,8.326672684688674e-17,-5.412337245047638e-16,1.1185496973098451e-15,2.001262197675685e-15
1361,False,8.326672684688674e-17,-5.412337245047638e-16,1.1185496973098451e-15,2.001262197675685e-15
1365,False,8.326672684688674e-17,-5.412337245047638e-16,1.1185496973098451e-15,2.001262197675685e-15
1380,False,8.326672684688674e-17,-5.412337245047638e-16,1.1185496973098451e-15,2.001262197675685e-15
1381,False,8.326672684688674e-17,-5.412337245047638e-16,1.1185496973098451e-15,2.001262197675685e-15
1425,False,8.326672684688674e-17,-5.412337245047638e-16,1.1185496973098451e-15,2.001262197675685e-15
1429,False,8.326672684688674e-17,-5.412337245047638e-16,1.1185496973098451e-15,2.001262197675685e-15
1432,False,8.326672684688674e-17,-5.412337245047638e-16,1.1185496973098451e-15,2.001262197675685e-15
1434,False,8.326672684688674e-17,-5.412337245047638e-16,1.1185496973098451e-15,2.001262197675685e-15
1442,False,8.326672684688674e-17,-5.412337245047638e-16,1.1185496973098451e-15,2.001262197675685e-15
1444,False,8.326672684688674e-17,-5.412337245047638e-16,1.1185496973098451e-15,2.001262197675685e-15
1472,False,8.326672684688674e-17,-5.412337245047638e-16,1.1185496973098451e-15,2.001262197675685e-15
1474,False,8.326672684688674e-17,-5.412337245047638e-16,1.1185496973098451e-15,2.001262197675685e-15
1477,False,8.326672684688674e-17,-5.412337245047638e-16,1.1185496973098451e-15,2.001262197675685e-15
1478,False,8.326672684688674e-17,-5.412337245047638e-16,1.1185496973098451e-15,2.001262197675685e-15
1479,False,8.326672684688674e-17,-5.412337245047638e-16,1.1185496973098451e-15,2.001262197675685e-15
1489,False,8.326672684688674e-17,-5.412337245047638e-16,1.1185496973098451e-15,2.001262197675685e-15
1495,False,8.326672684688674e-17,-5.412337245047638e-16,1.1185496973098451e-15,2.001262197675685e-15
1496,False,8.326672684688674e-17,-5.412337245047638e-16,1.1185496973098451e-15,2.001262197675685e-15
1497,False,8.326672684688674e-17,-5.412337245047638e-16,1.1185496973098451e-15,2.001262197675685e-15
1498,False,8.326672684688674e-17,-5.412337245047638e-16,1.1185496973098451e-15,2.001262197675685e-15
1499,False,8.326672684688674e-17,-5.412337245047638e-16,1.1185496973098451e-15,2.001262197675685e-15
1500,False,8.326672684688674e-17,-5.412337245047638e-16,1.1185496973098451e-15,2.001262197675685e-15
1501,False,8.326672684688674e-17,-5.412337245047638e-16,1.1185496973098451e-15,2.001262197675685e-15
1502,False,8.326672684688674e-17,-5.412337245047638e-16,1.1185496973098451e-15,2.001262197675685e-15
1503,False,8.326672684688674e-17,-5.412337245047638e-16,1.1185496973098451e-15,2.001262197675685e-15
1504,False,8.326672684688674e-17,-5.412337245047638e-16,1.1185496973098451e-15,2.001262197675685e-15
1505,False,8.326672684688674e-17,-5.412337245047638e-16,1.1185496973098451e-15,2.001262197675685e-15
1506,False,8.326672684688674e-17,-5.412337245047638e-16,1.1185496973098451e-15,2.001262197675685e-15
1507,False,8.326672684688674e-17,-5.412337245047638e-16,1.1185496973098451e-15,2.001262197675685e-15
1508,False,8.326672684688674e-17,-5.412337245047638e-16,1.1185496973098451e-15,2.001262197675685e-15
1509,False,8.326672684688674e-17,-5.412337245047638e-16,1.1185496973098451e-15,2.001262197675685e-15
1510,False,8.326672684688674e-17,-5.412337245047638e-16,1.1185496973098451e-15,2.001262197675685e-15
1511,False,8.326672684688674e-17,-5.412337245047638e-16,1.1185496973098451e-15,2.001262197675685e-15
1512,False,8.326672684688674e-17,-5.412337245047638e-16,1.1185496973098451e-15,2.001262197675685e-15
1513,False,8.326672684688674e-17,-5.412337245047638e-16,1.1185496973098451e-15,2.001262197675685e-15
1514,False,8.326672684688674e-17,-5.412337245047638e-16,1.1185496973098451e-15,2.001262197675685e-15
1515,False,8.326672684688674e-17,-5.412337245047638e-16,1.1185496973098451e-15,2.001262197675685e-15
1516,False,8.326672684688674e-17,-5.412337245047638e-16,1.1185496973098451e-15,2.001262197675685e-15
1517,False,8.326672684688674e-17,-5.412337245047638e-16,1.1185496973098451e-15,2.001262197675685e-15
1518,False,8.326672684688674e-17,-5.412337245047638e-16,1.1185496973098451e-15,2.001262197675685e-15
1519,False,8.326672684688674e-17,-5.412337245047638e-16,1.1185496973098451e-15,2.001262197675685e-15
1520,False,8.326672684688674e-17,-5.412337245047638e-16,1.1185496973098451e-15,2.001262197675685e-15
1521,False,8.326672684688674e-17,-5.412337245047638e-16,1.1185496973098451e-15,2.001262197675685e-15
1522,False,8.326672684688674e-17,-5.412337245047638e-16,1.1185496973098451e-15,2.001262197675685e-15
1525,False,8.326672684688674e-17,-5.412337245047638e-16,1.1185496973098451e-15,2.001262197675685e-15
1526,False,8.326672684688674e-17,-5.412337245047638e-16,1.1185496973098451e-15,2.001262197675685e-15
1527,False,8.326672684688674e-17,-5.412337245047638e-16,1.1185496973098451e-15,2.001262197675685e-15
1528,False,8.326672684688674e-17,-5.412337245047638e-16,1.1185496973098451e-15,2.001262197675685e-15
1529,False,8.326672684688674e-17,-5.412337245047638e-16,1.1185496973098451e-15,2.001262197675685e-15
1530,False,8.326672684688674e-17,-5.412337245047638e-16,1.1185496973098451e-15,2.001262197675685e-15
1531,False,8.326672684688674e-17,-5.412337245047638e-16,1.1185496973098451e-15,2.001262197675685e-15
1532,False,8.326672684688674e-17,-5.412337245047638e-16,1.1185496973098451e-15,2.001262197675685e-15
1533,False,8.326672684688674e-17,-5.412337245047638e-16,1.1185496973098451e-15,2.001262197675685e-15
1535,False,8.326672684688674e-17,-5.412337245047638e-16,1.1185496973098451e-15,2.001262197675685e-15
1536,False,8.326672684688674e-17,-5.412337245047638e-16,1.1185496973098451e-15,2.001262197675685e-15
1538,False,8.326672684688674e-17,-5.412337245047638e-16,1.1185496973098451e-15,2.001262197675685e-15
1539,False,8.326672684688674e-17,-5.412337245047638e-16,1.1185496973098451e-15,2.001262197675685e-15
1540,False,8.326672684688674e-17,-5.412337245047638e-16,1.1185496973098451e-15,2.001262197675685e-15
1541,False,8.326672684688674e-17,-5.412337245047638e-16,1.1185496973098451e-15,2.001262197675685e-15
1542,False,8.326672684688674e-17,-5.412337245047638e-16,1.1185496973098451e-15,2.001262197675685e-15
1544,False,8.326672684688674e-17,-5.412337245047638e-16,1.1185496973098451e-15,2.001262197675685e-15
1545,False,8.326672684688674e-17,-5.412337245047638e-16,1.1185496973098451e-15,2.001262197675685e-15
1548,False,8.326672684688674e-17,-5.412337245047638e-16,1.1185496973098451e-15,2.001262197675685e-15
1554,False,8.326672684688674e-17,-5.412337245047638e-16,1.1185496973098451e-15,2.001262197675685e-15
1559,False,8.326672684688674e-17,-5.412337245047638e-16,1.1185496973098451e-15,2.001262197675685e-15
1562,False,8.326672684688674e-17,-5.412337245047638e-16,1.1185496973098451e-15,2.001262197675685e-15
1563,False,8.326672684688674e-17,-5.412337245047638e-16,1.1185496973098451e-15,2.001262197675685e-15
1564,False,8.326672684688674e-17,-5.412337245047638e-16,1.1185496973098451e-15,2.001262197675685e-15
1565,False,8.326672684688674e-17,-5.412337245047638e-16,1.1185496973098451e-15,2.001262197675685e-15
1569,False,8.326672684688674e-17,-5.412337245047638e-16,1.1185496973098451e-15,2.001262197675685e-15
1572,False,8.326672684688674e-17,-5.412337245047638e-16,1.1185496973098451e-15,2.001262197675685e-15
1575,False,8.326672684688674e-17,-5.412337245047638e-16,1.1185496973098451e-15,2.001262197675685e-15
1576,False,8.326672684688674e-17,-5.412337245047638e-16,1.1185496973098451e-15,2.001262197675685e-15
1578,False,8.326672684688674e-17,-5.412337245047638e-16,1.1185496973098451e-15,2.001262197675685e-15
1585,False,8.326672684688674e-17,-5.412337245047638e-16,1.1185496973098451e-15,2.001262197675685e-15
1591,False,8.326672684688674e-17,-5.412337245047638e-16,1.1185496973098451e-15,2.001262197675685e-15
1593,False,8.326672684688674e-17,-5.412337245047638e-16,1.1185496973098451e-15,2.001262197675685e-15
1594,False,8.326672684688674e-17,-5.412337245047638e-16,1.1185496973098451e-15,2.001262197675685e-15
1600,False,8.326672684688674e-17,-5.412337245047638e-16,1.1185496973098451e-15,2.001262197675685e-15
1601,False,8.326672684688674e-17,-5.412337245047638e-16,1.1185496973098451e-15,2.001262197675685e-15
1607,False,8.326672684688674e-17,-5.412337245047638e-16,1.1185496973098451e-15,2.001262197675685e-15
1609,False,8.326672684688674e-17,-5.412337245047638e-16,1.1185496973098451e-15,2.001262197675685e-15
1612,False,8.326672684688674e-17,-5.412337245047638e-16,1.1185496973098451e-15,2.001262197675685e-15
1619,False,8.326672684688674e-17,-5.412337245047638e-16,1.1185496973098451e-15,2.001262197675685e-15
1630,False,8.326672684688674e-17,-5.412337245047638e-16,1.1185496973098451e-15,2.001262197675685e-15
1666,False,8.326672684688674e-17,-5.412337245047638e-16,1.1185496973098451e-15,2.001262197675685e-15
1667,False,8.326672684688674e-17,-5.412337245047638e-16,1.1185496973098451e-15,2.001262197675685e-15
1677,False,8.326672684688674e-17,-5.412337245047638e-16,1.1185496973098451e-15,2.001262197675685e-15
1680,False,8.326672684688674e-17,-5.412337245047638e-16,1.1185496973098451e-15,2.001262197675685e-15
1682,False,8.326672684688674e-17,-5.412337245047638e-16,1.1185496973098451e-15,2.001262197675685e-15
1683,False,8.326672684688674e-17,-5.412337245047638e-16,1.1185496973098451e-15,2.001262197675685e-15
1709,False,8.326672684688674e-17,-5.412337245047638e-16,1.1185496973098451e-15,2.001262197675685e-15
1710,False,8.326672684688674e-17,-5.412337245047638e-16,1.1185496973098451e-15,2.001262197675685e-15
1711,False,8.326672684688674e-17,-5.412337245047638e-16,1.1185496973098451e-15,2.001262197675685e-15
1712,False,8.326672684688674e-17,-5.412337245047638e-16,1.1185496973098451e-15,2.001262197675685e-15
1713,True,8.326672684688674e-17,-5.412337245047638e-16,1.1185496973098451e-15,2.001262197675685e-15
1714,False,8.326672684688674e-17,-5.412337245047638e-16,1.1185496973098451e-15,2.001262197675685e-15
1715,False,8.326672684688674e-17,-5.412337245047638e-16,1.1185496973098451e-15,2.001262197675685e-15
1716,False,8.326672684688674e-17,-5.412337245047638e-16,1.1185496973098451e-15,2.001262197675685e-15
1717,True,8.326672684688674e-17,-5.412337245047638e-16,1.1185496973098451e-15,2.001262197675685e-15
1718,False,8.326672684688674e-17,-5.412337245047638e-16,1.1185496973098451e-15,2.001262197675685e-15
1719,False,8.326672684688674e-17,-5.412337245047638e-16,1.1185496973098451e-15,2.001262197675685e-15
1720,False,8.326672684688674e-17,-5.412337245047638e-16,1.1185496973098451e-15,2.001262197675685e-15
1721,False,8.326672684688674e-17,-5.412337245047638e-16,1.1185496973098451e-15,2.001262197675685e-15
1722,False,8.326672684688674e-17,-5.412337245047638e-16,1.1185496973098451e-15,2.001262197675685e-15
1723,False,8.326672684688674e-17,-5.412337245047638e-16,1.1185496973098451e-15,2.001262197675685e-15
1724,False,8.326672684688674e-17,-5.412337245047638e-16,1.1185496973098451e-15,2.001262197675685e-15
1725,False,8.326672684688674e-17,-5.412337245047638e-16,1.1185496973098451e-15,2.001262197675685e-15
1726,False,8.326672684688674e-17,-5.412337245047638e-16,1.1185496973098451e-15,2.001262197675685e-15
1727,False,8.326672684688674e-17,-5.412337245047638e-16,1.1185496973098451e-15,2.001262197675685e-15
1728,False,8.326672684688674e-17,-5.412337245047638e-16,1.1185496973098451e-15,2.001262197675685e-15
1729,False,8.326672684688674e-17,-5.412337245047638e-16,1.1185496973098451e-15,2.001262197675685e-15
1730,False,8.326672684688674e-17,-5.412337245047638e-16,1.1185496973098451e-15,2.001262197675685e-15
1731,False,8.326672684688674e-17,-5.412337245047638e-16,1.1185496973098451e-15,2.001262197675685e-15
1732,False,8.326672684688674e-17,-5.412337245047638e-16,1.1185496973098451e-15,2.001262197675685e-15
1733,False,8.326672684688674e-17,-5.412337245047638e-16,1.1185496973098451e-15,2.001262197675685e-15
1734,False,8.326672684688674e-17,-5.412337245047638e-16,1.1185496973098451e-15,2.001262197675685e-15
1735,False,8.326672684688674e-17,-5.412337245047638e-16,1.1185496973098451e-15,2.001262197675685e-15
1736,False,8.326672684688674e-17,-5.412337245047638e-16,1.1185496973098451e-15,2.001262197675685e-15
1737,False,8.326672684688674e-17,-5.412337245047638e-16,1.1185496973098451e-15,2.001262197675685e-15
1738,False,8.326672684688674e-17,-5.412337245047638e-16,1.1185496973098451e-15,2.001262197675685e-15
1739,False,8.326672684688674e-17,-5.412337245047638e-16,1.1185496973098451e-15,2.001262197675685e-15
1740,False,8.326672684688674e-17,-5.412337245047638e-16,1.1185496973098451e-15,2.001262197675685e-15
1741,False,8.326672684688674e-17,-5.412337245047638e-16,1.1185496973098451e-15,2.001262197675685e-15
1742,False,8.326672684688674e-17,-5.412337245047638e-16,1.1185496973098451e-15,2.001262197675685e-15
1743,False,8.326672684688674e-17,-5.412337245047638e-16,1.1185496973098451e-15,2.001262197675685e-15
1744,False,8.326672684688674e-17,-5.412337245047638e-16,1.1185496973098451e-15,2.001262197675685e-15
1745,False,8.326672684688674e-17,-5.412337245047638e-16,1.1185496973098451e-15,2.001262197675685e-15
1746,False,8.326672684688674e-17,-5.412337245047638e-16,1.1185496973098451e-15,2.001262197675685e-15
1747,False,8.326672684688674e-17,-5.412337245047638e-16,1.1185496973098451e-15,2.001262197675685e-15
1748,False,8.326672684688674e-17,-5.412337245047638e-16,1.1185496973098451e-15,2.001262197675685e-15
1749,False,8.326672684688674e-17,-5.412337245047638e-16,1.1185496973098451e-15,2.001262197675685e-15
1750,False,8.326672684688674e-17,-5.412337245047638e-16,1.1185496973098451e-15,2.001262197675685e-15
1751,False,8.326672684688674e-17,-5.412337245047638e-16,1.1185496973098451e-15,2.001262197675685e-15
1752,False,8.326672684688674e-17,-5.412337245047638e-16,1.1185496973098451e-15,2.001262197675685e-15
1753,False,8.326672684688674e-17,-5.412337245047638e-16,1.1185496973098451e-15,2.001262197675685e-15
1754,False,8.326672684688674e-17,-5.412337245047638e-16,1.1185496973098451e-15,2.001262197675685e-15
1755,False,8.326672684688674e-17,-5.412337245047638e-16,1.1185496973098451e-15,2.001262197675685e-15
1756,False,8.326672684688674e-17,-5.412337245047638e-16,1.1185496973098451e-15,2.001262197675685e-15
1757,False,8.326672684688674e-17,-5.412337245047638e-16,1.1185496973098451e-15,2.001262197675685e-15
1760,False,8.326672684688674e-17,-5.412337245047638e-16,1.1185496973098451e-15,2.001262197675685e-15
1761,False,8.326672684688674e-17,-5.412337245047638e-16,1.1185496973098451e-15,2.001262197675685e-15
1762,False,8.326672684688674e-17,-5.412337245047638e-16,1.1185496973098451e-15,2.001262197675685e-15
1763,False,8.326672684688674e-17,-5.412337245047638e-16,1.1185496973098451e-15,2.001262197675685e-15
1764,False,8.326672684688674e-17,-5.412337245047638e-16,1.1185496973098451e-15,2.001262197675685e-15
1765,False,8.326672684688674e-17,-5.412337245047638e-16,1.1185496973098451e-15,2.001262197675685e-15
1766,False,8.326672684688674e-17,-5.412337245047638e-16,1.1185496973098451e-15,2.001262197675685e-15
1800,False,8.326672684688674e-17,-5.412337245047638e-16,1.1185496973098451e-15,2.001262197675685e-15
1801,False,8.326672684688674e-17,-5.412337245047638e-16,1.1185496973098451e-15,2.001262197675685e-15
1802,False,8.326672684688674e-17,-5.412337245047638e-16,1.1185496973098451e-15,2.001262197675685e-15
1817,False,8.326672684688674e-17,-5.412337245047638e-16,1.1185496973098451e-15,2.001262197675685e-15
1820,False,8.326672684688674e-17,-5.412337245047638e-16,1.1185496973098451e-15,2.001262197675685e-15
1823,False,8.326672684688674e-17,-5.412337245047638e-16,1.1185496973098451e-15,2.001262197675685e-15
1824,False,8.326672684688674e-17,-5.412337245047638e-16,1.1185496973098451e-15,2.001262197675685e-15
1829,False,8.326672684688674e-17,-5.412337245047638e-16,1.1185496973098451e-15,2.001262197675685e-15
1831,False,8.326672684688674e-17,-5.412337245047638e-16,1.1185496973098451e-15,2.001262197675685e-15
1838,False,8.326672684688674e-17,-5.412337245047638e-16,1.1185496973098451e-15,2.001262197675685e-15
1844,False,8.326672684688674e-17,-5.412337245047638e-16,1.1185496973098451e-15,2.001262197675685e-15
1845,False,8.326672684688674e-17,-5.412337245047638e-16,1.1185496973098451e-15,2.001262197675685e-15
1847,False,8.326672684688674e-17,-5.412337245047638e-16,1.1185496973098451e-15,2.001262197675685e-15
1852,False,8.326672684688674e-17,-5.412337245047638e-16,1.1185496973098451e-15,2.001262197675685e-15
1853,False,8.326672684688674e-17,-5.412337245047638e-16,1.1185496973098451e-15,2.001262197675685e-15
1855,False,8.326672684688674e-17,-5.412337245047638e-16,1.1185496973098451e-15,2.001262197675685e-15
1858,False,8.326672684688674e-17,-5.412337245047638e-16,1.1185496973098451e-15,2.001262197675685e-15
1861,False,8.326672684688674e-17,-5.412337245047638e-16,1.1185496973098451e-15,2.001262197675685e-15
1863,False,8.326672684688674e-17,-5.412337245047638e-16,1.1185496973098451e-15,2.001262197675685e-15
1864,False,8.326672684688674e-17,-5.412337245047638e-16,1.1185496973098451e-15,2.001262197675685e-15
1868,False,8.326672684688674e-17,-5.412337245047638e-16,1.1185496973098451e-15,2.001262197675685e-15
1869,False,8.326672684688674e-17,-5.412337245047638e-16,1.1185496973098451e-15,2.001262197675685e-15
1871,False,8.326672684688674e-17,-5.412337245047638e-16,1.1185496973098451e-15,2.001262197675685e-15
1872,False,8.326672684688674e-17,-5.412337245047638e-16,1.1185496973098451e-15,2.001262197675685e-15
1882,False,8.326672684688674e-17,-5.412337245047638e-16,1.1185496973098451e-15,2.001262197675685e-15
1883,False,8.326672684688674e-17,-5.412337245047638e-16,1.1185496973098451e-15,2.001262197675685e-15
1884,False,8.326672684688674e-17,-5.412337245047638e-16,1.1185496973098451e-15,2.001262197675685e-15
1885,False,8.326672684688674e-17,-5.412337245047638e-16,1.1185496973098451e-15,2.001262197675685e-15
1886,False,8.326672684688674e-17,-5.412337245047638e-16,1.1185496973098451e-15,2.001262197675685e-15
1887,False,8.326672684688674e-17,-5.412337245047638e-16,1.1185496973098451e-15,2.001262197675685e-15
1888,False,8.326672684688674e-17,-5.412337245047638e-16,1.1185496973098451e-15,2.001262197675685e-15
1889,False,8.326672684688674e-17,-5.412337245047638e-16,1.1185496973098451e-15,2.001262197675685e-15
1890,False,8.326672684688674e-17,-5.412337245047638e-16,1.1185496973098451e-15,2.001262197675685e-15
1891,False,8.326672684688674e-17,-5.412337245047638e-16,1.1185496973098451e-15,2.001262197675685e-15
1892,False,8.326672684688674e-17,-5.412337245047638e-16,1.1185496973098451e-15,2.001262197675685e-15
1893,False,8.326672684688674e-17,-5.412337245047638e-16,1.1185496973098451e-15,2.001262197675685e-15
1894,False,8.326672684688674e-17,-5.412337245047638e-16,1.1185496973098451e-15,2.001262197675685e-15
1895,False,8.326672684688674e-17,-5.412337245047638e-16,1.1185496973098451e-15,2.001262197675685e-15
1897,False,8.326672684688674e-17,-5.412337245047638e-16,1.1185496973098451e-15,2.001262197675685e-15
1898,False,8.326672684688674e-17,-5.412337245047638e-16,1.1185496973098451e-15,2.001262197675685e-15
1899,False,8.326672684688674e-17,-5.412337245047638e-16,1.1185496973098451e-15,2.001262197675685e-15
1900,False,8.326672684688674e-17,-5.412337245047638e-16,1.1185496973098451e-15,2.001262197675685e-15
1901,False,8.326672684688674e-17,-5.412337245047638e-16,1.1185496973098451e-15,2.001262197675685e-15
1902,False,8.326672684688674e-17,-5.412337245047638e-16,1.1185496973098451e-15,2.001262197675685e-15
1903,False,8.326672684688674e-17,-5.412337245047638e-16,1.1185496973098451e-15,2.001262197675685e-15
1904,False,8.326672684688674e-17,-5.412337245047638e-16,1.1185496973098451e-15,2.001262197675685e-15
1905,False,8.326672684688674e-17,-5.412337245047638e-16,1.1185496973098451e-15,2.001262197675685e-15
1906,False,8.326672684688674e-17,-5.412337245047638e-16,1.1185496973098451e-15,2.001262197675685e-15
1907,False,8.326672684688674e-17,-5.412337245047638e-16,1.1185496973098451e-15,2.001262197675685e-15
1908,False,8.326672684688674e-17,-5.412337245047638e-16,1.1185496973098451e-15,2.001262197675685e-15
1909,False,8.326672684688674e-17,-5.412337245047638e-16,1.1185496973098451e-15,2.001262197675685e-15
1910,False,8.326672684688674e-17,-5.412337245047638e-16,1.1185496973098451e-15,2.001262197675685e-15
1911,False,8.326672684688674e-17,-5.412337245047638e-16,1.1185496973098451e-15,2.001262197675685e-15
1913,False,8.326672684688674e-17,-5.412337245047638e-16,1.1185496973098451e-15,2.001262197675685e-15
1914,False,8.326672684688674e-17,-5.412337245047638e-16,1.1185496973098451e-15,2.001262197675685e-15
1915,False,8.326672684688674e-17,-5.412337245047638e-16,1.1185496973098451e-15,2.001262197675685e-15
1916,False,8.326672684688674e-17,-5.412337245047638e-16,1.1185496973098451e-15,2.001262197675685e-15
1917,False,8.326672684688674e-17,-5.412337245047638e-16,1.1185496973098451e-15,2.001262197675685e-15
1918,False,8.326672684688674e-17,-5.412337245047638e-16,1.1185496973098451e-15,2.001262197675685e-15
1919,False,8.326672684688674e-17,-5.412337245047638e-16,1.1185496973098451e-15,2.001262197675685e-15
1920,False,8.326672684688674e-17,-5.412337245047638e-16,1.1185496973098451e-15,2.001262197675685e-15
1921,False,8.326672684688674e-17,-5.412337245047638e-16,1.1185496973098451e-15,2.001262197675685e-15
1922,False,8.326672684688674e-17,-5.412337245047638e-16,1.1185496973098451e-15,2.001262197675685e-15
1924,False,8.326672684688674e-17,-5.412337245047638e-16,1.1185496973098451e-15,2.001262197675685e-15
1926,False,8.326672684688674e-17,-5.412337245047638e-16,1.1185496973098451e-15,2.001262197675685e-15
1928,False,8.326672684688674e-17,-5.412337245047638e-16,1.1185496973098451e-15,2.001262197675685e-15
1930,False,8.326672684688674e-17,-5.412337245047638e-16,1.1185496973098451e-15,2.001262197675685e-15
1934,False,8.326672684688674e-17,-5.412337245047638e-16,1.1185496973098451e-15,2.001262197675685e-15
1937,False,8.326672684688674e-17,-5.412337245047638e-16,1.1185496973098451e-15,2.001262197675685e-15
1938,False,8.326672684688674e-17,-5.412337245047638e-16,1.1185496973098451e-15,2.001262197675685e-15
1942,False,8.326672684688674e-17,-5.412337245047638e-16,1.1185496973098451e-15,2.001262197675685e-15
1943,False,8.326672684688674e-17,-5.412337245047638e-16,1.1185496973098451e-15,2.001262197675685e-15
1944,False,8.326672684688674e-17,-5.412337245047638e-16,1.1185496973098451e-15,2.001262197675685e-15
1952,False,8.326672684688674e-17,-5.412337245047638e-16,1.1185496973098451e-15,2.001262197675685e-15
1953,False,8.326672684688674e-17,-5.412337245047638e-16,1.1185496973098451e-15,2.001262197675685e-15
1954,False,8.326672684688674e-17,-5.412337245047638e-16,1.1185496973098451e-15,2.001262197675685e-15
1956,False,8.326672684688674e-17,-5.412337245047638e-16,1.1185496973098451e-15,2.001262197675685e-15
1960,False,8.326672684688674e-17,-5.412337245047638e-16,1.1185496973098451e-15,2.001262197675685e-15
1965,False,8.326672684688674e-17,-5.412337245047638e-16,1.1185496973098451e-15,2.001262197675685e-15
1967,False,8.326672684688674e-17,-5.412337245047638e-16,1.1185496973098451e-15,2.001262197675685e-15
1975,False,8.326672684688674e-17,-5.412337245047638e-16,1.1185496973098451e-15,2.001262197675685e-15
1983,False,8.326672684688674e-17,-5.412337245047638e-16,1.1185496973098451e-15,2.001262197675685e-15
1985,False,8.326672684688674e-17,-5.412337245047638e-16,1.1185496973098451e-15,2.001262197675685e-15
2000,False,8.326672684688674e-17,-5.412337245047638e-16,1.1185496973098451e-15,2.001262197675685e-15
2030,False,8.326672684688674e-17,-5.412337245047638e-16,1.1185496973098451e-15,2.001262197675685e-15
2031,False,8.326672684688674e-17,-5.412337245047638e-16,1.1185496973098451e-15,2.001262197675685e-15
2032,False,8.326672684688674e-17,-5.412337245047638e-16,1.1185496973098451e-15,2.001262197675685e-15
2033,False,8.326672684688674e-17,-5.412337245047638e-16,1.1185496973098451e-15,2.001262197675685e-15
2034,False,8.326672684688674e-17,-5.412337245047638e-16,1.1185496973098451e-15,2.001262197675685e-15
2035,False,8.326672684688674e-17,-5.412337245047638e-16,1.1185496973098451e-15,2.001262197675685e-15
2036,False,8.326672684688674e-17,-5.412337245047638e-16,1.1185496973098451e-15,2.001262197675685e-15
2037,True,-0.0006090075954009455,-0.0005585284680567348,0.000173144973726308,5.133940400495692e-06
2038,False,8.326672684688674e-17,-5.412337245047638e-16,1.1185496973098451e-15,2.001262197675685e-15
2039,False,8.326672684688674e-17,-5.412337245047638e-16,1.1185496973098451e-15,2.001262197675685e-15
2040,False,8.326672684688674e-17,-5.412337245047638e-16,1.1185496973098451e-15,2.001262197675685e-15
2041,False,8.326672684688674e-17,-5.412337245047638e-16,1.1185496973098451e-15,2.001262197675685e-15
2042,False,8.326672684688674e-17,-5.412337245047638e-16,1.1185496973098451e-15,2.001262197675685e-15
2043,False,8.326672684688674e-17,-5.412337245047638e-16,1.1185496973098451e-15,2.001262197675685e-15
2044,False,8.326672684688674e-17,-5.412337245047638e-16,1.1185496973098451e-15,2.001262197675685e-15
2045,False,8.326672684688674e-17,-5.412337245047638e-16,1.1185496973098451e-15,2.001262197675685e-15
2046,False,8.326672684688674e-17,-5.412337245047638e-16,1.1185496973098451e-15,2.001262197675685e-15
2047,False,8.326672684688674e-17,-5.412337245047638e-16,1.1185496973098451e-15,2.001262197675685e-15
2048,False,8.326672684688674e-17,-5.412337245047638e-16,1.1185496973098451e-15,2.001262197675685e-15
2049,False,8.326672684688674e-17,-5.412337245047638e-16,1.1185496973098451e-15,2.001262197675685e-15
2050,False,8.326672684688674e-17,-5.412337245047638e-16,1.1185496973098451e-15,2.001262197675685e-15
2051,False,8.326672684688674e-17,-5.412337245047638e-16,1.1185496973098451e-15,2.001262197675685e-15
2052,False,8.326672684688674e-17,-5.412337245047638e-16,1.1185496973098451e-15,2.001262197675685e-15
2053,False,8.326672684688674e-17,-5.412337245047638e-16,1.1185496973098451e-15,2.001262197675685e-15
2054,False,8.326672684688674e-17,-5.412337245047638e-16,1.1185496973098451e-15,2.001262197675685e-15
2055,False,8.326672684688674e-17,-5.412337245047638e-16,1.1185496973098451e-15,2.001262197675685e-15
2056,False,8.326672684688674e-17,-5.412337245047638e-16,1.1185496973098451e-15,2.001262197675685e-15
2057,False,8.326672684688674e-17,-5.412337245047638e-16,1.1185496973098451e-15,2.001262197675685e-15
2058,False,8.326672684688674e-17,-5.412337245047638e-16,1.1185496973098451e-15,2.001262197675685e-15
2059,False,8.326672684688674e-17,-5.412337245047638e-16,1.1185496973098451e-15,2.001262197675685e-15
2060,False,8.326672684688674e-17,-5.412337245047638e-16,1.1185496973098451e-15,2.001262197675685e-15
2061,False,8.326672684688674e-17,-5.412337245047638e-16,1.1185496973098451e-15,2.001262197675685e-15
2062,False,8.326672684688674e-17,-5.412337245047638e-16,1.1185496973098451e-15,2.001262197675685e-15
2063,False,8.326672684688674e-17,-5.412337245047638e-16,1.1185496973098451e-15,2.001262197675685e-15
2064,False,8.326672684688674e-17,-5.412337245047638e-16,1.1185496973098451e-15,2.001262197675685e-15
2065,False,8.326672684688674e-17,-5.412337245047638e-16,1.1185496973098451e-15,2.001262197675685e-15
2066,False,8.326672684688674e-17,-5.412337245047638e-16,1.1185496973098451e-15,2.001262197675685e-15
2067,False,8.326672684688674e-17,-5.412337245047638e-16,1.1185496973098451e-15,2.001262197675685e-15
2068,False,8.326672684688674e-17,-5.412337245047638e-16,1.1185496973098451e-15,2.001262197675685e-15
2069,False,8.326672684688674e-17,-5.412337245047638e-16,1.1185496973098451e-15,2.001262197675685e-15
2071,False,8.326672684688674e-17,-5.412337245047638e-16,1.1185496973098451e-15,2.001262197675685e-15
2072,False,8.326672684688674e-17,-5.412337245047638e-16,1.1185496973098451e-15,2.001262197675685e-15
2073,False,8.326672684688674e-17,-5.412337245047638e-16,1.1185496973098451e-15,2.001262197675685e-15
2074,False,8.326672684688674e-17,-5.412337245047638e-16,1.1185496973098451e-15,2.001262197675685e-15
2078,False,8.326672684688674e-17,-5.412337245047638e-16,1.1185496973098451e-15,2.001262197675685e-15
2079,False,8.326672684688674e-17,-5.412337245047638e-16,1.1185496973098451e-15,2.001262197675685e-15
2080,False,8.326672684688674e-17,-5.412337245047638e-16,1.1185496973098451e-15,2.001262197675685e-15
2081,False,8.326672684688674e-17,-5.412337245047638e-16,1.1185496973098451e-15,2.001262197675685e-15
2082,False,8.326672684688674e-17,-5.412337245047638e-16,1.1185496973098451e-15,2.001262197675685e-15
2084,False,8.326672684688674e-17,-5.412337245047638e-16,1.1185496973098451e-15,2.001262197675685e-15
2091,False,8.326672684688674e-17,-5.412337245047638e-16,1.1185496973098451e-15,2.001262197675685e-15
2092,False,8.326672684688674e-17,-5.412337245047638e-16,1.1185496973098451e-15,2.001262197675685e-15
2098,False,8.326672684688674e-17,-5.412337245047638e-16,1.1185496973098451e-15,2.001262197675685e-15
2101,False,8.326672684688674e-17,-5.412337245047638e-16,1.1185496973098451e-15,2.001262197675685e-15
2106,False,8.326672684688674e-17,-5.412337245047638e-16,1.1185496973098451e-15,2.001262197675685e-15
2109,False,8.326672684688674e-17,-5.412337245047638e-16,1.1185496973098451e-15,2.001262197675685e-15
2121,False,8.326672684688674e-17,-5.412337245047638e-16,1.1185496973098451e-15,2.001262197675685e-15
2123,False,8.326672684688674e-17,-5.412337245047638e-16,1.1185496973098451e-15,2.001262197675685e-15
2124,False,8.326672684688674e-17,-5.412337245047638e-16,1.1185496973098451e-15,2.001262197675685e-15
2128,False,8.326672684688674e-17,-5.412337245047638e-16,1.1185496973098451e-15,2.001262197675685e-15
2130,False,8.326672684688674e-17,-5.412337245047638e-16,1.1185496973098451e-15,2.001262197675685e-15
2137,False,8.326672684688674e-17,-5.412337245047638e-16,1.1185496973098451e-15,2.001262197675685e-15
2143,False,8.326672684688674e-17,-5.412337245047638e-16,1.1185496973098451e-15,2.001262197675685e-15
2173,False,8.326672684688674e-17,-5.412337245047638e-16,1.1185496973098451e-15,2.001262197675685e-15
2198,False,8.326672684688674e-17,-5.412337245047638e-16,1.1185496973098451e-15,2.001262197675685e-15
2199,True,8.326672684688674e-17,-5.412337245047638e-16,1.1185496973098451e-15,2.001262197675685e-15
2200,True,8.326672684688674e-17,-5.412337245047638e-16,1.1185496973098451e-15,2.001262197675685e-15
2201,False,8.326672684688674e-17,-5.412337245047638e-16,1.1185496973098451e-15,2.001262197675685e-15
2202,False,8.326672684688674e-17,-5.412337245047638e-16,1.1185496973098451e-15,2.001262197675685e-15
2203,False,8.326672684688674e-17,-5.412337245047638e-16,1.1185496973098451e-15,2.001262197675685e-15
2204,False,8.326672684688674e-17,-5.412337245047638e-16,1.1185496973098451e-15,2.001262197675685e-15
2205,False,8.326672684688674e-17,-5.412337245047638e-16,1.1185496973098451e-15,2.001262197675685e-15
2206,False,8.326672684688674e-17,-5.412337245047638e-16,1.1185496973098451e-15,2.001262197675685e-15
2207,False,-3.828155583866788e-05,-6.826364269549301e-05,0.000129012972023064,2.331110477480261e-06
2208,False,8.326672684688674e-17,-5.412337245047638e-16,1.1185496973098451e-15,2.001262197675685e-15
2209,False,8.326672684688674e-17,-5.412337245047638e-16,1.1185496973098451e-15,2.001262197675685e-15
2210,False,8.326672684688674e-17,-5.412337245047638e-16,1.1185496973098451e-15,2.001262197675685e-15
2211,False,8.326672684688674e-17,-5.412337245047638e-16,1.1185496973098451e-15,2.001262197675685e-15
2212,False,8.326672684688674e-17,-5.412337245047638e-16,1.1185496973098451e-15,2.001262197675685e-15
2213,False,8.326672684688674e-17,-5.412337245047638e-16,1.1185496973098451e-15,2.001262197675685e-15
2214,False,8.326672684688674e-17,-5.412337245047638e-16,1.1185496973098451e-15,2.001262197675685e-15
2215,False,8.326672684688674e-17,-5.412337245047638e-16,1.1185496973098451e-15,2.001262197675685e-15
2216,False,8.326672684688674e-17,-5.412337245047638e-16,1.1185496973098451e-15,2.001262197675685e-15
2217,False,8.326672684688674e-17,-5.412337245047638e-16,1.1185496973098451e-15,2.001262197675685e-15
2218,False,8.326672684688674e-17,-5.412337245047638e-16,1.1185496973098451e-15,2.001262197675685e-15
2219,False,8.326672684688674e-17,-5.412337245047638e-16,1.1185496973098451e-15,2.001262197675685e-15
2220,False,8.326672684688674e-17,-5.412337245047638e-16,1.1185496973098451e-15,2.001262197675685e-15
2221,False,8.326672684688674e-17,-5.412337245047638e-16,1.1185496973098451e-15,2.001262197675685e-15
2222,False,8.326672684688674e-17,-5.412337245047638e-16,1.1185496973098451e-15,2.001262197675685e-15
2223,False,8.326672684688674e-17,-5.412337245047638e-16,1.1185496973098451e-15,2.001262197675685e-15
2224,False,8.326672684688674e-17,-5.412337245047638e-16,1.1185496973098451e-15,2.001262197675685e-15
2225,True,8.326672684688674e-17,-5.412337245047638e-16,1.1185496973098451e-15,2.001262197675685e-15
2226,False,8.326672684688674e-17,-5.412337245047638e-16,1.1185496973098451e-15,2.001262197675685e-15
2228,False,8.326672684688674e-17,-5.412337245047638e-16,1.1185496973098451e-15,2.001262197675685e-15
2229,False,8.326672684688674e-17,-5.412337245047638e-16,1.1185496973098451e-15,2.001262197675685e-15
2230,False,8.326672684688674e-17,-5.412337245047638e-16,1.1185496973098451e-15,2.001262197675685e-15
2237,False,8.326672684688674e-17,-5.412337245047638e-16,1.1185496973098451e-15,2.001262197675685e-15
2238,False,8.326672684688674e-17,-5.412337245047638e-16,1.1185496973098451e-15,2.001262197675685e-15
2239,False,8.326672684688674e-17,-5.412337245047638e-16,1.1185496973098451e-15,2.001262197675685e-15
2240,False,8.326672684688674e-17,-5.412337245047638e-16,1.1185496973098451e-15,2.001262197675685e-15
2241,False,8.326672684688674e-17,-5.412337245047638e-16,1.1185496973098451e-15,2.001262197675685e-15
2242,False,8.326672684688674e-17,-5.412337245047638e-16,1.1185496973098451e-15,2.001262197675685e-15
2243,False,8.326672684688674e-17,-5.412337245047638e-16,1.1185496973098451e-15,2.001262197675685e-15
2244,False,8.326672684688674e-17,-5.412337245047638e-16,1.1185496973098451e-15,2.001262197675685e-15
2245,False,8.326672684688674e-17,-5.412337245047638e-16,1.1185496973098451e-15,2.001262197675685e-15
2246,False,8.326672684688674e-17,-5.412337245047638e-16,1.1185496973098451e-15,2.001262197675685e-15
2248,False,8.326672684688674e-17,-5.412337245047638e-16,1.1185496973098451e-15,2.001262197675685e-15
2249,False,8.326672684688674e-17,-5.412337245047638e-16,1.1185496973098451e-15,2.001262197675685e-15
2250,False,8.326672684688674e-17,-5.412337245047638e-16,1.1185496973098451e-15,2.001262197675685e-15
2253,False,8.326672684688674e-17,-5.412337245047638e-16,1.1185496973098451e-15,2.001262197675685e-15
2254,False,8.326672684688674e-17,-5.412337245047638e-16,1.1185496973098451e-15,2.001262197675685e-15
2256,False,8.326672684688674e-17,-5.412337245047638e-16,1.1185496973098451e-15,2.001262197675685e-15
2257,False,8.326672684688674e-17,-5.412337245047638e-16,1.1185496973098451e-15,2.001262197675685e-15
2260,False,8.326672684688674e-17,-5.412337245047638e-16,1.1185496973098451e-15,2.001262197675685e-15
2261,False,8.326672684688674e-17,-5.412337245047638e-16,1.1185496973098451e-15,2.001262197675685e-15
2264,False,8.326672684688674e-17,-5.412337245047638e-16,1.1185496973098451e-15,2.001262197675685e-15
2294,False,8.326672684688674e-17,-5.412337245047638e-16,1.1185496973098451e-15,2.001262197675685e-15
2306,False,8.326672684688674e-17,-5.412337245047638e-16,1.1185496973098451e-15,2.001262197675685e-15
2321,False,8.326672684688674e-17,-5.412337245047638e-16,1.1185496973098451e-15,2.001262197675685e-15
2343,False,8.326672684688674e-17,-5.412337245047638e-16,1.1185496973098451e-15,2.001262197675685e-15
2347,False,8.326672684688674e-17,-5.412337245047638e-16,1.1185496973098451e-15,2.001262197675685e-15
2349,False,8.326672684688674e-17,-5.412337245047638e-16,1.1185496973098451e-15,2.001262197675685e-15
2351,False,8.326672684688674e-17,-5.412337245047638e-16,1.1185496973098451e-15,2.001262197675685e-15
2352,False,8.326672684688674e-17,-5.412337245047638e-16,1.1185496973098451e-15,2.001262197675685e-15
2357,False,8.326672684688674e-17,-5.412337245047638e-16,1.1185496973098451e-15,2.001262197675685e-15
2365,False,8.326672684688674e-17,-5.412337245047638e-16,1.1185496973098451e-15,2.001262197675685e-15
2366,False,8.326672684688674e-17,-5.412337245047638e-16,1.1185496973098451e-15,2.001262197675685e-15
2367,False,8.326672684688674e-17,-5.412337245047638e-16,1.1185496973098451e-15,2.001262197675685e-15
2369,False,8.326672684688674e-17,-5.412337245047638e-16,1.1185496973098451e-15,2.001262197675685e-15
2370,False,8.326672684688674e-17,-5.412337245047638e-16,1.1185496973098451e-15,2.001262197675685e-15
2397,False,8.326672684688674e-17,-5.412337245047638e-16,1.1185496973098451e-15,2.001262197675685e-15
2398,False,8.326672684688674e-17,-5.412337245047638e-16,1.1185496973098451e-15,2.001262197675685e-15
2399,False,8.326672684688674e-17,-5.412337245047638e-16,1.1185496973098451e-15,2.001262197675685e-15
2400,False,8.326672684688674e-17,-5.412337245047638e-16,1.1185496973098451e-15,2.001262197675685e-15
2401,False,8.326672684688674e-17,-5.412337245047638e-16,1.1185496973098451e-15,2.001262197675685e-15
2402,False,8.326672684688674e-17,-5.412337245047638e-16,1.1185496973098451e-15,2.001262197675685e-15
2403,True,8.326672684688674e-17,-5.412337245047638e-16,1.1185496973098451e-15,2.001262197675685e-15
2404,False,8.326672684688674e-17,-5.412337245047638e-16,1.1185496973098451e-15,2.001262197675685e-15
2405,False,8.326672684688674e-17,-5.412337245047638e-16,1.1185496973098451e-15,2.001262197675685e-15
2406,False,8.326672684688674e-17,-5.412337245047638e-16,1.1185496973098451e-15,2.001262197675685e-15
2407,False,8.326672684688674e-17,-5.412337245047638e-16,1.1185496973098451e-15,2.001262197675685e-15
2408,False,8.326672684688674e-17,-5.412337245047638e-16,1.1185496973098451e-15,2.001262197675685e-15
2409,False,8.326672684688674e-17,-5.412337245047638e-16,1.1185496973098451e-15,2.001262197675685e-15
2410,False,8.326672684688674e-17,-5.412337245047638e-16,1.1185496973098451e-15,2.001262197675685e-15
2411,False,8.326672684688674e-17,-5.412337245047638e-16,1.1185496973098451e-15,2.001262197675685e-15
2412,False,8.326672684688674e-17,-5.412337245047638e-16,1.1185496973098451e-15,2.001262197675685e-15
2413,False,8.326672684688674e-17,-5.412337245047638e-16,1.1185496973098451e-15,2.001262197675685e-15
2414,False,8.326672684688674e-17,-5.412337245047638e-16,1.1185496973098451e-15,2.001262197675685e-15
2415,False,8.326672684688674e-17,-5.412337245047638e-16,1.1185496973098451e-15,2.001262197675685e-15
2416,False,8.326672684688674e-17,-5.412337245047638e-16,1.1185496973098451e-15,2.001262197675685e-15
2417,False,8.326672684688674e-17,-5.412337245047638e-16,1.1185496973098451e-15,2.001262197675685e-15
2418,False,8.326672684688674e-17,-5.412337245047638e-16,1.1185496973098451e-15,2.001262197675685e-15
2419,False,8.326672684688674e-17,-5.412337245047638e-16,1.1185496973098451e-15,2.001262197675685e-15
2420,False,8.326672684688674e-17,-5.412337245047638e-16,1.1185496973098451e-15,2.001262197675685e-15
2421,False,8.326672684688674e-17,-5.412337245047638e-16,1.1185496973098451e-15,2.001262197675685e-15
2422,False,8.326672684688674e-17,-5.412337245047638e-16,1.1185496973098451e-15,2.001262197675685e-15
2423,False,8.326672684688674e-17,-5.412337245047638e-16,1.1185496973098451e-15,2.001262197675685e-15
2424,False,8.326672684688674e-17,-5.412337245047638e-16,1.1185496973098451e-15,2.001262197675685e-15
2425,False,8.326672684688674e-17,-5.412337245047638e-16,1.1185496973098451e-15,2.001262197675685e-15
2427,False,8.326672684688674e-17,-5.412337245047638e-16,1.1185496973098451e-15,2.001262197675685e-15
2428,False,8.326672684688674e-17,-5.412337245047638e-16,1.1185496973098451e-15,2.001262197675685e-15
2429,False,8.326672684688674e-17,-5.412337245047638e-16,1.1185496973098451e-15,2.001262197675685e-15
2430,False,8.326672684688674e-17,-5.412337245047638e-16,1.1185496973098451e-15,2.001262197675685e-15
2431,False,8.326672684688674e-17,-5.412337245047638e-16,1.1185496973098451e-15,2.001262197675685e-15
2432,False,8.326672684688674e-17,-5.412337245047638e-16,1.1185496973098451e-15,2.001262197675685e-15
2434,False,8.326672684688674e-17,-5.412337245047638e-16,1.1185496973098451e-15,2.001262197675685e-15
2435,False,8.326672684688674e-17,-5.412337245047638e-16,1.1185496973098451e-15,2.001262197675685e-15
2436,False,8.326672684688674e-17,-5.412337245047638e-16,1.1185496973098451e-15,2.001262197675685e-15
2437,False,8.326672684688674e-17,-5.412337245047638e-16,1.1185496973098451e-15,2.001262197675685e-15
2440,False,8.326672684688674e-17,-5.412337245047638e-16,1.1185496973098451e-15,2.001262197675685e-15
2441,False,8.326672684688674e-17,-5.412337245047638e-16,1.1185496973098451e-15,2.001262197675685e-15
2442,False,8.326672684688674e-17,-5.412337245047638e-16,1.1185496973098451e-15,2.001262197675685e-15
2443,False,8.326672684688674e-17,-5.412337245047638e-16,1.1185496973098451e-15,2.001262197675685e-15
2446,False,8.326672684688674e-17,-5.412337245047638e-16,1.1185496973098451e-15,2.001262197675685e-15
2447,False,8.326672684688674e-17,-5.412337245047638e-16,1.1185496973098451e-15,2.001262197675685e-15
2449,False,8.326672684688674e-17,-5.412337245047638e-16,1.1185496973098451e-15,2.001262197675685e-15
2450,False,8.326672684688674e-17,-5.412337245047638e-16,1.1185496973098451e-15,2.001262197675685e-15
2451,False,8.326672684688674e-17,-5.412337245047638e-16,1.1185496973098451e-15,2.001262197675685e-15
2452,False,8.326672684688674e-17,-5.412337245047638e-16,1.1185496973098451e-15,2.001262197675685e-15
2453,False,8.326672684688674e-17,-5.412337245047638e-16,1.1185496973098451e-15,2.001262197675685e-15
2454,False,8.326672684688674e-17,-5.412337245047638e-16,1.1185496973098451e-15,2.001262197675685e-15
2456,False,8.326672684688674e-17,-5.412337245047638e-16,1.1185496973098451e-15,2.001262197675685e-15
2457,False,8.326672684688674e-17,-5.412337245047638e-16,1.1185496973098451e-15,2.001262197675685e-15
2462,False,8.326672684688674e-17,-5.412337245047638e-16,1.1185496973098451e-15,2.001262197675685e-15
2466,False,8.326672684688674e-17,-5.412337245047638e-16,1.1185496973098451e-15,2.001262197675685e-15
2469,False,8.326672684688674e-17,-5.412337245047638e-16,1.1185496973098451e-15,2.001262197675685e-15
2470,False,8.326672684688674e-17,-5.412337245047638e-16,1.1185496973098451e-15,2.001262197675685e-15
2471,False,8.326672684688674e-17,-5.412337245047638e-16,1.1185496973098451e-15,2.001262197675685e-15
2484,False,8.326672684688674e-17,-5.412337245047638e-16,1.1185496973098451e-15,2.001262197675685e-15
2486,False,8.326672684688674e-17,-5.412337245047638e-16,1.1185496973098451e-15,2.001262197675685e-15
2492,False,8.326672684688674e-17,-5.412337245047638e-16,1.1185496973098451e-15,2.001262197675685e-15
2499,False,8.326672684688674e-17,-5.412337245047638e-16,1.1185496973098451e-15,2.001262197675685e-15
2501,False,8.326672684688674e-17,-5.412337245047638e-16,1.1185496973098451e-15,2.001262197675685e-15
2541,False,8.326672684688674e-17,-5.412337245047638e-16,1.1185496973098451e-15,2.001262197675685e-15
2544,True,8.74774647190435e-05,0.01270697780870389,-0.01424303237349367,0.00020248485815474755
2545,False,8.326672684688674e-17,-5.412337245047638e-16,1.1185496973098451e-15,2.001262197675685e-15
2546,True,-0.006998562702809463,-0.016873090081912623,0.021587395544528487,0.0001030221206516914
2547,False,8.326672684688674e-17,-5.412337245047638e-16,1.1185496973098451e-15,2.001262197675685e-15
2548,True,8.326672684688674e-17,-5.412337245047638e-16,1.1185496973098451e-15,2.001262197675685e-15
2549,False,8.326672684688674e-17,-5.412337245047638e-16,1.1185496973098451e-15,2.001262197675685e-15
2550,False,8.326672684688674e-17,-5.412337245047638e-16,1.1185496973098451e-15,2.001262197675685e-15
2551,False,8.326672684688674e-17,-5.412337245047638e-16,1.1185496973098451e-15,2.001262197675685e-15
2552,False,8.326672684688674e-17,-5.412337245047638e-16,1.1185496973098451e-15,2.001262197675685e-15
2553,False,8.326672684688674e-17,-5.412337245047638e-16,1.1185496973098451e-15,2.001262197675685e-15
2554,False,8.326672684688674e-17,-5.412337245047638e-16,1.1185496973098451e-15,2.001262197675685e-15
2555,False,8.326672684688674e-17,-5.412337245047638e-16,1.1185496973098451e-15,2.001262197675685e-15
2556,False,8.326672684688674e-17,-5.412337245047638e-16,1.1185496973098451e-15,2.001262197675685e-15
2557,False,8.326672684688674e-17,-5.412337245047638e-16,1.1185496973098451e-15,2.001262197675685e-15
2558,False,8.326672684688674e-17,-5.412337245047638e-16,1.1185496973098451e-15,2.001262197675685e-15
2559,False,8.326672684688674e-17,-5.412337245047638e-16,1.1185496973098451e-15,2.001262197675685e-15
2560,False,8.326672684688674e-17,-5.412337245047638e-16,1.1185496973098451e-15,2.001262197675685e-15
2561,False,8.326672684688674e-17,-5.412337245047638e-16,1.1185496973098451e-15,2.001262197675685e-15
2562,False,8.326672684688674e-17,-5.412337245047638e-16,1.1185496973098451e-15,2.001262197675685e-15
2563,False,8.326672684688674e-17,-5.412337245047638e-16,1.1185496973098451e-15,2.001262197675685e-15
2564,False,8.326672684688674e-17,-5.412337245047638e-16,1.1185496973098451e-15,2.001262197675685e-15
2565,False,8.326672684688674e-17,-5.412337245047638e-16,1.1185496973098451e-15,2.001262197675685e-15
2566,False,8.326672684688674e-17,-5.412337245047638e-16,1.1185496973098451e-15,2.001262197675685e-15
2567,False,8.326672684688674e-17,-5.412337245047638e-16,1.1185496973098451e-15,2.001262197675685e-15
2568,False,8.326672684688674e-17,-5.412337245047638e-16,1.1185496973098451e-15,2.001262197675685e-15
2569,False,8.326672684688674e-17,-5.412337245047638e-16,1.1185496973098451e-15,2.001262197675685e-15
2570,False,8.326672684688674e-17,-5.412337245047638e-16,1.1185496973098451e-15,2.001262197675685e-15
2571,False,8.326672684688674e-17,-5.412337245047638e-16,1.1185496973098451e-15,2.001262197675685e-15
2572,False,8.326672684688674e-17,-5.412337245047638e-16,1.1185496973098451e-15,2.001262197675685e-15
2573,False,8.326672684688674e-17,-5.412337245047638e-16,1.1185496973098451e-15,2.001262197675685e-15
2574,False,8.326672684688674e-17,-5.412337245047638e-16,1.1185496973098451e-15,2.001262197675685e-15
2575,False,8.326672684688674e-17,-5.412337245047638e-16,1.1185496973098451e-15,2.001262197675685e-15
2580,False,8.326672684688674e-17,-5.412337245047638e-16,1.1185496973098451e-15,2.001262197675685e-15
2581,False,8.326672684688674e-17,-5.412337245047638e-16,1.1185496973098451e-15,2.001262197675685e-15
2582,False,8.326672684688674e-17,-5.412337245047638e-16,1.1185496973098451e-15,2.001262197675685e-15
2583,False,8.326672684688674e-17,-5.412337245047638e-16,1.1185496973098451e-15,2.001262197675685e-15
2584,False,8.326672684688674e-17,-5.412337245047638e-16,1.1185496973098451e-15,2.001262197675685e-15
2585,True,8.326672684688674e-17,-5.412337245047638e-16,1.1185496973098451e-15,2.001262197675685e-15
2586,False,8.326672684688674e-17,-5.412337245047638e-16,1.1185496973098451e-15,2.001262197675685e-15
2588,False,8.326672684688674e-17,-5.412337245047638e-16,1.1185496973098451e-15,2.001262197675685e-15
2590,False,8.326672684688674e-17,-5.412337245047638e-16,1.1185496973098451e-15,2.001262197675685e-15
2591,False,8.326672684688674e-17,-5.412337245047638e-16,1.1185496973098451e-15,2.001262197675685e-15
2592,False,8.326672684688674e-17,-5.412337245047638e-16,1.1185496973098451e-15,2.001262197675685e-15
2594,True,0.004062375277237795,0.002578101581648673,-0.00171067937119046,3.227733064015185e-05
2599,False,8.326672684688674e-17,-5.412337245047638e-16,1.1185496973098451e-15,2.001262197675685e-15
2601,False,8.326672684688674e-17,-5.412337245047638e-16,1.1185496973098451e-15,2.001262197675685e-15
2602,False,8.326672684688674e-17,-5.412337245047638e-16,1.1185496973098451e-15,2.001262197675685e-15
2604,False,8.326672684688674e-17,-5.412337245047638e-16,1.1185496973098451e-15,2.001262197675685e-15
2605,False,8.326672684688674e-17,-5.412337245047638e-16,1.1185496973098451e-15,2.001262197675685e-15
2617,False,-0.006006038501972344,-0.004671645853986162,-0.009049299321420401,6.045015504444487e-05
2624,False,8.326672684688674e-17,-5.412337245047638e-16,1.1185496973098451e-15,2.001262197675685e-15
2632,False,8.326672684688674e-17,-5.412337245047638e-16,1.1185496973098451e-15,2.001262197675685e-15
2639,False,8.326672684688674e-17,-5.412337245047638e-16,1.1185496973098451e-15,2.001262197675685e-15
2648,False,8.326672684688674e-17,-5.412337245047638e-16,1.1185496973098451e-15,2.001262197675685e-15
2657,False,8.326672684688674e-17,-5.412337245047638e-16,1.1185496973098451e-15,2.001262197675685e-15
2667,False,8.326672684688674e-17,-5.412337245047638e-16,1.1185496973098451e-15,2.001262197675685e-15
2668,False,8.326672684688674e-17,-5.412337245047638e-16,1.1185496973098451e-15,2.001262197675685e-15
2669,False,8.326672684688674e-17,-5.412337245047638e-16,1.1185496973098451e-15,2.001262197675685e-15
2673,False,8.326672684688674e-17,-5.412337245047638e-16,1.1185496973098451e-15,2.001262197675685e-15
2679,False,8.326672684688674e-17,-5.412337245047638e-16,1.1185496973098451e-15,2.001262197675685e-15
2682,False,8.326672684688674e-17,-5.412337245047638e-16,1.1185496973098451e-15,2.001262197675685e-15
2684,False,8.326672684688674e-17,-5.412337245047638e-16,1.1185496973098451e-15,2.001262197675685e-15
2688,False,8.326672684688674e-17,-5.412337245047638e-16,1.1185496973098451e-15,2.001262197675685e-15
2693,False,8.326672684688674e-17,-5.412337245047638e-16,1.1185496973098451e-15,2.001262197675685e-15
2694,False,8.326672684688674e-17,-5.412337245047638e-16,1.1185496973098451e-15,2.001262197675685e-15
2696,False,8.326672684688674e-17,-5.412337245047638e-16,1.1185496973098451e-15,2.001262197675685e-15
2724,False,8.326672684688674e-17,-5.412337245047638e-16,1.1185496973098451e-15,2.001262197675685e-15
2730,True,-0.006153319244976974,-0.010220619690109567,0.0017247971565120535,7.051524915511948e-05
2731,False,8.326672684688674e-17,-5.412337245047638e-16,1.1185496973098451e-15,2.001262197675685e-15
2732,False,8.326672684688674e-17,-5.412337245047638e-16,1.1185496973098451e-15,2.001262197675685e-15
2733,True,8.326672684688674e-17,-5.412337245047638e-16,1.1185496973098451e-15,2.001262197675685e-15
2734,True,8.326672684688674e-17,-5.412337245047638e-16,1.1185496973098451e-15,2.001262197675685e-15
2735,False,8.326672684688674e-17,-5.412337245047638e-16,1.1185496973098451e-15,2.001262197675685e-15
2736,False,8.326672684688674e-17,-5.412337245047638e-16,1.1185496973098451e-15,2.001262197675685e-15
2737,False,8.326672684688674e-17,-5.412337245047638e-16,1.1185496973098451e-15,2.001262197675685e-15
2738,True,-0.026155967563399773,-0.01170044410014981,-0.01207068944206393,0.001809596950116879
2739,False,8.326672684688674e-17,-5.412337245047638e-16,1.1185496973098451e-15,2.001262197675685e-15
2740,False,8.326672684688674e-17,-5.412337245047638e-16,1.1185496973098451e-15,2.001262197675685e-15
2741,False,8.326672684688674e-17,-5.412337245047638e-16,1.1185496973098451e-15,2.001262197675685e-15
2742,False,8.326672684688674e-17,-5.412337245047638e-16,1.1185496973098451e-15,2.001262197675685e-15
2743,False,8.326672684688674e-17,-5.412337245047638e-16,1.1185496973098451e-15,2.001262197675685e-15
2744,False,8.326672684688674e-17,-5.412337245047638e-16,1.1185496973098451e-15,2.001262197675685e-15
2745,False,8.326672684688674e-17,-5.412337245047638e-16,1.1185496973098451e-15,2.001262197675685e-15
2746,False,8.326672684688674e-17,-5.412337245047638e-16,1.1185496973098451e-15,2.001262197675685e-15
2747,False,0.001797560215994587,0.001206051864408475,0.0008292911857898655,3.379416485689806e-05
2748,False,8.326672684688674e-17,-5.412337245047638e-16,1.1185496973098451e-15,2.001262197675685e-15
2749,False,8.326672684688674e-17,-5.412337245047638e-16,1.1185496973098451e-15,2.001262197675685e-15
2750,False,8.326672684688674e-17,-5.412337245047638e-16,1.1185496973098451e-15,2.001262197675685e-15
2751,False,8.326672684688674e-17,-5.412337245047638e-16,1.1185496973098451e-15,2.001262197675685e-15
2752,False,8.326672684688674e-17,-5.412337245047638e-16,1.1185496973098451e-15,2.001262197675685e-15
2753,False,8.326672684688674e-17,-5.412337245047638e-16,1.1185496973098451e-15,2.001262197675685e-15
2754,False,8.326672684688674e-17,-5.412337245047638e-16,1.1185496973098451e-15,2.001262197675685e-15
2755,False,8.326672684688674e-17,-5.412337245047638e-16,1.1185496973098451e-15,2.001262197675685e-15
2756,False,8.326672684688674e-17,-5.412337245047638e-16,1.1185496973098451e-15,2.001262197675685e-15
2757,False,8.326672684688674e-17,-5.412337245047638e-16,1.1185496973098451e-15,2.001262197675685e-15
2758,False,8.326672684688674e-17,-5.412337245047638e-16,1.1185496973098451e-15,2.001262197675685e-15
2760,False,0.00020025343070495527,-0.0004350478422778803,0.00043091846127618627,1.4344579028610582e-05
2761,False,8.326672684688674e-17,-5.412337245047638e-16,1.1185496973098451e-15,2.001262197675685e-15
2762,False,8.326672684688674e-17,-5.412337245047638e-16,1.1185496973098451e-15,2.001262197675685e-15
2763,False,8.326672684688674e-17,-5.412337245047638e-16,1.1185496973098451e-15,2.001262197675685e-15
2764,False,8.326672684688674e-17,-5.412337245047638e-16,1.1185496973098451e-15,2.001262197675685e-15
2765,False,8.326672684688674e-17,-5.412337245047638e-16,1.1185496973098451e-15,2.001262197675685e-15
2766,False,8.326672684688674e-17,-5.412337245047638e-16,1.1185496973098451e-15,2.001262197675685e-15
2767,False,8.326672684688674e-17,-5.412337245047638e-16,1.1185496973098451e-15,2.001262197675685e-15
2768,False,8.326672684688674e-17,-5.412337245047638e-16,1.1185496973098451e-15,2.001262197675685e-15
2770,False,8.326672684688674e-17,-5.412337245047638e-16,1.1185496973098451e-15,2.001262197675685e-15
2772,True,-0.013765486498743762,-0.005397177476740289,0.015252970549671119,0.00013091036284007814
2774,False,8.326672684688674e-17,-5.412337245047638e-16,1.1185496973098451e-15,2.001262197675685e-15
2775,False,8.326672684688674e-17,-5.412337245047638e-16,1.1185496973098451e-15,2.001262197675685e-15
2776,False,8.326672684688674e-17,-5.412337245047638e-16,1.1185496973098451e-15,2.001262197675685e-15
2779,False,8.326672684688674e-17,-5.412337245047638e-16,1.1185496973098451e-15,2.001262197675685e-15
2782,False,8.326672684688674e-17,-5.412337245047638e-16,1.1185496973098451e-15,2.001262197675685e-15
2784,False,8.326672684688674e-17,-5.412337245047638e-16,1.1185496973098451e-15,2.001262197675685e-15
2788,False,8.326672684688674e-17,-5.412337245047638e-16,1.1185496973098451e-15,2.001262197675685e-15
2798,False,8.326672684688674e-17,-5.412337245047638e-16,1.1185496973098451e-15,2.001262197675685e-15
2800,False,8.326672684688674e-17,-5.412337245047638e-16,1.1185496973098451e-15,2.001262197675685e-15
2804,False,8.326672684688674e-17,-5.412337245047638e-16,1.1185496973098451e-15,2.001262197675685e-15
2809,False,8.326672684688674e-17,-5.412337245047638e-16,1.1185496973098451e-15,2.001262197675685e-15
2810,False,8.326672684688674e-17,-5.412337245047638e-16,1.1185496973098451e-15,2.001262197675685e-15
2823,False,8.326672684688674e-17,-5.412337245047638e-16,1.1185496973098451e-15,2.001262197675685e-15
2824,False,8.326672684688674e-17,-5.412337245047638e-16,1.1185496973098451e-15,2.001262197675685e-15
2825,False,8.326672684688674e-17,-5.412337245047638e-16,1.1185496973098451e-15,2.001262197675685e-15
2839,False,8.326672684688674e-17,-5.412337245047638e-16,1.1185496973098451e-15,2.001262197675685e-15
2845,False,8.326672684688674e-17,-5.412337245047638e-16,1.1185496973098451e-15,2.001262197675685e-15
2852,False,8.326672684688674e-17,-5.412337245047638e-16,1.1185496973098451e-15,2.001262197675685e-15
2853,False,8.326672684688674e-17,-5.412337245047638e-16,1.1185496973098451e-15,2.001262197675685e-15
2857,False,8.326672684688674e-17,-5.412337245047638e-16,1.1185496973098451e-15,2.001262197675685e-15
2863,False,8.326672684688674e-17,-5.412337245047638e-16,1.1185496973098451e-15,2.001262197675685e-15
2866,False,8.326672684688674e-17,-5.412337245047638e-16,1.1185496973098451e-15,2.001262197675685e-15
2867,False,8.326672684688674e-17,-5.412337245047638e-16,1.1185496973098451e-15,2.001262197675685e-15
2873,False,8.326672684688674e-17,-5.412337245047638e-16,1.1185496973098451e-15,2.001262197675685e-15
2876,False,8.326672684688674e-17,-5.412337245047638e-16,1.1185496973098451e-15,2.001262197675685e-15
2891,False,8.326672684688674e-17,-5.412337245047638e-16,1.1185496973098451e-15,2.001262197675685e-15
101106,False,8.326672684688674e-17,-5.412337245047638e-16,1.1185496973098451e-15,2.001262197675685e-15
101107,True,0.00027596703608151474,0.0006731714399224598,-0.0017118195941129705,2.65019855935979e-05
101108,True,-0.025124457055465843,-0.03149174927049225,0.007891390391859376,6.173932627485662e-05
101109,True,8.326672684688674e-17,-5.412337245047638e-16,1.1185496973098451e-15,2.001262197675685e-15
101110,False,8.326672684688674e-17,-5.412337245047638e-16,1.1185496973098451e-15,2.001262197675685e-15
101111,False,8.326672684688674e-17,-5.412337245047638e-16,1.1185496973098451e-15,2.001262197675685e-15
101112,False,8.326672684688674e-17,-5.412337245047638e-16,1.1185496973098451e-15,2.001262197675685e-15
101113,False,8.326672684688674e-17,-5.412337245047638e-16,1.1185496973098451e-15,2.001262197675685e-15
101114,False,8.326672684688674e-17,-5.412337245047638e-16,1.1185496973098451e-15,2.001262197675685e-15
101115,False,8.326672684688674e-17,-5.412337245047638e-16,1.1185496973098451e-15,2.001262197675685e-15
101117,False,8.326672684688674e-17,-5.412337245047638e-16,1.1185496973098451e-15,2.001262197675685e-15
101118,False,8.326672684688674e-17,-5.412337245047638e-16,1.1185496973098451e-15,2.001262197675685e-15
101119,False,8.326672684688674e-17,-5.412337245047638e-16,1.1185496973098451e-15,2.001262197675685e-15
101120,False,8.326672684688674e-17,-5.412337245047638e-16,1.1185496973098451e-15,2.001262197675685e-15
101121,False,8.326672684688674e-17,-5.412337245047638e-16,1.1185496973098451e-15,2.001262197675685e-15
101122,False,8.326672684688674e-17,-5.412337245047638e-16,1.1185496973098451e-15,2.001262197675685e-15
101123,True,8.326672684688674e-17,-5.412337245047638e-16,1.1185496973098451e-15,2.001262197675685e-15
101124,False,8.326672684688674e-17,-5.412337245047638e-16,1.1185496973098451e-15,2.001262197675685e-15
101125,False,8.326672684688674e-17,-5.412337245047638e-16,1.1185496973098451e-15,2.001262197675685e-15
101126,False,8.326672684688674e-17,-5.412337245047638e-16,1.1185496973098451e-15,2.001262197675685e-15
101127,False,8.326672684688674e-17,-5.412337245047638e-16,1.1185496973098451e-15,2.001262197675685e-15
101128,False,8.326672684688674e-17,-5.412337245047638e-16,1.1185496973098451e-15,2.001262197675685e-15
101129,False,8.326672684688674e-17,-5.412337245047638e-16,1.1185496973098451e-15,2.001262197675685e-15
101130,False,8.326672684688674e-17,-5.412337245047638e-16,1.1185496973098451e-15,2.001262197675685e-15
101131,False,8.326672684688674e-17,-5.412337245047638e-16,1.1185496973098451e-15,2.001262197675685e-15
101132,False,8.326672684688674e-17,-5.412337245047638e-16,1.1185496973098451e-15,2.001262197675685e-15
101133,True,8.326672684688674e-17,-5.412337245047638e-16,1.1185496973098451e-15,2.001262197675685e-15
101134,False,8.326672684688674e-17,-5.412337245047638e-16,1.1185496973098451e-15,2.001262197675685e-15
101135,False,8.326672684688674e-17,-5.412337245047638e-16,1.1185496973098451e-15,2.001262197675685e-15
101136,False,8.326672684688674e-17,-5.412337245047638e-16,1.1185496973098451e-15,2.001262197675685e-15
101137,False,8.326672684688674e-17,-5.412337245047638e-16,1.1185496973098451e-15,2.001262197675685e-15
101138,False,8.326672684688674e-17,-5.412337245047638e-16,1.1185496973098451e-15,2.001262197675685e-15
101139,True,-3.828155583866788e-05,-6.826364269549301e-05,0.000129012972023064,2.331110477480261e-06
101141,True,0.002729055301239014,0.002700142063990052,-0.0054007544653190825,2.6645083993403588e-05
101142,False,8.326672684688674e-17,-5.412337245047638e-16,1.1185496973098451e-15,2.001262197675685e-15
101143,False,8.326672684688674e-17,-5.412337245047638e-16,1.1185496973098451e-15,2.001262197675685e-15
101144,False,8.326672684688674e-17,-5.412337245047638e-16,1.1185496973098451e-15,2.001262197675685e-15
101145,False,8.326672684688674e-17,-5.412337245047638e-16,1.1185496973098451e-15,2.001262197675685e-15
101146,False,8.326672684688674e-17,-5.412337245047638e-16,1.1185496973098451e-15,2.001262197675685e-15
101147,False,8.326672684688674e-17,-5.412337245047638e-16,1.1185496973098451e-15,2.001262197675685e-15
101148,False,8.326672684688674e-17,-5.412337245047638e-16,1.1185496973098451e-15,2.001262197675685e-15
101149,False,8.326672684688674e-17,-5.412337245047638e-16,1.1185496973098451e-15,2.001262197675685e-15
101150,True,-0.006287650975441039,-0.007169439295318991,0.0010390870321198287,6.660145957620041e-05
101152,False,8.326672684688674e-17,-5.412337245047638e-16,1.1185496973098451e-15,2.001262197675685e-15
101153,False,8.326672684688674e-17,-5.412337245047638e-16,1.1185496973098451e-15,2.001262197675685e-15
101154,False,8.326672684688674e-17,-5.412337245047638e-16,1.1185496973098451e-15,2.001262197675685e-15
101155,False,8.326672684688674e-17,-5.412337245047638e-16,1.1185496973098451e-15,2.001262197675685e-15
101156,False,8.326672684688674e-17,-5.412337245047638e-16,1.1185496973098451e-15,2.001262197675685e-15
101158,False,8.326672684688674e-17,-5.412337245047638e-16,1.1185496973098451e-15,2.001262197675685e-15
101159,False,8.326672684688674e-17,-5.412337245047638e-16,1.1185496973098451e-15,2.001262197675685e-15
101160,False,8.326672684688674e-17,-5.412337245047638e-16,1.1185496973098451e-15,2.001262197675685e-15
101161,True,8.326672684688674e-17,-5.412337245047638e-16,1.1185496973098451e-15,2.001262197675685e-15
101162,True,8.326672684688674e-17,-5.412337245047638e-16,1.1185496973098451e-15,2.001262197675685e-15
101165,False,8.326672684688674e-17,-5.412337245047638e-16,1.1185496973098451e-15,2.001262197675685e-15
101166,False,8.326672684688674e-17,-5.412337245047638e-16,1.1185496973098451e-15,2.001262197675685e-15
101177,False,8.326672684688674e-17,-5.412337245047638e-16,1.1185496973098451e-15,2.001262197675685e-15
101178,False,8.326672684688674e-17,-5.412337245047638e-16,1.1185496973098451e-15,2.001262197675685e-15
101179,False,8.326672684688674e-17,-5.412337245047638e-16,1.1185496973098451e-15,2.001262197675685e-15
101180,False,8.326672684688674e-17,-5.412337245047638e-16,1.1185496973098451e-15,2.001262197675685e-15
101181,True,8.326672684688674e-17,-5.412337245047638e-16,1.1185496973098451e-15,2.001262197675685e-15
101182,False,8.326672684688674e-17,-5.412337245047638e-16,1.1185496973098451e-15,2.001262197675685e-15
101183,False,8.326672684688674e-17,-5.412337245047638e-16,1.1185496973098451e-15,2.001262197675685e-15
101185,False,8.326672684688674e-17,-5.412337245047638e-16,1.1185496973098451e-15,2.001262197675685e-15
101187,False,8.326672684688674e-17,-5.412337245047638e-16,1.1185496973098451e-15,2.001262197675685e-15
101188,False,8.326672684688674e-17,-5.412337245047638e-16,1.1185496973098451e-15,2.001262197675685e-15
101189,False,8.326672684688674e-17,-5.412337245047638e-16,1.1185496973098451e-15,2.001262197675685e-15
101190,False,8.326672684688674e-17,-5.412337245047638e-16,1.1185496973098451e-15,2.001262197675685e-15
101194,False,8.326672684688674e-17,-5.412337245047638e-16,1.1185496973098451e-15,2.001262197675685e-15
101195,False,8.326672684688674e-17,-5.412337245047638e-16,1.1185496973098451e-15,2.001262197675685e-15
101198,False,8.326672684688674e-17,-5.412337245047638e-16,1.1185496973098451e-15,2.001262197675685e-15
101204,False,8.326672684688674e-17,-5.412337245047638e-16,1.1185496973098451e-15,2.001262197675685e-15
101207,False,8.326672684688674e-17,-5.412337245047638e-16,1.1185496973098451e-15,2.001262197675685e-15
101209,False,8.326672684688674e-17,-5.412337245047638e-16,1.1185496973098451e-15,2.001262197675685e-15
101211,False,8.326672684688674e-17,-5.412337245047638e-16,1.1185496973098451e-15,2.001262197675685e-15
101212,False,8.326672684688674e-17,-5.412337245047638e-16,1.1185496973098451e-15,2.001262197675685e-15
101213,False,8.326672684688674e-17,-5.412337245047638e-16,1.1185496973098451e-15,2.001262197675685e-15
101214,False,8.326672684688674e-17,-5.412337245047638e-16,1.1185496973098451e-15,2.001262197675685e-15
101215,False,8.326672684688674e-17,-5.412337245047638e-16,1.1185496973098451e-15,2.001262197675685e-15
101219,False,8.326672684688674e-17,-5.412337245047638e-16,1.1185496973098451e-15,2.001262197675685e-15
101223,False,8.326672684688674e-17,-5.412337245047638e-16,1.1185496973098451e-15,2.001262197675685e-15
101230,False,8.326672684688674e-17,-5.412337245047638e-16,1.1185496973098451e-15,2.001262197675685e-15
101232,False,8.326672684688674e-17,-5.412337245047638e-16,1.1185496973098451e-15,2.001262197675685e-15
101235,False,8.326672684688674e-17,-5.412337245047638e-16,1.1185496973098451e-15,2.001262197675685e-15
101236,False,8.326672684688674e-17,-5.412337245047638e-16,1.1185496973098451e-15,2.001262197675685e-15
101238,False,8.326672684688674e-17,-5.412337245047638e-16,1.1185496973098451e-15,2.001262197675685e-15
101247,False,8.326672684688674e-17,-5.412337245047638e-16,1.1185496973098451e-15,2.001262197675685e-15
101249,False,8.326672684688674e-17,-5.412337245047638e-16,1.1185496973098451e-15,2.001262197675685e-15
101261,False,8.326672684688674e-17,-5.412337245047638e-16,1.1185496973098451e-15,2.001262197675685e-15
200081,False,8.326672684688674e-17,-5.412337245047638e-16,1.1185496973098451e-15,2.001262197675685e-15
200745,False,8.326672684688674e-17,-5.412337245047638e-16,1.1185496973098451e-15,2.001262197675685e-15
200746,True,-0.0016371073592225116,-0.00037772307645900227,0.00019863458029600878,0.0001321969459457152
200747,False,8.326672684688674e-17,-5.412337245047638e-16,1.1185496973098451e-15,2.001262197675685e-15
200748,False,8.326672684688674e-17,-5.412337245047638e-16,1.1185496973098451e-15,2.001262197675685e-15
200749,False,8.326672684688674e-17,-5.412337245047638e-16,1.1185496973098451e-15,2.001262197675685e-15
200750,False,8.326672684688674e-17,-5.412337245047638e-16,1.1185496973098451e-15,2.001262197675685e-15
200751,False,8.326672684688674e-17,-5.412337245047638e-16,1.1185496973098451e-15,2.001262197675685e-15
200752,True,-0.009323323404759387,-0.004384572799512876,-0.0017613058066940912,9.494917937677007e-05
200753,False,8.326672684688674e-17,-5.412337245047638e-16,1.1185496973098451e-15,2.001262197675685e-15
200754,False,8.326672684688674e-17,-5.412337245047638e-16,1.1185496973098451e-15,2.001262197675685e-15
200755,True,-0.010883397150306395,-0.0017806151763826161,0.008260247632985718,0.00016478129695884087
200756,False,8.326672684688674e-17,-5.412337245047638e-16,1.1185496973098451e-15,2.001262197675685e-15
200757,True,8.326672684688674e-17,-5.412337245047638e-16,1.1185496973098451e-15,2.001262197675685e-15
200758,False,8.326672684688674e-17,-5.412337245047638e-16,1.1185496973098451e-15,2.001262197675685e-15
200759,False,8.326672684688674e-17,-5.412337245047638e-16,1.1185496973098451e-15,2.001262197675685e-15
200760,False,8.326672684688674e-17,-5.412337245047638e-16,1.1185496973098451e-15,2.001262197675685e-15
200761,False,8.326672684688674e-17,-5.412337245047638e-16,1.1185496973098451e-15,2.001262197675685e-15
200762,False,8.326672684688674e-17,-5.412337245047638e-16,1.1185496973098451e-15,2.001262197675685e-15
200763,False,8.326672684688674e-17,-5.412337245047638e-16,1.1185496973098451e-15,2.001262197675685e-15
200764,False,8.326672684688674e-17,-5.412337245047638e-16,1.1185496973098451e-15,2.001262197675685e-15
200765,True,-0.008615913442473033,-0.012717579591745354,0.018884218917079032,0.00012559852918610454
200766,False,8.326672684688674e-17,-5.412337245047638e-16,1.1185496973098451e-15,2.001262197675685e-15
200767,False,8.326672684688674e-17,-5.412337245047638e-16,1.1185496973098451e-15,2.001262197675685e-15
200768,True,0.0007235629499369178,0.007368484633972772,0.01986808262664097,0.0002884101968822864
200769,False,8.326672684688674e-17,-5.412337245047638e-16,1.1185496973098451e-15,2.001262197675685e-15
200770,False,8.326672684688674e-17,-5.412337245047638e-16,1.1185496973098451e-15,2.001262197675685e-15
200771,False,8.326672684688674e-17,-5.412337245047638e-16,1.1185496973098451e-15,2.001262197675685e-15
200772,False,8.326672684688674e-17,-5.412337245047638e-16,1.1185496973098451e-15,2.001262197675685e-15
200776,False,8.326672684688674e-17,-5.412337245047638e-16,1.1185496973098451e-15,2.001262197675685e-15
200777,False,8.326672684688674e-17,-5.412337245047638e-16,1.1185496973098451e-15,2.001262197675685e-15
200778,False,8.326672684688674e-17,-5.412337245047638e-16,1.1185496973098451e-15,2.001262197675685e-15
200779,False,8.326672684688674e-17,-5.412337245047638e-16,1.1185496973098451e-15,2.001262197675685e-15
200780,False,8.326672684688674e-17,-5.412337245047638e-16,1.1185496973098451e-15,2.001262197675685e-15
200781,False,8.326672684688674e-17,-5.412337245047638e-16,1.1185496973098451e-15,2.001262197675685e-15
200782,True,-0.07975654115643804,-0.022037102770717798,0.008566022710559729,0.00108548347933855
200783,False,8.326672684688674e-17,-5.412337245047638e-16,1.1185496973098451e-15,2.001262197675685e-15
200784,False,8.326672684688674e-17,-5.412337245047638e-16,1.1185496973098451e-15,2.001262197675685e-15
200785,False,8.326672684688674e-17,-5.412337245047638e-16,1.1185496973098451e-15,2.001262197675685e-15
200786,False,8.326672684688674e-17,-5.412337245047638e-16,1.1185496973098451e-15,2.001262197675685e-15
200788,False,8.326672684688674e-17,-5.412337245047638e-16,1.1185496973098451e-15,2.001262197675685e-15
200789,False,8.326672684688674e-17,-5.412337245047638e-16,1.1185496973098451e-15,2.001262197675685e-15
200790,False,8.326672684688674e-17,-5.412337245047638e-16,1.1185496973098451e-15,2.001262197675685e-15
200792,False,8.326672684688674e-17,-5.412337245047638e-16,1.1185496973098451e-15,2.001262197675685e-15
200793,False,8.326672684688674e-17,-5.412337245047638e-16,1.1185496973098451e-15,2.001262197675685e-15
200794,True,-0.011018753554862704,0.03952719165854157,-0.008315946294435661,0.0004384818854513255
200796,False,8.326672684688674e-17,-5.412337245047638e-16,1.1185496973098451e-15,2.001262197675685e-15
200797,False,8.326672684688674e-17,-5.412337245047638e-16,1.1185496973098451e-15,2.001262197675685e-15
200798,False,8.326672684688674e-17,-5.412337245047638e-16,1.1185496973098451e-15,2.001262197675685e-15
200799,False,8.326672684688674e-17,-5.412337245047638e-16,1.1185496973098451e-15,2.001262197675685e-15
200801,False,8.326672684688674e-17,-5.412337245047638e-16,1.1185496973098451e-15,2.001262197675685e-15
200806,False,8.326672684688674e-17,-5.412337245047638e-16,1.1185496973098451e-15,2.001262197675685e-15
200807,False,8.326672684688674e-17,-5.412337245047638e-16,1.1185496973098451e-15,2.001262197675685e-15
200809,False,8.326672684688674e-17,-5.412337245047638e-16,1.1185496973098451e-15,2.001262197675685e-15
200810,False,8.326672684688674e-17,-5.412337245047638e-16,1.1185496973098451e-15,2.001262197675685e-15
200811,False,8.326672684688674e-17,-5.412337245047638e-16,1.1185496973098451e-15,2.001262197675685e-15
200814,False,8.326672684688674e-17,-5.412337245047638e-16,1.1185496973098451e-15,2.001262197675685e-15
200816,False,8.326672684688674e-17,-5.412337245047638e-16,1.1185496973098451e-15,2.001262197675685e-15
200817,False,8.326672684688674e-17,-5.412337245047638e-16,1.1185496973098451e-15,2.001262197675685e-15
200818,False,8.326672684688674e-17,-5.412337245047638e-16,1.1185496973098451e-15,2.001262197675685e-15
200821,False,8.326672684688674e-17,-5.412337245047638e-16,1.1185496973098451e-15,2.001262197675685e-15
200822,False,8.326672684688674e-17,-5.412337245047638e-16,1.1185496973098451e-15,2.001262197675685e-15
200823,False,8.326672684688674e-17,-5.412337245047638e-16,1.1185496973098451e-15,2.001262197675685e-15
200826,True,0.0004777943990910416,-0.00011633611727442095,-4.993488697369042e-06,1.072727389871956e-05
200827,False,8.326672684688674e-17,-5.412337245047638e-16,1.1185496973098451e-15,2.001262197675685e-15
200829,False,8.326672684688674e-17,-5.412337245047638e-16,1.1185496973098451e-15,2.001262197675685e-15
200835,False,8.326672684688674e-17,-5.412337245047638e-16,1.1185496973098451e-15,2.001262197675685e-15
200837,False,8.326672684688674e-17,-5.412337245047638e-16,1.1185496973098451e-15,2.001262197675685e-15
200838,False,8.326672684688674e-17,-5.412337245047638e-16,1.1185496973098451e-15,2.001262197675685e-15
200839,False,8.326672684688674e-17,-5.412337245047638e-16,1.1185496973098451e-15,2.001262197675685e-15
200840,False,8.326672684688674e-17,-5.412337245047638e-16,1.1185496973098451e-15,2.001262197675685e-15
200841,False,8.326672684688674e-17,-5.412337245047638e-16,1.1185496973098451e-15,2.001262197675685e-15
200848,False,8.326672684688674e-17,-5.412337245047638e-16,1.1185496973098451e-15,2.001262197675685e-15
200970,False,8.326672684688674e-17,-5.412337245047638e-16,1.1185496973098451e-15,2.001262197675685e-15
200971,False,8.326672684688674e-17,-5.412337245047638e-16,1.1185496973098451e-15,2.001262197675685e-15
200978,False,8.326672684688674e-17,-5.412337245047638e-16,1.1185496973098451e-15,2.001262197675685e-15
200984,False,8.326672684688674e-17,-5.412337245047638e-16,1.1185496973098451e-15,2.001262197675685e-15
201041,False,8.326672684688674e-17,-5.412337245047638e-16,1.1185496973098451e-15,2.001262197675685e-15
201043,False,8.326672684688674e-17,-5.412337245047638e-16,1.1185496973098451e-15,2.001262197675685e-15
201141,False,8.326672684688674e-17,-5.412337245047638e-16,1.1185496973098451e-15,2.001262197675685e-15
201142,True,0.013829165645785402,0.006551348848431449,0.007613536659956122,4.875911696505164e-05
201143,True,0.016617600639387664,-0.00317736285551784,0.01739847654866189,0.000140548067442567
201144,True,-0.018745117595269534,-0.02440950407209641,-0.02660461101884426,0.00010365697042557391
201145,True,-0.05139307270925997,-0.02948083223911846,-0.03294755339176403,0.0002495762831347682
201146,False,8.326672684688674e-17,-5.412337245047638e-16,1.1185496973098451e-15,2.001262197675685e-15
201147,True,0.0003706256497766902,0.0003705740392701551,4.2220495666295266e-05,9.39356904172643e-06
201148,False,8.326672684688674e-17,-5.412337245047638e-16,1.1185496973098451e-15,2.001262197675685e-15
201149,True,0.0034306477645366096,0.0037969673710127883,-0.0001489251699740013,1.0943516630834211e-05
201150,False,8.326672684688674e-17,-5.412337245047638e-16,1.1185496973098451e-15,2.001262197675685e-15
201151,False,8.326672684688674e-17,-5.412337245047638e-16,1.1185496973098451e-15,2.001262197675685e-15
201152,True,0.0011033050746234174,-0.026130708259949564,0.019400502445288792,0.0011245842302969116
201153,False,8.326672684688674e-17,-5.412337245047638e-16,1.1185496973098451e-15,2.001262197675685e-15
201154,False,8.326672684688674e-17,-5.412337245047638e-16,1.1185496973098451e-15,2.001262197675685e-15
201155,False,8.326672684688674e-17,-5.412337245047638e-16,1.1185496973098451e-15,2.001262197675685e-15
201156,False,8.326672684688674e-17,-5.412337245047638e-16,1.1185496973098451e-15,2.001262197675685e-15
201157,False,8.326672684688674e-17,-5.412337245047638e-16,1.1185496973098451e-15,2.001262197675685e-15
201158,True,-0.0010320498262825217,-0.0016233363138248857,0.000408531445390492,3.103163503227585e-05
201159,False,8.326672684688674e-17,-5.412337245047638e-16,1.1185496973098451e-15,2.001262197675685e-15
201160,False,8.326672684688674e-17,-5.412337245047638e-16,1.1185496973098451e-15,2.001262197675685e-15
201161,False,8.326672684688674e-17,-5.412337245047638e-16,1.1185496973098451e-15,2.001262197675685e-15
201162,True,0.00067878108794861,0.0005459690614261214,0.002027169752347735,5.53707099886764e-05
201163,True,8.326672684688674e-17,-5.412337245047638e-16,1.1185496973098451e-15,2.001262197675685e-15
201164,False,8.326672684688674e-17,-5.412337245047638e-16,1.1185496973098451e-15,2.001262197675685e-15
201165,False,8.326672684688674e-17,-5.412337245047638e-16,1.1185496973098451e-15,2.001262197675685e-15
201166,False,8.326672684688674e-17,-5.412337245047638e-16,1.1185496973098451e-15,2.001262197675685e-15
201167,False,8.326672684688674e-17,-5.412337245047638e-16,1.1185496973098451e-15,2.001262197675685e-15
201168,False,8.326672684688674e-17,-5.412337245047638e-16,1.1185496973098451e-15,2.001262197675685e-15
201169,False,8.326672684688674e-17,-5.412337245047638e-16,1.1185496973098451e-15,2.001262197675685e-15
201171,False,8.326672684688674e-17,-5.412337245047638e-16,1.1185496973098451e-15,2.001262197675685e-15
201172,False,8.326672684688674e-17,-5.412337245047638e-16,1.1185496973098451e-15,2.001262197675685e-15
201173,False,8.326672684688674e-17,-5.412337245047638e-16,1.1185496973098451e-15,2.001262197675685e-15
201174,False,8.326672684688674e-17,-5.412337245047638e-16,1.1185496973098451e-15,2.001262197675685e-15
201175,False,8.326672684688674e-17,-5.412337245047638e-16,1.1185496973098451e-15,2.001262197675685e-15
201176,False,8.326672684688674e-17,-5.412337245047638e-16,1.1185496973098451e-15,2.001262197675685e-15
201177,False,8.326672684688674e-17,-5.412337245047638e-16,1.1185496973098451e-15,2.001262197675685e-15
201178,False,8.326672684688674e-17,-5.412337245047638e-16,1.1185496973098451e-15,2.001262197675685e-15
201180,False,8.326672684688674e-17,-5.412337245047638e-16,1.1185496973098451e-15,2.001262197675685e-15
201181,False,8.326672684688674e-17,-5.412337245047638e-16,1.1185496973098451e-15,2.001262197675685e-15
201182,False,8.326672684688674e-17,-5.412337245047638e-16,1.1185496973098451e-15,2.001262197675685e-15
201186,False,8.326672684688674e-17,-5.412337245047638e-16,1.1185496973098451e-15,2.001262197675685e-15
201187,False,8.326672684688674e-17,-5.412337245047638e-16,1.1185496973098451e-15,2.001262197675685e-15
201188,True,-0.0037422078590303443,-0.0030482247679888275,-0.005763391508091686,5.586500670617704e-05
201189,False,8.326672684688674e-17,-5.412337245047638e-16,1.1185496973098451e-15,2.001262197675685e-15
201192,False,8.326672684688674e-17,-5.412337245047638e-16,1.1185496973098451e-15,2.001262197675685e-15
201193,False,8.326672684688674e-17,-5.412337245047638e-16,1.1185496973098451e-15,2.001262197675685e-15
201196,False,8.326672684688674e-17,-5.412337245047638e-16,1.1185496973098451e-15,2.001262197675685e-15
201199,False,8.326672684688674e-17,-5.412337245047638e-16,1.1185496973098451e-15,2.001262197675685e-15
201202,False,8.326672684688674e-17,-5.412337245047638e-16,1.1185496973098451e-15,2.001262197675685e-15
201203,False,8.326672684688674e-17,-5.412337245047638e-16,1.1185496973098451e-15,2.001262197675685e-15
201207,False,8.326672684688674e-17,-5.412337245047638e-16,1.1185496973098451e-15,2.001262197675685e-15
201208,False,8.326672684688674e-17,-5.412337245047638e-16,1.1185496973098451e-15,2.001262197675685e-15
201228,False,8.326672684688674e-17,-5.412337245047638e-16,1.1185496973098451e-15,2.001262197675685e-15
201229,True,-0.004430373866835174,-0.002820084691451036,0.0021785963049561485,8.444854190388583e-05
201234,False,8.326672684688674e-17,-5.412337245047638e-16,1.1185496973098451e-15,2.001262197675685e-15
201235,False,8.326672684688674e-17,-5.412337245047638e-16,1.1185496973098451e-15,2.001262197675685e-15
201238,False,8.326672684688674e-17,-5.412337245047638e-16,1.1185496973098451e-15,2.001262197675685e-15
201242,False,8.326672684688674e-17,-5.412337245047638e-16,1.1185496973098451e-15,2.001262197675685e-15
201274,False,8.326672684688674e-17,-5.412337245047638e-16,1.1185496973098451e-15,2.001262197675685e-15
201281,True,8.326672684688674e-17,-5.412337245047638e-16,1.1185496973098451e-15,2.001262197675685e-15
201286,False,8.326672684688674e-17,-5.412337245047638e-16,1.1185496973098451e-15,2.001262197675685e-15
201291,False,8.326672684688674e-17,-5.412337245047638e-16,1.1185496973098451e-15,2.001262197675685e-15
201336,False,8.326672684688674e-17,-5.412337245047638e-16,1.1185496973098451e-15,2.001262197675685e-15
201446,False,8.326672684688674e-17,-5.412337245047638e-16,1.1185496973098451e-15,2.001262197675685e-15
201563,True,8.326672684688674e-17,-5.412337245047638e-16,1.1185496973098451e-15,2.001262197675685e-15
201564,False,8.326672684688674e-17,-5.412337245047638e-16,1.1185496973098451e-15,2.001262197675685e-15
201565,True,0.009694277112761496,0.014887585933458736,-0.08158990812759981,0.00013079469508113758
201566,True,0.022529464681038114,0.013528869149306733,0.0024472895457032795,0.000175653975380713
201567,True,-0.06693340738277476,-0.07264326214748573,-0.03303381326562249,0.00045312002961081754
201568,True,-0.014628781941622426,-0.005483860577938149,-0.0072357876576097935,8.90249810633718e-05
201569,True,-0.016385505926224897,-0.0017029723352683934,0.04993272773869423,0.00016286742205381445
201570,False,8.326672684688674e-17,-5.412337245047638e-16,1.1185496973098451e-15,2.001262197675685e-15
201571,True,0.011804818552757057,0.0046802251825053265,-0.013444604333001431,0.00017249204289640816
201572,True,0.026065860601329316,0.013838659385398966,0.010091020889744895,6.887203161835695e-05
201573,True,8.326672684688674e-17,-5.412337245047638e-16,1.1185496973098451e-15,2.001262197675685e-15
201574,False,8.326672684688674e-17,-5.412337245047638e-16,1.1185496973098451e-15,2.001262197675685e-15
201575,False,8.326672684688674e-17,-5.412337245047638e-16,1.1185496973098451e-15,2.001262197675685e-15
201576,False,8.326672684688674e-17,-5.412337245047638e-16,1.1185496973098451e-15,2.001262197675685e-15
201577,True,-0.12286643405705266,-0.08541845460529895,-0.0023316758960838513,0.0003856871550081901
201578,False,8.326672684688674e-17,-5.412337245047638e-16,1.1185496973098451e-15,2.001262197675685e-15
201579,False,8.326672684688674e-17,-5.412337245047638e-16,1.1185496973098451e-15,2.001262197675685e-15
201580,True,0.015976549423015407,-0.0032467773066854333,0.014892541095112288,9.347212498901869e-05
201581,False,8.326672684688674e-17,-5.412337245047638e-16,1.1185496973098451e-15,2.001262197675685e-15
201582,False,8.326672684688674e-17,-5.412337245047638e-16,1.1185496973098451e-15,2.001262197675685e-15
201583,True,8.326672684688674e-17,-5.412337245047638e-16,1.1185496973098451e-15,2.001262197675685e-15
201584,True,8.326672684688674e-17,-5.412337245047638e-16,1.1185496973098451e-15,2.001262197675685e-15
201585,True,8.326672684688674e-17,-5.412337245047638e-16,1.1185496973098451e-15,2.001262197675685e-15
201586,True,-0.05436643452000722,-0.04541454476586071,-0.13101419257322694,0.00011504257519026247
201587,True,0.005118939313902615,0.004332348861989743,-0.0038705598311297162,6.882391659325879e-05
201588,True,0.009604466126426292,0.009182077863192362,-0.00834328292474007,7.838755056153311e-05
201589,False,8.326672684688674e-17,-5.412337245047638e-16,1.1185496973098451e-15,2.001262197675685e-15
201590,False,8.326672684688674e-17,-5.412337245047638e-16,1.1185496973098451e-15,2.001262197675685e-15
201591,False,8.326672684688674e-17,-5.412337245047638e-16,1.1185496973098451e-15,2.001262197675685e-15
201592,False,8.326672684688674e-17,-5.412337245047638e-16,1.1185496973098451e-15,2.001262197675685e-15
201593,False,8.326672684688674e-17,-5.412337245047638e-16,1.1185496973098451e-15,2.001262197675685e-15
201594,False,8.326672684688674e-17,-5.412337245047638e-16,1.1185496973098451e-15,2.001262197675685e-15
201595,False,8.326672684688674e-17,-5.412337245047638e-16,1.1185496973098451e-15,2.001262197675685e-15
201596,False,8.326672684688674e-17,-5.412337245047638e-16,1.1185496973098451e-15,2.001262197675685e-15
201599,True,-0.023600722575984445,-0.013165447506117811,0.0016653668060779836,0.00015222353805625712
201600,False,8.326672684688674e-17,-5.412337245047638e-16,1.1185496973098451e-15,2.001262197675685e-15
201601,False,-0.000298057639556093,-0.0003443973758774088,0.0001251193557729527,2.024451401623526e-06
201602,False,8.326672684688674e-17,-5.412337245047638e-16,1.1185496973098451e-15,2.001262197675685e-15
201603,False,8.326672684688674e-17,-5.412337245047638e-16,1.1185496973098451e-15,2.001262197675685e-15
201604,False,8.326672684688674e-17,-5.412337245047638e-16,1.1185496973098451e-15,2.001262197675685e-15
201605,False,8.326672684688674e-17,-5.412337245047638e-16,1.1185496973098451e-15,2.001262197675685e-15
201606,False,8.326672684688674e-17,-5.412337245047638e-16,1.1185496973098451e-15,2.001262197675685e-15
201607,False,8.326672684688674e-17,-5.412337245047638e-16,1.1185496973098451e-15,2.001262197675685e-15
201609,True,-0.037129690147330585,-0.007530787865434929,0.0018212552295505113,0.00021337376056663579
201611,False,8.326672684688674e-17,-5.412337245047638e-16,1.1185496973098451e-15,2.001262197675685e-15
201612,False,8.326672684688674e-17,-5.412337245047638e-16,1.1185496973098451e-15,2.001262197675685e-15
201616,False,8.326672684688674e-17,-5.412337245047638e-16,1.1185496973098451e-15,2.001262197675685e-15
201619,False,8.326672684688674e-17,-5.412337245047638e-16,1.1185496973098451e-15,2.001262197675685e-15
201621,False,8.326672684688674e-17,-5.412337245047638e-16,1.1185496973098451e-15,2.001262197675685e-15
201623,False,8.326672684688674e-17,-5.412337245047638e-16,1.1185496973098451e-15,2.001262197675685e-15
201627,False,8.326672684688674e-17,-5.412337245047638e-16,1.1185496973098451e-15,2.001262197675685e-15
201628,False,8.326672684688674e-17,-5.412337245047638e-16,1.1185496973098451e-15,2.001262197675685e-15
201629,False,8.326672684688674e-17,-5.412337245047638e-16,1.1185496973098451e-15,2.001262197675685e-15
201631,False,8.326672684688674e-17,-5.412337245047638e-16,1.1185496973098451e-15,2.001262197675685e-15
201632,False,8.326672684688674e-17,-5.412337245047638e-16,1.1185496973098451e-15,2.001262197675685e-15
201633,False,8.326672684688674e-17,-5.412337245047638e-16,1.1185496973098451e-15,2.001262197675685e-15
201634,False,8.326672684688674e-17,-5.412337245047638e-16,1.1185496973098451e-15,2.001262197675685e-15
201785,False,8.326672684688674e-17,-5.412337245047638e-16,1.1185496973098451e-15,2.001262197675685e-15
201802,False,8.326672684688674e-17,-5.412337245047638e-16,1.1185496973098451e-15,2.001262197675685e-15
201805,False,8.326672684688674e-17,-5.412337245047638e-16,1.1185496973098451e-15,2.001262197675685e-15
201814,False,8.326672684688674e-17,-5.412337245047638e-16,1.1185496973098451e-15,2.001262197675685e-15
201821,False,8.326672684688674e-17,-5.412337245047638e-16,1.1185496973098451e-15,2.001262197675685e-15
201858,False,8.326672684688674e-17,-5.412337245047638e-16,1.1185496973098451e-15,2.001262197675685e-15
201880,False,8.326672684688674e-17,-5.412337245047638e-16,1.1185496973098451e-15,2.001262197675685e-15
201933,True,0.02143262132829926,0.022163619501415543,-0.07471801266357703,8.516866643377943e-05
201934,False,8.326672684688674e-17,-5.412337245047638e-16,1.1185496973098451e-15,2.001262197675685e-15
201935,True,0.0059543658260365895,-0.002769387786984101,0.009756651655516535,0.00010648951914825274
201936,True,8.326672684688674e-17,-5.412337245047638e-16,1.1185496973098451e-15,2.001262197675685e-15
201937,True,0.016824076935215704,0.006197635589416883,0.0160724314995227,0.00016873384869601888
201938,False,8.326672684688674e-17,-5.412337245047638e-16,1.1185496973098451e-15,2.001262197675685e-15
201939,True,0.01962616909171011,-0.0054992635139790025,0.03422116296424704,0.0003250321769774728
201941,False,8.326672684688674e-17,-5.412337245047638e-16,1.1185496973098451e-15,2.001262197675685e-15
201942,True,0.03971486142243741,0.006660196069836033,0.0017467056556026428,3.793176902958745e-05
201943,False,8.326672684688674e-17,-5.412337245047638e-16,1.1185496973098451e-15,2.001262197675685e-15
201944,False,8.326672684688674e-17,-5.412337245047638e-16,1.1185496973098451e-15,2.001262197675685e-15
201945,False,8.326672684688674e-17,-5.412337245047638e-16,1.1185496973098451e-15,2.001262197675685e-15
201946,False,8.326672684688674e-17,-5.412337245047638e-16,1.1185496973098451e-15,2.001262197675685e-15
201947,False,8.326672684688674e-17,-5.412337245047638e-16,1.1185496973098451e-15,2.001262197675685e-15
201948,False,8.326672684688674e-17,-5.412337245047638e-16,1.1185496973098451e-15,2.001262197675685e-15
201949,True,-0.07325328965716316,-0.09379455529272462,-0.01518971342220854,0.00034969244773004897
201950,True,-0.17040194190222646,-0.18013106580707383,0.005535831660349544,5.375064068399545e-05
201951,False,8.326672684688674e-17,-5.412337245047638e-16,1.1185496973098451e-15,2.001262197675685e-15
201952,True,-0.02315497271309777,-0.014262039821815037,-0.04875595046107287,0.0011612924144557642
201953,False,8.326672684688674e-17,-5.412337245047638e-16,1.1185496973098451e-15,2.001262197675685e-15
201954,True,-0.0007157927703305145,-0.0007215934576104699,-0.00047165840737017906,7.984168480061972e-06
201956,True,8.326672684688674e-17,-5.412337245047638e-16,1.1185496973098451e-15,2.001262197675685e-15
201957,False,8.326672684688674e-17,-5.412337245047638e-16,1.1185496973098451e-15,2.001262197675685e-15
201958,False,8.326672684688674e-17,-5.412337245047638e-16,1.1185496973098451e-15,2.001262197675685e-15
201959,True,-0.22058214771935392,-0.171743688568899,0.003152717046888201,6.305842124515266e-05
201960,True,-0.00016754627168244496,-0.0005443141533382767,0.0003527125206906484,8.239728588698014e-06
201961,True,-0.009942170749230983,-0.007897682458830269,0.006502765214584705,9.121160721699057e-05
201962,False,8.326672684688674e-17,-5.412337245047638e-16,1.1185496973098451e-15,2.001262197675685e-15
201963,False,8.326672684688674e-17,-5.412337245047638e-16,1.1185496973098451e-15,2.001262197675685e-15
201964,False,8.326672684688674e-17,-5.412337245047638e-16,1.1185496973098451e-15,2.001262197675685e-15
201965,False,8.326672684688674e-17,-5.412337245047638e-16,1.1185496973098451e-15,2.001262197675685e-15
201966,False,8.326672684688674e-17,-5.412337245047638e-16,1.1185496973098451e-15,2.001262197675685e-15
201967,True,8.326672684688674e-17,-5.412337245047638e-16,1.1185496973098451e-15,2.001262197675685e-15
201969,False,8.326672684688674e-17,-5.412337245047638e-16,1.1185496973098451e-15,2.001262197675685e-15
201970,False,8.326672684688674e-17,-5.412337245047638e-16,1.1185496973098451e-15,2.001262197675685e-15
201971,False,8.326672684688674e-17,-5.412337245047638e-16,1.1185496973098451e-15,2.001262197675685e-15
201972,False,8.326672684688674e-17,-5.412337245047638e-16,1.1185496973098451e-15,2.001262197675685e-15
201973,True,8.326672684688674e-17,-5.412337245047638e-16,1.1185496973098451e-15,2.001262197675685e-15
201974,False,8.326672684688674e-17,-5.412337245047638e-16,1.1185496973098451e-15,2.001262197675685e-15
201975,True,8.326672684688674e-17,-5.412337245047638e-16,1.1185496973098451e-15,2.001262197675685e-15
201976,True,0.013091034208104313,0.006284175416650273,0.0044906678200342665,0.00011227506604815695
201977,False,8.326672684688674e-17,-5.412337245047638e-16,1.1185496973098451e-15,2.001262197675685e-15
201978,False,8.326672684688674e-17,-5.412337245047638e-16,1.1185496973098451e-15,2.001262197675685e-15
201979,False,8.326672684688674e-17,-5.412337245047638e-16,1.1185496973098451e-15,2.001262197675685e-15
201980,True,-0.00040309629350998577,0.0020349861548962234,-0.01050713890865318,9.714342839639801e-05
201981,False,8.326672684688674e-17,-5.412337245047638e-16,1.1185496973098451e-15,2.001262197675685e-15
201985,False,8.326672684688674e-17,-5.412337245047638e-16,1.1185496973098451e-15,2.001262197675685e-15
201986,False,8.326672684688674e-17,-5.412337245047638e-16,1.1185496973098451e-15,2.001262197675685e-15
201988,True,-0.00856587516457663,-0.007843965493268157,0.0021769809626842607,7.071200715078235e-05
201991,False,8.326672684688674e-17,-5.412337245047638e-16,1.1185496973098451e-15,2.001262197675685e-15
202066,True,-0.004218600141135509,0.0030858740264967377,-0.003123927597413312,0.00017156089125232212
202068,False,8.326672684688674e-17,-5.412337245047638e-16,1.1185496973098451e-15,2.001262197675685e-15
202077,False,8.326672684688674e-17,-5.412337245047638e-16,1.1185496973098451e-15,2.001262197675685e-15
202079,False,8.326672684688674e-17,-5.412337245047638e-16,1.1185496973098451e-15,2.001262197675685e-15
202081,False,8.326672684688674e-17,-5.412337245047638e-16,1.1185496973098451e-15,2.001262197675685e-15
202082,False,8.326672684688674e-17,-5.412337245047638e-16,1.1185496973098451e-15,2.001262197675685e-15
202083,True,0.013380581203170316,0.014746587031232772,0.0015735228723269268,1.9376656473944922e-05
202087,False,8.326672684688674e-17,-5.412337245047638e-16,1.1185496973098451e-15,2.001262197675685e-15
202091,False,8.326672684688674e-17,-5.412337245047638e-16,1.1185496973098451e-15,2.001262197675685e-15
202130,False,8.326672684688674e-17,-5.412337245047638e-16,1.1185496973098451e-15,2.001262197675685e-15
202132,False,8.326672684688674e-17,-5.412337245047638e-16,1.1185496973098451e-15,2.001262197675685e-15
202148,False,8.326672684688674e-17,-5.412337245047638e-16,1.1185496973098451e-15,2.001262197675685e-15
202178,False,8.326672684688674e-17,-5.412337245047638e-16,1.1185496973098451e-15,2.001262197675685e-15
202197,False,8.326672684688674e-17,-5.412337245047638e-16,1.1185496973098451e-15,2.001262197675685e-15
202220,False,8.326672684688674e-17,-5.412337245047638e-16,1.1185496973098451e-15,2.001262197675685e-15
202227,False,8.326672684688674e-17,-5.412337245047638e-16,1.1185496973098451e-15,2.001262197675685e-15
202322,True,-0.17082285914590079,-0.10708720816779926,0.18518785877950694,0.00016433332739208148
202323,True,8.326672684688674e-17,-5.412337245047638e-16,1.1185496973098451e-15,2.001262197675685e-15
202324,True,-0.0025324932896508834,-0.004097009352719283,0.00288061100000625,8.211477034055736e-05
202325,True,8.326672684688674e-17,-5.412337245047638e-16,1.1185496973098451e-15,2.001262197675685e-15
202326,True,0.1902219599940449,0.26759304020781016,-0.07423289283381651,0.0008791439419979214
202327,True,8.326672684688674e-17,-5.412337245047638e-16,1.1185496973098451e-15,2.001262197675685e-15
202328,True,0.002276003357334855,0.0008206257599234906,0.005160960971639511,1.7100318115227444e-05
202329,True,6.518982811465346e-05,0.0011816243932466497,-0.0006945496932286854,7.321343059567671e-05
202330,True,-0.12333672621828623,-0.02054623754403273,0.014800479306953052,0.00011738347120560086
202331,True,-0.011233196218012331,-0.004662350483561006,0.0024714722653724763,3.820101633815751e-05
202332,False,8.326672684688674e-17,-5.412337245047638e-16,1.1185496973098451e-15,2.001262197675685e-15
202333,False,8.326672684688674e-17,-5.412337245047638e-16,1.1185496973098451e-15,2.001262197675685e-15
202334,True,-0.004323536685911122,-0.0036148121945944744,-0.005989863983272947,5.537810617345027e-05
202335,True,0.0038958514424896618,0.003001473450276626,0.006724823907873934,7.480524754680998e-05
202336,False,8.326672684688674e-17,-5.412337245047638e-16,1.1185496973098451e-15,2.001262197675685e-15
202337,False,8.326672684688674e-17,-5.412337245047638e-16,1.1185496973098451e-15,2.001262197675685e-15
202338,False,8.326672684688674e-17,-5.412337245047638e-16,1.1185496973098451e-15,2.001262197675685e-15
202339,True,-0.007000141869336396,-0.009730950317041742,-0.0032451357363767475,0.001846382308343042
202340,True,-0.004009270905728224,-0.006457124311865403,-0.005391341682994155,6.66824528308993e-05
202341,False,8.326672684688674e-17,-5.412337245047638e-16,1.1185496973098451e-15,2.001262197675685e-15
202342,False,8.326672684688674e-17,-5.412337245047638e-16,1.1185496973098451e-15,2.001262197675685e-15
202343,False,8.326672684688674e-17,-5.412337245047638e-16,1.1185496973098451e-15,2.001262197675685e-15
202344,False,8.326672684688674e-17,-5.412337245047638e-16,1.1185496973098451e-15,2.001262197675685e-15
202345,False,8.326672684688674e-17,-5.412337245047638e-16,1.1185496973098451e-15,2.001262197675685e-15
202346,False,8.326672684688674e-17,-5.412337245047638e-16,1.1185496973098451e-15,2.001262197675685e-15
202347,True,8.326672684688674e-17,-5.412337245047638e-16,1.1185496973098451e-15,2.001262197675685e-15
202348,False,8.326672684688674e-17,-5.412337245047638e-16,1.1185496973098451e-15,2.001262197675685e-15
202349,False,8.326672684688674e-17,-5.412337245047638e-16,1.1185496973098451e-15,2.001262197675685e-15
202350,False,8.326672684688674e-17,-5.412337245047638e-16,1.1185496973098451e-15,2.001262197675685e-15
202351,False,8.326672684688674e-17,-5.412337245047638e-16,1.1185496973098451e-15,2.001262197675685e-15
202353,False,8.326672684688674e-17,-5.412337245047638e-16,1.1185496973098451e-15,2.001262197675685e-15
202354,False,8.326672684688674e-17,-5.412337245047638e-16,1.1185496973098451e-15,2.001262197675685e-15
202355,True,0.015589829173763725,0.005356021720679394,-0.0003858637072902127,0.0002647726127787985
202356,False,8.326672684688674e-17,-5.412337245047638e-16,1.1185496973098451e-15,2.001262197675685e-15
202357,True,0.08335308514357964,0.06299793064365711,0.10168265987722847,0.00687819219281298
202359,False,8.326672684688674e-17,-5.412337245047638e-16,1.1185496973098451e-15,2.001262197675685e-15
202360,False,8.326672684688674e-17,-5.412337245047638e-16,1.1185496973098451e-15,2.001262197675685e-15
202361,False,8.326672684688674e-17,-5.412337245047638e-16,1.1185496973098451e-15,2.001262197675685e-15
202362,True,0.004939754260922191,0.001841094183248071,-0.026865238782270096,2.9624899762318155e-05
202363,False,8.326672684688674e-17,-5.412337245047638e-16,1.1185496973098451e-15,2.001262197675685e-15
202365,False,8.326672684688674e-17,-5.412337245047638e-16,1.1185496973098451e-15,2.001262197675685e-15
202366,False,8.326672684688674e-17,-5.412337245047638e-16,1.1185496973098451e-15,2.001262197675685e-15
202371,False,8.326672684688674e-17,-5.412337245047638e-16,1.1185496973098451e-15,2.001262197675685e-15
202374,False,8.326672684688674e-17,-5.412337245047638e-16,1.1185496973098451e-15,2.001262197675685e-15
202376,False,8.326672684688674e-17,-5.412337245047638e-16,1.1185496973098451e-15,2.001262197675685e-15
202377,False,8.326672684688674e-17,-5.412337245047638e-16,1.1185496973098451e-15,2.001262197675685e-15
202378,False,8.326672684688674e-17,-5.412337245047638e-16,1.1185496973098451e-15,2.001262197675685e-15
202379,False,8.326672684688674e-17,-5.412337245047638e-16,1.1185496973098451e-15,2.001262197675685e-15
202380,False,8.326672684688674e-17,-5.412337245047638e-16,1.1185496973098451e-15,2.001262197675685e-15
202382,False,8.326672684688674e-17,-5.412337245047638e-16,1.1185496973098451e-15,2.001262197675685e-15
202385,False,8.326672684688674e-17,-5.412337245047638e-16,1.1185496973098451e-15,2.001262197675685e-15
202386,False,8.326672684688674e-17,-5.412337245047638e-16,1.1185496973098451e-15,2.001262197675685e-15
202388,False,8.326672684688674e-17,-5.412337245047638e-16,1.1185496973098451e-15,2.001262197675685e-15
202389,False,8.326672684688674e-17,-5.412337245047638e-16,1.1185496973098451e-15,2.001262197675685e-15
202390,False,8.326672684688674e-17,-5.412337245047638e-16,1.1185496973098451e-15,2.001262197675685e-15
202391,True,8.326672684688674e-17,-5.412337245047638e-16,1.1185496973098451e-15,2.001262197675685e-15
202395,False,8.326672684688674e-17,-5.412337245047638e-16,1.1185496973098451e-15,2.001262197675685e-15
202396,False,8.326672684688674e-17,-5.412337245047638e-16,1.1185496973098451e-15,2.001262197675685e-15
202397,True,-0.05567934977193023,-0.04432915888776534,-0.01551808184454051,0.0004232087504590088
202399,False,8.326672684688674e-17,-5.412337245047638e-16,1.1185496973098451e-15,2.001262197675685e-15
202406,False,8.326672684688674e-17,-5.412337245047638e-16,1.1185496973098451e-15,2.001262197675685e-15
202407,False,8.326672684688674e-17,-5.412337245047638e-16,1.1185496973098451e-15,2.001262197675685e-15
202408,False,8.326672684688674e-17,-5.412337245047638e-16,1.1185496973098451e-15,2.001262197675685e-15
202412,False,8.326672684688674e-17,-5.412337245047638e-16,1.1185496973098451e-15,2.001262197675685e-15
202419,False,8.326672684688674e-17,-5.412337245047638e-16,1.1185496973098451e-15,2.001262197675685e-15
202458,False,8.326672684688674e-17,-5.412337245047638e-16,1.1185496973098451e-15,2.001262197675685e-15
202498,True,-0.00083352826810279,-0.0013978423819736574,0.003177198157763017,1.5486344899703707e-05
202536,False,8.326672684688674e-17,-5.412337245047638e-16,1.1185496973098451e-15,2.001262197675685e-15
202545,False,8.326672684688674e-17,-5.412337245047638e-16,1.1185496973098451e-15,2.001262197675685e-15
202620,False,8.326672684688674e-17,-5.412337245047638e-16,1.1185496973098451e-15,2.001262197675685e-15
202622,False,8.326672684688674e-17,-5.412337245047638e-16,1.1185496973098451e-15,2.001262197675685e-15
202681,True,0.01135001309843009,0.011300728599894505,0.01024511510831072,0.00016238324738148075
202682,False,8.326672684688674e-17,-5.412337245047638e-16,1.1185496973098451e-15,2.001262197675685e-15
202683,True,-0.004013307863794502,-0.00624594868884909,0.0021436986668224023,8.28102322343826e-05
202684,True,-0.022606074621413175,-0.01383187935574659,-0.006370982905608891,0.0002471893258226054
202685,True,-0.018036047022249035,-0.016386012138495665,-0.0068069312725614894,0.000785269834574791
202686,False,8.326672684688674e-17,-5.412337245047638e-16,1.1185496973098451e-15,2.001262197675685e-15
202687,True,-0.009463975577630457,-0.0021061305151217624,0.026684329266144946,0.00013770093638403171
202688,True,-0.0012429435950235546,-0.0014753748597639005,-0.0017704225390419714,6.148203510821494e-05
202689,True,-0.02108903123539327,-0.017281601552495737,-0.008584293511511909,0.00013978804963871183
202690,False,8.326672684688674e-17,-5.412337245047638e-16,1.1185496973098451e-15,2.001262197675685e-15
202691,True,0.050253099863003525,0.025490243297877524,-0.01272638499811829,0.0003035013631611715
202692,True,0.009451603425348676,0.007578466040572995,-0.0013404913960368692,6.907519833531383e-05
202693,True,0.03981831703965677,0.05299249320313337,-0.049409013114979805,0.00036651860446232544
202694,True,0.024402909830648856,0.015807738489389545,0.0025672183729477105,6.186218814385981e-05
202695,True,0.0012448029499765312,-0.0029156622575996494,0.0032639208297506883,4.6548435996214896e-05
202696,True,-0.01863128690039373,-0.009220654198706102,0.013106856059592387,6.82073101814847e-05
202697,True,-0.00048399647670749335,-0.0008229253908355466,-3.4974614282258856e-05,4.645438164346476e-06
202698,False,8.326672684688674e-17,-5.412337245047638e-16,1.1185496973098451e-15,2.001262197675685e-15
202699,True,-0.010597188533897128,-0.009214353811814568,0.0034412988046645943,7.629002153510389e-05
202700,False,8.326672684688674e-17,-5.412337245047638e-16,1.1185496973098451e-15,2.001262197675685e-15
202701,False,8.326672684688674e-17,-5.412337245047638e-16,1.1185496973098451e-15,2.001262197675685e-15
202702,True,8.326672684688674e-17,-5.412337245047638e-16,1.1185496973098451e-15,2.001262197675685e-15
202703,True,8.326672684688674e-17,-5.412337245047638e-16,1.1185496973098451e-15,2.001262197675685e-15
202704,True,-0.008403283821966534,-0.0014236751207128417,0.004554503121015907,0.0001364202294165258
202705,True,8.326672684688674e-17,-5.412337245047638e-16,1.1185496973098451e-15,2.001262197675685e-15
202706,False,8.326672684688674e-17,-5.412337245047638e-16,1.1185496973098451e-15,2.001262197675685e-15
202707,False,8.326672684688674e-17,-5.412337245047638e-16,1.1185496973098451e-15,2.001262197675685e-15
202708,False,8.326672684688674e-17,-5.412337245047638e-16,1.1185496973098451e-15,2.001262197675685e-15
202709,True,-0.03738823407271141,-0.0018636337834248007,0.040969615711755336,0.00029295799536438265
202710,True,-0.12133293198196604,-0.12710482174327975,-0.018994254438868374,0.0008010467598163785
202711,True,-0.0372382370688058,-0.022829563701663558,0.007834235360625996,8.085760487399607e-05
202712,False,8.326672684688674e-17,-5.412337245047638e-16,1.1185496973098451e-15,2.001262197675685e-15
202713,False,8.326672684688674e-17,-5.412337245047638e-16,1.1185496973098451e-15,2.001262197675685e-15
202714,True,8.326672684688674e-17,-5.412337245047638e-16,1.1185496973098451e-15,2.001262197675685e-15
202715,False,8.326672684688674e-17,-5.412337245047638e-16,1.1185496973098451e-15,2.001262197675685e-15
202716,False,8.326672684688674e-17,-5.412337245047638e-16,1.1185496973098451e-15,2.001262197675685e-15
202717,False,8.326672684688674e-17,-5.412337245047638e-16,1.1185496973098451e-15,2.001262197675685e-15
202718,False,8.326672684688674e-17,-5.412337245047638e-16,1.1185496973098451e-15,2.001262197675685e-15
202719,False,8.326672684688674e-17,-5.412337245047638e-16,1.1185496973098451e-15,2.001262197675685e-15
202720,True,8.326672684688674e-17,-5.412337245047638e-16,1.1185496973098451e-15,2.001262197675685e-15
202721,False,8.326672684688674e-17,-5.412337245047638e-16,1.1185496973098451e-15,2.001262197675685e-15
202722,True,-0.040664427268121806,-0.05026435302400056,0.030040388643986615,0.00030582940095482693
202723,False,8.326672684688674e-17,-5.412337245047638e-16,1.1185496973098451e-15,2.001262197675685e-15
202724,False,8.326672684688674e-17,-5.412337245047638e-16,1.1185496973098451e-15,2.001262197675685e-15
202725,False,8.326672684688674e-17,-5.412337245047638e-16,1.1185496973098451e-15,2.001262197675685e-15
202726,False,8.326672684688674e-17,-5.412337245047638e-16,1.1185496973098451e-15,2.001262197675685e-15
202727,False,8.326672684688674e-17,-5.412337245047638e-16,1.1185496973098451e-15,2.001262197675685e-15
202728,False,8.326672684688674e-17,-5.412337245047638e-16,1.1185496973098451e-15,2.001262197675685e-15
202729,False,8.326672684688674e-17,-5.412337245047638e-16,1.1185496973098451e-15,2.001262197675685e-15
202730,False,8.326672684688674e-17,-5.412337245047638e-16,1.1185496973098451e-15,2.001262197675685e-15
202731,False,8.326672684688674e-17,-5.412337245047638e-16,1.1185496973098451e-15,2.001262197675685e-15
202732,False,8.326672684688674e-17,-5.412337245047638e-16,1.1185496973098451e-15,2.001262197675685e-15
202734,True,0.001913139492525362,-0.0017406460350369857,0.004410703763214396,2.9583731827618384e-05
202738,True,0.009018707846745133,0.001945655426370041,-0.004012991458440484,5.7427111630046845e-05
202775,False,8.326672684688674e-17,-5.412337245047638e-16,1.1185496973098451e-15,2.001262197675685e-15
202779,False,8.326672684688674e-17,-5.412337245047638e-16,1.1185496973098451e-15,2.001262197675685e-15
202809,False,8.326672684688674e-17,-5.412337245047638e-16,1.1185496973098451e-15,2.001262197675685e-15
202810,False,8.326672684688674e-17,-5.412337245047638e-16,1.1185496973098451e-15,2.001262197675685e-15
202814,False,8.326672684688674e-17,-5.412337245047638e-16,1.1185496973098451e-15,2.001262197675685e-15
202862,False,8.326672684688674e-17,-5.412337245047638e-16,1.1185496973098451e-15,2.001262197675685e-15
202874,False,8.326672684688674e-17,-5.412337245047638e-16,1.1185496973098451e-15,2.001262197675685e-15
202880,False,8.326672684688674e-17,-5.412337245047638e-16,1.1185496973098451e-15,2.001262197675685e-15
202918,False,8.326672684688674e-17,-5.412337245047638e-16,1.1185496973098451e-15,2.001262197675685e-15
202933,False,8.326672684688674e-17,-5.412337245047638e-16,1.1185496973098451e-15,2.001262197675685e-15
202951,False,8.326672684688674e-17,-5.412337245047638e-16,1.1185496973098451e-15,2.001262197675685e-15
202952,False,8.326672684688674e-17,-5.412337245047638e-16,1.1185496973098451e-15,2.001262197675685e-15
202954,True,0.03650887251644197,0.024723380332656975,-0.008782078398857251,0.00014881068744515184
202962,False,8.326672684688674e-17,-5.412337245047638e-16,1.1185496973098451e-15,2.001262197675685e-15
202970,False,8.326672684688674e-17,-5.412337245047638e-16,1.1185496973098451e-15,2.001262197675685e-15
203006,False,8.326672684688674e-17,-5.412337245047638e-16,1.1185496973098451e-15,2.001262197675685e-15
203076,True,3.840747377026332e-06,-0.004930563709415914,-0.007660739471268663,0.0001660952724342833
203077,True,2.2733827648988014e-05,0.00014019433434050987,-0.0003482820856772484,7.722818202368566e-06
203078,True,0.015675309522729775,0.0032283337224379705,0.009338322337220262,0.00020465544993821587
203079,True,0.00395790129288226,0.003454815524563448,0.00041676570636411947,1.930935212471956e-05
203080,False,8.326672684688674e-17,-5.412337245047638e-16,1.1185496973098451e-15,2.001262197675685e-15
203081,True,-0.027854623670159562,0.01764052718483544,-0.07078441077696418,9.845986234381593e-05
203082,True,0.06963466800810236,-0.0010958323929972646,-0.06020916484060579,0.00012620712403528812
203083,True,0.015856593596740076,-0.0016583435243473499,-0.0009012636494404314,6.87244870369328e-05
203084,True,0.010223873004355677,-0.0016645748459279686,-0.014387025506468087,4.884668958583546e-05
203085,True,0.012666819276461627,0.03556024717389894,-0.014750555178006053,0.0005716429564208979
203086,True,-0.0014757273120611925,-0.0017351405275097265,-0.00301286507775389,8.418783367056699e-05
203087,True,-0.23607800557309933,-0.2281627511995109,0.0026638740537876515,0.00011022968650619628
203088,False,8.326672684688674e-17,-5.412337245047638e-16,1.1185496973098451e-15,2.001262197675685e-15
203089,True,8.326672684688674e-17,-5.412337245047638e-16,1.1185496973098451e-15,2.001262197675685e-15
203090,True,-0.007823535388719716,-0.001728927977437733,0.0008612532455776201,0.00015846605355747875
203091,False,8.326672684688674e-17,-5.412337245047638e-16,1.1185496973098451e-15,2.001262197675685e-15
203092,False,3.261742167484649e-05,8.726508306369785e-06,-7.835546977530417e-06,1.1793822350581104e-06
203093,False,8.326672684688674e-17,-5.412337245047638e-16,1.1185496973098451e-15,2.001262197675685e-15
203094,False,8.326672684688674e-17,-5.412337245047638e-16,1.1185496973098451e-15,2.001262197675685e-15
203095,True,-0.021974964648086015,-0.02691878361968203,-0.0037705680180552537,7.318979059508572e-05
203096,False,8.326672684688674e-17,-5.412337245047638e-16,1.1185496973098451e-15,2.001262197675685e-15
203097,False,8.326672684688674e-17,-5.412337245047638e-16,1.1185496973098451e-15,2.001262197675685e-15
203098,True,8.326672684688674e-17,-5.412337245047638e-16,1.1185496973098451e-15,2.001262197675685e-15
203099,False,8.326672684688674e-17,-5.412337245047638e-16,1.1185496973098451e-15,2.001262197675685e-15
203100,False,8.326672684688674e-17,-5.412337245047638e-16,1.1185496973098451e-15,2.001262197675685e-15
203101,False,8.326672684688674e-17,-5.412337245047638e-16,1.1185496973098451e-15,2.001262197675685e-15
203102,False,8.326672684688674e-17,-5.412337245047638e-16,1.1185496973098451e-15,2.001262197675685e-15
203103,False,8.326672684688674e-17,-5.412337245047638e-16,1.1185496973098451e-15,2.001262197675685e-15
203104,False,8.326672684688674e-17,-5.412337245047638e-16,1.1185496973098451e-15,2.001262197675685e-15
203105,False,8.326672684688674e-17,-5.412337245047638e-16,1.1185496973098451e-15,2.001262197675685e-15
203106,False,8.326672684688674e-17,-5.412337245047638e-16,1.1185496973098451e-15,2.001262197675685e-15
203107,True,-0.021329790009348315,-0.01908337667485127,0.005372857658414887,0.0002080775200106335
203108,False,8.326672684688674e-17,-5.412337245047638e-16,1.1185496973098451e-15,2.001262197675685e-15
203109,True,-0.005562556797765433,-0.01895204431405137,0.02378765313229042,6.835166111012481e-05
203110,True,0.04523570971880053,0.029531707565134013,-0.04694232833513984,0.0010383786550643018
203111,False,8.326672684688674e-17,-5.412337245047638e-16,1.1185496973098451e-15,2.001262197675685e-15
203112,False,8.326672684688674e-17,-5.412337245047638e-16,1.1185496973098451e-15,2.001262197675685e-15
203113,False,8.326672684688674e-17,-5.412337245047638e-16,1.1185496973098451e-15,2.001262197675685e-15
203114,True,0.014926496411456824,0.017767027595571694,0.000850259805825454,6.380045815970515e-05
203115,True,0.014801085765538957,0.01168621611830778,-0.05843350181205986,0.0011766544324096234
203116,False,8.326672684688674e-17,-5.412337245047638e-16,1.1185496973098451e-15,2.001262197675685e-15
203117,False,8.326672684688674e-17,-5.412337245047638e-16,1.1185496973098451e-15,2.001262197675685e-15
203118,True,0.0011835292588910362,0.0008986889446839785,0.0013702841558991263,4.1023912999890076e-05
203119,False,8.326672684688674e-17,-5.412337245047638e-16,1.1185496973098451e-15,2.001262197675685e-15
203120,False,8.326672684688674e-17,-5.412337245047638e-16,1.1185496973098451e-15,2.001262197675685e-15
203121,True,0.0004087827541428002,0.00556718737861428,0.0008011352897280277,3.869218752204882e-05
203122,False,8.326672684688674e-17,-5.412337245047638e-16,1.1185496973098451e-15,2.001262197675685e-15
203123,False,8.326672684688674e-17,-5.412337245047638e-16,1.1185496973098451e-15,2.001262197675685e-15
203124,True,0.0007946231519875002,0.0011786677759063058,-0.0008919319850953233,4.124550461239115e-06
203126,False,8.326672684688674e-17,-5.412337245047638e-16,1.1185496973098451e-15,2.001262197675685e-15
203128,False,8.326672684688674e-17,-5.412337245047638e-16,1.1185496973098451e-15,2.001262197675685e-15
203129,False,8.326672684688674e-17,-5.412337245047638e-16,1.1185496973098451e-15,2.001262197675685e-15
203130,False,8.326672684688674e-17,-5.412337245047638e-16,1.1185496973098451e-15,2.001262197675685e-15
203133,False,8.326672684688674e-17,-5.412337245047638e-16,1.1185496973098451e-15,2.001262197675685e-15
203135,False,8.326672684688674e-17,-5.412337245047638e-16,1.1185496973098451e-15,2.001262197675685e-15
203136,False,8.326672684688674e-17,-5.412337245047638e-16,1.1185496973098451e-15,2.001262197675685e-15
203138,False,8.326672684688674e-17,-5.412337245047638e-16,1.1185496973098451e-15,2.001262197675685e-15
203139,False,8.326672684688674e-17,-5.412337245047638e-16,1.1185496973098451e-15,2.001262197675685e-15
203141,False,8.326672684688674e-17,-5.412337245047638e-16,1.1185496973098451e-15,2.001262197675685e-15
203142,False,8.326672684688674e-17,-5.412337245047638e-16,1.1185496973098451e-15,2.001262197675685e-15
203143,False,8.326672684688674e-17,-5.412337245047638e-16,1.1185496973098451e-15,2.001262197675685e-15
203144,False,8.326672684688674e-17,-5.412337245047638e-16,1.1185496973098451e-15,2.001262197675685e-15
203145,True,-0.017787587590469167,-0.007244447968298262,-0.01197223206103748,0.00010201124089507235
203146,False,8.326672684688674e-17,-5.412337245047638e-16,1.1185496973098451e-15,2.001262197675685e-15
203148,False,8.326672684688674e-17,-5.412337245047638e-16,1.1185496973098451e-15,2.001262197675685e-15
203156,False,8.326672684688674e-17,-5.412337245047638e-16,1.1185496973098451e-15,2.001262197675685e-15
203158,False,8.326672684688674e-17,-5.412337245047638e-16,1.1185496973098451e-15,2.001262197675685e-15
203159,False,8.326672684688674e-17,-5.412337245047638e-16,1.1185496973098451e-15,2.001262197675685e-15
203162,False,8.326672684688674e-17,-5.412337245047638e-16,1.1185496973098451e-15,2.001262197675685e-15
203183,False,8.326672684688674e-17,-5.412337245047638e-16,1.1185496973098451e-15,2.001262197675685e-15
203186,False,8.326672684688674e-17,-5.412337245047638e-16,1.1185496973098451e-15,2.001262197675685e-15
203187,False,8.326672684688674e-17,-5.412337245047638e-16,1.1185496973098451e-15,2.001262197675685e-15
203197,False,8.326672684688674e-17,-5.412337245047638e-16,1.1185496973098451e-15,2.001262197675685e-15
203199,False,8.326672684688674e-17,-5.412337245047638e-16,1.1185496973098451e-15,2.001262197675685e-15
203200,True,0.0032625794795362317,0.005802546391631802,3.6804445245675055e-05,0.00010615453642568599
203203,False,8.326672684688674e-17,-5.412337245047638e-16,1.1185496973098451e-15,2.001262197675685e-15
203210,True,-0.00019585156194867892,0.06175680118769655,-0.053474439140521746,0.0008033423111096195
203263,False,0.0004847800703744187,0.002032035177410227,-0.0007648512629453014,1.8502370952807907e-05
203268,False,8.326672684688674e-17,-5.412337245047638e-16,1.1185496973098451e-15,2.001262197675685e-15
203315,False,8.326672684688674e-17,-5.412337245047638e-16,1.1185496973098451e-15,2.001262197675685e-15
203317,False,8.326672684688674e-17,-5.412337245047638e-16,1.1185496973098451e-15,2.001262197675685e-15
203318,False,8.326672684688674e-17,-5.412337245047638e-16,1.1185496973098451e-15,2.001262197675685e-15
203382,True,-0.0026107360425116077,0.0037324025519027693,-0.025716142882503457,0.00014912952324522082
203457,True,-0.020297091369223086,-0.01736019375679776,-0.002231687821035333,0.00011245655362356798
203458,True,-0.005778066425863759,-0.004373604796916286,0.016176092769016215,0.00012158218417487994
203459,True,8.326672684688674e-17,-5.412337245047638e-16,1.1185496973098451e-15,2.001262197675685e-15
203460,False,-0.00576197561106051,-0.004492482392163377,-0.0007498642590396676,1.9458903333578186e-05
203461,False,8.326672684688674e-17,-5.412337245047638e-16,1.1185496973098451e-15,2.001262197675685e-15
203462,False,8.326672684688674e-17,-5.412337245047638e-16,1.1185496973098451e-15,2.001262197675685e-15
203463,True,0.03506303425445845,0.04160538465808605,-0.07614052809377747,0.0001353388382094164
203464,False,8.326672684688674e-17,-5.412337245047638e-16,1.1185496973098451e-15,2.001262197675685e-15
203467,False,8.326672684688674e-17,-5.412337245047638e-16,1.1185496973098451e-15,2.001262197675685e-15
203468,True,0.03381300058257075,0.0008542608312698263,0.004666139993665386,0.00018219438291608344
203469,True,-0.04490092587063854,-0.10900085051986319,-0.0662127492730944,7.902581819780006e-05
203471,True,-0.02368724961822255,-0.0230027451954935,0.03000849855493104,0.00019158188433872407
203473,True,0.12296582962736835,0.10720759819470205,-0.21913643518240122,0.003849855188350345
203474,False,8.326672684688674e-17,-5.412337245047638e-16,1.1185496973098451e-15,2.001262197675685e-15
203475,False,8.326672684688674e-17,-5.412337245047638e-16,1.1185496973098451e-15,2.001262197675685e-15
203476,True,-0.08299463492269088,-0.1384143687929693,0.07740350761560011,0.00010790159245112009
203477,True,8.326672684688674e-17,-5.412337245047638e-16,1.1185496973098451e-15,2.001262197675685e-15
203479,False,8.326672684688674e-17,-5.412337245047638e-16,1.1185496973098451e-15,2.001262197675685e-15
203480,False,8.326672684688674e-17,-5.412337245047638e-16,1.1185496973098451e-15,2.001262197675685e-15
203481,False,8.326672684688674e-17,-5.412337245047638e-16,1.1185496973098451e-15,2.001262197675685e-15
203482,True,-0.019157315918688744,-0.007148347192424909,0.0029122616660790523,0.0001470729263238894
203484,True,0.02436797864800022,0.006604411233899654,-0.0027155101492445585,0.00026209172769686695
203485,True,8.326672684688674e-17,-5.412337245047638e-16,1.1185496973098451e-15,2.001262197675685e-15
203486,True,0.029045768584678555,0.034562708973167044,-0.029875571759026887,0.00010855980869979417
203487,True,0.005892570252870613,0.01264392783124757,0.005886360490203191,8.491378409504987e-05
203488,True,-0.1385373393270416,-0.16546770927755988,-0.022838316080740384,0.0022410738342948677
203489,False,8.326672684688674e-17,-5.412337245047638e-16,1.1185496973098451e-15,2.001262197675685e-15
203490,True,-0.10629614518377029,-0.10995244540528537,0.022114662503008198,0.008817337546505136
203491,False,8.326672684688674e-17,-5.412337245047638e-16,1.1185496973098451e-15,2.001262197675685e-15
203492,False,8.326672684688674e-17,-5.412337245047638e-16,1.1185496973098451e-15,2.001262197675685e-15
203493,True,0.037024055656126986,0.019280438567439218,0.05583216058194951,0.0006637220674340705
203495,False,8.326672684688674e-17,-5.412337245047638e-16,1.1185496973098451e-15,2.001262197675685e-15
203496,True,0.04224029446723576,0.016996767882822228,0.03404823439160709,9.411910720175713e-05
203497,True,0.023906080727415624,0.01610866696435842,0.05843199376426744,0.0001459198156218292
203498,False,8.326672684688674e-17,-5.412337245047638e-16,1.1185496973098451e-15,2.001262197675685e-15
203499,False,8.326672684688674e-17,-5.412337245047638e-16,1.1185496973098451e-15,2.001262197675685e-15
203500,True,-0.012855700501060774,-0.0056200433560089635,-0.029530384663181586,0.0032046087994935498
203501,True,0.030830294742019815,0.02182631019648862,-0.032748180112520175,0.00024679593145064547
203502,False,8.326672684688674e-17,-5.412337245047638e-16,1.1185496973098451e-15,2.001262197675685e-15
203503,True,0.07408659078151025,-0.024241088192608062,0.005005495748656719,0.00021368649728289966
203504,True,-0.0305003633005434,-0.07073486865035894,-0.04643271392731274,0.0004345386808148404
203505,False,8.326672684688674e-17,-5.412337245047638e-16,1.1185496973098451e-15,2.001262197675685e-15
203506,True,0.1930874314283888,0.1752197250440466,0.015425474206938461,0.0017182232546290226
203507,True,0.0037061518261580773,0.0037549180378988467,0.0062688297914430535,5.0986761832357937e-05
203508,False,8.326672684688674e-17,-5.412337245047638e-16,1.1185496973098451e-15,2.001262197675685e-15
203510,False,8.326672684688674e-17,-5.412337245047638e-16,1.1185496973098451e-15,2.001262197675685e-15
203511,False,8.326672684688674e-17,-5.412337245047638e-16,1.1185496973098451e-15,2.001262197675685e-15
203512,False,8.326672684688674e-17,-5.412337245047638e-16,1.1185496973098451e-15,2.001262197675685e-15
203513,False,8.326672684688674e-17,-5.412337245047638e-16,1.1185496973098451e-15,2.001262197675685e-15
203515,False,8.326672684688674e-17,-5.412337245047638e-16,1.1185496973098451e-15,2.001262197675685e-15
203516,True,-0.009076470740672304,-0.0013847567209208655,0.0009142188542179408,9.403403632457788e-05
203517,False,8.326672684688674e-17,-5.412337245047638e-16,1.1185496973098451e-15,2.001262197675685e-15
203518,True,8.326672684688674e-17,-5.412337245047638e-16,1.1185496973098451e-15,2.001262197675685e-15
203519,False,8.326672684688674e-17,-5.412337245047638e-16,1.1185496973098451e-15,2.001262197675685e-15
203521,True,0.02157791490933092,0.018115551894910098,0.0014632534117300366,4.084843612994348e-05
203524,True,-0.020804479028588063,-0.01638309648078562,-0.00159248961286175,5.72639398754847e-05
203526,True,-0.11401541366760626,-0.08901548229763667,0.0014643501822234617,0.00026629965682021774
203527,False,8.326672684688674e-17,-5.412337245047638e-16,1.1185496973098451e-15,2.001262197675685e-15
203530,False,8.326672684688674e-17,-5.412337245047638e-16,1.1185496973098451e-15,2.001262197675685e-15
203539,False,8.326672684688674e-17,-5.412337245047638e-16,1.1185496973098451e-15,2.001262197675685e-15
203540,False,8.326672684688674e-17,-5.412337245047638e-16,1.1185496973098451e-15,2.001262197675685e-15
203543,False,8.326672684688674e-17,-5.412337245047638e-16,1.1185496973098451e-15,2.001262197675685e-15
203544,False,8.326672684688674e-17,-5.412337245047638e-16,1.1185496973098451e-15,2.001262197675685e-15
203545,False,8.326672684688674e-17,-5.412337245047638e-16,1.1185496973098451e-15,2.001262197675685e-15
203546,True,8.326672684688674e-17,-5.412337245047638e-16,1.1185496973098451e-15,2.001262197675685e-15
203548,False,8.326672684688674e-17,-5.412337245047638e-16,1.1185496973098451e-15,2.001262197675685e-15
203552,True,-0.0833813172003337,-0.04007246959282407,0.03400804772417443,9.82091782644181e-05
203561,False,8.326672684688674e-17,-5.412337245047638e-16,1.1185496973098451e-15,2.001262197675685e-15
203564,False,8.326672684688674e-17,-5.412337245047638e-16,1.1185496973098451e-15,2.001262197675685e-15
203565,False,8.326672684688674e-17,-5.412337245047638e-16,1.1185496973098451e-15,2.001262197675685e-15
203569,False,8.326672684688674e-17,-5.412337245047638e-16,1.1185496973098451e-15,2.001262197675685e-15
203580,False,8.326672684688674e-17,-5.412337245047638e-16,1.1185496973098451e-15,2.001262197675685e-15
203584,True,-0.0021835618293954417,-0.004312209008063499,-7.997360267401193e-05,2.4661638729310013e-05
203585,True,-0.14903296728868243,-0.2526385660496545,0.057973026479249845,9.851075214297681e-05
203613,True,8.326672684688674e-17,-5.412337245047638e-16,1.1185496973098451e-15,2.001262197675685e-15
203648,True,-0.011353923552092304,-0.0016920421378141537,-0.0055495724427379045,4.689663443851901e-05
203658,True,-0.000664050021860263,-0.00305769972540737,0.00018631682325875865,2.0313161924743183e-05
203687,False,8.326672684688674e-17,-5.412337245047638e-16,1.1185496973098451e-15,2.001262197675685e-15
203705,True,8.326672684688674e-17,-5.412337245047638e-16,1.1185496973098451e-15,2.001262197675685e-15
203710,False,8.326672684688674e-17,-5.412337245047638e-16,1.1185496973098451e-15,2.001262197675685e-15
203798,False,8.326672684688674e-17,-5.412337245047638e-16,1.1185496973098451e-15,2.001262197675685e-15
203805,False,8.326672684688674e-17,-5.412337245047638e-16,1.1185496973098451e-15,2.001262197675685e-15
203810,False,8.326672684688674e-17,-5.412337245047638e-16,1.1185496973098451e-15,2.001262197675685e-15
203816,False,7.725106874315046e-05,0.0005504647181790584,-0.0004094438622194857,5.647960997644362e-06
203893,False,8.326672684688674e-17,-5.412337245047638e-16,1.1185496973098451e-15,2.001262197675685e-15
203894,True,-0.002187362433974882,-0.0016557861778591088,0.0008195511865130567,8.119366258952168e-05
203895,False,8.326672684688674e-17,-5.412337245047638e-16,1.1185496973098451e-15,2.001262197675685e-15
203897,True,-0.03884973783553425,-0.0005946261107556694,-0.02191832844299388,0.00015841067879595352
203898,False,8.326672684688674e-17,-5.412337245047638e-16,1.1185496973098451e-15,2.001262197675685e-15
203900,False,8.326672684688674e-17,-5.412337245047638e-16,1.1185496973098451e-15,2.001262197675685e-15
203901,True,-0.012797110757506669,-0.021851937000273214,-0.0061650522688943,0.00010837792201453008
203902,False,8.326672684688674e-17,-5.412337245047638e-16,1.1185496973098451e-15,2.001262197675685e-15
203903,True,-0.00821787446345229,-0.0052511449599559334,0.00804039656147898,3.5609157711948445e-05
203906,False,8.326672684688674e-17,-5.412337245047638e-16,1.1185496973098451e-15,2.001262197675685e-15
203909,False,8.326672684688674e-17,-5.412337245047638e-16,1.1185496973098451e-15,2.001262197675685e-15
203910,False,8.326672684688674e-17,-5.412337245047638e-16,1.1185496973098451e-15,2.001262197675685e-15
203912,False,8.326672684688674e-17,-5.412337245047638e-16,1.1185496973098451e-15,2.001262197675685e-15
203913,False,8.326672684688674e-17,-5.412337245047638e-16,1.1185496973098451e-15,2.001262197675685e-15
203914,True,-0.012962499948851514,-0.0482891756591699,0.08271721642876283,0.00011655208375588124
203915,True,-0.04150552228950852,0.004468662273539453,-0.0029637927226706107,0.00012193304788643516
203917,True,0.0028672953780816135,0.002386201802441701,-0.0006963266093336085,2.70725330903274e-05
203918,True,-0.003875463892395681,-0.0013225927842090979,-0.0032543625070474147,0.00016759757231489276
203919,False,8.326672684688674e-17,-5.412337245047638e-16,1.1185496973098451e-15,2.001262197675685e-15
203920,True,0.04414439258253644,0.052410806504109564,0.004988842163918872,0.00010085874030494835
203921,False,8.326672684688674e-17,-5.412337245047638e-16,1.1185496973098451e-15,2.001262197675685e-15
203922,True,-0.007365545744949742,-0.006611918679182427,-0.006685470306582397,0.00016469038524722905
203923,False,8.326672684688674e-17,-5.412337245047638e-16,1.1185496973098451e-15,2.001262197675685e-15
203924,True,-0.01734294646346002,0.021822127958892823,-0.03891219848922231,8.726347229598271e-05
203925,True,-0.04800649962359449,-0.02392161495022105,-0.046791949665010435,5.663039886952048e-05
203926,True,-0.005514873646121243,0.0014873143803280087,-0.01082234955863104,6.206692674820533e-05
203928,False,8.326672684688674e-17,-5.412337245047638e-16,1.1185496973098451e-15,2.001262197675685e-15
203930,False,8.326672684688674e-17,-5.412337245047638e-16,1.1185496973098451e-15,2.001262197675685e-15
203932,True,-0.03022120225842695,-0.025185053909122956,-0.03713777505583815,0.001504039378590091
203933,True,0.012801382958560481,0.007182569537161232,0.006374726021898258,9.373712338179454e-05
203934,False,8.326672684688674e-17,-5.412337245047638e-16,1.1185496973098451e-15,2.001262197675685e-15
203935,True,0.029780014875536942,0.008367976665806687,-0.009541599372401954,0.0005791156264358035
203937,True,0.012198519440202116,0.019223028480851445,-0.015007784764837023,0.0004699557771177265
203939,True,-0.0021009380548235868,-0.012956029657021695,-0.025638302164930238,0.0008129584108297899
203940,False,8.326672684688674e-17,-5.412337245047638e-16,1.1185496973098451e-15,2.001262197675685e-15
203943,True,0.2363205377878308,0.21290533391634847,0.41037767227860245,5.427748376254425e-05
203944,True,0.056481193815006714,0.0494961969037464,-0.008165603182691772,0.00016087822846979851
203945,False,8.326672684688674e-17,-5.412337245047638e-16,1.1185496973098451e-15,2.001262197675685e-15
203946,False,8.326672684688674e-17,-5.412337245047638e-16,1.1185496973098451e-15,2.001262197675685e-15
203948,False,8.326672684688674e-17,-5.412337245047638e-16,1.1185496973098451e-15,2.001262197675685e-15
203949,False,8.326672684688674e-17,-5.412337245047638e-16,1.1185496973098451e-15,2.001262197675685e-15
203950,False,8.326672684688674e-17,-5.412337245047638e-16,1.1185496973098451e-15,2.001262197675685e-15
203951,False,8.326672684688674e-17,-5.412337245047638e-16,1.1185496973098451e-15,2.001262197675685e-15
203952,True,-0.01034227767767204,-0.020995771761899595,-0.01993973128474913,0.0006331787586985703
203953,True,0.05740715316563649,0.06312271404519199,0.025295791887468777,0.00021259134008610518
203954,True,0.022476332890363437,0.007562184591042964,-0.0039692219795730566,0.00011917342549284576
203955,False,8.326672684688674e-17,-5.412337245047638e-16,1.1185496973098451e-15,2.001262197675685e-15
203956,False,8.326672684688674e-17,-5.412337245047638e-16,1.1185496973098451e-15,2.001262197675685e-15
203957,True,0.006547479816392698,0.010679449063283553,0.004990690966635292,0.00011004628702690436
203958,False,8.326672684688674e-17,-5.412337245047638e-16,1.1185496973098451e-15,2.001262197675685e-15
203960,True,0.009840757430003302,0.008076716411029236,0.0006166581739193849,5.44445730644995e-05
203961,False,8.326672684688674e-17,-5.412337245047638e-16,1.1185496973098451e-15,2.001262197675685e-15
203962,False,8.326672684688674e-17,-5.412337245047638e-16,1.1185496973098451e-15,2.001262197675685e-15
203963,False,8.326672684688674e-17,-5.412337245047638e-16,1.1185496973098451e-15,2.001262197675685e-15
203966,False,8.326672684688674e-17,-5.412337245047638e-16,1.1185496973098451e-15,2.001262197675685e-15
203967,True,-0.1722712670796036,-0.128099734228579,-0.05196148957162505,7.04928902724512e-05
203968,False,8.326672684688674e-17,-5.412337245047638e-16,1.1185496973098451e-15,2.001262197675685e-15
203991,True,-0.013345076560320024,-0.005413550515475762,-0.013808895980584879,0.00030576692325214776
203992,True,-0.0061815603508272865,-0.008280671326430067,-0.0008818025489758519,5.693462764730876e-05
203994,True,-0.0722093373679682,-0.03803617263227688,-0.07971233577730574,0.00011303721695180707
203995,True,-0.0021622519172833643,0.1578655700086522,-0.007001995815533957,8.234266367759107e-05
203996,False,8.326672684688674e-17,-5.412337245047638e-16,1.1185496973098451e-15,2.001262197675685e-15
203998,True,0.00110753462917057,1.686815642498729e-05,-0.0009514946839295491,1.782781708925953e-05
203999,True,-0.05923770660291616,-0.03193341168524633,0.008610256417851403,0.000686843432452699
204001,True,0.004900471513584748,0.01901548607599457,-0.0021104281322594787,0.00012436650334642855
204002,False,8.326672684688674e-17,-5.412337245047638e-16,1.1185496973098451e-15,2.001262197675685e-15
204014,False,8.326672684688674e-17,-5.412337245047638e-16,1.1185496973098451e-15,2.001262197675685e-15
204020,True,-0.004072993790177226,-0.011869050076876664,0.011807765525555625,5.1584037537730614e-05
204021,False,8.326672684688674e-17,-5.412337245047638e-16,1.1185496973098451e-15,2.001262197675685e-15
204022,False,8.326672684688674e-17,-5.412337245047638e-16,1.1185496973098451e-15,2.001262197675685e-15
204025,True,-0.0026379766077568867,-0.0046015144220799,0.0036932058957941383,2.234701978605965e-05
204028,False,8.326672684688674e-17,-5.412337245047638e-16,1.1185496973098451e-15,2.001262197675685e-15
204033,False,8.326672684688674e-17,-5.412337245047638e-16,1.1185496973098451e-15,2.001262197675685e-15
204037,False,8.326672684688674e-17,-5.412337245047638e-16,1.1185496973098451e-15,2.001262197675685e-15
204038,True,0.0014610144804223513,-0.002037443860362975,0.009790186912241872,2.4169193923224187e-05
204054,False,8.326672684688674e-17,-5.412337245047638e-16,1.1185496973098451e-15,2.001262197675685e-15
204060,True,0.0629601653955354,0.03963620038009452,-0.029295685550404738,4.52860590388681e-05
204065,False,8.326672684688674e-17,-5.412337245047638e-16,1.1185496973098451e-15,2.001262197675685e-15
204066,False,8.326672684688674e-17,-5.412337245047638e-16,1.1185496973098451e-15,2.001262197675685e-15
204067,False,8.326672684688674e-17,-5.412337245047638e-16,1.1185496973098451e-15,2.001262197675685e-15
204079,False,8.326672684688674e-17,-5.412337245047638e-16,1.1185496973098451e-15,2.001262197675685e-15
204098,False,8.326672684688674e-17,-5.412337245047638e-16,1.1185496973098451e-15,2.001262197675685e-15
204179,False,8.326672684688674e-17,-5.412337245047638e-16,1.1185496973098451e-15,2.001262197675685e-15
204222,False,-0.0008333237228628151,-0.0006978300556293102,0.0001631360304547233,1.3332094386002237e-05
204456,True,-0.007856338185493028,-0.0052883326474710834,0.004550057211444192,5.62549117868281e-05
1626143,True,-0.012259455884485182,-0.0006332560410622912,0.0014433246594255933,6.974859207740339e-05
1626144,True,-0.0002424584166314525,0.0002637747250624489,-0.001965263334938183,1.0816410194022545e-05
1626145,True,-0.03934802988797226,-0.04715406064771299,0.01541506756958011,0.00017981461295955864
1626146,False,8.326672684688674e-17,-5.412337245047638e-16,1.1185496973098451e-15,2.001262197675685e-15
1626147,True,0.01041615739026236,0.007055653135866757,-0.004152478947364591,6.136574729564025e-05
1626148,False,8.326672684688674e-17,-5.412337245047638e-16,1.1185496973098451e-15,2.001262197675685e-15
1626149,True,0.02768990036879959,0.002036329553531946,0.007082574095736316,5.757105084875364e-05
1626150,True,8.326672684688674e-17,-5.412337245047638e-16,1.1185496973098451e-15,2.001262197675685e-15
1626151,False,8.326672684688674e-17,-5.412337245047638e-16,1.1185496973098451e-15,2.001262197675685e-15
1626153,True,-0.006417403470416083,-0.010275288654963077,0.00561401842342657,9.778826709411002e-05
1626154,False,8.326672684688674e-17,-5.412337245047638e-16,1.1185496973098451e-15,2.001262197675685e-15
1626155,False,8.326672684688674e-17,-5.412337245047638e-16,1.1185496973098451e-15,2.001262197675685e-15
1626156,True,-0.013472620688173897,-0.008111887152969288,-0.0003266098345275914,8.408421539932054e-05
1626157,True,0.0006968559342341862,-0.02915773491960927,-0.0038729939991561935,0.00011914074461000278
1626158,True,-0.07716613178349929,-0.0815746327858351,0.03420520140166816,9.182167301038084e-05
1626159,True,0.12447317321262052,0.10841105412835433,0.20887229580880828,9.996047625349084e-05
1626161,True,0.12497670189661458,0.11027669649493954,0.10963137277296331,0.0001063290130978859
1626162,True,-0.0747668994410311,-0.03989315909645508,-0.008424897580287083,8.080398995381783e-05
1626163,True,0.0034143858825390616,-0.0015034331552208346,0.009266684577775075,0.00010475360090811979
1626164,True,-0.014362993093798515,-0.002744828272621902,-0.012686363403624945,0.00011765679311098262
1626166,True,-0.07729460456688192,-0.08211674360310878,-0.055569293474317105,9.254882447238183e-05
1626167,True,0.017799000604411752,0.014646192531928559,-0.0068963608552388145,7.16311408202684e-05
1626168,True,-0.029581847506783276,-0.06090938464928608,-0.021892675934119143,3.550753144770413e-05
1626169,True,-0.01642260906287052,-0.014936497684165051,-0.010697157704443239,6.11996685690755e-05
1626170,True,0.0008647673513361709,0.000404029262759828,0.0007424608196001138,2.822303859987771e-05
1626171,True,-0.0025013798310529745,0.00689958719143674,-0.000777148548971443,4.794453653913067e-05
1626172,True,0.0033229179507929807,-0.022852723427729593,0.03676315861186019,0.001579565279752986
1626173,False,8.326672684688674e-17,-5.412337245047638e-16,1.1185496973098451e-15,2.001262197675685e-15
1626174,True,-0.06912059831836437,-0.06206382794405285,0.05246064679434165,0.0001199292085144091
1626175,False,8.326672684688674e-17,-5.412337245047638e-16,1.1185496973098451e-15,2.001262197675685e-15
1626176,False,8.326672684688674e-17,-5.412337245047638e-16,1.1185496973098451e-15,2.001262197675685e-15
1626177,False,8.326672684688674e-17,-5.412337245047638e-16,1.1185496973098451e-15,2.001262197675685e-15
1626178,True,-0.0017732001262137365,0.00019385845178787608,0.0011511142260478557,2.477261289093391e-05
1626179,True,0.008321534048028267,0.051755749073839175,0.029787229345970556,0.00014503373975031618
1626181,True,-0.008688590937518281,-0.009736673872245305,0.0050157069092762185,6.260937607838607e-05
1626183,False,8.326672684688674e-17,-5.412337245047638e-16,1.1185496973098451e-15,2.001262197675685e-15
1626184,False,0.0012349123387154215,-0.00011368258577437729,0.0027052308473178854,0.00012546777307967583
1626185,True,8.326672684688674e-17,-5.412337245047638e-16,1.1185496973098451e-15,2.001262197675685e-15
1626187,True,0.0013386099420258923,4.096142027643079e-05,0.0008528894346936655,1.2701958010361008e-05
1626188,True,0.004308935614901269,0.004037610427574029,0.0019486083874092758,7.15664461906747e-05
1626191,False,8.326672684688674e-17,-5.412337245047638e-16,1.1185496973098451e-15,2.001262197675685e-15
1626192,True,0.012428434812817635,0.0029298245619175933,0.0024291623808387897,3.347876176478816e-05
1626195,True,0.10859793546735164,0.05439896488897156,0.02806742430630832,0.0002716650945801867
1626196,True,0.12043922271877805,0.09252848222055099,-0.023089488566768512,0.0002450185252161399
1626199,False,8.326672684688674e-17,-5.412337245047638e-16,1.1185496973098451e-15,2.001262197675685e-15
1626202,False,8.326672684688674e-17,-5.412337245047638e-16,1.1185496973098451e-15,2.001262197675685e-15
1626203,True,8.326672684688674e-17,-5.412337245047638e-16,1.1185496973098451e-15,2.001262197675685e-15
1626204,True,-0.03340128059835079,-0.010753303685822058,0.0008872420794938662,0.00013278897487666976
1626205,False,8.326672684688674e-17,-5.412337245047638e-16,1.1185496973098451e-15,2.001262197675685e-15
1626208,False,0.013458399040642055,0.0008141282729965393,-0.022749889224296882,3.980048750103306e-05
1626209,True,0.001068084862161034,-0.0008661498012809132,0.002833010002222358,9.390647565245597e-06
1626210,False,8.326672684688674e-17,-5.412337245047638e-16,1.1185496973098451e-15,2.001262197675685e-15
1626214,False,8.326672684688674e-17,-5.412337245047638e-16,1.1185496973098451e-15,2.001262197675685e-15
1626220,True,-0.036391119659358706,-0.020886711947361247,-0.0067652763273737815,9.135368198203633e-05
1626224,True,-0.043967928754280905,-0.03146122757113723,-0.05227880734486634,0.0005897123077797834
1626242,False,8.326672684688674e-17,-5.412337245047638e-16,1.1185496973098451e-15,2.001262197675685e-15
1626245,True,-0.0011660952218661702,-0.0010940317131053479,8.041168688499578e-05,1.1955104974019284e-05
1626246,True,-0.012301540164879388,-0.016080966336367908,0.031497000097348904,9.903452212415469e-05
1626251,False,8.326672684688674e-17,-5.412337245047638e-16,1.1185496973098451e-15,2.001262197675685e-15
1626253,False,-0.007844795517387537,-0.007344240796234719,-0.0004070571950380575,5.988649818705051e-06
1626254,False,8.326672684688674e-17,-5.412337245047638e-16,1.1185496973098451e-15,2.001262197675685e-15
1626257,True,8.326672684688674e-17,-5.412337245047638e-16,1.1185496973098451e-15,2.001262197675685e-15
1626259,True,0.0006807288510956577,0.0014079851456648418,0.0001918728471044795,1.1444598023857845e-05
1626262,False,8.326672684688674e-17,-5.412337245047638e-16,1.1185496973098451e-15,2.001262197675685e-15
1626266,False,8.326672684688674e-17,-5.412337245047638e-16,1.1185496973098451e-15,2.001262197675685e-15
1626273,False,8.326672684688674e-17,-5.412337245047638e-16,1.1185496973098451e-15,2.001262197675685e-15
1626296,False,8.326672684688674e-17,-5.412337245047638e-16,1.1185496973098451e-15,2.001262197675685e-15
1626643,False,8.326672684688674e-17,-5.412337245047638e-16,1.1185496973098451e-15,2.001262197675685e-15
1626780,False,8.326672684688674e-17,-5.412337245047638e-16,1.1185496973098451e-15,2.001262197675685e-15
1627098,False,8.326672684688674e-17,-5.412337245047638e-16,1.1185496973098451e-15,2.001262197675685e-15
1627215,False,8.326672684688674e-17,-5.412337245047638e-16,1.1185496973098451e-15,2.001262197675685e-15
1627293,False,8.326672684688674e-17,-5.412337245047638e-16,1.1185496973098451e-15,2.001262197675685e-15
1627362,False,8.326672684688674e-17,-5.412337245047638e-16,1.1185496973098451e-15,2.001262197675685e-15
1627395,False,8.326672684688674e-17,-5.412337245047638e-16,1.1185496973098451e-15,2.001262197675685e-15
1627732,True,0.007289303075130704,-0.01051822221800619,-0.0018031013140288321,0.00013428493326373604
1627733,True,8.326672684688674e-17,-5.412337245047638e-16,1.1185496973098451e-15,2.001262197675685e-15
1627734,True,0.008285962520942824,0.014178999739236753,0.001565994790490688,0.00010317526414174785
1627735,False,8.326672684688674e-17,-5.412337245047638e-16,1.1185496973098451e-15,2.001262197675685e-15
1627736,True,-0.011827261194574223,-0.015309319086694861,0.005835954369956209,6.871722729151752e-05
1627737,True,0.1270679071616403,0.1301259034368485,0.06211010990149424,0.003348873913365733
1627738,True,8.326672684688674e-17,-5.412337245047638e-16,1.1185496973098451e-15,2.001262197675685e-15
1627739,True,0.007213831996526032,0.0038187764859742845,-0.004023196021503139,8.028107494562925e-05
1627740,True,-0.0014997061784104426,-0.0010857423918865239,0.0004996993113747239,2.3270086259846775e-05
1627741,True,0.027029973799397533,0.025554879506512806,-0.01948691109506411,0.00016475940770198255
1627742,True,0.11223512998586482,0.08905126991402645,-0.005820015112680377,0.00029740847323555977
1627743,True,8.326672684688674e-17,-5.412337245047638e-16,1.1185496973098451e-15,2.001262197675685e-15
1627744,False,8.326672684688674e-17,-5.412337245047638e-16,1.1185496973098451e-15,2.001262197675685e-15
1627745,True,0.0866536285984707,0.08475241193953353,-0.08465727050516803,0.0001460286620191719
1627746,True,-0.011251499045678681,-0.007212992941149188,-2.2752247145346738e-05,5.24062470026259e-06
1627747,True,-0.028913564931423802,-0.020342099683967663,-0.0013347103857770382,0.0007464778302800528
1627748,True,0.0051053679130312335,0.0038045409548413955,0.0014437030503270387,6.786503766437051e-06
1627749,True,-0.011732795257784812,-0.005431043738169938,0.007736043584787078,0.00010199083448725705
1627750,True,0.019068121466976784,0.018755722916785844,0.0023700196031266607,0.00028434031026977803
1627751,True,0.01985943413349167,0.011315161769787085,-0.018744543632783106,0.00018869623666732346
1627752,True,-0.006593489135189978,-0.01527396759337507,0.010444407425629132,4.63261381068284e-05
1627753,False,8.326672684688674e-17,-5.412337245047638e-16,1.1185496973098451e-15,2.001262197675685e-15
1627754,False,8.326672684688674e-17,-5.412337245047638e-16,1.1185496973098451e-15,2.001262197675685e-15
1627755,False,8.326672684688674e-17,-5.412337245047638e-16,1.1185496973098451e-15,2.001262197675685e-15
1627756,True,0.00013523157558059662,-0.004580640829883964,0.0055490206785547835,0.00015997691724670775
1627757,False,8.326672684688674e-17,-5.412337245047638e-16,1.1185496973098451e-15,2.001262197675685e-15
1627758,True,8.326672684688674e-17,-5.412337245047638e-16,1.1185496973098451e-15,2.001262197675685e-15
1627759,True,0.01612141121705024,-0.004415791055656815,0.02739542435725484,0.0001727661119552807
1627760,False,0.00016489234234759453,0.000404450621127983,-0.00012542123510358993,6.2098353896645335e-06
1627761,True,-0.0017709978944213667,0.00403755978420417,-0.0033203594387687385,7.397679120159872e-05
1627762,False,8.326672684688674e-17,-5.412337245047638e-16,1.1185496973098451e-15,2.001262197675685e-15
1627763,True,-0.01880801289214107,-0.00040482348345238783,-0.0007853762366047956,0.00012046392615546065
1627767,True,-0.004735247480067151,-0.002539303938228654,0.00024347248908329622,9.448835927861382e-06
1627770,False,8.326672684688674e-17,-5.412337245047638e-16,1.1185496973098451e-15,2.001262197675685e-15
1627771,False,8.326672684688674e-17,-5.412337245047638e-16,1.1185496973098451e-15,2.001262197675685e-15
1627772,True,8.326672684688674e-17,-5.412337245047638e-16,1.1185496973098451e-15,2.001262197675685e-15
1627773,False,8.326672684688674e-17,-5.412337245047638e-16,1.1185496973098451e-15,2.001262197675685e-15
1627774,True,-0.016698816174680386,-0.016099001752625464,-0.0031724945274992367,7.714066506135337e-05
1627775,True,-0.0025925175340467677,-0.0015526210947773567,-0.0006936131714747051,9.721947232783242e-06
1627777,True,-0.01033007839591027,-0.013629130766835584,0.00959677213008936,0.00027472624403172586
1627778,False,8.326672684688674e-17,-5.412337245047638e-16,1.1185496973098451e-15,2.001262197675685e-15
1627779,False,8.326672684688674e-17,-5.412337245047638e-16,1.1185496973098451e-15,2.001262197675685e-15
1627780,True,-0.0018226468755087044,0.032859375550819525,0.012998947556147167,0.0013935650595570308
1627781,False,8.326672684688674e-17,-5.412337245047638e-16,1.1185496973098451e-15,2.001262197675685e-15
1627782,True,0.00260544693334884,0.0003079592428326394,-0.00027760554853210884,5.858934178832054e-06
1627783,True,-0.021778490346565427,-0.02720514338783797,-0.04425817185335035,0.0001371321424864944
1627784,False,0.0005443716840706561,-0.00023746315261582301,0.0019807578989665467,6.120716560756134e-06
1627785,False,8.326672684688674e-17,-5.412337245047638e-16,1.1185496973098451e-15,2.001262197675685e-15
1627786,True,8.326672684688674e-17,-5.412337245047638e-16,1.1185496973098451e-15,2.001262197675685e-15
1627787,False,8.326672684688674e-17,-5.412337245047638e-16,1.1185496973098451e-15,2.001262197675685e-15
1627788,True,-0.01028590363382853,-0.012733639912416383,-0.0009524088030890276,8.008484584166154e-05
1627789,True,-0.01459165508910415,-0.019077153715472916,0.0035055950290748816,7.772753235592345e-05
1627790,True,8.326672684688674e-17,-5.412337245047638e-16,1.1185496973098451e-15,2.001262197675685e-15
1627791,False,8.326672684688674e-17,-5.412337245047638e-16,1.1185496973098451e-15,2.001262197675685e-15
1627812,True,-0.0009916169015396215,-0.004362958739606598,0.0047317533960223035,3.658611968014558e-05
1627814,True,-0.050792651800021016,-0.021081449849023493,0.02826036467650539,0.001506775445815175
1627815,False,8.326672684688674e-17,-5.412337245047638e-16,1.1185496973098451e-15,2.001262197675685e-15
1627816,True,8.326672684688674e-17,-5.412337245047638e-16,1.1185496973098451e-15,2.001262197675685e-15
1627817,False,8.326672684688674e-17,-5.412337245047638e-16,1.1185496973098451e-15,2.001262197675685e-15
1627819,False,8.326672684688674e-17,-5.412337245047638e-16,1.1185496973098451e-15,2.001262197675685e-15
1627820,True,-0.004350857901120553,0.00035092723022533967,-0.002153589121569488,1.0716441605193176e-05
1627821,False,8.326672684688674e-17,-5.412337245047638e-16,1.1185496973098451e-15,2.001262197675685e-15
1627822,True,-0.1094915410147167,-0.10982560865240903,-0.07567927796058055,0.0038430355060947285
1627823,True,0.009053625941927157,-0.061911214597508035,0.24544705228898134,0.0017104138061654881
1627824,True,0.02667919811276076,0.021749315689488347,-0.008432352652344155,8.894925698339664e-05
1627826,True,0.007747179947508176,0.009707754901645327,-0.026456072385113938,0.00010669377871270817
1627827,True,-0.05590352812082955,-0.026317113123386804,-0.0012943660249615796,0.0003471880395133466
1627832,True,0.006307875503253513,0.010438677175439004,0.07938553249106217,0.0004832011219256952
1627834,False,8.326672684688674e-17,-5.412337245047638e-16,1.1185496973098451e-15,2.001262197675685e-15
1627835,False,8.326672684688674e-17,-5.412337245047638e-16,1.1185496973098451e-15,2.001262197675685e-15
1627846,True,0.004236242421889358,0.005073046241756307,0.002695018324521792,8.387917250366966e-05
1627848,False,8.326672684688674e-17,-5.412337245047638e-16,1.1185496973098451e-15,2.001262197675685e-15
1627849,False,8.326672684688674e-17,-5.412337245047638e-16,1.1185496973098451e-15,2.001262197675685e-15
1627850,False,8.326672684688674e-17,-5.412337245047638e-16,1.1185496973098451e-15,2.001262197675685e-15
1627851,False,8.326672684688674e-17,-5.412337245047638e-16,1.1185496973098451e-15,2.001262197675685e-15
1627852,False,8.326672684688674e-17,-5.412337245047638e-16,1.1185496973098451e-15,2.001262197675685e-15
1627853,True,0.00837242875835953,0.013444874295327702,-0.008216922817144923,0.00012338380698875178
1627854,True,-0.003970244705557957,0.020380941212925885,-0.0019568636445054244,0.00033364307395938105
1627855,False,8.326672684688674e-17,-5.412337245047638e-16,1.1185496973098451e-15,2.001262197675685e-15
1627856,False,8.326672684688674e-17,-5.412337245047638e-16,1.1185496973098451e-15,2.001262197675685e-15
1627858,False,8.326672684688674e-17,-5.412337245047638e-16,1.1185496973098451e-15,2.001262197675685e-15
1627861,False,8.326672684688674e-17,-5.412337245047638e-16,1.1185496973098451e-15,2.001262197675685e-15
1627863,True,-0.009794376563415308,0.04070592506961135,-0.03728858226647197,0.00037876467821436143
1627866,False,8.326672684688674e-17,-5.412337245047638e-16,1.1185496973098451e-15,2.001262197675685e-15
1627868,False,8.326672684688674e-17,-5.412337245047638e-16,1.1185496973098451e-15,2.001262197675685e-15
1627875,False,8.326672684688674e-17,-5.412337245047638e-16,1.1185496973098451e-15,2.001262197675685e-15
1627879,False,8.326672684688674e-17,-5.412337245047638e-16,1.1185496973098451e-15,2.001262197675685e-15
1627883,False,8.326672684688674e-17,-5.412337245047638e-16,1.1185496973098451e-15,2.001262197675685e-15
1627884,True,-0.05058627718671804,-0.015127358657786472,0.015633813203008273,8.277512181242334e-05
1627885,True,0.002372683626779004,-0.010993517266242647,0.009265159849022653,0.00012581946821576626
1627936,True,-0.11328125496746289,-0.07343393789416819,-0.013602814235912142,9.332380961962018e-05
1627982,False,8.326672684688674e-17,-5.412337245047638e-16,1.1185496973098451e-15,2.001262197675685e-15
1627988,False,8.326672684688674e-17,-5.412337245047638e-16,1.1185496973098451e-15,2.001262197675685e-15
1628021,True,-0.05229995815792576,-0.05378729195106802,0.1345861145687255,0.0008971149961637526
1628035,True,0.00576945634132664,0.0007407356686059963,0.005850056505209089,8.142407119991769e-05
1628070,False,8.326672684688674e-17,-5.412337245047638e-16,1.1185496973098451e-15,2.001262197675685e-15
1628221,False,0.0013460023103346597,0.0019472338149277846,0.00016131299211419314,1.8214156776533747e-05
1628238,False,0.0005484321137662895,0.0010105795604376105,0.0005300341573316117,3.6851242286457194e-06
1628249,True,8.326672684688674e-17,-5.412337245047638e-16,1.1185496973098451e-15,2.001262197675685e-15
1628365,True,0.13072149219134466,0.04301756341781404,0.2043479235272403,0.00012425277948930992
1628366,True,0.017239752624937266,-0.0008103243221566636,-0.0014604729200793365,0.0008664739495539208
1628367,True,-0.03110634585014127,-0.16213049091821752,0.15135402668977116,0.0001829671602301624
1628368,True,-0.012067694419832797,-0.011613857538978145,-0.0006189390511015525,9.112082472170364e-05
1628369,True,0.07299496743716816,0.07018809194352382,-0.04574251099751159,0.0001288671759855984
1628370,True,0.014434540144053543,0.020611078349863643,-0.01161113104604139,3.5549488292399015e-05
1628371,True,-0.2130081583409611,-0.17199667142861008,-0.023625563007820816,7.54068442252386e-05
1628372,True,-0.10931472008205101,-0.09210709352725077,0.03159901399540033,6.925112699731238e-05
1628373,True,0.0171527661674582,0.01727188892730558,-0.010104430420641464,0.0009600552819114549
1628374,True,0.05527821782235165,0.0457279824036636,0.01330241316562919,7.092860560422625e-05
1628378,True,0.009705285799414654,0.0028626749633744453,-0.01878408157143685,0.0002184522565513749
1628379,True,-0.10809798716377328,-0.1091556398038982,0.012793659633519083,7.017076077764058e-05
1628380,True,-0.014570853804159123,-0.009969300799845815,-1.63086163804671e-05,6.385076156005702e-05
1628381,True,0.03308375823567544,0.03150154145307771,-0.007458694661935605,3.967989394755443e-05
1628382,True,-0.014091564510451349,-0.0007940415643874488,-0.006359677033608957,6.93505231296108e-05
1628383,False,-0.005688452256673915,-0.011083366218518242,-0.006266130787135116,0.00014691873616821935
1628384,True,0.03781359191980549,-0.0031016664492025114,0.05569410041394551,0.00016095228011600793
1628385,True,6.293628402542772e-05,-0.005025352767820124,0.0012191121644178349,4.716488993765077e-05
1628386,True,0.009987289638869079,0.02933475363131377,-0.020118238442080383,0.0009892753611326153
1628387,False,8.326672684688674e-17,-5.412337245047638e-16,1.1185496973098451e-15,2.001262197675685e-15
1628388,True,-0.0004249076167902599,-0.0007983092680691195,-0.0002686058292918625,1.1358306765751314e-05
1628389,True,0.04234119573416795,0.025473623384463906,-0.012836488844616412,0.00038139276368420565
1628390,True,-0.00615514548680951,-0.005245290604093622,-0.0001848197487157588,2.8957052375306827e-05
1628391,True,-0.0010565938377753437,-0.0009900315762851886,-0.0014540021892792687,4.624754498003115e-05
1628392,True,-0.06173761154787627,-0.05435673810100017,0.0011444745220225983,0.00012505533547034402
1628393,False,8.326672684688674e-17,-5.412337245047638e-16,1.1185496973098451e-15,2.001262197675685e-15
1628394,True,-4.58795964697889e-05,0.0005424136797725909,0.0005137998928771148,1.2991227310338075e-05
1628395,True,0.0015638399807829384,0.0013583675248101112,0.00012395679550966654,6.073288788145627e-05
1628396,True,0.04688209430368406,0.0205435099921627,0.005676773449598271,7.962680639617093e-05
1628397,True,8.326672684688674e-17,-5.412337245047638e-16,1.1185496973098451e-15,2.001262197675685e-15
1628398,True,-0.013180385328157573,-0.006751328929817557,0.0010349687894692927,8.995517205393238e-05
1628399,False,8.326672684688674e-17,-5.412337245047638e-16,1.1185496973098451e-15,2.001262197675685e-15
1628400,True,-0.1402910279512546,-0.125854029758254,0.09697872156226639,0.00025117727853431513
1628401,True,0.03274333537768115,0.03566607827895041,0.017022966753764024,8.472191074189514e-05
1628402,True,-0.1329466397918675,-0.07182236853945989,0.006459497395961744,9.979980208372418e-05
1628403,True,8.326672684688674e-17,-5.412337245047638e-16,1.1185496973098451e-15,2.001262197675685e-15
1628404,True,-0.02953975531697839,-0.030086899291643654,-0.07892384874924141,0.0006001013923641816
1628405,False,8.326672684688674e-17,-5.412337245047638e-16,1.1185496973098451e-15,2.001262197675685e-15
1628407,True,-0.0144535124132259,-0.004553665223448133,-0.0035313988293479426,0.00016230592633896613
1628408,True,0.05496231080640013,0.08141270762393082,-0.0015177762461064392,0.000856393717617878
1628409,False,8.326672684688674e-17,-5.412337245047638e-16,1.1185496973098451e-15,2.001262197675685e-15
1628410,True,0.02547428731813539,0.014619491562667064,0.01851670945063394,7.754380961549826e-05
1628411,True,-0.020358942488780007,-0.016589419736898092,0.026662757228047562,0.0001241404341871737
1628412,True,0.0034849311331349303,0.003172874719737394,0.00032255996912420454,2.518761331109632e-05
1628413,True,8.326672684688674e-17,-5.412337245047638e-16,1.1185496973098451e-15,2.001262197675685e-15
1628414,True,-0.023494613064419467,-0.0376311065631314,0.04729711358209465,0.0008182636709500515
1628415,True,0.010540853478869239,0.010117461127219118,-0.043555171250506675,0.001277857928424214
1628416,True,9.104820834857086e-05,0.0002816802729948831,-0.000445027760030553,1.4012705928389069e-05
1628417,False,8.326672684688674e-17,-5.412337245047638e-16,1.1185496973098451e-15,2.001262197675685e-15
1628418,True,0.008429255995806795,0.014857483422191453,-0.02359637556673791,0.00015846292017279186
1628419,False,-0.0016834692149173547,0.004386284350994529,-0.0037566153809114877,1.662840170599902e-05
1628420,True,-0.09130055168108919,-0.056473130808162075,-0.009133563412690338,0.00016387653336272825
1628421,False,8.326672684688674e-17,-5.412337245047638e-16,1.1185496973098451e-15,2.001262197675685e-15
1628422,True,0.02268375028431513,0.015836598325120188,0.00936657516922415,8.998668461725792e-05
1628424,False,-0.0007063692706809066,-0.0045585934666472205,-0.0036662797585506057,2.1523260313182607e-05
1628425,True,-0.07395597293001277,-0.004519368132020252,0.0236097054488843,0.0021057259907932393
1628426,False,-0.012810607587859124,-0.008355213209608525,-0.001876441712371557,3.683395635543301e-05
1628427,True,0.029908975977369856,0.028423954659812845,0.046896822034588614,0.002618035964871256
1628429,False,8.326672684688674e-17,-5.412337245047638e-16,1.1185496973098451e-15,2.001262197675685e-15
1628430,True,4.742449353647982e-05,0.0005568327191189174,-0.00028341489867448125,7.687163575928933e-06
1628432,True,0.09107762907936778,0.05164304588499791,-0.024374522416208855,0.0021394315678208136
1628435,False,0.0038427374272634873,0.002339083345017312,0.0012006400893267433,3.564091291416079e-05
1628436,True,0.003460201690139275,0.010420173930103083,-0.040038188056380264,5.296409926612411e-05
1628439,False,8.326672684688674e-17,-5.412337245047638e-16,1.1185496973098451e-15,2.001262197675685e-15
1628443,True,8.326672684688674e-17,-5.412337245047638e-16,1.1185496973098451e-15,2.001262197675685e-15
1628444,False,8.326672684688674e-17,-5.412337245047638e-16,1.1185496973098451e-15,2.001262197675685e-15
1628449,True,-0.005745061301068111,0.00926314843601972,-0.05220550619182207,0.0001559949572211251
1628450,False,8.326672684688674e-17,-5.412337245047638e-16,1.1185496973098451e-15,2.001262197675685e-15
1628451,False,8.326672684688674e-17,-5.412337245047638e-16,1.1185496973098451e-15,2.001262197675685e-15
1628455,False,0.00471874120479715,0.001192976138313706,0.007431689336748981,1.2608732276077373e-05
1628462,True,8.326672684688674e-17,-5.412337245047638e-16,1.1185496973098451e-15,2.001262197675685e-15
1628463,True,8.326672684688674e-17,-5.412337245047638e-16,1.1185496973098451e-15,2.001262197675685e-15
1628464,True,-0.00517452425175513,0.0035049146528209896,-0.04962692771115529,0.0005185788426773186
1628467,True,-0.02265706018535829,-0.03615310552609163,-0.032865913843123984,0.0008538514001706207
1628469,True,8.326672684688674e-17,-5.412337245047638e-16,1.1185496973098451e-15,2.001262197675685e-15
1628470,True,0.017422072850501014,0.07011879335445315,-0.052420082748982466,6.926673421456969e-05
1628475,False,8.326672684688674e-17,-5.412337245047638e-16,1.1185496973098451e-15,2.001262197675685e-15
1628476,True,-0.017906673456832445,-0.009408329619254141,0.002125030026665531,3.687787905770894e-05
1628492,False,8.326672684688674e-17,-5.412337245047638e-16,1.1185496973098451e-15,2.001262197675685e-15
1628493,False,8.326672684688674e-17,-5.412337245047638e-16,1.1185496973098451e-15,2.001262197675685e-15
1628495,False,8.326672684688674e-17,-5.412337245047638e-16,1.1185496973098451e-15,2.001262197675685e-15
1628499,False,-0.00034911995696014497,-0.00011018885160617164,-0.00011798636607333879,8.706749885392706e-06
1628500,False,8.326672684688674e-17,-5.412337245047638e-16,1.1185496973098451e-15,2.001262197675685e-15
1628502,False,-0.004887697532926616,-0.0019943455573727675,-0.006436271854619591,8.184722362524562e-05
1628503,False,8.326672684688674e-17,-5.412337245047638e-16,1.1185496973098451e-15,2.001262197675685e-15
1628504,False,8.326672684688674e-17,-5.412337245047638e-16,1.1185496973098451e-15,2.001262197675685e-15
1628505,False,8.326672684688674e-17,-5.412337245047638e-16,1.1185496973098451e-15,2.001262197675685e-15
1628506,False,8.326672684688674e-17,-5.412337245047638e-16,1.1185496973098451e-15,2.001262197675685e-15
1628510,False,8.326672684688674e-17,-5.412337245047638e-16,1.1185496973098451e-15,2.001262197675685e-15
1628513,True,-6.80917133361672e-05,-5.061690674159486e-05,-3.785922771946601e-05,2.3710959363376383e-07
1628515,True,8.326672684688674e-17,-5.412337245047638e-16,1.1185496973098451e-15,2.001262197675685e-15
1628518,True,8.326672684688674e-17,-5.412337245047638e-16,1.1185496973098451e-15,2.001262197675685e-15
1628537,False,5.7897935383716126e-05,0.0009003053993978105,-0.00014450871238588792,1.2096227630396871e-05
1628539,True,-0.004087336364949401,-0.0027972084940965924,-0.007182852931158168,0.000216744611060116
1628571,False,8.326672684688674e-17,-5.412337245047638e-16,1.1185496973098451e-15,2.001262197675685e-15
1628578,False,0.002572579204441927,0.0021645871292486213,0.00039500612645036737,3.794910308826062e-06
1628591,False,0.0002646702137892032,-0.0004044120986332195,-0.00033441057441906813,5.8307786853888294e-06
1628605,False,8.326672684688674e-17,-5.412337245047638e-16,1.1185496973098451e-15,2.001262197675685e-15
1628656,False,8.326672684688674e-17,-5.412337245047638e-16,1.1185496973098451e-15,2.001262197675685e-15
1628681,False,8.326672684688674e-17,-5.412337245047638e-16,1.1185496973098451e-15,2.001262197675685e-15
1628769,False,8.326672684688674e-17,-5.412337245047638e-16,1.1185496973098451e-15,2.001262197675685e-15
1628778,False,-0.005396551097787805,-0.0022364075353118462,-0.0032598025752528237,4.602717825040725e-05
1628935,False,8.326672684688674e-17,-5.412337245047638e-16,1.1185496973098451e-15,2.001262197675685e-15
1628959,False,8.326672684688674e-17,-5.412337245047638e-16,1.1185496973098451e-15,2.001262197675685e-15
1628960,True,0.0218367925903864,0.0222779393287873,0.009041687132935294,9.954230708164234e-05
1628961,False,0.0004339363729566337,-0.00034157669673556823,0.0015511954269800676,8.669359589995715e-06
1628962,False,-0.006180634589667111,-0.0006050716054994965,-0.010933565105680998,0.0001993194695237666
1628963,True,-0.006653707543230691,0.0045247438234019555,-0.002182741794948928,8.799065385844164e-05
1628964,True,-0.04637306380247619,-0.04408059405162623,0.04914317527547496,5.718015775215127e-05
1628966,True,-0.0001441904248080661,0.0016534049012749685,-0.01925983539685233,7.088012899510319e-05
1628968,False,0.0007718277948289623,0.0004911784235341124,0.0001575435983983825,3.450907303300418e-06
1628969,True,0.0425448188376758,0.0798093215353024,-0.03655384088602487,0.0001090441203275656
1628970,True,-0.04533353455625444,-0.08895608463657467,-0.00750778657616219,0.00015183797622793108
1628971,True,0.0026926680254595325,0.0012981920856187656,0.01035744971828656,0.000143326663818876
1628972,True,-0.009639861495799318,-0.012857912843624808,-0.01272490560841355,9.852330494060744e-05
1628973,True,0.007961623404821871,-0.01745526544127962,0.02304266599769278,0.00025508838966918044
1628975,True,0.04588168377552315,0.02920840064048935,0.0056920930850687945,3.0842909290075974e-05
1628976,True,-0.09755116482201753,-0.09321222555559627,-0.0009898462418842513,4.7074018199001486e-05
1628977,True,0.259475413477529,0.18517470682426151,-0.032484489899875874,0.0005173048798417704
1628978,True,-0.004197940622046925,-0.022618649322691198,-0.011259843157240379,6.186578869130735e-05
1628979,False,8.326672684688674e-17,-5.412337245047638e-16,1.1185496973098451e-15,2.001262197675685e-15
1628980,True,8.326672684688674e-17,-5.412337245047638e-16,1.1185496973098451e-15,2.001262197675685e-15
1628981,True,0.010072931689766307,0.008540128796325597,-0.02135404835843202,0.00010310571701045947
1628982,True,-0.0014620566144114555,-0.0009654915075887338,-0.0019860778000706514,1.655125555418673e-05
1628983,True,-0.0033612537405129927,0.0037894106415592432,-0.007512023861274031,0.0006487156615465129
1628984,True,-0.04795178031601882,-0.04909033373554894,0.06832933899566973,0.00024397014966590392
1628985,False,-0.005121953363634829,-0.004964030487652288,0.0006759683905543934,1.6078454332929894e-05
1628987,False,-0.0035163448994237623,-0.003427410526917918,0.0002004126703465947,5.989476317857333e-06
1628988,True,-0.06275640543258998,-0.07033956604380398,-0.00844555986321982,0.00014310878293814482
1628989,True,0.021137951254043497,0.014992043031392122,-0.0026866071840836447,7.115932237245527e-05
1628990,True,0.004710867806653751,0.00257110216450418,0.0003496067938567604,0.00011246832071010749
1628991,True,-0.0953242318346712,-0.10228340154994697,-0.03134322869848605,0.0001266234858573295
1628993,True,-0.0006301314820964243,-0.0035641519166491886,0.002178164551018583,3.1129762295777e-05
1628994,False,-0.0007312578425491267,-0.0008533787402527082,-0.00014171055416090095,3.2656552798826056e-05
1628995,True,-0.0036235110835067807,0.0018916302231066773,-0.014008391998208136,0.000100403934864856
1628997,True,0.029487597531789866,0.01452852339382904,0.05134768710738369,0.0006085873859745145
1628998,True,-0.2915694855254344,-0.20416591313977606,-0.016368289722664353,9.080569578225407e-05
1628999,False,8.326672684688674e-17,-5.412337245047638e-16,1.1185496973098451e-15,2.001262197675685e-15
1629001,True,-0.02115802996435523,-0.028149542358144153,-0.0008550591535003704,0.000561135117047115
1629002,True,0.04015113648291457,0.03748333407897664,-0.018410699556143717,5.009709937903818e-05
1629003,True,-0.008188713710514106,-0.01085334832938889,-0.003011586527958743,7.871207881224478e-05
1629004,True,0.02813894518897264,0.021329384297154252,0.01139068672448218,6.141414732703059e-05
1629005,False,8.326672684688674e-17,-5.412337245047638e-16,1.1185496973098451e-15,2.001262197675685e-15
1629006,True,0.024187638257212596,0.013697004909650978,0.03284153532135181,2.7409709147077077e-05
1629007,False,0.0190344016545001,0.013153862153000184,0.005450847680766799,6.146797083903694e-05
1629008,True,0.004378241419037643,0.01104797147701575,0.003423775674355145,0.00017178323018767264
1629010,True,0.002595030275342358,-0.0003888940746241687,0.006058128905626181,0.00017957598404770377
1629011,True,0.058175653578304676,0.08087070649952555,0.011768126281841207,4.460362696534802e-05
1629012,True,-0.2521255438061345,-0.22970121910108254,-0.0003523143151682451,3.946218209308811e-05
1629013,True,-0.00529705977078665,0.004286068500181983,0.008135760341439369,5.600897200689471e-05
1629014,True,-0.06787497641402096,-0.020971077264148263,-0.04974826221019202,6.978155199188182e-05
1629015,False,8.326672684688674e-17,-5.412337245047638e-16,1.1185496973098451e-15,2.001262197675685e-15
1629016,True,8.326672684688674e-17,-5.412337245047638e-16,1.1185496973098451e-15,2.001262197675685e-15
1629017,True,-0.007378816233250651,0.0003725720689772283,-0.0023379272031451848,1.1566192863983965e-05
1629018,True,-0.010595294184803539,-0.010586970556899722,-0.027628489686881252,0.0002708457140477266
1629019,True,8.326672684688674e-17,-5.412337245047638e-16,1.1185496973098451e-15,2.001262197675685e-15
1629020,True,0.02240721643400967,0.030565253173117757,-0.013919682527407495,0.00012499302902924345
1629021,True,-0.06594342301126166,-0.07685544562285318,-0.04500361075385495,8.751781689111489e-05
1629022,True,0.000611896967113168,-0.00604673330417671,-0.006169804818582092,6.55244493037747e-05
1629023,True,-0.035640369580151876,-0.04633836816186529,0.009227024247503851,0.0001266041815408035
1629026,True,-0.008611805554452179,-0.02423809323104642,-0.0016321265541121566,0.0006685450000670821
1629027,True,-0.005040942711981522,-0.00043936293229407397,-0.005974926838607952,7.607490694109269e-05
1629028,True,0.024108443713144023,0.01036828609019036,-0.011754297885460119,0.00021203106993642918
1629029,True,0.014633726168318262,0.02496253250433078,-0.006933444269377809,0.00031894430793393127
1629033,True,0.024306506504248926,0.025824564361592195,0.011265635966420273,0.001631842178267072
1629034,True,-0.0003903371333008887,-0.0014975687187623876,-0.0001744888246011933,1.409744805590478e-05
1629035,True,0.0036799230214004663,0.011814600611789128,-0.013148056159980881,4.581254630310849e-05
1629044,False,8.326672684688674e-17,-5.412337245047638e-16,1.1185496973098451e-15,2.001262197675685e-15
1629045,True,8.326672684688674e-17,-5.412337245047638e-16,1.1185496973098451e-15,2.001262197675685e-15
1629048,True,-0.10587873467825792,-0.07717265816408503,-0.049203118334530505,7.612464751176353e-05
1629052,True,-0.11041902636064482,-0.11231648334913613,-0.0012415531460790302,8.393660609262677e-05
1629053,False,8.326672684688674e-17,-5.412337245047638e-16,1.1185496973098451e-15,2.001262197675685e-15
1629055,False,8.326672684688674e-17,-5.412337245047638e-16,1.1185496973098451e-15,2.001262197675685e-15
1629056,True,-0.048388790319049246,-0.08542859105565637,0.06701195774104823,2.805515290238886e-05
1629057,True,0.1914958925325525,0.12672395150251337,0.02080870096475529,0.0002727208872673342
1629058,False,-0.0018673844340660328,-0.0022692626507384572,0.004261245263666835,1.8972691898920516e-05
1629059,True,0.00041101518425418204,0.00029124311462672137,0.000381195097739569,9.24472111409823e-07
1629060,True,0.00831966340629009,0.0111619248268644,-0.019089493549789616,0.0001241636535681437
1629061,False,8.326672684688674e-17,-5.412337245047638e-16,1.1185496973098451e-15,2.001262197675685e-15
1629065,True,8.326672684688674e-17,-5.412337245047638e-16,1.1185496973098451e-15,2.001262197675685e-15
1629066,True,0.0959149887971622,0.12022810606530193,-0.16826649737541152,0.00017174460689442473
1629067,True,0.06814398157856016,0.0658403511391944,0.016481669723957426,0.003745528373907536
1629076,True,-0.010413136089973296,0.0018583552274606951,-0.0020783630217673377,0.00010611312592324272
1629083,False,0.0005086652700675431,-4.810407958533158e-05,-8.459473583263821e-05,5.873878636197073e-06
1629091,False,-0.0002453466726973219,-0.000518710449703752,0.00047591624719908743,1.467617758178514e-05
1629093,False,8.326672684688674e-17,-5.412337245047638e-16,1.1185496973098451e-15,2.001262197675685e-15
1629094,False,8.326672684688674e-17,-5.412337245047638e-16,1.1185496973098451e-15,2.001262197675685e-15
1629098,False,0.012603465928759827,0.012719851048952457,-0.0019255627074324932,2.4660255396897866e-05
1629102,True,8.326672684688674e-17,-5.412337245047638e-16,1.1185496973098451e-15,2.001262197675685e-15
1629103,True,0.0222479228342517,0.015313367019723634,0.007367622883621666,0.00013184357972418308
1629109,True,-0.02845654890994831,-0.009392509476404576,-0.003488276397045298,0.00014642147330497465
1629111,True,-0.030195529508189045,-0.019250867353971968,0.01786373049509704,0.00011968128506570625
1629116,False,8.326672684688674e-17,-5.412337245047638e-16,1.1185496973098451e-15,2.001262197675685e-15
1629117,True,-0.016928013939871978,-0.019834444357229364,0.025704447350083592,0.0009330872011910681
1629118,False,8.326672684688674e-17,-5.412337245047638e-16,1.1185496973098451e-15,2.001262197675685e-15
1629121,True,-0.0005415783222871284,-0.0010418951824202605,0.00027405039964017996,5.288474036764164e-06
1629122,False,8.326672684688674e-17,-5.412337245047638e-16,1.1185496973098451e-15,2.001262197675685e-15
1629123,False,8.326672684688674e-17,-5.412337245047638e-16,1.1185496973098451e-15,2.001262197675685e-15
1629126,True,-0.006318105321552581,-0.006233266978017571,0.0005030653975349186,1.6479728797581924e-05
1629130,True,0.04346629278751646,0.035411366691407764,-0.03813267421122024,0.00022819946460532223
1629133,False,8.326672684688674e-17,-5.412337245047638e-16,1.1185496973098451e-15,2.001262197675685e-15
1629134,True,-0.00750140883188255,-0.005517568265784867,0.011373590154859725,0.00016006755236121675
1629139,True,-0.005463454927471745,-0.008468579150895106,-0.012547747034583057,6.148684151059629e-05
1629140,True,-0.0019536049408093586,-0.0020059275335024135,0.002345067072348883,1.5802234564598927e-05
1629147,True,8.326672684688674e-17,-5.412337245047638e-16,1.1185496973098451e-15,2.001262197675685e-15
1629150,False,0.00220396760548347,0.0014533069924964614,0.0014896603034619815,1.5489727369154054e-05
1629151,True,8.326672684688674e-17,-5.412337245047638e-16,1.1185496973098451e-15,2.001262197675685e-15
1629152,False,8.326672684688674e-17,-5.412337245047638e-16,1.1185496973098451e-15,2.001262197675685e-15
1629155,True,8.326672684688674e-17,-5.412337245047638e-16,1.1185496973098451e-15,2.001262197675685e-15
1629162,True,-0.017435992375781195,-0.00013116985030059425,0.015090004909000698,6.10778995436435e-05
1629164,False,-0.015198178695496445,-0.015991660073406244,0.018954873416932916,0.00017391670317147768
1629168,False,0.001502012209141701,0.0003597733051408647,-0.0005219174119098086,1.77654945968301e-05
1629185,True,0.2085744886716686,0.18680818758475504,-0.03789401589261959,0.001645498055758572
1629203,False,-0.0015222108730164052,-0.0014732672185143736,0.0007006812533272844,4.7296298612355745e-06
1629216,True,0.022135642926952137,-0.004481030357045945,0.05853487665931434,0.0005894436668593334
1629232,False,0.0005961478717318308,0.001520202757594083,0.00040044454333064416,6.8345133301707485e-06
1629234,True,0.011623208589449874,0.02852913118420508,0.006195831486363268,0.000108611004512957
1629244,True,-0.00023642765363568463,0.001040195791482068,-0.00030457032041764087,6.8661338486809215e-06
1629308,True,0.03147394077382115,0.02280719336650394,0.12522088531824804,0.0034737680102344824
1629309,False,-0.005241406311884106,-0.0037557349780026617,0.00047909572035653714,6.034695702430678e-06
1629312,True,-0.1272418010287666,-0.09768302916116944,0.02649949745566227,0.00033343355948887326
1629346,True,0.0031868505535139757,0.0005624283053995427,3.907135746750168e-05,4.213605997550176e-05
1629353,True,8.326672684688674e-17,-5.412337245047638e-16,1.1185496973098451e-15,2.001262197675685e-15
1629541,True,8.326672684688674e-17,-5.412337245047638e-16,1.1185496973098451e-15,2.001262197675685e-15
1629597,False,0.0009199553198123711,0.000994080028037081,7.138785041933479e-05,7.873070856738258e-06
1629598,True,0.0001467489876010586,-4.3969594859749606e-05,0.00029156941745173137,3.785933553124885e-06
1629599,True,0.011747122543050548,0.015051853389261183,-0.026590371047777506,6.568582735109405e-05
1629600,False,-7.533414492161272e-05,-7.15092872007328e-05,-0.00021826371873540085,4.430477470521093e-06
1629602,False,8.864218857390638e-05,-2.8014139520499137e-05,9.570717620156766e-05,2.226991949649938e-06
1629603,True,0.14151252778250578,0.13042494892001866,0.0006064658933042644,7.426161712565386e-05
1629604,False,0.004183911209034719,-0.006813165581801339,0.012837404091961213,9.10657745465012e-05
1629605,True,-0.023518309722911357,-0.022803916784929545,0.1436355301042591,0.0018379442234129507
1629606,False,-0.004519246922164932,-0.004522918455575564,-0.0009610552812254203,1.345025895627303e-05
1629607,True,-0.0006768586016099865,0.0015447733768700345,0.002881239377603706,0.00013333963829571292
1629608,False,0.00013778067622539913,0.000551387868703096,-0.00018730328554525388,6.609769077091037e-06
1629610,False,0.048840783531123755,-0.0007822351671720185,-0.010391900843835344,0.00012528103513859357
1629611,True,0.0024572726974687598,0.0023743535539744176,-0.015380639244317967,5.069864933290208e-05
1629614,False,-0.0140384506892266,-0.005470003677862767,0.003046858341547498,0.00012150226625989407
1629617,False,-0.003182232700502663,-0.008002678039242817,0.012265871396700323,6.54376519539303e-05
1629618,False,-0.006276627707142879,3.577573170154835e-05,0.005248352000281731,0.0002781224297024484
1629619,False,-0.0007758076616868337,-0.0011931831053180186,0.0008450106146847824,1.1258013783559222e-05
1629620,True,0.5232795027377761,0.17315895223913813,-0.007476819256296174,4.4551257506021336e-05
1629621,False,0.0007444316549968522,0.0006293934189705169,-0.0001454249780936806,3.3839704862453147e-06
1629622,True,0.014017302263434561,-0.014789959990925694,0.023602273187018574,0.00023614641960601076
1629623,False,0.0063075491115305304,0.003842682123114116,0.001076093608563422,7.97694363126152e-05
1629625,False,-0.0003732078078753087,0.00047557325717612065,-0.0003865980170080219,1.32265884522569e-05
1629626,True,0.02125759169847985,0.019041103360555978,-0.07935106661841074,0.0008859308678537149
1629627,True,-0.009671064084612713,0.01124877912123079,-0.025018100951196054,0.00043940108192107416
1629628,True,-0.05439073777199743,-0.025145886607660817,-0.002767322342124068,7.542147871247776e-05
1629629,True,-0.0050382253590139925,-0.0047704993434609655,0.014781555596983686,9.903420429259997e-05
1629630,True,0.1311846695494827,0.10836045072207323,-0.0005716145526624139,0.000897235263365127
1629631,True,-0.0038543030762943076,-0.005054433179806361,0.005558080885195493,6.691744283908335e-05
1629632,True,0.03547888774071373,0.03482664314429895,-0.003435659902742305,0.00011179581362653088
1629633,True,-0.00026647259145340385,0.0006530060638518798,-0.011264758107577544,9.656813420002952e-05
1629634,True,-0.06092891154734614,-0.09320653894364472,-0.011466974126097984,0.0006774490722297947
1629635,True,0.005541880042878811,0.02505978286664723,-0.012912445368225889,0.00012550523166061285
1629636,True,-0.000809378128900029,0.000951702400540988,-0.005223722883298976,0.0005772396625817054
1629637,True,0.06447598397270204,0.008842477668913329,0.03706207299214259,0.0010045483460185715
1629638,True,0.0005188626670455943,0.00699193008232557,-0.030494094231572344,0.00021666355068480445
1629639,True,0.019287056355062226,0.004657606824438276,-0.0253496278320281,0.0004923244446060716
1629640,True,-0.008832775916590374,-0.00597717409448717,9.056367176940583e-05,6.190805834853913e-05
1629641,True,-0.09975413825512769,-0.10081656168410569,0.1699405450837015,0.0009114401036172663
1629642,True,0.03562794613652853,0.012576272379283049,0.02080401885907568,4.8685394346524536e-05
1629643,True,-0.06496072519834728,-0.05636268220490592,-0.050007712475228505,0.00016273689144193578
1629644,False,-0.014619279013798558,-0.008451890507335968,-0.0023142825391717636,0.00013385788549292573
1629645,True,0.009206995190451206,0.006692272451004566,-0.017693788278669853,0.00015030537375002983
1629646,False,-0.0030643464309161317,-0.0004995832733363237,-0.009146901180480338,6.279839881559024e-05
1629647,True,0.02249788214174897,0.028518844810735633,0.0068497442464861,0.00013152740327199847
1629648,True,-0.00706190957110997,-0.0033972180663746077,0.004832802765324884,3.660108174191513e-05
1629649,True,-0.012213513427026923,-0.005720457252021305,0.0005103688546435059,7.98791329884792e-05
1629650,False,0.015195443015721732,0.01244541223807083,-0.00592957146460682,8.973244010236882e-05
1629651,True,-0.016502408807005153,-0.005907167210384312,0.000810052534122141,0.00013831142969973707
1629652,True,-0.028900650875996803,-0.018629281843622003,0.006626058877387209,0.0007312267432934724
1629653,False,0.00018109755549744477,-0.001253545327509098,0.0031931227677259866,6.714843370938911e-05
1629655,True,-0.008242142753310588,-0.000277778712147736,-0.002380980047375747,0.00019025393415727292
1629656,True,0.08341239760884545,0.08678565927639148,-0.019851085168942295,8.933994841942265e-05
1629657,False,-0.002846441577727399,-0.0014677192187499966,0.0002235158876933152,0.0001103065642961071
1629658,False,-0.01820452359538116,-0.010689513004484397,0.0020513999277085304,7.450474377159283e-05
1629659,False,-0.006101440361969912,-0.001873421508012174,0.0006338184113685585,3.522187868807564e-05
1629660,True,-0.014024997860130117,-0.010875408247076113,0.009620721849409097,4.77139608612846e-05
1629661,True,-0.0029177532814630425,0.009367953223458514,0.010996273796251899,0.00010852433906390944
1629662,True,0.002766036838482089,0.0013648150899430167,0.003936566496114402,4.0976061361833057e-05
1629663,False,-0.007866608350500709,-0.008646144607058232,0.009477229937687515,5.2075841681532046e-05
1629665,True,0.0012354769929003306,0.001000158361756126,0.00012832293065342948,1.36536832421616e-06
1629667,True,-0.02854607756774838,0.025167196442371448,-0.014130824790988795,0.00011705416497388715
1629668,False,8.326672684688674e-17,-5.412337245047638e-16,1.1185496973098451e-15,2.001262197675685e-15
1629669,True,0.02008329694703659,0.03836827940951648,-0.07643561600504098,6.159266527459749e-05
1629670,False,0.001272225227393342,0.00932900192405084,0.0005022834867856041,5.951179066241654e-05
1629671,True,-0.04898885268825107,-0.08499076718575516,0.12931414928476856,5.16035961665861e-05
1629672,True,0.0004950777384576943,-0.0011229312538362235,-0.010839975316252248,0.00023663586535912023
1629673,True,-0.01709005320028867,-0.03185904221968361,-0.0012241095296121607,0.0005295993602480092
1629674,False,-0.01012159024630055,-0.0023827491391106292,-0.015612333663495903,4.827428999977134e-05
1629675,True,0.05879818707844375,0.05576723686583751,0.009505369370107708,0.00023318456256375624
1629676,False,-0.01714218685469926,-0.005659678216947572,-0.0022382242602907443,5.774690947672926e-05
1629677,False,0.013692679852597589,0.016281018000773084,-0.006696555021306505,0.00015968068804606884
1629678,True,0.08196468883011576,0.08217897437871402,-0.03636812868495021,0.00025047474982604293
1629680,True,-0.01998701612983833,-0.016257012459101494,0.0007742811568762775,5.004058329710364e-05
1629681,False,0.006903672318650078,0.006367573017481143,0.0068060357974424335,0.0004186657648153216
1629682,False,-0.003752109795161662,-0.0006558261084981809,-0.007904109802839315,2.2309009868824907e-05
1629683,False,-0.004165795884976231,-0.004199478722340444,-0.007582972721180026,0.00029354640306905746
1629684,True,-0.028819647130095577,-0.09255164154409354,0.004660270713872344,0.00014180813265513156
1629685,False,0.01431443810154942,0.007440619058939557,0.014589265986647781,0.00015835200499752922
1629686,False,-0.008518928874820642,-0.0014154252063072192,0.0028933026751722934,2.8412138229809938e-05
1629690,True,0.00024428803097986673,0.00020741797169687715,0.0006233037946036038,5.955746321806092e-06
1629712,False,-0.0009172388183364966,-0.0002871826132273547,0.006072787807897662,3.2222326894045115e-05
1629713,False,-0.002742974106325402,-0.0019853509164196037,-0.0011435062716610433,0.00012141476160897496
1629714,True,0.07595281213926339,0.04509118112165003,0.04135975696579808,5.7892654427675564e-05
1629716,False,-0.02486048506962235,-0.03614063022990971,0.004152056638119156,2.5963150755006343e-05
1629717,False,0.006394204362861644,0.013797273513383446,-0.029116364055326804,0.00013196987450665162
1629718,True,-0.009060371986596594,-0.008082119744939331,-0.00253186007759143,3.3560448344260274e-05
1629719,False,0.002145761133819035,0.00036142854417509085,-0.000464121658784844,5.94488347336304e-05
1629723,True,0.011021184839407505,0.008375235898636646,0.00017045194453113588,0.0006722507933687724
1629724,False,-0.0025065418413715013,-0.0015489342655461008,-0.0020589936965445255,7.267032890811873e-06
1629725,False,-0.002231594139960269,-0.0028354950818505475,0.0033243736818203695,1.2474827099902678e-05
1629726,True,-0.01176050977385118,-0.01637393438162671,0.011794720307111706,7.039098828712901e-05
1629729,False,2.614462122640937e-05,-0.0001250530976188713,-0.0002732260365275463,3.4566773985868963e-06
1629730,True,-0.023086217580291835,-0.02538731902816349,-0.11679969004034478,0.0012246044813704808
1629731,False,-0.0004470945951038363,-0.0022592297883794465,0.018017738670008,0.00010809118557128371
1629734,False,-0.00010389508686509119,-8.372376082579902e-05,-6.452154408187645e-05,1.5224649303159665e-06
1629735,True,0.0011600383326080266,0.0005758592668730911,0.0015990918722035286,9.943837504290655e-05
1629738,True,0.0006515142561391851,0.0010125782003679307,-0.00043176861456117877,1.9143915415067522e-05
1629739,False,8.326672684688674e-17,-5.412337245047638e-16,1.1185496973098451e-15,2.001262197675685e-15
1629740,True,0.007448692731517381,-0.0061914871359474155,0.0841173399990561,0.0018374249403828793
1629741,False,0.000401126738290597,0.0007376014529617836,-0.0002541603235746148,3.470210019740024e-06
1629742,True,8.326672684688674e-17,-5.412337245047638e-16,1.1185496973098451e-15,2.001262197675685e-15
1629743,True,-0.006203337188983471,-0.006034775010954174,0.0027104204289130074,3.605898793556595e-05
1629744,True,-0.003071093570706146,-0.004375942316435871,-0.005604069396517142,9.654202493413139e-05
1629745,True,8.326672684688674e-17,-5.412337245047638e-16,1.1185496973098451e-15,2.001262197675685e-15
1629750,True,0.016993522372625858,0.012078728206818878,-0.009862615612852288,8.313098415024811e-05
1629751,False,-0.0002507950144893245,0.00022089578431344625,0.0005953344684373474,3.336922843923123e-05
1629752,True,0.0007456407000148157,0.002582690768097473,-0.005543794468813035,1.805807760299524e-05
1629755,False,0.008253911091169241,0.003939679368727411,0.0009644978121237102,3.217223120675978e-05
1629760,True,8.326672684688674e-17,-5.412337245047638e-16,1.1185496973098451e-15,2.001262197675685e-15
1629783,False,0.0009137786961560257,0.0010418699961013966,0.00012117334312319872,1.3089309571049469e-05
1629833,False,-0.0023919506293417214,-0.003659207374597351,0.005217347876919298,7.002457431059617e-05
1629873,False,-0.003731880231544138,-0.0018046371176416443,0.00024112134356479853,6.002508278470031e-06
1629875,False,0.006760226604796193,0.0021719783053429365,-0.007221526206656115,6.228083512608997e-05
1629958,False,0.00011929812460155509,0.00011714132439674674,3.82713251272232e-05,1.460156626962613e-06
1629962,False,-0.0024360727500250257,3.0187267540948692e-06,-0.0008990320758896775,4.3335860549665114e-05
1630162,True,-0.06445350922669091,-0.04743626004420909,-0.009049313537678572,0.0001039282468656521
1630163,True,0.15929354804649876,0.17550278820105625,0.0161920554692081,0.00017840622663695566
1630164,False,-0.013179979609647674,0.008604881472036752,-0.03061492750905881,4.929651882043198e-05
1630165,True,-0.04080908480540235,-0.08092455376386609,0.047433910317620676,5.464238468279162e-05
1630166,True,0.13070503360824048,0.11673257617050581,-0.02447546958765301,8.816406150795653e-05
1630167,True,0.01026984684269916,0.012425955698517122,-0.013330487923476131,5.834321148292818e-05
1630168,False,-0.0044894757224756,0.00229909343624346,-0.009282457595082505,0.00013999679754239818
1630169,False,0.010543028271094101,0.015162905990355746,-0.0047022588834297885,6.496768749754369e-05
1630170,False,0.010231645508309128,0.010125214191943677,0.0005289029367014919,3.417341090720787e-05
1630171,True,0.0260372052565776,0.027023156861760045,-0.020296159839854333,0.00036128790385409125
1630172,True,-0.012522636023546418,0.012856925987224876,-0.015042946095667808,7.145715165832075e-05
1630173,False,-0.014527806787247854,0.011119879291112245,-0.002993561351488261,8.845045117861146e-05
1630174,True,-0.032763300238871196,-0.027880760540039518,0.03539935733788546,0.0004045072512699101
1630175,True,0.11024835632824259,0.09010990273970965,0.013796827859260619,8.81301608205427e-05
1630176,True,0.02566596206304428,0.034644148712488165,-0.04569357816742059,3.124413819366467e-05
1630177,True,0.010524489901901246,-0.010393026068330258,-0.0016700373088029963,8.266823074831466e-05
1630178,False,0.02530632986480974,0.015747611017250307,-0.015775518123123167,3.82476663094844e-05
1630179,True,-0.02080447018747289,-0.03334618372233811,0.04740200061029021,4.970516799813998e-05
1630180,True,0.030687221423383204,0.015997881244067202,-0.0071272313250450026,3.991141218704936e-05
1630181,True,0.09655790173352852,0.1068686449906533,-0.015423750294325522,0.00034876856530634335
1630182,True,-0.042899686396913106,-0.02539359252411305,0.0017887134846424346,0.0002740530473827004
1630183,True,-0.033324233091777955,-0.016874039454145506,-0.013185673903110984,5.969794382074764e-05
1630184,True,-0.12902549882732628,-0.14853822174691866,0.04643934203567057,0.0005515090648647892
1630185,False,0.011358122410010774,0.004967561832289746,-0.006137848899453235,4.3225109517361055e-05
1630186,False,0.003495978216382589,0.0003024543532650914,0.009014841674936713,2.599761516745008e-05
1630187,False,0.00019549862392076456,-0.0019654342389633372,0.005451296203964728,2.0140982839793512e-05
1630188,False,-0.002782408846884188,-0.013154072298925179,-0.0012314400181825391,4.9297826399791445e-05
1630189,False,0.0022476615685276813,0.0030940192976529057,-0.0002502619250960292,2.5792816482315006e-05
1630190,False,-0.0021158228521556133,-0.0030966540753945004,0.004241412991963234,5.9711444142512324e-05
1630191,True,-0.0479729227158896,-0.002386614994612124,-0.020665235482162148,7.401901376493674e-05
1630192,True,-0.0054038177871884585,-0.0031993089156134857,-0.02421190645305682,0.0003756218968970446
1630193,True,-0.03478786761845498,-0.053111426273671825,0.00784214080525203,0.00013322198202548753
1630194,False,0.0020386883526297694,0.006503648615079349,0.009813414112581409,6.178006175105541e-05
1630195,False,-0.01256837035915781,-0.010340564966349386,0.00015673430531815136,4.34281710321772e-05
1630196,False,-0.002485993480771026,-0.0035958882216321486,-0.0004907425042963987,8.001343200956805e-06
1630197,False,-0.029591196674044973,-0.0253074492492944,0.0075626852060257654,0.00011854067534792758
1630198,True,0.027498900898030865,0.04084519109425466,-0.003619409945761376,0.00029741179653188795
1630199,False,-0.013145478394075205,0.004756260417510871,-0.004150419974488995,3.91710986014055e-05
1630200,False,0.012353997398809824,0.008874009446200537,-0.00353835025208582,3.800154134310202e-05
1630201,True,0.08616435890605256,0.048798466186458,0.14859579636871834,0.00018020295418560197
1630202,True,0.014567159912657335,0.029888479234219112,0.03039090768769004,7.228823489508047e-05
1630203,False,0.00037217580262290106,-0.0001593238886353765,0.00034329094544785065,8.453491572205584e-06
1630204,False,-0.002851096951693055,-0.006768551008645041,0.011302069456105901,4.247894758022955e-05
1630205,True,0.00530766636435942,0.028588193892479907,-0.03317556509372438,5.5091815746347036e-05
1630206,False,0.010816288032406418,0.008445852255249742,-0.0016833877193035973,5.3438682945885424e-05
1630207,False,0.0024979542137941735,0.00452358851935053,-0.002697546931439976,2.8966249001390904e-05
1630208,True,0.027753708050753723,0.00042070081370848555,0.006080927424187532,7.434699277738855e-05
1630209,True,0.010273212562949219,0.015506937438086399,0.010552136601923445,0.00014931480852561698
1630210,False,-0.007256303014309018,-0.01215990988909399,0.020822122918718294,0.00010545376552659065
1630211,False,-0.002452681640231935,-0.0013878403703767028,0.0005607034986184756,1.8530265024651852e-05
1630214,True,0.015800746032322177,0.004441912305155338,-0.048625795565245766,0.0010240634884481137
1630215,False,-0.01723953756732355,-0.01077981088779989,0.004041584181246005,5.734594947436607e-05
1630216,False,-0.0032952288471814195,-0.0033499155239276046,-5.717494327217576e-05,8.604907158198313e-05
1630217,True,0.018816587596043544,0.04358150682785089,-0.026218469185300908,0.0004682142339511389
1630218,False,-0.002451780290866623,-0.0016749435689653591,0.0019029431683385,1.4087093558887892e-05
1630219,False,0.005047310412520378,0.007267393076399564,-0.009851032351181566,6.295728601738401e-05
1630221,False,-0.0022549048415696493,-0.0011784355725350526,-0.0011219335292689259,7.009586499365386e-05
1630222,True,0.11453982052180323,0.1473547832432477,-0.1670668975207803,0.00011802610018277531
1630223,False,-0.0011567485690038293,0.00018211271243562255,-0.005420460878036937,3.084691985370683e-05
1630224,True,0.026500636764066332,0.029473443246329722,-0.014119295695242506,0.00041901413856642173
1630225,False,0.0035573264613429356,0.002587754329116787,0.0018818452197714164,8.517621501540118e-06
1630227,False,-0.007582896328277494,-0.00587080727728842,-0.005414758443358675,0.00011139712679404879
1630228,True,-0.005643234008770426,0.025071202988747654,0.007520592557659717,0.001132767329288215
1630230,True,-0.004142179858553918,-0.02558799659380262,-0.02176952982654875,3.423825251710607e-05
1630231,False,0.007301327537869273,0.005244200892720929,-0.006669879714733096,8.42180460264772e-05
1630233,True,0.1605813451710027,0.1526407098325004,0.037399804726677366,2.7574132231645542e-05
1630234,False,0.0005607917010518604,0.00033548827813544013,0.0019567401426453523,1.380296731188097e-05
1630235,False,0.007033888589558224,0.006253653846127527,-0.010326010728697543,7.343316840271018e-05
1630237,True,0.19688841215282604,0.006403089836335418,0.05970873265881993,6.50996852582171e-05
1630238,False,0.002630071692987457,0.0013706374911774954,0.0013615054168034657,1.9630045323244347e-05
1630240,True,0.1461841349886135,0.03764849016760152,-0.07428957427895391,0.00026932738735670783
1630241,False,-0.011344740275249343,-0.016578263242613467,0.004099005012090817,0.00014582948308698184
1630243,False,0.0879526791872145,0.07046323028627732,0.0011683377452630928,4.5667472087323106e-05
1630245,True,-0.045767474783198425,-0.00941672491848522,0.002442559217202378,4.890611208244829e-05
1630249,False,-0.004617740428313588,0.00037943379716498526,-0.003509419296473637,2.512744756959713e-05
1630250,False,0.0035207952829344746,0.002634439906525232,0.003469669720014168,7.399322296828593e-05
1630253,False,9.65468683555848e-06,0.0011000075588800673,0.0013483827330137421,6.390444577886729e-05
1630256,True,-0.0891433548392443,-0.06673116850895,0.041135165609459734,0.00018194947618289424
1630257,False,0.0008615333209129189,-9.578833990277202e-05,0.0009253726975327128,2.722440694698129e-06
1630259,False,-0.0020357912071196083,-0.0021327216208386623,-0.0004545939836843038,2.2532468874561725e-05
1630264,False,-0.0008042856016397537,-0.0028754582848457555,0.0051456053739945,7.14883062163994e-05
1630266,False,3.157220221167156e-05,0.00011352266791481158,-9.088136329105101e-05,4.745461331815288e-06
1630267,True,0.05575063876482922,-0.005268219971461097,-0.12263847897531388,0.004424976434231799
1630268,False,0.00029901604119797476,-0.00014417569816127518,-0.0002332573821870465,1.0574697327935054e-05
1630270,False,-0.006839019677972069,-0.008207115739262472,-0.007507698985103728,3.283770255061718e-05
1630271,False,0.017026831839427436,0.012295976218276494,0.004256635779182227,3.4298786016460296e-05
1630273,False,-0.014332280558586596,-0.009303223283000372,-0.01389395261512269,3.003777649555509e-05
1630283,False,-0.003750696665191011,-0.007309520263674152,-0.004419293744007291,7.070013328761472e-05
1630284,True,-0.16937417036748625,-0.16806122546623392,-0.09693526209223946,0.002386585393811394
1630285,False,0.015327768513976991,0.012565313011333679,0.002960364778891389,1.9950266347899096e-05
1630286,False,-0.0009322041486501398,-0.003425828974544576,6.743631793693083e-05,1.8572763269265474e-05
1630288,False,-0.004677008097517366,-0.0008775951377173463,-0.008348086567624424,6.975636119956504e-05
1630296,False,-0.0013745413748095237,0.008859387925668871,-0.0034960410537701048,3.4184848096299816e-05
1630306,False,0.0004452983582276804,0.0005375925611732224,6.668203838824938e-05,1.0565947612889575e-05
1630311,False,-0.00741285966480254,-0.013607434303143484,0.003201982366971834,0.00019658565027574394
1630314,False,-0.006562403485879997,0.007653273705833907,0.004056696929786274,0.0001163604920274081
1630322,True,-0.11355140373139516,-0.08385304950428796,-0.06173773562833107,0.000813095531108757
1630346,False,-0.016277750816261483,-0.008616060366745115,0.0036113039397884794,9.890519582683031e-05
1630466,False,-0.004124053260759708,-0.005319999955849974,0.0016906167327579436,6.0059919034722316e-05
1630525,False,-0.00019291020547183846,-0.00015022215554751084,-0.00016588636874798664,3.835621077907804e-06
1630526,True,0.009491139887259692,0.010238106650305667,-0.01039753707769897,8.267621648479924e-05
1630527,True,-0.051569722225992765,-0.04371406668117639,0.06252975275230788,0.00010196648195993475
1630528,False,0.023716747964388496,0.013072472484609854,-0.014679084907139206,0.00011501568901707481
1630529,True,0.0026594464049267685,-0.011794222775220575,-0.0019299269596082524,0.00019038842039596386
1630530,True,0.003763866697707119,-0.005157481217862303,-0.0038953176808764756,0.00010882048374667583
1630531,False,-0.016272658640714255,-0.012007399080513625,0.0008041458969265669,5.7726402987483826e-05
1630532,True,0.018033696008892264,0.0418623898330992,-0.015446524801945749,0.0002731801034307718
1630533,False,0.005164886032090976,0.011653244970286192,0.0030769320913670573,0.0003526970374287587
1630534,True,-0.07360326931232308,-0.08436508959970601,-0.002362404309220356,0.00010343382078258293
1630535,False,0.0001990063211865234,-0.003003865174191933,0.011719369947934322,0.00010344680897617644
1630536,False,0.014093789027267878,0.012571925333963452,-7.88307835203339e-05,4.3821994117507836e-05
1630537,True,0.05109553210528528,0.05337770706312428,0.001979644753843157,7.287319028882713e-05
1630538,True,0.0085558649014158,0.007969218727348681,-0.03673615394008012,0.0011385411685777382
1630539,True,-0.007345138027754716,0.04786335059926561,0.12797281088104828,0.00015652290185714019
1630540,True,0.01839150433991099,-0.018947879104063148,0.021687089496069234,0.00011092531807804537
1630541,True,0.022211138337360437,0.026041339010976383,0.0053580118179124,0.00012623061715690044
1630542,False,-0.013024498392912864,-0.006052550443294447,0.0008433853989466833,3.003645532477713e-05
1630543,False,0.04624918743777262,0.034517599382106745,-0.011881454075494347,6.418682793596172e-05
1630544,True,0.20174559631633038,0.17379889701307105,-0.0020385439447228038,7.455131666516298e-05
1630545,False,-0.018526738448934044,-0.015283758543452208,0.004904107742967234,0.00011055941279816648
1630547,True,0.08795950562979271,0.096945084795795,-0.005069368812262165,6.30820686917861e-05
1630548,False,-0.014542707374662012,-0.010211608589492993,-0.009473299794312773,7.049697148811399e-05
1630549,False,-0.007890143213148626,-0.012731084226266898,0.0018984840991085328,0.000141406093981762
1630550,True,0.03507593315958446,0.08649858621709838,-0.07049237354195603,0.00020420776469442072
1630551,False,-0.00017118851069675145,0.0061057344258463875,-0.003776631489792459,4.3708333165154714e-05
1630552,False,-0.005223169685382167,-0.0005326839889443491,-0.0011007426933393738,0.00012211377782813448
1630553,True,0.008497883521246585,0.008308316272104044,-0.017299163169084864,9.742877047542847e-05
1630554,False,0.008954646945915634,0.005432937338264665,-0.008911873399357395,3.8165058705131154e-05
1630555,False,0.0002550194112536236,0.00030794096562590523,0.0005582044485275411,5.965945364222672e-06
1630556,True,0.017271985010205437,0.010531945994369796,-0.005302180493972575,9.579715025452074e-05
1630557,False,-0.005682987894612079,-0.0017108733129846954,0.002922032607876268,7.729401796802577e-05
1630558,True,0.026069435588321532,0.029980201737781265,0.02628375801299665,0.00011556190674469616
1630559,False,-0.004189236305914612,-0.00012167918066108285,-0.0035908433677942497,0.00013323744154725
1630560,True,0.05198570195892649,0.039295866673978,-0.030329229590749684,5.175378235319803e-05
1630561,False,-0.026356801144553965,-0.020647870698545345,0.003956651375080833,1.7969068263064255e-05
1630562,False,0.0018835623051847161,0.002348670189878943,-0.0043524655363796905,1.9695350635313895e-05
1630563,False,-0.009102319106129242,-0.008253054907008561,-0.00300864509208032,0.00016157791949316378
1630564,False,-0.00832587937243906,-0.008334004015536745,-0.004467093387680643,3.9864866477787554e-05
1630565,False,0.00037901533941905874,-0.00039180513983749776,0.0008885727416651223,6.47187843833525e-06
1630567,True,0.03483642245156027,0.015990495113149983,-0.001983343788753089,0.0002864329541348906
1630568,True,-0.012096325588948353,-0.03453859603124254,0.0008613664016619005,6.114590135672919e-05
1630570,False,0.010148951987841603,0.002128640840808882,0.007966019051410034,4.3380885585000956e-05
1630572,True,-0.04899462392907106,-0.04685398116693262,-0.011476346021842332,0.0001128376514221544
1630573,True,-0.03762145960110708,-0.05685338200148493,-0.046528108221533415,6.381845535241936e-05
1630574,False,-0.0026265913480321146,0.010726731215779495,-0.0061695219538919766,8.549604634506007e-05
1630575,False,-6.932600098394359e-05,-0.0008264002848044766,-0.00046007540441343753,3.0988682284506347e-06
1630577,False,0.014874728024805162,0.012702167262702346,0.00268132387784048,2.403433815571629e-05
1630578,True,-0.030609995477772323,-0.014456677842451526,-0.015067795246983096,0.0001677948316015508
1630579,True,0.03275782581576525,0.02464440573312654,0.0051559884861343,3.0540062980246705e-05
1630580,False,0.0006105242053774385,0.00017353699074962314,-0.0021749972356594136,0.00013132640391614272
1630581,True,-0.020705726489799403,-0.016725090733370473,-0.026273313447785773,0.00030085946557630044
1630582,False,0.002048950908688063,0.0006944257417937916,0.0007495284799136082,1.5605370377972436e-05
1630583,True,-0.019344084147371987,-0.02292180346433903,0.035291090135992326,0.00043169268100847407
1630585,False,0.00316150539503135,0.0035868958038212106,0.0030437698486689424,3.74516842954349e-05
1630586,False,0.0015931648167155643,0.0004301730533780024,-0.006696572879665075,7.00717548655804e-05
1630587,True,0.05032954845774407,0.07442986936311302,0.030188188668423876,5.7736223830142976e-05
1630589,False,-0.0006649318062462717,-0.0006820354411183893,-0.0009958071695573834,4.91724142554035e-05
1630590,True,-0.01762836615644342,-0.014851814532282293,0.0016270526396905682,0.0001776609183415245
1630591,True,0.05654746552867396,0.02106210372406725,-0.01129962732684664,0.00016254442193003223
1630592,False,-0.0019032442909359126,-0.0022903448022368877,-0.00731665646278723,3.0327175604638506e-05
1630593,False,-0.015407681672698459,-0.015623990523748077,-0.008384399944702636,0.00019857182136350082
1630595,True,0.07152659818438778,0.033842421246742305,-0.006968863960563176,5.6948962546405114e-05
1630596,True,0.0055949170806885995,0.021659151212116035,-0.017783209310029857,0.00016393008097120073
1630598,True,-0.017244935168290287,-0.030928694204338192,-0.022393313350688948,3.332570881754865e-05
1630600,False,-0.003995563912845057,-0.004135148542460332,-0.0013177230931509243,6.535617355987143e-05
1630602,False,0.0009158506196804139,0.002116508837127218,-0.0015360108189352017,1.3012091533306407e-05
1630604,False,0.005870949477432941,0.007390892295323859,-0.004131783076339435,3.331597952756911e-05
1630605,False,-9.330305362426072e-05,-0.00041447489180418406,0.00071784916363829,1.4361129729236109e-05
1630606,False,0.0026762615920119526,-0.0029584763359258304,0.002410938508952132,4.109376646390725e-05
1630610,False,0.030535227916843155,0.029698323264394144,-0.0034386625582580876,7.064088179069493e-05
1630611,False,-0.017998703552595252,-0.014709652431955433,-0.007758879244552208,8.229166960593693e-05
1630612,False,-0.001162751904110526,-0.0003747185875356829,-0.0012052791220471537,1.8795701743252895e-05
1630613,True,0.051644169556034236,0.11464297538759605,0.20354629185259882,0.00010399751721486294
1630618,False,0.004211625542576036,0.003688684068087089,0.00013897130382323208,1.702183999010615e-05
1630619,False,-0.014544494734952673,-0.005796226619373401,-0.005354223941106184,0.00015489804984022761
1630620,False,-0.00020368492702144136,0.0007972813499136366,-0.00284911849746039,1.5276403798767048e-05
1630621,False,0.00236475362983235,0.000903148788174768,0.001822115070585717,2.8359640304888776e-05
1630622,False,0.00042964289025315683,-9.882073581479744e-05,0.0001254246173840734,8.855046776700659e-06
1630623,False,0.0068600728885792606,0.002613004339644398,0.0005724673837450567,3.94767300443515e-05
1630624,False,0.0015646907288580092,0.0013375079029488979,0.00040139985309911586,7.991301405252941e-06
1630625,True,-0.006236624790328937,0.001017720596553584,-0.0559710337139776,5.4419071487387037e-05
1630631,True,-0.03759923923768094,-0.024776806214324765,0.02942062892471453,7.029990981476388e-05
1630637,True,-0.09676256755448698,-0.10096797137702784,-0.07224081691636325,0.0036312714106873575
1630639,True,0.05283743528821283,0.06200046416644556,0.0072390932729691215,0.00010724272746879598
1630640,False,0.00031359585677685764,0.0009302670788361167,-1.3530994160487753e-05,3.1014963307307123e-06
1630641,False,0.028645266618709364,0.02327649619185923,0.00010173264465951348,3.57944405986091e-05
1630643,True,0.16993772765488346,0.15507041982842695,-0.004180375665105873,4.509443540205539e-05
1630644,False,0.003873521575611605,-0.0016441861052367557,0.004332472582124769,7.427910968725014e-05
1630647,True,-0.0037601576193235786,-0.018107028570174766,-0.1500056150359157,0.00045741602952063923
1630648,False,0.0013624106762992194,0.000560482119620509,0.00283155575933125,1.1248285195059622e-05
1630649,False,-0.001022292880007214,0.0024103763858822624,-0.0022358312588930396,3.140635245946257e-05
1630658,False,-0.026464405634543553,-0.02224761294843791,-0.003014666819677325,8.337676762429424e-05
1630678,True,-0.1060146934235,-0.11277131362901738,-0.01309883568690573,9.617872442718093e-05
1630679,False,-0.042541527200008034,-0.03159607602329917,0.005690895336876167,6.615121035995435e-05
1630686,False,-0.009825563075174237,-0.005114523285925543,-0.00037588019162093644,3.328273882372138e-05
1630688,False,0.010459263316812795,-0.004266680698175929,-0.0006523648376117741,0.00024472631768036684
1630691,False,-0.007885875091183492,0.0030520089267812855,0.0010600263338444993,2.4038675002675546e-05
1630692,False,-0.012973470529904718,-0.011795764320728486,0.0053359356150459725,5.231452453548547e-05
1630695,True,0.16296902438089272,0.11971381336483278,-0.011966193245921741,6.467101994392817e-05
1630696,False,-0.023716277361258697,-0.024250561203547516,0.011831685461733077,8.279392141345177e-05
1630698,False,-0.0032608371567495187,-0.003173863692897294,0.005151285891879076,4.61671159083741e-05
1630699,False,0.016535446659473596,0.016782861367404367,0.005181491263229865,4.079783473254343e-05
1630700,True,0.04680726064610141,0.03028665846881662,0.0181744026586923,0.0001382070521661389
1630702,False,0.00013665506401783212,0.0028451461348966145,-0.0035021501247194387,0.00015865772445942933
1630703,False,-0.03763941862193798,-0.010806428755650632,-0.0038904487554516365,4.830521801978162e-05
1630758,False,0.0030199442181331193,0.0005245019541239015,0.0003831520177131065,1.7489136701508587e-05
1630762,False,-4.127522525587679e-05,0.003142419108415506,-0.0024359008917493874,1.4184128208751809e-05
1630787,False,0.0016557730887425959,0.0005638506021969913,0.0010982071878894994,1.0685842391054358e-05
1630792,False,0.0021538147052055368,0.001439914429899547,-0.00021961545597859455,3.081072085710413e-05
1630811,False,0.008154743205036397,0.005084249136822816,-0.009349261403968523,5.071044107979834e-05
1630828,False,0.004086816440265428,0.002935517507822616,0.0019929863299638084,1.0389205518523515e-05
1630846,False,0.007273727501963978,0.005029902968760824,0.007748998601909252,7.714819191951237e-05
1630929,False,7.736780544442823e-05,-4.6719836783726265e-05,-0.0013799681361383875,1.2420926017359984e-05
1630994,False,-0.0005887934674597695,-0.0027321238890687383,0.0006784212899888509,1.6921801366288994e-05
1631093,True,-0.011271940660222857,-0.013721837624449673,0.024937212848443968,4.945413809087082e-05
1631094,True,0.062137110570887666,0.06840873429845518,0.004708822617791569,7.811590630246101e-05
1631095,False,-0.006330780448933537,-0.017160485873304543,-0.006211250712118366,9.27212904939714e-05
1631096,False,0.01971985456376224,-0.0031377513209012164,-0.01299040374257654,0.0003128073115585492
1631097,False,-0.008095842576743173,-0.005924328958785863,0.010592990845179798,5.728049516253446e-05
1631098,False,-0.0019696955320260834,-0.0030241055288606766,0.004241834896205443,4.877598543783255e-05
1631099,True,-0.023136187640262706,-0.020568596912401427,-0.0017253545577089469,4.725584962058154e-05
1631100,False,0.009376164485930927,0.005310090646823695,0.009116000143522762,3.1546188696473356e-05
1631101,True,-0.08052658301740401,-0.09244419633946666,0.02696569200949206,0.00011492313717893404
1631102,False,0.010119637429552686,0.007647399239944397,0.0036168299607029497,6.525224552804002e-05
1631103,False,0.007991551696974408,0.006102923643892311,0.001834330326821565,7.252726735368099e-05
1631104,False,-0.001591265832491473,0.004372618484643098,-0.008434354858962045,8.235415119544541e-05
1631105,True,-0.018752736403162218,0.011909801472610337,0.005402788623160459,7.32403151343623e-05
1631106,False,0.001645780355421067,-0.006990560412523772,-0.0024837006920712668,0.00014617186271641332
1631107,False,-0.03065940378149118,-0.02893083157304191,-0.0015835237882474706,3.667037534941295e-05
1631108,False,0.008594356343775367,0.012449889374984036,-0.011036621911943323,0.00013965958890341316
1631109,True,0.029745952492253425,0.009328606377957627,0.0019195883483456022,0.00027561149932816377
1631110,False,-0.002117014434866782,0.004216811518586994,-0.00575409911243252,8.920051192054412e-05
1631111,False,0.012458108024373304,-0.005239351809621651,-0.0006898586586756572,2.831963809068056e-05
1631112,False,0.009242437373935042,0.007821410022751829,0.0014213212188856073,2.0504685058568153e-05
1631113,False,-0.005454173996871425,-0.0051045226005257405,-0.0006743027686667569,0.00013929828877791542
1631114,True,0.038418061638275436,0.06080895227029193,0.03617523019296254,0.0008888837819429936
1631115,True,-0.10541776237197231,-0.07685821712007224,-0.00979080892205042,0.0008556196618850352
1631116,True,0.0037791106187441414,0.00580813260896873,0.048584633942673094,3.699778081907371e-05
1631117,False,0.06478480433265688,0.06778133861947078,-0.018321864669376797,5.019191273742083e-05
1631119,True,0.026524167606548854,0.03569756717141348,-0.0018218950358011021,0.00012292063441117113
1631120,False,0.03504517225299697,0.03371989839909384,0.006905121739494202,0.00018228540328425914
1631121,False,0.0019317924919413088,-0.011102211107128612,-0.00898218564193809,3.715114068593709e-05
1631123,False,-0.01636832738634375,-0.00938544712775169,-0.007972664628498327,0.00010122476574684204
1631124,False,0.00797748261620912,0.007415884658314553,-0.002460271674081138,0.00010330159750596576
1631126,False,-0.1053841133320792,-0.06593959160830565,-0.02105848795007681,7.872833742104317e-05
1631127,False,-0.005350252231008934,-0.005094877227751038,-0.0032719237660430167,1.6447216585897136e-05
1631128,False,0.03531887303676107,0.014058284116157727,-0.000552146110339935,0.0002524308849714219
1631131,False,-0.015306235100382093,-0.008941143975738974,-0.0026738270588220203,9.30847793120077e-05
1631132,False,-0.014681395304547706,0.0008228849835794083,-0.02890482768772107,0.00012748855909282982
1631133,True,-0.016876611102419337,-0.005923233912040082,0.02191954544850394,3.928754134130016e-05
1631157,False,-0.006295446325207177,0.00014813129987323315,-0.009579958645849956,3.203876565225523e-05
1631159,False,0.05703191793566198,0.05750809406949964,0.007419556364926638,9.809134358114417e-05
1631160,False,0.006406949627456526,0.003721845256418721,0.0014955398990230129,9.044566911436405e-05
1631165,False,0.0005372874891715895,0.010016451545220129,-0.005078687527273917,5.460794772590663e-05
1631166,False,0.000447412934212299,-0.0004022787110454229,0.0006491677214824354,7.647625697718278e-05
1631167,False,0.0007364339147593046,0.0009957426169600603,0.0005848607230552472,2.7164031478620792e-06
1631169,False,0.003524190836393326,0.0009383292661613585,0.0007382279369813616,4.850209718345258e-05
1631170,True,0.06400374853071145,0.08114677994143249,-0.002642110157933253,0.00011589961136345599
1631172,True,-0.05207423919819787,-0.03888771331581031,-0.03487539357945746,5.750957652656434e-05
1631173,False,0.0030946276442240794,0.0018119110173078212,1.3853378950032247e-05,1.110515199094907e-05
1631174,False,0.01049437672564002,0.010901435639262047,-0.0030438161274277675,4.013340749460296e-05
1631197,False,-0.019487960805836924,-0.019822035705757912,-0.02096930735735114,9.407811866028244e-05
1631199,False,-0.01781621750052942,-0.006943303148489344,-0.003964392345146228,7.852720435282027e-05
1631200,True,0.031581165655545584,0.01430023417279136,-0.0040746386217507535,5.2647919670235724e-05
1631204,False,0.013323124158888755,0.0040336577409684216,0.0004234759703020119,4.4950525447241295e-05
1631205,False,-0.001099952091201839,-0.0016999001311468476,-0.011176563784029536,4.506539399509797e-05
1631207,True,0.0021527469020764523,-0.00464543464187317,-0.0004333303005339406,7.410304311193792e-05
1631209,False,0.061507779164812426,0.016732165833494683,-0.0033075158949132932,5.110906854703716e-05
1631210,False,-0.01652202857197005,-0.011153779543573217,-0.0017574810182068301,1.8207109298132235e-05
1631211,False,-0.0005745894274329921,0.0007025679518054551,-0.0003634143853919469,2.757427960756767e-05
1631212,False,0.002702859306701333,-0.0021958915493176523,-0.004211476357113719,9.804066728440825e-05
1631213,False,-0.01147258546497043,-0.005185820599397095,-4.9293577556897006e-05,8.4593223928156e-05
1631214,False,0.008827719762909858,0.010716709600421481,0.0032274554235360853,2.6839321738084235e-05
1631216,True,-0.09112718882031468,-0.11235929400401323,-0.03181382078197892,9.75639295274042e-05
1631217,True,-0.20072986821150174,-0.10691596142509319,-0.011978130329953984,0.00010573877780864392
1631218,False,0.011313856313673654,0.01504024194227993,0.0005556793797478754,0.0002364804212189044
1631219,False,0.006444223240182456,0.004802065278290413,-0.0020359532103564337,1.766422633562368e-05
1631220,False,0.0009666155367198115,0.0050659278135300745,0.0010124949469559608,2.198505738719187e-05
1631221,False,-0.0017464123971313583,-0.004328138699278838,0.009325077829680062,3.307054897033038e-05
1631222,True,-0.0890419218885381,-0.07971283790587291,0.00998841218217647,0.0001668909935305637
1631223,True,0.0011207612382464482,-0.003952197551135406,0.04479429786091993,0.0003158244929129525
1631230,False,-0.010396952967606232,-0.004096514003836926,0.0020194673499973614,3.9481890412198573e-05
1631232,False,-0.005376382899250132,-0.004780480400985887,-0.010960188024821349,7.655438809002415e-05
1631241,False,0.02292924212534997,0.020841713544960117,0.00018490401208759444,4.409769030654587e-05
1631243,False,0.01107029258700587,0.018620675074076276,-0.006673125808331237,6.889436581755791e-05
1631245,False,-0.03733625352755454,-0.027719421672746325,0.0010809152657191845,3.491678916464242e-05
1631246,False,0.013058955554005713,0.023179238956384296,-0.0012816935235047122,0.00020690471696510447
1631247,False,-0.0006501311186184466,-0.0038162050467906994,0.007051138767683263,3.218400951862255e-05
1631248,False,-0.00513776493178808,-0.0005943428948718132,0.0018548596424538266,2.9375410366541806e-05
1631250,False,0.006394047971597372,0.010290329941547105,0.0010082780037323769,3.589006054494683e-05
1631254,False,-0.003605506291869287,-0.003878981616404542,-0.010179624430245227,9.300384657998384e-05
1631255,False,0.004311278284235609,0.009735653082805884,-0.008959448185123176,7.137695487423558e-05
1631257,False,0.0023012076876258725,0.003569435815165445,-0.0022387292396396363,3.414404129161615e-05
1631260,False,-0.002389116101719324,-0.007916168423030001,0.010515068764167523,2.890165825469991e-05
1631262,False,-0.013912995422322938,-0.010761467751635667,0.004509792707134697,4.035385626579714e-05
1631288,True,0.035232088191740396,0.04785152815308391,0.06171160126471098,0.00019992173533771673
1631298,False,0.00822569517803795,0.007086795396087142,0.003827334160692475,4.615634654079308e-05
1631301,False,0.04759624727825473,0.023045674996308607,0.001785714000202443,2.4670235442487703e-05
1631303,False,-0.01657033305505462,-0.013071602141844219,0.003502672742523763,3.705203876856289e-05
1631306,True,0.06224005723611814,0.07745730505538306,-0.01000121842454016,8.478206695922702e-05
1631309,False,0.0011699092815434242,0.002204141029592488,-0.0034578017618266954,1.5011151518257416e-05
1631311,False,-0.014924641333603939,-0.012059321692392988,-0.011757362056687232,7.914665965015685e-05
1631320,False,-0.0009244157501509531,-0.0009995147898038126,0.0001936450291207814,5.82064571536384e-06
1631321,True,0.14438612826217812,0.1440292753274275,-0.02008819104823978,7.036043903166737e-05
1631323,False,0.004885992866644706,0.0037715168565448653,-0.007752959941617732,0.00010042134667828297
1631338,False,0.016836489151169864,0.013468196493406026,0.0008263418469987016,3.900616523492068e-05
1631342,False,-0.02940753701252863,-0.017605029263211946,-0.009715344688436822,4.154975956402432e-05
1631351,False,0.013369718105021633,0.014695974382215926,-0.002552243433438406,4.923021770273545e-05
1631367,False,0.025367612271012696,0.022516387675044935,-0.009947302024219784,0.00014084718327266364
1631376,False,-0.00012288069621782527,-3.224580628619078e-05,-0.00010877549188303276,1.4169895914700012e-06
1631386,False,-0.00865753749484302,-0.007086695361229939,-0.00035828867625098404,9.840049995566627e-06
1631451,False,-0.026099668250392227,-0.02474230046671977,0.0014059089826066185,2.0967687074333975e-05
1631457,False,-0.0041546849145857045,0.003094038662537546,-0.003572312992741189,3.406716010936654e-05
1631466,False,0.024424794251776127,0.018047415154936353,-0.005848139409497133,5.783567656016586e-05
1631495,False,-0.00015221461384798407,-0.0002611398111687091,-0.000122264684396578,7.610770514801397e-06
1641645,False,-0.0063009566735037215,-0.007483991205879836,-0.00017262689854602442,3.446991292735994e-05
1641705,False,-0.005516872753448254,-0.002513333016713304,-0.006723383251529214,6.428619819458072e-05
1641706,True,0.03976688146682639,0.08086236371115918,-0.009161216117531179,8.028838175528143e-05
1641707,False,0.016478902207955226,0.018184277385596914,-0.0015900829046002762,3.377275419520932e-05
1641708,True,0.05974137923790801,0.06692937609068395,-0.008572299298731156,0.0004006150360237543
1641709,False,-0.018822045390429754,-0.016688284874846193,0.006923531890611123,0.00010068687735111104
1641710,True,0.1911323777647168,0.21350476166728116,0.019580388776139573,6.331111496399108e-05
1641711,True,-0.038985370088393756,-0.047121038789555536,-0.008880422086128936,5.5742511479786784e-05
1641712,False,-0.05689398729242612,-0.04405444594697272,-0.0021563912045898803,3.576029758195966e-05
1641713,False,0.005135456920026593,0.010226843989021517,0.0005204870710636827,3.6913069331791804e-05
1641715,True,-0.06471331657835311,-0.053301426766025894,-0.014596928119761543,8.981978596346264e-05
1641716,False,-0.025005990184805427,-0.021058420603350392,-0.001065116819002121,3.938212966214639e-05
1641717,False,0.01931678457161845,-0.00066197192285955,-0.006526417971149653,0.00020059754636512695
1641718,False,0.011448079507580644,0.010608315540337365,0.0027517750568764043,3.923622019866115e-05
1641720,False,0.008755352075199674,0.009278152432788123,0.000906514114089596,8.178466972061474e-05
1641721,False,-0.005420263790280266,0.002649236491235385,-0.009392660030091982,3.9900807193884915e-05
1641722,False,-0.013278697730594757,-0.0010549058944131495,-0.007874603266375235,7.75867324495928e-05
1641723,False,0.009518033711664486,0.01879142191754557,0.003838138021535542,6.990953123044764e-05
1641724,True,-0.2769240226647476,-0.21357588201576583,0.005406141186964142,6.19746674278613e-05
1641725,False,-0.012004887524709629,-0.01523041370299727,0.00039836789996527955,0.00010896043590343311
1641726,False,0.00013782149965635426,0.006398431631554402,-0.0009105428785165515,0.0001628327482746945
1641727,False,0.014226901278057369,0.01607381733014268,0.0012166199401972833,2.5008983497433164e-05
1641729,False,0.001027079440822476,0.0022334177273708455,0.004806526498497332,6.297511496641616e-05
1641730,False,0.0014826353022002747,-0.005746088148992912,-0.004766438811987683,4.2693489401665636e-05
1641731,False,0.012083776380715339,0.018996336820652937,-0.003935643702901226,0.0001451468396091495
1641732,False,-0.009892081329688107,-0.012822212760112306,0.007899293589210266,7.46131306856582e-05
1641733,True,0.10742928468417912,0.11022910495688709,-0.005413596958197431,0.00011578093568701275
1641734,False,-0.0019874785914657522,0.0007896388572801172,0.0051517677832064734,4.4313321916053446e-05
1641735,False,-0.012652770440310768,-0.013014536410290378,0.0006318262134718533,1.4972549989961685e-05
1641736,False,0.0009826380683863878,0.00635389293542965,0.0029954829321600096,3.442072441561404e-05
1641737,False,-0.010575872296745059,-0.019607674572438727,0.0017055295416481542,7.368025877726031e-05
1641738,False,-0.03200729643588396,-0.028830147675916074,0.0038043912539436064,9.018478886439276e-05
1641739,True,-0.05246787551621068,-0.07513213865590229,0.03360823000588109,2.78450760139768e-05
1641740,False,-0.02880521597741037,-0.021407764928697448,-0.002256195949828177,0.00010539087820193526
1641741,False,0.0030660288458769225,0.0050215456902278355,-0.0035485298067981785,6.789210412310991e-05
1641744,True,0.03924720445334362,0.022843383848592858,0.005965304506430513,0.00024292778836954292
1641745,False,0.006203910191905582,0.010588272375000596,8.511936951283161e-05,6.755931791734495e-05
1641747,False,0.00670347794905668,0.011595736304380155,-0.002589854595076546,0.00011920985626577273
1641748,False,-0.020661051244825757,-0.02261471552357497,0.0034476381347103846,3.144724941570077e-05
1641749,False,-0.0027439041068095804,-0.004150126998426318,0.006035684551932263,6.449038947776378e-05
1641750,True,0.5670366459682217,0.6174433127900176,-0.011336335984945656,7.195564752718894e-05
1641752,False,0.0015813869325884689,0.00245947922587586,0.0032639067695741097,5.172732542891948e-05
1641753,False,-0.003358916609145002,-0.002261768539617126,-0.00621527362357277,6.31470432779196e-05
1641754,False,0.003451182555900878,0.003544271953390077,0.0003651086255034852,2.233653222500201e-05
1641755,False,0.003114958755691344,0.010089590194052533,-0.011796463199833962,5.056778173874806e-05
1641757,False,0.0018637775026837389,-0.0016627623075740061,-0.011878199914526544,6.168337091878955e-05
1641761,False,0.0009469022701803359,0.002028044490889988,-0.0009715214436810948,2.4492250157483733e-05
1641763,False,-0.016947969270591612,-0.01652347686023048,-0.004102164155901589,8.130600531454866e-05
1641764,False,0.004141902015183163,0.012672902317406365,0.0004828232978653091,0.0004961114950773919
1641765,False,-0.02981633229122682,-0.0329408762484773,0.0010229241556629631,3.870942577603724e-05
1641766,False,-0.007811973627227298,-0.0037139428487746873,0.0029280776319609014,2.017517989726074e-05
1641767,False,-0.022262791655151215,-0.013634482965361183,0.00674859139153039,3.852416021615494e-05
1641771,False,-0.00018407625050032017,-0.004111841801642591,-0.0026752398752454276,5.013865618582724e-05
1641772,False,0.021311720166415693,0.022345476329419967,0.0027765728582100913,0.00010464151007901024
1641774,False,-0.015079994336403502,-0.012572245747400679,0.0009710065082040309,8.475898422922947e-05
1641775,False,0.0006345680035828583,0.0006423734966665151,-0.00603833959787381,5.930096696943755e-05
1641778,False,-0.01121401805412714,-0.013032798466654727,0.0009741718634426189,4.1833232960588677e-05
1641779,False,0.0012801430610217546,0.00020876907201422545,0.0013527795672962223,0.00011398786396223893
1641780,False,-0.007625669230130416,-0.005977384637112504,-0.00900093461504925,4.123805411235167e-05
1641783,True,-0.1188007926699648,-0.11426607453977855,0.005659783592544709,8.990675767161477e-05
1641787,False,-0.0295042671540946,-0.019336639889581786,-0.010709186485296174,8.491708152912697e-05
1641788,False,-0.009244256095684467,-0.007940381363934268,5.885692437823664e-05,2.182508800611204e-05
1641789,False,-0.000667171125630972,0.001265536036107795,0.003708906155646119,7.719127865161209e-05
1641790,False,0.08798398933390095,0.06818575699850493,-0.0028895937485864387,6.732958738498057e-05
1641793,False,-0.0007300553533962084,-0.00047689347281254513,-4.012448736490093e-05,2.0918157217927633e-05
1641794,False,0.0025092834334639047,0.0009709263148559577,0.0069758707809304266,5.522530733030769e-05
1641796,False,-0.02148413533313498,-0.01017499576028058,-0.0006330862443722383,6.560850682923518e-05
1641798,False,0.011203943476180811,0.007956591937991142,0.004532723912913816,4.46797423800822e-05
1641801,False,-0.0011704174541238288,0.0014366178944180685,-0.0022551273630941893,4.551086485551166e-05
1641803,False,-0.0014572075480546731,-0.002173955813820294,0.000279479774372704,9.301787809534882e-06
1641806,False,-0.00021454426952105532,-0.00017588194898587872,-0.0001410788359484938,8.76118278800988e-06
1641807,False,0.0069839554944231,0.00562658719732223,-0.0006537933643926408,1.557752320290152e-05
1641809,False,0.03615876323468514,0.027323705220136052,0.004313605903436768,3.391180075497612e-05
1641810,False,0.007667545817671595,-0.0023585641551355785,-0.016139631150884126,2.610410231476698e-05
1641813,False,-0.013336972988839513,-0.010232430466650122,-0.0038356258539389287,1.517266527721315e-05
1641815,False,-0.00416635166282342,-0.0027349321587791797,-0.0014886182923583569,1.903256747204619e-05
1641816,False,-0.005408494273275721,0.0014272370353141106,6.53162659345341e-05,0.0001288420916442515
1641817,False,0.0070252490628339714,0.005386617073402489,-0.00047044779863103514,1.3244716823077952e-05
1641824,False,0.030522465406403576,0.017936152427189267,0.010593168984137091,0.00013668502586918372
1641842,False,-0.007925736516105841,-0.00888081671917651,0.0013793996844220224,0.00010941512511810291
1641847,False,-0.0005225898248601979,-0.00044648468746144587,-0.0002719086016302885,8.503034191363546e-06
1641851,False,0.0064947414025655625,0.007352582706146027,-0.0024317143239240835,2.9564525962766453e-05
1641854,False,-0.005063725603784985,-0.007833660845519175,0.003250281687000478,0.00012160749609159845
1641857,False,0.0023745768112863885,0.0014864879972962264,0.001516352015438427,1.156785525201077e-05
1641869,False,0.01535127729507435,0.012635895859783197,0.000469299818486979,2.0961666819370803e-05
1641871,True,0.16307578309401177,0.137236573236801,0.01138431802698936,5.776259424612527e-05
1641877,False,-0.007253491128628831,-0.02335397039381437,0.01163592487327536,8.635418362679169e-05
1641878,False,0.04825832903328875,0.021822493425272427,0.0027253860637377336,3.9991300364853985e-05
1641879,False,-0.0018593649304606275,-0.00017659471833597618,0.00010162256270074277,2.7461979473545328e-05
1641890,False,-0.008075982360478129,-0.004603312330262677,-0.0031178730638158347,0.00010549192089027084
1641926,False,0.0007284821460605828,0.0026047534395669536,-0.00154590713045627,1.536357852010786e-05
1641931,False,0.011531334057290898,0.004851171913171193,-0.001860378133205387,3.23690226450978e-05
1641936,False,-0.010659105077831299,-0.005910077792145252,0.0038686538695351658,2.1980515949414374e-05
1641970,False,0.01931633517894582,0.01588317005110329,0.004198811270303304,3.1331487056514364e-05
1641989,False,0.0005095418229359439,0.0005493478578273425,-0.004061684607816751,5.5549821869848036e-05
1641998,False,0.022585149975587804,0.020589451531029646,-0.0152221604993934,0.00010441306077109213
1642013,False,0.011685285038477544,0.012655771404524896,0.0002271270433196193,2.2901977482584566e-05
1642024,False,0.007724985020669539,0.008439212321603051,0.003097701042189982,5.3169655722812676e-05
1642050,False,-0.007740338259885293,-0.0038545924081436755,-0.0006623252280262282,3.863645328786654e-05
1642066,False,-0.012646948561676918,-0.00350050990014239,-0.00700749999911876,9.440583319528133e-05
1642258,False,-0.01330619861169735,-0.012113820643729234,-0.013791050635852287,9.193458891434117e-05
1642259,False,-0.015103319517342229,-0.008318654987665486,-0.005975105838143646,0.0001569066785355343
1642260,False,0.00786023515791312,0.010749713244665227,0.002750759756398269,0.00022568632644801378
1642261,False,-0.026733123860151586,-0.018960051864621352,-0.004956149850722014,0.0001803415470962516
1642262,False,0.005962445035519792,0.006069377450725,-0.004533926699660462,4.575198505477948e-05
1642263,False,0.012634612944803059,0.004461543508328614,-0.0001117668371139191,0.0002494450014333563
1642264,False,0.0043255083165107955,0.008101304902654594,0.0019281639630426284,2.573375530984775e-05
1642265,False,0.011649212391256825,0.014163101068831008,-0.003833075093299776,6.18144953351304e-05
1642266,True,0.01445544880521954,-0.006626797806457141,-0.002650178056963881,6.496874659110978e-05
1642267,False,0.012913789524177766,0.011272135698280117,-0.006091715852039492,6.321065558565309e-05
1642268,False,0.006227924717471467,0.006606787946668469,0.0005084964375630108,6.830554417200943e-05
1642269,False,-0.013190507188304945,-0.007915716675026996,0.0017638504097625685,6.15107628526734e-05
1642270,True,0.12335954400492932,0.084060548603337,0.020762835662399226,8.762204521419073e-05
1642271,False,-0.005122512731532414,0.0007325967417064483,-0.011268668957503891,7.54144148988222e-05
1642272,False,-0.02021685472685908,-0.014894244738745899,-0.005199730210734166,7.78408131990181e-05
1642273,False,0.014839929517481365,0.014922356393252567,-0.004731244001925011,0.00010475908611245105
1642274,False,0.001200011211855756,0.011686998493265266,-0.015003360489872497,0.0001219039045214426
1642275,True,0.013859581160402534,0.0864774502781227,-0.0010610114370366297,7.632865548173229e-05
1642276,False,-0.014407399755011596,-0.01460671016070414,-0.006050179747469464,0.00016089325440466772
1642277,False,-0.023658123263697428,-0.015113577346379303,0.0014130787337152118,4.3536831246596544e-05
1642278,False,-0.03510356182467467,-0.025217974645034058,0.0063335072201611275,8.131260021178703e-05
1642279,False,-0.0010620800575757428,-0.0011661378392185395,-0.0011845411807457351,1.4614856450052228e-05
1642280,False,0.0017632173758845848,0.00020913570655500813,-0.0027618476839259554,5.2783596161576186e-05
1642281,False,0.0041662462998386385,-0.00010059906938675311,0.002553294035287923,0.00019739533952246296
1642282,False,-0.00013341636742358887,-0.0011451778693238879,-0.003716086516670103,2.3057627856449428e-05
1642285,False,-0.02225539290858425,-0.016938908840246736,-0.010666507099502898,0.00013414210936059335
1642345,False,0.02463485558406653,0.00896131922852561,-0.0017427680054691308,6.560359193142723e-05
1642346,False,0.009868176827787956,0.011464583053611754,0.0016136631238699017,6.605272805444336e-05
1642347,True,0.1480554747047056,0.1431549784072481,0.00839818548396698,0.0001180278327691814
1642348,False,-0.01077339591604165,-0.008401708606786684,0.0007091760771329447,4.66860349878112e-05
1642349,False,0.0259584298331621,0.022482264098218074,0.0032443214710635715,0.00010595224343144761
1642352,False,-0.008630991315976111,-0.016445071682960943,-0.003570409233972782,5.0368127545198134e-05
1642353,False,-0.012953035809359914,-0.006138229044964305,-0.00325553715148974,2.686042887570155e-05
1642354,True,-0.1126829914819023,-0.04800313947143575,0.002183157453360618,8.824874312103735e-05
1642355,False,0.013647903826638164,0.014078921253216414,0.0042232125785730545,0.00013709080794160186
1642357,False,0.006180951389666234,0.006175649970822761,0.0013769161379544315,3.5391360448987925e-05
1642358,False,-0.0025604154236729126,0.0009424138188223186,0.00042366486718692364,8.392222938133322e-05
1642359,False,0.019995021688738568,0.017185704720319883,0.004007180685435152,1.8854957650686655e-05
1642362,False,-0.0020253252501782892,0.001373576202209792,0.0009441490984301026,8.519613695528529e-05
1642363,False,0.001890430269239296,-0.003505740974971694,-0.011915583546038944,5.522286664527335e-05
1642364,False,-0.0048389813637470525,-0.0050599429361586346,-0.0043218908609903295,5.9419106995039525e-05
1642366,False,0.031138400229833163,0.035537864803922625,0.006540888680315549,0.000429064308195222
1642367,False,-0.020494650817060034,-0.010213256720566832,-0.007903981520001047,2.179211165880347e-05
1642368,False,0.013161462440861582,0.013844733152612365,-0.000781200487411704,8.063075382253355e-05
1642377,True,0.1933139418814409,0.19329494876083753,-0.004300595824794473,0.00013437058929620447
1642380,False,-0.004073054053408853,-0.0019734866264649042,-0.004192423093477338,4.329707343492375e-05
1642382,False,-0.0060869239108996,-0.005787634541708275,0.00419752765211534,5.505435546561423e-05
1642383,False,-0.016713325690297598,-0.01865171529044929,0.009212392838831907,7.342472205596619e-05
1642384,False,0.005878626289553157,0.009622509679801716,0.0034053150636982887,7.047018937377943e-05
1642385,False,0.0012438711486076892,0.0012309768978305824,0.0002195039560370926,4.728391776644056e-06
1642389,False,0.0017771613025054922,0.0033902375685850306,0.0006370043156118665,4.0300762409707704e-05
1642396,False,-0.00793472034301157,-0.005730979824273952,-0.008734148065304481,7.849295032590149e-05
1642399,False,-0.001169864664507303,2.6201548200432967e-05,3.92718439278239e-05,1.1116172011012955e-05
1642400,False,0.004323136732631738,0.0012784125207119246,-0.0029963454067898354,2.0138089807693484e-05
1642402,False,0.0077522252764472555,0.01170083687198975,-0.0038222346487208902,3.322711922375372e-05
1642403,False,-0.009963968330741313,0.00019598332485326608,-0.010678319819858118,6.613195920265313e-05
1642404,False,-0.0005151390580213633,0.005304218391343096,-0.004579470917788431,4.153334940999844e-05
1642419,False,-0.035068495101432395,-0.020829782387385865,0.0034664775301658235,6.440222757958313e-05
1642422,False,0.003703078448045183,0.004575511761601092,-0.0016769058900094613,3.2327749339342215e-05
1642434,False,-0.004428829182221872,-0.004672492687063823,-0.0021757543415956704,1.922131113951196e-05
1642439,False,-0.0008447092029844061,-0.00033018355469538463,-0.001449115718803906,1.8988689575537105e-05
1642443,False,0.0010201789233097447,0.004512380745457234,-0.0013486727867492165,1.2792229016245755e-05
1642449,False,0.009362030806761013,0.013758775201871742,0.003934252622044415,7.794644283303939e-05
1642450,False,0.016680189445746674,0.002039646428177111,0.001449982820452167,6.930447471218837e-05
1642461,False,0.016454696428842563,0.009855875476619369,0.0016021551644549437,8.068886032916637e-05
1642468,False,-0.0008706636225871422,-0.0003613851468760032,1.1289766306488147e-05,1.68682481914209e-05
1642484,False,-0.006666608390393236,-0.008223038261075954,0.0022998084307960243,2.638130647144929e-05
1642490,False,0.00021322154196790066,-0.0018428276724744563,-0.002225388374700099,7.84431981828524e-05
1642502,False,-0.0036195508743697147,-0.003999085327373031,-0.002833090958711537,0.0001660466919133407
1642504,False,0.02471074008315588,0.029024041796677835,-0.008971034269361189,2.410754920282619e-05
1642505,False,0.0009288394650559528,0.004081830032645506,-0.0012353219393228532,6.366864947044817e-05
1642530,False,-0.01447514842750719,-0.013208674505481355,0.003155028265495463,6.006923735304689e-05
1642843,False,0.023966598846288822,0.031004383932340618,0.006904359439581731,5.739467448329936e-05
1642844,False,0.008755965734960292,0.0035437382064955614,0.012720800019060619,3.3437522518714906e-05
1642845,False,0.010838329631220445,0.007631618852604216,0.005232211498022776,7.95015842461049e-05
1642846,False,0.012336028387088582,0.005289080878541075,0.014423870780263304,2.931578900815154e-05
1642847,False,0.0025999984016487065,0.006581650390145688,0.008425418580827904,0.00012631154525392121
1642848,False,-0.002604913787227936,-0.0011177197010097117,-0.0036717555002145907,8.503104519467135e-05
1642849,False,0.006933610945446755,0.0021171741981196313,0.0008560451415697834,5.7760761536740795e-05
1642851,True,0.027445505049373153,0.005595483867799622,-0.005420341583488586,8.398544551590858e-05
1642852,False,0.007126282916210869,0.013818403110691158,-0.0008026616460559133,9.324588412589338e-05
1642853,False,0.0010665500769508895,0.00011637906614936355,-0.004967168130272981,0.00012676598325373056
1642854,False,0.03833024518928685,0.04475924283225208,0.007300639424571487,6.712058945992619e-05
1642855,False,-0.0010009694394552682,-0.0009695689820059528,-0.0001894206385442132,4.446808220081342e-05
1642856,False,0.02021610810769614,0.014588674231807097,-0.0009292107325549193,7.277754596122375e-05
1642857,False,-0.02009508764583945,-0.02013309221976467,0.003462842964521151,0.0001005496716024364
1642859,False,0.09640158868952031,0.05974199320129914,-0.0021709351121038667,3.140634358121657e-05
1642860,False,-0.00615076112671975,-0.007921341084614397,-0.0025494467590361225,2.679717649246013e-05
1642862,True,-0.40627531201487554,-0.36828314497724324,0.002961747027432571,2.8936080836857016e-05
1642863,False,0.01899891245230867,0.007510219980963573,0.0021963964215792053,8.077210705416593e-05
1642864,False,0.01774400067300519,0.008789033708302085,-0.008969945463910278,3.366031459124333e-05
1642866,False,-0.00024345119728619302,0.002850599638901885,0.019310119213778787,0.00021568771815115958
1642867,True,-0.1404728279567018,-0.13911918162444548,-0.009215914353805865,0.00016062010893221114
1642868,False,0.02165248414507559,0.011621948294757267,0.005165635988567008,8.230675817527146e-05
1642869,False,0.08022189033593508,0.05447512565843837,0.008321751597267557,0.00013869362082466916
1642873,False,-0.0023438778150328687,-0.004710465036841249,0.002546152363475329,2.8300264917246604e-05
1642874,False,-0.000543332764816995,0.0005325593812917084,0.0023482537318992858,7.295214121848565e-05
1642875,False,0.012167685607218814,0.011931751777197519,-0.003735941482978511,7.719638560855711e-05
1642876,False,-0.008844187567840667,-0.007035829469311583,0.0005589815971127621,4.9652831594950363e-05
1642877,False,0.012359602046559504,0.006445930252695908,-0.005697454597630214,0.0002799050902336325
1642878,False,-0.004206190040276447,-0.011429441444675503,-0.0006522149713616976,8.864166366745841e-05
1642879,False,0.00827834062962074,0.01115745433268267,0.0026950226253921183,2.5103401314131534e-05
1642880,False,-0.06253614058872436,-0.05038677761229682,-0.0024930040083832594,3.9665625637869264e-05
1642882,False,-0.010552357488065489,-0.010597062611169328,-0.0037730523796728477,4.1569917881506636e-05
1642883,True,-0.3713746005717835,-0.36896876605338513,0.005863344132320147,2.7320531165242205e-05
1642884,False,0.005898929638456174,0.006708067612100965,-0.0010415675639730004,2.6672588919576308e-05
1642885,False,-0.006933668860619857,-0.0018330155068901899,-0.018254933120998185,8.178334420976236e-05
1642886,False,0.005326333980692599,0.004511282964378083,0.0005218618271460862,2.9533493015262062e-05
1642905,False,-0.01972761884493046,-0.020236422807520693,0.002798350974427599,8.598051778978632e-05
1642907,False,-0.023198230976702927,-0.01638884981292099,-0.008986944888931703,5.332628439588009e-05
1642910,False,0.013190862214335741,0.017147553145157257,0.008412175772303243,1.2878148052038078e-05
1642911,False,-0.0037492084547347537,-0.001888653155069031,0.0019485129778462618,3.8766534391849695e-05
1642914,False,0.008824066068077396,0.005882406996149836,-0.002008080369751475,4.478279877203705e-05
1642917,False,-1.1172244361645767e-05,0.0018046623405494344,0.0009863193510808443,1.1087135329912506e-05
1642918,False,0.001658265901510303,0.010157624064391912,-0.0025225733103119152,2.7973837265348505e-05
1642920,False,-0.008274488281562187,-0.0017762901108084872,-0.004003718648429189,2.9321762964078766e-05
1642928,False,0.026062521736314626,0.026107206355755253,-0.005156136723231786,3.434774522788418e-05
1642933,False,0.0008179932458443062,0.00040686315108562354,0.0006162035942347543,2.460609368608041e-05
1642935,False,0.002956917022393757,0.003979850346666591,-0.0009912452673832561,1.875728768792013e-05
1642938,False,0.011445857797955483,0.006243945613655377,-0.005888477721128105,7.953177964317713e-05
1642939,False,0.0022868728242886327,0.0043583807272375985,-0.0011761028966654763,8.380923691274627e-05
1642942,False,-0.011381855283386866,-0.0160377869932824,-0.0026340291148310158,5.763746061271696e-05
1642948,False,-0.000872026159925321,0.011953216728657567,0.005135167313842004,8.611870498481903e-05
1642949,False,0.012464265706251254,0.012653981862175367,-0.008379187733630111,9.939858858063372e-05
1642950,False,0.029740778564143255,0.024915661424630642,-0.00022720020627886583,2.645975751342629e-05
1642951,False,-0.0010519882274619974,-0.0017466142607966972,-0.0003163171136946197,2.2221867751910224e-05
1642954,False,0.013480756225370927,0.012574564192936677,-0.0027781144366705313,0.0001382008470501113
1642955,False,-0.0008946425487835752,-0.002569980941869221,0.0008622792429718862,1.637430455682143e-05
1642959,False,-0.005457216838565704,-0.004655704063577515,0.007460122966423066,4.3867688414076536e-05
1642962,False,0.002718860615765095,0.0012739115302515813,-0.009649151534667055,5.429945556203579e-05
1642964,False,0.00727923015847054,0.009773733411169161,0.0039394881534304815,0.00011885178180111638
1642967,False,-0.0013103435367507466,-0.005276413077972109,-0.002754546731290275,0.00014595446597445686
1643007,False,-0.027663715949278078,-0.02414639270659036,0.005878014634570494,3.532738328578259e-05
1643016,False,-0.0034732464511186834,-0.007133317783469373,-0.005120637800909655,0.00023558935396390842
1643018,False,-0.005769332275694428,-0.010792850059238912,0.010430630049200307,0.00035735042617609093
1643024,False,-0.007187107175988139,-0.009375760372221098,0.0007292745960985059,5.728339547469545e-05
1643047,False,-0.003923277759177557,-0.0047029255948546345,0.0010390449700887205,2.86952040851712e-05
1643052,False,0.014411764773466507,0.015791498711252183,-0.0004928769137786393,2.4659631737665437e-05
1643060,False,0.0032881690381553197,0.0035034149485886346,-0.003471444401048629,2.6283216885245686e-05
1643133,False,-0.012116573704863742,-0.011223979453027888,0.0008545063677874998,4.4065414905437934e-05
1643141,False,-0.014360777202126085,-0.012871617591726614,-0.0014084016360912776,1.1860175269057194e-05
1643158,False,0.006247434559103926,0.001669898951433435,0.0040388740793191324,6.78329666608073e-05
1643253,False,0.01262669094927027,0.010567739285384903,-0.0008468623958668431,3.795112279617488e-05
1643257,False,-0.012057446446181896,-0.011346503526955432,0.0022633376247030434,1.7845220815740973e-05
