player_id,exposed_to_salvage,canonical_weighted_possessions,canonical_rapm,deterministic_change,all_aggregate_change,mi_mean_change,mi_minus_all_aggregate,mi_between_sd,mi_min_change,mi_max_change
2,False,0.0,-1.2628786905111156e-15,3.2051745217226424e-06,-1.2265369086467137e-05,3.2493925340965067e-06,1.5514761620563645e-05,7.658113261381965e-08,3.05466908696872e-06,3.407902579813382e-06
3,False,0.0,-1.2628786905111156e-15,3.2051745217226424e-06,-1.2265369086467137e-05,3.2493925340965067e-06,1.5514761620563645e-05,7.658113261381965e-08,3.05466908696872e-06,3.407902579813382e-06
7,False,0.0,-1.2628786905111156e-15,3.2051745217226424e-06,-1.2265369086467137e-05,3.2493925340965067e-06,1.5514761620563645e-05,7.658113261381965e-08,3.05466908696872e-06,3.407902579813382e-06
9,False,0.0,-1.2628786905111156e-15,3.2051745217226424e-06,-1.2265369086467137e-05,3.2493925340965067e-06,1.5514761620563645e-05,7.658113261381965e-08,3.05466908696872e-06,3.407902579813382e-06
12,False,0.0,-1.2628786905111156e-15,3.2051745217226424e-06,-1.2265369086467137e-05,3.2493925340965067e-06,1.5514761620563645e-05,7.658113261381965e-08,3.05466908696872e-06,3.407902579813382e-06
15,False,0.0,-1.2628786905111156e-15,3.2051745217226424e-06,-1.2265369086467137e-05,3.2493925340965067e-06,1.5514761620563645e-05,7.658113261381965e-08,3.05466908696872e-06,3.407902579813382e-06
17,False,0.0,-1.2628786905111156e-15,3.2051745217226424e-06,-1.2265369086467137e-05,3.2493925340965067e-06,1.5514761620563645e-05,7.658113261381965e-08,3.05466908696872e-06,3.407902579813382e-06
21,False,0.0,-1.2628786905111156e-15,3.2051745217226424e-06,-1.2265369086467137e-05,3.2493925340965067e-06,1.5514761620563645e-05,7.658113261381965e-08,3.05466908696872e-06,3.407902579813382e-06
22,False,0.0,-1.2628786905111156e-15,3.2051745217226424e-06,-1.2265369086467137e-05,3.2493925340965067e-06,1.5514761620563645e-05,7.658113261381965e-08,3.05466908696872e-06,3.407902579813382e-06
23,False,0.0,-1.2628786905111156e-15,3.2051745217226424e-06,-1.2265369086467137e-05,3.2493925340965067e-06,1.5514761620563645e-05,7.658113261381965e-08,3.05466908696872e-06,3.407902579813382e-06
26,False,0.0,-1.2628786905111156e-15,3.2051745217226424e-06,-1.2265369086467137e-05,3.2493925340965067e-06,1.5514761620563645e-05,7.658113261381965e-08,3.05466908696872e-06,3.407902579813382e-06
28,False,0.0,-1.2628786905111156e-15,3.2051745217226424e-06,-1.2265369086467137e-05,3.2493925340965067e-06,1.5514761620563645e-05,7.658113261381965e-08,3.05466908696872e-06,3.407902579813382e-06
29,False,0.0,-1.2628786905111156e-15,3.2051745217226424e-06,-1.2265369086467137e-05,3.2493925340965067e-06,1.5514761620563645e-05,7.658113261381965e-08,3.05466908696872e-06,3.407902579813382e-06
31,False,0.0,-1.2628786905111156e-15,3.2051745217226424e-06,-1.2265369086467137e-05,3.2493925340965067e-06,1.5514761620563645e-05,7.658113261381965e-08,3.05466908696872e-06,3.407902579813382e-06
32,False,0.0,-1.2628786905111156e-15,3.2051745217226424e-06,-1.2265369086467137e-05,3.2493925340965067e-06,1.5514761620563645e-05,7.658113261381965e-08,3.05466908696872e-06,3.407902579813382e-06
35,False,0.0,-1.2628786905111156e-15,3.2051745217226424e-06,-1.2265369086467137e-05,3.2493925340965067e-06,1.5514761620563645e-05,7.658113261381965e-08,3.05466908696872e-06,3.407902579813382e-06
36,False,0.0,-1.2628786905111156e-15,3.2051745217226424e-06,-1.2265369086467137e-05,3.2493925340965067e-06,1.5514761620563645e-05,7.658113261381965e-08,3.05466908696872e-06,3.407902579813382e-06
37,False,0.0,-1.2628786905111156e-15,3.2051745217226424e-06,-1.2265369086467137e-05,3.2493925340965067e-06,1.5514761620563645e-05,7.658113261381965e-08,3.05466908696872e-06,3.407902579813382e-06
38,False,0.0,-1.2628786905111156e-15,3.2051745217226424e-06,-1.2265369086467137e-05,3.2493925340965067e-06,1.5514761620563645e-05,7.658113261381965e-08,3.05466908696872e-06,3.407902579813382e-06
42,False,0.0,-1.2628786905111156e-15,3.2051745217226424e-06,-1.2265369086467137e-05,3.2493925340965067e-06,1.5514761620563645e-05,7.658113261381965e-08,3.05466908696872e-06,3.407902579813382e-06
43,False,0.0,-1.2628786905111156e-15,3.2051745217226424e-06,-1.2265369086467137e-05,3.2493925340965067e-06,1.5514761620563645e-05,7.658113261381965e-08,3.05466908696872e-06,3.407902579813382e-06
45,False,0.0,-1.2628786905111156e-15,3.2051745217226424e-06,-1.2265369086467137e-05,3.2493925340965067e-06,1.5514761620563645e-05,7.658113261381965e-08,3.05466908696872e-06,3.407902579813382e-06
47,False,0.0,-1.2628786905111156e-15,3.2051745217226424e-06,-1.2265369086467137e-05,3.2493925340965067e-06,1.5514761620563645e-05,7.658113261381965e-08,3.05466908696872e-06,3.407902579813382e-06
49,False,0.0,-1.2628786905111156e-15,3.2051745217226424e-06,-1.2265369086467137e-05,3.2493925340965067e-06,1.5514761620563645e-05,7.658113261381965e-08,3.05466908696872e-06,3.407902579813382e-06
51,False,0.0,-1.2628786905111156e-15,3.2051745217226424e-06,-1.2265369086467137e-05,3.2493925340965067e-06,1.5514761620563645e-05,7.658113261381965e-08,3.05466908696872e-06,3.407902579813382e-06
52,False,0.0,-1.2628786905111156e-15,3.2051745217226424e-06,-1.2265369086467137e-05,3.2493925340965067e-06,1.5514761620563645e-05,7.658113261381965e-08,3.05466908696872e-06,3.407902579813382e-06
53,False,0.0,-1.2628786905111156e-15,3.2051745217226424e-06,-1.2265369086467137e-05,3.2493925340965067e-06,1.5514761620563645e-05,7.658113261381965e-08,3.05466908696872e-06,3.407902579813382e-06
54,False,0.0,-1.2628786905111156e-15,3.2051745217226424e-06,-1.2265369086467137e-05,3.2493925340965067e-06,1.5514761620563645e-05,7.658113261381965e-08,3.05466908696872e-06,3.407902579813382e-06
55,False,0.0,-1.2628786905111156e-15,3.2051745217226424e-06,-1.2265369086467137e-05,3.2493925340965067e-06,1.5514761620563645e-05,7.658113261381965e-08,3.05466908696872e-06,3.407902579813382e-06
56,False,0.0,-1.2628786905111156e-15,3.2051745217226424e-06,-1.2265369086467137e-05,3.2493925340965067e-06,1.5514761620563645e-05,7.658113261381965e-08,3.05466908696872e-06,3.407902579813382e-06
57,False,0.0,-1.2628786905111156e-15,3.2051745217226424e-06,-1.2265369086467137e-05,3.2493925340965067e-06,1.5514761620563645e-05,7.658113261381965e-08,3.05466908696872e-06,3.407902579813382e-06
61,False,0.0,-1.2628786905111156e-15,3.2051745217226424e-06,-1.2265369086467137e-05,3.2493925340965067e-06,1.5514761620563645e-05,7.658113261381965e-08,3.05466908696872e-06,3.407902579813382e-06
63,False,0.0,-1.2628786905111156e-15,3.2051745217226424e-06,-1.2265369086467137e-05,3.2493925340965067e-06,1.5514761620563645e-05,7.658113261381965e-08,3.05466908696872e-06,3.407902579813382e-06
64,False,0.0,-1.2628786905111156e-15,3.2051745217226424e-06,-1.2265369086467137e-05,3.2493925340965067e-06,1.5514761620563645e-05,7.658113261381965e-08,3.05466908696872e-06,3.407902579813382e-06
65,False,0.0,-1.2628786905111156e-15,3.2051745217226424e-06,-1.2265369086467137e-05,3.2493925340965067e-06,1.5514761620563645e-05,7.658113261381965e-08,3.05466908696872e-06,3.407902579813382e-06
67,False,0.0,-1.2628786905111156e-15,3.2051745217226424e-06,-1.2265369086467137e-05,3.2493925340965067e-06,1.5514761620563645e-05,7.658113261381965e-08,3.05466908696872e-06,3.407902579813382e-06
70,False,0.0,-1.2628786905111156e-15,3.2051745217226424e-06,-1.2265369086467137e-05,3.2493925340965067e-06,1.5514761620563645e-05,7.658113261381965e-08,3.05466908696872e-06,3.407902579813382e-06
71,False,0.0,-1.2628786905111156e-15,3.2051745217226424e-06,-1.2265369086467137e-05,3.2493925340965067e-06,1.5514761620563645e-05,7.658113261381965e-08,3.05466908696872e-06,3.407902579813382e-06
72,False,0.0,-1.2628786905111156e-15,3.2051745217226424e-06,-1.2265369086467137e-05,3.2493925340965067e-06,1.5514761620563645e-05,7.658113261381965e-08,3.05466908696872e-06,3.407902579813382e-06
73,False,0.0,-1.2628786905111156e-15,3.2051745217226424e-06,-1.2265369086467137e-05,3.2493925340965067e-06,1.5514761620563645e-05,7.658113261381965e-08,3.05466908696872e-06,3.407902579813382e-06
76,False,0.0,-1.2628786905111156e-15,3.2051745217226424e-06,-1.2265369086467137e-05,3.2493925340965067e-06,1.5514761620563645e-05,7.658113261381965e-08,3.05466908696872e-06,3.407902579813382e-06
77,False,0.0,-1.2628786905111156e-15,3.2051745217226424e-06,-1.2265369086467137e-05,3.2493925340965067e-06,1.5514761620563645e-05,7.658113261381965e-08,3.05466908696872e-06,3.407902579813382e-06
78,False,0.0,-1.2628786905111156e-15,3.2051745217226424e-06,-1.2265369086467137e-05,3.2493925340965067e-06,1.5514761620563645e-05,7.658113261381965e-08,3.05466908696872e-06,3.407902579813382e-06
80,False,0.0,-1.2628786905111156e-15,3.2051745217226424e-06,-1.2265369086467137e-05,3.2493925340965067e-06,1.5514761620563645e-05,7.658113261381965e-08,3.05466908696872e-06,3.407902579813382e-06
81,False,0.0,-1.2628786905111156e-15,3.2051745217226424e-06,-1.2265369086467137e-05,3.2493925340965067e-06,1.5514761620563645e-05,7.658113261381965e-08,3.05466908696872e-06,3.407902579813382e-06
82,False,0.0,-1.2628786905111156e-15,3.2051745217226424e-06,-1.2265369086467137e-05,3.2493925340965067e-06,1.5514761620563645e-05,7.658113261381965e-08,3.05466908696872e-06,3.407902579813382e-06
84,False,0.0,-1.2628786905111156e-15,3.2051745217226424e-06,-1.2265369086467137e-05,3.2493925340965067e-06,1.5514761620563645e-05,7.658113261381965e-08,3.05466908696872e-06,3.407902579813382e-06
85,False,0.0,-1.2628786905111156e-15,3.2051745217226424e-06,-1.2265369086467137e-05,3.2493925340965067e-06,1.5514761620563645e-05,7.658113261381965e-08,3.05466908696872e-06,3.407902579813382e-06
87,False,0.0,-1.2628786905111156e-15,3.2051745217226424e-06,-1.2265369086467137e-05,3.2493925340965067e-06,1.5514761620563645e-05,7.658113261381965e-08,3.05466908696872e-06,3.407902579813382e-06
88,False,0.0,-1.2628786905111156e-15,3.2051745217226424e-06,-1.2265369086467137e-05,3.2493925340965067e-06,1.5514761620563645e-05,7.658113261381965e-08,3.05466908696872e-06,3.407902579813382e-06
89,False,0.0,-1.2628786905111156e-15,3.2051745217226424e-06,-1.2265369086467137e-05,3.2493925340965067e-06,1.5514761620563645e-05,7.658113261381965e-08,3.05466908696872e-06,3.407902579813382e-06
93,False,0.0,-1.2628786905111156e-15,3.2051745217226424e-06,-1.2265369086467137e-05,3.2493925340965067e-06,1.5514761620563645e-05,7.658113261381965e-08,3.05466908696872e-06,3.407902579813382e-06
95,False,0.0,-1.2628786905111156e-15,3.2051745217226424e-06,-1.2265369086467137e-05,3.2493925340965067e-06,1.5514761620563645e-05,7.658113261381965e-08,3.05466908696872e-06,3.407902579813382e-06
96,False,0.0,-1.2628786905111156e-15,3.2051745217226424e-06,-1.2265369086467137e-05,3.2493925340965067e-06,1.5514761620563645e-05,7.658113261381965e-08,3.05466908696872e-06,3.407902579813382e-06
98,False,0.0,-1.2628786905111156e-15,3.2051745217226424e-06,-1.2265369086467137e-05,3.2493925340965067e-06,1.5514761620563645e-05,7.658113261381965e-08,3.05466908696872e-06,3.407902579813382e-06
100,False,0.0,-1.2628786905111156e-15,3.2051745217226424e-06,-1.2265369086467137e-05,3.2493925340965067e-06,1.5514761620563645e-05,7.658113261381965e-08,3.05466908696872e-06,3.407902579813382e-06
103,False,0.0,-1.2628786905111156e-15,3.2051745217226424e-06,-1.2265369086467137e-05,3.2493925340965067e-06,1.5514761620563645e-05,7.658113261381965e-08,3.05466908696872e-06,3.407902579813382e-06
104,False,0.0,-1.2628786905111156e-15,3.2051745217226424e-06,-1.2265369086467137e-05,3.2493925340965067e-06,1.5514761620563645e-05,7.658113261381965e-08,3.05466908696872e-06,3.407902579813382e-06
105,False,0.0,-1.2628786905111156e-15,3.2051745217226424e-06,-1.2265369086467137e-05,3.2493925340965067e-06,1.5514761620563645e-05,7.658113261381965e-08,3.05466908696872e-06,3.407902579813382e-06
107,False,0.0,-1.2628786905111156e-15,3.2051745217226424e-06,-1.2265369086467137e-05,3.2493925340965067e-06,1.5514761620563645e-05,7.658113261381965e-08,3.05466908696872e-06,3.407902579813382e-06
109,False,0.0,-1.2628786905111156e-15,3.2051745217226424e-06,-1.2265369086467137e-05,3.2493925340965067e-06,1.5514761620563645e-05,7.658113261381965e-08,3.05466908696872e-06,3.407902579813382e-06
111,False,0.0,-1.2628786905111156e-15,3.2051745217226424e-06,-1.2265369086467137e-05,3.2493925340965067e-06,1.5514761620563645e-05,7.658113261381965e-08,3.05466908696872e-06,3.407902579813382e-06
112,False,0.0,-1.2628786905111156e-15,3.2051745217226424e-06,-1.2265369086467137e-05,3.2493925340965067e-06,1.5514761620563645e-05,7.658113261381965e-08,3.05466908696872e-06,3.407902579813382e-06
116,False,0.0,-1.2628786905111156e-15,3.2051745217226424e-06,-1.2265369086467137e-05,3.2493925340965067e-06,1.5514761620563645e-05,7.658113261381965e-08,3.05466908696872e-06,3.407902579813382e-06
120,False,0.0,-1.2628786905111156e-15,3.2051745217226424e-06,-1.2265369086467137e-05,3.2493925340965067e-06,1.5514761620563645e-05,7.658113261381965e-08,3.05466908696872e-06,3.407902579813382e-06
121,False,0.0,-1.2628786905111156e-15,3.2051745217226424e-06,-1.2265369086467137e-05,3.2493925340965067e-06,1.5514761620563645e-05,7.658113261381965e-08,3.05466908696872e-06,3.407902579813382e-06
122,False,0.0,-1.2628786905111156e-15,3.2051745217226424e-06,-1.2265369086467137e-05,3.2493925340965067e-06,1.5514761620563645e-05,7.658113261381965e-08,3.05466908696872e-06,3.407902579813382e-06
123,False,0.0,-1.2628786905111156e-15,3.2051745217226424e-06,-1.2265369086467137e-05,3.2493925340965067e-06,1.5514761620563645e-05,7.658113261381965e-08,3.05466908696872e-06,3.407902579813382e-06
124,False,0.0,-1.2628786905111156e-15,3.2051745217226424e-06,-1.2265369086467137e-05,3.2493925340965067e-06,1.5514761620563645e-05,7.658113261381965e-08,3.05466908696872e-06,3.407902579813382e-06
128,False,0.0,-1.2628786905111156e-15,3.2051745217226424e-06,-1.2265369086467137e-05,3.2493925340965067e-06,1.5514761620563645e-05,7.658113261381965e-08,3.05466908696872e-06,3.407902579813382e-06
129,False,0.0,-1.2628786905111156e-15,3.2051745217226424e-06,-1.2265369086467137e-05,3.2493925340965067e-06,1.5514761620563645e-05,7.658113261381965e-08,3.05466908696872e-06,3.407902579813382e-06
133,False,0.0,-1.2628786905111156e-15,3.2051745217226424e-06,-1.2265369086467137e-05,3.2493925340965067e-06,1.5514761620563645e-05,7.658113261381965e-08,3.05466908696872e-06,3.407902579813382e-06
134,False,0.0,-1.2628786905111156e-15,3.2051745217226424e-06,-1.2265369086467137e-05,3.2493925340965067e-06,1.5514761620563645e-05,7.658113261381965e-08,3.05466908696872e-06,3.407902579813382e-06
136,False,0.0,-1.2628786905111156e-15,3.2051745217226424e-06,-1.2265369086467137e-05,3.2493925340965067e-06,1.5514761620563645e-05,7.658113261381965e-08,3.05466908696872e-06,3.407902579813382e-06
137,False,0.0,-1.2628786905111156e-15,3.2051745217226424e-06,-1.2265369086467137e-05,3.2493925340965067e-06,1.5514761620563645e-05,7.658113261381965e-08,3.05466908696872e-06,3.407902579813382e-06
138,False,0.0,-1.2628786905111156e-15,3.2051745217226424e-06,-1.2265369086467137e-05,3.2493925340965067e-06,1.5514761620563645e-05,7.658113261381965e-08,3.05466908696872e-06,3.407902579813382e-06
140,False,0.0,-1.2628786905111156e-15,3.2051745217226424e-06,-1.2265369086467137e-05,3.2493925340965067e-06,1.5514761620563645e-05,7.658113261381965e-08,3.05466908696872e-06,3.407902579813382e-06
143,False,0.0,-1.2628786905111156e-15,3.2051745217226424e-06,-1.2265369086467137e-05,3.2493925340965067e-06,1.5514761620563645e-05,7.658113261381965e-08,3.05466908696872e-06,3.407902579813382e-06
145,False,0.0,-1.2628786905111156e-15,3.2051745217226424e-06,-1.2265369086467137e-05,3.2493925340965067e-06,1.5514761620563645e-05,7.658113261381965e-08,3.05466908696872e-06,3.407902579813382e-06
146,False,0.0,-1.2628786905111156e-15,3.2051745217226424e-06,-1.2265369086467137e-05,3.2493925340965067e-06,1.5514761620563645e-05,7.658113261381965e-08,3.05466908696872e-06,3.407902579813382e-06
147,False,0.0,-1.2628786905111156e-15,3.2051745217226424e-06,-1.2265369086467137e-05,3.2493925340965067e-06,1.5514761620563645e-05,7.658113261381965e-08,3.05466908696872e-06,3.407902579813382e-06
154,False,0.0,-1.2628786905111156e-15,3.2051745217226424e-06,-1.2265369086467137e-05,3.2493925340965067e-06,1.5514761620563645e-05,7.658113261381965e-08,3.05466908696872e-06,3.407902579813382e-06
156,False,0.0,-1.2628786905111156e-15,3.2051745217226424e-06,-1.2265369086467137e-05,3.2493925340965067e-06,1.5514761620563645e-05,7.658113261381965e-08,3.05466908696872e-06,3.407902579813382e-06
157,False,0.0,-1.2628786905111156e-15,3.2051745217226424e-06,-1.2265369086467137e-05,3.2493925340965067e-06,1.5514761620563645e-05,7.658113261381965e-08,3.05466908696872e-06,3.407902579813382e-06
160,False,0.0,-1.2628786905111156e-15,3.2051745217226424e-06,-1.2265369086467137e-05,3.2493925340965067e-06,1.5514761620563645e-05,7.658113261381965e-08,3.05466908696872e-06,3.407902579813382e-06
164,False,0.0,-1.2628786905111156e-15,3.2051745217226424e-06,-1.2265369086467137e-05,3.2493925340965067e-06,1.5514761620563645e-05,7.658113261381965e-08,3.05466908696872e-06,3.407902579813382e-06
165,False,0.0,-1.2628786905111156e-15,3.2051745217226424e-06,-1.2265369086467137e-05,3.2493925340965067e-06,1.5514761620563645e-05,7.658113261381965e-08,3.05466908696872e-06,3.407902579813382e-06
166,False,0.0,-1.2628786905111156e-15,3.2051745217226424e-06,-1.2265369086467137e-05,3.2493925340965067e-06,1.5514761620563645e-05,7.658113261381965e-08,3.05466908696872e-06,3.407902579813382e-06
168,False,0.0,-1.2628786905111156e-15,3.2051745217226424e-06,-1.2265369086467137e-05,3.2493925340965067e-06,1.5514761620563645e-05,7.658113261381965e-08,3.05466908696872e-06,3.407902579813382e-06
170,False,0.0,-1.2628786905111156e-15,3.2051745217226424e-06,-1.2265369086467137e-05,3.2493925340965067e-06,1.5514761620563645e-05,7.658113261381965e-08,3.05466908696872e-06,3.407902579813382e-06
173,False,0.0,-1.2628786905111156e-15,3.2051745217226424e-06,-1.2265369086467137e-05,3.2493925340965067e-06,1.5514761620563645e-05,7.658113261381965e-08,3.05466908696872e-06,3.407902579813382e-06
175,False,0.0,-1.2628786905111156e-15,3.2051745217226424e-06,-1.2265369086467137e-05,3.2493925340965067e-06,1.5514761620563645e-05,7.658113261381965e-08,3.05466908696872e-06,3.407902579813382e-06
176,False,0.0,-1.2628786905111156e-15,3.2051745217226424e-06,-1.2265369086467137e-05,3.2493925340965067e-06,1.5514761620563645e-05,7.658113261381965e-08,3.05466908696872e-06,3.407902579813382e-06
177,False,0.0,-1.2628786905111156e-15,3.2051745217226424e-06,-1.2265369086467137e-05,3.2493925340965067e-06,1.5514761620563645e-05,7.658113261381965e-08,3.05466908696872e-06,3.407902579813382e-06
178,False,0.0,-1.2628786905111156e-15,3.2051745217226424e-06,-1.2265369086467137e-05,3.2493925340965067e-06,1.5514761620563645e-05,7.658113261381965e-08,3.05466908696872e-06,3.407902579813382e-06
179,False,0.0,-1.2628786905111156e-15,3.2051745217226424e-06,-1.2265369086467137e-05,3.2493925340965067e-06,1.5514761620563645e-05,7.658113261381965e-08,3.05466908696872e-06,3.407902579813382e-06
180,False,0.0,-1.2628786905111156e-15,3.2051745217226424e-06,-1.2265369086467137e-05,3.2493925340965067e-06,1.5514761620563645e-05,7.658113261381965e-08,3.05466908696872e-06,3.407902579813382e-06
181,False,0.0,-1.2628786905111156e-15,3.2051745217226424e-06,-1.2265369086467137e-05,3.2493925340965067e-06,1.5514761620563645e-05,7.658113261381965e-08,3.05466908696872e-06,3.407902579813382e-06
182,False,0.0,-1.2628786905111156e-15,3.2051745217226424e-06,-1.2265369086467137e-05,3.2493925340965067e-06,1.5514761620563645e-05,7.658113261381965e-08,3.05466908696872e-06,3.407902579813382e-06
183,False,0.0,-1.2628786905111156e-15,3.2051745217226424e-06,-1.2265369086467137e-05,3.2493925340965067e-06,1.5514761620563645e-05,7.658113261381965e-08,3.05466908696872e-06,3.407902579813382e-06
184,False,0.0,-1.2628786905111156e-15,3.2051745217226424e-06,-1.2265369086467137e-05,3.2493925340965067e-06,1.5514761620563645e-05,7.658113261381965e-08,3.05466908696872e-06,3.407902579813382e-06
185,False,0.0,-1.2628786905111156e-15,3.2051745217226424e-06,-1.2265369086467137e-05,3.2493925340965067e-06,1.5514761620563645e-05,7.658113261381965e-08,3.05466908696872e-06,3.407902579813382e-06
187,False,0.0,-1.2628786905111156e-15,3.2051745217226424e-06,-1.2265369086467137e-05,3.2493925340965067e-06,1.5514761620563645e-05,7.658113261381965e-08,3.05466908696872e-06,3.407902579813382e-06
190,False,0.0,-1.2628786905111156e-15,3.2051745217226424e-06,-1.2265369086467137e-05,3.2493925340965067e-06,1.5514761620563645e-05,7.658113261381965e-08,3.05466908696872e-06,3.407902579813382e-06
192,False,0.0,-1.2628786905111156e-15,3.2051745217226424e-06,-1.2265369086467137e-05,3.2493925340965067e-06,1.5514761620563645e-05,7.658113261381965e-08,3.05466908696872e-06,3.407902579813382e-06
193,False,0.0,-1.2628786905111156e-15,3.2051745217226424e-06,-1.2265369086467137e-05,3.2493925340965067e-06,1.5514761620563645e-05,7.658113261381965e-08,3.05466908696872e-06,3.407902579813382e-06
194,False,0.0,-1.2628786905111156e-15,3.2051745217226424e-06,-1.2265369086467137e-05,3.2493925340965067e-06,1.5514761620563645e-05,7.658113261381965e-08,3.05466908696872e-06,3.407902579813382e-06
195,False,0.0,-1.2628786905111156e-15,3.2051745217226424e-06,-1.2265369086467137e-05,3.2493925340965067e-06,1.5514761620563645e-05,7.658113261381965e-08,3.05466908696872e-06,3.407902579813382e-06
197,False,0.0,-1.2628786905111156e-15,3.2051745217226424e-06,-1.2265369086467137e-05,3.2493925340965067e-06,1.5514761620563645e-05,7.658113261381965e-08,3.05466908696872e-06,3.407902579813382e-06
198,False,0.0,-1.2628786905111156e-15,3.2051745217226424e-06,-1.2265369086467137e-05,3.2493925340965067e-06,1.5514761620563645e-05,7.658113261381965e-08,3.05466908696872e-06,3.407902579813382e-06
199,False,0.0,-1.2628786905111156e-15,3.2051745217226424e-06,-1.2265369086467137e-05,3.2493925340965067e-06,1.5514761620563645e-05,7.658113261381965e-08,3.05466908696872e-06,3.407902579813382e-06
201,False,0.0,-1.2628786905111156e-15,3.2051745217226424e-06,-1.2265369086467137e-05,3.2493925340965067e-06,1.5514761620563645e-05,7.658113261381965e-08,3.05466908696872e-06,3.407902579813382e-06
202,False,0.0,-1.2628786905111156e-15,3.2051745217226424e-06,-1.2265369086467137e-05,3.2493925340965067e-06,1.5514761620563645e-05,7.658113261381965e-08,3.05466908696872e-06,3.407902579813382e-06
203,False,0.0,-1.2628786905111156e-15,3.2051745217226424e-06,-1.2265369086467137e-05,3.2493925340965067e-06,1.5514761620563645e-05,7.658113261381965e-08,3.05466908696872e-06,3.407902579813382e-06
204,False,0.0,-1.2628786905111156e-15,3.2051745217226424e-06,-1.2265369086467137e-05,3.2493925340965067e-06,1.5514761620563645e-05,7.658113261381965e-08,3.05466908696872e-06,3.407902579813382e-06
208,False,0.0,-1.2628786905111156e-15,3.2051745217226424e-06,-1.2265369086467137e-05,3.2493925340965067e-06,1.5514761620563645e-05,7.658113261381965e-08,3.05466908696872e-06,3.407902579813382e-06
209,False,0.0,-1.2628786905111156e-15,3.2051745217226424e-06,-1.2265369086467137e-05,3.2493925340965067e-06,1.5514761620563645e-05,7.658113261381965e-08,3.05466908696872e-06,3.407902579813382e-06
210,False,0.0,-1.2628786905111156e-15,3.2051745217226424e-06,-1.2265369086467137e-05,3.2493925340965067e-06,1.5514761620563645e-05,7.658113261381965e-08,3.05466908696872e-06,3.407902579813382e-06
211,False,0.0,-1.2628786905111156e-15,3.2051745217226424e-06,-1.2265369086467137e-05,3.2493925340965067e-06,1.5514761620563645e-05,7.658113261381965e-08,3.05466908696872e-06,3.407902579813382e-06
212,False,0.0,-1.2628786905111156e-15,3.2051745217226424e-06,-1.2265369086467137e-05,3.2493925340965067e-06,1.5514761620563645e-05,7.658113261381965e-08,3.05466908696872e-06,3.407902579813382e-06
213,False,0.0,-1.2628786905111156e-15,3.2051745217226424e-06,-1.2265369086467137e-05,3.2493925340965067e-06,1.5514761620563645e-05,7.658113261381965e-08,3.05466908696872e-06,3.407902579813382e-06
216,False,0.0,-1.2628786905111156e-15,3.2051745217226424e-06,-1.2265369086467137e-05,3.2493925340965067e-06,1.5514761620563645e-05,7.658113261381965e-08,3.05466908696872e-06,3.407902579813382e-06
219,False,0.0,-1.2628786905111156e-15,3.2051745217226424e-06,-1.2265369086467137e-05,3.2493925340965067e-06,1.5514761620563645e-05,7.658113261381965e-08,3.05466908696872e-06,3.407902579813382e-06
221,False,0.0,-1.2628786905111156e-15,3.2051745217226424e-06,-1.2265369086467137e-05,3.2493925340965067e-06,1.5514761620563645e-05,7.658113261381965e-08,3.05466908696872e-06,3.407902579813382e-06
223,False,0.0,-1.2628786905111156e-15,3.2051745217226424e-06,-1.2265369086467137e-05,3.2493925340965067e-06,1.5514761620563645e-05,7.658113261381965e-08,3.05466908696872e-06,3.407902579813382e-06
224,False,0.0,-1.2628786905111156e-15,3.2051745217226424e-06,-1.2265369086467137e-05,3.2493925340965067e-06,1.5514761620563645e-05,7.658113261381965e-08,3.05466908696872e-06,3.407902579813382e-06
226,False,0.0,-1.2628786905111156e-15,3.2051745217226424e-06,-1.2265369086467137e-05,3.2493925340965067e-06,1.5514761620563645e-05,7.658113261381965e-08,3.05466908696872e-06,3.407902579813382e-06
228,False,0.0,-1.2628786905111156e-15,3.2051745217226424e-06,-1.2265369086467137e-05,3.2493925340965067e-06,1.5514761620563645e-05,7.658113261381965e-08,3.05466908696872e-06,3.407902579813382e-06
234,False,0.0,-1.2628786905111156e-15,3.2051745217226424e-06,-1.2265369086467137e-05,3.2493925340965067e-06,1.5514761620563645e-05,7.658113261381965e-08,3.05466908696872e-06,3.407902579813382e-06
236,False,0.0,-1.2628786905111156e-15,3.2051745217226424e-06,-1.2265369086467137e-05,3.2493925340965067e-06,1.5514761620563645e-05,7.658113261381965e-08,3.05466908696872e-06,3.407902579813382e-06
238,False,0.0,-1.2628786905111156e-15,3.2051745217226424e-06,-1.2265369086467137e-05,3.2493925340965067e-06,1.5514761620563645e-05,7.658113261381965e-08,3.05466908696872e-06,3.407902579813382e-06
239,False,0.0,-1.2628786905111156e-15,3.2051745217226424e-06,-1.2265369086467137e-05,3.2493925340965067e-06,1.5514761620563645e-05,7.658113261381965e-08,3.05466908696872e-06,3.407902579813382e-06
240,False,0.0,-1.2628786905111156e-15,3.2051745217226424e-06,-1.2265369086467137e-05,3.2493925340965067e-06,1.5514761620563645e-05,7.658113261381965e-08,3.05466908696872e-06,3.407902579813382e-06
241,False,0.0,-1.2628786905111156e-15,3.2051745217226424e-06,-1.2265369086467137e-05,3.2493925340965067e-06,1.5514761620563645e-05,7.658113261381965e-08,3.05466908696872e-06,3.407902579813382e-06
243,False,0.0,-1.2628786905111156e-15,3.2051745217226424e-06,-1.2265369086467137e-05,3.2493925340965067e-06,1.5514761620563645e-05,7.658113261381965e-08,3.05466908696872e-06,3.407902579813382e-06
244,False,0.0,-1.2628786905111156e-15,3.2051745217226424e-06,-1.2265369086467137e-05,3.2493925340965067e-06,1.5514761620563645e-05,7.658113261381965e-08,3.05466908696872e-06,3.407902579813382e-06
246,False,0.0,-1.2628786905111156e-15,3.2051745217226424e-06,-1.2265369086467137e-05,3.2493925340965067e-06,1.5514761620563645e-05,7.658113261381965e-08,3.05466908696872e-06,3.407902579813382e-06
247,False,0.0,-1.2628786905111156e-15,3.2051745217226424e-06,-1.2265369086467137e-05,3.2493925340965067e-06,1.5514761620563645e-05,7.658113261381965e-08,3.05466908696872e-06,3.407902579813382e-06
248,False,0.0,-1.2628786905111156e-15,3.2051745217226424e-06,-1.2265369086467137e-05,3.2493925340965067e-06,1.5514761620563645e-05,7.658113261381965e-08,3.05466908696872e-06,3.407902579813382e-06
251,False,0.0,-1.2628786905111156e-15,3.2051745217226424e-06,-1.2265369086467137e-05,3.2493925340965067e-06,1.5514761620563645e-05,7.658113261381965e-08,3.05466908696872e-06,3.407902579813382e-06
252,False,0.0,-1.2628786905111156e-15,3.2051745217226424e-06,-1.2265369086467137e-05,3.2493925340965067e-06,1.5514761620563645e-05,7.658113261381965e-08,3.05466908696872e-06,3.407902579813382e-06
255,False,0.0,-1.2628786905111156e-15,3.2051745217226424e-06,-1.2265369086467137e-05,3.2493925340965067e-06,1.5514761620563645e-05,7.658113261381965e-08,3.05466908696872e-06,3.407902579813382e-06
258,False,0.0,-1.2628786905111156e-15,3.2051745217226424e-06,-1.2265369086467137e-05,3.2493925340965067e-06,1.5514761620563645e-05,7.658113261381965e-08,3.05466908696872e-06,3.407902579813382e-06
262,False,0.0,-1.2628786905111156e-15,3.2051745217226424e-06,-1.2265369086467137e-05,3.2493925340965067e-06,1.5514761620563645e-05,7.658113261381965e-08,3.05466908696872e-06,3.407902579813382e-06
265,False,0.0,-1.2628786905111156e-15,3.2051745217226424e-06,-1.2265369086467137e-05,3.2493925340965067e-06,1.5514761620563645e-05,7.658113261381965e-08,3.05466908696872e-06,3.407902579813382e-06
270,False,0.0,-1.2628786905111156e-15,3.2051745217226424e-06,-1.2265369086467137e-05,3.2493925340965067e-06,1.5514761620563645e-05,7.658113261381965e-08,3.05466908696872e-06,3.407902579813382e-06
271,False,0.0,-1.2628786905111156e-15,3.2051745217226424e-06,-1.2265369086467137e-05,3.2493925340965067e-06,1.5514761620563645e-05,7.658113261381965e-08,3.05466908696872e-06,3.407902579813382e-06
273,False,0.0,-1.2628786905111156e-15,3.2051745217226424e-06,-1.2265369086467137e-05,3.2493925340965067e-06,1.5514761620563645e-05,7.658113261381965e-08,3.05466908696872e-06,3.407902579813382e-06
275,False,0.0,-1.2628786905111156e-15,3.2051745217226424e-06,-1.2265369086467137e-05,3.2493925340965067e-06,1.5514761620563645e-05,7.658113261381965e-08,3.05466908696872e-06,3.407902579813382e-06
278,False,0.0,-1.2628786905111156e-15,3.2051745217226424e-06,-1.2265369086467137e-05,3.2493925340965067e-06,1.5514761620563645e-05,7.658113261381965e-08,3.05466908696872e-06,3.407902579813382e-06
279,False,0.0,-1.2628786905111156e-15,3.2051745217226424e-06,-1.2265369086467137e-05,3.2493925340965067e-06,1.5514761620563645e-05,7.658113261381965e-08,3.05466908696872e-06,3.407902579813382e-06
280,False,0.0,-1.2628786905111156e-15,3.2051745217226424e-06,-1.2265369086467137e-05,3.2493925340965067e-06,1.5514761620563645e-05,7.658113261381965e-08,3.05466908696872e-06,3.407902579813382e-06
281,False,0.0,-1.2628786905111156e-15,3.2051745217226424e-06,-1.2265369086467137e-05,3.2493925340965067e-06,1.5514761620563645e-05,7.658113261381965e-08,3.05466908696872e-06,3.407902579813382e-06
283,False,0.0,-1.2628786905111156e-15,3.2051745217226424e-06,-1.2265369086467137e-05,3.2493925340965067e-06,1.5514761620563645e-05,7.658113261381965e-08,3.05466908696872e-06,3.407902579813382e-06
287,False,0.0,-1.2628786905111156e-15,3.2051745217226424e-06,-1.2265369086467137e-05,3.2493925340965067e-06,1.5514761620563645e-05,7.658113261381965e-08,3.05466908696872e-06,3.407902579813382e-06
288,False,0.0,-1.2628786905111156e-15,3.2051745217226424e-06,-1.2265369086467137e-05,3.2493925340965067e-06,1.5514761620563645e-05,7.658113261381965e-08,3.05466908696872e-06,3.407902579813382e-06
289,False,0.0,-1.2628786905111156e-15,3.2051745217226424e-06,-1.2265369086467137e-05,3.2493925340965067e-06,1.5514761620563645e-05,7.658113261381965e-08,3.05466908696872e-06,3.407902579813382e-06
291,False,0.0,-1.2628786905111156e-15,3.2051745217226424e-06,-1.2265369086467137e-05,3.2493925340965067e-06,1.5514761620563645e-05,7.658113261381965e-08,3.05466908696872e-06,3.407902579813382e-06
292,False,0.0,-1.2628786905111156e-15,3.2051745217226424e-06,-1.2265369086467137e-05,3.2493925340965067e-06,1.5514761620563645e-05,7.658113261381965e-08,3.05466908696872e-06,3.407902579813382e-06
293,False,0.0,-1.2628786905111156e-15,3.2051745217226424e-06,-1.2265369086467137e-05,3.2493925340965067e-06,1.5514761620563645e-05,7.658113261381965e-08,3.05466908696872e-06,3.407902579813382e-06
296,False,0.0,-1.2628786905111156e-15,3.2051745217226424e-06,-1.2265369086467137e-05,3.2493925340965067e-06,1.5514761620563645e-05,7.658113261381965e-08,3.05466908696872e-06,3.407902579813382e-06
297,False,0.0,-1.2628786905111156e-15,3.2051745217226424e-06,-1.2265369086467137e-05,3.2493925340965067e-06,1.5514761620563645e-05,7.658113261381965e-08,3.05466908696872e-06,3.407902579813382e-06
299,False,0.0,-1.2628786905111156e-15,3.2051745217226424e-06,-1.2265369086467137e-05,3.2493925340965067e-06,1.5514761620563645e-05,7.658113261381965e-08,3.05466908696872e-06,3.407902579813382e-06
302,False,0.0,-1.2628786905111156e-15,3.2051745217226424e-06,-1.2265369086467137e-05,3.2493925340965067e-06,1.5514761620563645e-05,7.658113261381965e-08,3.05466908696872e-06,3.407902579813382e-06
304,False,0.0,-1.2628786905111156e-15,3.2051745217226424e-06,-1.2265369086467137e-05,3.2493925340965067e-06,1.5514761620563645e-05,7.658113261381965e-08,3.05466908696872e-06,3.407902579813382e-06
305,False,0.0,-1.2628786905111156e-15,3.2051745217226424e-06,-1.2265369086467137e-05,3.2493925340965067e-06,1.5514761620563645e-05,7.658113261381965e-08,3.05466908696872e-06,3.407902579813382e-06
308,False,0.0,-1.2628786905111156e-15,3.2051745217226424e-06,-1.2265369086467137e-05,3.2493925340965067e-06,1.5514761620563645e-05,7.658113261381965e-08,3.05466908696872e-06,3.407902579813382e-06
310,False,0.0,-1.2628786905111156e-15,3.2051745217226424e-06,-1.2265369086467137e-05,3.2493925340965067e-06,1.5514761620563645e-05,7.658113261381965e-08,3.05466908696872e-06,3.407902579813382e-06
316,False,0.0,-1.2628786905111156e-15,3.2051745217226424e-06,-1.2265369086467137e-05,3.2493925340965067e-06,1.5514761620563645e-05,7.658113261381965e-08,3.05466908696872e-06,3.407902579813382e-06
317,False,0.0,-1.2628786905111156e-15,3.2051745217226424e-06,-1.2265369086467137e-05,3.2493925340965067e-06,1.5514761620563645e-05,7.658113261381965e-08,3.05466908696872e-06,3.407902579813382e-06
320,False,0.0,-1.2628786905111156e-15,3.2051745217226424e-06,-1.2265369086467137e-05,3.2493925340965067e-06,1.5514761620563645e-05,7.658113261381965e-08,3.05466908696872e-06,3.407902579813382e-06
323,False,0.0,-1.2628786905111156e-15,3.2051745217226424e-06,-1.2265369086467137e-05,3.2493925340965067e-06,1.5514761620563645e-05,7.658113261381965e-08,3.05466908696872e-06,3.407902579813382e-06
324,False,0.0,-1.2628786905111156e-15,3.2051745217226424e-06,-1.2265369086467137e-05,3.2493925340965067e-06,1.5514761620563645e-05,7.658113261381965e-08,3.05466908696872e-06,3.407902579813382e-06
328,False,0.0,-1.2628786905111156e-15,3.2051745217226424e-06,-1.2265369086467137e-05,3.2493925340965067e-06,1.5514761620563645e-05,7.658113261381965e-08,3.05466908696872e-06,3.407902579813382e-06
330,False,0.0,-1.2628786905111156e-15,3.2051745217226424e-06,-1.2265369086467137e-05,3.2493925340965067e-06,1.5514761620563645e-05,7.658113261381965e-08,3.05466908696872e-06,3.407902579813382e-06
333,False,0.0,-1.2628786905111156e-15,3.2051745217226424e-06,-1.2265369086467137e-05,3.2493925340965067e-06,1.5514761620563645e-05,7.658113261381965e-08,3.05466908696872e-06,3.407902579813382e-06
335,False,0.0,-1.2628786905111156e-15,3.2051745217226424e-06,-1.2265369086467137e-05,3.2493925340965067e-06,1.5514761620563645e-05,7.658113261381965e-08,3.05466908696872e-06,3.407902579813382e-06
339,False,0.0,-1.2628786905111156e-15,3.2051745217226424e-06,-1.2265369086467137e-05,3.2493925340965067e-06,1.5514761620563645e-05,7.658113261381965e-08,3.05466908696872e-06,3.407902579813382e-06
341,False,0.0,-1.2628786905111156e-15,3.2051745217226424e-06,-1.2265369086467137e-05,3.2493925340965067e-06,1.5514761620563645e-05,7.658113261381965e-08,3.05466908696872e-06,3.407902579813382e-06
344,False,0.0,-1.2628786905111156e-15,3.2051745217226424e-06,-1.2265369086467137e-05,3.2493925340965067e-06,1.5514761620563645e-05,7.658113261381965e-08,3.05466908696872e-06,3.407902579813382e-06
345,False,0.0,-1.2628786905111156e-15,3.2051745217226424e-06,-1.2265369086467137e-05,3.2493925340965067e-06,1.5514761620563645e-05,7.658113261381965e-08,3.05466908696872e-06,3.407902579813382e-06
348,False,0.0,-1.2628786905111156e-15,3.2051745217226424e-06,-1.2265369086467137e-05,3.2493925340965067e-06,1.5514761620563645e-05,7.658113261381965e-08,3.05466908696872e-06,3.407902579813382e-06
349,False,0.0,-1.2628786905111156e-15,3.2051745217226424e-06,-1.2265369086467137e-05,3.2493925340965067e-06,1.5514761620563645e-05,7.658113261381965e-08,3.05466908696872e-06,3.407902579813382e-06
351,False,0.0,-1.2628786905111156e-15,3.2051745217226424e-06,-1.2265369086467137e-05,3.2493925340965067e-06,1.5514761620563645e-05,7.658113261381965e-08,3.05466908696872e-06,3.407902579813382e-06
353,False,0.0,-1.2628786905111156e-15,3.2051745217226424e-06,-1.2265369086467137e-05,3.2493925340965067e-06,1.5514761620563645e-05,7.658113261381965e-08,3.05466908696872e-06,3.407902579813382e-06
355,False,0.0,-1.2628786905111156e-15,3.2051745217226424e-06,-1.2265369086467137e-05,3.2493925340965067e-06,1.5514761620563645e-05,7.658113261381965e-08,3.05466908696872e-06,3.407902579813382e-06
356,False,0.0,-1.2628786905111156e-15,3.2051745217226424e-06,-1.2265369086467137e-05,3.2493925340965067e-06,1.5514761620563645e-05,7.658113261381965e-08,3.05466908696872e-06,3.407902579813382e-06
358,False,0.0,-1.2628786905111156e-15,3.2051745217226424e-06,-1.2265369086467137e-05,3.2493925340965067e-06,1.5514761620563645e-05,7.658113261381965e-08,3.05466908696872e-06,3.407902579813382e-06
359,False,0.0,-1.2628786905111156e-15,3.2051745217226424e-06,-1.2265369086467137e-05,3.2493925340965067e-06,1.5514761620563645e-05,7.658113261381965e-08,3.05466908696872e-06,3.407902579813382e-06
361,False,0.0,-1.2628786905111156e-15,3.2051745217226424e-06,-1.2265369086467137e-05,3.2493925340965067e-06,1.5514761620563645e-05,7.658113261381965e-08,3.05466908696872e-06,3.407902579813382e-06
363,False,0.0,-1.2628786905111156e-15,3.2051745217226424e-06,-1.2265369086467137e-05,3.2493925340965067e-06,1.5514761620563645e-05,7.658113261381965e-08,3.05466908696872e-06,3.407902579813382e-06
364,False,0.0,-1.2628786905111156e-15,3.2051745217226424e-06,-1.2265369086467137e-05,3.2493925340965067e-06,1.5514761620563645e-05,7.658113261381965e-08,3.05466908696872e-06,3.407902579813382e-06
365,False,0.0,-1.2628786905111156e-15,3.2051745217226424e-06,-1.2265369086467137e-05,3.2493925340965067e-06,1.5514761620563645e-05,7.658113261381965e-08,3.05466908696872e-06,3.407902579813382e-06
368,False,0.0,-1.2628786905111156e-15,3.2051745217226424e-06,-1.2265369086467137e-05,3.2493925340965067e-06,1.5514761620563645e-05,7.658113261381965e-08,3.05466908696872e-06,3.407902579813382e-06
369,False,0.0,-1.2628786905111156e-15,3.2051745217226424e-06,-1.2265369086467137e-05,3.2493925340965067e-06,1.5514761620563645e-05,7.658113261381965e-08,3.05466908696872e-06,3.407902579813382e-06
371,False,0.0,-1.2628786905111156e-15,3.2051745217226424e-06,-1.2265369086467137e-05,3.2493925340965067e-06,1.5514761620563645e-05,7.658113261381965e-08,3.05466908696872e-06,3.407902579813382e-06
375,False,0.0,-1.2628786905111156e-15,3.2051745217226424e-06,-1.2265369086467137e-05,3.2493925340965067e-06,1.5514761620563645e-05,7.658113261381965e-08,3.05466908696872e-06,3.407902579813382e-06
376,False,0.0,-1.2628786905111156e-15,3.2051745217226424e-06,-1.2265369086467137e-05,3.2493925340965067e-06,1.5514761620563645e-05,7.658113261381965e-08,3.05466908696872e-06,3.407902579813382e-06
378,False,0.0,-1.2628786905111156e-15,3.2051745217226424e-06,-1.2265369086467137e-05,3.2493925340965067e-06,1.5514761620563645e-05,7.658113261381965e-08,3.05466908696872e-06,3.407902579813382e-06
380,False,0.0,-1.2628786905111156e-15,3.2051745217226424e-06,-1.2265369086467137e-05,3.2493925340965067e-06,1.5514761620563645e-05,7.658113261381965e-08,3.05466908696872e-06,3.407902579813382e-06
381,False,0.0,-1.2628786905111156e-15,3.2051745217226424e-06,-1.2265369086467137e-05,3.2493925340965067e-06,1.5514761620563645e-05,7.658113261381965e-08,3.05466908696872e-06,3.407902579813382e-06
383,False,0.0,-1.2628786905111156e-15,3.2051745217226424e-06,-1.2265369086467137e-05,3.2493925340965067e-06,1.5514761620563645e-05,7.658113261381965e-08,3.05466908696872e-06,3.407902579813382e-06
384,False,0.0,-1.2628786905111156e-15,3.2051745217226424e-06,-1.2265369086467137e-05,3.2493925340965067e-06,1.5514761620563645e-05,7.658113261381965e-08,3.05466908696872e-06,3.407902579813382e-06
386,False,0.0,-1.2628786905111156e-15,3.2051745217226424e-06,-1.2265369086467137e-05,3.2493925340965067e-06,1.5514761620563645e-05,7.658113261381965e-08,3.05466908696872e-06,3.407902579813382e-06
389,False,0.0,-1.2628786905111156e-15,3.2051745217226424e-06,-1.2265369086467137e-05,3.2493925340965067e-06,1.5514761620563645e-05,7.658113261381965e-08,3.05466908696872e-06,3.407902579813382e-06
390,False,0.0,-1.2628786905111156e-15,3.2051745217226424e-06,-1.2265369086467137e-05,3.2493925340965067e-06,1.5514761620563645e-05,7.658113261381965e-08,3.05466908696872e-06,3.407902579813382e-06
393,False,0.0,-1.2628786905111156e-15,3.2051745217226424e-06,-1.2265369086467137e-05,3.2493925340965067e-06,1.5514761620563645e-05,7.658113261381965e-08,3.05466908696872e-06,3.407902579813382e-06
397,False,0.0,-1.2628786905111156e-15,3.2051745217226424e-06,-1.2265369086467137e-05,3.2493925340965067e-06,1.5514761620563645e-05,7.658113261381965e-08,3.05466908696872e-06,3.407902579813382e-06
399,False,0.0,-1.2628786905111156e-15,3.2051745217226424e-06,-1.2265369086467137e-05,3.2493925340965067e-06,1.5514761620563645e-05,7.658113261381965e-08,3.05466908696872e-06,3.407902579813382e-06
400,False,0.0,-1.2628786905111156e-15,3.2051745217226424e-06,-1.2265369086467137e-05,3.2493925340965067e-06,1.5514761620563645e-05,7.658113261381965e-08,3.05466908696872e-06,3.407902579813382e-06
404,False,0.0,-1.2628786905111156e-15,3.2051745217226424e-06,-1.2265369086467137e-05,3.2493925340965067e-06,1.5514761620563645e-05,7.658113261381965e-08,3.05466908696872e-06,3.407902579813382e-06
406,False,0.0,-1.2628786905111156e-15,3.2051745217226424e-06,-1.2265369086467137e-05,3.2493925340965067e-06,1.5514761620563645e-05,7.658113261381965e-08,3.05466908696872e-06,3.407902579813382e-06
412,False,0.0,-1.2628786905111156e-15,3.2051745217226424e-06,-1.2265369086467137e-05,3.2493925340965067e-06,1.5514761620563645e-05,7.658113261381965e-08,3.05466908696872e-06,3.407902579813382e-06
416,False,0.0,-1.2628786905111156e-15,3.2051745217226424e-06,-1.2265369086467137e-05,3.2493925340965067e-06,1.5514761620563645e-05,7.658113261381965e-08,3.05466908696872e-06,3.407902579813382e-06
417,False,0.0,-1.2628786905111156e-15,3.2051745217226424e-06,-1.2265369086467137e-05,3.2493925340965067e-06,1.5514761620563645e-05,7.658113261381965e-08,3.05466908696872e-06,3.407902579813382e-06
418,False,0.0,-1.2628786905111156e-15,3.2051745217226424e-06,-1.2265369086467137e-05,3.2493925340965067e-06,1.5514761620563645e-05,7.658113261381965e-08,3.05466908696872e-06,3.407902579813382e-06
420,False,0.0,-1.2628786905111156e-15,3.2051745217226424e-06,-1.2265369086467137e-05,3.2493925340965067e-06,1.5514761620563645e-05,7.658113261381965e-08,3.05466908696872e-06,3.407902579813382e-06
422,False,0.0,-1.2628786905111156e-15,3.2051745217226424e-06,-1.2265369086467137e-05,3.2493925340965067e-06,1.5514761620563645e-05,7.658113261381965e-08,3.05466908696872e-06,3.407902579813382e-06
423,False,0.0,-1.2628786905111156e-15,3.2051745217226424e-06,-1.2265369086467137e-05,3.2493925340965067e-06,1.5514761620563645e-05,7.658113261381965e-08,3.05466908696872e-06,3.407902579813382e-06
426,False,0.0,-1.2628786905111156e-15,3.2051745217226424e-06,-1.2265369086467137e-05,3.2493925340965067e-06,1.5514761620563645e-05,7.658113261381965e-08,3.05466908696872e-06,3.407902579813382e-06
428,False,0.0,-1.2628786905111156e-15,3.2051745217226424e-06,-1.2265369086467137e-05,3.2493925340965067e-06,1.5514761620563645e-05,7.658113261381965e-08,3.05466908696872e-06,3.407902579813382e-06
431,False,0.0,-1.2628786905111156e-15,3.2051745217226424e-06,-1.2265369086467137e-05,3.2493925340965067e-06,1.5514761620563645e-05,7.658113261381965e-08,3.05466908696872e-06,3.407902579813382e-06
432,False,0.0,-1.2628786905111156e-15,3.2051745217226424e-06,-1.2265369086467137e-05,3.2493925340965067e-06,1.5514761620563645e-05,7.658113261381965e-08,3.05466908696872e-06,3.407902579813382e-06
433,False,0.0,-1.2628786905111156e-15,3.2051745217226424e-06,-1.2265369086467137e-05,3.2493925340965067e-06,1.5514761620563645e-05,7.658113261381965e-08,3.05466908696872e-06,3.407902579813382e-06
434,False,0.0,-1.2628786905111156e-15,3.2051745217226424e-06,-1.2265369086467137e-05,3.2493925340965067e-06,1.5514761620563645e-05,7.658113261381965e-08,3.05466908696872e-06,3.407902579813382e-06
435,False,0.0,-1.2628786905111156e-15,3.2051745217226424e-06,-1.2265369086467137e-05,3.2493925340965067e-06,1.5514761620563645e-05,7.658113261381965e-08,3.05466908696872e-06,3.407902579813382e-06
436,False,0.0,-1.2628786905111156e-15,3.2051745217226424e-06,-1.2265369086467137e-05,3.2493925340965067e-06,1.5514761620563645e-05,7.658113261381965e-08,3.05466908696872e-06,3.407902579813382e-06
438,False,0.0,-1.2628786905111156e-15,3.2051745217226424e-06,-1.2265369086467137e-05,3.2493925340965067e-06,1.5514761620563645e-05,7.658113261381965e-08,3.05466908696872e-06,3.407902579813382e-06
440,False,0.0,-1.2628786905111156e-15,3.2051745217226424e-06,-1.2265369086467137e-05,3.2493925340965067e-06,1.5514761620563645e-05,7.658113261381965e-08,3.05466908696872e-06,3.407902579813382e-06
441,False,0.0,-1.2628786905111156e-15,3.2051745217226424e-06,-1.2265369086467137e-05,3.2493925340965067e-06,1.5514761620563645e-05,7.658113261381965e-08,3.05466908696872e-06,3.407902579813382e-06
442,False,0.0,-1.2628786905111156e-15,3.2051745217226424e-06,-1.2265369086467137e-05,3.2493925340965067e-06,1.5514761620563645e-05,7.658113261381965e-08,3.05466908696872e-06,3.407902579813382e-06
445,False,0.0,-1.2628786905111156e-15,3.2051745217226424e-06,-1.2265369086467137e-05,3.2493925340965067e-06,1.5514761620563645e-05,7.658113261381965e-08,3.05466908696872e-06,3.407902579813382e-06
446,False,0.0,-1.2628786905111156e-15,3.2051745217226424e-06,-1.2265369086467137e-05,3.2493925340965067e-06,1.5514761620563645e-05,7.658113261381965e-08,3.05466908696872e-06,3.407902579813382e-06
448,False,0.0,-1.2628786905111156e-15,3.2051745217226424e-06,-1.2265369086467137e-05,3.2493925340965067e-06,1.5514761620563645e-05,7.658113261381965e-08,3.05466908696872e-06,3.407902579813382e-06
452,False,0.0,-1.2628786905111156e-15,3.2051745217226424e-06,-1.2265369086467137e-05,3.2493925340965067e-06,1.5514761620563645e-05,7.658113261381965e-08,3.05466908696872e-06,3.407902579813382e-06
456,False,0.0,-1.2628786905111156e-15,3.2051745217226424e-06,-1.2265369086467137e-05,3.2493925340965067e-06,1.5514761620563645e-05,7.658113261381965e-08,3.05466908696872e-06,3.407902579813382e-06
457,False,0.0,-1.2628786905111156e-15,3.2051745217226424e-06,-1.2265369086467137e-05,3.2493925340965067e-06,1.5514761620563645e-05,7.658113261381965e-08,3.05466908696872e-06,3.407902579813382e-06
458,False,0.0,-1.2628786905111156e-15,3.2051745217226424e-06,-1.2265369086467137e-05,3.2493925340965067e-06,1.5514761620563645e-05,7.658113261381965e-08,3.05466908696872e-06,3.407902579813382e-06
461,False,0.0,-1.2628786905111156e-15,3.2051745217226424e-06,-1.2265369086467137e-05,3.2493925340965067e-06,1.5514761620563645e-05,7.658113261381965e-08,3.05466908696872e-06,3.407902579813382e-06
462,False,0.0,-1.2628786905111156e-15,3.2051745217226424e-06,-1.2265369086467137e-05,3.2493925340965067e-06,1.5514761620563645e-05,7.658113261381965e-08,3.05466908696872e-06,3.407902579813382e-06
467,False,0.0,-1.2628786905111156e-15,3.2051745217226424e-06,-1.2265369086467137e-05,3.2493925340965067e-06,1.5514761620563645e-05,7.658113261381965e-08,3.05466908696872e-06,3.407902579813382e-06
468,False,0.0,-1.2628786905111156e-15,3.2051745217226424e-06,-1.2265369086467137e-05,3.2493925340965067e-06,1.5514761620563645e-05,7.658113261381965e-08,3.05466908696872e-06,3.407902579813382e-06
469,False,0.0,-1.2628786905111156e-15,3.2051745217226424e-06,-1.2265369086467137e-05,3.2493925340965067e-06,1.5514761620563645e-05,7.658113261381965e-08,3.05466908696872e-06,3.407902579813382e-06
511,False,0.0,-1.2628786905111156e-15,3.2051745217226424e-06,-1.2265369086467137e-05,3.2493925340965067e-06,1.5514761620563645e-05,7.658113261381965e-08,3.05466908696872e-06,3.407902579813382e-06
671,False,0.0,-1.2628786905111156e-15,3.2051745217226424e-06,-1.2265369086467137e-05,3.2493925340965067e-06,1.5514761620563645e-05,7.658113261381965e-08,3.05466908696872e-06,3.407902579813382e-06
672,False,0.0,-1.2628786905111156e-15,3.2051745217226424e-06,-1.2265369086467137e-05,3.2493925340965067e-06,1.5514761620563645e-05,7.658113261381965e-08,3.05466908696872e-06,3.407902579813382e-06
673,False,0.0,-1.2628786905111156e-15,3.2051745217226424e-06,-1.2265369086467137e-05,3.2493925340965067e-06,1.5514761620563645e-05,7.658113261381965e-08,3.05466908696872e-06,3.407902579813382e-06
674,False,0.0,-1.2628786905111156e-15,3.2051745217226424e-06,-1.2265369086467137e-05,3.2493925340965067e-06,1.5514761620563645e-05,7.658113261381965e-08,3.05466908696872e-06,3.407902579813382e-06
676,False,0.0,-1.2628786905111156e-15,3.2051745217226424e-06,-1.2265369086467137e-05,3.2493925340965067e-06,1.5514761620563645e-05,7.658113261381965e-08,3.05466908696872e-06,3.407902579813382e-06
677,False,0.0,-1.2628786905111156e-15,3.2051745217226424e-06,-1.2265369086467137e-05,3.2493925340965067e-06,1.5514761620563645e-05,7.658113261381965e-08,3.05466908696872e-06,3.407902579813382e-06
678,False,0.0,-1.2628786905111156e-15,3.2051745217226424e-06,-1.2265369086467137e-05,3.2493925340965067e-06,1.5514761620563645e-05,7.658113261381965e-08,3.05466908696872e-06,3.407902579813382e-06
679,False,0.0,-1.2628786905111156e-15,3.2051745217226424e-06,-1.2265369086467137e-05,3.2493925340965067e-06,1.5514761620563645e-05,7.658113261381965e-08,3.05466908696872e-06,3.407902579813382e-06
680,False,0.0,-1.2628786905111156e-15,3.2051745217226424e-06,-1.2265369086467137e-05,3.2493925340965067e-06,1.5514761620563645e-05,7.658113261381965e-08,3.05466908696872e-06,3.407902579813382e-06
681,False,0.0,-1.2628786905111156e-15,3.2051745217226424e-06,-1.2265369086467137e-05,3.2493925340965067e-06,1.5514761620563645e-05,7.658113261381965e-08,3.05466908696872e-06,3.407902579813382e-06
682,False,0.0,-1.2628786905111156e-15,3.2051745217226424e-06,-1.2265369086467137e-05,3.2493925340965067e-06,1.5514761620563645e-05,7.658113261381965e-08,3.05466908696872e-06,3.407902579813382e-06
684,False,0.0,-1.2628786905111156e-15,3.2051745217226424e-06,-1.2265369086467137e-05,3.2493925340965067e-06,1.5514761620563645e-05,7.658113261381965e-08,3.05466908696872e-06,3.407902579813382e-06
685,False,0.0,-1.2628786905111156e-15,3.2051745217226424e-06,-1.2265369086467137e-05,3.2493925340965067e-06,1.5514761620563645e-05,7.658113261381965e-08,3.05466908696872e-06,3.407902579813382e-06
686,False,0.0,-1.2628786905111156e-15,3.2051745217226424e-06,-1.2265369086467137e-05,3.2493925340965067e-06,1.5514761620563645e-05,7.658113261381965e-08,3.05466908696872e-06,3.407902579813382e-06
688,False,0.0,-1.2628786905111156e-15,3.2051745217226424e-06,-1.2265369086467137e-05,3.2493925340965067e-06,1.5514761620563645e-05,7.658113261381965e-08,3.05466908696872e-06,3.407902579813382e-06
689,False,0.0,-1.2628786905111156e-15,3.2051745217226424e-06,-1.2265369086467137e-05,3.2493925340965067e-06,1.5514761620563645e-05,7.658113261381965e-08,3.05466908696872e-06,3.407902579813382e-06
690,False,0.0,-1.2628786905111156e-15,3.2051745217226424e-06,-1.2265369086467137e-05,3.2493925340965067e-06,1.5514761620563645e-05,7.658113261381965e-08,3.05466908696872e-06,3.407902579813382e-06
691,False,0.0,-1.2628786905111156e-15,3.2051745217226424e-06,-1.2265369086467137e-05,3.2493925340965067e-06,1.5514761620563645e-05,7.658113261381965e-08,3.05466908696872e-06,3.407902579813382e-06
692,False,0.0,-1.2628786905111156e-15,3.2051745217226424e-06,-1.2265369086467137e-05,3.2493925340965067e-06,1.5514761620563645e-05,7.658113261381965e-08,3.05466908696872e-06,3.407902579813382e-06
693,False,0.0,-1.2628786905111156e-15,3.2051745217226424e-06,-1.2265369086467137e-05,3.2493925340965067e-06,1.5514761620563645e-05,7.658113261381965e-08,3.05466908696872e-06,3.407902579813382e-06
694,False,0.0,-1.2628786905111156e-15,3.2051745217226424e-06,-1.2265369086467137e-05,3.2493925340965067e-06,1.5514761620563645e-05,7.658113261381965e-08,3.05466908696872e-06,3.407902579813382e-06
695,False,0.0,-1.2628786905111156e-15,3.2051745217226424e-06,-1.2265369086467137e-05,3.2493925340965067e-06,1.5514761620563645e-05,7.658113261381965e-08,3.05466908696872e-06,3.407902579813382e-06
696,False,0.0,-1.2628786905111156e-15,3.2051745217226424e-06,-1.2265369086467137e-05,3.2493925340965067e-06,1.5514761620563645e-05,7.658113261381965e-08,3.05466908696872e-06,3.407902579813382e-06
697,False,0.0,-1.2628786905111156e-15,3.2051745217226424e-06,-1.2265369086467137e-05,3.2493925340965067e-06,1.5514761620563645e-05,7.658113261381965e-08,3.05466908696872e-06,3.407902579813382e-06
698,False,0.0,-1.2628786905111156e-15,3.2051745217226424e-06,-1.2265369086467137e-05,3.2493925340965067e-06,1.5514761620563645e-05,7.658113261381965e-08,3.05466908696872e-06,3.407902579813382e-06
699,False,0.0,-1.2628786905111156e-15,3.2051745217226424e-06,-1.2265369086467137e-05,3.2493925340965067e-06,1.5514761620563645e-05,7.658113261381965e-08,3.05466908696872e-06,3.407902579813382e-06
700,False,0.0,-1.2628786905111156e-15,3.2051745217226424e-06,-1.2265369086467137e-05,3.2493925340965067e-06,1.5514761620563645e-05,7.658113261381965e-08,3.05466908696872e-06,3.407902579813382e-06
701,False,0.0,-1.2628786905111156e-15,3.2051745217226424e-06,-1.2265369086467137e-05,3.2493925340965067e-06,1.5514761620563645e-05,7.658113261381965e-08,3.05466908696872e-06,3.407902579813382e-06
702,False,0.0,-1.2628786905111156e-15,3.2051745217226424e-06,-1.2265369086467137e-05,3.2493925340965067e-06,1.5514761620563645e-05,7.658113261381965e-08,3.05466908696872e-06,3.407902579813382e-06
703,False,0.0,-1.2628786905111156e-15,3.2051745217226424e-06,-1.2265369086467137e-05,3.2493925340965067e-06,1.5514761620563645e-05,7.658113261381965e-08,3.05466908696872e-06,3.407902579813382e-06
704,False,0.0,-1.2628786905111156e-15,3.2051745217226424e-06,-1.2265369086467137e-05,3.2493925340965067e-06,1.5514761620563645e-05,7.658113261381965e-08,3.05466908696872e-06,3.407902579813382e-06
706,False,0.0,-1.2628786905111156e-15,3.2051745217226424e-06,-1.2265369086467137e-05,3.2493925340965067e-06,1.5514761620563645e-05,7.658113261381965e-08,3.05466908696872e-06,3.407902579813382e-06
707,False,0.0,-1.2628786905111156e-15,3.2051745217226424e-06,-1.2265369086467137e-05,3.2493925340965067e-06,1.5514761620563645e-05,7.658113261381965e-08,3.05466908696872e-06,3.407902579813382e-06
708,False,0.0,-1.2628786905111156e-15,3.2051745217226424e-06,-1.2265369086467137e-05,3.2493925340965067e-06,1.5514761620563645e-05,7.658113261381965e-08,3.05466908696872e-06,3.407902579813382e-06
709,False,0.0,-1.2628786905111156e-15,3.2051745217226424e-06,-1.2265369086467137e-05,3.2493925340965067e-06,1.5514761620563645e-05,7.658113261381965e-08,3.05466908696872e-06,3.407902579813382e-06
710,False,0.0,-1.2628786905111156e-15,3.2051745217226424e-06,-1.2265369086467137e-05,3.2493925340965067e-06,1.5514761620563645e-05,7.658113261381965e-08,3.05466908696872e-06,3.407902579813382e-06
711,False,0.0,-1.2628786905111156e-15,3.2051745217226424e-06,-1.2265369086467137e-05,3.2493925340965067e-06,1.5514761620563645e-05,7.658113261381965e-08,3.05466908696872e-06,3.407902579813382e-06
712,False,0.0,-1.2628786905111156e-15,3.2051745217226424e-06,-1.2265369086467137e-05,3.2493925340965067e-06,1.5514761620563645e-05,7.658113261381965e-08,3.05466908696872e-06,3.407902579813382e-06
713,False,0.0,-1.2628786905111156e-15,3.2051745217226424e-06,-1.2265369086467137e-05,3.2493925340965067e-06,1.5514761620563645e-05,7.658113261381965e-08,3.05466908696872e-06,3.407902579813382e-06
714,False,0.0,-1.2628786905111156e-15,3.2051745217226424e-06,-1.2265369086467137e-05,3.2493925340965067e-06,1.5514761620563645e-05,7.658113261381965e-08,3.05466908696872e-06,3.407902579813382e-06
715,False,0.0,-1.2628786905111156e-15,3.2051745217226424e-06,-1.2265369086467137e-05,3.2493925340965067e-06,1.5514761620563645e-05,7.658113261381965e-08,3.05466908696872e-06,3.407902579813382e-06
716,False,0.0,-1.2628786905111156e-15,3.2051745217226424e-06,-1.2265369086467137e-05,3.2493925340965067e-06,1.5514761620563645e-05,7.658113261381965e-08,3.05466908696872e-06,3.407902579813382e-06
717,False,0.0,-1.2628786905111156e-15,3.2051745217226424e-06,-1.2265369086467137e-05,3.2493925340965067e-06,1.5514761620563645e-05,7.658113261381965e-08,3.05466908696872e-06,3.407902579813382e-06
718,False,0.0,-1.2628786905111156e-15,3.2051745217226424e-06,-1.2265369086467137e-05,3.2493925340965067e-06,1.5514761620563645e-05,7.658113261381965e-08,3.05466908696872e-06,3.407902579813382e-06
719,False,0.0,-1.2628786905111156e-15,3.2051745217226424e-06,-1.2265369086467137e-05,3.2493925340965067e-06,1.5514761620563645e-05,7.658113261381965e-08,3.05466908696872e-06,3.407902579813382e-06
721,False,0.0,-1.2628786905111156e-15,3.2051745217226424e-06,-1.2265369086467137e-05,3.2493925340965067e-06,1.5514761620563645e-05,7.658113261381965e-08,3.05466908696872e-06,3.407902579813382e-06
722,False,0.0,-1.2628786905111156e-15,3.2051745217226424e-06,-1.2265369086467137e-05,3.2493925340965067e-06,1.5514761620563645e-05,7.658113261381965e-08,3.05466908696872e-06,3.407902579813382e-06
724,False,0.0,-1.2628786905111156e-15,3.2051745217226424e-06,-1.2265369086467137e-05,3.2493925340965067e-06,1.5514761620563645e-05,7.658113261381965e-08,3.05466908696872e-06,3.407902579813382e-06
725,False,0.0,-1.2628786905111156e-15,3.2051745217226424e-06,-1.2265369086467137e-05,3.2493925340965067e-06,1.5514761620563645e-05,7.658113261381965e-08,3.05466908696872e-06,3.407902579813382e-06
727,False,0.0,-1.2628786905111156e-15,3.2051745217226424e-06,-1.2265369086467137e-05,3.2493925340965067e-06,1.5514761620563645e-05,7.658113261381965e-08,3.05466908696872e-06,3.407902579813382e-06
728,False,0.0,-1.2628786905111156e-15,3.2051745217226424e-06,-1.2265369086467137e-05,3.2493925340965067e-06,1.5514761620563645e-05,7.658113261381965e-08,3.05466908696872e-06,3.407902579813382e-06
729,False,0.0,-1.2628786905111156e-15,3.2051745217226424e-06,-1.2265369086467137e-05,3.2493925340965067e-06,1.5514761620563645e-05,7.658113261381965e-08,3.05466908696872e-06,3.407902579813382e-06
731,False,0.0,-1.2628786905111156e-15,3.2051745217226424e-06,-1.2265369086467137e-05,3.2493925340965067e-06,1.5514761620563645e-05,7.658113261381965e-08,3.05466908696872e-06,3.407902579813382e-06
732,False,0.0,-1.2628786905111156e-15,3.2051745217226424e-06,-1.2265369086467137e-05,3.2493925340965067e-06,1.5514761620563645e-05,7.658113261381965e-08,3.05466908696872e-06,3.407902579813382e-06
733,False,0.0,-1.2628786905111156e-15,3.2051745217226424e-06,-1.2265369086467137e-05,3.2493925340965067e-06,1.5514761620563645e-05,7.658113261381965e-08,3.05466908696872e-06,3.407902579813382e-06
734,False,0.0,-1.2628786905111156e-15,3.2051745217226424e-06,-1.2265369086467137e-05,3.2493925340965067e-06,1.5514761620563645e-05,7.658113261381965e-08,3.05466908696872e-06,3.407902579813382e-06
735,False,0.0,-1.2628786905111156e-15,3.2051745217226424e-06,-1.2265369086467137e-05,3.2493925340965067e-06,1.5514761620563645e-05,7.658113261381965e-08,3.05466908696872e-06,3.407902579813382e-06
737,False,0.0,-1.2628786905111156e-15,3.2051745217226424e-06,-1.2265369086467137e-05,3.2493925340965067e-06,1.5514761620563645e-05,7.658113261381965e-08,3.05466908696872e-06,3.407902579813382e-06
739,False,0.0,-1.2628786905111156e-15,3.2051745217226424e-06,-1.2265369086467137e-05,3.2493925340965067e-06,1.5514761620563645e-05,7.658113261381965e-08,3.05466908696872e-06,3.407902579813382e-06
753,False,0.0,-1.2628786905111156e-15,3.2051745217226424e-06,-1.2265369086467137e-05,3.2493925340965067e-06,1.5514761620563645e-05,7.658113261381965e-08,3.05466908696872e-06,3.407902579813382e-06
754,False,0.0,-1.2628786905111156e-15,3.2051745217226424e-06,-1.2265369086467137e-05,3.2493925340965067e-06,1.5514761620563645e-05,7.658113261381965e-08,3.05466908696872e-06,3.407902579813382e-06
757,False,0.0,-1.2628786905111156e-15,3.2051745217226424e-06,-1.2265369086467137e-05,3.2493925340965067e-06,1.5514761620563645e-05,7.658113261381965e-08,3.05466908696872e-06,3.407902579813382e-06
760,False,0.0,-1.2628786905111156e-15,3.2051745217226424e-06,-1.2265369086467137e-05,3.2493925340965067e-06,1.5514761620563645e-05,7.658113261381965e-08,3.05466908696872e-06,3.407902579813382e-06
761,False,0.0,-1.2628786905111156e-15,3.2051745217226424e-06,-1.2265369086467137e-05,3.2493925340965067e-06,1.5514761620563645e-05,7.658113261381965e-08,3.05466908696872e-06,3.407902579813382e-06
762,False,0.0,-1.2628786905111156e-15,3.2051745217226424e-06,-1.2265369086467137e-05,3.2493925340965067e-06,1.5514761620563645e-05,7.658113261381965e-08,3.05466908696872e-06,3.407902579813382e-06
763,False,0.0,-1.2628786905111156e-15,3.2051745217226424e-06,-1.2265369086467137e-05,3.2493925340965067e-06,1.5514761620563645e-05,7.658113261381965e-08,3.05466908696872e-06,3.407902579813382e-06
764,False,0.0,-1.2628786905111156e-15,3.2051745217226424e-06,-1.2265369086467137e-05,3.2493925340965067e-06,1.5514761620563645e-05,7.658113261381965e-08,3.05466908696872e-06,3.407902579813382e-06
765,False,0.0,-1.2628786905111156e-15,3.2051745217226424e-06,-1.2265369086467137e-05,3.2493925340965067e-06,1.5514761620563645e-05,7.658113261381965e-08,3.05466908696872e-06,3.407902579813382e-06
766,False,0.0,-1.2628786905111156e-15,3.2051745217226424e-06,-1.2265369086467137e-05,3.2493925340965067e-06,1.5514761620563645e-05,7.658113261381965e-08,3.05466908696872e-06,3.407902579813382e-06
768,False,0.0,-1.2628786905111156e-15,3.2051745217226424e-06,-1.2265369086467137e-05,3.2493925340965067e-06,1.5514761620563645e-05,7.658113261381965e-08,3.05466908696872e-06,3.407902579813382e-06
769,False,0.0,-1.2628786905111156e-15,3.2051745217226424e-06,-1.2265369086467137e-05,3.2493925340965067e-06,1.5514761620563645e-05,7.658113261381965e-08,3.05466908696872e-06,3.407902579813382e-06
770,False,0.0,-1.2628786905111156e-15,3.2051745217226424e-06,-1.2265369086467137e-05,3.2493925340965067e-06,1.5514761620563645e-05,7.658113261381965e-08,3.05466908696872e-06,3.407902579813382e-06
771,False,0.0,-1.2628786905111156e-15,3.2051745217226424e-06,-1.2265369086467137e-05,3.2493925340965067e-06,1.5514761620563645e-05,7.658113261381965e-08,3.05466908696872e-06,3.407902579813382e-06
777,False,0.0,-1.2628786905111156e-15,3.2051745217226424e-06,-1.2265369086467137e-05,3.2493925340965067e-06,1.5514761620563645e-05,7.658113261381965e-08,3.05466908696872e-06,3.407902579813382e-06
779,False,0.0,-1.2628786905111156e-15,3.2051745217226424e-06,-1.2265369086467137e-05,3.2493925340965067e-06,1.5514761620563645e-05,7.658113261381965e-08,3.05466908696872e-06,3.407902579813382e-06
781,False,0.0,-1.2628786905111156e-15,3.2051745217226424e-06,-1.2265369086467137e-05,3.2493925340965067e-06,1.5514761620563645e-05,7.658113261381965e-08,3.05466908696872e-06,3.407902579813382e-06
782,False,0.0,-1.2628786905111156e-15,3.2051745217226424e-06,-1.2265369086467137e-05,3.2493925340965067e-06,1.5514761620563645e-05,7.658113261381965e-08,3.05466908696872e-06,3.407902579813382e-06
783,False,0.0,-1.2628786905111156e-15,3.2051745217226424e-06,-1.2265369086467137e-05,3.2493925340965067e-06,1.5514761620563645e-05,7.658113261381965e-08,3.05466908696872e-06,3.407902579813382e-06
785,False,0.0,-1.2628786905111156e-15,3.2051745217226424e-06,-1.2265369086467137e-05,3.2493925340965067e-06,1.5514761620563645e-05,7.658113261381965e-08,3.05466908696872e-06,3.407902579813382e-06
786,False,0.0,-1.2628786905111156e-15,3.2051745217226424e-06,-1.2265369086467137e-05,3.2493925340965067e-06,1.5514761620563645e-05,7.658113261381965e-08,3.05466908696872e-06,3.407902579813382e-06
787,False,0.0,-1.2628786905111156e-15,3.2051745217226424e-06,-1.2265369086467137e-05,3.2493925340965067e-06,1.5514761620563645e-05,7.658113261381965e-08,3.05466908696872e-06,3.407902579813382e-06
788,False,0.0,-1.2628786905111156e-15,3.2051745217226424e-06,-1.2265369086467137e-05,3.2493925340965067e-06,1.5514761620563645e-05,7.658113261381965e-08,3.05466908696872e-06,3.407902579813382e-06
891,False,0.0,-1.2628786905111156e-15,3.2051745217226424e-06,-1.2265369086467137e-05,3.2493925340965067e-06,1.5514761620563645e-05,7.658113261381965e-08,3.05466908696872e-06,3.407902579813382e-06
892,False,0.0,-1.2628786905111156e-15,3.2051745217226424e-06,-1.2265369086467137e-05,3.2493925340965067e-06,1.5514761620563645e-05,7.658113261381965e-08,3.05466908696872e-06,3.407902579813382e-06
893,False,0.0,-1.2628786905111156e-15,3.2051745217226424e-06,-1.2265369086467137e-05,3.2493925340965067e-06,1.5514761620563645e-05,7.658113261381965e-08,3.05466908696872e-06,3.407902579813382e-06
894,False,0.0,-1.2628786905111156e-15,3.2051745217226424e-06,-1.2265369086467137e-05,3.2493925340965067e-06,1.5514761620563645e-05,7.658113261381965e-08,3.05466908696872e-06,3.407902579813382e-06
895,False,0.0,-1.2628786905111156e-15,3.2051745217226424e-06,-1.2265369086467137e-05,3.2493925340965067e-06,1.5514761620563645e-05,7.658113261381965e-08,3.05466908696872e-06,3.407902579813382e-06
896,False,0.0,-1.2628786905111156e-15,3.2051745217226424e-06,-1.2265369086467137e-05,3.2493925340965067e-06,1.5514761620563645e-05,7.658113261381965e-08,3.05466908696872e-06,3.407902579813382e-06
898,False,0.0,-1.2628786905111156e-15,3.2051745217226424e-06,-1.2265369086467137e-05,3.2493925340965067e-06,1.5514761620563645e-05,7.658113261381965e-08,3.05466908696872e-06,3.407902579813382e-06
899,False,0.0,-1.2628786905111156e-15,3.2051745217226424e-06,-1.2265369086467137e-05,3.2493925340965067e-06,1.5514761620563645e-05,7.658113261381965e-08,3.05466908696872e-06,3.407902579813382e-06
900,False,0.0,-1.2628786905111156e-15,3.2051745217226424e-06,-1.2265369086467137e-05,3.2493925340965067e-06,1.5514761620563645e-05,7.658113261381965e-08,3.05466908696872e-06,3.407902579813382e-06
901,False,0.0,-1.2628786905111156e-15,3.2051745217226424e-06,-1.2265369086467137e-05,3.2493925340965067e-06,1.5514761620563645e-05,7.658113261381965e-08,3.05466908696872e-06,3.407902579813382e-06
902,False,0.0,-1.2628786905111156e-15,3.2051745217226424e-06,-1.2265369086467137e-05,3.2493925340965067e-06,1.5514761620563645e-05,7.658113261381965e-08,3.05466908696872e-06,3.407902579813382e-06
904,False,0.0,-1.2628786905111156e-15,3.2051745217226424e-06,-1.2265369086467137e-05,3.2493925340965067e-06,1.5514761620563645e-05,7.658113261381965e-08,3.05466908696872e-06,3.407902579813382e-06
905,False,0.0,-1.2628786905111156e-15,3.2051745217226424e-06,-1.2265369086467137e-05,3.2493925340965067e-06,1.5514761620563645e-05,7.658113261381965e-08,3.05466908696872e-06,3.407902579813382e-06
906,False,0.0,-1.2628786905111156e-15,3.2051745217226424e-06,-1.2265369086467137e-05,3.2493925340965067e-06,1.5514761620563645e-05,7.658113261381965e-08,3.05466908696872e-06,3.407902579813382e-06
907,False,0.0,-1.2628786905111156e-15,3.2051745217226424e-06,-1.2265369086467137e-05,3.2493925340965067e-06,1.5514761620563645e-05,7.658113261381965e-08,3.05466908696872e-06,3.407902579813382e-06
911,False,0.0,-1.2628786905111156e-15,3.2051745217226424e-06,-1.2265369086467137e-05,3.2493925340965067e-06,1.5514761620563645e-05,7.658113261381965e-08,3.05466908696872e-06,3.407902579813382e-06
912,False,0.0,-1.2628786905111156e-15,3.2051745217226424e-06,-1.2265369086467137e-05,3.2493925340965067e-06,1.5514761620563645e-05,7.658113261381965e-08,3.05466908696872e-06,3.407902579813382e-06
913,False,0.0,-1.2628786905111156e-15,3.2051745217226424e-06,-1.2265369086467137e-05,3.2493925340965067e-06,1.5514761620563645e-05,7.658113261381965e-08,3.05466908696872e-06,3.407902579813382e-06
914,False,0.0,-1.2628786905111156e-15,3.2051745217226424e-06,-1.2265369086467137e-05,3.2493925340965067e-06,1.5514761620563645e-05,7.658113261381965e-08,3.05466908696872e-06,3.407902579813382e-06
915,False,0.0,-1.2628786905111156e-15,3.2051745217226424e-06,-1.2265369086467137e-05,3.2493925340965067e-06,1.5514761620563645e-05,7.658113261381965e-08,3.05466908696872e-06,3.407902579813382e-06
916,False,0.0,-1.2628786905111156e-15,3.2051745217226424e-06,-1.2265369086467137e-05,3.2493925340965067e-06,1.5514761620563645e-05,7.658113261381965e-08,3.05466908696872e-06,3.407902579813382e-06
917,False,0.0,-1.2628786905111156e-15,3.2051745217226424e-06,-1.2265369086467137e-05,3.2493925340965067e-06,1.5514761620563645e-05,7.658113261381965e-08,3.05466908696872e-06,3.407902579813382e-06
919,False,0.0,-1.2628786905111156e-15,3.2051745217226424e-06,-1.2265369086467137e-05,3.2493925340965067e-06,1.5514761620563645e-05,7.658113261381965e-08,3.05466908696872e-06,3.407902579813382e-06
920,False,0.0,-1.2628786905111156e-15,3.2051745217226424e-06,-1.2265369086467137e-05,3.2493925340965067e-06,1.5514761620563645e-05,7.658113261381965e-08,3.05466908696872e-06,3.407902579813382e-06
922,False,0.0,-1.2628786905111156e-15,3.2051745217226424e-06,-1.2265369086467137e-05,3.2493925340965067e-06,1.5514761620563645e-05,7.658113261381965e-08,3.05466908696872e-06,3.407902579813382e-06
923,False,0.0,-1.2628786905111156e-15,3.2051745217226424e-06,-1.2265369086467137e-05,3.2493925340965067e-06,1.5514761620563645e-05,7.658113261381965e-08,3.05466908696872e-06,3.407902579813382e-06
924,False,0.0,-1.2628786905111156e-15,3.2051745217226424e-06,-1.2265369086467137e-05,3.2493925340965067e-06,1.5514761620563645e-05,7.658113261381965e-08,3.05466908696872e-06,3.407902579813382e-06
925,False,0.0,-1.2628786905111156e-15,3.2051745217226424e-06,-1.2265369086467137e-05,3.2493925340965067e-06,1.5514761620563645e-05,7.658113261381965e-08,3.05466908696872e-06,3.407902579813382e-06
927,False,0.0,-1.2628786905111156e-15,3.2051745217226424e-06,-1.2265369086467137e-05,3.2493925340965067e-06,1.5514761620563645e-05,7.658113261381965e-08,3.05466908696872e-06,3.407902579813382e-06
929,False,0.0,-1.2628786905111156e-15,3.2051745217226424e-06,-1.2265369086467137e-05,3.2493925340965067e-06,1.5514761620563645e-05,7.658113261381965e-08,3.05466908696872e-06,3.407902579813382e-06
931,False,0.0,-1.2628786905111156e-15,3.2051745217226424e-06,-1.2265369086467137e-05,3.2493925340965067e-06,1.5514761620563645e-05,7.658113261381965e-08,3.05466908696872e-06,3.407902579813382e-06
932,False,0.0,-1.2628786905111156e-15,3.2051745217226424e-06,-1.2265369086467137e-05,3.2493925340965067e-06,1.5514761620563645e-05,7.658113261381965e-08,3.05466908696872e-06,3.407902579813382e-06
934,False,0.0,-1.2628786905111156e-15,3.2051745217226424e-06,-1.2265369086467137e-05,3.2493925340965067e-06,1.5514761620563645e-05,7.658113261381965e-08,3.05466908696872e-06,3.407902579813382e-06
935,False,0.0,-1.2628786905111156e-15,3.2051745217226424e-06,-1.2265369086467137e-05,3.2493925340965067e-06,1.5514761620563645e-05,7.658113261381965e-08,3.05466908696872e-06,3.407902579813382e-06
937,False,0.0,-1.2628786905111156e-15,3.2051745217226424e-06,-1.2265369086467137e-05,3.2493925340965067e-06,1.5514761620563645e-05,7.658113261381965e-08,3.05466908696872e-06,3.407902579813382e-06
938,False,0.0,-1.2628786905111156e-15,3.2051745217226424e-06,-1.2265369086467137e-05,3.2493925340965067e-06,1.5514761620563645e-05,7.658113261381965e-08,3.05466908696872e-06,3.407902579813382e-06
939,False,0.0,-1.2628786905111156e-15,3.2051745217226424e-06,-1.2265369086467137e-05,3.2493925340965067e-06,1.5514761620563645e-05,7.658113261381965e-08,3.05466908696872e-06,3.407902579813382e-06
940,False,0.0,-1.2628786905111156e-15,3.2051745217226424e-06,-1.2265369086467137e-05,3.2493925340965067e-06,1.5514761620563645e-05,7.658113261381965e-08,3.05466908696872e-06,3.407902579813382e-06
941,False,0.0,-1.2628786905111156e-15,3.2051745217226424e-06,-1.2265369086467137e-05,3.2493925340965067e-06,1.5514761620563645e-05,7.658113261381965e-08,3.05466908696872e-06,3.407902579813382e-06
947,False,0.0,-1.2628786905111156e-15,3.2051745217226424e-06,-1.2265369086467137e-05,3.2493925340965067e-06,1.5514761620563645e-05,7.658113261381965e-08,3.05466908696872e-06,3.407902579813382e-06
948,False,0.0,-1.2628786905111156e-15,3.2051745217226424e-06,-1.2265369086467137e-05,3.2493925340965067e-06,1.5514761620563645e-05,7.658113261381965e-08,3.05466908696872e-06,3.407902579813382e-06
949,False,0.0,-1.2628786905111156e-15,3.2051745217226424e-06,-1.2265369086467137e-05,3.2493925340965067e-06,1.5514761620563645e-05,7.658113261381965e-08,3.05466908696872e-06,3.407902579813382e-06
950,False,0.0,-1.2628786905111156e-15,3.2051745217226424e-06,-1.2265369086467137e-05,3.2493925340965067e-06,1.5514761620563645e-05,7.658113261381965e-08,3.05466908696872e-06,3.407902579813382e-06
951,False,0.0,-1.2628786905111156e-15,3.2051745217226424e-06,-1.2265369086467137e-05,3.2493925340965067e-06,1.5514761620563645e-05,7.658113261381965e-08,3.05466908696872e-06,3.407902579813382e-06
952,False,0.0,-1.2628786905111156e-15,3.2051745217226424e-06,-1.2265369086467137e-05,3.2493925340965067e-06,1.5514761620563645e-05,7.658113261381965e-08,3.05466908696872e-06,3.407902579813382e-06
953,False,0.0,-1.2628786905111156e-15,3.2051745217226424e-06,-1.2265369086467137e-05,3.2493925340965067e-06,1.5514761620563645e-05,7.658113261381965e-08,3.05466908696872e-06,3.407902579813382e-06
954,False,0.0,-1.2628786905111156e-15,3.2051745217226424e-06,-1.2265369086467137e-05,3.2493925340965067e-06,1.5514761620563645e-05,7.658113261381965e-08,3.05466908696872e-06,3.407902579813382e-06
955,False,0.0,-1.2628786905111156e-15,3.2051745217226424e-06,-1.2265369086467137e-05,3.2493925340965067e-06,1.5514761620563645e-05,7.658113261381965e-08,3.05466908696872e-06,3.407902579813382e-06
956,False,0.0,-1.2628786905111156e-15,3.2051745217226424e-06,-1.2265369086467137e-05,3.2493925340965067e-06,1.5514761620563645e-05,7.658113261381965e-08,3.05466908696872e-06,3.407902579813382e-06
957,False,0.0,-1.2628786905111156e-15,3.2051745217226424e-06,-1.2265369086467137e-05,3.2493925340965067e-06,1.5514761620563645e-05,7.658113261381965e-08,3.05466908696872e-06,3.407902579813382e-06
958,False,0.0,-1.2628786905111156e-15,3.2051745217226424e-06,-1.2265369086467137e-05,3.2493925340965067e-06,1.5514761620563645e-05,7.658113261381965e-08,3.05466908696872e-06,3.407902579813382e-06
959,False,0.0,-1.2628786905111156e-15,3.2051745217226424e-06,-1.2265369086467137e-05,3.2493925340965067e-06,1.5514761620563645e-05,7.658113261381965e-08,3.05466908696872e-06,3.407902579813382e-06
960,False,0.0,-1.2628786905111156e-15,3.2051745217226424e-06,-1.2265369086467137e-05,3.2493925340965067e-06,1.5514761620563645e-05,7.658113261381965e-08,3.05466908696872e-06,3.407902579813382e-06
961,False,0.0,-1.2628786905111156e-15,3.2051745217226424e-06,-1.2265369086467137e-05,3.2493925340965067e-06,1.5514761620563645e-05,7.658113261381965e-08,3.05466908696872e-06,3.407902579813382e-06
962,False,0.0,-1.2628786905111156e-15,3.2051745217226424e-06,-1.2265369086467137e-05,3.2493925340965067e-06,1.5514761620563645e-05,7.658113261381965e-08,3.05466908696872e-06,3.407902579813382e-06
963,False,0.0,-1.2628786905111156e-15,3.2051745217226424e-06,-1.2265369086467137e-05,3.2493925340965067e-06,1.5514761620563645e-05,7.658113261381965e-08,3.05466908696872e-06,3.407902579813382e-06
964,False,0.0,-1.2628786905111156e-15,3.2051745217226424e-06,-1.2265369086467137e-05,3.2493925340965067e-06,1.5514761620563645e-05,7.658113261381965e-08,3.05466908696872e-06,3.407902579813382e-06
965,False,0.0,-1.2628786905111156e-15,3.2051745217226424e-06,-1.2265369086467137e-05,3.2493925340965067e-06,1.5514761620563645e-05,7.658113261381965e-08,3.05466908696872e-06,3.407902579813382e-06
966,False,0.0,-1.2628786905111156e-15,3.2051745217226424e-06,-1.2265369086467137e-05,3.2493925340965067e-06,1.5514761620563645e-05,7.658113261381965e-08,3.05466908696872e-06,3.407902579813382e-06
967,False,0.0,-1.2628786905111156e-15,3.2051745217226424e-06,-1.2265369086467137e-05,3.2493925340965067e-06,1.5514761620563645e-05,7.658113261381965e-08,3.05466908696872e-06,3.407902579813382e-06
968,False,0.0,-1.2628786905111156e-15,3.2051745217226424e-06,-1.2265369086467137e-05,3.2493925340965067e-06,1.5514761620563645e-05,7.658113261381965e-08,3.05466908696872e-06,3.407902579813382e-06
969,False,0.0,-1.2628786905111156e-15,3.2051745217226424e-06,-1.2265369086467137e-05,3.2493925340965067e-06,1.5514761620563645e-05,7.658113261381965e-08,3.05466908696872e-06,3.407902579813382e-06
970,False,0.0,-1.2628786905111156e-15,3.2051745217226424e-06,-1.2265369086467137e-05,3.2493925340965067e-06,1.5514761620563645e-05,7.658113261381965e-08,3.05466908696872e-06,3.407902579813382e-06
971,False,0.0,-1.2628786905111156e-15,3.2051745217226424e-06,-1.2265369086467137e-05,3.2493925340965067e-06,1.5514761620563645e-05,7.658113261381965e-08,3.05466908696872e-06,3.407902579813382e-06
976,False,0.0,-1.2628786905111156e-15,3.2051745217226424e-06,-1.2265369086467137e-05,3.2493925340965067e-06,1.5514761620563645e-05,7.658113261381965e-08,3.05466908696872e-06,3.407902579813382e-06
977,False,0.0,-1.2628786905111156e-15,3.2051745217226424e-06,-1.2265369086467137e-05,3.2493925340965067e-06,1.5514761620563645e-05,7.658113261381965e-08,3.05466908696872e-06,3.407902579813382e-06
978,False,0.0,-1.2628786905111156e-15,3.2051745217226424e-06,-1.2265369086467137e-05,3.2493925340965067e-06,1.5514761620563645e-05,7.658113261381965e-08,3.05466908696872e-06,3.407902579813382e-06
979,False,0.0,-1.2628786905111156e-15,3.2051745217226424e-06,-1.2265369086467137e-05,3.2493925340965067e-06,1.5514761620563645e-05,7.658113261381965e-08,3.05466908696872e-06,3.407902579813382e-06
980,False,0.0,-1.2628786905111156e-15,3.2051745217226424e-06,-1.2265369086467137e-05,3.2493925340965067e-06,1.5514761620563645e-05,7.658113261381965e-08,3.05466908696872e-06,3.407902579813382e-06
981,False,0.0,-1.2628786905111156e-15,3.2051745217226424e-06,-1.2265369086467137e-05,3.2493925340965067e-06,1.5514761620563645e-05,7.658113261381965e-08,3.05466908696872e-06,3.407902579813382e-06
982,False,0.0,-1.2628786905111156e-15,3.2051745217226424e-06,-1.2265369086467137e-05,3.2493925340965067e-06,1.5514761620563645e-05,7.658113261381965e-08,3.05466908696872e-06,3.407902579813382e-06
983,False,0.0,-1.2628786905111156e-15,3.2051745217226424e-06,-1.2265369086467137e-05,3.2493925340965067e-06,1.5514761620563645e-05,7.658113261381965e-08,3.05466908696872e-06,3.407902579813382e-06
984,False,0.0,-1.2628786905111156e-15,3.2051745217226424e-06,-1.2265369086467137e-05,3.2493925340965067e-06,1.5514761620563645e-05,7.658113261381965e-08,3.05466908696872e-06,3.407902579813382e-06
987,False,0.0,-1.2628786905111156e-15,3.2051745217226424e-06,-1.2265369086467137e-05,3.2493925340965067e-06,1.5514761620563645e-05,7.658113261381965e-08,3.05466908696872e-06,3.407902579813382e-06
988,False,0.0,-1.2628786905111156e-15,3.2051745217226424e-06,-1.2265369086467137e-05,3.2493925340965067e-06,1.5514761620563645e-05,7.658113261381965e-08,3.05466908696872e-06,3.407902579813382e-06
989,False,0.0,-1.2628786905111156e-15,3.2051745217226424e-06,-1.2265369086467137e-05,3.2493925340965067e-06,1.5514761620563645e-05,7.658113261381965e-08,3.05466908696872e-06,3.407902579813382e-06
990,False,0.0,-1.2628786905111156e-15,3.2051745217226424e-06,-1.2265369086467137e-05,3.2493925340965067e-06,1.5514761620563645e-05,7.658113261381965e-08,3.05466908696872e-06,3.407902579813382e-06
992,False,0.0,-1.2628786905111156e-15,3.2051745217226424e-06,-1.2265369086467137e-05,3.2493925340965067e-06,1.5514761620563645e-05,7.658113261381965e-08,3.05466908696872e-06,3.407902579813382e-06
994,False,0.0,-1.2628786905111156e-15,3.2051745217226424e-06,-1.2265369086467137e-05,3.2493925340965067e-06,1.5514761620563645e-05,7.658113261381965e-08,3.05466908696872e-06,3.407902579813382e-06
997,False,0.0,-1.2628786905111156e-15,3.2051745217226424e-06,-1.2265369086467137e-05,3.2493925340965067e-06,1.5514761620563645e-05,7.658113261381965e-08,3.05466908696872e-06,3.407902579813382e-06
998,False,0.0,-1.2628786905111156e-15,3.2051745217226424e-06,-1.2265369086467137e-05,3.2493925340965067e-06,1.5514761620563645e-05,7.658113261381965e-08,3.05466908696872e-06,3.407902579813382e-06
999,False,0.0,-1.2628786905111156e-15,3.2051745217226424e-06,-1.2265369086467137e-05,3.2493925340965067e-06,1.5514761620563645e-05,7.658113261381965e-08,3.05466908696872e-06,3.407902579813382e-06
1000,False,0.0,-1.2628786905111156e-15,3.2051745217226424e-06,-1.2265369086467137e-05,3.2493925340965067e-06,1.5514761620563645e-05,7.658113261381965e-08,3.05466908696872e-06,3.407902579813382e-06
1002,False,0.0,-1.2628786905111156e-15,3.2051745217226424e-06,-1.2265369086467137e-05,3.2493925340965067e-06,1.5514761620563645e-05,7.658113261381965e-08,3.05466908696872e-06,3.407902579813382e-06
1003,False,0.0,-1.2628786905111156e-15,3.2051745217226424e-06,-1.2265369086467137e-05,3.2493925340965067e-06,1.5514761620563645e-05,7.658113261381965e-08,3.05466908696872e-06,3.407902579813382e-06
1005,False,0.0,-1.2628786905111156e-15,3.2051745217226424e-06,-1.2265369086467137e-05,3.2493925340965067e-06,1.5514761620563645e-05,7.658113261381965e-08,3.05466908696872e-06,3.407902579813382e-06
1006,False,0.0,-1.2628786905111156e-15,3.2051745217226424e-06,-1.2265369086467137e-05,3.2493925340965067e-06,1.5514761620563645e-05,7.658113261381965e-08,3.05466908696872e-06,3.407902579813382e-06
1023,False,0.0,-1.2628786905111156e-15,3.2051745217226424e-06,-1.2265369086467137e-05,3.2493925340965067e-06,1.5514761620563645e-05,7.658113261381965e-08,3.05466908696872e-06,3.407902579813382e-06
1024,False,0.0,-1.2628786905111156e-15,3.2051745217226424e-06,-1.2265369086467137e-05,3.2493925340965067e-06,1.5514761620563645e-05,7.658113261381965e-08,3.05466908696872e-06,3.407902579813382e-06
1026,False,0.0,-1.2628786905111156e-15,3.2051745217226424e-06,-1.2265369086467137e-05,3.2493925340965067e-06,1.5514761620563645e-05,7.658113261381965e-08,3.05466908696872e-06,3.407902579813382e-06
1032,False,0.0,-1.2628786905111156e-15,3.2051745217226424e-06,-1.2265369086467137e-05,3.2493925340965067e-06,1.5514761620563645e-05,7.658113261381965e-08,3.05466908696872e-06,3.407902579813382e-06
1035,False,0.0,-1.2628786905111156e-15,3.2051745217226424e-06,-1.2265369086467137e-05,3.2493925340965067e-06,1.5514761620563645e-05,7.658113261381965e-08,3.05466908696872e-06,3.407902579813382e-06
1036,False,0.0,-1.2628786905111156e-15,3.2051745217226424e-06,-1.2265369086467137e-05,3.2493925340965067e-06,1.5514761620563645e-05,7.658113261381965e-08,3.05466908696872e-06,3.407902579813382e-06
1037,False,0.0,-1.2628786905111156e-15,3.2051745217226424e-06,-1.2265369086467137e-05,3.2493925340965067e-06,1.5514761620563645e-05,7.658113261381965e-08,3.05466908696872e-06,3.407902579813382e-06
1038,False,0.0,-1.2628786905111156e-15,3.2051745217226424e-06,-1.2265369086467137e-05,3.2493925340965067e-06,1.5514761620563645e-05,7.658113261381965e-08,3.05466908696872e-06,3.407902579813382e-06
1041,False,0.0,-1.2628786905111156e-15,3.2051745217226424e-06,-1.2265369086467137e-05,3.2493925340965067e-06,1.5514761620563645e-05,7.658113261381965e-08,3.05466908696872e-06,3.407902579813382e-06
1043,False,0.0,-1.2628786905111156e-15,3.2051745217226424e-06,-1.2265369086467137e-05,3.2493925340965067e-06,1.5514761620563645e-05,7.658113261381965e-08,3.05466908696872e-06,3.407902579813382e-06
1049,False,0.0,-1.2628786905111156e-15,3.2051745217226424e-06,-1.2265369086467137e-05,3.2493925340965067e-06,1.5514761620563645e-05,7.658113261381965e-08,3.05466908696872e-06,3.407902579813382e-06
1051,False,0.0,-1.2628786905111156e-15,3.2051745217226424e-06,-1.2265369086467137e-05,3.2493925340965067e-06,1.5514761620563645e-05,7.658113261381965e-08,3.05466908696872e-06,3.407902579813382e-06
1052,False,0.0,-1.2628786905111156e-15,3.2051745217226424e-06,-1.2265369086467137e-05,3.2493925340965067e-06,1.5514761620563645e-05,7.658113261381965e-08,3.05466908696872e-06,3.407902579813382e-06
1055,False,0.0,-1.2628786905111156e-15,3.2051745217226424e-06,-1.2265369086467137e-05,3.2493925340965067e-06,1.5514761620563645e-05,7.658113261381965e-08,3.05466908696872e-06,3.407902579813382e-06
1059,False,0.0,-1.2628786905111156e-15,3.2051745217226424e-06,-1.2265369086467137e-05,3.2493925340965067e-06,1.5514761620563645e-05,7.658113261381965e-08,3.05466908696872e-06,3.407902579813382e-06
1061,False,0.0,-1.2628786905111156e-15,3.2051745217226424e-06,-1.2265369086467137e-05,3.2493925340965067e-06,1.5514761620563645e-05,7.658113261381965e-08,3.05466908696872e-06,3.407902579813382e-06
1063,False,0.0,-1.2628786905111156e-15,3.2051745217226424e-06,-1.2265369086467137e-05,3.2493925340965067e-06,1.5514761620563645e-05,7.658113261381965e-08,3.05466908696872e-06,3.407902579813382e-06
1064,False,0.0,-1.2628786905111156e-15,3.2051745217226424e-06,-1.2265369086467137e-05,3.2493925340965067e-06,1.5514761620563645e-05,7.658113261381965e-08,3.05466908696872e-06,3.407902579813382e-06
1065,False,0.0,-1.2628786905111156e-15,3.2051745217226424e-06,-1.2265369086467137e-05,3.2493925340965067e-06,1.5514761620563645e-05,7.658113261381965e-08,3.05466908696872e-06,3.407902579813382e-06
1068,False,0.0,-1.2628786905111156e-15,3.2051745217226424e-06,-1.2265369086467137e-05,3.2493925340965067e-06,1.5514761620563645e-05,7.658113261381965e-08,3.05466908696872e-06,3.407902579813382e-06
1070,False,0.0,-1.2628786905111156e-15,3.2051745217226424e-06,-1.2265369086467137e-05,3.2493925340965067e-06,1.5514761620563645e-05,7.658113261381965e-08,3.05466908696872e-06,3.407902579813382e-06
1073,False,0.0,-1.2628786905111156e-15,3.2051745217226424e-06,-1.2265369086467137e-05,3.2493925340965067e-06,1.5514761620563645e-05,7.658113261381965e-08,3.05466908696872e-06,3.407902579813382e-06
1074,False,0.0,-1.2628786905111156e-15,3.2051745217226424e-06,-1.2265369086467137e-05,3.2493925340965067e-06,1.5514761620563645e-05,7.658113261381965e-08,3.05466908696872e-06,3.407902579813382e-06
1075,False,0.0,-1.2628786905111156e-15,3.2051745217226424e-06,-1.2265369086467137e-05,3.2493925340965067e-06,1.5514761620563645e-05,7.658113261381965e-08,3.05466908696872e-06,3.407902579813382e-06
1077,False,0.0,-1.2628786905111156e-15,3.2051745217226424e-06,-1.2265369086467137e-05,3.2493925340965067e-06,1.5514761620563645e-05,7.658113261381965e-08,3.05466908696872e-06,3.407902579813382e-06
1080,False,0.0,-1.2628786905111156e-15,3.2051745217226424e-06,-1.2265369086467137e-05,3.2493925340965067e-06,1.5514761620563645e-05,7.658113261381965e-08,3.05466908696872e-06,3.407902579813382e-06
1085,False,0.0,-1.2628786905111156e-15,3.2051745217226424e-06,-1.2265369086467137e-05,3.2493925340965067e-06,1.5514761620563645e-05,7.658113261381965e-08,3.05466908696872e-06,3.407902579813382e-06
1086,False,0.0,-1.2628786905111156e-15,3.2051745217226424e-06,-1.2265369086467137e-05,3.2493925340965067e-06,1.5514761620563645e-05,7.658113261381965e-08,3.05466908696872e-06,3.407902579813382e-06
1088,False,0.0,-1.2628786905111156e-15,3.2051745217226424e-06,-1.2265369086467137e-05,3.2493925340965067e-06,1.5514761620563645e-05,7.658113261381965e-08,3.05466908696872e-06,3.407902579813382e-06
1089,False,0.0,-1.2628786905111156e-15,3.2051745217226424e-06,-1.2265369086467137e-05,3.2493925340965067e-06,1.5514761620563645e-05,7.658113261381965e-08,3.05466908696872e-06,3.407902579813382e-06
1093,False,0.0,-1.2628786905111156e-15,3.2051745217226424e-06,-1.2265369086467137e-05,3.2493925340965067e-06,1.5514761620563645e-05,7.658113261381965e-08,3.05466908696872e-06,3.407902579813382e-06
1096,False,0.0,-1.2628786905111156e-15,3.2051745217226424e-06,-1.2265369086467137e-05,3.2493925340965067e-06,1.5514761620563645e-05,7.658113261381965e-08,3.05466908696872e-06,3.407902579813382e-06
1099,False,0.0,-1.2628786905111156e-15,3.2051745217226424e-06,-1.2265369086467137e-05,3.2493925340965067e-06,1.5514761620563645e-05,7.658113261381965e-08,3.05466908696872e-06,3.407902579813382e-06
1108,False,0.0,-1.2628786905111156e-15,3.2051745217226424e-06,-1.2265369086467137e-05,3.2493925340965067e-06,1.5514761620563645e-05,7.658113261381965e-08,3.05466908696872e-06,3.407902579813382e-06
1109,False,0.0,-1.2628786905111156e-15,3.2051745217226424e-06,-1.2265369086467137e-05,3.2493925340965067e-06,1.5514761620563645e-05,7.658113261381965e-08,3.05466908696872e-06,3.407902579813382e-06
1110,False,0.0,-1.2628786905111156e-15,3.2051745217226424e-06,-1.2265369086467137e-05,3.2493925340965067e-06,1.5514761620563645e-05,7.658113261381965e-08,3.05466908696872e-06,3.407902579813382e-06
1112,False,0.0,-1.2628786905111156e-15,3.2051745217226424e-06,-1.2265369086467137e-05,3.2493925340965067e-06,1.5514761620563645e-05,7.658113261381965e-08,3.05466908696872e-06,3.407902579813382e-06
1114,False,0.0,-1.2628786905111156e-15,3.2051745217226424e-06,-1.2265369086467137e-05,3.2493925340965067e-06,1.5514761620563645e-05,7.658113261381965e-08,3.05466908696872e-06,3.407902579813382e-06
1118,False,0.0,-1.2628786905111156e-15,3.2051745217226424e-06,-1.2265369086467137e-05,3.2493925340965067e-06,1.5514761620563645e-05,7.658113261381965e-08,3.05466908696872e-06,3.407902579813382e-06
1120,False,0.0,-1.2628786905111156e-15,3.2051745217226424e-06,-1.2265369086467137e-05,3.2493925340965067e-06,1.5514761620563645e-05,7.658113261381965e-08,3.05466908696872e-06,3.407902579813382e-06
1121,False,0.0,-1.2628786905111156e-15,3.2051745217226424e-06,-1.2265369086467137e-05,3.2493925340965067e-06,1.5514761620563645e-05,7.658113261381965e-08,3.05466908696872e-06,3.407902579813382e-06
1122,False,0.0,-1.2628786905111156e-15,3.2051745217226424e-06,-1.2265369086467137e-05,3.2493925340965067e-06,1.5514761620563645e-05,7.658113261381965e-08,3.05466908696872e-06,3.407902579813382e-06
1125,False,0.0,-1.2628786905111156e-15,3.2051745217226424e-06,-1.2265369086467137e-05,3.2493925340965067e-06,1.5514761620563645e-05,7.658113261381965e-08,3.05466908696872e-06,3.407902579813382e-06
1126,False,0.0,-1.2628786905111156e-15,3.2051745217226424e-06,-1.2265369086467137e-05,3.2493925340965067e-06,1.5514761620563645e-05,7.658113261381965e-08,3.05466908696872e-06,3.407902579813382e-06
1128,False,0.0,-1.2628786905111156e-15,3.2051745217226424e-06,-1.2265369086467137e-05,3.2493925340965067e-06,1.5514761620563645e-05,7.658113261381965e-08,3.05466908696872e-06,3.407902579813382e-06
1129,False,0.0,-1.2628786905111156e-15,3.2051745217226424e-06,-1.2265369086467137e-05,3.2493925340965067e-06,1.5514761620563645e-05,7.658113261381965e-08,3.05466908696872e-06,3.407902579813382e-06
1131,False,0.0,-1.2628786905111156e-15,3.2051745217226424e-06,-1.2265369086467137e-05,3.2493925340965067e-06,1.5514761620563645e-05,7.658113261381965e-08,3.05466908696872e-06,3.407902579813382e-06
1133,False,0.0,-1.2628786905111156e-15,3.2051745217226424e-06,-1.2265369086467137e-05,3.2493925340965067e-06,1.5514761620563645e-05,7.658113261381965e-08,3.05466908696872e-06,3.407902579813382e-06
1134,False,0.0,-1.2628786905111156e-15,3.2051745217226424e-06,-1.2265369086467137e-05,3.2493925340965067e-06,1.5514761620563645e-05,7.658113261381965e-08,3.05466908696872e-06,3.407902579813382e-06
1136,False,0.0,-1.2628786905111156e-15,3.2051745217226424e-06,-1.2265369086467137e-05,3.2493925340965067e-06,1.5514761620563645e-05,7.658113261381965e-08,3.05466908696872e-06,3.407902579813382e-06
1137,False,0.0,-1.2628786905111156e-15,3.2051745217226424e-06,-1.2265369086467137e-05,3.2493925340965067e-06,1.5514761620563645e-05,7.658113261381965e-08,3.05466908696872e-06,3.407902579813382e-06
1138,False,0.0,-1.2628786905111156e-15,3.2051745217226424e-06,-1.2265369086467137e-05,3.2493925340965067e-06,1.5514761620563645e-05,7.658113261381965e-08,3.05466908696872e-06,3.407902579813382e-06
1361,False,0.0,-1.2628786905111156e-15,3.2051745217226424e-06,-1.2265369086467137e-05,3.2493925340965067e-06,1.5514761620563645e-05,7.658113261381965e-08,3.05466908696872e-06,3.407902579813382e-06
1365,False,0.0,-1.2628786905111156e-15,3.2051745217226424e-06,-1.2265369086467137e-05,3.2493925340965067e-06,1.5514761620563645e-05,7.658113261381965e-08,3.05466908696872e-06,3.407902579813382e-06
1380,False,0.0,-1.2628786905111156e-15,3.2051745217226424e-06,-1.2265369086467137e-05,3.2493925340965067e-06,1.5514761620563645e-05,7.658113261381965e-08,3.05466908696872e-06,3.407902579813382e-06
1381,False,0.0,-1.2628786905111156e-15,3.2051745217226424e-06,-1.2265369086467137e-05,3.2493925340965067e-06,1.5514761620563645e-05,7.658113261381965e-08,3.05466908696872e-06,3.407902579813382e-06
1425,False,0.0,-1.2628786905111156e-15,3.2051745217226424e-06,-1.2265369086467137e-05,3.2493925340965067e-06,1.5514761620563645e-05,7.658113261381965e-08,3.05466908696872e-06,3.407902579813382e-06
1429,False,0.0,-1.2628786905111156e-15,3.2051745217226424e-06,-1.2265369086467137e-05,3.2493925340965067e-06,1.5514761620563645e-05,7.658113261381965e-08,3.05466908696872e-06,3.407902579813382e-06
1432,False,0.0,-1.2628786905111156e-15,3.2051745217226424e-06,-1.2265369086467137e-05,3.2493925340965067e-06,1.5514761620563645e-05,7.658113261381965e-08,3.05466908696872e-06,3.407902579813382e-06
1434,False,0.0,-1.2628786905111156e-15,3.2051745217226424e-06,-1.2265369086467137e-05,3.2493925340965067e-06,1.5514761620563645e-05,7.658113261381965e-08,3.05466908696872e-06,3.407902579813382e-06
1442,False,0.0,-1.2628786905111156e-15,3.2051745217226424e-06,-1.2265369086467137e-05,3.2493925340965067e-06,1.5514761620563645e-05,7.658113261381965e-08,3.05466908696872e-06,3.407902579813382e-06
1444,False,0.0,-1.2628786905111156e-15,3.2051745217226424e-06,-1.2265369086467137e-05,3.2493925340965067e-06,1.5514761620563645e-05,7.658113261381965e-08,3.05466908696872e-06,3.407902579813382e-06
1472,False,0.0,-1.2628786905111156e-15,3.2051745217226424e-06,-1.2265369086467137e-05,3.2493925340965067e-06,1.5514761620563645e-05,7.658113261381965e-08,3.05466908696872e-06,3.407902579813382e-06
1474,False,0.0,-1.2628786905111156e-15,3.2051745217226424e-06,-1.2265369086467137e-05,3.2493925340965067e-06,1.5514761620563645e-05,7.658113261381965e-08,3.05466908696872e-06,3.407902579813382e-06
1477,False,0.0,-1.2628786905111156e-15,3.2051745217226424e-06,-1.2265369086467137e-05,3.2493925340965067e-06,1.5514761620563645e-05,7.658113261381965e-08,3.05466908696872e-06,3.407902579813382e-06
1478,False,0.0,-1.2628786905111156e-15,3.2051745217226424e-06,-1.2265369086467137e-05,3.2493925340965067e-06,1.5514761620563645e-05,7.658113261381965e-08,3.05466908696872e-06,3.407902579813382e-06
1479,False,0.0,-1.2628786905111156e-15,3.2051745217226424e-06,-1.2265369086467137e-05,3.2493925340965067e-06,1.5514761620563645e-05,7.658113261381965e-08,3.05466908696872e-06,3.407902579813382e-06
1489,False,0.0,-1.2628786905111156e-15,3.2051745217226424e-06,-1.2265369086467137e-05,3.2493925340965067e-06,1.5514761620563645e-05,7.658113261381965e-08,3.05466908696872e-06,3.407902579813382e-06
1495,False,0.0,-1.2628786905111156e-15,3.2051745217226424e-06,-1.2265369086467137e-05,3.2493925340965067e-06,1.5514761620563645e-05,7.658113261381965e-08,3.05466908696872e-06,3.407902579813382e-06
1496,False,0.0,-1.2628786905111156e-15,3.2051745217226424e-06,-1.2265369086467137e-05,3.2493925340965067e-06,1.5514761620563645e-05,7.658113261381965e-08,3.05466908696872e-06,3.407902579813382e-06
1497,False,0.0,-1.2628786905111156e-15,3.2051745217226424e-06,-1.2265369086467137e-05,3.2493925340965067e-06,1.5514761620563645e-05,7.658113261381965e-08,3.05466908696872e-06,3.407902579813382e-06
1498,False,0.0,-1.2628786905111156e-15,3.2051745217226424e-06,-1.2265369086467137e-05,3.2493925340965067e-06,1.5514761620563645e-05,7.658113261381965e-08,3.05466908696872e-06,3.407902579813382e-06
1499,False,0.0,-1.2628786905111156e-15,3.2051745217226424e-06,-1.2265369086467137e-05,3.2493925340965067e-06,1.5514761620563645e-05,7.658113261381965e-08,3.05466908696872e-06,3.407902579813382e-06
1500,False,0.0,-1.2628786905111156e-15,3.2051745217226424e-06,-1.2265369086467137e-05,3.2493925340965067e-06,1.5514761620563645e-05,7.658113261381965e-08,3.05466908696872e-06,3.407902579813382e-06
1501,False,0.0,-1.2628786905111156e-15,3.2051745217226424e-06,-1.2265369086467137e-05,3.2493925340965067e-06,1.5514761620563645e-05,7.658113261381965e-08,3.05466908696872e-06,3.407902579813382e-06
1502,False,0.0,-1.2628786905111156e-15,3.2051745217226424e-06,-1.2265369086467137e-05,3.2493925340965067e-06,1.5514761620563645e-05,7.658113261381965e-08,3.05466908696872e-06,3.407902579813382e-06
1503,False,0.0,-1.2628786905111156e-15,3.2051745217226424e-06,-1.2265369086467137e-05,3.2493925340965067e-06,1.5514761620563645e-05,7.658113261381965e-08,3.05466908696872e-06,3.407902579813382e-06
1504,False,0.0,-1.2628786905111156e-15,3.2051745217226424e-06,-1.2265369086467137e-05,3.2493925340965067e-06,1.5514761620563645e-05,7.658113261381965e-08,3.05466908696872e-06,3.407902579813382e-06
1505,False,0.0,-1.2628786905111156e-15,3.2051745217226424e-06,-1.2265369086467137e-05,3.2493925340965067e-06,1.5514761620563645e-05,7.658113261381965e-08,3.05466908696872e-06,3.407902579813382e-06
1506,False,0.0,-1.2628786905111156e-15,3.2051745217226424e-06,-1.2265369086467137e-05,3.2493925340965067e-06,1.5514761620563645e-05,7.658113261381965e-08,3.05466908696872e-06,3.407902579813382e-06
1507,False,0.0,-1.2628786905111156e-15,3.2051745217226424e-06,-1.2265369086467137e-05,3.2493925340965067e-06,1.5514761620563645e-05,7.658113261381965e-08,3.05466908696872e-06,3.407902579813382e-06
1508,False,0.0,-1.2628786905111156e-15,3.2051745217226424e-06,-1.2265369086467137e-05,3.2493925340965067e-06,1.5514761620563645e-05,7.658113261381965e-08,3.05466908696872e-06,3.407902579813382e-06
1509,False,0.0,-1.2628786905111156e-15,3.2051745217226424e-06,-1.2265369086467137e-05,3.2493925340965067e-06,1.5514761620563645e-05,7.658113261381965e-08,3.05466908696872e-06,3.407902579813382e-06
1510,False,0.0,-1.2628786905111156e-15,3.2051745217226424e-06,-1.2265369086467137e-05,3.2493925340965067e-06,1.5514761620563645e-05,7.658113261381965e-08,3.05466908696872e-06,3.407902579813382e-06
1511,False,0.0,-1.2628786905111156e-15,3.2051745217226424e-06,-1.2265369086467137e-05,3.2493925340965067e-06,1.5514761620563645e-05,7.658113261381965e-08,3.05466908696872e-06,3.407902579813382e-06
1512,False,0.0,-1.2628786905111156e-15,3.2051745217226424e-06,-1.2265369086467137e-05,3.2493925340965067e-06,1.5514761620563645e-05,7.658113261381965e-08,3.05466908696872e-06,3.407902579813382e-06
1513,False,0.0,-1.2628786905111156e-15,3.2051745217226424e-06,-1.2265369086467137e-05,3.2493925340965067e-06,1.5514761620563645e-05,7.658113261381965e-08,3.05466908696872e-06,3.407902579813382e-06
1514,False,0.0,-1.2628786905111156e-15,3.2051745217226424e-06,-1.2265369086467137e-05,3.2493925340965067e-06,1.5514761620563645e-05,7.658113261381965e-08,3.05466908696872e-06,3.407902579813382e-06
1515,False,0.0,-1.2628786905111156e-15,3.2051745217226424e-06,-1.2265369086467137e-05,3.2493925340965067e-06,1.5514761620563645e-05,7.658113261381965e-08,3.05466908696872e-06,3.407902579813382e-06
1516,False,0.0,-1.2628786905111156e-15,3.2051745217226424e-06,-1.2265369086467137e-05,3.2493925340965067e-06,1.5514761620563645e-05,7.658113261381965e-08,3.05466908696872e-06,3.407902579813382e-06
1517,False,0.0,-1.2628786905111156e-15,3.2051745217226424e-06,-1.2265369086467137e-05,3.2493925340965067e-06,1.5514761620563645e-05,7.658113261381965e-08,3.05466908696872e-06,3.407902579813382e-06
1518,False,0.0,-1.2628786905111156e-15,3.2051745217226424e-06,-1.2265369086467137e-05,3.2493925340965067e-06,1.5514761620563645e-05,7.658113261381965e-08,3.05466908696872e-06,3.407902579813382e-06
1519,False,0.0,-1.2628786905111156e-15,3.2051745217226424e-06,-1.2265369086467137e-05,3.2493925340965067e-06,1.5514761620563645e-05,7.658113261381965e-08,3.05466908696872e-06,3.407902579813382e-06
1520,False,0.0,-1.2628786905111156e-15,3.2051745217226424e-06,-1.2265369086467137e-05,3.2493925340965067e-06,1.5514761620563645e-05,7.658113261381965e-08,3.05466908696872e-06,3.407902579813382e-06
1521,False,0.0,-1.2628786905111156e-15,3.2051745217226424e-06,-1.2265369086467137e-05,3.2493925340965067e-06,1.5514761620563645e-05,7.658113261381965e-08,3.05466908696872e-06,3.407902579813382e-06
1522,False,0.0,-1.2628786905111156e-15,3.2051745217226424e-06,-1.2265369086467137e-05,3.2493925340965067e-06,1.5514761620563645e-05,7.658113261381965e-08,3.05466908696872e-06,3.407902579813382e-06
1525,False,0.0,-1.2628786905111156e-15,3.2051745217226424e-06,-1.2265369086467137e-05,3.2493925340965067e-06,1.5514761620563645e-05,7.658113261381965e-08,3.05466908696872e-06,3.407902579813382e-06
1526,False,0.0,-1.2628786905111156e-15,3.2051745217226424e-06,-1.2265369086467137e-05,3.2493925340965067e-06,1.5514761620563645e-05,7.658113261381965e-08,3.05466908696872e-06,3.407902579813382e-06
1527,False,0.0,-1.2628786905111156e-15,3.2051745217226424e-06,-1.2265369086467137e-05,3.2493925340965067e-06,1.5514761620563645e-05,7.658113261381965e-08,3.05466908696872e-06,3.407902579813382e-06
1528,False,0.0,-1.2628786905111156e-15,3.2051745217226424e-06,-1.2265369086467137e-05,3.2493925340965067e-06,1.5514761620563645e-05,7.658113261381965e-08,3.05466908696872e-06,3.407902579813382e-06
1529,False,0.0,-1.2628786905111156e-15,3.2051745217226424e-06,-1.2265369086467137e-05,3.2493925340965067e-06,1.5514761620563645e-05,7.658113261381965e-08,3.05466908696872e-06,3.407902579813382e-06
1530,False,0.0,-1.2628786905111156e-15,3.2051745217226424e-06,-1.2265369086467137e-05,3.2493925340965067e-06,1.5514761620563645e-05,7.658113261381965e-08,3.05466908696872e-06,3.407902579813382e-06
1531,False,0.0,-1.2628786905111156e-15,3.2051745217226424e-06,-1.2265369086467137e-05,3.2493925340965067e-06,1.5514761620563645e-05,7.658113261381965e-08,3.05466908696872e-06,3.407902579813382e-06
1532,False,0.0,-1.2628786905111156e-15,3.2051745217226424e-06,-1.2265369086467137e-05,3.2493925340965067e-06,1.5514761620563645e-05,7.658113261381965e-08,3.05466908696872e-06,3.407902579813382e-06
1533,False,0.0,-1.2628786905111156e-15,3.2051745217226424e-06,-1.2265369086467137e-05,3.2493925340965067e-06,1.5514761620563645e-05,7.658113261381965e-08,3.05466908696872e-06,3.407902579813382e-06
1535,False,0.0,-1.2628786905111156e-15,3.2051745217226424e-06,-1.2265369086467137e-05,3.2493925340965067e-06,1.5514761620563645e-05,7.658113261381965e-08,3.05466908696872e-06,3.407902579813382e-06
1536,False,0.0,-1.2628786905111156e-15,3.2051745217226424e-06,-1.2265369086467137e-05,3.2493925340965067e-06,1.5514761620563645e-05,7.658113261381965e-08,3.05466908696872e-06,3.407902579813382e-06
1538,False,0.0,-1.2628786905111156e-15,3.2051745217226424e-06,-1.2265369086467137e-05,3.2493925340965067e-06,1.5514761620563645e-05,7.658113261381965e-08,3.05466908696872e-06,3.407902579813382e-06
1539,False,0.0,-1.2628786905111156e-15,3.2051745217226424e-06,-1.2265369086467137e-05,3.2493925340965067e-06,1.5514761620563645e-05,7.658113261381965e-08,3.05466908696872e-06,3.407902579813382e-06
1540,False,0.0,-1.2628786905111156e-15,3.2051745217226424e-06,-1.2265369086467137e-05,3.2493925340965067e-06,1.5514761620563645e-05,7.658113261381965e-08,3.05466908696872e-06,3.407902579813382e-06
1541,False,0.0,-1.2628786905111156e-15,3.2051745217226424e-06,-1.2265369086467137e-05,3.2493925340965067e-06,1.5514761620563645e-05,7.658113261381965e-08,3.05466908696872e-06,3.407902579813382e-06
1542,False,0.0,-1.2628786905111156e-15,3.2051745217226424e-06,-1.2265369086467137e-05,3.2493925340965067e-06,1.5514761620563645e-05,7.658113261381965e-08,3.05466908696872e-06,3.407902579813382e-06
1544,False,0.0,-1.2628786905111156e-15,3.2051745217226424e-06,-1.2265369086467137e-05,3.2493925340965067e-06,1.5514761620563645e-05,7.658113261381965e-08,3.05466908696872e-06,3.407902579813382e-06
1545,False,0.0,-1.2628786905111156e-15,3.2051745217226424e-06,-1.2265369086467137e-05,3.2493925340965067e-06,1.5514761620563645e-05,7.658113261381965e-08,3.05466908696872e-06,3.407902579813382e-06
1548,False,0.0,-1.2628786905111156e-15,3.2051745217226424e-06,-1.2265369086467137e-05,3.2493925340965067e-06,1.5514761620563645e-05,7.658113261381965e-08,3.05466908696872e-06,3.407902579813382e-06
1554,False,0.0,-1.2628786905111156e-15,3.2051745217226424e-06,-1.2265369086467137e-05,3.2493925340965067e-06,1.5514761620563645e-05,7.658113261381965e-08,3.05466908696872e-06,3.407902579813382e-06
1559,False,0.0,-1.2628786905111156e-15,3.2051745217226424e-06,-1.2265369086467137e-05,3.2493925340965067e-06,1.5514761620563645e-05,7.658113261381965e-08,3.05466908696872e-06,3.407902579813382e-06
1562,False,0.0,-1.2628786905111156e-15,3.2051745217226424e-06,-1.2265369086467137e-05,3.2493925340965067e-06,1.5514761620563645e-05,7.658113261381965e-08,3.05466908696872e-06,3.407902579813382e-06
1563,False,0.0,-1.2628786905111156e-15,3.2051745217226424e-06,-1.2265369086467137e-05,3.2493925340965067e-06,1.5514761620563645e-05,7.658113261381965e-08,3.05466908696872e-06,3.407902579813382e-06
1564,False,0.0,-1.2628786905111156e-15,3.2051745217226424e-06,-1.2265369086467137e-05,3.2493925340965067e-06,1.5514761620563645e-05,7.658113261381965e-08,3.05466908696872e-06,3.407902579813382e-06
1565,False,0.0,-1.2628786905111156e-15,3.2051745217226424e-06,-1.2265369086467137e-05,3.2493925340965067e-06,1.5514761620563645e-05,7.658113261381965e-08,3.05466908696872e-06,3.407902579813382e-06
1569,False,0.0,-1.2628786905111156e-15,3.2051745217226424e-06,-1.2265369086467137e-05,3.2493925340965067e-06,1.5514761620563645e-05,7.658113261381965e-08,3.05466908696872e-06,3.407902579813382e-06
1572,False,0.0,-1.2628786905111156e-15,3.2051745217226424e-06,-1.2265369086467137e-05,3.2493925340965067e-06,1.5514761620563645e-05,7.658113261381965e-08,3.05466908696872e-06,3.407902579813382e-06
1575,False,0.0,-1.2628786905111156e-15,3.2051745217226424e-06,-1.2265369086467137e-05,3.2493925340965067e-06,1.5514761620563645e-05,7.658113261381965e-08,3.05466908696872e-06,3.407902579813382e-06
1576,False,0.0,-1.2628786905111156e-15,3.2051745217226424e-06,-1.2265369086467137e-05,3.2493925340965067e-06,1.5514761620563645e-05,7.658113261381965e-08,3.05466908696872e-06,3.407902579813382e-06
1578,False,0.0,-1.2628786905111156e-15,3.2051745217226424e-06,-1.2265369086467137e-05,3.2493925340965067e-06,1.5514761620563645e-05,7.658113261381965e-08,3.05466908696872e-06,3.407902579813382e-06
1585,False,0.0,-1.2628786905111156e-15,3.2051745217226424e-06,-1.2265369086467137e-05,3.2493925340965067e-06,1.5514761620563645e-05,7.658113261381965e-08,3.05466908696872e-06,3.407902579813382e-06
1591,False,0.0,-1.2628786905111156e-15,3.2051745217226424e-06,-1.2265369086467137e-05,3.2493925340965067e-06,1.5514761620563645e-05,7.658113261381965e-08,3.05466908696872e-06,3.407902579813382e-06
1593,False,0.0,-1.2628786905111156e-15,3.2051745217226424e-06,-1.2265369086467137e-05,3.2493925340965067e-06,1.5514761620563645e-05,7.658113261381965e-08,3.05466908696872e-06,3.407902579813382e-06
1594,False,0.0,-1.2628786905111156e-15,3.2051745217226424e-06,-1.2265369086467137e-05,3.2493925340965067e-06,1.5514761620563645e-05,7.658113261381965e-08,3.05466908696872e-06,3.407902579813382e-06
1600,False,0.0,-1.2628786905111156e-15,3.2051745217226424e-06,-1.2265369086467137e-05,3.2493925340965067e-06,1.5514761620563645e-05,7.658113261381965e-08,3.05466908696872e-06,3.407902579813382e-06
1601,False,0.0,-1.2628786905111156e-15,3.2051745217226424e-06,-1.2265369086467137e-05,3.2493925340965067e-06,1.5514761620563645e-05,7.658113261381965e-08,3.05466908696872e-06,3.407902579813382e-06
1607,False,0.0,-1.2628786905111156e-15,3.2051745217226424e-06,-1.2265369086467137e-05,3.2493925340965067e-06,1.5514761620563645e-05,7.658113261381965e-08,3.05466908696872e-06,3.407902579813382e-06
1609,False,0.0,-1.2628786905111156e-15,3.2051745217226424e-06,-1.2265369086467137e-05,3.2493925340965067e-06,1.5514761620563645e-05,7.658113261381965e-08,3.05466908696872e-06,3.407902579813382e-06
1612,False,0.0,-1.2628786905111156e-15,3.2051745217226424e-06,-1.2265369086467137e-05,3.2493925340965067e-06,1.5514761620563645e-05,7.658113261381965e-08,3.05466908696872e-06,3.407902579813382e-06
1619,False,0.0,-1.2628786905111156e-15,3.2051745217226424e-06,-1.2265369086467137e-05,3.2493925340965067e-06,1.5514761620563645e-05,7.658113261381965e-08,3.05466908696872e-06,3.407902579813382e-06
1630,False,0.0,-1.2628786905111156e-15,3.2051745217226424e-06,-1.2265369086467137e-05,3.2493925340965067e-06,1.5514761620563645e-05,7.658113261381965e-08,3.05466908696872e-06,3.407902579813382e-06
1666,False,0.0,-1.2628786905111156e-15,3.2051745217226424e-06,-1.2265369086467137e-05,3.2493925340965067e-06,1.5514761620563645e-05,7.658113261381965e-08,3.05466908696872e-06,3.407902579813382e-06
1667,False,0.0,-1.2628786905111156e-15,3.2051745217226424e-06,-1.2265369086467137e-05,3.2493925340965067e-06,1.5514761620563645e-05,7.658113261381965e-08,3.05466908696872e-06,3.407902579813382e-06
1677,False,0.0,-1.2628786905111156e-15,3.2051745217226424e-06,-1.2265369086467137e-05,3.2493925340965067e-06,1.5514761620563645e-05,7.658113261381965e-08,3.05466908696872e-06,3.407902579813382e-06
1680,False,0.0,-1.2628786905111156e-15,3.2051745217226424e-06,-1.2265369086467137e-05,3.2493925340965067e-06,1.5514761620563645e-05,7.658113261381965e-08,3.05466908696872e-06,3.407902579813382e-06
1682,False,0.0,-1.2628786905111156e-15,3.2051745217226424e-06,-1.2265369086467137e-05,3.2493925340965067e-06,1.5514761620563645e-05,7.658113261381965e-08,3.05466908696872e-06,3.407902579813382e-06
1683,False,0.0,-1.2628786905111156e-15,3.2051745217226424e-06,-1.2265369086467137e-05,3.2493925340965067e-06,1.5514761620563645e-05,7.658113261381965e-08,3.05466908696872e-06,3.407902579813382e-06
1709,False,0.0,-1.2628786905111156e-15,3.2051745217226424e-06,-1.2265369086467137e-05,3.2493925340965067e-06,1.5514761620563645e-05,7.658113261381965e-08,3.05466908696872e-06,3.407902579813382e-06
1710,False,0.0,-1.2628786905111156e-15,3.2051745217226424e-06,-1.2265369086467137e-05,3.2493925340965067e-06,1.5514761620563645e-05,7.658113261381965e-08,3.05466908696872e-06,3.407902579813382e-06
1711,False,0.0,-1.2628786905111156e-15,3.2051745217226424e-06,-1.2265369086467137e-05,3.2493925340965067e-06,1.5514761620563645e-05,7.658113261381965e-08,3.05466908696872e-06,3.407902579813382e-06
1712,False,0.0,-1.2628786905111156e-15,3.2051745217226424e-06,-1.2265369086467137e-05,3.2493925340965067e-06,1.5514761620563645e-05,7.658113261381965e-08,3.05466908696872e-06,3.407902579813382e-06
1713,False,0.0,-1.2628786905111156e-15,3.2051745217226424e-06,-1.2265369086467137e-05,3.2493925340965067e-06,1.5514761620563645e-05,7.658113261381965e-08,3.05466908696872e-06,3.407902579813382e-06
1714,False,0.0,-1.2628786905111156e-15,3.2051745217226424e-06,-1.2265369086467137e-05,3.2493925340965067e-06,1.5514761620563645e-05,7.658113261381965e-08,3.05466908696872e-06,3.407902579813382e-06
1715,False,0.0,-1.2628786905111156e-15,3.2051745217226424e-06,-1.2265369086467137e-05,3.2493925340965067e-06,1.5514761620563645e-05,7.658113261381965e-08,3.05466908696872e-06,3.407902579813382e-06
1716,False,0.0,-1.2628786905111156e-15,3.2051745217226424e-06,-1.2265369086467137e-05,3.2493925340965067e-06,1.5514761620563645e-05,7.658113261381965e-08,3.05466908696872e-06,3.407902579813382e-06
1717,False,0.0,-1.2628786905111156e-15,3.2051745217226424e-06,-1.2265369086467137e-05,3.2493925340965067e-06,1.5514761620563645e-05,7.658113261381965e-08,3.05466908696872e-06,3.407902579813382e-06
1718,False,0.0,-1.2628786905111156e-15,3.2051745217226424e-06,-1.2265369086467137e-05,3.2493925340965067e-06,1.5514761620563645e-05,7.658113261381965e-08,3.05466908696872e-06,3.407902579813382e-06
1719,False,0.0,-1.2628786905111156e-15,3.2051745217226424e-06,-1.2265369086467137e-05,3.2493925340965067e-06,1.5514761620563645e-05,7.658113261381965e-08,3.05466908696872e-06,3.407902579813382e-06
1720,False,0.0,-1.2628786905111156e-15,3.2051745217226424e-06,-1.2265369086467137e-05,3.2493925340965067e-06,1.5514761620563645e-05,7.658113261381965e-08,3.05466908696872e-06,3.407902579813382e-06
1721,False,0.0,-1.2628786905111156e-15,3.2051745217226424e-06,-1.2265369086467137e-05,3.2493925340965067e-06,1.5514761620563645e-05,7.658113261381965e-08,3.05466908696872e-06,3.407902579813382e-06
1722,False,0.0,-1.2628786905111156e-15,3.2051745217226424e-06,-1.2265369086467137e-05,3.2493925340965067e-06,1.5514761620563645e-05,7.658113261381965e-08,3.05466908696872e-06,3.407902579813382e-06
1723,False,0.0,-1.2628786905111156e-15,3.2051745217226424e-06,-1.2265369086467137e-05,3.2493925340965067e-06,1.5514761620563645e-05,7.658113261381965e-08,3.05466908696872e-06,3.407902579813382e-06
1724,False,0.0,-1.2628786905111156e-15,3.2051745217226424e-06,-1.2265369086467137e-05,3.2493925340965067e-06,1.5514761620563645e-05,7.658113261381965e-08,3.05466908696872e-06,3.407902579813382e-06
1725,False,0.0,-1.2628786905111156e-15,3.2051745217226424e-06,-1.2265369086467137e-05,3.2493925340965067e-06,1.5514761620563645e-05,7.658113261381965e-08,3.05466908696872e-06,3.407902579813382e-06
1726,False,0.0,-1.2628786905111156e-15,3.2051745217226424e-06,-1.2265369086467137e-05,3.2493925340965067e-06,1.5514761620563645e-05,7.658113261381965e-08,3.05466908696872e-06,3.407902579813382e-06
1727,False,0.0,-1.2628786905111156e-15,3.2051745217226424e-06,-1.2265369086467137e-05,3.2493925340965067e-06,1.5514761620563645e-05,7.658113261381965e-08,3.05466908696872e-06,3.407902579813382e-06
1728,False,0.0,-1.2628786905111156e-15,3.2051745217226424e-06,-1.2265369086467137e-05,3.2493925340965067e-06,1.5514761620563645e-05,7.658113261381965e-08,3.05466908696872e-06,3.407902579813382e-06
1729,False,0.0,-1.2628786905111156e-15,3.2051745217226424e-06,-1.2265369086467137e-05,3.2493925340965067e-06,1.5514761620563645e-05,7.658113261381965e-08,3.05466908696872e-06,3.407902579813382e-06
1730,False,0.0,-1.2628786905111156e-15,3.2051745217226424e-06,-1.2265369086467137e-05,3.2493925340965067e-06,1.5514761620563645e-05,7.658113261381965e-08,3.05466908696872e-06,3.407902579813382e-06
1731,False,0.0,-1.2628786905111156e-15,3.2051745217226424e-06,-1.2265369086467137e-05,3.2493925340965067e-06,1.5514761620563645e-05,7.658113261381965e-08,3.05466908696872e-06,3.407902579813382e-06
1732,False,0.0,-1.2628786905111156e-15,3.2051745217226424e-06,-1.2265369086467137e-05,3.2493925340965067e-06,1.5514761620563645e-05,7.658113261381965e-08,3.05466908696872e-06,3.407902579813382e-06
1733,False,0.0,-1.2628786905111156e-15,3.2051745217226424e-06,-1.2265369086467137e-05,3.2493925340965067e-06,1.5514761620563645e-05,7.658113261381965e-08,3.05466908696872e-06,3.407902579813382e-06
1734,False,0.0,-1.2628786905111156e-15,3.2051745217226424e-06,-1.2265369086467137e-05,3.2493925340965067e-06,1.5514761620563645e-05,7.658113261381965e-08,3.05466908696872e-06,3.407902579813382e-06
1735,False,0.0,-1.2628786905111156e-15,3.2051745217226424e-06,-1.2265369086467137e-05,3.2493925340965067e-06,1.5514761620563645e-05,7.658113261381965e-08,3.05466908696872e-06,3.407902579813382e-06
1736,False,0.0,-1.2628786905111156e-15,3.2051745217226424e-06,-1.2265369086467137e-05,3.2493925340965067e-06,1.5514761620563645e-05,7.658113261381965e-08,3.05466908696872e-06,3.407902579813382e-06
1737,False,0.0,-1.2628786905111156e-15,3.2051745217226424e-06,-1.2265369086467137e-05,3.2493925340965067e-06,1.5514761620563645e-05,7.658113261381965e-08,3.05466908696872e-06,3.407902579813382e-06
1738,False,0.0,-1.2628786905111156e-15,3.2051745217226424e-06,-1.2265369086467137e-05,3.2493925340965067e-06,1.5514761620563645e-05,7.658113261381965e-08,3.05466908696872e-06,3.407902579813382e-06
1739,False,0.0,-1.2628786905111156e-15,3.2051745217226424e-06,-1.2265369086467137e-05,3.2493925340965067e-06,1.5514761620563645e-05,7.658113261381965e-08,3.05466908696872e-06,3.407902579813382e-06
1740,False,0.0,-1.2628786905111156e-15,3.2051745217226424e-06,-1.2265369086467137e-05,3.2493925340965067e-06,1.5514761620563645e-05,7.658113261381965e-08,3.05466908696872e-06,3.407902579813382e-06
1741,False,0.0,-1.2628786905111156e-15,3.2051745217226424e-06,-1.2265369086467137e-05,3.2493925340965067e-06,1.5514761620563645e-05,7.658113261381965e-08,3.05466908696872e-06,3.407902579813382e-06
1742,False,0.0,-1.2628786905111156e-15,3.2051745217226424e-06,-1.2265369086467137e-05,3.2493925340965067e-06,1.5514761620563645e-05,7.658113261381965e-08,3.05466908696872e-06,3.407902579813382e-06
1743,False,0.0,-1.2628786905111156e-15,3.2051745217226424e-06,-1.2265369086467137e-05,3.2493925340965067e-06,1.5514761620563645e-05,7.658113261381965e-08,3.05466908696872e-06,3.407902579813382e-06
1744,False,0.0,-1.2628786905111156e-15,3.2051745217226424e-06,-1.2265369086467137e-05,3.2493925340965067e-06,1.5514761620563645e-05,7.658113261381965e-08,3.05466908696872e-06,3.407902579813382e-06
1745,False,0.0,-1.2628786905111156e-15,3.2051745217226424e-06,-1.2265369086467137e-05,3.2493925340965067e-06,1.5514761620563645e-05,7.658113261381965e-08,3.05466908696872e-06,3.407902579813382e-06
1746,False,0.0,-1.2628786905111156e-15,3.2051745217226424e-06,-1.2265369086467137e-05,3.2493925340965067e-06,1.5514761620563645e-05,7.658113261381965e-08,3.05466908696872e-06,3.407902579813382e-06
1747,False,0.0,-1.2628786905111156e-15,3.2051745217226424e-06,-1.2265369086467137e-05,3.2493925340965067e-06,1.5514761620563645e-05,7.658113261381965e-08,3.05466908696872e-06,3.407902579813382e-06
1748,False,0.0,-1.2628786905111156e-15,3.2051745217226424e-06,-1.2265369086467137e-05,3.2493925340965067e-06,1.5514761620563645e-05,7.658113261381965e-08,3.05466908696872e-06,3.407902579813382e-06
1749,False,0.0,-1.2628786905111156e-15,3.2051745217226424e-06,-1.2265369086467137e-05,3.2493925340965067e-06,1.5514761620563645e-05,7.658113261381965e-08,3.05466908696872e-06,3.407902579813382e-06
1750,False,0.0,-1.2628786905111156e-15,3.2051745217226424e-06,-1.2265369086467137e-05,3.2493925340965067e-06,1.5514761620563645e-05,7.658113261381965e-08,3.05466908696872e-06,3.407902579813382e-06
1751,False,0.0,-1.2628786905111156e-15,3.2051745217226424e-06,-1.2265369086467137e-05,3.2493925340965067e-06,1.5514761620563645e-05,7.658113261381965e-08,3.05466908696872e-06,3.407902579813382e-06
1752,False,0.0,-1.2628786905111156e-15,3.2051745217226424e-06,-1.2265369086467137e-05,3.2493925340965067e-06,1.5514761620563645e-05,7.658113261381965e-08,3.05466908696872e-06,3.407902579813382e-06
1753,False,0.0,-1.2628786905111156e-15,3.2051745217226424e-06,-1.2265369086467137e-05,3.2493925340965067e-06,1.5514761620563645e-05,7.658113261381965e-08,3.05466908696872e-06,3.407902579813382e-06
1754,False,0.0,-1.2628786905111156e-15,3.2051745217226424e-06,-1.2265369086467137e-05,3.2493925340965067e-06,1.5514761620563645e-05,7.658113261381965e-08,3.05466908696872e-06,3.407902579813382e-06
1755,False,0.0,-1.2628786905111156e-15,3.2051745217226424e-06,-1.2265369086467137e-05,3.2493925340965067e-06,1.5514761620563645e-05,7.658113261381965e-08,3.05466908696872e-06,3.407902579813382e-06
1756,False,0.0,-1.2628786905111156e-15,3.2051745217226424e-06,-1.2265369086467137e-05,3.2493925340965067e-06,1.5514761620563645e-05,7.658113261381965e-08,3.05466908696872e-06,3.407902579813382e-06
1757,False,0.0,-1.2628786905111156e-15,3.2051745217226424e-06,-1.2265369086467137e-05,3.2493925340965067e-06,1.5514761620563645e-05,7.658113261381965e-08,3.05466908696872e-06,3.407902579813382e-06
1760,False,0.0,-1.2628786905111156e-15,3.2051745217226424e-06,-1.2265369086467137e-05,3.2493925340965067e-06,1.5514761620563645e-05,7.658113261381965e-08,3.05466908696872e-06,3.407902579813382e-06
1761,False,0.0,-1.2628786905111156e-15,3.2051745217226424e-06,-1.2265369086467137e-05,3.2493925340965067e-06,1.5514761620563645e-05,7.658113261381965e-08,3.05466908696872e-06,3.407902579813382e-06
1762,False,0.0,-1.2628786905111156e-15,3.2051745217226424e-06,-1.2265369086467137e-05,3.2493925340965067e-06,1.5514761620563645e-05,7.658113261381965e-08,3.05466908696872e-06,3.407902579813382e-06
1763,False,0.0,-1.2628786905111156e-15,3.2051745217226424e-06,-1.2265369086467137e-05,3.2493925340965067e-06,1.5514761620563645e-05,7.658113261381965e-08,3.05466908696872e-06,3.407902579813382e-06
1764,False,0.0,-1.2628786905111156e-15,3.2051745217226424e-06,-1.2265369086467137e-05,3.2493925340965067e-06,1.5514761620563645e-05,7.658113261381965e-08,3.05466908696872e-06,3.407902579813382e-06
1765,False,0.0,-1.2628786905111156e-15,3.2051745217226424e-06,-1.2265369086467137e-05,3.2493925340965067e-06,1.5514761620563645e-05,7.658113261381965e-08,3.05466908696872e-06,3.407902579813382e-06
1766,False,0.0,-1.2628786905111156e-15,3.2051745217226424e-06,-1.2265369086467137e-05,3.2493925340965067e-06,1.5514761620563645e-05,7.658113261381965e-08,3.05466908696872e-06,3.407902579813382e-06
1800,False,0.0,-1.2628786905111156e-15,3.2051745217226424e-06,-1.2265369086467137e-05,3.2493925340965067e-06,1.5514761620563645e-05,7.658113261381965e-08,3.05466908696872e-06,3.407902579813382e-06
1801,False,0.0,-1.2628786905111156e-15,3.2051745217226424e-06,-1.2265369086467137e-05,3.2493925340965067e-06,1.5514761620563645e-05,7.658113261381965e-08,3.05466908696872e-06,3.407902579813382e-06
1802,False,0.0,-1.2628786905111156e-15,3.2051745217226424e-06,-1.2265369086467137e-05,3.2493925340965067e-06,1.5514761620563645e-05,7.658113261381965e-08,3.05466908696872e-06,3.407902579813382e-06
1817,False,0.0,-1.2628786905111156e-15,3.2051745217226424e-06,-1.2265369086467137e-05,3.2493925340965067e-06,1.5514761620563645e-05,7.658113261381965e-08,3.05466908696872e-06,3.407902579813382e-06
1820,False,0.0,-1.2628786905111156e-15,3.2051745217226424e-06,-1.2265369086467137e-05,3.2493925340965067e-06,1.5514761620563645e-05,7.658113261381965e-08,3.05466908696872e-06,3.407902579813382e-06
1823,False,0.0,-1.2628786905111156e-15,3.2051745217226424e-06,-1.2265369086467137e-05,3.2493925340965067e-06,1.5514761620563645e-05,7.658113261381965e-08,3.05466908696872e-06,3.407902579813382e-06
1824,False,0.0,-1.2628786905111156e-15,3.2051745217226424e-06,-1.2265369086467137e-05,3.2493925340965067e-06,1.5514761620563645e-05,7.658113261381965e-08,3.05466908696872e-06,3.407902579813382e-06
1829,False,0.0,-1.2628786905111156e-15,3.2051745217226424e-06,-1.2265369086467137e-05,3.2493925340965067e-06,1.5514761620563645e-05,7.658113261381965e-08,3.05466908696872e-06,3.407902579813382e-06
1831,False,0.0,-1.2628786905111156e-15,3.2051745217226424e-06,-1.2265369086467137e-05,3.2493925340965067e-06,1.5514761620563645e-05,7.658113261381965e-08,3.05466908696872e-06,3.407902579813382e-06
1838,False,0.0,-1.2628786905111156e-15,3.2051745217226424e-06,-1.2265369086467137e-05,3.2493925340965067e-06,1.5514761620563645e-05,7.658113261381965e-08,3.05466908696872e-06,3.407902579813382e-06
1844,False,0.0,-1.2628786905111156e-15,3.2051745217226424e-06,-1.2265369086467137e-05,3.2493925340965067e-06,1.5514761620563645e-05,7.658113261381965e-08,3.05466908696872e-06,3.407902579813382e-06
1845,False,0.0,-1.2628786905111156e-15,3.2051745217226424e-06,-1.2265369086467137e-05,3.2493925340965067e-06,1.5514761620563645e-05,7.658113261381965e-08,3.05466908696872e-06,3.407902579813382e-06
1847,False,0.0,-1.2628786905111156e-15,3.2051745217226424e-06,-1.2265369086467137e-05,3.2493925340965067e-06,1.5514761620563645e-05,7.658113261381965e-08,3.05466908696872e-06,3.407902579813382e-06
1852,False,0.0,-1.2628786905111156e-15,3.2051745217226424e-06,-1.2265369086467137e-05,3.2493925340965067e-06,1.5514761620563645e-05,7.658113261381965e-08,3.05466908696872e-06,3.407902579813382e-06
1853,False,0.0,-1.2628786905111156e-15,3.2051745217226424e-06,-1.2265369086467137e-05,3.2493925340965067e-06,1.5514761620563645e-05,7.658113261381965e-08,3.05466908696872e-06,3.407902579813382e-06
1855,False,0.0,-1.2628786905111156e-15,3.2051745217226424e-06,-1.2265369086467137e-05,3.2493925340965067e-06,1.5514761620563645e-05,7.658113261381965e-08,3.05466908696872e-06,3.407902579813382e-06
1858,False,0.0,-1.2628786905111156e-15,3.2051745217226424e-06,-1.2265369086467137e-05,3.2493925340965067e-06,1.5514761620563645e-05,7.658113261381965e-08,3.05466908696872e-06,3.407902579813382e-06
1861,False,0.0,-1.2628786905111156e-15,3.2051745217226424e-06,-1.2265369086467137e-05,3.2493925340965067e-06,1.5514761620563645e-05,7.658113261381965e-08,3.05466908696872e-06,3.407902579813382e-06
1863,False,0.0,-1.2628786905111156e-15,3.2051745217226424e-06,-1.2265369086467137e-05,3.2493925340965067e-06,1.5514761620563645e-05,7.658113261381965e-08,3.05466908696872e-06,3.407902579813382e-06
1864,False,0.0,-1.2628786905111156e-15,3.2051745217226424e-06,-1.2265369086467137e-05,3.2493925340965067e-06,1.5514761620563645e-05,7.658113261381965e-08,3.05466908696872e-06,3.407902579813382e-06
1868,False,0.0,-1.2628786905111156e-15,3.2051745217226424e-06,-1.2265369086467137e-05,3.2493925340965067e-06,1.5514761620563645e-05,7.658113261381965e-08,3.05466908696872e-06,3.407902579813382e-06
1869,False,0.0,-1.2628786905111156e-15,3.2051745217226424e-06,-1.2265369086467137e-05,3.2493925340965067e-06,1.5514761620563645e-05,7.658113261381965e-08,3.05466908696872e-06,3.407902579813382e-06
1871,False,0.0,-1.2628786905111156e-15,3.2051745217226424e-06,-1.2265369086467137e-05,3.2493925340965067e-06,1.5514761620563645e-05,7.658113261381965e-08,3.05466908696872e-06,3.407902579813382e-06
1872,False,0.0,-1.2628786905111156e-15,3.2051745217226424e-06,-1.2265369086467137e-05,3.2493925340965067e-06,1.5514761620563645e-05,7.658113261381965e-08,3.05466908696872e-06,3.407902579813382e-06
1882,False,0.0,-1.2628786905111156e-15,3.2051745217226424e-06,-1.2265369086467137e-05,3.2493925340965067e-06,1.5514761620563645e-05,7.658113261381965e-08,3.05466908696872e-06,3.407902579813382e-06
1883,False,0.0,-1.2628786905111156e-15,3.2051745217226424e-06,-1.2265369086467137e-05,3.2493925340965067e-06,1.5514761620563645e-05,7.658113261381965e-08,3.05466908696872e-06,3.407902579813382e-06
1884,False,0.0,-1.2628786905111156e-15,3.2051745217226424e-06,-1.2265369086467137e-05,3.2493925340965067e-06,1.5514761620563645e-05,7.658113261381965e-08,3.05466908696872e-06,3.407902579813382e-06
1885,False,0.0,-1.2628786905111156e-15,3.2051745217226424e-06,-1.2265369086467137e-05,3.2493925340965067e-06,1.5514761620563645e-05,7.658113261381965e-08,3.05466908696872e-06,3.407902579813382e-06
1886,False,0.0,-1.2628786905111156e-15,3.2051745217226424e-06,-1.2265369086467137e-05,3.2493925340965067e-06,1.5514761620563645e-05,7.658113261381965e-08,3.05466908696872e-06,3.407902579813382e-06
1887,False,0.0,-1.2628786905111156e-15,3.2051745217226424e-06,-1.2265369086467137e-05,3.2493925340965067e-06,1.5514761620563645e-05,7.658113261381965e-08,3.05466908696872e-06,3.407902579813382e-06
1888,False,0.0,-1.2628786905111156e-15,3.2051745217226424e-06,-1.2265369086467137e-05,3.2493925340965067e-06,1.5514761620563645e-05,7.658113261381965e-08,3.05466908696872e-06,3.407902579813382e-06
1889,False,0.0,-1.2628786905111156e-15,3.2051745217226424e-06,-1.2265369086467137e-05,3.2493925340965067e-06,1.5514761620563645e-05,7.658113261381965e-08,3.05466908696872e-06,3.407902579813382e-06
1890,False,0.0,-1.2628786905111156e-15,3.2051745217226424e-06,-1.2265369086467137e-05,3.2493925340965067e-06,1.5514761620563645e-05,7.658113261381965e-08,3.05466908696872e-06,3.407902579813382e-06
1891,False,0.0,-1.2628786905111156e-15,3.2051745217226424e-06,-1.2265369086467137e-05,3.2493925340965067e-06,1.5514761620563645e-05,7.658113261381965e-08,3.05466908696872e-06,3.407902579813382e-06
1892,False,0.0,-1.2628786905111156e-15,3.2051745217226424e-06,-1.2265369086467137e-05,3.2493925340965067e-06,1.5514761620563645e-05,7.658113261381965e-08,3.05466908696872e-06,3.407902579813382e-06
1893,False,0.0,-1.2628786905111156e-15,3.2051745217226424e-06,-1.2265369086467137e-05,3.2493925340965067e-06,1.5514761620563645e-05,7.658113261381965e-08,3.05466908696872e-06,3.407902579813382e-06
1894,False,0.0,-1.2628786905111156e-15,3.2051745217226424e-06,-1.2265369086467137e-05,3.2493925340965067e-06,1.5514761620563645e-05,7.658113261381965e-08,3.05466908696872e-06,3.407902579813382e-06
1895,False,0.0,-1.2628786905111156e-15,3.2051745217226424e-06,-1.2265369086467137e-05,3.2493925340965067e-06,1.5514761620563645e-05,7.658113261381965e-08,3.05466908696872e-06,3.407902579813382e-06
1897,False,0.0,-1.2628786905111156e-15,3.2051745217226424e-06,-1.2265369086467137e-05,3.2493925340965067e-06,1.5514761620563645e-05,7.658113261381965e-08,3.05466908696872e-06,3.407902579813382e-06
1898,False,0.0,-1.2628786905111156e-15,3.2051745217226424e-06,-1.2265369086467137e-05,3.2493925340965067e-06,1.5514761620563645e-05,7.658113261381965e-08,3.05466908696872e-06,3.407902579813382e-06
1899,False,0.0,-1.2628786905111156e-15,3.2051745217226424e-06,-1.2265369086467137e-05,3.2493925340965067e-06,1.5514761620563645e-05,7.658113261381965e-08,3.05466908696872e-06,3.407902579813382e-06
1900,False,0.0,-1.2628786905111156e-15,3.2051745217226424e-06,-1.2265369086467137e-05,3.2493925340965067e-06,1.5514761620563645e-05,7.658113261381965e-08,3.05466908696872e-06,3.407902579813382e-06
1901,False,0.0,-1.2628786905111156e-15,3.2051745217226424e-06,-1.2265369086467137e-05,3.2493925340965067e-06,1.5514761620563645e-05,7.658113261381965e-08,3.05466908696872e-06,3.407902579813382e-06
1902,False,0.0,-1.2628786905111156e-15,3.2051745217226424e-06,-1.2265369086467137e-05,3.2493925340965067e-06,1.5514761620563645e-05,7.658113261381965e-08,3.05466908696872e-06,3.407902579813382e-06
1903,False,0.0,-1.2628786905111156e-15,3.2051745217226424e-06,-1.2265369086467137e-05,3.2493925340965067e-06,1.5514761620563645e-05,7.658113261381965e-08,3.05466908696872e-06,3.407902579813382e-06
1904,False,0.0,-1.2628786905111156e-15,3.2051745217226424e-06,-1.2265369086467137e-05,3.2493925340965067e-06,1.5514761620563645e-05,7.658113261381965e-08,3.05466908696872e-06,3.407902579813382e-06
1905,False,0.0,-1.2628786905111156e-15,3.2051745217226424e-06,-1.2265369086467137e-05,3.2493925340965067e-06,1.5514761620563645e-05,7.658113261381965e-08,3.05466908696872e-06,3.407902579813382e-06
1906,False,0.0,-1.2628786905111156e-15,3.2051745217226424e-06,-1.2265369086467137e-05,3.2493925340965067e-06,1.5514761620563645e-05,7.658113261381965e-08,3.05466908696872e-06,3.407902579813382e-06
1907,False,0.0,-1.2628786905111156e-15,3.2051745217226424e-06,-1.2265369086467137e-05,3.2493925340965067e-06,1.5514761620563645e-05,7.658113261381965e-08,3.05466908696872e-06,3.407902579813382e-06
1908,False,0.0,-1.2628786905111156e-15,3.2051745217226424e-06,-1.2265369086467137e-05,3.2493925340965067e-06,1.5514761620563645e-05,7.658113261381965e-08,3.05466908696872e-06,3.407902579813382e-06
1909,False,0.0,-1.2628786905111156e-15,3.2051745217226424e-06,-1.2265369086467137e-05,3.2493925340965067e-06,1.5514761620563645e-05,7.658113261381965e-08,3.05466908696872e-06,3.407902579813382e-06
1910,False,0.0,-1.2628786905111156e-15,3.2051745217226424e-06,-1.2265369086467137e-05,3.2493925340965067e-06,1.5514761620563645e-05,7.658113261381965e-08,3.05466908696872e-06,3.407902579813382e-06
1911,False,0.0,-1.2628786905111156e-15,3.2051745217226424e-06,-1.2265369086467137e-05,3.2493925340965067e-06,1.5514761620563645e-05,7.658113261381965e-08,3.05466908696872e-06,3.407902579813382e-06
1913,False,0.0,-1.2628786905111156e-15,3.2051745217226424e-06,-1.2265369086467137e-05,3.2493925340965067e-06,1.5514761620563645e-05,7.658113261381965e-08,3.05466908696872e-06,3.407902579813382e-06
1914,False,0.0,-1.2628786905111156e-15,3.2051745217226424e-06,-1.2265369086467137e-05,3.2493925340965067e-06,1.5514761620563645e-05,7.658113261381965e-08,3.05466908696872e-06,3.407902579813382e-06
1915,False,0.0,-1.2628786905111156e-15,3.2051745217226424e-06,-1.2265369086467137e-05,3.2493925340965067e-06,1.5514761620563645e-05,7.658113261381965e-08,3.05466908696872e-06,3.407902579813382e-06
1916,False,0.0,-1.2628786905111156e-15,3.2051745217226424e-06,-1.2265369086467137e-05,3.2493925340965067e-06,1.5514761620563645e-05,7.658113261381965e-08,3.05466908696872e-06,3.407902579813382e-06
1917,False,0.0,-1.2628786905111156e-15,3.2051745217226424e-06,-1.2265369086467137e-05,3.2493925340965067e-06,1.5514761620563645e-05,7.658113261381965e-08,3.05466908696872e-06,3.407902579813382e-06
1918,False,0.0,-1.2628786905111156e-15,3.2051745217226424e-06,-1.2265369086467137e-05,3.2493925340965067e-06,1.5514761620563645e-05,7.658113261381965e-08,3.05466908696872e-06,3.407902579813382e-06
1919,False,0.0,-1.2628786905111156e-15,3.2051745217226424e-06,-1.2265369086467137e-05,3.2493925340965067e-06,1.5514761620563645e-05,7.658113261381965e-08,3.05466908696872e-06,3.407902579813382e-06
1920,False,0.0,-1.2628786905111156e-15,3.2051745217226424e-06,-1.2265369086467137e-05,3.2493925340965067e-06,1.5514761620563645e-05,7.658113261381965e-08,3.05466908696872e-06,3.407902579813382e-06
1921,False,0.0,-1.2628786905111156e-15,3.2051745217226424e-06,-1.2265369086467137e-05,3.2493925340965067e-06,1.5514761620563645e-05,7.658113261381965e-08,3.05466908696872e-06,3.407902579813382e-06
1922,False,0.0,-1.2628786905111156e-15,3.2051745217226424e-06,-1.2265369086467137e-05,3.2493925340965067e-06,1.5514761620563645e-05,7.658113261381965e-08,3.05466908696872e-06,3.407902579813382e-06
1924,False,0.0,-1.2628786905111156e-15,3.2051745217226424e-06,-1.2265369086467137e-05,3.2493925340965067e-06,1.5514761620563645e-05,7.658113261381965e-08,3.05466908696872e-06,3.407902579813382e-06
1926,False,0.0,-1.2628786905111156e-15,3.2051745217226424e-06,-1.2265369086467137e-05,3.2493925340965067e-06,1.5514761620563645e-05,7.658113261381965e-08,3.05466908696872e-06,3.407902579813382e-06
1928,False,0.0,-1.2628786905111156e-15,3.2051745217226424e-06,-1.2265369086467137e-05,3.2493925340965067e-06,1.5514761620563645e-05,7.658113261381965e-08,3.05466908696872e-06,3.407902579813382e-06
1930,False,0.0,-1.2628786905111156e-15,3.2051745217226424e-06,-1.2265369086467137e-05,3.2493925340965067e-06,1.5514761620563645e-05,7.658113261381965e-08,3.05466908696872e-06,3.407902579813382e-06
1934,False,0.0,-1.2628786905111156e-15,3.2051745217226424e-06,-1.2265369086467137e-05,3.2493925340965067e-06,1.5514761620563645e-05,7.658113261381965e-08,3.05466908696872e-06,3.407902579813382e-06
1937,False,0.0,-1.2628786905111156e-15,3.2051745217226424e-06,-1.2265369086467137e-05,3.2493925340965067e-06,1.5514761620563645e-05,7.658113261381965e-08,3.05466908696872e-06,3.407902579813382e-06
1938,False,0.0,-1.2628786905111156e-15,3.2051745217226424e-06,-1.2265369086467137e-05,3.2493925340965067e-06,1.5514761620563645e-05,7.658113261381965e-08,3.05466908696872e-06,3.407902579813382e-06
1942,False,0.0,-1.2628786905111156e-15,3.2051745217226424e-06,-1.2265369086467137e-05,3.2493925340965067e-06,1.5514761620563645e-05,7.658113261381965e-08,3.05466908696872e-06,3.407902579813382e-06
1943,False,0.0,-1.2628786905111156e-15,3.2051745217226424e-06,-1.2265369086467137e-05,3.2493925340965067e-06,1.5514761620563645e-05,7.658113261381965e-08,3.05466908696872e-06,3.407902579813382e-06
1944,False,0.0,-1.2628786905111156e-15,3.2051745217226424e-06,-1.2265369086467137e-05,3.2493925340965067e-06,1.5514761620563645e-05,7.658113261381965e-08,3.05466908696872e-06,3.407902579813382e-06
1952,False,0.0,-1.2628786905111156e-15,3.2051745217226424e-06,-1.2265369086467137e-05,3.2493925340965067e-06,1.5514761620563645e-05,7.658113261381965e-08,3.05466908696872e-06,3.407902579813382e-06
1953,False,0.0,-1.2628786905111156e-15,3.2051745217226424e-06,-1.2265369086467137e-05,3.2493925340965067e-06,1.5514761620563645e-05,7.658113261381965e-08,3.05466908696872e-06,3.407902579813382e-06
1954,False,0.0,-1.2628786905111156e-15,3.2051745217226424e-06,-1.2265369086467137e-05,3.2493925340965067e-06,1.5514761620563645e-05,7.658113261381965e-08,3.05466908696872e-06,3.407902579813382e-06
1956,False,0.0,-1.2628786905111156e-15,3.2051745217226424e-06,-1.2265369086467137e-05,3.2493925340965067e-06,1.5514761620563645e-05,7.658113261381965e-08,3.05466908696872e-06,3.407902579813382e-06
1960,False,0.0,-1.2628786905111156e-15,3.2051745217226424e-06,-1.2265369086467137e-05,3.2493925340965067e-06,1.5514761620563645e-05,7.658113261381965e-08,3.05466908696872e-06,3.407902579813382e-06
1965,False,0.0,-1.2628786905111156e-15,3.2051745217226424e-06,-1.2265369086467137e-05,3.2493925340965067e-06,1.5514761620563645e-05,7.658113261381965e-08,3.05466908696872e-06,3.407902579813382e-06
1967,False,0.0,-1.2628786905111156e-15,3.2051745217226424e-06,-1.2265369086467137e-05,3.2493925340965067e-06,1.5514761620563645e-05,7.658113261381965e-08,3.05466908696872e-06,3.407902579813382e-06
1975,False,0.0,-1.2628786905111156e-15,3.2051745217226424e-06,-1.2265369086467137e-05,3.2493925340965067e-06,1.5514761620563645e-05,7.658113261381965e-08,3.05466908696872e-06,3.407902579813382e-06
1983,False,0.0,-1.2628786905111156e-15,3.2051745217226424e-06,-1.2265369086467137e-05,3.2493925340965067e-06,1.5514761620563645e-05,7.658113261381965e-08,3.05466908696872e-06,3.407902579813382e-06
1985,False,0.0,-1.2628786905111156e-15,3.2051745217226424e-06,-1.2265369086467137e-05,3.2493925340965067e-06,1.5514761620563645e-05,7.658113261381965e-08,3.05466908696872e-06,3.407902579813382e-06
2000,False,0.0,-1.2628786905111156e-15,3.2051745217226424e-06,-1.2265369086467137e-05,3.2493925340965067e-06,1.5514761620563645e-05,7.658113261381965e-08,3.05466908696872e-06,3.407902579813382e-06
2030,False,0.0,-1.2628786905111156e-15,3.2051745217226424e-06,-1.2265369086467137e-05,3.2493925340965067e-06,1.5514761620563645e-05,7.658113261381965e-08,3.05466908696872e-06,3.407902579813382e-06
2031,False,0.0,-1.2628786905111156e-15,3.2051745217226424e-06,-1.2265369086467137e-05,3.2493925340965067e-06,1.5514761620563645e-05,7.658113261381965e-08,3.05466908696872e-06,3.407902579813382e-06
2032,False,0.0,-1.2628786905111156e-15,3.2051745217226424e-06,-1.2265369086467137e-05,3.2493925340965067e-06,1.5514761620563645e-05,7.658113261381965e-08,3.05466908696872e-06,3.407902579813382e-06
2033,False,0.0,-1.2628786905111156e-15,3.2051745217226424e-06,-1.2265369086467137e-05,3.2493925340965067e-06,1.5514761620563645e-05,7.658113261381965e-08,3.05466908696872e-06,3.407902579813382e-06
2034,False,0.0,-1.2628786905111156e-15,3.2051745217226424e-06,-1.2265369086467137e-05,3.2493925340965067e-06,1.5514761620563645e-05,7.658113261381965e-08,3.05466908696872e-06,3.407902579813382e-06
2035,False,0.0,-1.2628786905111156e-15,3.2051745217226424e-06,-1.2265369086467137e-05,3.2493925340965067e-06,1.5514761620563645e-05,7.658113261381965e-08,3.05466908696872e-06,3.407902579813382e-06
2036,False,0.0,-1.2628786905111156e-15,3.2051745217226424e-06,-1.2265369086467137e-05,3.2493925340965067e-06,1.5514761620563645e-05,7.658113261381965e-08,3.05466908696872e-06,3.407902579813382e-06
2037,False,1.0886118459050997,0.06407438680656061,0.0003814967374069639,0.0003633942255828748,0.00046622238290422446,0.00010282815732134964,6.983845322579896e-05,0.0003818913787851791,0.0006381595255973704
2038,False,0.0,-1.2628786905111156e-15,3.2051745217226424e-06,-1.2265369086467137e-05,3.2493925340965067e-06,1.5514761620563645e-05,7.658113261381965e-08,3.05466908696872e-06,3.407902579813382e-06
2039,False,0.0,-1.2628786905111156e-15,3.2051745217226424e-06,-1.2265369086467137e-05,3.2493925340965067e-06,1.5514761620563645e-05,7.658113261381965e-08,3.05466908696872e-06,3.407902579813382e-06
2040,False,0.0,-1.2628786905111156e-15,3.2051745217226424e-06,-1.2265369086467137e-05,3.2493925340965067e-06,1.5514761620563645e-05,7.658113261381965e-08,3.05466908696872e-06,3.407902579813382e-06
2041,False,0.0,-1.2628786905111156e-15,3.2051745217226424e-06,-1.2265369086467137e-05,3.2493925340965067e-06,1.5514761620563645e-05,7.658113261381965e-08,3.05466908696872e-06,3.407902579813382e-06
2042,False,0.0,-1.2628786905111156e-15,3.2051745217226424e-06,-1.2265369086467137e-05,3.2493925340965067e-06,1.5514761620563645e-05,7.658113261381965e-08,3.05466908696872e-06,3.407902579813382e-06
2043,False,0.0,-1.2628786905111156e-15,3.2051745217226424e-06,-1.2265369086467137e-05,3.2493925340965067e-06,1.5514761620563645e-05,7.658113261381965e-08,3.05466908696872e-06,3.407902579813382e-06
2044,False,0.0,-1.2628786905111156e-15,3.2051745217226424e-06,-1.2265369086467137e-05,3.2493925340965067e-06,1.5514761620563645e-05,7.658113261381965e-08,3.05466908696872e-06,3.407902579813382e-06
2045,False,0.0,-1.2628786905111156e-15,3.2051745217226424e-06,-1.2265369086467137e-05,3.2493925340965067e-06,1.5514761620563645e-05,7.658113261381965e-08,3.05466908696872e-06,3.407902579813382e-06
2046,False,0.0,-1.2628786905111156e-15,3.2051745217226424e-06,-1.2265369086467137e-05,3.2493925340965067e-06,1.5514761620563645e-05,7.658113261381965e-08,3.05466908696872e-06,3.407902579813382e-06
2047,False,0.0,-1.2628786905111156e-15,3.2051745217226424e-06,-1.2265369086467137e-05,3.2493925340965067e-06,1.5514761620563645e-05,7.658113261381965e-08,3.05466908696872e-06,3.407902579813382e-06
2048,False,0.0,-1.2628786905111156e-15,3.2051745217226424e-06,-1.2265369086467137e-05,3.2493925340965067e-06,1.5514761620563645e-05,7.658113261381965e-08,3.05466908696872e-06,3.407902579813382e-06
2049,False,0.0,-1.2628786905111156e-15,3.2051745217226424e-06,-1.2265369086467137e-05,3.2493925340965067e-06,1.5514761620563645e-05,7.658113261381965e-08,3.05466908696872e-06,3.407902579813382e-06
2050,False,0.0,-1.2628786905111156e-15,3.2051745217226424e-06,-1.2265369086467137e-05,3.2493925340965067e-06,1.5514761620563645e-05,7.658113261381965e-08,3.05466908696872e-06,3.407902579813382e-06
2051,False,0.0,-1.2628786905111156e-15,3.2051745217226424e-06,-1.2265369086467137e-05,3.2493925340965067e-06,1.5514761620563645e-05,7.658113261381965e-08,3.05466908696872e-06,3.407902579813382e-06
2052,False,0.0,-1.2628786905111156e-15,3.2051745217226424e-06,-1.2265369086467137e-05,3.2493925340965067e-06,1.5514761620563645e-05,7.658113261381965e-08,3.05466908696872e-06,3.407902579813382e-06
2053,False,0.0,-1.2628786905111156e-15,3.2051745217226424e-06,-1.2265369086467137e-05,3.2493925340965067e-06,1.5514761620563645e-05,7.658113261381965e-08,3.05466908696872e-06,3.407902579813382e-06
2054,False,0.0,-1.2628786905111156e-15,3.2051745217226424e-06,-1.2265369086467137e-05,3.2493925340965067e-06,1.5514761620563645e-05,7.658113261381965e-08,3.05466908696872e-06,3.407902579813382e-06
2055,False,0.0,-1.2628786905111156e-15,3.2051745217226424e-06,-1.2265369086467137e-05,3.2493925340965067e-06,1.5514761620563645e-05,7.658113261381965e-08,3.05466908696872e-06,3.407902579813382e-06
2056,False,0.0,-1.2628786905111156e-15,3.2051745217226424e-06,-1.2265369086467137e-05,3.2493925340965067e-06,1.5514761620563645e-05,7.658113261381965e-08,3.05466908696872e-06,3.407902579813382e-06
2057,False,0.0,-1.2628786905111156e-15,3.2051745217226424e-06,-1.2265369086467137e-05,3.2493925340965067e-06,1.5514761620563645e-05,7.658113261381965e-08,3.05466908696872e-06,3.407902579813382e-06
2058,False,0.0,-1.2628786905111156e-15,3.2051745217226424e-06,-1.2265369086467137e-05,3.2493925340965067e-06,1.5514761620563645e-05,7.658113261381965e-08,3.05466908696872e-06,3.407902579813382e-06
2059,False,0.0,-1.2628786905111156e-15,3.2051745217226424e-06,-1.2265369086467137e-05,3.2493925340965067e-06,1.5514761620563645e-05,7.658113261381965e-08,3.05466908696872e-06,3.407902579813382e-06
2060,False,0.0,-1.2628786905111156e-15,3.2051745217226424e-06,-1.2265369086467137e-05,3.2493925340965067e-06,1.5514761620563645e-05,7.658113261381965e-08,3.05466908696872e-06,3.407902579813382e-06
2061,False,0.0,-1.2628786905111156e-15,3.2051745217226424e-06,-1.2265369086467137e-05,3.2493925340965067e-06,1.5514761620563645e-05,7.658113261381965e-08,3.05466908696872e-06,3.407902579813382e-06
2062,False,0.0,-1.2628786905111156e-15,3.2051745217226424e-06,-1.2265369086467137e-05,3.2493925340965067e-06,1.5514761620563645e-05,7.658113261381965e-08,3.05466908696872e-06,3.407902579813382e-06
2063,False,0.0,-1.2628786905111156e-15,3.2051745217226424e-06,-1.2265369086467137e-05,3.2493925340965067e-06,1.5514761620563645e-05,7.658113261381965e-08,3.05466908696872e-06,3.407902579813382e-06
2064,False,0.0,-1.2628786905111156e-15,3.2051745217226424e-06,-1.2265369086467137e-05,3.2493925340965067e-06,1.5514761620563645e-05,7.658113261381965e-08,3.05466908696872e-06,3.407902579813382e-06
2065,False,0.0,-1.2628786905111156e-15,3.2051745217226424e-06,-1.2265369086467137e-05,3.2493925340965067e-06,1.5514761620563645e-05,7.658113261381965e-08,3.05466908696872e-06,3.407902579813382e-06
2066,False,0.0,-1.2628786905111156e-15,3.2051745217226424e-06,-1.2265369086467137e-05,3.2493925340965067e-06,1.5514761620563645e-05,7.658113261381965e-08,3.05466908696872e-06,3.407902579813382e-06
2067,False,0.0,-1.2628786905111156e-15,3.2051745217226424e-06,-1.2265369086467137e-05,3.2493925340965067e-06,1.5514761620563645e-05,7.658113261381965e-08,3.05466908696872e-06,3.407902579813382e-06
2068,False,0.0,-1.2628786905111156e-15,3.2051745217226424e-06,-1.2265369086467137e-05,3.2493925340965067e-06,1.5514761620563645e-05,7.658113261381965e-08,3.05466908696872e-06,3.407902579813382e-06
2069,False,0.0,-1.2628786905111156e-15,3.2051745217226424e-06,-1.2265369086467137e-05,3.2493925340965067e-06,1.5514761620563645e-05,7.658113261381965e-08,3.05466908696872e-06,3.407902579813382e-06
2071,False,0.0,-1.2628786905111156e-15,3.2051745217226424e-06,-1.2265369086467137e-05,3.2493925340965067e-06,1.5514761620563645e-05,7.658113261381965e-08,3.05466908696872e-06,3.407902579813382e-06
2072,False,0.0,-1.2628786905111156e-15,3.2051745217226424e-06,-1.2265369086467137e-05,3.2493925340965067e-06,1.5514761620563645e-05,7.658113261381965e-08,3.05466908696872e-06,3.407902579813382e-06
2073,False,0.0,-1.2628786905111156e-15,3.2051745217226424e-06,-1.2265369086467137e-05,3.2493925340965067e-06,1.5514761620563645e-05,7.658113261381965e-08,3.05466908696872e-06,3.407902579813382e-06
2074,False,0.0,-1.2628786905111156e-15,3.2051745217226424e-06,-1.2265369086467137e-05,3.2493925340965067e-06,1.5514761620563645e-05,7.658113261381965e-08,3.05466908696872e-06,3.407902579813382e-06
2078,False,0.0,-1.2628786905111156e-15,3.2051745217226424e-06,-1.2265369086467137e-05,3.2493925340965067e-06,1.5514761620563645e-05,7.658113261381965e-08,3.05466908696872e-06,3.407902579813382e-06
2079,False,0.0,-1.2628786905111156e-15,3.2051745217226424e-06,-1.2265369086467137e-05,3.2493925340965067e-06,1.5514761620563645e-05,7.658113261381965e-08,3.05466908696872e-06,3.407902579813382e-06
2080,False,0.0,-1.2628786905111156e-15,3.2051745217226424e-06,-1.2265369086467137e-05,3.2493925340965067e-06,1.5514761620563645e-05,7.658113261381965e-08,3.05466908696872e-06,3.407902579813382e-06
2081,False,0.0,-1.2628786905111156e-15,3.2051745217226424e-06,-1.2265369086467137e-05,3.2493925340965067e-06,1.5514761620563645e-05,7.658113261381965e-08,3.05466908696872e-06,3.407902579813382e-06
2082,False,0.0,-1.2628786905111156e-15,3.2051745217226424e-06,-1.2265369086467137e-05,3.2493925340965067e-06,1.5514761620563645e-05,7.658113261381965e-08,3.05466908696872e-06,3.407902579813382e-06
2084,False,0.0,-1.2628786905111156e-15,3.2051745217226424e-06,-1.2265369086467137e-05,3.2493925340965067e-06,1.5514761620563645e-05,7.658113261381965e-08,3.05466908696872e-06,3.407902579813382e-06
2091,False,0.0,-1.2628786905111156e-15,3.2051745217226424e-06,-1.2265369086467137e-05,3.2493925340965067e-06,1.5514761620563645e-05,7.658113261381965e-08,3.05466908696872e-06,3.407902579813382e-06
2092,False,0.0,-1.2628786905111156e-15,3.2051745217226424e-06,-1.2265369086467137e-05,3.2493925340965067e-06,1.5514761620563645e-05,7.658113261381965e-08,3.05466908696872e-06,3.407902579813382e-06
2098,False,0.0,-1.2628786905111156e-15,3.2051745217226424e-06,-1.2265369086467137e-05,3.2493925340965067e-06,1.5514761620563645e-05,7.658113261381965e-08,3.05466908696872e-06,3.407902579813382e-06
2101,False,0.0,-1.2628786905111156e-15,3.2051745217226424e-06,-1.2265369086467137e-05,3.2493925340965067e-06,1.5514761620563645e-05,7.658113261381965e-08,3.05466908696872e-06,3.407902579813382e-06
2106,False,0.0,-1.2628786905111156e-15,3.2051745217226424e-06,-1.2265369086467137e-05,3.2493925340965067e-06,1.5514761620563645e-05,7.658113261381965e-08,3.05466908696872e-06,3.407902579813382e-06
2109,False,0.0,-1.2628786905111156e-15,3.2051745217226424e-06,-1.2265369086467137e-05,3.2493925340965067e-06,1.5514761620563645e-05,7.658113261381965e-08,3.05466908696872e-06,3.407902579813382e-06
2121,False,0.0,-1.2628786905111156e-15,3.2051745217226424e-06,-1.2265369086467137e-05,3.2493925340965067e-06,1.5514761620563645e-05,7.658113261381965e-08,3.05466908696872e-06,3.407902579813382e-06
2123,False,0.0,-1.2628786905111156e-15,3.2051745217226424e-06,-1.2265369086467137e-05,3.2493925340965067e-06,1.5514761620563645e-05,7.658113261381965e-08,3.05466908696872e-06,3.407902579813382e-06
2124,False,0.0,-1.2628786905111156e-15,3.2051745217226424e-06,-1.2265369086467137e-05,3.2493925340965067e-06,1.5514761620563645e-05,7.658113261381965e-08,3.05466908696872e-06,3.407902579813382e-06
2128,False,0.0,-1.2628786905111156e-15,3.2051745217226424e-06,-1.2265369086467137e-05,3.2493925340965067e-06,1.5514761620563645e-05,7.658113261381965e-08,3.05466908696872e-06,3.407902579813382e-06
2130,False,0.0,-1.2628786905111156e-15,3.2051745217226424e-06,-1.2265369086467137e-05,3.2493925340965067e-06,1.5514761620563645e-05,7.658113261381965e-08,3.05466908696872e-06,3.407902579813382e-06
2137,False,0.0,-1.2628786905111156e-15,3.2051745217226424e-06,-1.2265369086467137e-05,3.2493925340965067e-06,1.5514761620563645e-05,7.658113261381965e-08,3.05466908696872e-06,3.407902579813382e-06
2143,False,0.0,-1.2628786905111156e-15,3.2051745217226424e-06,-1.2265369086467137e-05,3.2493925340965067e-06,1.5514761620563645e-05,7.658113261381965e-08,3.05466908696872e-06,3.407902579813382e-06
2173,False,0.0,-1.2628786905111156e-15,3.2051745217226424e-06,-1.2265369086467137e-05,3.2493925340965067e-06,1.5514761620563645e-05,7.658113261381965e-08,3.05466908696872e-06,3.407902579813382e-06
2198,False,0.0,-1.2628786905111156e-15,3.2051745217226424e-06,-1.2265369086467137e-05,3.2493925340965067e-06,1.5514761620563645e-05,7.658113261381965e-08,3.05466908696872e-06,3.407902579813382e-06
2199,False,0.0,-1.2628786905111156e-15,3.2051745217226424e-06,-1.2265369086467137e-05,3.2493925340965067e-06,1.5514761620563645e-05,7.658113261381965e-08,3.05466908696872e-06,3.407902579813382e-06
2200,False,0.0,-1.2628786905111156e-15,3.2051745217226424e-06,-1.2265369086467137e-05,3.2493925340965067e-06,1.5514761620563645e-05,7.658113261381965e-08,3.05466908696872e-06,3.407902579813382e-06
2201,False,0.0,-1.2628786905111156e-15,3.2051745217226424e-06,-1.2265369086467137e-05,3.2493925340965067e-06,1.5514761620563645e-05,7.658113261381965e-08,3.05466908696872e-06,3.407902579813382e-06
2202,False,0.0,-1.2628786905111156e-15,3.2051745217226424e-06,-1.2265369086467137e-05,3.2493925340965067e-06,1.5514761620563645e-05,7.658113261381965e-08,3.05466908696872e-06,3.407902579813382e-06
2203,False,0.0,-1.2628786905111156e-15,3.2051745217226424e-06,-1.2265369086467137e-05,3.2493925340965067e-06,1.5514761620563645e-05,7.658113261381965e-08,3.05466908696872e-06,3.407902579813382e-06
2204,False,0.0,-1.2628786905111156e-15,3.2051745217226424e-06,-1.2265369086467137e-05,3.2493925340965067e-06,1.5514761620563645e-05,7.658113261381965e-08,3.05466908696872e-06,3.407902579813382e-06
2205,False,0.0,-1.2628786905111156e-15,3.2051745217226424e-06,-1.2265369086467137e-05,3.2493925340965067e-06,1.5514761620563645e-05,7.658113261381965e-08,3.05466908696872e-06,3.407902579813382e-06
2206,False,0.0,-1.2628786905111156e-15,3.2051745217226424e-06,-1.2265369086467137e-05,3.2493925340965067e-06,1.5514761620563645e-05,7.658113261381965e-08,3.05466908696872e-06,3.407902579813382e-06
2207,False,0.6723201996621854,-0.03295455610598699,-0.0008870104176460225,-9.309344055158375e-05,-0.0008303139943618212,-0.0007372205538102375,6.309254956842852e-05,-0.0009056833081331067,-0.0007345111441710572
2208,False,0.0,-1.2628786905111156e-15,3.2051745217226424e-06,-1.2265369086467137e-05,3.2493925340965067e-06,1.5514761620563645e-05,7.658113261381965e-08,3.05466908696872e-06,3.407902579813382e-06
2209,False,0.0,-1.2628786905111156e-15,3.2051745217226424e-06,-1.2265369086467137e-05,3.2493925340965067e-06,1.5514761620563645e-05,7.658113261381965e-08,3.05466908696872e-06,3.407902579813382e-06
2210,False,0.0,-1.2628786905111156e-15,3.2051745217226424e-06,-1.2265369086467137e-05,3.2493925340965067e-06,1.5514761620563645e-05,7.658113261381965e-08,3.05466908696872e-06,3.407902579813382e-06
2211,False,0.0,-1.2628786905111156e-15,3.2051745217226424e-06,-1.2265369086467137e-05,3.2493925340965067e-06,1.5514761620563645e-05,7.658113261381965e-08,3.05466908696872e-06,3.407902579813382e-06
2212,False,0.0,-1.2628786905111156e-15,3.2051745217226424e-06,-1.2265369086467137e-05,3.2493925340965067e-06,1.5514761620563645e-05,7.658113261381965e-08,3.05466908696872e-06,3.407902579813382e-06
2213,False,0.0,-1.2628786905111156e-15,3.2051745217226424e-06,-1.2265369086467137e-05,3.2493925340965067e-06,1.5514761620563645e-05,7.658113261381965e-08,3.05466908696872e-06,3.407902579813382e-06
2214,False,0.0,-1.2628786905111156e-15,3.2051745217226424e-06,-1.2265369086467137e-05,3.2493925340965067e-06,1.5514761620563645e-05,7.658113261381965e-08,3.05466908696872e-06,3.407902579813382e-06
2215,False,0.0,-1.2628786905111156e-15,3.2051745217226424e-06,-1.2265369086467137e-05,3.2493925340965067e-06,1.5514761620563645e-05,7.658113261381965e-08,3.05466908696872e-06,3.407902579813382e-06
2216,False,0.0,-1.2628786905111156e-15,3.2051745217226424e-06,-1.2265369086467137e-05,3.2493925340965067e-06,1.5514761620563645e-05,7.658113261381965e-08,3.05466908696872e-06,3.407902579813382e-06
2217,False,0.0,-1.2628786905111156e-15,3.2051745217226424e-06,-1.2265369086467137e-05,3.2493925340965067e-06,1.5514761620563645e-05,7.658113261381965e-08,3.05466908696872e-06,3.407902579813382e-06
2218,False,0.0,-1.2628786905111156e-15,3.2051745217226424e-06,-1.2265369086467137e-05,3.2493925340965067e-06,1.5514761620563645e-05,7.658113261381965e-08,3.05466908696872e-06,3.407902579813382e-06
2219,False,0.0,-1.2628786905111156e-15,3.2051745217226424e-06,-1.2265369086467137e-05,3.2493925340965067e-06,1.5514761620563645e-05,7.658113261381965e-08,3.05466908696872e-06,3.407902579813382e-06
2220,False,0.0,-1.2628786905111156e-15,3.2051745217226424e-06,-1.2265369086467137e-05,3.2493925340965067e-06,1.5514761620563645e-05,7.658113261381965e-08,3.05466908696872e-06,3.407902579813382e-06
2221,False,0.0,-1.2628786905111156e-15,3.2051745217226424e-06,-1.2265369086467137e-05,3.2493925340965067e-06,1.5514761620563645e-05,7.658113261381965e-08,3.05466908696872e-06,3.407902579813382e-06
2222,False,0.0,-1.2628786905111156e-15,3.2051745217226424e-06,-1.2265369086467137e-05,3.2493925340965067e-06,1.5514761620563645e-05,7.658113261381965e-08,3.05466908696872e-06,3.407902579813382e-06
2223,False,0.0,-1.2628786905111156e-15,3.2051745217226424e-06,-1.2265369086467137e-05,3.2493925340965067e-06,1.5514761620563645e-05,7.658113261381965e-08,3.05466908696872e-06,3.407902579813382e-06
2224,False,0.0,-1.2628786905111156e-15,3.2051745217226424e-06,-1.2265369086467137e-05,3.2493925340965067e-06,1.5514761620563645e-05,7.658113261381965e-08,3.05466908696872e-06,3.407902579813382e-06
2225,False,0.0,-1.2628786905111156e-15,3.2051745217226424e-06,-1.2265369086467137e-05,3.2493925340965067e-06,1.5514761620563645e-05,7.658113261381965e-08,3.05466908696872e-06,3.407902579813382e-06
2226,False,0.0,-1.2628786905111156e-15,3.2051745217226424e-06,-1.2265369086467137e-05,3.2493925340965067e-06,1.5514761620563645e-05,7.658113261381965e-08,3.05466908696872e-06,3.407902579813382e-06
2228,False,0.0,-1.2628786905111156e-15,3.2051745217226424e-06,-1.2265369086467137e-05,3.2493925340965067e-06,1.5514761620563645e-05,7.658113261381965e-08,3.05466908696872e-06,3.407902579813382e-06
2229,False,0.0,-1.2628786905111156e-15,3.2051745217226424e-06,-1.2265369086467137e-05,3.2493925340965067e-06,1.5514761620563645e-05,7.658113261381965e-08,3.05466908696872e-06,3.407902579813382e-06
2230,False,0.0,-1.2628786905111156e-15,3.2051745217226424e-06,-1.2265369086467137e-05,3.2493925340965067e-06,1.5514761620563645e-05,7.658113261381965e-08,3.05466908696872e-06,3.407902579813382e-06
2237,False,0.0,-1.2628786905111156e-15,3.2051745217226424e-06,-1.2265369086467137e-05,3.2493925340965067e-06,1.5514761620563645e-05,7.658113261381965e-08,3.05466908696872e-06,3.407902579813382e-06
2238,False,0.0,-1.2628786905111156e-15,3.2051745217226424e-06,-1.2265369086467137e-05,3.2493925340965067e-06,1.5514761620563645e-05,7.658113261381965e-08,3.05466908696872e-06,3.407902579813382e-06
2239,False,0.0,-1.2628786905111156e-15,3.2051745217226424e-06,-1.2265369086467137e-05,3.2493925340965067e-06,1.5514761620563645e-05,7.658113261381965e-08,3.05466908696872e-06,3.407902579813382e-06
2240,False,0.0,-1.2628786905111156e-15,3.2051745217226424e-06,-1.2265369086467137e-05,3.2493925340965067e-06,1.5514761620563645e-05,7.658113261381965e-08,3.05466908696872e-06,3.407902579813382e-06
2241,False,0.0,-1.2628786905111156e-15,3.2051745217226424e-06,-1.2265369086467137e-05,3.2493925340965067e-06,1.5514761620563645e-05,7.658113261381965e-08,3.05466908696872e-06,3.407902579813382e-06
2242,False,0.0,-1.2628786905111156e-15,3.2051745217226424e-06,-1.2265369086467137e-05,3.2493925340965067e-06,1.5514761620563645e-05,7.658113261381965e-08,3.05466908696872e-06,3.407902579813382e-06
2243,False,0.0,-1.2628786905111156e-15,3.2051745217226424e-06,-1.2265369086467137e-05,3.2493925340965067e-06,1.5514761620563645e-05,7.658113261381965e-08,3.05466908696872e-06,3.407902579813382e-06
2244,False,0.0,-1.2628786905111156e-15,3.2051745217226424e-06,-1.2265369086467137e-05,3.2493925340965067e-06,1.5514761620563645e-05,7.658113261381965e-08,3.05466908696872e-06,3.407902579813382e-06
2245,False,0.0,-1.2628786905111156e-15,3.2051745217226424e-06,-1.2265369086467137e-05,3.2493925340965067e-06,1.5514761620563645e-05,7.658113261381965e-08,3.05466908696872e-06,3.407902579813382e-06
2246,False,0.0,-1.2628786905111156e-15,3.2051745217226424e-06,-1.2265369086467137e-05,3.2493925340965067e-06,1.5514761620563645e-05,7.658113261381965e-08,3.05466908696872e-06,3.407902579813382e-06
2248,False,0.0,-1.2628786905111156e-15,3.2051745217226424e-06,-1.2265369086467137e-05,3.2493925340965067e-06,1.5514761620563645e-05,7.658113261381965e-08,3.05466908696872e-06,3.407902579813382e-06
2249,False,0.0,-1.2628786905111156e-15,3.2051745217226424e-06,-1.2265369086467137e-05,3.2493925340965067e-06,1.5514761620563645e-05,7.658113261381965e-08,3.05466908696872e-06,3.407902579813382e-06
2250,False,0.0,-1.2628786905111156e-15,3.2051745217226424e-06,-1.2265369086467137e-05,3.2493925340965067e-06,1.5514761620563645e-05,7.658113261381965e-08,3.05466908696872e-06,3.407902579813382e-06
2253,False,0.0,-1.2628786905111156e-15,3.2051745217226424e-06,-1.2265369086467137e-05,3.2493925340965067e-06,1.5514761620563645e-05,7.658113261381965e-08,3.05466908696872e-06,3.407902579813382e-06
2254,False,0.0,-1.2628786905111156e-15,3.2051745217226424e-06,-1.2265369086467137e-05,3.2493925340965067e-06,1.5514761620563645e-05,7.658113261381965e-08,3.05466908696872e-06,3.407902579813382e-06
2256,False,0.0,-1.2628786905111156e-15,3.2051745217226424e-06,-1.2265369086467137e-05,3.2493925340965067e-06,1.5514761620563645e-05,7.658113261381965e-08,3.05466908696872e-06,3.407902579813382e-06
2257,False,0.0,-1.2628786905111156e-15,3.2051745217226424e-06,-1.2265369086467137e-05,3.2493925340965067e-06,1.5514761620563645e-05,7.658113261381965e-08,3.05466908696872e-06,3.407902579813382e-06
2260,False,0.0,-1.2628786905111156e-15,3.2051745217226424e-06,-1.2265369086467137e-05,3.2493925340965067e-06,1.5514761620563645e-05,7.658113261381965e-08,3.05466908696872e-06,3.407902579813382e-06
2261,False,0.0,-1.2628786905111156e-15,3.2051745217226424e-06,-1.2265369086467137e-05,3.2493925340965067e-06,1.5514761620563645e-05,7.658113261381965e-08,3.05466908696872e-06,3.407902579813382e-06
2264,False,0.0,-1.2628786905111156e-15,3.2051745217226424e-06,-1.2265369086467137e-05,3.2493925340965067e-06,1.5514761620563645e-05,7.658113261381965e-08,3.05466908696872e-06,3.407902579813382e-06
2294,False,0.0,-1.2628786905111156e-15,3.2051745217226424e-06,-1.2265369086467137e-05,3.2493925340965067e-06,1.5514761620563645e-05,7.658113261381965e-08,3.05466908696872e-06,3.407902579813382e-06
2306,False,0.0,-1.2628786905111156e-15,3.2051745217226424e-06,-1.2265369086467137e-05,3.2493925340965067e-06,1.5514761620563645e-05,7.658113261381965e-08,3.05466908696872e-06,3.407902579813382e-06
2321,False,0.0,-1.2628786905111156e-15,3.2051745217226424e-06,-1.2265369086467137e-05,3.2493925340965067e-06,1.5514761620563645e-05,7.658113261381965e-08,3.05466908696872e-06,3.407902579813382e-06
2343,False,0.0,-1.2628786905111156e-15,3.2051745217226424e-06,-1.2265369086467137e-05,3.2493925340965067e-06,1.5514761620563645e-05,7.658113261381965e-08,3.05466908696872e-06,3.407902579813382e-06
2347,False,0.0,-1.2628786905111156e-15,3.2051745217226424e-06,-1.2265369086467137e-05,3.2493925340965067e-06,1.5514761620563645e-05,7.658113261381965e-08,3.05466908696872e-06,3.407902579813382e-06
2349,False,0.0,-1.2628786905111156e-15,3.2051745217226424e-06,-1.2265369086467137e-05,3.2493925340965067e-06,1.5514761620563645e-05,7.658113261381965e-08,3.05466908696872e-06,3.407902579813382e-06
2351,False,0.0,-1.2628786905111156e-15,3.2051745217226424e-06,-1.2265369086467137e-05,3.2493925340965067e-06,1.5514761620563645e-05,7.658113261381965e-08,3.05466908696872e-06,3.407902579813382e-06
2352,False,0.0,-1.2628786905111156e-15,3.2051745217226424e-06,-1.2265369086467137e-05,3.2493925340965067e-06,1.5514761620563645e-05,7.658113261381965e-08,3.05466908696872e-06,3.407902579813382e-06
2357,False,0.0,-1.2628786905111156e-15,3.2051745217226424e-06,-1.2265369086467137e-05,3.2493925340965067e-06,1.5514761620563645e-05,7.658113261381965e-08,3.05466908696872e-06,3.407902579813382e-06
2365,False,0.0,-1.2628786905111156e-15,3.2051745217226424e-06,-1.2265369086467137e-05,3.2493925340965067e-06,1.5514761620563645e-05,7.658113261381965e-08,3.05466908696872e-06,3.407902579813382e-06
2366,False,0.0,-1.2628786905111156e-15,3.2051745217226424e-06,-1.2265369086467137e-05,3.2493925340965067e-06,1.5514761620563645e-05,7.658113261381965e-08,3.05466908696872e-06,3.407902579813382e-06
2367,False,0.0,-1.2628786905111156e-15,3.2051745217226424e-06,-1.2265369086467137e-05,3.2493925340965067e-06,1.5514761620563645e-05,7.658113261381965e-08,3.05466908696872e-06,3.407902579813382e-06
2369,False,0.0,-1.2628786905111156e-15,3.2051745217226424e-06,-1.2265369086467137e-05,3.2493925340965067e-06,1.5514761620563645e-05,7.658113261381965e-08,3.05466908696872e-06,3.407902579813382e-06
2370,False,0.0,-1.2628786905111156e-15,3.2051745217226424e-06,-1.2265369086467137e-05,3.2493925340965067e-06,1.5514761620563645e-05,7.658113261381965e-08,3.05466908696872e-06,3.407902579813382e-06
2397,False,0.0,-1.2628786905111156e-15,3.2051745217226424e-06,-1.2265369086467137e-05,3.2493925340965067e-06,1.5514761620563645e-05,7.658113261381965e-08,3.05466908696872e-06,3.407902579813382e-06
2398,False,0.0,-1.2628786905111156e-15,3.2051745217226424e-06,-1.2265369086467137e-05,3.2493925340965067e-06,1.5514761620563645e-05,7.658113261381965e-08,3.05466908696872e-06,3.407902579813382e-06
2399,False,0.0,-1.2628786905111156e-15,3.2051745217226424e-06,-1.2265369086467137e-05,3.2493925340965067e-06,1.5514761620563645e-05,7.658113261381965e-08,3.05466908696872e-06,3.407902579813382e-06
2400,False,0.0,-1.2628786905111156e-15,3.2051745217226424e-06,-1.2265369086467137e-05,3.2493925340965067e-06,1.5514761620563645e-05,7.658113261381965e-08,3.05466908696872e-06,3.407902579813382e-06
2401,False,0.0,-1.2628786905111156e-15,3.2051745217226424e-06,-1.2265369086467137e-05,3.2493925340965067e-06,1.5514761620563645e-05,7.658113261381965e-08,3.05466908696872e-06,3.407902579813382e-06
2402,False,0.0,-1.2628786905111156e-15,3.2051745217226424e-06,-1.2265369086467137e-05,3.2493925340965067e-06,1.5514761620563645e-05,7.658113261381965e-08,3.05466908696872e-06,3.407902579813382e-06
2403,False,0.0,-1.2628786905111156e-15,3.2051745217226424e-06,-1.2265369086467137e-05,3.2493925340965067e-06,1.5514761620563645e-05,7.658113261381965e-08,3.05466908696872e-06,3.407902579813382e-06
2404,False,0.0,-1.2628786905111156e-15,3.2051745217226424e-06,-1.2265369086467137e-05,3.2493925340965067e-06,1.5514761620563645e-05,7.658113261381965e-08,3.05466908696872e-06,3.407902579813382e-06
2405,False,0.0,-1.2628786905111156e-15,3.2051745217226424e-06,-1.2265369086467137e-05,3.2493925340965067e-06,1.5514761620563645e-05,7.658113261381965e-08,3.05466908696872e-06,3.407902579813382e-06
2406,False,0.0,-1.2628786905111156e-15,3.2051745217226424e-06,-1.2265369086467137e-05,3.2493925340965067e-06,1.5514761620563645e-05,7.658113261381965e-08,3.05466908696872e-06,3.407902579813382e-06
2407,False,0.0,-1.2628786905111156e-15,3.2051745217226424e-06,-1.2265369086467137e-05,3.2493925340965067e-06,1.5514761620563645e-05,7.658113261381965e-08,3.05466908696872e-06,3.407902579813382e-06
2408,False,0.0,-1.2628786905111156e-15,3.2051745217226424e-06,-1.2265369086467137e-05,3.2493925340965067e-06,1.5514761620563645e-05,7.658113261381965e-08,3.05466908696872e-06,3.407902579813382e-06
2409,False,0.0,-1.2628786905111156e-15,3.2051745217226424e-06,-1.2265369086467137e-05,3.2493925340965067e-06,1.5514761620563645e-05,7.658113261381965e-08,3.05466908696872e-06,3.407902579813382e-06
2410,False,0.0,-1.2628786905111156e-15,3.2051745217226424e-06,-1.2265369086467137e-05,3.2493925340965067e-06,1.5514761620563645e-05,7.658113261381965e-08,3.05466908696872e-06,3.407902579813382e-06
2411,False,0.0,-1.2628786905111156e-15,3.2051745217226424e-06,-1.2265369086467137e-05,3.2493925340965067e-06,1.5514761620563645e-05,7.658113261381965e-08,3.05466908696872e-06,3.407902579813382e-06
2412,False,0.0,-1.2628786905111156e-15,3.2051745217226424e-06,-1.2265369086467137e-05,3.2493925340965067e-06,1.5514761620563645e-05,7.658113261381965e-08,3.05466908696872e-06,3.407902579813382e-06
2413,False,0.0,-1.2628786905111156e-15,3.2051745217226424e-06,-1.2265369086467137e-05,3.2493925340965067e-06,1.5514761620563645e-05,7.658113261381965e-08,3.05466908696872e-06,3.407902579813382e-06
2414,False,0.0,-1.2628786905111156e-15,3.2051745217226424e-06,-1.2265369086467137e-05,3.2493925340965067e-06,1.5514761620563645e-05,7.658113261381965e-08,3.05466908696872e-06,3.407902579813382e-06
2415,False,0.0,-1.2628786905111156e-15,3.2051745217226424e-06,-1.2265369086467137e-05,3.2493925340965067e-06,1.5514761620563645e-05,7.658113261381965e-08,3.05466908696872e-06,3.407902579813382e-06
2416,False,0.0,-1.2628786905111156e-15,3.2051745217226424e-06,-1.2265369086467137e-05,3.2493925340965067e-06,1.5514761620563645e-05,7.658113261381965e-08,3.05466908696872e-06,3.407902579813382e-06
2417,False,0.0,-1.2628786905111156e-15,3.2051745217226424e-06,-1.2265369086467137e-05,3.2493925340965067e-06,1.5514761620563645e-05,7.658113261381965e-08,3.05466908696872e-06,3.407902579813382e-06
2418,False,0.0,-1.2628786905111156e-15,3.2051745217226424e-06,-1.2265369086467137e-05,3.2493925340965067e-06,1.5514761620563645e-05,7.658113261381965e-08,3.05466908696872e-06,3.407902579813382e-06
2419,False,0.0,-1.2628786905111156e-15,3.2051745217226424e-06,-1.2265369086467137e-05,3.2493925340965067e-06,1.5514761620563645e-05,7.658113261381965e-08,3.05466908696872e-06,3.407902579813382e-06
2420,False,0.0,-1.2628786905111156e-15,3.2051745217226424e-06,-1.2265369086467137e-05,3.2493925340965067e-06,1.5514761620563645e-05,7.658113261381965e-08,3.05466908696872e-06,3.407902579813382e-06
2421,False,0.0,-1.2628786905111156e-15,3.2051745217226424e-06,-1.2265369086467137e-05,3.2493925340965067e-06,1.5514761620563645e-05,7.658113261381965e-08,3.05466908696872e-06,3.407902579813382e-06
2422,False,0.0,-1.2628786905111156e-15,3.2051745217226424e-06,-1.2265369086467137e-05,3.2493925340965067e-06,1.5514761620563645e-05,7.658113261381965e-08,3.05466908696872e-06,3.407902579813382e-06
2423,False,0.0,-1.2628786905111156e-15,3.2051745217226424e-06,-1.2265369086467137e-05,3.2493925340965067e-06,1.5514761620563645e-05,7.658113261381965e-08,3.05466908696872e-06,3.407902579813382e-06
2424,False,0.0,-1.2628786905111156e-15,3.2051745217226424e-06,-1.2265369086467137e-05,3.2493925340965067e-06,1.5514761620563645e-05,7.658113261381965e-08,3.05466908696872e-06,3.407902579813382e-06
2425,False,0.0,-1.2628786905111156e-15,3.2051745217226424e-06,-1.2265369086467137e-05,3.2493925340965067e-06,1.5514761620563645e-05,7.658113261381965e-08,3.05466908696872e-06,3.407902579813382e-06
2427,False,0.0,-1.2628786905111156e-15,3.2051745217226424e-06,-1.2265369086467137e-05,3.2493925340965067e-06,1.5514761620563645e-05,7.658113261381965e-08,3.05466908696872e-06,3.407902579813382e-06
2428,False,0.0,-1.2628786905111156e-15,3.2051745217226424e-06,-1.2265369086467137e-05,3.2493925340965067e-06,1.5514761620563645e-05,7.658113261381965e-08,3.05466908696872e-06,3.407902579813382e-06
2429,False,0.0,-1.2628786905111156e-15,3.2051745217226424e-06,-1.2265369086467137e-05,3.2493925340965067e-06,1.5514761620563645e-05,7.658113261381965e-08,3.05466908696872e-06,3.407902579813382e-06
2430,False,0.0,-1.2628786905111156e-15,3.2051745217226424e-06,-1.2265369086467137e-05,3.2493925340965067e-06,1.5514761620563645e-05,7.658113261381965e-08,3.05466908696872e-06,3.407902579813382e-06
2431,False,0.0,-1.2628786905111156e-15,3.2051745217226424e-06,-1.2265369086467137e-05,3.2493925340965067e-06,1.5514761620563645e-05,7.658113261381965e-08,3.05466908696872e-06,3.407902579813382e-06
2432,False,0.0,-1.2628786905111156e-15,3.2051745217226424e-06,-1.2265369086467137e-05,3.2493925340965067e-06,1.5514761620563645e-05,7.658113261381965e-08,3.05466908696872e-06,3.407902579813382e-06
2434,False,0.0,-1.2628786905111156e-15,3.2051745217226424e-06,-1.2265369086467137e-05,3.2493925340965067e-06,1.5514761620563645e-05,7.658113261381965e-08,3.05466908696872e-06,3.407902579813382e-06
2435,False,0.0,-1.2628786905111156e-15,3.2051745217226424e-06,-1.2265369086467137e-05,3.2493925340965067e-06,1.5514761620563645e-05,7.658113261381965e-08,3.05466908696872e-06,3.407902579813382e-06
2436,False,0.0,-1.2628786905111156e-15,3.2051745217226424e-06,-1.2265369086467137e-05,3.2493925340965067e-06,1.5514761620563645e-05,7.658113261381965e-08,3.05466908696872e-06,3.407902579813382e-06
2437,False,0.0,-1.2628786905111156e-15,3.2051745217226424e-06,-1.2265369086467137e-05,3.2493925340965067e-06,1.5514761620563645e-05,7.658113261381965e-08,3.05466908696872e-06,3.407902579813382e-06
2440,False,0.0,-1.2628786905111156e-15,3.2051745217226424e-06,-1.2265369086467137e-05,3.2493925340965067e-06,1.5514761620563645e-05,7.658113261381965e-08,3.05466908696872e-06,3.407902579813382e-06
2441,False,0.0,-1.2628786905111156e-15,3.2051745217226424e-06,-1.2265369086467137e-05,3.2493925340965067e-06,1.5514761620563645e-05,7.658113261381965e-08,3.05466908696872e-06,3.407902579813382e-06
2442,False,0.0,-1.2628786905111156e-15,3.2051745217226424e-06,-1.2265369086467137e-05,3.2493925340965067e-06,1.5514761620563645e-05,7.658113261381965e-08,3.05466908696872e-06,3.407902579813382e-06
2443,False,0.0,-1.2628786905111156e-15,3.2051745217226424e-06,-1.2265369086467137e-05,3.2493925340965067e-06,1.5514761620563645e-05,7.658113261381965e-08,3.05466908696872e-06,3.407902579813382e-06
2446,False,0.0,-1.2628786905111156e-15,3.2051745217226424e-06,-1.2265369086467137e-05,3.2493925340965067e-06,1.5514761620563645e-05,7.658113261381965e-08,3.05466908696872e-06,3.407902579813382e-06
2447,False,0.0,-1.2628786905111156e-15,3.2051745217226424e-06,-1.2265369086467137e-05,3.2493925340965067e-06,1.5514761620563645e-05,7.658113261381965e-08,3.05466908696872e-06,3.407902579813382e-06
2449,False,0.0,-1.2628786905111156e-15,3.2051745217226424e-06,-1.2265369086467137e-05,3.2493925340965067e-06,1.5514761620563645e-05,7.658113261381965e-08,3.05466908696872e-06,3.407902579813382e-06
2450,False,0.0,-1.2628786905111156e-15,3.2051745217226424e-06,-1.2265369086467137e-05,3.2493925340965067e-06,1.5514761620563645e-05,7.658113261381965e-08,3.05466908696872e-06,3.407902579813382e-06
2451,False,0.0,-1.2628786905111156e-15,3.2051745217226424e-06,-1.2265369086467137e-05,3.2493925340965067e-06,1.5514761620563645e-05,7.658113261381965e-08,3.05466908696872e-06,3.407902579813382e-06
2452,False,0.0,-1.2628786905111156e-15,3.2051745217226424e-06,-1.2265369086467137e-05,3.2493925340965067e-06,1.5514761620563645e-05,7.658113261381965e-08,3.05466908696872e-06,3.407902579813382e-06
2453,False,0.0,-1.2628786905111156e-15,3.2051745217226424e-06,-1.2265369086467137e-05,3.2493925340965067e-06,1.5514761620563645e-05,7.658113261381965e-08,3.05466908696872e-06,3.407902579813382e-06
2454,False,0.0,-1.2628786905111156e-15,3.2051745217226424e-06,-1.2265369086467137e-05,3.2493925340965067e-06,1.5514761620563645e-05,7.658113261381965e-08,3.05466908696872e-06,3.407902579813382e-06
2456,False,0.0,-1.2628786905111156e-15,3.2051745217226424e-06,-1.2265369086467137e-05,3.2493925340965067e-06,1.5514761620563645e-05,7.658113261381965e-08,3.05466908696872e-06,3.407902579813382e-06
2457,False,0.0,-1.2628786905111156e-15,3.2051745217226424e-06,-1.2265369086467137e-05,3.2493925340965067e-06,1.5514761620563645e-05,7.658113261381965e-08,3.05466908696872e-06,3.407902579813382e-06
2462,False,0.0,-1.2628786905111156e-15,3.2051745217226424e-06,-1.2265369086467137e-05,3.2493925340965067e-06,1.5514761620563645e-05,7.658113261381965e-08,3.05466908696872e-06,3.407902579813382e-06
2466,False,0.0,-1.2628786905111156e-15,3.2051745217226424e-06,-1.2265369086467137e-05,3.2493925340965067e-06,1.5514761620563645e-05,7.658113261381965e-08,3.05466908696872e-06,3.407902579813382e-06
2469,False,0.0,-1.2628786905111156e-15,3.2051745217226424e-06,-1.2265369086467137e-05,3.2493925340965067e-06,1.5514761620563645e-05,7.658113261381965e-08,3.05466908696872e-06,3.407902579813382e-06
2470,False,0.0,-1.2628786905111156e-15,3.2051745217226424e-06,-1.2265369086467137e-05,3.2493925340965067e-06,1.5514761620563645e-05,7.658113261381965e-08,3.05466908696872e-06,3.407902579813382e-06
2471,False,0.0,-1.2628786905111156e-15,3.2051745217226424e-06,-1.2265369086467137e-05,3.2493925340965067e-06,1.5514761620563645e-05,7.658113261381965e-08,3.05466908696872e-06,3.407902579813382e-06
2484,False,0.0,-1.2628786905111156e-15,3.2051745217226424e-06,-1.2265369086467137e-05,3.2493925340965067e-06,1.5514761620563645e-05,7.658113261381965e-08,3.05466908696872e-06,3.407902579813382e-06
2486,False,0.0,-1.2628786905111156e-15,3.2051745217226424e-06,-1.2265369086467137e-05,3.2493925340965067e-06,1.5514761620563645e-05,7.658113261381965e-08,3.05466908696872e-06,3.407902579813382e-06
2492,False,0.0,-1.2628786905111156e-15,3.2051745217226424e-06,-1.2265369086467137e-05,3.2493925340965067e-06,1.5514761620563645e-05,7.658113261381965e-08,3.05466908696872e-06,3.407902579813382e-06
2499,False,0.0,-1.2628786905111156e-15,3.2051745217226424e-06,-1.2265369086467137e-05,3.2493925340965067e-06,1.5514761620563645e-05,7.658113261381965e-08,3.05466908696872e-06,3.407902579813382e-06
2501,False,0.0,-1.2628786905111156e-15,3.2051745217226424e-06,-1.2265369086467137e-05,3.2493925340965067e-06,1.5514761620563645e-05,7.658113261381965e-08,3.05466908696872e-06,3.407902579813382e-06
2541,False,0.0,-1.2628786905111156e-15,3.2051745217226424e-06,-1.2265369086467137e-05,3.2493925340965067e-06,1.5514761620563645e-05,7.658113261381965e-08,3.05466908696872e-06,3.407902579813382e-06
2544,True,12117.336642547263,2.967833734153557,0.1916358459722849,0.027412583190132178,0.1877681805477569,0.16035559735762472,0.006839510437119716,0.17753908881380376,0.19981443965722656
2545,False,0.0,-1.2628786905111156e-15,3.2051745217226424e-06,-1.2265369086467137e-05,3.2493925340965067e-06,1.5514761620563645e-05,7.658113261381965e-08,3.05466908696872e-06,3.407902579813382e-06
2546,False,1082.5442427576033,-0.30838629642872845,-0.10225075132343125,0.010285778781002508,-0.10004159228135973,-0.11032737106236223,0.0035418239102107526,-0.10559568103845812,-0.0930072395021086
2547,False,0.0,-1.2628786905111156e-15,3.2051745217226424e-06,-1.2265369086467137e-05,3.2493925340965067e-06,1.5514761620563645e-05,7.658113261381965e-08,3.05466908696872e-06,3.407902579813382e-06
2548,False,0.0,-1.2628786905111156e-15,3.2051745217226424e-06,-1.2265369086467137e-05,3.2493925340965067e-06,1.5514761620563645e-05,7.658113261381965e-08,3.05466908696872e-06,3.407902579813382e-06
2549,False,0.0,-1.2628786905111156e-15,3.2051745217226424e-06,-1.2265369086467137e-05,3.2493925340965067e-06,1.5514761620563645e-05,7.658113261381965e-08,3.05466908696872e-06,3.407902579813382e-06
2550,False,0.0,-1.2628786905111156e-15,3.2051745217226424e-06,-1.2265369086467137e-05,3.2493925340965067e-06,1.5514761620563645e-05,7.658113261381965e-08,3.05466908696872e-06,3.407902579813382e-06
2551,False,0.0,-1.2628786905111156e-15,3.2051745217226424e-06,-1.2265369086467137e-05,3.2493925340965067e-06,1.5514761620563645e-05,7.658113261381965e-08,3.05466908696872e-06,3.407902579813382e-06
2552,False,0.0,-1.2628786905111156e-15,3.2051745217226424e-06,-1.2265369086467137e-05,3.2493925340965067e-06,1.5514761620563645e-05,7.658113261381965e-08,3.05466908696872e-06,3.407902579813382e-06
2553,False,0.0,-1.2628786905111156e-15,3.2051745217226424e-06,-1.2265369086467137e-05,3.2493925340965067e-06,1.5514761620563645e-05,7.658113261381965e-08,3.05466908696872e-06,3.407902579813382e-06
2554,False,0.0,-1.2628786905111156e-15,3.2051745217226424e-06,-1.2265369086467137e-05,3.2493925340965067e-06,1.5514761620563645e-05,7.658113261381965e-08,3.05466908696872e-06,3.407902579813382e-06
2555,False,0.0,-1.2628786905111156e-15,3.2051745217226424e-06,-1.2265369086467137e-05,3.2493925340965067e-06,1.5514761620563645e-05,7.658113261381965e-08,3.05466908696872e-06,3.407902579813382e-06
2556,False,0.0,-1.2628786905111156e-15,3.2051745217226424e-06,-1.2265369086467137e-05,3.2493925340965067e-06,1.5514761620563645e-05,7.658113261381965e-08,3.05466908696872e-06,3.407902579813382e-06
2557,False,0.0,-1.2628786905111156e-15,3.2051745217226424e-06,-1.2265369086467137e-05,3.2493925340965067e-06,1.5514761620563645e-05,7.658113261381965e-08,3.05466908696872e-06,3.407902579813382e-06
2558,False,0.0,-1.2628786905111156e-15,3.2051745217226424e-06,-1.2265369086467137e-05,3.2493925340965067e-06,1.5514761620563645e-05,7.658113261381965e-08,3.05466908696872e-06,3.407902579813382e-06
2559,False,0.0,-1.2628786905111156e-15,3.2051745217226424e-06,-1.2265369086467137e-05,3.2493925340965067e-06,1.5514761620563645e-05,7.658113261381965e-08,3.05466908696872e-06,3.407902579813382e-06
2560,False,0.0,-1.2628786905111156e-15,3.2051745217226424e-06,-1.2265369086467137e-05,3.2493925340965067e-06,1.5514761620563645e-05,7.658113261381965e-08,3.05466908696872e-06,3.407902579813382e-06
2561,False,0.0,-1.2628786905111156e-15,3.2051745217226424e-06,-1.2265369086467137e-05,3.2493925340965067e-06,1.5514761620563645e-05,7.658113261381965e-08,3.05466908696872e-06,3.407902579813382e-06
2562,False,0.0,-1.2628786905111156e-15,3.2051745217226424e-06,-1.2265369086467137e-05,3.2493925340965067e-06,1.5514761620563645e-05,7.658113261381965e-08,3.05466908696872e-06,3.407902579813382e-06
2563,False,0.0,-1.2628786905111156e-15,3.2051745217226424e-06,-1.2265369086467137e-05,3.2493925340965067e-06,1.5514761620563645e-05,7.658113261381965e-08,3.05466908696872e-06,3.407902579813382e-06
2564,False,0.0,-1.2628786905111156e-15,3.2051745217226424e-06,-1.2265369086467137e-05,3.2493925340965067e-06,1.5514761620563645e-05,7.658113261381965e-08,3.05466908696872e-06,3.407902579813382e-06
2565,False,0.0,-1.2628786905111156e-15,3.2051745217226424e-06,-1.2265369086467137e-05,3.2493925340965067e-06,1.5514761620563645e-05,7.658113261381965e-08,3.05466908696872e-06,3.407902579813382e-06
2566,False,0.0,-1.2628786905111156e-15,3.2051745217226424e-06,-1.2265369086467137e-05,3.2493925340965067e-06,1.5514761620563645e-05,7.658113261381965e-08,3.05466908696872e-06,3.407902579813382e-06
2567,False,0.0,-1.2628786905111156e-15,3.2051745217226424e-06,-1.2265369086467137e-05,3.2493925340965067e-06,1.5514761620563645e-05,7.658113261381965e-08,3.05466908696872e-06,3.407902579813382e-06
2568,False,0.0,-1.2628786905111156e-15,3.2051745217226424e-06,-1.2265369086467137e-05,3.2493925340965067e-06,1.5514761620563645e-05,7.658113261381965e-08,3.05466908696872e-06,3.407902579813382e-06
2569,False,0.0,-1.2628786905111156e-15,3.2051745217226424e-06,-1.2265369086467137e-05,3.2493925340965067e-06,1.5514761620563645e-05,7.658113261381965e-08,3.05466908696872e-06,3.407902579813382e-06
2570,False,0.0,-1.2628786905111156e-15,3.2051745217226424e-06,-1.2265369086467137e-05,3.2493925340965067e-06,1.5514761620563645e-05,7.658113261381965e-08,3.05466908696872e-06,3.407902579813382e-06
2571,False,0.0,-1.2628786905111156e-15,3.2051745217226424e-06,-1.2265369086467137e-05,3.2493925340965067e-06,1.5514761620563645e-05,7.658113261381965e-08,3.05466908696872e-06,3.407902579813382e-06
2572,False,0.0,-1.2628786905111156e-15,3.2051745217226424e-06,-1.2265369086467137e-05,3.2493925340965067e-06,1.5514761620563645e-05,7.658113261381965e-08,3.05466908696872e-06,3.407902579813382e-06
2573,False,0.0,-1.2628786905111156e-15,3.2051745217226424e-06,-1.2265369086467137e-05,3.2493925340965067e-06,1.5514761620563645e-05,7.658113261381965e-08,3.05466908696872e-06,3.407902579813382e-06
2574,False,0.0,-1.2628786905111156e-15,3.2051745217226424e-06,-1.2265369086467137e-05,3.2493925340965067e-06,1.5514761620563645e-05,7.658113261381965e-08,3.05466908696872e-06,3.407902579813382e-06
2575,False,0.0,-1.2628786905111156e-15,3.2051745217226424e-06,-1.2265369086467137e-05,3.2493925340965067e-06,1.5514761620563645e-05,7.658113261381965e-08,3.05466908696872e-06,3.407902579813382e-06
2580,False,0.0,-1.2628786905111156e-15,3.2051745217226424e-06,-1.2265369086467137e-05,3.2493925340965067e-06,1.5514761620563645e-05,7.658113261381965e-08,3.05466908696872e-06,3.407902579813382e-06
2581,False,0.0,-1.2628786905111156e-15,3.2051745217226424e-06,-1.2265369086467137e-05,3.2493925340965067e-06,1.5514761620563645e-05,7.658113261381965e-08,3.05466908696872e-06,3.407902579813382e-06
2582,False,0.0,-1.2628786905111156e-15,3.2051745217226424e-06,-1.2265369086467137e-05,3.2493925340965067e-06,1.5514761620563645e-05,7.658113261381965e-08,3.05466908696872e-06,3.407902579813382e-06
2583,False,0.0,-1.2628786905111156e-15,3.2051745217226424e-06,-1.2265369086467137e-05,3.2493925340965067e-06,1.5514761620563645e-05,7.658113261381965e-08,3.05466908696872e-06,3.407902579813382e-06
2584,False,0.0,-1.2628786905111156e-15,3.2051745217226424e-06,-1.2265369086467137e-05,3.2493925340965067e-06,1.5514761620563645e-05,7.658113261381965e-08,3.05466908696872e-06,3.407902579813382e-06
2585,False,0.0,-1.2628786905111156e-15,3.2051745217226424e-06,-1.2265369086467137e-05,3.2493925340965067e-06,1.5514761620563645e-05,7.658113261381965e-08,3.05466908696872e-06,3.407902579813382e-06
2586,False,0.0,-1.2628786905111156e-15,3.2051745217226424e-06,-1.2265369086467137e-05,3.2493925340965067e-06,1.5514761620563645e-05,7.658113261381965e-08,3.05466908696872e-06,3.407902579813382e-06
2588,False,0.0,-1.2628786905111156e-15,3.2051745217226424e-06,-1.2265369086467137e-05,3.2493925340965067e-06,1.5514761620563645e-05,7.658113261381965e-08,3.05466908696872e-06,3.407902579813382e-06
2590,False,0.0,-1.2628786905111156e-15,3.2051745217226424e-06,-1.2265369086467137e-05,3.2493925340965067e-06,1.5514761620563645e-05,7.658113261381965e-08,3.05466908696872e-06,3.407902579813382e-06
2591,False,0.0,-1.2628786905111156e-15,3.2051745217226424e-06,-1.2265369086467137e-05,3.2493925340965067e-06,1.5514761620563645e-05,7.658113261381965e-08,3.05466908696872e-06,3.407902579813382e-06
2592,False,0.0,-1.2628786905111156e-15,3.2051745217226424e-06,-1.2265369086467137e-05,3.2493925340965067e-06,1.5514761620563645e-05,7.658113261381965e-08,3.05466908696872e-06,3.407902579813382e-06
2594,False,23.27990652282146,-0.3080656865923592,-0.011693701822412972,-0.004907407168685429,-0.011856817885467996,-0.006949410716782567,0.0017768492475045516,-0.01529777495878798,-0.008312056229021147
2599,False,0.0,-1.2628786905111156e-15,3.2051745217226424e-06,-1.2265369086467137e-05,3.2493925340965067e-06,1.5514761620563645e-05,7.658113261381965e-08,3.05466908696872e-06,3.407902579813382e-06
2601,False,0.0,-1.2628786905111156e-15,3.2051745217226424e-06,-1.2265369086467137e-05,3.2493925340965067e-06,1.5514761620563645e-05,7.658113261381965e-08,3.05466908696872e-06,3.407902579813382e-06
2602,False,0.0,-1.2628786905111156e-15,3.2051745217226424e-06,-1.2265369086467137e-05,3.2493925340965067e-06,1.5514761620563645e-05,7.658113261381965e-08,3.05466908696872e-06,3.407902579813382e-06
2604,False,0.0,-1.2628786905111156e-15,3.2051745217226424e-06,-1.2265369086467137e-05,3.2493925340965067e-06,1.5514761620563645e-05,7.658113261381965e-08,3.05466908696872e-06,3.407902579813382e-06
2605,False,0.0,-1.2628786905111156e-15,3.2051745217226424e-06,-1.2265369086467137e-05,3.2493925340965067e-06,1.5514761620563645e-05,7.658113261381965e-08,3.05466908696872e-06,3.407902579813382e-06
2617,False,75.8506558689445,-0.7978132030169933,-0.025767480033833445,0.003224629127498879,-0.02268358097141221,-0.02590821009891109,0.00196558378994713,-0.025159325993849735,-0.0186768331906515
2624,False,0.0,-1.2628786905111156e-15,3.2051745217226424e-06,-1.2265369086467137e-05,3.2493925340965067e-06,1.5514761620563645e-05,7.658113261381965e-08,3.05466908696872e-06,3.407902579813382e-06
2632,False,0.0,-1.2628786905111156e-15,3.2051745217226424e-06,-1.2265369086467137e-05,3.2493925340965067e-06,1.5514761620563645e-05,7.658113261381965e-08,3.05466908696872e-06,3.407902579813382e-06
2639,False,0.0,-1.2628786905111156e-15,3.2051745217226424e-06,-1.2265369086467137e-05,3.2493925340965067e-06,1.5514761620563645e-05,7.658113261381965e-08,3.05466908696872e-06,3.407902579813382e-06
2648,False,0.0,-1.2628786905111156e-15,3.2051745217226424e-06,-1.2265369086467137e-05,3.2493925340965067e-06,1.5514761620563645e-05,7.658113261381965e-08,3.05466908696872e-06,3.407902579813382e-06
2657,False,0.0,-1.2628786905111156e-15,3.2051745217226424e-06,-1.2265369086467137e-05,3.2493925340965067e-06,1.5514761620563645e-05,7.658113261381965e-08,3.05466908696872e-06,3.407902579813382e-06
2667,False,0.0,-1.2628786905111156e-15,3.2051745217226424e-06,-1.2265369086467137e-05,3.2493925340965067e-06,1.5514761620563645e-05,7.658113261381965e-08,3.05466908696872e-06,3.407902579813382e-06
2668,False,0.0,-1.2628786905111156e-15,3.2051745217226424e-06,-1.2265369086467137e-05,3.2493925340965067e-06,1.5514761620563645e-05,7.658113261381965e-08,3.05466908696872e-06,3.407902579813382e-06
2669,False,0.0,-1.2628786905111156e-15,3.2051745217226424e-06,-1.2265369086467137e-05,3.2493925340965067e-06,1.5514761620563645e-05,7.658113261381965e-08,3.05466908696872e-06,3.407902579813382e-06
2673,False,0.0,-1.2628786905111156e-15,3.2051745217226424e-06,-1.2265369086467137e-05,3.2493925340965067e-06,1.5514761620563645e-05,7.658113261381965e-08,3.05466908696872e-06,3.407902579813382e-06
2679,False,0.0,-1.2628786905111156e-15,3.2051745217226424e-06,-1.2265369086467137e-05,3.2493925340965067e-06,1.5514761620563645e-05,7.658113261381965e-08,3.05466908696872e-06,3.407902579813382e-06
2682,False,0.0,-1.2628786905111156e-15,3.2051745217226424e-06,-1.2265369086467137e-05,3.2493925340965067e-06,1.5514761620563645e-05,7.658113261381965e-08,3.05466908696872e-06,3.407902579813382e-06
2684,False,0.0,-1.2628786905111156e-15,3.2051745217226424e-06,-1.2265369086467137e-05,3.2493925340965067e-06,1.5514761620563645e-05,7.658113261381965e-08,3.05466908696872e-06,3.407902579813382e-06
2688,False,0.0,-1.2628786905111156e-15,3.2051745217226424e-06,-1.2265369086467137e-05,3.2493925340965067e-06,1.5514761620563645e-05,7.658113261381965e-08,3.05466908696872e-06,3.407902579813382e-06
2693,False,0.0,-1.2628786905111156e-15,3.2051745217226424e-06,-1.2265369086467137e-05,3.2493925340965067e-06,1.5514761620563645e-05,7.658113261381965e-08,3.05466908696872e-06,3.407902579813382e-06
2694,False,0.0,-1.2628786905111156e-15,3.2051745217226424e-06,-1.2265369086467137e-05,3.2493925340965067e-06,1.5514761620563645e-05,7.658113261381965e-08,3.05466908696872e-06,3.407902579813382e-06
2696,False,0.0,-1.2628786905111156e-15,3.2051745217226424e-06,-1.2265369086467137e-05,3.2493925340965067e-06,1.5514761620563645e-05,7.658113261381965e-08,3.05466908696872e-06,3.407902579813382e-06
2724,False,0.0,-1.2628786905111156e-15,3.2051745217226424e-06,-1.2265369086467137e-05,3.2493925340965067e-06,1.5514761620563645e-05,7.658113261381965e-08,3.05466908696872e-06,3.407902579813382e-06
2730,False,652.9237859843639,-0.10324962877867283,-0.021010877121617977,-0.010862976954832959,-0.015802600274515258,-0.004939623319682299,0.004161995521774667,-0.023687986092424396,-0.008579447273063368
2731,False,0.0,-1.2628786905111156e-15,3.2051745217226424e-06,-1.2265369086467137e-05,3.2493925340965067e-06,1.5514761620563645e-05,7.658113261381965e-08,3.05466908696872e-06,3.407902579813382e-06
2732,False,0.0,-1.2628786905111156e-15,3.2051745217226424e-06,-1.2265369086467137e-05,3.2493925340965067e-06,1.5514761620563645e-05,7.658113261381965e-08,3.05466908696872e-06,3.407902579813382e-06
2733,False,0.0,-1.2628786905111156e-15,3.2051745217226424e-06,-1.2265369086467137e-05,3.2493925340965067e-06,1.5514761620563645e-05,7.658113261381965e-08,3.05466908696872e-06,3.407902579813382e-06
2734,False,0.0,-1.2628786905111156e-15,3.2051745217226424e-06,-1.2265369086467137e-05,3.2493925340965067e-06,1.5514761620563645e-05,7.658113261381965e-08,3.05466908696872e-06,3.407902579813382e-06
2735,False,0.0,-1.2628786905111156e-15,3.2051745217226424e-06,-1.2265369086467137e-05,3.2493925340965067e-06,1.5514761620563645e-05,7.658113261381965e-08,3.05466908696872e-06,3.407902579813382e-06
2736,False,0.0,-1.2628786905111156e-15,3.2051745217226424e-06,-1.2265369086467137e-05,3.2493925340965067e-06,1.5514761620563645e-05,7.658113261381965e-08,3.05466908696872e-06,3.407902579813382e-06
2737,False,0.0,-1.2628786905111156e-15,3.2051745217226424e-06,-1.2265369086467137e-05,3.2493925340965067e-06,1.5514761620563645e-05,7.658113261381965e-08,3.05466908696872e-06,3.407902579813382e-06
2738,False,622.8594839193106,-0.017903555631068713,-0.007144101784790191,-1.529136332800718e-05,-0.006245675532880447,-0.00623038416955244,0.0030288617276026724,-0.01055723853619206,-0.00036340815602819987
2739,False,0.0,-1.2628786905111156e-15,3.2051745217226424e-06,-1.2265369086467137e-05,3.2493925340965067e-06,1.5514761620563645e-05,7.658113261381965e-08,3.05466908696872e-06,3.407902579813382e-06
2740,False,0.0,-1.2628786905111156e-15,3.2051745217226424e-06,-1.2265369086467137e-05,3.2493925340965067e-06,1.5514761620563645e-05,7.658113261381965e-08,3.05466908696872e-06,3.407902579813382e-06
2741,False,0.0,-1.2628786905111156e-15,3.2051745217226424e-06,-1.2265369086467137e-05,3.2493925340965067e-06,1.5514761620563645e-05,7.658113261381965e-08,3.05466908696872e-06,3.407902579813382e-06
2742,False,0.0,-1.2628786905111156e-15,3.2051745217226424e-06,-1.2265369086467137e-05,3.2493925340965067e-06,1.5514761620563645e-05,7.658113261381965e-08,3.05466908696872e-06,3.407902579813382e-06
2743,False,0.0,-1.2628786905111156e-15,3.2051745217226424e-06,-1.2265369086467137e-05,3.2493925340965067e-06,1.5514761620563645e-05,7.658113261381965e-08,3.05466908696872e-06,3.407902579813382e-06
2744,False,0.0,-1.2628786905111156e-15,3.2051745217226424e-06,-1.2265369086467137e-05,3.2493925340965067e-06,1.5514761620563645e-05,7.658113261381965e-08,3.05466908696872e-06,3.407902579813382e-06
2745,False,0.0,-1.2628786905111156e-15,3.2051745217226424e-06,-1.2265369086467137e-05,3.2493925340965067e-06,1.5514761620563645e-05,7.658113261381965e-08,3.05466908696872e-06,3.407902579813382e-06
2746,False,0.0,-1.2628786905111156e-15,3.2051745217226424e-06,-1.2265369086467137e-05,3.2493925340965067e-06,1.5514761620563645e-05,7.658113261381965e-08,3.05466908696872e-06,3.407902579813382e-06
2747,False,14.439305804795493,-0.16333314937575316,-0.0030542338981866535,-0.0021564668552550015,-0.0028578151281156983,-0.0007013482728606968,0.00034131363674882987,-0.0036184706912952003,-0.0024368984371225255
2748,False,0.0,-1.2628786905111156e-15,3.2051745217226424e-06,-1.2265369086467137e-05,3.2493925340965067e-06,1.5514761620563645e-05,7.658113261381965e-08,3.05466908696872e-06,3.407902579813382e-06
2749,False,0.0,-1.2628786905111156e-15,3.2051745217226424e-06,-1.2265369086467137e-05,3.2493925340965067e-06,1.5514761620563645e-05,7.658113261381965e-08,3.05466908696872e-06,3.407902579813382e-06
2750,False,0.0,-1.2628786905111156e-15,3.2051745217226424e-06,-1.2265369086467137e-05,3.2493925340965067e-06,1.5514761620563645e-05,7.658113261381965e-08,3.05466908696872e-06,3.407902579813382e-06
2751,False,0.0,-1.2628786905111156e-15,3.2051745217226424e-06,-1.2265369086467137e-05,3.2493925340965067e-06,1.5514761620563645e-05,7.658113261381965e-08,3.05466908696872e-06,3.407902579813382e-06
2752,False,0.0,-1.2628786905111156e-15,3.2051745217226424e-06,-1.2265369086467137e-05,3.2493925340965067e-06,1.5514761620563645e-05,7.658113261381965e-08,3.05466908696872e-06,3.407902579813382e-06
2753,False,0.0,-1.2628786905111156e-15,3.2051745217226424e-06,-1.2265369086467137e-05,3.2493925340965067e-06,1.5514761620563645e-05,7.658113261381965e-08,3.05466908696872e-06,3.407902579813382e-06
2754,False,0.0,-1.2628786905111156e-15,3.2051745217226424e-06,-1.2265369086467137e-05,3.2493925340965067e-06,1.5514761620563645e-05,7.658113261381965e-08,3.05466908696872e-06,3.407902579813382e-06
2755,False,0.0,-1.2628786905111156e-15,3.2051745217226424e-06,-1.2265369086467137e-05,3.2493925340965067e-06,1.5514761620563645e-05,7.658113261381965e-08,3.05466908696872e-06,3.407902579813382e-06
2756,False,0.0,-1.2628786905111156e-15,3.2051745217226424e-06,-1.2265369086467137e-05,3.2493925340965067e-06,1.5514761620563645e-05,7.658113261381965e-08,3.05466908696872e-06,3.407902579813382e-06
2757,False,0.0,-1.2628786905111156e-15,3.2051745217226424e-06,-1.2265369086467137e-05,3.2493925340965067e-06,1.5514761620563645e-05,7.658113261381965e-08,3.05466908696872e-06,3.407902579813382e-06
2758,False,0.0,-1.2628786905111156e-15,3.2051745217226424e-06,-1.2265369086467137e-05,3.2493925340965067e-06,1.5514761620563645e-05,7.658113261381965e-08,3.05466908696872e-06,3.407902579813382e-06
2760,False,9.306590270323026,-0.5235342106984627,0.0016701949392115,0.0011238058413802765,0.0023741096141699503,0.0012503037727896738,0.0006803093634225774,0.0012248648579005206,0.0033553525187605127
2761,False,0.0,-1.2628786905111156e-15,3.2051745217226424e-06,-1.2265369086467137e-05,3.2493925340965067e-06,1.5514761620563645e-05,7.658113261381965e-08,3.05466908696872e-06,3.407902579813382e-06
2762,False,0.0,-1.2628786905111156e-15,3.2051745217226424e-06,-1.2265369086467137e-05,3.2493925340965067e-06,1.5514761620563645e-05,7.658113261381965e-08,3.05466908696872e-06,3.407902579813382e-06
2763,False,0.0,-1.2628786905111156e-15,3.2051745217226424e-06,-1.2265369086467137e-05,3.2493925340965067e-06,1.5514761620563645e-05,7.658113261381965e-08,3.05466908696872e-06,3.407902579813382e-06
2764,False,0.0,-1.2628786905111156e-15,3.2051745217226424e-06,-1.2265369086467137e-05,3.2493925340965067e-06,1.5514761620563645e-05,7.658113261381965e-08,3.05466908696872e-06,3.407902579813382e-06
2765,False,0.0,-1.2628786905111156e-15,3.2051745217226424e-06,-1.2265369086467137e-05,3.2493925340965067e-06,1.5514761620563645e-05,7.658113261381965e-08,3.05466908696872e-06,3.407902579813382e-06
2766,False,0.0,-1.2628786905111156e-15,3.2051745217226424e-06,-1.2265369086467137e-05,3.2493925340965067e-06,1.5514761620563645e-05,7.658113261381965e-08,3.05466908696872e-06,3.407902579813382e-06
2767,False,0.0,-1.2628786905111156e-15,3.2051745217226424e-06,-1.2265369086467137e-05,3.2493925340965067e-06,1.5514761620563645e-05,7.658113261381965e-08,3.05466908696872e-06,3.407902579813382e-06
2768,False,0.0,-1.2628786905111156e-15,3.2051745217226424e-06,-1.2265369086467137e-05,3.2493925340965067e-06,1.5514761620563645e-05,7.658113261381965e-08,3.05466908696872e-06,3.407902579813382e-06
2770,False,0.0,-1.2628786905111156e-15,3.2051745217226424e-06,-1.2265369086467137e-05,3.2493925340965067e-06,1.5514761620563645e-05,7.658113261381965e-08,3.05466908696872e-06,3.407902579813382e-06
2772,False,379.52003029508677,-1.2403675564722214,-0.11378325788842036,-0.028867148962905986,-0.11129806816315235,-0.08243091920024637,0.0029243358993909624,-0.1150006308468805,-0.10593920022720948
2774,False,0.0,-1.2628786905111156e-15,3.2051745217226424e-06,-1.2265369086467137e-05,3.2493925340965067e-06,1.5514761620563645e-05,7.658113261381965e-08,3.05466908696872e-06,3.407902579813382e-06
2775,False,0.0,-1.2628786905111156e-15,3.2051745217226424e-06,-1.2265369086467137e-05,3.2493925340965067e-06,1.5514761620563645e-05,7.658113261381965e-08,3.05466908696872e-06,3.407902579813382e-06
2776,False,0.0,-1.2628786905111156e-15,3.2051745217226424e-06,-1.2265369086467137e-05,3.2493925340965067e-06,1.5514761620563645e-05,7.658113261381965e-08,3.05466908696872e-06,3.407902579813382e-06
2779,False,0.0,-1.2628786905111156e-15,3.2051745217226424e-06,-1.2265369086467137e-05,3.2493925340965067e-06,1.5514761620563645e-05,7.658113261381965e-08,3.05466908696872e-06,3.407902579813382e-06
2782,False,0.0,-1.2628786905111156e-15,3.2051745217226424e-06,-1.2265369086467137e-05,3.2493925340965067e-06,1.5514761620563645e-05,7.658113261381965e-08,3.05466908696872e-06,3.407902579813382e-06
2784,False,0.0,-1.2628786905111156e-15,3.2051745217226424e-06,-1.2265369086467137e-05,3.2493925340965067e-06,1.5514761620563645e-05,7.658113261381965e-08,3.05466908696872e-06,3.407902579813382e-06
2788,False,0.0,-1.2628786905111156e-15,3.2051745217226424e-06,-1.2265369086467137e-05,3.2493925340965067e-06,1.5514761620563645e-05,7.658113261381965e-08,3.05466908696872e-06,3.407902579813382e-06
2798,False,0.0,-1.2628786905111156e-15,3.2051745217226424e-06,-1.2265369086467137e-05,3.2493925340965067e-06,1.5514761620563645e-05,7.658113261381965e-08,3.05466908696872e-06,3.407902579813382e-06
2800,False,0.0,-1.2628786905111156e-15,3.2051745217226424e-06,-1.2265369086467137e-05,3.2493925340965067e-06,1.5514761620563645e-05,7.658113261381965e-08,3.05466908696872e-06,3.407902579813382e-06
2804,False,0.0,-1.2628786905111156e-15,3.2051745217226424e-06,-1.2265369086467137e-05,3.2493925340965067e-06,1.5514761620563645e-05,7.658113261381965e-08,3.05466908696872e-06,3.407902579813382e-06
2809,False,0.0,-1.2628786905111156e-15,3.2051745217226424e-06,-1.2265369086467137e-05,3.2493925340965067e-06,1.5514761620563645e-05,7.658113261381965e-08,3.05466908696872e-06,3.407902579813382e-06
2810,False,0.0,-1.2628786905111156e-15,3.2051745217226424e-06,-1.2265369086467137e-05,3.2493925340965067e-06,1.5514761620563645e-05,7.658113261381965e-08,3.05466908696872e-06,3.407902579813382e-06
2823,False,0.0,-1.2628786905111156e-15,3.2051745217226424e-06,-1.2265369086467137e-05,3.2493925340965067e-06,1.5514761620563645e-05,7.658113261381965e-08,3.05466908696872e-06,3.407902579813382e-06
2824,False,0.0,-1.2628786905111156e-15,3.2051745217226424e-06,-1.2265369086467137e-05,3.2493925340965067e-06,1.5514761620563645e-05,7.658113261381965e-08,3.05466908696872e-06,3.407902579813382e-06
2825,False,0.0,-1.2628786905111156e-15,3.2051745217226424e-06,-1.2265369086467137e-05,3.2493925340965067e-06,1.5514761620563645e-05,7.658113261381965e-08,3.05466908696872e-06,3.407902579813382e-06
2839,False,0.0,-1.2628786905111156e-15,3.2051745217226424e-06,-1.2265369086467137e-05,3.2493925340965067e-06,1.5514761620563645e-05,7.658113261381965e-08,3.05466908696872e-06,3.407902579813382e-06
2845,False,0.0,-1.2628786905111156e-15,3.2051745217226424e-06,-1.2265369086467137e-05,3.2493925340965067e-06,1.5514761620563645e-05,7.658113261381965e-08,3.05466908696872e-06,3.407902579813382e-06
2852,False,0.0,-1.2628786905111156e-15,3.2051745217226424e-06,-1.2265369086467137e-05,3.2493925340965067e-06,1.5514761620563645e-05,7.658113261381965e-08,3.05466908696872e-06,3.407902579813382e-06
2853,False,0.0,-1.2628786905111156e-15,3.2051745217226424e-06,-1.2265369086467137e-05,3.2493925340965067e-06,1.5514761620563645e-05,7.658113261381965e-08,3.05466908696872e-06,3.407902579813382e-06
2857,False,0.0,-1.2628786905111156e-15,3.2051745217226424e-06,-1.2265369086467137e-05,3.2493925340965067e-06,1.5514761620563645e-05,7.658113261381965e-08,3.05466908696872e-06,3.407902579813382e-06
2863,False,0.0,-1.2628786905111156e-15,3.2051745217226424e-06,-1.2265369086467137e-05,3.2493925340965067e-06,1.5514761620563645e-05,7.658113261381965e-08,3.05466908696872e-06,3.407902579813382e-06
2866,False,0.0,-1.2628786905111156e-15,3.2051745217226424e-06,-1.2265369086467137e-05,3.2493925340965067e-06,1.5514761620563645e-05,7.658113261381965e-08,3.05466908696872e-06,3.407902579813382e-06
2867,False,0.0,-1.2628786905111156e-15,3.2051745217226424e-06,-1.2265369086467137e-05,3.2493925340965067e-06,1.5514761620563645e-05,7.658113261381965e-08,3.05466908696872e-06,3.407902579813382e-06
2873,False,0.0,-1.2628786905111156e-15,3.2051745217226424e-06,-1.2265369086467137e-05,3.2493925340965067e-06,1.5514761620563645e-05,7.658113261381965e-08,3.05466908696872e-06,3.407902579813382e-06
2876,False,0.0,-1.2628786905111156e-15,3.2051745217226424e-06,-1.2265369086467137e-05,3.2493925340965067e-06,1.5514761620563645e-05,7.658113261381965e-08,3.05466908696872e-06,3.407902579813382e-06
2891,False,0.0,-1.2628786905111156e-15,3.2051745217226424e-06,-1.2265369086467137e-05,3.2493925340965067e-06,1.5514761620563645e-05,7.658113261381965e-08,3.05466908696872e-06,3.407902579813382e-06
101106,False,0.0,-1.2628786905111156e-15,3.2051745217226424e-06,-1.2265369086467137e-05,3.2493925340965067e-06,1.5514761620563645e-05,7.658113261381965e-08,3.05466908696872e-06,3.407902579813382e-06
101107,False,21.640765172980352,0.03913077634058437,-0.006405958686250046,-0.005956535435580196,-0.007595064802261228,-0.0016385293666810324,0.0016360821963618672,-0.010599243487286525,-0.005414467687649582
101108,True,7262.55824465867,1.825073115708281,0.05306875285750934,-0.16079578379079096,0.05335635215401835,0.2141521359448093,0.0033781605024315008,0.045650466300881876,0.057457726702756506
101109,False,0.0,-1.2628786905111156e-15,3.2051745217226424e-06,-1.2265369086467137e-05,3.2493925340965067e-06,1.5514761620563645e-05,7.658113261381965e-08,3.05466908696872e-06,3.407902579813382e-06
101110,False,0.0,-1.2628786905111156e-15,3.2051745217226424e-06,-1.2265369086467137e-05,3.2493925340965067e-06,1.5514761620563645e-05,7.658113261381965e-08,3.05466908696872e-06,3.407902579813382e-06
101111,False,0.0,-1.2628786905111156e-15,3.2051745217226424e-06,-1.2265369086467137e-05,3.2493925340965067e-06,1.5514761620563645e-05,7.658113261381965e-08,3.05466908696872e-06,3.407902579813382e-06
101112,False,0.0,-1.2628786905111156e-15,3.2051745217226424e-06,-1.2265369086467137e-05,3.2493925340965067e-06,1.5514761620563645e-05,7.658113261381965e-08,3.05466908696872e-06,3.407902579813382e-06
101113,False,0.0,-1.2628786905111156e-15,3.2051745217226424e-06,-1.2265369086467137e-05,3.2493925340965067e-06,1.5514761620563645e-05,7.658113261381965e-08,3.05466908696872e-06,3.407902579813382e-06
101114,False,0.0,-1.2628786905111156e-15,3.2051745217226424e-06,-1.2265369086467137e-05,3.2493925340965067e-06,1.5514761620563645e-05,7.658113261381965e-08,3.05466908696872e-06,3.407902579813382e-06
101115,False,0.0,-1.2628786905111156e-15,3.2051745217226424e-06,-1.2265369086467137e-05,3.2493925340965067e-06,1.5514761620563645e-05,7.658113261381965e-08,3.05466908696872e-06,3.407902579813382e-06
101117,False,0.0,-1.2628786905111156e-15,3.2051745217226424e-06,-1.2265369086467137e-05,3.2493925340965067e-06,1.5514761620563645e-05,7.658113261381965e-08,3.05466908696872e-06,3.407902579813382e-06
101118,False,0.0,-1.2628786905111156e-15,3.2051745217226424e-06,-1.2265369086467137e-05,3.2493925340965067e-06,1.5514761620563645e-05,7.658113261381965e-08,3.05466908696872e-06,3.407902579813382e-06
101119,False,0.0,-1.2628786905111156e-15,3.2051745217226424e-06,-1.2265369086467137e-05,3.2493925340965067e-06,1.5514761620563645e-05,7.658113261381965e-08,3.05466908696872e-06,3.407902579813382e-06
101120,False,0.0,-1.2628786905111156e-15,3.2051745217226424e-06,-1.2265369086467137e-05,3.2493925340965067e-06,1.5514761620563645e-05,7.658113261381965e-08,3.05466908696872e-06,3.407902579813382e-06
101121,False,0.0,-1.2628786905111156e-15,3.2051745217226424e-06,-1.2265369086467137e-05,3.2493925340965067e-06,1.5514761620563645e-05,7.658113261381965e-08,3.05466908696872e-06,3.407902579813382e-06
101122,False,0.0,-1.2628786905111156e-15,3.2051745217226424e-06,-1.2265369086467137e-05,3.2493925340965067e-06,1.5514761620563645e-05,7.658113261381965e-08,3.05466908696872e-06,3.407902579813382e-06
101123,False,0.0,-1.2628786905111156e-15,3.2051745217226424e-06,-1.2265369086467137e-05,3.2493925340965067e-06,1.5514761620563645e-05,7.658113261381965e-08,3.05466908696872e-06,3.407902579813382e-06
101124,False,0.0,-1.2628786905111156e-15,3.2051745217226424e-06,-1.2265369086467137e-05,3.2493925340965067e-06,1.5514761620563645e-05,7.658113261381965e-08,3.05466908696872e-06,3.407902579813382e-06
101125,False,0.0,-1.2628786905111156e-15,3.2051745217226424e-06,-1.2265369086467137e-05,3.2493925340965067e-06,1.5514761620563645e-05,7.658113261381965e-08,3.05466908696872e-06,3.407902579813382e-06
101126,False,0.0,-1.2628786905111156e-15,3.2051745217226424e-06,-1.2265369086467137e-05,3.2493925340965067e-06,1.5514761620563645e-05,7.658113261381965e-08,3.05466908696872e-06,3.407902579813382e-06
101127,False,0.0,-1.2628786905111156e-15,3.2051745217226424e-06,-1.2265369086467137e-05,3.2493925340965067e-06,1.5514761620563645e-05,7.658113261381965e-08,3.05466908696872e-06,3.407902579813382e-06
101128,False,0.0,-1.2628786905111156e-15,3.2051745217226424e-06,-1.2265369086467137e-05,3.2493925340965067e-06,1.5514761620563645e-05,7.658113261381965e-08,3.05466908696872e-06,3.407902579813382e-06
101129,False,0.0,-1.2628786905111156e-15,3.2051745217226424e-06,-1.2265369086467137e-05,3.2493925340965067e-06,1.5514761620563645e-05,7.658113261381965e-08,3.05466908696872e-06,3.407902579813382e-06
101130,False,0.0,-1.2628786905111156e-15,3.2051745217226424e-06,-1.2265369086467137e-05,3.2493925340965067e-06,1.5514761620563645e-05,7.658113261381965e-08,3.05466908696872e-06,3.407902579813382e-06
101131,False,0.0,-1.2628786905111156e-15,3.2051745217226424e-06,-1.2265369086467137e-05,3.2493925340965067e-06,1.5514761620563645e-05,7.658113261381965e-08,3.05466908696872e-06,3.407902579813382e-06
101132,False,0.0,-1.2628786905111156e-15,3.2051745217226424e-06,-1.2265369086467137e-05,3.2493925340965067e-06,1.5514761620563645e-05,7.658113261381965e-08,3.05466908696872e-06,3.407902579813382e-06
101133,False,0.0,-1.2628786905111156e-15,3.2051745217226424e-06,-1.2265369086467137e-05,3.2493925340965067e-06,1.5514761620563645e-05,7.658113261381965e-08,3.05466908696872e-06,3.407902579813382e-06
101134,False,0.0,-1.2628786905111156e-15,3.2051745217226424e-06,-1.2265369086467137e-05,3.2493925340965067e-06,1.5514761620563645e-05,7.658113261381965e-08,3.05466908696872e-06,3.407902579813382e-06
101135,False,0.0,-1.2628786905111156e-15,3.2051745217226424e-06,-1.2265369086467137e-05,3.2493925340965067e-06,1.5514761620563645e-05,7.658113261381965e-08,3.05466908696872e-06,3.407902579813382e-06
101136,False,0.0,-1.2628786905111156e-15,3.2051745217226424e-06,-1.2265369086467137e-05,3.2493925340965067e-06,1.5514761620563645e-05,7.658113261381965e-08,3.05466908696872e-06,3.407902579813382e-06
101137,False,0.0,-1.2628786905111156e-15,3.2051745217226424e-06,-1.2265369086467137e-05,3.2493925340965067e-06,1.5514761620563645e-05,7.658113261381965e-08,3.05466908696872e-06,3.407902579813382e-06
101138,False,0.0,-1.2628786905111156e-15,3.2051745217226424e-06,-1.2265369086467137e-05,3.2493925340965067e-06,1.5514761620563645e-05,7.658113261381965e-08,3.05466908696872e-06,3.407902579813382e-06
101139,False,0.6723201996621854,-0.03295455610598699,-0.0008870104176460225,-9.309344055158375e-05,-0.0008303139943618212,-0.0007372205538102375,6.309254956842852e-05,-0.0009056833081331067,-0.0007345111441710572
101141,False,53.8848931701867,-0.0645763070191458,-0.023996079297624984,-0.006118738412936531,-0.025961471381388518,-0.019842732968451987,0.0028432192302160555,-0.03021912288445744,-0.02011041052130441
101142,False,0.0,-1.2628786905111156e-15,3.2051745217226424e-06,-1.2265369086467137e-05,3.2493925340965067e-06,1.5514761620563645e-05,7.658113261381965e-08,3.05466908696872e-06,3.407902579813382e-06
101143,False,0.0,-1.2628786905111156e-15,3.2051745217226424e-06,-1.2265369086467137e-05,3.2493925340965067e-06,1.5514761620563645e-05,7.658113261381965e-08,3.05466908696872e-06,3.407902579813382e-06
101144,False,0.0,-1.2628786905111156e-15,3.2051745217226424e-06,-1.2265369086467137e-05,3.2493925340965067e-06,1.5514761620563645e-05,7.658113261381965e-08,3.05466908696872e-06,3.407902579813382e-06
101145,False,0.0,-1.2628786905111156e-15,3.2051745217226424e-06,-1.2265369086467137e-05,3.2493925340965067e-06,1.5514761620563645e-05,7.658113261381965e-08,3.05466908696872e-06,3.407902579813382e-06
101146,False,0.0,-1.2628786905111156e-15,3.2051745217226424e-06,-1.2265369086467137e-05,3.2493925340965067e-06,1.5514761620563645e-05,7.658113261381965e-08,3.05466908696872e-06,3.407902579813382e-06
101147,False,0.0,-1.2628786905111156e-15,3.2051745217226424e-06,-1.2265369086467137e-05,3.2493925340965067e-06,1.5514761620563645e-05,7.658113261381965e-08,3.05466908696872e-06,3.407902579813382e-06
101148,False,0.0,-1.2628786905111156e-15,3.2051745217226424e-06,-1.2265369086467137e-05,3.2493925340965067e-06,1.5514761620563645e-05,7.658113261381965e-08,3.05466908696872e-06,3.407902579813382e-06
101149,False,0.0,-1.2628786905111156e-15,3.2051745217226424e-06,-1.2265369086467137e-05,3.2493925340965067e-06,1.5514761620563645e-05,7.658113261381965e-08,3.05466908696872e-06,3.407902579813382e-06
101150,False,642.170062274604,-0.17190374373013206,-0.050038496501696006,-0.06795952446917553,-0.05176431870038245,0.016195205768793075,0.008173123541833796,-0.06766419133661827,-0.03852837153112154
101152,False,0.0,-1.2628786905111156e-15,3.2051745217226424e-06,-1.2265369086467137e-05,3.2493925340965067e-06,1.5514761620563645e-05,7.658113261381965e-08,3.05466908696872e-06,3.407902579813382e-06
101153,False,0.0,-1.2628786905111156e-15,3.2051745217226424e-06,-1.2265369086467137e-05,3.2493925340965067e-06,1.5514761620563645e-05,7.658113261381965e-08,3.05466908696872e-06,3.407902579813382e-06
101154,False,0.0,-1.2628786905111156e-15,3.2051745217226424e-06,-1.2265369086467137e-05,3.2493925340965067e-06,1.5514761620563645e-05,7.658113261381965e-08,3.05466908696872e-06,3.407902579813382e-06
101155,False,0.0,-1.2628786905111156e-15,3.2051745217226424e-06,-1.2265369086467137e-05,3.2493925340965067e-06,1.5514761620563645e-05,7.658113261381965e-08,3.05466908696872e-06,3.407902579813382e-06
101156,False,0.0,-1.2628786905111156e-15,3.2051745217226424e-06,-1.2265369086467137e-05,3.2493925340965067e-06,1.5514761620563645e-05,7.658113261381965e-08,3.05466908696872e-06,3.407902579813382e-06
101158,False,0.0,-1.2628786905111156e-15,3.2051745217226424e-06,-1.2265369086467137e-05,3.2493925340965067e-06,1.5514761620563645e-05,7.658113261381965e-08,3.05466908696872e-06,3.407902579813382e-06
101159,False,0.0,-1.2628786905111156e-15,3.2051745217226424e-06,-1.2265369086467137e-05,3.2493925340965067e-06,1.5514761620563645e-05,7.658113261381965e-08,3.05466908696872e-06,3.407902579813382e-06
101160,False,0.0,-1.2628786905111156e-15,3.2051745217226424e-06,-1.2265369086467137e-05,3.2493925340965067e-06,1.5514761620563645e-05,7.658113261381965e-08,3.05466908696872e-06,3.407902579813382e-06
101161,False,0.0,-1.2628786905111156e-15,3.2051745217226424e-06,-1.2265369086467137e-05,3.2493925340965067e-06,1.5514761620563645e-05,7.658113261381965e-08,3.05466908696872e-06,3.407902579813382e-06
101162,False,0.0,-1.2628786905111156e-15,3.2051745217226424e-06,-1.2265369086467137e-05,3.2493925340965067e-06,1.5514761620563645e-05,7.658113261381965e-08,3.05466908696872e-06,3.407902579813382e-06
101165,False,0.0,-1.2628786905111156e-15,3.2051745217226424e-06,-1.2265369086467137e-05,3.2493925340965067e-06,1.5514761620563645e-05,7.658113261381965e-08,3.05466908696872e-06,3.407902579813382e-06
101166,False,0.0,-1.2628786905111156e-15,3.2051745217226424e-06,-1.2265369086467137e-05,3.2493925340965067e-06,1.5514761620563645e-05,7.658113261381965e-08,3.05466908696872e-06,3.407902579813382e-06
101177,False,0.0,-1.2628786905111156e-15,3.2051745217226424e-06,-1.2265369086467137e-05,3.2493925340965067e-06,1.5514761620563645e-05,7.658113261381965e-08,3.05466908696872e-06,3.407902579813382e-06
101178,False,0.0,-1.2628786905111156e-15,3.2051745217226424e-06,-1.2265369086467137e-05,3.2493925340965067e-06,1.5514761620563645e-05,7.658113261381965e-08,3.05466908696872e-06,3.407902579813382e-06
101179,False,0.0,-1.2628786905111156e-15,3.2051745217226424e-06,-1.2265369086467137e-05,3.2493925340965067e-06,1.5514761620563645e-05,7.658113261381965e-08,3.05466908696872e-06,3.407902579813382e-06
101180,False,0.0,-1.2628786905111156e-15,3.2051745217226424e-06,-1.2265369086467137e-05,3.2493925340965067e-06,1.5514761620563645e-05,7.658113261381965e-08,3.05466908696872e-06,3.407902579813382e-06
101181,False,0.0,-1.2628786905111156e-15,3.2051745217226424e-06,-1.2265369086467137e-05,3.2493925340965067e-06,1.5514761620563645e-05,7.658113261381965e-08,3.05466908696872e-06,3.407902579813382e-06
101182,False,0.0,-1.2628786905111156e-15,3.2051745217226424e-06,-1.2265369086467137e-05,3.2493925340965067e-06,1.5514761620563645e-05,7.658113261381965e-08,3.05466908696872e-06,3.407902579813382e-06
101183,False,0.0,-1.2628786905111156e-15,3.2051745217226424e-06,-1.2265369086467137e-05,3.2493925340965067e-06,1.5514761620563645e-05,7.658113261381965e-08,3.05466908696872e-06,3.407902579813382e-06
101184,False,0.0,-1.2628786905111156e-15,3.2051745217226424e-06,-1.2265369086467137e-05,3.2493925340965067e-06,1.5514761620563645e-05,7.658113261381965e-08,3.05466908696872e-06,3.407902579813382e-06
101185,False,0.0,-1.2628786905111156e-15,3.2051745217226424e-06,-1.2265369086467137e-05,3.2493925340965067e-06,1.5514761620563645e-05,7.658113261381965e-08,3.05466908696872e-06,3.407902579813382e-06
101187,False,0.0,-1.2628786905111156e-15,3.2051745217226424e-06,-1.2265369086467137e-05,3.2493925340965067e-06,1.5514761620563645e-05,7.658113261381965e-08,3.05466908696872e-06,3.407902579813382e-06
101188,False,0.0,-1.2628786905111156e-15,3.2051745217226424e-06,-1.2265369086467137e-05,3.2493925340965067e-06,1.5514761620563645e-05,7.658113261381965e-08,3.05466908696872e-06,3.407902579813382e-06
101189,False,0.0,-1.2628786905111156e-15,3.2051745217226424e-06,-1.2265369086467137e-05,3.2493925340965067e-06,1.5514761620563645e-05,7.658113261381965e-08,3.05466908696872e-06,3.407902579813382e-06
101190,False,0.0,-1.2628786905111156e-15,3.2051745217226424e-06,-1.2265369086467137e-05,3.2493925340965067e-06,1.5514761620563645e-05,7.658113261381965e-08,3.05466908696872e-06,3.407902579813382e-06
101194,False,0.0,-1.2628786905111156e-15,3.2051745217226424e-06,-1.2265369086467137e-05,3.2493925340965067e-06,1.5514761620563645e-05,7.658113261381965e-08,3.05466908696872e-06,3.407902579813382e-06
101195,False,0.0,-1.2628786905111156e-15,3.2051745217226424e-06,-1.2265369086467137e-05,3.2493925340965067e-06,1.5514761620563645e-05,7.658113261381965e-08,3.05466908696872e-06,3.407902579813382e-06
101198,False,0.0,-1.2628786905111156e-15,3.2051745217226424e-06,-1.2265369086467137e-05,3.2493925340965067e-06,1.5514761620563645e-05,7.658113261381965e-08,3.05466908696872e-06,3.407902579813382e-06
101204,False,0.0,-1.2628786905111156e-15,3.2051745217226424e-06,-1.2265369086467137e-05,3.2493925340965067e-06,1.5514761620563645e-05,7.658113261381965e-08,3.05466908696872e-06,3.407902579813382e-06
101207,False,0.0,-1.2628786905111156e-15,3.2051745217226424e-06,-1.2265369086467137e-05,3.2493925340965067e-06,1.5514761620563645e-05,7.658113261381965e-08,3.05466908696872e-06,3.407902579813382e-06
101209,False,0.0,-1.2628786905111156e-15,3.2051745217226424e-06,-1.2265369086467137e-05,3.2493925340965067e-06,1.5514761620563645e-05,7.658113261381965e-08,3.05466908696872e-06,3.407902579813382e-06
101211,False,0.0,-1.2628786905111156e-15,3.2051745217226424e-06,-1.2265369086467137e-05,3.2493925340965067e-06,1.5514761620563645e-05,7.658113261381965e-08,3.05466908696872e-06,3.407902579813382e-06
101212,False,0.0,-1.2628786905111156e-15,3.2051745217226424e-06,-1.2265369086467137e-05,3.2493925340965067e-06,1.5514761620563645e-05,7.658113261381965e-08,3.05466908696872e-06,3.407902579813382e-06
101213,False,0.0,-1.2628786905111156e-15,3.2051745217226424e-06,-1.2265369086467137e-05,3.2493925340965067e-06,1.5514761620563645e-05,7.658113261381965e-08,3.05466908696872e-06,3.407902579813382e-06
101214,False,0.0,-1.2628786905111156e-15,3.2051745217226424e-06,-1.2265369086467137e-05,3.2493925340965067e-06,1.5514761620563645e-05,7.658113261381965e-08,3.05466908696872e-06,3.407902579813382e-06
101215,False,0.0,-1.2628786905111156e-15,3.2051745217226424e-06,-1.2265369086467137e-05,3.2493925340965067e-06,1.5514761620563645e-05,7.658113261381965e-08,3.05466908696872e-06,3.407902579813382e-06
101219,False,0.0,-1.2628786905111156e-15,3.2051745217226424e-06,-1.2265369086467137e-05,3.2493925340965067e-06,1.5514761620563645e-05,7.658113261381965e-08,3.05466908696872e-06,3.407902579813382e-06
101223,False,0.0,-1.2628786905111156e-15,3.2051745217226424e-06,-1.2265369086467137e-05,3.2493925340965067e-06,1.5514761620563645e-05,7.658113261381965e-08,3.05466908696872e-06,3.407902579813382e-06
101230,False,0.0,-1.2628786905111156e-15,3.2051745217226424e-06,-1.2265369086467137e-05,3.2493925340965067e-06,1.5514761620563645e-05,7.658113261381965e-08,3.05466908696872e-06,3.407902579813382e-06
101232,False,0.0,-1.2628786905111156e-15,3.2051745217226424e-06,-1.2265369086467137e-05,3.2493925340965067e-06,1.5514761620563645e-05,7.658113261381965e-08,3.05466908696872e-06,3.407902579813382e-06
101235,False,0.0,-1.2628786905111156e-15,3.2051745217226424e-06,-1.2265369086467137e-05,3.2493925340965067e-06,1.5514761620563645e-05,7.658113261381965e-08,3.05466908696872e-06,3.407902579813382e-06
101236,False,0.0,-1.2628786905111156e-15,3.2051745217226424e-06,-1.2265369086467137e-05,3.2493925340965067e-06,1.5514761620563645e-05,7.658113261381965e-08,3.05466908696872e-06,3.407902579813382e-06
101238,False,0.0,-1.2628786905111156e-15,3.2051745217226424e-06,-1.2265369086467137e-05,3.2493925340965067e-06,1.5514761620563645e-05,7.658113261381965e-08,3.05466908696872e-06,3.407902579813382e-06
101247,False,0.0,-1.2628786905111156e-15,3.2051745217226424e-06,-1.2265369086467137e-05,3.2493925340965067e-06,1.5514761620563645e-05,7.658113261381965e-08,3.05466908696872e-06,3.407902579813382e-06
101249,False,0.0,-1.2628786905111156e-15,3.2051745217226424e-06,-1.2265369086467137e-05,3.2493925340965067e-06,1.5514761620563645e-05,7.658113261381965e-08,3.05466908696872e-06,3.407902579813382e-06
101261,False,0.0,-1.2628786905111156e-15,3.2051745217226424e-06,-1.2265369086467137e-05,3.2493925340965067e-06,1.5514761620563645e-05,7.658113261381965e-08,3.05466908696872e-06,3.407902579813382e-06
200081,False,0.0,-1.2628786905111156e-15,3.2051745217226424e-06,-1.2265369086467137e-05,3.2493925340965067e-06,1.5514761620563645e-05,7.658113261381965e-08,3.05466908696872e-06,3.407902579813382e-06
200745,False,0.0,-1.2628786905111156e-15,3.2051745217226424e-06,-1.2265369086467137e-05,3.2493925340965067e-06,1.5514761620563645e-05,7.658113261381965e-08,3.05466908696872e-06,3.407902579813382e-06
200746,True,508.9169479290247,0.6993484638236384,0.11973291065848257,0.038055082195255885,0.10841550724636106,0.07036042505110518,0.010997873532911361,0.08937808101223776,0.13132346656764005
200747,False,0.0,-1.2628786905111156e-15,3.2051745217226424e-06,-1.2265369086467137e-05,3.2493925340965067e-06,1.5514761620563645e-05,7.658113261381965e-08,3.05466908696872e-06,3.407902579813382e-06
200748,False,0.0,-1.2628786905111156e-15,3.2051745217226424e-06,-1.2265369086467137e-05,3.2493925340965067e-06,1.5514761620563645e-05,7.658113261381965e-08,3.05466908696872e-06,3.407902579813382e-06
200749,False,0.0,-1.2628786905111156e-15,3.2051745217226424e-06,-1.2265369086467137e-05,3.2493925340965067e-06,1.5514761620563645e-05,7.658113261381965e-08,3.05466908696872e-06,3.407902579813382e-06
200750,False,0.0,-1.2628786905111156e-15,3.2051745217226424e-06,-1.2265369086467137e-05,3.2493925340965067e-06,1.5514761620563645e-05,7.658113261381965e-08,3.05466908696872e-06,3.407902579813382e-06
200751,False,0.0,-1.2628786905111156e-15,3.2051745217226424e-06,-1.2265369086467137e-05,3.2493925340965067e-06,1.5514761620563645e-05,7.658113261381965e-08,3.05466908696872e-06,3.407902579813382e-06
200752,True,1177.0133140983048,1.059480739907721,-0.057237404577136664,-0.07401205945371137,-0.07473030279802007,-0.0007182433443087,0.011420819912002436,-0.09954595915167119,-0.05603266204992541
200753,False,0.0,-1.2628786905111156e-15,3.2051745217226424e-06,-1.2265369086467137e-05,3.2493925340965067e-06,1.5514761620563645e-05,7.658113261381965e-08,3.05466908696872e-06,3.407902579813382e-06
200754,False,0.0,-1.2628786905111156e-15,3.2051745217226424e-06,-1.2265369086467137e-05,3.2493925340965067e-06,1.5514761620563645e-05,7.658113261381965e-08,3.05466908696872e-06,3.407902579813382e-06
200755,False,196.79911351010233,0.2846095422557131,-0.016669064688456192,-0.013000278662329556,-0.0162912318379681,-0.0032909531756385446,0.0021968939195393545,-0.02118173387677813,-0.013294551833682888
200756,False,0.0,-1.2628786905111156e-15,3.2051745217226424e-06,-1.2265369086467137e-05,3.2493925340965067e-06,1.5514761620563645e-05,7.658113261381965e-08,3.05466908696872e-06,3.407902579813382e-06
200757,False,0.0,-1.2628786905111156e-15,3.2051745217226424e-06,-1.2265369086467137e-05,3.2493925340965067e-06,1.5514761620563645e-05,7.658113261381965e-08,3.05466908696872e-06,3.407902579813382e-06
200758,False,0.0,-1.2628786905111156e-15,3.2051745217226424e-06,-1.2265369086467137e-05,3.2493925340965067e-06,1.5514761620563645e-05,7.658113261381965e-08,3.05466908696872e-06,3.407902579813382e-06
200759,False,0.0,-1.2628786905111156e-15,3.2051745217226424e-06,-1.2265369086467137e-05,3.2493925340965067e-06,1.5514761620563645e-05,7.658113261381965e-08,3.05466908696872e-06,3.407902579813382e-06
200760,False,0.0,-1.2628786905111156e-15,3.2051745217226424e-06,-1.2265369086467137e-05,3.2493925340965067e-06,1.5514761620563645e-05,7.658113261381965e-08,3.05466908696872e-06,3.407902579813382e-06
200761,False,0.0,-1.2628786905111156e-15,3.2051745217226424e-06,-1.2265369086467137e-05,3.2493925340965067e-06,1.5514761620563645e-05,7.658113261381965e-08,3.05466908696872e-06,3.407902579813382e-06
200762,False,0.0,-1.2628786905111156e-15,3.2051745217226424e-06,-1.2265369086467137e-05,3.2493925340965067e-06,1.5514761620563645e-05,7.658113261381965e-08,3.05466908696872e-06,3.407902579813382e-06
200763,False,0.0,-1.2628786905111156e-15,3.2051745217226424e-06,-1.2265369086467137e-05,3.2493925340965067e-06,1.5514761620563645e-05,7.658113261381965e-08,3.05466908696872e-06,3.407902579813382e-06
200764,False,0.0,-1.2628786905111156e-15,3.2051745217226424e-06,-1.2265369086467137e-05,3.2493925340965067e-06,1.5514761620563645e-05,7.658113261381965e-08,3.05466908696872e-06,3.407902579813382e-06
200765,False,433.56765868456455,-1.0369224379152584,0.023441421151209507,-0.006211790929610661,0.02187704506701449,0.02808883599662515,0.004642451933452123,0.013517125624606052,0.027240304710936636
200766,False,0.0,-1.2628786905111156e-15,3.2051745217226424e-06,-1.2265369086467137e-05,3.2493925340965067e-06,1.5514761620563645e-05,7.658113261381965e-08,3.05466908696872e-06,3.407902579813382e-06
200767,False,0.0,-1.2628786905111156e-15,3.2051745217226424e-06,-1.2265369086467137e-05,3.2493925340965067e-06,1.5514761620563645e-05,7.658113261381965e-08,3.05466908696872e-06,3.407902579813382e-06
200768,True,4713.940088829059,0.6992047759543032,-0.26084577859992775,-0.10782753896488428,-0.2605593962940417,-0.1527318573291574,0.005816509994100483,-0.2697133407075876,-0.2499919551076732
200769,False,0.0,-1.2628786905111156e-15,3.2051745217226424e-06,-1.2265369086467137e-05,3.2493925340965067e-06,1.5514761620563645e-05,7.658113261381965e-08,3.05466908696872e-06,3.407902579813382e-06
200770,False,0.0,-1.2628786905111156e-15,3.2051745217226424e-06,-1.2265369086467137e-05,3.2493925340965067e-06,1.5514761620563645e-05,7.658113261381965e-08,3.05466908696872e-06,3.407902579813382e-06
200771,False,0.0,-1.2628786905111156e-15,3.2051745217226424e-06,-1.2265369086467137e-05,3.2493925340965067e-06,1.5514761620563645e-05,7.658113261381965e-08,3.05466908696872e-06,3.407902579813382e-06
200772,False,0.0,-1.2628786905111156e-15,3.2051745217226424e-06,-1.2265369086467137e-05,3.2493925340965067e-06,1.5514761620563645e-05,7.658113261381965e-08,3.05466908696872e-06,3.407902579813382e-06
200776,False,0.0,-1.2628786905111156e-15,3.2051745217226424e-06,-1.2265369086467137e-05,3.2493925340965067e-06,1.5514761620563645e-05,7.658113261381965e-08,3.05466908696872e-06,3.407902579813382e-06
200777,False,0.0,-1.2628786905111156e-15,3.2051745217226424e-06,-1.2265369086467137e-05,3.2493925340965067e-06,1.5514761620563645e-05,7.658113261381965e-08,3.05466908696872e-06,3.407902579813382e-06
200778,False,0.0,-1.2628786905111156e-15,3.2051745217226424e-06,-1.2265369086467137e-05,3.2493925340965067e-06,1.5514761620563645e-05,7.658113261381965e-08,3.05466908696872e-06,3.407902579813382e-06
200779,False,0.0,-1.2628786905111156e-15,3.2051745217226424e-06,-1.2265369086467137e-05,3.2493925340965067e-06,1.5514761620563645e-05,7.658113261381965e-08,3.05466908696872e-06,3.407902579813382e-06
200780,False,0.0,-1.2628786905111156e-15,3.2051745217226424e-06,-1.2265369086467137e-05,3.2493925340965067e-06,1.5514761620563645e-05,7.658113261381965e-08,3.05466908696872e-06,3.407902579813382e-06
200781,False,0.0,-1.2628786905111156e-15,3.2051745217226424e-06,-1.2265369086467137e-05,3.2493925340965067e-06,1.5514761620563645e-05,7.658113261381965e-08,3.05466908696872e-06,3.407902579813382e-06
200782,True,2610.1358267815913,-2.2769759989718272,-0.15419941168717166,0.06841022589760204,-0.1955281574974923,-0.26393838339509434,0.05586816373269443,-0.28983712701761366,-0.14754485760395397
200783,False,0.0,-1.2628786905111156e-15,3.2051745217226424e-06,-1.2265369086467137e-05,3.2493925340965067e-06,1.5514761620563645e-05,7.658113261381965e-08,3.05466908696872e-06,3.407902579813382e-06
200784,False,0.0,-1.2628786905111156e-15,3.2051745217226424e-06,-1.2265369086467137e-05,3.2493925340965067e-06,1.5514761620563645e-05,7.658113261381965e-08,3.05466908696872e-06,3.407902579813382e-06
200785,False,0.0,-1.2628786905111156e-15,3.2051745217226424e-06,-1.2265369086467137e-05,3.2493925340965067e-06,1.5514761620563645e-05,7.658113261381965e-08,3.05466908696872e-06,3.407902579813382e-06
200786,False,0.0,-1.2628786905111156e-15,3.2051745217226424e-06,-1.2265369086467137e-05,3.2493925340965067e-06,1.5514761620563645e-05,7.658113261381965e-08,3.05466908696872e-06,3.407902579813382e-06
200788,False,0.0,-1.2628786905111156e-15,3.2051745217226424e-06,-1.2265369086467137e-05,3.2493925340965067e-06,1.5514761620563645e-05,7.658113261381965e-08,3.05466908696872e-06,3.407902579813382e-06
200789,False,0.0,-1.2628786905111156e-15,3.2051745217226424e-06,-1.2265369086467137e-05,3.2493925340965067e-06,1.5514761620563645e-05,7.658113261381965e-08,3.05466908696872e-06,3.407902579813382e-06
200790,False,0.0,-1.2628786905111156e-15,3.2051745217226424e-06,-1.2265369086467137e-05,3.2493925340965067e-06,1.5514761620563645e-05,7.658113261381965e-08,3.05466908696872e-06,3.407902579813382e-06
200792,False,0.0,-1.2628786905111156e-15,3.2051745217226424e-06,-1.2265369086467137e-05,3.2493925340965067e-06,1.5514761620563645e-05,7.658113261381965e-08,3.05466908696872e-06,3.407902579813382e-06
200793,False,0.0,-1.2628786905111156e-15,3.2051745217226424e-06,-1.2265369086467137e-05,3.2493925340965067e-06,1.5514761620563645e-05,7.658113261381965e-08,3.05466908696872e-06,3.407902579813382e-06
200794,True,430.3965538682814,0.35251472906699277,0.03955603901009752,0.0005730149935889717,0.01976855316178744,0.019195538168198467,0.02345217179613359,-0.00721704789725397,0.04541338729312483
200796,False,0.0,-1.2628786905111156e-15,3.2051745217226424e-06,-1.2265369086467137e-05,3.2493925340965067e-06,1.5514761620563645e-05,7.658113261381965e-08,3.05466908696872e-06,3.407902579813382e-06
200797,False,0.0,-1.2628786905111156e-15,3.2051745217226424e-06,-1.2265369086467137e-05,3.2493925340965067e-06,1.5514761620563645e-05,7.658113261381965e-08,3.05466908696872e-06,3.407902579813382e-06
200798,False,0.0,-1.2628786905111156e-15,3.2051745217226424e-06,-1.2265369086467137e-05,3.2493925340965067e-06,1.5514761620563645e-05,7.658113261381965e-08,3.05466908696872e-06,3.407902579813382e-06
200799,False,0.0,-1.2628786905111156e-15,3.2051745217226424e-06,-1.2265369086467137e-05,3.2493925340965067e-06,1.5514761620563645e-05,7.658113261381965e-08,3.05466908696872e-06,3.407902579813382e-06
200801,False,0.0,-1.2628786905111156e-15,3.2051745217226424e-06,-1.2265369086467137e-05,3.2493925340965067e-06,1.5514761620563645e-05,7.658113261381965e-08,3.05466908696872e-06,3.407902579813382e-06
200806,False,0.0,-1.2628786905111156e-15,3.2051745217226424e-06,-1.2265369086467137e-05,3.2493925340965067e-06,1.5514761620563645e-05,7.658113261381965e-08,3.05466908696872e-06,3.407902579813382e-06
200807,False,0.0,-1.2628786905111156e-15,3.2051745217226424e-06,-1.2265369086467137e-05,3.2493925340965067e-06,1.5514761620563645e-05,7.658113261381965e-08,3.05466908696872e-06,3.407902579813382e-06
200809,False,0.0,-1.2628786905111156e-15,3.2051745217226424e-06,-1.2265369086467137e-05,3.2493925340965067e-06,1.5514761620563645e-05,7.658113261381965e-08,3.05466908696872e-06,3.407902579813382e-06
200810,False,0.0,-1.2628786905111156e-15,3.2051745217226424e-06,-1.2265369086467137e-05,3.2493925340965067e-06,1.5514761620563645e-05,7.658113261381965e-08,3.05466908696872e-06,3.407902579813382e-06
200811,False,0.0,-1.2628786905111156e-15,3.2051745217226424e-06,-1.2265369086467137e-05,3.2493925340965067e-06,1.5514761620563645e-05,7.658113261381965e-08,3.05466908696872e-06,3.407902579813382e-06
200814,False,0.0,-1.2628786905111156e-15,3.2051745217226424e-06,-1.2265369086467137e-05,3.2493925340965067e-06,1.5514761620563645e-05,7.658113261381965e-08,3.05466908696872e-06,3.407902579813382e-06
200816,False,0.0,-1.2628786905111156e-15,3.2051745217226424e-06,-1.2265369086467137e-05,3.2493925340965067e-06,1.5514761620563645e-05,7.658113261381965e-08,3.05466908696872e-06,3.407902579813382e-06
200817,False,0.0,-1.2628786905111156e-15,3.2051745217226424e-06,-1.2265369086467137e-05,3.2493925340965067e-06,1.5514761620563645e-05,7.658113261381965e-08,3.05466908696872e-06,3.407902579813382e-06
200818,False,0.0,-1.2628786905111156e-15,3.2051745217226424e-06,-1.2265369086467137e-05,3.2493925340965067e-06,1.5514761620563645e-05,7.658113261381965e-08,3.05466908696872e-06,3.407902579813382e-06
200821,False,0.0,-1.2628786905111156e-15,3.2051745217226424e-06,-1.2265369086467137e-05,3.2493925340965067e-06,1.5514761620563645e-05,7.658113261381965e-08,3.05466908696872e-06,3.407902579813382e-06
200822,False,0.0,-1.2628786905111156e-15,3.2051745217226424e-06,-1.2265369086467137e-05,3.2493925340965067e-06,1.5514761620563645e-05,7.658113261381965e-08,3.05466908696872e-06,3.407902579813382e-06
200823,False,0.0,-1.2628786905111156e-15,3.2051745217226424e-06,-1.2265369086467137e-05,3.2493925340965067e-06,1.5514761620563645e-05,7.658113261381965e-08,3.05466908696872e-06,3.407902579813382e-06
200826,False,10.873748534854405,-0.1017822172212833,0.0038366348637212944,0.0009263051940455458,0.004154314925740921,0.003228009731695375,0.0004093543693766683,0.0034146860671962626,0.005202163983371283
200827,False,0.0,-1.2628786905111156e-15,3.2051745217226424e-06,-1.2265369086467137e-05,3.2493925340965067e-06,1.5514761620563645e-05,7.658113261381965e-08,3.05466908696872e-06,3.407902579813382e-06
200829,False,0.0,-1.2628786905111156e-15,3.2051745217226424e-06,-1.2265369086467137e-05,3.2493925340965067e-06,1.5514761620563645e-05,7.658113261381965e-08,3.05466908696872e-06,3.407902579813382e-06
200835,False,0.0,-1.2628786905111156e-15,3.2051745217226424e-06,-1.2265369086467137e-05,3.2493925340965067e-06,1.5514761620563645e-05,7.658113261381965e-08,3.05466908696872e-06,3.407902579813382e-06
200837,False,0.0,-1.2628786905111156e-15,3.2051745217226424e-06,-1.2265369086467137e-05,3.2493925340965067e-06,1.5514761620563645e-05,7.658113261381965e-08,3.05466908696872e-06,3.407902579813382e-06
200838,False,0.0,-1.2628786905111156e-15,3.2051745217226424e-06,-1.2265369086467137e-05,3.2493925340965067e-06,1.5514761620563645e-05,7.658113261381965e-08,3.05466908696872e-06,3.407902579813382e-06
200839,False,0.0,-1.2628786905111156e-15,3.2051745217226424e-06,-1.2265369086467137e-05,3.2493925340965067e-06,1.5514761620563645e-05,7.658113261381965e-08,3.05466908696872e-06,3.407902579813382e-06
200840,False,0.0,-1.2628786905111156e-15,3.2051745217226424e-06,-1.2265369086467137e-05,3.2493925340965067e-06,1.5514761620563645e-05,7.658113261381965e-08,3.05466908696872e-06,3.407902579813382e-06
200841,False,0.0,-1.2628786905111156e-15,3.2051745217226424e-06,-1.2265369086467137e-05,3.2493925340965067e-06,1.5514761620563645e-05,7.658113261381965e-08,3.05466908696872e-06,3.407902579813382e-06
200848,False,0.0,-1.2628786905111156e-15,3.2051745217226424e-06,-1.2265369086467137e-05,3.2493925340965067e-06,1.5514761620563645e-05,7.658113261381965e-08,3.05466908696872e-06,3.407902579813382e-06
200970,False,0.0,-1.2628786905111156e-15,3.2051745217226424e-06,-1.2265369086467137e-05,3.2493925340965067e-06,1.5514761620563645e-05,7.658113261381965e-08,3.05466908696872e-06,3.407902579813382e-06
200971,False,0.0,-1.2628786905111156e-15,3.2051745217226424e-06,-1.2265369086467137e-05,3.2493925340965067e-06,1.5514761620563645e-05,7.658113261381965e-08,3.05466908696872e-06,3.407902579813382e-06
200978,False,0.0,-1.2628786905111156e-15,3.2051745217226424e-06,-1.2265369086467137e-05,3.2493925340965067e-06,1.5514761620563645e-05,7.658113261381965e-08,3.05466908696872e-06,3.407902579813382e-06
200984,False,0.0,-1.2628786905111156e-15,3.2051745217226424e-06,-1.2265369086467137e-05,3.2493925340965067e-06,1.5514761620563645e-05,7.658113261381965e-08,3.05466908696872e-06,3.407902579813382e-06
201041,False,0.0,-1.2628786905111156e-15,3.2051745217226424e-06,-1.2265369086467137e-05,3.2493925340965067e-06,1.5514761620563645e-05,7.658113261381965e-08,3.05466908696872e-06,3.407902579813382e-06
201043,False,0.0,-1.2628786905111156e-15,3.2051745217226424e-06,-1.2265369086467137e-05,3.2493925340965067e-06,1.5514761620563645e-05,7.658113261381965e-08,3.05466908696872e-06,3.407902579813382e-06
201141,False,0.0,-1.2628786905111156e-15,3.2051745217226424e-06,-1.2265369086467137e-05,3.2493925340965067e-06,1.5514761620563645e-05,7.658113261381965e-08,3.05466908696872e-06,3.407902579813382e-06
201142,True,13703.185436828855,3.765523640940332,0.06768067800211064,0.04034659542792207,0.07585274262078112,0.03550614719285905,0.015781680094315888,0.05013216881221583,0.10798053224335247
201143,True,7909.711659338522,0.5023664581716729,0.04305157008777538,0.06824198609894228,0.050283755251900764,-0.017958230847041512,0.003995143289328763,0.04440452552633811,0.05854842246864733
201144,True,8702.869735317872,3.165109906002208,-0.3951897624613472,0.059995712148058544,-0.3557606549525212,-0.4157563671005797,0.02203545816150741,-0.3992726773240558,-0.3236063890949903
201145,True,3860.0323601236914,-2.6175598687669925,-0.13809393654689162,-0.0048865780418712035,-0.15027358669283997,-0.14538700865096876,0.013396016605163496,-0.1735750165669776,-0.12721324700564907
201146,False,0.0,-1.2628786905111156e-15,3.2051745217226424e-06,-1.2265369086467137e-05,3.2493925340965067e-06,1.5514761620563645e-05,7.658113261381965e-08,3.05466908696872e-06,3.407902579813382e-06
201147,False,5.945582691880309,0.2418500960221377,0.0010358896964777764,-0.0006552877457504103,0.0007600994346878553,0.0014153871804382656,0.000377082657103425,-0.00010460679840659792,0.0014361646475539447
201148,False,0.0,-1.2628786905111156e-15,3.2051745217226424e-06,-1.2265369086467137e-05,3.2493925340965067e-06,1.5514761620563645e-05,7.658113261381965e-08,3.05466908696872e-06,3.407902579813382e-06
201149,False,9.211607695312269,-0.1656613454405669,0.0023037720453439603,0.0017891722454567438,0.0023031597437125073,0.0005139874982557635,0.00011484492057075432,0.002126327858677002,0.0025713787974014635
201150,False,0.0,-1.2628786905111156e-15,3.2051745217226424e-06,-1.2265369086467137e-05,3.2493925340965067e-06,1.5514761620563645e-05,7.658113261381965e-08,3.05466908696872e-06,3.407902579813382e-06
201151,False,0.0,-1.2628786905111156e-15,3.2051745217226424e-06,-1.2265369086467137e-05,3.2493925340965067e-06,1.5514761620563645e-05,7.658113261381965e-08,3.05466908696872e-06,3.407902579813382e-06
201152,False,1537.3837131445605,-0.8668278161327565,-0.024065589791471997,0.030342869839532938,-0.02511112928073822,-0.05545399912027116,0.004556275978385372,-0.03169520482872312,-0.01650913001137977
201153,False,0.0,-1.2628786905111156e-15,3.2051745217226424e-06,-1.2265369086467137e-05,3.2493925340965067e-06,1.5514761620563645e-05,7.658113261381965e-08,3.05466908696872e-06,3.407902579813382e-06
201154,False,0.0,-1.2628786905111156e-15,3.2051745217226424e-06,-1.2265369086467137e-05,3.2493925340965067e-06,1.5514761620563645e-05,7.658113261381965e-08,3.05466908696872e-06,3.407902579813382e-06
201155,False,0.0,-1.2628786905111156e-15,3.2051745217226424e-06,-1.2265369086467137e-05,3.2493925340965067e-06,1.5514761620563645e-05,7.658113261381965e-08,3.05466908696872e-06,3.407902579813382e-06
201156,False,0.0,-1.2628786905111156e-15,3.2051745217226424e-06,-1.2265369086467137e-05,3.2493925340965067e-06,1.5514761620563645e-05,7.658113261381965e-08,3.05466908696872e-06,3.407902579813382e-06
201157,False,0.0,-1.2628786905111156e-15,3.2051745217226424e-06,-1.2265369086467137e-05,3.2493925340965067e-06,1.5514761620563645e-05,7.658113261381965e-08,3.05466908696872e-06,3.407902579813382e-06
201158,False,19.24984253898898,-0.39610787116042,0.003024083056339222,0.0006747625348020314,0.003159243578457427,0.0024844810436553955,0.0007148774798685189,0.001289456917935583,0.004186004617961259
201159,False,0.0,-1.2628786905111156e-15,3.2051745217226424e-06,-1.2265369086467137e-05,3.2493925340965067e-06,1.5514761620563645e-05,7.658113261381965e-08,3.05466908696872e-06,3.407902579813382e-06
201160,False,0.0,-1.2628786905111156e-15,3.2051745217226424e-06,-1.2265369086467137e-05,3.2493925340965067e-06,1.5514761620563645e-05,7.658113261381965e-08,3.05466908696872e-06,3.407902579813382e-06
201161,False,0.0,-1.2628786905111156e-15,3.2051745217226424e-06,-1.2265369086467137e-05,3.2493925340965067e-06,1.5514761620563645e-05,7.658113261381965e-08,3.05466908696872e-06,3.407902579813382e-06
201162,False,28.558603542132794,0.6996085767621483,-0.010530338967276176,-0.0024666766778175253,-0.009125077824358008,-0.006658401146540482,0.0011470110456067697,-0.010301130191329166,-0.006980968756147066
201163,False,0.0,-1.2628786905111156e-15,3.2051745217226424e-06,-1.2265369086467137e-05,3.2493925340965067e-06,1.5514761620563645e-05,7.658113261381965e-08,3.05466908696872e-06,3.407902579813382e-06
201164,False,0.0,-1.2628786905111156e-15,3.2051745217226424e-06,-1.2265369086467137e-05,3.2493925340965067e-06,1.5514761620563645e-05,7.658113261381965e-08,3.05466908696872e-06,3.407902579813382e-06
201165,False,0.0,-1.2628786905111156e-15,3.2051745217226424e-06,-1.2265369086467137e-05,3.2493925340965067e-06,1.5514761620563645e-05,7.658113261381965e-08,3.05466908696872e-06,3.407902579813382e-06
201166,False,0.0,-1.2628786905111156e-15,3.2051745217226424e-06,-1.2265369086467137e-05,3.2493925340965067e-06,1.5514761620563645e-05,7.658113261381965e-08,3.05466908696872e-06,3.407902579813382e-06
201167,False,0.0,-1.2628786905111156e-15,3.2051745217226424e-06,-1.2265369086467137e-05,3.2493925340965067e-06,1.5514761620563645e-05,7.658113261381965e-08,3.05466908696872e-06,3.407902579813382e-06
201168,False,0.0,-1.2628786905111156e-15,3.2051745217226424e-06,-1.2265369086467137e-05,3.2493925340965067e-06,1.5514761620563645e-05,7.658113261381965e-08,3.05466908696872e-06,3.407902579813382e-06
201169,False,0.0,-1.2628786905111156e-15,3.2051745217226424e-06,-1.2265369086467137e-05,3.2493925340965067e-06,1.5514761620563645e-05,7.658113261381965e-08,3.05466908696872e-06,3.407902579813382e-06
201171,False,0.0,-1.2628786905111156e-15,3.2051745217226424e-06,-1.2265369086467137e-05,3.2493925340965067e-06,1.5514761620563645e-05,7.658113261381965e-08,3.05466908696872e-06,3.407902579813382e-06
201172,False,0.0,-1.2628786905111156e-15,3.2051745217226424e-06,-1.2265369086467137e-05,3.2493925340965067e-06,1.5514761620563645e-05,7.658113261381965e-08,3.05466908696872e-06,3.407902579813382e-06
201173,False,0.0,-1.2628786905111156e-15,3.2051745217226424e-06,-1.2265369086467137e-05,3.2493925340965067e-06,1.5514761620563645e-05,7.658113261381965e-08,3.05466908696872e-06,3.407902579813382e-06
201174,False,0.0,-1.2628786905111156e-15,3.2051745217226424e-06,-1.2265369086467137e-05,3.2493925340965067e-06,1.5514761620563645e-05,7.658113261381965e-08,3.05466908696872e-06,3.407902579813382e-06
201175,False,0.0,-1.2628786905111156e-15,3.2051745217226424e-06,-1.2265369086467137e-05,3.2493925340965067e-06,1.5514761620563645e-05,7.658113261381965e-08,3.05466908696872e-06,3.407902579813382e-06
201176,False,0.0,-1.2628786905111156e-15,3.2051745217226424e-06,-1.2265369086467137e-05,3.2493925340965067e-06,1.5514761620563645e-05,7.658113261381965e-08,3.05466908696872e-06,3.407902579813382e-06
201177,False,0.0,-1.2628786905111156e-15,3.2051745217226424e-06,-1.2265369086467137e-05,3.2493925340965067e-06,1.5514761620563645e-05,7.658113261381965e-08,3.05466908696872e-06,3.407902579813382e-06
201178,False,0.0,-1.2628786905111156e-15,3.2051745217226424e-06,-1.2265369086467137e-05,3.2493925340965067e-06,1.5514761620563645e-05,7.658113261381965e-08,3.05466908696872e-06,3.407902579813382e-06
201180,False,0.0,-1.2628786905111156e-15,3.2051745217226424e-06,-1.2265369086467137e-05,3.2493925340965067e-06,1.5514761620563645e-05,7.658113261381965e-08,3.05466908696872e-06,3.407902579813382e-06
201181,False,0.0,-1.2628786905111156e-15,3.2051745217226424e-06,-1.2265369086467137e-05,3.2493925340965067e-06,1.5514761620563645e-05,7.658113261381965e-08,3.05466908696872e-06,3.407902579813382e-06
201182,False,0.0,-1.2628786905111156e-15,3.2051745217226424e-06,-1.2265369086467137e-05,3.2493925340965067e-06,1.5514761620563645e-05,7.658113261381965e-08,3.05466908696872e-06,3.407902579813382e-06
201186,False,0.0,-1.2628786905111156e-15,3.2051745217226424e-06,-1.2265369086467137e-05,3.2493925340965067e-06,1.5514761620563645e-05,7.658113261381965e-08,3.05466908696872e-06,3.407902579813382e-06
201187,False,0.0,-1.2628786905111156e-15,3.2051745217226424e-06,-1.2265369086467137e-05,3.2493925340965067e-06,1.5514761620563645e-05,7.658113261381965e-08,3.05466908696872e-06,3.407902579813382e-06
201188,False,264.5656945772756,2.344301697843965,0.024627231760321333,0.017719282738136943,0.026806425356885377,0.009087142618748434,0.0035654596052444366,0.02286994784282692,0.034608911686228705
201189,False,0.0,-1.2628786905111156e-15,3.2051745217226424e-06,-1.2265369086467137e-05,3.2493925340965067e-06,1.5514761620563645e-05,7.658113261381965e-08,3.05466908696872e-06,3.407902579813382e-06
201192,False,0.0,-1.2628786905111156e-15,3.2051745217226424e-06,-1.2265369086467137e-05,3.2493925340965067e-06,1.5514761620563645e-05,7.658113261381965e-08,3.05466908696872e-06,3.407902579813382e-06
201193,False,0.0,-1.2628786905111156e-15,3.2051745217226424e-06,-1.2265369086467137e-05,3.2493925340965067e-06,1.5514761620563645e-05,7.658113261381965e-08,3.05466908696872e-06,3.407902579813382e-06
201196,False,0.0,-1.2628786905111156e-15,3.2051745217226424e-06,-1.2265369086467137e-05,3.2493925340965067e-06,1.5514761620563645e-05,7.658113261381965e-08,3.05466908696872e-06,3.407902579813382e-06
201199,False,0.0,-1.2628786905111156e-15,3.2051745217226424e-06,-1.2265369086467137e-05,3.2493925340965067e-06,1.5514761620563645e-05,7.658113261381965e-08,3.05466908696872e-06,3.407902579813382e-06
201202,False,0.0,-1.2628786905111156e-15,3.2051745217226424e-06,-1.2265369086467137e-05,3.2493925340965067e-06,1.5514761620563645e-05,7.658113261381965e-08,3.05466908696872e-06,3.407902579813382e-06
201203,False,0.0,-1.2628786905111156e-15,3.2051745217226424e-06,-1.2265369086467137e-05,3.2493925340965067e-06,1.5514761620563645e-05,7.658113261381965e-08,3.05466908696872e-06,3.407902579813382e-06
201207,False,0.0,-1.2628786905111156e-15,3.2051745217226424e-06,-1.2265369086467137e-05,3.2493925340965067e-06,1.5514761620563645e-05,7.658113261381965e-08,3.05466908696872e-06,3.407902579813382e-06
201208,False,0.0,-1.2628786905111156e-15,3.2051745217226424e-06,-1.2265369086467137e-05,3.2493925340965067e-06,1.5514761620563645e-05,7.658113261381965e-08,3.05466908696872e-06,3.407902579813382e-06
201228,False,0.0,-1.2628786905111156e-15,3.2051745217226424e-06,-1.2265369086467137e-05,3.2493925340965067e-06,1.5514761620563645e-05,7.658113261381965e-08,3.05466908696872e-06,3.407902579813382e-06
201229,False,50.96577210082704,0.15188375399520518,0.014891946917117121,0.00543485748872366,0.015507711527905366,0.010072854039181706,0.0010086651519494142,0.013764009244740666,0.01795572918936053
201234,False,0.0,-1.2628786905111156e-15,3.2051745217226424e-06,-1.2265369086467137e-05,3.2493925340965067e-06,1.5514761620563645e-05,7.658113261381965e-08,3.05466908696872e-06,3.407902579813382e-06
201235,False,0.0,-1.2628786905111156e-15,3.2051745217226424e-06,-1.2265369086467137e-05,3.2493925340965067e-06,1.5514761620563645e-05,7.658113261381965e-08,3.05466908696872e-06,3.407902579813382e-06
201238,False,0.0,-1.2628786905111156e-15,3.2051745217226424e-06,-1.2265369086467137e-05,3.2493925340965067e-06,1.5514761620563645e-05,7.658113261381965e-08,3.05466908696872e-06,3.407902579813382e-06
201242,False,0.0,-1.2628786905111156e-15,3.2051745217226424e-06,-1.2265369086467137e-05,3.2493925340965067e-06,1.5514761620563645e-05,7.658113261381965e-08,3.05466908696872e-06,3.407902579813382e-06
201274,False,0.0,-1.2628786905111156e-15,3.2051745217226424e-06,-1.2265369086467137e-05,3.2493925340965067e-06,1.5514761620563645e-05,7.658113261381965e-08,3.05466908696872e-06,3.407902579813382e-06
201281,False,0.0,-1.2628786905111156e-15,3.2051745217226424e-06,-1.2265369086467137e-05,3.2493925340965067e-06,1.5514761620563645e-05,7.658113261381965e-08,3.05466908696872e-06,3.407902579813382e-06
201286,False,0.0,-1.2628786905111156e-15,3.2051745217226424e-06,-1.2265369086467137e-05,3.2493925340965067e-06,1.5514761620563645e-05,7.658113261381965e-08,3.05466908696872e-06,3.407902579813382e-06
201291,False,0.0,-1.2628786905111156e-15,3.2051745217226424e-06,-1.2265369086467137e-05,3.2493925340965067e-06,1.5514761620563645e-05,7.658113261381965e-08,3.05466908696872e-06,3.407902579813382e-06
201336,False,0.0,-1.2628786905111156e-15,3.2051745217226424e-06,-1.2265369086467137e-05,3.2493925340965067e-06,1.5514761620563645e-05,7.658113261381965e-08,3.05466908696872e-06,3.407902579813382e-06
201446,False,0.0,-1.2628786905111156e-15,3.2051745217226424e-06,-1.2265369086467137e-05,3.2493925340965067e-06,1.5514761620563645e-05,7.658113261381965e-08,3.05466908696872e-06,3.407902579813382e-06
201563,False,0.0,-1.2628786905111156e-15,3.2051745217226424e-06,-1.2265369086467137e-05,3.2493925340965067e-06,1.5514761620563645e-05,7.658113261381965e-08,3.05466908696872e-06,3.407902579813382e-06
201564,False,0.0,-1.2628786905111156e-15,3.2051745217226424e-06,-1.2265369086467137e-05,3.2493925340965067e-06,1.5514761620563645e-05,7.658113261381965e-08,3.05466908696872e-06,3.407902579813382e-06
201565,False,1038.872376442895,1.0616927881024314,-0.03431082946300079,-0.02515547269464613,-0.03655362565470699,-0.011398152960060859,0.003168168249129166,-0.04277511326616845,-0.03031660080361065
201566,True,10909.803031606296,-1.6248644147751512,-0.08340016372158754,-0.09403926477075908,-0.08209752325755426,0.011941741513204818,0.0037127743077144597,-0.09015013895945279,-0.07497665162161038
201567,True,3834.8804958805363,2.7016422585322073,-0.04502670915521367,-0.0049340853604342705,-0.03889418818346613,-0.03396010282303186,0.005588701773030466,-0.04670574723217413,-0.029664670704951934
201568,False,1473.045828640715,0.580077535353879,-0.11234248035755434,-0.050941045539233176,-0.12171227319179201,-0.07077122765255883,0.01222653399538882,-0.1450759745345671,-0.10285243150841084
201569,True,4709.027525932095,-0.23401183843233242,0.18739537651102156,0.07079250919230473,0.1818903259372409,0.11109781674493616,0.003102011076346925,0.17574980389242867,0.188416791803812
201570,False,0.0,-1.2628786905111156e-15,3.2051745217226424e-06,-1.2265369086467137e-05,3.2493925340965067e-06,1.5514761620563645e-05,7.658113261381965e-08,3.05466908696872e-06,3.407902579813382e-06
201571,True,620.9477178826472,-0.9559927732227957,-0.15620835452655157,-0.009596626918437767,-0.12044031270325051,-0.11084368578481274,0.030543837750783898,-0.1550226275319604,-0.07961426319211085
201572,True,10981.565560335392,1.1759451040537745,-0.036677209799515165,0.10207684430994268,-0.0411394702678618,-0.14321631457780448,0.028116163379351567,-0.09113413645344748,0.018120988533240734
201573,False,0.0,-1.2628786905111156e-15,3.2051745217226424e-06,-1.2265369086467137e-05,3.2493925340965067e-06,1.5514761620563645e-05,7.658113261381965e-08,3.05466908696872e-06,3.407902579813382e-06
201574,False,0.0,-1.2628786905111156e-15,3.2051745217226424e-06,-1.2265369086467137e-05,3.2493925340965067e-06,1.5514761620563645e-05,7.658113261381965e-08,3.05466908696872e-06,3.407902579813382e-06
201575,False,0.0,-1.2628786905111156e-15,3.2051745217226424e-06,-1.2265369086467137e-05,3.2493925340965067e-06,1.5514761620563645e-05,7.658113261381965e-08,3.05466908696872e-06,3.407902579813382e-06
201576,False,0.0,-1.2628786905111156e-15,3.2051745217226424e-06,-1.2265369086467137e-05,3.2493925340965067e-06,1.5514761620563645e-05,7.658113261381965e-08,3.05466908696872e-06,3.407902579813382e-06
201577,True,778.2856161296936,-1.381167758902334,0.04008267921514075,0.06276002525568147,0.039355413598113564,-0.02340461165756791,0.00573373822847697,0.032461358368882864,0.05372031312012049
201578,False,0.0,-1.2628786905111156e-15,3.2051745217226424e-06,-1.2265369086467137e-05,3.2493925340965067e-06,1.5514761620563645e-05,7.658113261381965e-08,3.05466908696872e-06,3.407902579813382e-06
201579,False,0.0,-1.2628786905111156e-15,3.2051745217226424e-06,-1.2265369086467137e-05,3.2493925340965067e-06,1.5514761620563645e-05,7.658113261381965e-08,3.05466908696872e-06,3.407902579813382e-06
201580,True,1044.982689373825,0.26293999553009906,0.28606709098749517,0.056769366900524254,0.29985728683804946,0.2430879199375252,0.017593426495899563,0.263527371959941,0.32090803769115284
201581,False,0.0,-1.2628786905111156e-15,3.2051745217226424e-06,-1.2265369086467137e-05,3.2493925340965067e-06,1.5514761620563645e-05,7.658113261381965e-08,3.05466908696872e-06,3.407902579813382e-06
201582,False,0.0,-1.2628786905111156e-15,3.2051745217226424e-06,-1.2265369086467137e-05,3.2493925340965067e-06,1.5514761620563645e-05,7.658113261381965e-08,3.05466908696872e-06,3.407902579813382e-06
201583,False,0.0,-1.2628786905111156e-15,3.2051745217226424e-06,-1.2265369086467137e-05,3.2493925340965067e-06,1.5514761620563645e-05,7.658113261381965e-08,3.05466908696872e-06,3.407902579813382e-06
201584,False,0.0,-1.2628786905111156e-15,3.2051745217226424e-06,-1.2265369086467137e-05,3.2493925340965067e-06,1.5514761620563645e-05,7.658113261381965e-08,3.05466908696872e-06,3.407902579813382e-06
201585,False,0.0,-1.2628786905111156e-15,3.2051745217226424e-06,-1.2265369086467137e-05,3.2493925340965067e-06,1.5514761620563645e-05,7.658113261381965e-08,3.05466908696872e-06,3.407902579813382e-06
201586,True,625.1822291579377,-0.27994179641955896,0.1701099009677356,0.07415208386581806,0.19474469389724147,0.1205926100314234,0.0790182819470791,0.0635087433429975,0.38191333162907104
201587,True,7893.209157570413,1.702495071287538,-0.18294395244093709,0.04636549316359084,-0.18514576403816552,-0.23151125720175636,0.00817212135251231,-0.2021064546999427,-0.17332823122092855
201588,True,1068.6736461003316,3.193943624682251,0.08873160608278141,0.15387042003214013,0.14335594155296372,-0.010514478479176415,0.07238561665680276,0.08589129480307989,0.269766484002405
201589,False,0.0,-1.2628786905111156e-15,3.2051745217226424e-06,-1.2265369086467137e-05,3.2493925340965067e-06,1.5514761620563645e-05,7.658113261381965e-08,3.05466908696872e-06,3.407902579813382e-06
201590,False,0.0,-1.2628786905111156e-15,3.2051745217226424e-06,-1.2265369086467137e-05,3.2493925340965067e-06,1.5514761620563645e-05,7.658113261381965e-08,3.05466908696872e-06,3.407902579813382e-06
201591,False,0.0,-1.2628786905111156e-15,3.2051745217226424e-06,-1.2265369086467137e-05,3.2493925340965067e-06,1.5514761620563645e-05,7.658113261381965e-08,3.05466908696872e-06,3.407902579813382e-06
201592,False,0.0,-1.2628786905111156e-15,3.2051745217226424e-06,-1.2265369086467137e-05,3.2493925340965067e-06,1.5514761620563645e-05,7.658113261381965e-08,3.05466908696872e-06,3.407902579813382e-06
201593,False,0.0,-1.2628786905111156e-15,3.2051745217226424e-06,-1.2265369086467137e-05,3.2493925340965067e-06,1.5514761620563645e-05,7.658113261381965e-08,3.05466908696872e-06,3.407902579813382e-06
201594,False,0.0,-1.2628786905111156e-15,3.2051745217226424e-06,-1.2265369086467137e-05,3.2493925340965067e-06,1.5514761620563645e-05,7.658113261381965e-08,3.05466908696872e-06,3.407902579813382e-06
201595,False,0.0,-1.2628786905111156e-15,3.2051745217226424e-06,-1.2265369086467137e-05,3.2493925340965067e-06,1.5514761620563645e-05,7.658113261381965e-08,3.05466908696872e-06,3.407902579813382e-06
201596,False,0.0,-1.2628786905111156e-15,3.2051745217226424e-06,-1.2265369086467137e-05,3.2493925340965067e-06,1.5514761620563645e-05,7.658113261381965e-08,3.05466908696872e-06,3.407902579813382e-06
201599,True,2588.251616760803,-1.5206729192603106,-0.006999395891830185,-0.011943291762193997,-0.018122287089638256,-0.006178995327444259,0.011872538280771294,-0.04034095580142627,-0.004967908073221228
201600,False,0.0,-1.2628786905111156e-15,3.2051745217226424e-06,-1.2265369086467137e-05,3.2493925340965067e-06,1.5514761620563645e-05,7.658113261381965e-08,3.05466908696872e-06,3.407902579813382e-06
201601,False,4.535584833656994,-0.055911581026063195,-0.0001384533318662673,-6.831754227690223e-05,6.393898294158179e-05,0.00013225652521848402,0.00021078514671725462,-0.0003760630386509811,0.00035724621847715854
201602,False,0.0,-1.2628786905111156e-15,3.2051745217226424e-06,-1.2265369086467137e-05,3.2493925340965067e-06,1.5514761620563645e-05,7.658113261381965e-08,3.05466908696872e-06,3.407902579813382e-06
201603,False,0.0,-1.2628786905111156e-15,3.2051745217226424e-06,-1.2265369086467137e-05,3.2493925340965067e-06,1.5514761620563645e-05,7.658113261381965e-08,3.05466908696872e-06,3.407902579813382e-06
201604,False,0.0,-1.2628786905111156e-15,3.2051745217226424e-06,-1.2265369086467137e-05,3.2493925340965067e-06,1.5514761620563645e-05,7.658113261381965e-08,3.05466908696872e-06,3.407902579813382e-06
201605,False,0.0,-1.2628786905111156e-15,3.2051745217226424e-06,-1.2265369086467137e-05,3.2493925340965067e-06,1.5514761620563645e-05,7.658113261381965e-08,3.05466908696872e-06,3.407902579813382e-06
201606,False,0.0,-1.2628786905111156e-15,3.2051745217226424e-06,-1.2265369086467137e-05,3.2493925340965067e-06,1.5514761620563645e-05,7.658113261381965e-08,3.05466908696872e-06,3.407902579813382e-06
201607,False,0.0,-1.2628786905111156e-15,3.2051745217226424e-06,-1.2265369086467137e-05,3.2493925340965067e-06,1.5514761620563645e-05,7.658113261381965e-08,3.05466908696872e-06,3.407902579813382e-06
201609,True,999.8186744081273,-0.38368020539951675,0.03180366539848145,0.024384936851189698,0.01808969451844039,-0.006295242332749307,0.018294399905470573,-0.017304982027130267,0.034908686464165006
201611,False,0.0,-1.2628786905111156e-15,3.2051745217226424e-06,-1.2265369086467137e-05,3.2493925340965067e-06,1.5514761620563645e-05,7.658113261381965e-08,3.05466908696872e-06,3.407902579813382e-06
201612,False,0.0,-1.2628786905111156e-15,3.2051745217226424e-06,-1.2265369086467137e-05,3.2493925340965067e-06,1.5514761620563645e-05,7.658113261381965e-08,3.05466908696872e-06,3.407902579813382e-06
201616,False,0.0,-1.2628786905111156e-15,3.2051745217226424e-06,-1.2265369086467137e-05,3.2493925340965067e-06,1.5514761620563645e-05,7.658113261381965e-08,3.05466908696872e-06,3.407902579813382e-06
201619,False,0.0,-1.2628786905111156e-15,3.2051745217226424e-06,-1.2265369086467137e-05,3.2493925340965067e-06,1.5514761620563645e-05,7.658113261381965e-08,3.05466908696872e-06,3.407902579813382e-06
201621,False,0.0,-1.2628786905111156e-15,3.2051745217226424e-06,-1.2265369086467137e-05,3.2493925340965067e-06,1.5514761620563645e-05,7.658113261381965e-08,3.05466908696872e-06,3.407902579813382e-06
201623,False,0.0,-1.2628786905111156e-15,3.2051745217226424e-06,-1.2265369086467137e-05,3.2493925340965067e-06,1.5514761620563645e-05,7.658113261381965e-08,3.05466908696872e-06,3.407902579813382e-06
201627,False,0.0,-1.2628786905111156e-15,3.2051745217226424e-06,-1.2265369086467137e-05,3.2493925340965067e-06,1.5514761620563645e-05,7.658113261381965e-08,3.05466908696872e-06,3.407902579813382e-06
201628,False,0.0,-1.2628786905111156e-15,3.2051745217226424e-06,-1.2265369086467137e-05,3.2493925340965067e-06,1.5514761620563645e-05,7.658113261381965e-08,3.05466908696872e-06,3.407902579813382e-06
201629,False,0.0,-1.2628786905111156e-15,3.2051745217226424e-06,-1.2265369086467137e-05,3.2493925340965067e-06,1.5514761620563645e-05,7.658113261381965e-08,3.05466908696872e-06,3.407902579813382e-06
201631,False,0.0,-1.2628786905111156e-15,3.2051745217226424e-06,-1.2265369086467137e-05,3.2493925340965067e-06,1.5514761620563645e-05,7.658113261381965e-08,3.05466908696872e-06,3.407902579813382e-06
201632,False,0.0,-1.2628786905111156e-15,3.2051745217226424e-06,-1.2265369086467137e-05,3.2493925340965067e-06,1.5514761620563645e-05,7.658113261381965e-08,3.05466908696872e-06,3.407902579813382e-06
201633,False,0.0,-1.2628786905111156e-15,3.2051745217226424e-06,-1.2265369086467137e-05,3.2493925340965067e-06,1.5514761620563645e-05,7.658113261381965e-08,3.05466908696872e-06,3.407902579813382e-06
201634,False,0.0,-1.2628786905111156e-15,3.2051745217226424e-06,-1.2265369086467137e-05,3.2493925340965067e-06,1.5514761620563645e-05,7.658113261381965e-08,3.05466908696872e-06,3.407902579813382e-06
201785,False,0.0,-1.2628786905111156e-15,3.2051745217226424e-06,-1.2265369086467137e-05,3.2493925340965067e-06,1.5514761620563645e-05,7.658113261381965e-08,3.05466908696872e-06,3.407902579813382e-06
201802,False,0.0,-1.2628786905111156e-15,3.2051745217226424e-06,-1.2265369086467137e-05,3.2493925340965067e-06,1.5514761620563645e-05,7.658113261381965e-08,3.05466908696872e-06,3.407902579813382e-06
201805,False,0.0,-1.2628786905111156e-15,3.2051745217226424e-06,-1.2265369086467137e-05,3.2493925340965067e-06,1.5514761620563645e-05,7.658113261381965e-08,3.05466908696872e-06,3.407902579813382e-06
201814,False,0.0,-1.2628786905111156e-15,3.2051745217226424e-06,-1.2265369086467137e-05,3.2493925340965067e-06,1.5514761620563645e-05,7.658113261381965e-08,3.05466908696872e-06,3.407902579813382e-06
201821,False,0.0,-1.2628786905111156e-15,3.2051745217226424e-06,-1.2265369086467137e-05,3.2493925340965067e-06,1.5514761620563645e-05,7.658113261381965e-08,3.05466908696872e-06,3.407902579813382e-06
201858,False,0.0,-1.2628786905111156e-15,3.2051745217226424e-06,-1.2265369086467137e-05,3.2493925340965067e-06,1.5514761620563645e-05,7.658113261381965e-08,3.05466908696872e-06,3.407902579813382e-06
201880,False,0.0,-1.2628786905111156e-15,3.2051745217226424e-06,-1.2265369086467137e-05,3.2493925340965067e-06,1.5514761620563645e-05,7.658113261381965e-08,3.05466908696872e-06,3.407902579813382e-06
201933,True,932.242476317554,0.9978069126028651,0.07577963879285166,0.06321429639669718,0.09928911539618601,0.036074818999488834,0.02665066782612758,0.06107126758409265,0.13801018751363447
201934,False,0.0,-1.2628786905111156e-15,3.2051745217226424e-06,-1.2265369086467137e-05,3.2493925340965067e-06,1.5514761620563645e-05,7.658113261381965e-08,3.05466908696872e-06,3.407902579813382e-06
201935,True,13749.52099041562,2.0510141549700176,-0.1450156801000808,-0.14077643167514875,-0.1409901856823743,-0.00021375400722556392,0.008384035176952328,-0.156634608890039,-0.1242141242342023
201936,False,0.0,-1.2628786905111156e-15,3.2051745217226424e-06,-1.2265369086467137e-05,3.2493925340965067e-06,1.5514761620563645e-05,7.658113261381965e-08,3.05466908696872e-06,3.407902579813382e-06
201937,False,1122.049427323089,-0.5030455124421822,0.17527005983934796,0.03485312697089693,0.18095450003506702,0.1461013730641701,0.004490517822760731,0.1742804520556196,0.19080679235539466
201938,False,0.0,-1.2628786905111156e-15,3.2051745217226424e-06,-1.2265369086467137e-05,3.2493925340965067e-06,1.5514761620563645e-05,7.658113261381965e-08,3.05466908696872e-06,3.407902579813382e-06
201939,True,10532.987141500307,8.10145200840294,-0.10483235978574257,0.004916311840453602,-0.10485389817643842,-0.10977021001689202,0.0014932238085383883,-0.10735065331832772,-0.10171023337551066
201941,False,0.0,-1.2628786905111156e-15,3.2051745217226424e-06,-1.2265369086467137e-05,3.2493925340965067e-06,1.5514761620563645e-05,7.658113261381965e-08,3.05466908696872e-06,3.407902579813382e-06
201942,True,14762.037946453896,2.7502234685888918,-0.11378381219944389,-0.0355868810251434,-0.10235834605399852,-0.06677146502885511,0.010206905495543539,-0.11884955495268068,-0.08726954995197733
201943,False,0.0,-1.2628786905111156e-15,3.2051745217226424e-06,-1.2265369086467137e-05,3.2493925340965067e-06,1.5514761620563645e-05,7.658113261381965e-08,3.05466908696872e-06,3.407902579813382e-06
201944,False,0.0,-1.2628786905111156e-15,3.2051745217226424e-06,-1.2265369086467137e-05,3.2493925340965067e-06,1.5514761620563645e-05,7.658113261381965e-08,3.05466908696872e-06,3.407902579813382e-06
201945,False,0.0,-1.2628786905111156e-15,3.2051745217226424e-06,-1.2265369086467137e-05,3.2493925340965067e-06,1.5514761620563645e-05,7.658113261381965e-08,3.05466908696872e-06,3.407902579813382e-06
201946,False,0.0,-1.2628786905111156e-15,3.2051745217226424e-06,-1.2265369086467137e-05,3.2493925340965067e-06,1.5514761620563645e-05,7.658113261381965e-08,3.05466908696872e-06,3.407902579813382e-06
201947,False,0.0,-1.2628786905111156e-15,3.2051745217226424e-06,-1.2265369086467137e-05,3.2493925340965067e-06,1.5514761620563645e-05,7.658113261381965e-08,3.05466908696872e-06,3.407902579813382e-06
201948,False,0.0,-1.2628786905111156e-15,3.2051745217226424e-06,-1.2265369086467137e-05,3.2493925340965067e-06,1.5514761620563645e-05,7.658113261381965e-08,3.05466908696872e-06,3.407902579813382e-06
201949,True,846.7200634507196,-0.5026029133082968,-0.2380243190149134,-0.15213381191099185,-0.2415288459226309,-0.08939503401163906,0.003042467290373334,-0.24763086599819661,-0.23693660184488596
201950,True,10503.90325276754,4.224808558983891,0.18399172928282148,0.1320735015702823,0.1476797647803254,0.015606263210043103,0.026331094497293716,0.10041451176815208,0.18927896646309694
201951,False,0.0,-1.2628786905111156e-15,3.2051745217226424e-06,-1.2265369086467137e-05,3.2493925340965067e-06,1.5514761620563645e-05,7.658113261381965e-08,3.05466908696872e-06,3.407902579813382e-06
201952,False,226.5952700365141,0.2007072120697778,0.020024658391012112,-0.00010786738704551824,0.020739264775381683,0.0208471321624272,0.0023106658172831643,0.016461643351736416,0.024513492831504086
201953,False,0.0,-1.2628786905111156e-15,3.2051745217226424e-06,-1.2265369086467137e-05,3.2493925340965067e-06,1.5514761620563645e-05,7.658113261381965e-08,3.05466908696872e-06,3.407902579813382e-06
201954,False,12.90038239283735,-0.41535235472881255,-0.0024555146459553367,-0.0002269531186612217,-0.002322271699285172,-0.0020953185806239505,0.0002476692283997693,-0.0027789599341342397,-0.0017671274539386994
201956,False,0.0,-1.2628786905111156e-15,3.2051745217226424e-06,-1.2265369086467137e-05,3.2493925340965067e-06,1.5514761620563645e-05,7.658113261381965e-08,3.05466908696872e-06,3.407902579813382e-06
201957,False,0.0,-1.2628786905111156e-15,3.2051745217226424e-06,-1.2265369086467137e-05,3.2493925340965067e-06,1.5514761620563645e-05,7.658113261381965e-08,3.05466908696872e-06,3.407902579813382e-06
201958,False,0.0,-1.2628786905111156e-15,3.2051745217226424e-06,-1.2265369086467137e-05,3.2493925340965067e-06,1.5514761620563645e-05,7.658113261381965e-08,3.05466908696872e-06,3.407902579813382e-06
201959,True,1815.5395098793638,-0.11320438829047808,0.10489921894192333,-0.05102183734038501,0.1048934858676748,0.15591532320805981,0.001897318341818888,0.10127516751073529,0.10827732198408802
201960,False,10.923029528018134,-0.0649862416273506,0.0015523563840735832,0.0012242177400684368,0.002180043487019681,0.0009558257469512443,0.0004091638276419313,0.0016388050555975198,0.002972113121079867
201961,False,521.128897347163,-0.7438340751980109,-0.054163243880895884,-0.008411571446265698,-0.05567376899146448,-0.04726219754519878,0.0038365300491646657,-0.06216337582595888,-0.04875755802344528
201962,False,0.0,-1.2628786905111156e-15,3.2051745217226424e-06,-1.2265369086467137e-05,3.2493925340965067e-06,1.5514761620563645e-05,7.658113261381965e-08,3.05466908696872e-06,3.407902579813382e-06
201963,False,0.0,-1.2628786905111156e-15,3.2051745217226424e-06,-1.2265369086467137e-05,3.2493925340965067e-06,1.5514761620563645e-05,7.658113261381965e-08,3.05466908696872e-06,3.407902579813382e-06
201964,False,0.0,-1.2628786905111156e-15,3.2051745217226424e-06,-1.2265369086467137e-05,3.2493925340965067e-06,1.5514761620563645e-05,7.658113261381965e-08,3.05466908696872e-06,3.407902579813382e-06
201965,False,0.0,-1.2628786905111156e-15,3.2051745217226424e-06,-1.2265369086467137e-05,3.2493925340965067e-06,1.5514761620563645e-05,7.658113261381965e-08,3.05466908696872e-06,3.407902579813382e-06
201966,False,0.0,-1.2628786905111156e-15,3.2051745217226424e-06,-1.2265369086467137e-05,3.2493925340965067e-06,1.5514761620563645e-05,7.658113261381965e-08,3.05466908696872e-06,3.407902579813382e-06
201967,False,0.0,-1.2628786905111156e-15,3.2051745217226424e-06,-1.2265369086467137e-05,3.2493925340965067e-06,1.5514761620563645e-05,7.658113261381965e-08,3.05466908696872e-06,3.407902579813382e-06
201969,False,0.0,-1.2628786905111156e-15,3.2051745217226424e-06,-1.2265369086467137e-05,3.2493925340965067e-06,1.5514761620563645e-05,7.658113261381965e-08,3.05466908696872e-06,3.407902579813382e-06
201970,False,0.0,-1.2628786905111156e-15,3.2051745217226424e-06,-1.2265369086467137e-05,3.2493925340965067e-06,1.5514761620563645e-05,7.658113261381965e-08,3.05466908696872e-06,3.407902579813382e-06
201971,False,0.0,-1.2628786905111156e-15,3.2051745217226424e-06,-1.2265369086467137e-05,3.2493925340965067e-06,1.5514761620563645e-05,7.658113261381965e-08,3.05466908696872e-06,3.407902579813382e-06
201972,False,0.0,-1.2628786905111156e-15,3.2051745217226424e-06,-1.2265369086467137e-05,3.2493925340965067e-06,1.5514761620563645e-05,7.658113261381965e-08,3.05466908696872e-06,3.407902579813382e-06
201973,False,0.0,-1.2628786905111156e-15,3.2051745217226424e-06,-1.2265369086467137e-05,3.2493925340965067e-06,1.5514761620563645e-05,7.658113261381965e-08,3.05466908696872e-06,3.407902579813382e-06
201974,False,0.0,-1.2628786905111156e-15,3.2051745217226424e-06,-1.2265369086467137e-05,3.2493925340965067e-06,1.5514761620563645e-05,7.658113261381965e-08,3.05466908696872e-06,3.407902579813382e-06
201975,False,0.0,-1.2628786905111156e-15,3.2051745217226424e-06,-1.2265369086467137e-05,3.2493925340965067e-06,1.5514761620563645e-05,7.658113261381965e-08,3.05466908696872e-06,3.407902579813382e-06
201976,True,2991.564103769245,1.171676419890735,-0.17037043135546615,-0.168375517906447,-0.15853784152111405,0.00983767638533295,0.04202052740165974,-0.24082889831766296,-0.10113165600433427
201977,False,0.0,-1.2628786905111156e-15,3.2051745217226424e-06,-1.2265369086467137e-05,3.2493925340965067e-06,1.5514761620563645e-05,7.658113261381965e-08,3.05466908696872e-06,3.407902579813382e-06
201978,False,0.0,-1.2628786905111156e-15,3.2051745217226424e-06,-1.2265369086467137e-05,3.2493925340965067e-06,1.5514761620563645e-05,7.658113261381965e-08,3.05466908696872e-06,3.407902579813382e-06
201979,False,0.0,-1.2628786905111156e-15,3.2051745217226424e-06,-1.2265369086467137e-05,3.2493925340965067e-06,1.5514761620563645e-05,7.658113261381965e-08,3.05466908696872e-06,3.407902579813382e-06
201980,False,1070.4073364431174,-0.31258827003550066,-0.037034686534950734,-0.013114113299476926,-0.044026287407119724,-0.030912174107642798,0.01504247236108429,-0.06779372662203464,-0.022852346501067877
201981,False,0.0,-1.2628786905111156e-15,3.2051745217226424e-06,-1.2265369086467137e-05,3.2493925340965067e-06,1.5514761620563645e-05,7.658113261381965e-08,3.05466908696872e-06,3.407902579813382e-06
201985,False,0.0,-1.2628786905111156e-15,3.2051745217226424e-06,-1.2265369086467137e-05,3.2493925340965067e-06,1.5514761620563645e-05,7.658113261381965e-08,3.05466908696872e-06,3.407902579813382e-06
201986,False,0.0,-1.2628786905111156e-15,3.2051745217226424e-06,-1.2265369086467137e-05,3.2493925340965067e-06,1.5514761620563645e-05,7.658113261381965e-08,3.05466908696872e-06,3.407902579813382e-06
201988,True,2362.701355753806,0.5901709176194035,0.0072440638438886484,-0.004254694716462559,-0.004110461758549122,0.00014423295791343715,0.011463289791410074,-0.01991337708232288,0.012850813015588547
201991,False,0.0,-1.2628786905111156e-15,3.2051745217226424e-06,-1.2265369086467137e-05,3.2493925340965067e-06,1.5514761620563645e-05,7.658113261381965e-08,3.05466908696872e-06,3.407902579813382e-06
202066,True,1594.7260871018182,-1.0166542790147943,-0.1460426066502727,-0.020830362552907378,-0.14271375768898187,-0.12188339513607449,0.0023275321802560304,-0.14856189365148809,-0.13954795799129593
202068,False,0.0,-1.2628786905111156e-15,3.2051745217226424e-06,-1.2265369086467137e-05,3.2493925340965067e-06,1.5514761620563645e-05,7.658113261381965e-08,3.05466908696872e-06,3.407902579813382e-06
202077,False,0.0,-1.2628786905111156e-15,3.2051745217226424e-06,-1.2265369086467137e-05,3.2493925340965067e-06,1.5514761620563645e-05,7.658113261381965e-08,3.05466908696872e-06,3.407902579813382e-06
202079,False,0.0,-1.2628786905111156e-15,3.2051745217226424e-06,-1.2265369086467137e-05,3.2493925340965067e-06,1.5514761620563645e-05,7.658113261381965e-08,3.05466908696872e-06,3.407902579813382e-06
202081,False,0.0,-1.2628786905111156e-15,3.2051745217226424e-06,-1.2265369086467137e-05,3.2493925340965067e-06,1.5514761620563645e-05,7.658113261381965e-08,3.05466908696872e-06,3.407902579813382e-06
202082,False,0.0,-1.2628786905111156e-15,3.2051745217226424e-06,-1.2265369086467137e-05,3.2493925340965067e-06,1.5514761620563645e-05,7.658113261381965e-08,3.05466908696872e-06,3.407902579813382e-06
202083,True,1445.1253544828185,0.5582280076647537,0.16281150538582423,0.05630066470946593,0.1317815249241433,0.07548086021467737,0.04299814536482988,0.04484332057950069,0.1850182506522473
202087,False,0.0,-1.2628786905111156e-15,3.2051745217226424e-06,-1.2265369086467137e-05,3.2493925340965067e-06,1.5514761620563645e-05,7.658113261381965e-08,3.05466908696872e-06,3.407902579813382e-06
202091,False,0.0,-1.2628786905111156e-15,3.2051745217226424e-06,-1.2265369086467137e-05,3.2493925340965067e-06,1.5514761620563645e-05,7.658113261381965e-08,3.05466908696872e-06,3.407902579813382e-06
202130,False,0.0,-1.2628786905111156e-15,3.2051745217226424e-06,-1.2265369086467137e-05,3.2493925340965067e-06,1.5514761620563645e-05,7.658113261381965e-08,3.05466908696872e-06,3.407902579813382e-06
202132,False,0.0,-1.2628786905111156e-15,3.2051745217226424e-06,-1.2265369086467137e-05,3.2493925340965067e-06,1.5514761620563645e-05,7.658113261381965e-08,3.05466908696872e-06,3.407902579813382e-06
202148,False,0.0,-1.2628786905111156e-15,3.2051745217226424e-06,-1.2265369086467137e-05,3.2493925340965067e-06,1.5514761620563645e-05,7.658113261381965e-08,3.05466908696872e-06,3.407902579813382e-06
202178,False,0.0,-1.2628786905111156e-15,3.2051745217226424e-06,-1.2265369086467137e-05,3.2493925340965067e-06,1.5514761620563645e-05,7.658113261381965e-08,3.05466908696872e-06,3.407902579813382e-06
202197,False,0.0,-1.2628786905111156e-15,3.2051745217226424e-06,-1.2265369086467137e-05,3.2493925340965067e-06,1.5514761620563645e-05,7.658113261381965e-08,3.05466908696872e-06,3.407902579813382e-06
202220,False,0.0,-1.2628786905111156e-15,3.2051745217226424e-06,-1.2265369086467137e-05,3.2493925340965067e-06,1.5514761620563645e-05,7.658113261381965e-08,3.05466908696872e-06,3.407902579813382e-06
202227,False,0.0,-1.2628786905111156e-15,3.2051745217226424e-06,-1.2265369086467137e-05,3.2493925340965067e-06,1.5514761620563645e-05,7.658113261381965e-08,3.05466908696872e-06,3.407902579813382e-06
202322,True,698.8976323688549,-0.965471872786523,0.08059967068447405,-0.053979863060048094,0.005312709566880236,0.05929257262692833,0.055075755762530265,-0.03767795154671272,0.0929972736404574
202323,False,0.0,-1.2628786905111156e-15,3.2051745217226424e-06,-1.2265369086467137e-05,3.2493925340965067e-06,1.5514761620563645e-05,7.658113261381965e-08,3.05466908696872e-06,3.407902579813382e-06
202324,True,495.9815253507581,0.4558837770546935,-0.04401278697235034,0.047521762217307195,-0.06619712462493527,-0.11371888684224246,0.012094287589789577,-0.08469952748233345,-0.03797154639962308
202325,False,0.0,-1.2628786905111156e-15,3.2051745217226424e-06,-1.2265369086467137e-05,3.2493925340965067e-06,1.5514761620563645e-05,7.658113261381965e-08,3.05466908696872e-06,3.407902579813382e-06
202326,True,429.413316230965,2.640916410117076,0.09554006290905548,0.017467428298586718,0.08909336384506839,0.07162593554648167,0.0031919882061376826,0.08320445634703333,0.09525702582144913
202327,False,0.0,-1.2628786905111156e-15,3.2051745217226424e-06,-1.2265369086467137e-05,3.2493925340965067e-06,1.5514761620563645e-05,7.658113261381965e-08,3.05466908696872e-06,3.407902579813382e-06
202328,True,66.9547518643303,-0.0892433566450671,-0.051704022311759246,-0.0895579503052237,-0.08234355387128564,0.007214396433938064,0.04974757583948698,-0.15812342652888822,-0.04830343628398154
202329,False,105.02271686188578,0.03975104035901633,0.0008509207933780072,-0.00433391724863863,0.0039394550795524355,0.008273372328191066,0.002639138361832414,0.00019770189118784032,0.009895737146224826
202330,True,2871.109981761114,0.6020906973485175,-0.060820947719467555,0.013731591796232734,-0.07555049335351705,-0.08928208514974978,0.008658363431509393,-0.09404658939937205,-0.05735931482043666
202331,True,8497.101289805449,3.5158193551137904,-0.05731554090679847,-0.01330061634898927,-0.05594602454426134,-0.04264540819527207,0.0037286664716790607,-0.06286404523129452,-0.04958710237372532
202332,False,0.0,-1.2628786905111156e-15,3.2051745217226424e-06,-1.2265369086467137e-05,3.2493925340965067e-06,1.5514761620563645e-05,7.658113261381965e-08,3.05466908696872e-06,3.407902579813382e-06
202333,False,0.0,-1.2628786905111156e-15,3.2051745217226424e-06,-1.2265369086467137e-05,3.2493925340965067e-06,1.5514761620563645e-05,7.658113261381965e-08,3.05466908696872e-06,3.407902579813382e-06
202334,True,143.8675013960122,-0.25720970200589144,0.025433277939266086,-0.03283717755402771,0.03003037083088539,0.0628675483849131,0.00869433356588608,0.019568316610299785,0.04262272479762075
202335,False,173.46911405126772,0.15054517825947458,0.01126784076271764,0.008502980087331469,0.011475135967016103,0.002972155879684635,0.0018109104364893598,0.0076801244640749,0.014583343127661325
202336,False,0.0,-1.2628786905111156e-15,3.2051745217226424e-06,-1.2265369086467137e-05,3.2493925340965067e-06,1.5514761620563645e-05,7.658113261381965e-08,3.05466908696872e-06,3.407902579813382e-06
202337,False,0.0,-1.2628786905111156e-15,3.2051745217226424e-06,-1.2265369086467137e-05,3.2493925340965067e-06,1.5514761620563645e-05,7.658113261381965e-08,3.05466908696872e-06,3.407902579813382e-06
202338,False,0.0,-1.2628786905111156e-15,3.2051745217226424e-06,-1.2265369086467137e-05,3.2493925340965067e-06,1.5514761620563645e-05,7.658113261381965e-08,3.05466908696872e-06,3.407902579813382e-06
202339,True,970.9626591859867,-1.2362852528898007,0.18255387680745883,0.10472744147579682,0.19106185118098207,0.08633440970518524,0.021966266683924447,0.17049434525109453,0.23105025081577057
202340,False,637.8614105349008,-0.8987840268779947,-0.05213748452615152,0.02691042441394198,-0.047094568282191385,-0.07400499269613336,0.004732104636837092,-0.053622545467301164,-0.0357261753537943
202341,False,0.0,-1.2628786905111156e-15,3.2051745217226424e-06,-1.2265369086467137e-05,3.2493925340965067e-06,1.5514761620563645e-05,7.658113261381965e-08,3.05466908696872e-06,3.407902579813382e-06
202342,False,0.0,-1.2628786905111156e-15,3.2051745217226424e-06,-1.2265369086467137e-05,3.2493925340965067e-06,1.5514761620563645e-05,7.658113261381965e-08,3.05466908696872e-06,3.407902579813382e-06
202343,False,0.0,-1.2628786905111156e-15,3.2051745217226424e-06,-1.2265369086467137e-05,3.2493925340965067e-06,1.5514761620563645e-05,7.658113261381965e-08,3.05466908696872e-06,3.407902579813382e-06
202344,False,0.0,-1.2628786905111156e-15,3.2051745217226424e-06,-1.2265369086467137e-05,3.2493925340965067e-06,1.5514761620563645e-05,7.658113261381965e-08,3.05466908696872e-06,3.407902579813382e-06
202345,False,0.0,-1.2628786905111156e-15,3.2051745217226424e-06,-1.2265369086467137e-05,3.2493925340965067e-06,1.5514761620563645e-05,7.658113261381965e-08,3.05466908696872e-06,3.407902579813382e-06
202346,False,0.0,-1.2628786905111156e-15,3.2051745217226424e-06,-1.2265369086467137e-05,3.2493925340965067e-06,1.5514761620563645e-05,7.658113261381965e-08,3.05466908696872e-06,3.407902579813382e-06
202347,False,0.0,-1.2628786905111156e-15,3.2051745217226424e-06,-1.2265369086467137e-05,3.2493925340965067e-06,1.5514761620563645e-05,7.658113261381965e-08,3.05466908696872e-06,3.407902579813382e-06
202348,False,0.0,-1.2628786905111156e-15,3.2051745217226424e-06,-1.2265369086467137e-05,3.2493925340965067e-06,1.5514761620563645e-05,7.658113261381965e-08,3.05466908696872e-06,3.407902579813382e-06
202349,False,0.0,-1.2628786905111156e-15,3.2051745217226424e-06,-1.2265369086467137e-05,3.2493925340965067e-06,1.5514761620563645e-05,7.658113261381965e-08,3.05466908696872e-06,3.407902579813382e-06
202350,False,0.0,-1.2628786905111156e-15,3.2051745217226424e-06,-1.2265369086467137e-05,3.2493925340965067e-06,1.5514761620563645e-05,7.658113261381965e-08,3.05466908696872e-06,3.407902579813382e-06
202351,False,0.0,-1.2628786905111156e-15,3.2051745217226424e-06,-1.2265369086467137e-05,3.2493925340965067e-06,1.5514761620563645e-05,7.658113261381965e-08,3.05466908696872e-06,3.407902579813382e-06
202353,False,0.0,-1.2628786905111156e-15,3.2051745217226424e-06,-1.2265369086467137e-05,3.2493925340965067e-06,1.5514761620563645e-05,7.658113261381965e-08,3.05466908696872e-06,3.407902579813382e-06
202354,False,0.0,-1.2628786905111156e-15,3.2051745217226424e-06,-1.2265369086467137e-05,3.2493925340965067e-06,1.5514761620563645e-05,7.658113261381965e-08,3.05466908696872e-06,3.407902579813382e-06
202355,False,559.2360648216312,2.0408463941084167,0.054708457485202366,0.03329060937761108,0.04777486910133488,0.014484259723723802,0.010166483827727809,0.026949429866343078,0.06465604631531496
202356,False,0.0,-1.2628786905111156e-15,3.2051745217226424e-06,-1.2265369086467137e-05,3.2493925340965067e-06,1.5514761620563645e-05,7.658113261381965e-08,3.05466908696872e-06,3.407902579813382e-06
202357,False,581.2460054424753,0.6947650206923177,0.006141066771628401,-0.0296330374824183,0.005941999816573618,0.03557503729899192,0.0027834879692262443,0.0007416721468196386,0.010601306962199297
202359,False,0.0,-1.2628786905111156e-15,3.2051745217226424e-06,-1.2265369086467137e-05,3.2493925340965067e-06,1.5514761620563645e-05,7.658113261381965e-08,3.05466908696872e-06,3.407902579813382e-06
202360,False,0.0,-1.2628786905111156e-15,3.2051745217226424e-06,-1.2265369086467137e-05,3.2493925340965067e-06,1.5514761620563645e-05,7.658113261381965e-08,3.05466908696872e-06,3.407902579813382e-06
202361,False,0.0,-1.2628786905111156e-15,3.2051745217226424e-06,-1.2265369086467137e-05,3.2493925340965067e-06,1.5514761620563645e-05,7.658113261381965e-08,3.05466908696872e-06,3.407902579813382e-06
202362,True,282.6157166085434,-1.1805262852167613,0.287655613383184,-0.00309120906796001,0.28369731724319225,0.28678852631115226,0.007233736792644009,0.26935906845914104,0.2909414402729814
202363,False,0.0,-1.2628786905111156e-15,3.2051745217226424e-06,-1.2265369086467137e-05,3.2493925340965067e-06,1.5514761620563645e-05,7.658113261381965e-08,3.05466908696872e-06,3.407902579813382e-06
202365,False,0.0,-1.2628786905111156e-15,3.2051745217226424e-06,-1.2265369086467137e-05,3.2493925340965067e-06,1.5514761620563645e-05,7.658113261381965e-08,3.05466908696872e-06,3.407902579813382e-06
202366,False,0.0,-1.2628786905111156e-15,3.2051745217226424e-06,-1.2265369086467137e-05,3.2493925340965067e-06,1.5514761620563645e-05,7.658113261381965e-08,3.05466908696872e-06,3.407902579813382e-06
202371,False,0.0,-1.2628786905111156e-15,3.2051745217226424e-06,-1.2265369086467137e-05,3.2493925340965067e-06,1.5514761620563645e-05,7.658113261381965e-08,3.05466908696872e-06,3.407902579813382e-06
202374,False,0.0,-1.2628786905111156e-15,3.2051745217226424e-06,-1.2265369086467137e-05,3.2493925340965067e-06,1.5514761620563645e-05,7.658113261381965e-08,3.05466908696872e-06,3.407902579813382e-06
202376,False,0.0,-1.2628786905111156e-15,3.2051745217226424e-06,-1.2265369086467137e-05,3.2493925340965067e-06,1.5514761620563645e-05,7.658113261381965e-08,3.05466908696872e-06,3.407902579813382e-06
202377,False,0.0,-1.2628786905111156e-15,3.2051745217226424e-06,-1.2265369086467137e-05,3.2493925340965067e-06,1.5514761620563645e-05,7.658113261381965e-08,3.05466908696872e-06,3.407902579813382e-06
202378,False,0.0,-1.2628786905111156e-15,3.2051745217226424e-06,-1.2265369086467137e-05,3.2493925340965067e-06,1.5514761620563645e-05,7.658113261381965e-08,3.05466908696872e-06,3.407902579813382e-06
202379,False,0.0,-1.2628786905111156e-15,3.2051745217226424e-06,-1.2265369086467137e-05,3.2493925340965067e-06,1.5514761620563645e-05,7.658113261381965e-08,3.05466908696872e-06,3.407902579813382e-06
202380,False,0.0,-1.2628786905111156e-15,3.2051745217226424e-06,-1.2265369086467137e-05,3.2493925340965067e-06,1.5514761620563645e-05,7.658113261381965e-08,3.05466908696872e-06,3.407902579813382e-06
202382,False,0.0,-1.2628786905111156e-15,3.2051745217226424e-06,-1.2265369086467137e-05,3.2493925340965067e-06,1.5514761620563645e-05,7.658113261381965e-08,3.05466908696872e-06,3.407902579813382e-06
202385,False,0.0,-1.2628786905111156e-15,3.2051745217226424e-06,-1.2265369086467137e-05,3.2493925340965067e-06,1.5514761620563645e-05,7.658113261381965e-08,3.05466908696872e-06,3.407902579813382e-06
202386,False,0.0,-1.2628786905111156e-15,3.2051745217226424e-06,-1.2265369086467137e-05,3.2493925340965067e-06,1.5514761620563645e-05,7.658113261381965e-08,3.05466908696872e-06,3.407902579813382e-06
202388,False,0.0,-1.2628786905111156e-15,3.2051745217226424e-06,-1.2265369086467137e-05,3.2493925340965067e-06,1.5514761620563645e-05,7.658113261381965e-08,3.05466908696872e-06,3.407902579813382e-06
202389,False,0.0,-1.2628786905111156e-15,3.2051745217226424e-06,-1.2265369086467137e-05,3.2493925340965067e-06,1.5514761620563645e-05,7.658113261381965e-08,3.05466908696872e-06,3.407902579813382e-06
202390,False,0.0,-1.2628786905111156e-15,3.2051745217226424e-06,-1.2265369086467137e-05,3.2493925340965067e-06,1.5514761620563645e-05,7.658113261381965e-08,3.05466908696872e-06,3.407902579813382e-06
202391,False,0.0,-1.2628786905111156e-15,3.2051745217226424e-06,-1.2265369086467137e-05,3.2493925340965067e-06,1.5514761620563645e-05,7.658113261381965e-08,3.05466908696872e-06,3.407902579813382e-06
202395,False,0.0,-1.2628786905111156e-15,3.2051745217226424e-06,-1.2265369086467137e-05,3.2493925340965067e-06,1.5514761620563645e-05,7.658113261381965e-08,3.05466908696872e-06,3.407902579813382e-06
202396,False,0.0,-1.2628786905111156e-15,3.2051745217226424e-06,-1.2265369086467137e-05,3.2493925340965067e-06,1.5514761620563645e-05,7.658113261381965e-08,3.05466908696872e-06,3.407902579813382e-06
202397,True,1533.5696771087685,-0.929371732741795,-0.12776116155625328,-0.12001843415811919,-0.12465722815379898,-0.004638793995679791,0.005035805502033714,-0.13123140132575273,-0.11501158926211175
202399,False,0.0,-1.2628786905111156e-15,3.2051745217226424e-06,-1.2265369086467137e-05,3.2493925340965067e-06,1.5514761620563645e-05,7.658113261381965e-08,3.05466908696872e-06,3.407902579813382e-06
202406,False,0.0,-1.2628786905111156e-15,3.2051745217226424e-06,-1.2265369086467137e-05,3.2493925340965067e-06,1.5514761620563645e-05,7.658113261381965e-08,3.05466908696872e-06,3.407902579813382e-06
202407,False,0.0,-1.2628786905111156e-15,3.2051745217226424e-06,-1.2265369086467137e-05,3.2493925340965067e-06,1.5514761620563645e-05,7.658113261381965e-08,3.05466908696872e-06,3.407902579813382e-06
202408,False,0.0,-1.2628786905111156e-15,3.2051745217226424e-06,-1.2265369086467137e-05,3.2493925340965067e-06,1.5514761620563645e-05,7.658113261381965e-08,3.05466908696872e-06,3.407902579813382e-06
202412,False,0.0,-1.2628786905111156e-15,3.2051745217226424e-06,-1.2265369086467137e-05,3.2493925340965067e-06,1.5514761620563645e-05,7.658113261381965e-08,3.05466908696872e-06,3.407902579813382e-06
202419,False,0.0,-1.2628786905111156e-15,3.2051745217226424e-06,-1.2265369086467137e-05,3.2493925340965067e-06,1.5514761620563645e-05,7.658113261381965e-08,3.05466908696872e-06,3.407902579813382e-06
202458,False,0.0,-1.2628786905111156e-15,3.2051745217226424e-06,-1.2265369086467137e-05,3.2493925340965067e-06,1.5514761620563645e-05,7.658113261381965e-08,3.05466908696872e-06,3.407902579813382e-06
202498,False,17.869230499440718,-0.44448298192202096,0.004897348189088158,0.006008591654954598,0.006003147275923493,-5.444379031105395e-06,0.0011675912633380666,0.004469595059297282,0.008982973448784015
202536,False,0.0,-1.2628786905111156e-15,3.2051745217226424e-06,-1.2265369086467137e-05,3.2493925340965067e-06,1.5514761620563645e-05,7.658113261381965e-08,3.05466908696872e-06,3.407902579813382e-06
202545,False,0.0,-1.2628786905111156e-15,3.2051745217226424e-06,-1.2265369086467137e-05,3.2493925340965067e-06,1.5514761620563645e-05,7.658113261381965e-08,3.05466908696872e-06,3.407902579813382e-06
202620,False,0.0,-1.2628786905111156e-15,3.2051745217226424e-06,-1.2265369086467137e-05,3.2493925340965067e-06,1.5514761620563645e-05,7.658113261381965e-08,3.05466908696872e-06,3.407902579813382e-06
202622,False,0.0,-1.2628786905111156e-15,3.2051745217226424e-06,-1.2265369086467137e-05,3.2493925340965067e-06,1.5514761620563645e-05,7.658113261381965e-08,3.05466908696872e-06,3.407902579813382e-06
202681,True,6354.484252755289,6.224367130033539,0.0069899255022836115,0.0006687142800494428,0.01271715230410031,0.012048438024050867,0.022780287479022696,-0.02162054197380847,0.056891548449646834
202682,False,0.0,-1.2628786905111156e-15,3.2051745217226424e-06,-1.2265369086467137e-05,3.2493925340965067e-06,1.5514761620563645e-05,7.658113261381965e-08,3.05466908696872e-06,3.407902579813382e-06
202683,False,578.059112274449,3.000779730406017,-0.04344946237090319,0.050473680228790396,-0.04425975987884234,-0.09473344010763274,0.004472103726738293,-0.05103093571231154,-0.03759443360277004
202684,True,1564.114360346006,-3.3321533263186343,0.04505709865702423,-0.13108100023934854,0.05011444278961896,0.1811954430289675,0.01554275170290348,0.018594110199665614,0.06926331649016193
202685,True,7881.056220695956,0.8700599793036659,-0.3520052546471235,-0.040019853466677136,-0.35509153495785306,-0.3150716814911759,0.005833278145857637,-0.36491419177079987,-0.3433110020493313
202686,False,0.0,-1.2628786905111156e-15,3.2051745217226424e-06,-1.2265369086467137e-05,3.2493925340965067e-06,1.5514761620563645e-05,7.658113261381965e-08,3.05466908696872e-06,3.407902579813382e-06
202687,True,2778.700235979244,-3.602439157178683,-0.12808776512488596,0.06100998842794292,-0.13266744452233903,-0.19367743295028195,0.010198700780760897,-0.15439711689561975,-0.1132622492459805
202688,False,22.797620371385914,0.13032952644818566,0.0013615037032575494,0.0030799657490940824,0.003627749093140925,0.0005477833440468427,0.0014865270995800216,0.0017716951444036177,0.0067841781018192215
202689,True,746.9939236765622,0.06036677836000194,0.06495434995404877,0.12505308992930925,0.06879481283731355,-0.056258277091995684,0.0034163367769245298,0.06207981239535365,0.07439242906533454
202690,False,0.0,-1.2628786905111156e-15,3.2051745217226424e-06,-1.2265369086467137e-05,3.2493925340965067e-06,1.5514761620563645e-05,7.658113261381965e-08,3.05466908696872e-06,3.407902579813382e-06
202691,True,9651.99477976958,0.6048930669823948,-0.13072191171795755,-0.026490604902982717,-0.12813505859467345,-0.10164445369169073,0.0020210658179738894,-0.13204332587496526,-0.12342828424561592
202692,True,4049.2084177846596,0.4651295162060798,0.08654782594408061,0.10121622895065152,0.09352215678144071,-0.007694072169210808,0.007452982675235242,0.08408323485114844,0.10871254991943557
202693,True,1033.7640286182602,-0.7885472650853277,-0.11826604997672119,0.025841431846055585,-0.10090983328529379,-0.12675126513134938,0.02138859504830547,-0.11833600647377429,-0.061627887907108714
202694,True,2644.7984646363993,-0.6318135126620219,-0.03568253485361217,0.056218363704844454,-0.03305628146468487,-0.08927464516952932,0.006692837384854756,-0.048206938782787034,-0.021570099720241043
202695,True,9600.289854214061,7.396383170310974,0.08681554238209976,-0.030625613532464513,0.0817146711907144,0.11234028472317892,0.005810096017492773,0.06915314107049042,0.09185313277135698
202696,True,12275.958840588608,1.622696429992105,0.09146306575004015,0.026527372531522042,0.08921363262770221,0.06268626009618017,0.013826311683853473,0.06359881147302238,0.11189644390521392
202697,False,2.5946210034610155,0.005566997589741107,-0.0011241251229116567,0.0005707375090669431,-0.0012113085427010476,-0.0017820460517679907,0.00012848429465812038,-0.0014580260517252502,-0.0009927223534928337
202698,False,0.0,-1.2628786905111156e-15,3.2051745217226424e-06,-1.2265369086467137e-05,3.2493925340965067e-06,1.5514761620563645e-05,7.658113261381965e-08,3.05466908696872e-06,3.407902579813382e-06
202699,True,11748.861292542504,3.487038135653556,0.2610928200707461,0.11360014760625647,0.2546117288399423,0.14101158123368585,0.006075533742591345,0.24337524586542347,0.2689221984425312
202700,False,0.0,-1.2628786905111156e-15,3.2051745217226424e-06,-1.2265369086467137e-05,3.2493925340965067e-06,1.5514761620563645e-05,7.658113261381965e-08,3.05466908696872e-06,3.407902579813382e-06
202701,False,0.0,-1.2628786905111156e-15,3.2051745217226424e-06,-1.2265369086467137e-05,3.2493925340965067e-06,1.5514761620563645e-05,7.658113261381965e-08,3.05466908696872e-06,3.407902579813382e-06
202702,False,0.0,-1.2628786905111156e-15,3.2051745217226424e-06,-1.2265369086467137e-05,3.2493925340965067e-06,1.5514761620563645e-05,7.658113261381965e-08,3.05466908696872e-06,3.407902579813382e-06
202703,False,0.0,-1.2628786905111156e-15,3.2051745217226424e-06,-1.2265369086467137e-05,3.2493925340965067e-06,1.5514761620563645e-05,7.658113261381965e-08,3.05466908696872e-06,3.407902579813382e-06
202704,True,4275.892557502116,0.3517479089394355,-0.027842994961979617,-0.06622351761623912,-0.02588072526192914,0.040342792354309986,0.0038995737885431487,-0.0330999937953933,-0.01990486141591008
202705,False,0.0,-1.2628786905111156e-15,3.2051745217226424e-06,-1.2265369086467137e-05,3.2493925340965067e-06,1.5514761620563645e-05,7.658113261381965e-08,3.05466908696872e-06,3.407902579813382e-06
202706,False,0.0,-1.2628786905111156e-15,3.2051745217226424e-06,-1.2265369086467137e-05,3.2493925340965067e-06,1.5514761620563645e-05,7.658113261381965e-08,3.05466908696872e-06,3.407902579813382e-06
202707,False,0.0,-1.2628786905111156e-15,3.2051745217226424e-06,-1.2265369086467137e-05,3.2493925340965067e-06,1.5514761620563645e-05,7.658113261381965e-08,3.05466908696872e-06,3.407902579813382e-06
202708,False,0.0,-1.2628786905111156e-15,3.2051745217226424e-06,-1.2265369086467137e-05,3.2493925340965067e-06,1.5514761620563645e-05,7.658113261381965e-08,3.05466908696872e-06,3.407902579813382e-06
202709,True,2803.6802865608865,0.03798106159929526,-0.05879494857888745,-0.00766487996543308,-0.046738961481446996,-0.039074081516013916,0.017123582145818907,-0.06929972870094758,-0.01603367976551584
202710,True,8941.673286662937,4.767091398715023,0.30894879685075427,0.2003987499990263,0.3075806830645105,0.10718193306548418,0.004019797542861594,0.3009933474816169,0.3150829997283955
202711,True,3635.8915636934576,-1.121522800198825,-0.060919460894677036,0.003857658970926048,-0.07376074065668115,-0.07761839962760719,0.019288550900375245,-0.09956757924128823,-0.028567726113643
202712,False,0.0,-1.2628786905111156e-15,3.2051745217226424e-06,-1.2265369086467137e-05,3.2493925340965067e-06,1.5514761620563645e-05,7.658113261381965e-08,3.05466908696872e-06,3.407902579813382e-06
202713,False,0.0,-1.2628786905111156e-15,3.2051745217226424e-06,-1.2265369086467137e-05,3.2493925340965067e-06,1.5514761620563645e-05,7.658113261381965e-08,3.05466908696872e-06,3.407902579813382e-06
202714,False,0.0,-1.2628786905111156e-15,3.2051745217226424e-06,-1.2265369086467137e-05,3.2493925340965067e-06,1.5514761620563645e-05,7.658113261381965e-08,3.05466908696872e-06,3.407902579813382e-06
202715,False,0.0,-1.2628786905111156e-15,3.2051745217226424e-06,-1.2265369086467137e-05,3.2493925340965067e-06,1.5514761620563645e-05,7.658113261381965e-08,3.05466908696872e-06,3.407902579813382e-06
202716,False,0.0,-1.2628786905111156e-15,3.2051745217226424e-06,-1.2265369086467137e-05,3.2493925340965067e-06,1.5514761620563645e-05,7.658113261381965e-08,3.05466908696872e-06,3.407902579813382e-06
202717,False,0.0,-1.2628786905111156e-15,3.2051745217226424e-06,-1.2265369086467137e-05,3.2493925340965067e-06,1.5514761620563645e-05,7.658113261381965e-08,3.05466908696872e-06,3.407902579813382e-06
202718,False,0.0,-1.2628786905111156e-15,3.2051745217226424e-06,-1.2265369086467137e-05,3.2493925340965067e-06,1.5514761620563645e-05,7.658113261381965e-08,3.05466908696872e-06,3.407902579813382e-06
202719,False,0.0,-1.2628786905111156e-15,3.2051745217226424e-06,-1.2265369086467137e-05,3.2493925340965067e-06,1.5514761620563645e-05,7.658113261381965e-08,3.05466908696872e-06,3.407902579813382e-06
202720,False,0.0,-1.2628786905111156e-15,3.2051745217226424e-06,-1.2265369086467137e-05,3.2493925340965067e-06,1.5514761620563645e-05,7.658113261381965e-08,3.05466908696872e-06,3.407902579813382e-06
202721,False,0.0,-1.2628786905111156e-15,3.2051745217226424e-06,-1.2265369086467137e-05,3.2493925340965067e-06,1.5514761620563645e-05,7.658113261381965e-08,3.05466908696872e-06,3.407902579813382e-06
202722,True,1548.831634254672,1.9078090154039993,0.05197418058789105,-0.09128398213567457,0.04933886470784343,0.140622846843518,0.0073146695849806535,0.03308634814351796,0.056340372652216475
202723,False,0.0,-1.2628786905111156e-15,3.2051745217226424e-06,-1.2265369086467137e-05,3.2493925340965067e-06,1.5514761620563645e-05,7.658113261381965e-08,3.05466908696872e-06,3.407902579813382e-06
202724,False,0.0,-1.2628786905111156e-15,3.2051745217226424e-06,-1.2265369086467137e-05,3.2493925340965067e-06,1.5514761620563645e-05,7.658113261381965e-08,3.05466908696872e-06,3.407902579813382e-06
202725,False,0.0,-1.2628786905111156e-15,3.2051745217226424e-06,-1.2265369086467137e-05,3.2493925340965067e-06,1.5514761620563645e-05,7.658113261381965e-08,3.05466908696872e-06,3.407902579813382e-06
202726,False,0.0,-1.2628786905111156e-15,3.2051745217226424e-06,-1.2265369086467137e-05,3.2493925340965067e-06,1.5514761620563645e-05,7.658113261381965e-08,3.05466908696872e-06,3.407902579813382e-06
202727,False,0.0,-1.2628786905111156e-15,3.2051745217226424e-06,-1.2265369086467137e-05,3.2493925340965067e-06,1.5514761620563645e-05,7.658113261381965e-08,3.05466908696872e-06,3.407902579813382e-06
202728,False,0.0,-1.2628786905111156e-15,3.2051745217226424e-06,-1.2265369086467137e-05,3.2493925340965067e-06,1.5514761620563645e-05,7.658113261381965e-08,3.05466908696872e-06,3.407902579813382e-06
202729,False,0.0,-1.2628786905111156e-15,3.2051745217226424e-06,-1.2265369086467137e-05,3.2493925340965067e-06,1.5514761620563645e-05,7.658113261381965e-08,3.05466908696872e-06,3.407902579813382e-06
202730,False,0.0,-1.2628786905111156e-15,3.2051745217226424e-06,-1.2265369086467137e-05,3.2493925340965067e-06,1.5514761620563645e-05,7.658113261381965e-08,3.05466908696872e-06,3.407902579813382e-06
202731,False,0.0,-1.2628786905111156e-15,3.2051745217226424e-06,-1.2265369086467137e-05,3.2493925340965067e-06,1.5514761620563645e-05,7.658113261381965e-08,3.05466908696872e-06,3.407902579813382e-06
202732,False,0.0,-1.2628786905111156e-15,3.2051745217226424e-06,-1.2265369086467137e-05,3.2493925340965067e-06,1.5514761620563645e-05,7.658113261381965e-08,3.05466908696872e-06,3.407902579813382e-06
202734,True,100.41926661087506,0.31550022200121025,-0.023902816664233273,-0.03615512061157461,-0.030535141978728475,0.005619978632846134,0.013811484769658447,-0.0514300038480055,-0.014586503134418394
202738,True,149.22996840337845,0.01707083024020628,-0.4203872519859434,-0.17869521613679884,-0.4183400334490265,-0.23964481731222764,0.0017252395163011905,-0.4219300815030733,-0.4155792118918148
202775,False,0.0,-1.2628786905111156e-15,3.2051745217226424e-06,-1.2265369086467137e-05,3.2493925340965067e-06,1.5514761620563645e-05,7.658113261381965e-08,3.05466908696872e-06,3.407902579813382e-06
202779,False,0.0,-1.2628786905111156e-15,3.2051745217226424e-06,-1.2265369086467137e-05,3.2493925340965067e-06,1.5514761620563645e-05,7.658113261381965e-08,3.05466908696872e-06,3.407902579813382e-06
202809,False,0.0,-1.2628786905111156e-15,3.2051745217226424e-06,-1.2265369086467137e-05,3.2493925340965067e-06,1.5514761620563645e-05,7.658113261381965e-08,3.05466908696872e-06,3.407902579813382e-06
202810,False,0.0,-1.2628786905111156e-15,3.2051745217226424e-06,-1.2265369086467137e-05,3.2493925340965067e-06,1.5514761620563645e-05,7.658113261381965e-08,3.05466908696872e-06,3.407902579813382e-06
202814,False,0.0,-1.2628786905111156e-15,3.2051745217226424e-06,-1.2265369086467137e-05,3.2493925340965067e-06,1.5514761620563645e-05,7.658113261381965e-08,3.05466908696872e-06,3.407902579813382e-06
202862,False,0.0,-1.2628786905111156e-15,3.2051745217226424e-06,-1.2265369086467137e-05,3.2493925340965067e-06,1.5514761620563645e-05,7.658113261381965e-08,3.05466908696872e-06,3.407902579813382e-06
202874,False,0.0,-1.2628786905111156e-15,3.2051745217226424e-06,-1.2265369086467137e-05,3.2493925340965067e-06,1.5514761620563645e-05,7.658113261381965e-08,3.05466908696872e-06,3.407902579813382e-06
202880,False,0.0,-1.2628786905111156e-15,3.2051745217226424e-06,-1.2265369086467137e-05,3.2493925340965067e-06,1.5514761620563645e-05,7.658113261381965e-08,3.05466908696872e-06,3.407902579813382e-06
202918,False,0.0,-1.2628786905111156e-15,3.2051745217226424e-06,-1.2265369086467137e-05,3.2493925340965067e-06,1.5514761620563645e-05,7.658113261381965e-08,3.05466908696872e-06,3.407902579813382e-06
202933,False,0.0,-1.2628786905111156e-15,3.2051745217226424e-06,-1.2265369086467137e-05,3.2493925340965067e-06,1.5514761620563645e-05,7.658113261381965e-08,3.05466908696872e-06,3.407902579813382e-06
202951,False,0.0,-1.2628786905111156e-15,3.2051745217226424e-06,-1.2265369086467137e-05,3.2493925340965067e-06,1.5514761620563645e-05,7.658113261381965e-08,3.05466908696872e-06,3.407902579813382e-06
202952,False,0.0,-1.2628786905111156e-15,3.2051745217226424e-06,-1.2265369086467137e-05,3.2493925340965067e-06,1.5514761620563645e-05,7.658113261381965e-08,3.05466908696872e-06,3.407902579813382e-06
202954,True,366.3220929756151,-1.1455642887591366,0.3389037527804899,0.12638736500053538,0.408982971564514,0.28259560656397864,0.06646351141696381,0.3289561703072823,0.534742677059308
202962,False,0.0,-1.2628786905111156e-15,3.2051745217226424e-06,-1.2265369086467137e-05,3.2493925340965067e-06,1.5514761620563645e-05,7.658113261381965e-08,3.05466908696872e-06,3.407902579813382e-06
202970,False,0.0,-1.2628786905111156e-15,3.2051745217226424e-06,-1.2265369086467137e-05,3.2493925340965067e-06,1.5514761620563645e-05,7.658113261381965e-08,3.05466908696872e-06,3.407902579813382e-06
203006,False,0.0,-1.2628786905111156e-15,3.2051745217226424e-06,-1.2265369086467137e-05,3.2493925340965067e-06,1.5514761620563645e-05,7.658113261381965e-08,3.05466908696872e-06,3.407902579813382e-06
203076,True,7810.717312700536,4.255025136720877,0.04127774436581699,0.08274789096447677,0.04103277619105228,-0.04171511477342449,0.004891089271557324,0.034286578567981785,0.04931884697360811
203077,False,9.187218411216437,0.11126911862961175,0.004760136077633731,-0.0007385419185677589,0.004791468798165138,0.005530010716732897,0.00023698319108336486,0.004458749180832625,0.005466027409976371
203078,True,6167.787969879698,-0.19521611129749866,-0.052445038756722295,0.1014566699440552,-0.054102465211683076,-0.15555913515573827,0.005903895435826446,-0.06496809126693115,-0.0457392774235153
203079,False,30.24284298068159,0.4732609251711471,-0.0011399197369816316,-0.0005964940808016461,-0.0007659781060184723,-0.00016948402521682615,0.0008904898933035146,-0.002420088065571868,0.0008061550306687759
203080,False,0.0,-1.2628786905111156e-15,3.2051745217226424e-06,-1.2265369086467137e-05,3.2493925340965067e-06,1.5514761620563645e-05,7.658113261381965e-08,3.05466908696872e-06,3.407902579813382e-06
203081,True,7278.707614928644,4.395900688490625,-0.09027524677103749,-0.06866633259630106,-0.09875218405788821,-0.030085851461587154,0.01396428593836825,-0.11878451267941248,-0.07304377751593982
203082,True,1538.255319922018,-1.3763163249036485,0.09454529565415792,-0.13405213178744213,0.024943264940681775,0.1589953967281239,0.10905507172070165,-0.11716755699569248,0.149121100941233
203083,True,6198.849994940507,0.5734768166231221,-0.02995733933407818,0.027898536204493674,-0.020450398303224038,-0.04834893450771771,0.007224183754703322,-0.03033562920757782,-0.006105381309182922
203084,True,12288.85530889149,0.695119182085104,-0.12132773663065644,-0.06671998798557488,-0.12892654932947367,-0.06220656134389879,0.005293965683638191,-0.13847523177908772,-0.11793869591996708
203085,False,1334.802487046365,-1.6669756750267632,-0.0017480867890899976,-0.017574852701961685,-0.004764553342139433,0.012810299359822253,0.0047827185045385846,-0.01505085438308984,0.0030525219572290485
203086,True,80.74471154987167,-0.2904310638696128,-0.38776837033033684,0.03866572840866872,-0.2996142488739233,-0.338279977282592,0.09013150895672795,-0.40619097869960896,-0.21323905162146561
203087,True,489.8213758160638,0.9149557653757325,-0.06568023329204098,-0.015024868748998221,-0.01631418026867415,-0.0012893115196759286,0.05039998299613846,-0.07048899850535273,0.0792214513075521
203088,False,0.0,-1.2628786905111156e-15,3.2051745217226424e-06,-1.2265369086467137e-05,3.2493925340965067e-06,1.5514761620563645e-05,7.658113261381965e-08,3.05466908696872e-06,3.407902579813382e-06
203089,False,0.0,-1.2628786905111156e-15,3.2051745217226424e-06,-1.2265369086467137e-05,3.2493925340965067e-06,1.5514761620563645e-05,7.658113261381965e-08,3.05466908696872e-06,3.407902579813382e-06
203090,True,475.5700166328766,-1.3825634888208083,-0.20577723395253433,-0.16368641119580252,-0.2153466400328501,-0.05166022883704757,0.022023425192715884,-0.25516490001884606,-0.19661772754001605
203091,False,0.0,-1.2628786905111156e-15,3.2051745217226424e-06,-1.2265369086467137e-05,3.2493925340965067e-06,1.5514761620563645e-05,7.658113261381965e-08,3.05466908696872e-06,3.407902579813382e-06
203092,False,0.7075774321549066,0.03826557264435193,0.0004553678154023827,0.00033576066723445264,0.00041136247846831897,7.560181123386633e-05,7.446406951120222e-05,0.00025545700818829786,0.0005058980499130228
203093,False,0.0,-1.2628786905111156e-15,3.2051745217226424e-06,-1.2265369086467137e-05,3.2493925340965067e-06,1.5514761620563645e-05,7.658113261381965e-08,3.05466908696872e-06,3.407902579813382e-06
203094,False,0.0,-1.2628786905111156e-15,3.2051745217226424e-06,-1.2265369086467137e-05,3.2493925340965067e-06,1.5514761620563645e-05,7.658113261381965e-08,3.05466908696872e-06,3.407902579813382e-06
203095,True,1959.3142493338673,-0.17382920766561072,0.032919323783728194,0.042616694271017774,0.037469941918614774,-0.005146752352403,0.004459092175313004,0.029641700782104374,0.04597841822507909
203096,False,0.0,-1.2628786905111156e-15,3.2051745217226424e-06,-1.2265369086467137e-05,3.2493925340965067e-06,1.5514761620563645e-05,7.658113261381965e-08,3.05466908696872e-06,3.407902579813382e-06
203097,False,0.0,-1.2628786905111156e-15,3.2051745217226424e-06,-1.2265369086467137e-05,3.2493925340965067e-06,1.5514761620563645e-05,7.658113261381965e-08,3.05466908696872e-06,3.407902579813382e-06
203098,False,0.0,-1.2628786905111156e-15,3.2051745217226424e-06,-1.2265369086467137e-05,3.2493925340965067e-06,1.5514761620563645e-05,7.658113261381965e-08,3.05466908696872e-06,3.407902579813382e-06
203099,False,0.0,-1.2628786905111156e-15,3.2051745217226424e-06,-1.2265369086467137e-05,3.2493925340965067e-06,1.5514761620563645e-05,7.658113261381965e-08,3.05466908696872e-06,3.407902579813382e-06
203100,False,0.0,-1.2628786905111156e-15,3.2051745217226424e-06,-1.2265369086467137e-05,3.2493925340965067e-06,1.5514761620563645e-05,7.658113261381965e-08,3.05466908696872e-06,3.407902579813382e-06
203101,False,0.0,-1.2628786905111156e-15,3.2051745217226424e-06,-1.2265369086467137e-05,3.2493925340965067e-06,1.5514761620563645e-05,7.658113261381965e-08,3.05466908696872e-06,3.407902579813382e-06
203102,False,0.0,-1.2628786905111156e-15,3.2051745217226424e-06,-1.2265369086467137e-05,3.2493925340965067e-06,1.5514761620563645e-05,7.658113261381965e-08,3.05466908696872e-06,3.407902579813382e-06
203103,False,0.0,-1.2628786905111156e-15,3.2051745217226424e-06,-1.2265369086467137e-05,3.2493925340965067e-06,1.5514761620563645e-05,7.658113261381965e-08,3.05466908696872e-06,3.407902579813382e-06
203104,False,0.0,-1.2628786905111156e-15,3.2051745217226424e-06,-1.2265369086467137e-05,3.2493925340965067e-06,1.5514761620563645e-05,7.658113261381965e-08,3.05466908696872e-06,3.407902579813382e-06
203105,False,0.0,-1.2628786905111156e-15,3.2051745217226424e-06,-1.2265369086467137e-05,3.2493925340965067e-06,1.5514761620563645e-05,7.658113261381965e-08,3.05466908696872e-06,3.407902579813382e-06
203106,False,0.0,-1.2628786905111156e-15,3.2051745217226424e-06,-1.2265369086467137e-05,3.2493925340965067e-06,1.5514761620563645e-05,7.658113261381965e-08,3.05466908696872e-06,3.407902579813382e-06
203107,True,634.4429225630145,-0.09082825309945664,-0.006106621635241671,-0.14319687979051343,-0.00468017612158915,0.13851670366892427,0.00402221913235767,-0.011447926170358835,0.004578948723268583
203108,False,0.0,-1.2628786905111156e-15,3.2051745217226424e-06,-1.2265369086467137e-05,3.2493925340965067e-06,1.5514761620563645e-05,7.658113261381965e-08,3.05466908696872e-06,3.407902579813382e-06
203109,True,2458.9327339238107,-0.17453714160068998,-0.21994228449981854,0.04572549314584731,-0.18843143443715218,-0.2341569275829995,0.023504006254799845,-0.2209723654073015,-0.1422686447069275
203110,True,10499.187007948158,0.4773687837562961,0.12536009389514158,-0.05344834264193299,0.12737950571877044,0.18082784836070342,0.0019384210955052784,0.12389191182643833,0.13194657289010614
203111,False,0.0,-1.2628786905111156e-15,3.2051745217226424e-06,-1.2265369086467137e-05,3.2493925340965067e-06,1.5514761620563645e-05,7.658113261381965e-08,3.05466908696872e-06,3.407902579813382e-06
203112,False,0.0,-1.2628786905111156e-15,3.2051745217226424e-06,-1.2265369086467137e-05,3.2493925340965067e-06,1.5514761620563645e-05,7.658113261381965e-08,3.05466908696872e-06,3.407902579813382e-06
203113,False,0.0,-1.2628786905111156e-15,3.2051745217226424e-06,-1.2265369086467137e-05,3.2493925340965067e-06,1.5514761620563645e-05,7.658113261381965e-08,3.05466908696872e-06,3.407902579813382e-06
203114,True,7329.880875368055,-0.0932035433079732,-0.29722594255281765,-0.07195584098110919,-0.313139251155745,-0.2411834101746358,0.013282327168767556,-0.3363853968051602,-0.29256599799897476
203115,False,1760.250375879687,-2.970435775035172,-0.08858373637495554,0.00988166804010282,-0.0808960203729212,-0.09077768841302403,0.0038381713068743346,-0.08837240988563533,-0.07464363099482574
203116,False,0.0,-1.2628786905111156e-15,3.2051745217226424e-06,-1.2265369086467137e-05,3.2493925340965067e-06,1.5514761620563645e-05,7.658113261381965e-08,3.05466908696872e-06,3.407902579813382e-06
203117,False,0.0,-1.2628786905111156e-15,3.2051745217226424e-06,-1.2265369086467137e-05,3.2493925340965067e-06,1.5514761620563645e-05,7.658113261381965e-08,3.05466908696872e-06,3.407902579813382e-06
203118,False,222.7009285481552,-0.4640105916062162,-0.003088553553555029,-0.019234988143541243,0.0005935213912211523,0.019828509534762395,0.003259654484565492,-0.005173557518129368,0.007015142810000874
203119,False,0.0,-1.2628786905111156e-15,3.2051745217226424e-06,-1.2265369086467137e-05,3.2493925340965067e-06,1.5514761620563645e-05,7.658113261381965e-08,3.05466908696872e-06,3.407902579813382e-06
203120,False,0.0,-1.2628786905111156e-15,3.2051745217226424e-06,-1.2265369086467137e-05,3.2493925340965067e-06,1.5514761620563645e-05,7.658113261381965e-08,3.05466908696872e-06,3.407902579813382e-06
203121,False,46.62483151575648,0.5043252745827933,-0.015533133084947137,0.0036134384827591903,-0.014394780249781358,-0.01800821873254055,0.0011663194395568086,-0.015928560760358534,-0.012218261004916242
203122,False,0.0,-1.2628786905111156e-15,3.2051745217226424e-06,-1.2265369086467137e-05,3.2493925340965067e-06,1.5514761620563645e-05,7.658113261381965e-08,3.05466908696872e-06,3.407902579813382e-06
203123,False,0.0,-1.2628786905111156e-15,3.2051745217226424e-06,-1.2265369086467137e-05,3.2493925340965067e-06,1.5514761620563645e-05,7.658113261381965e-08,3.05466908696872e-06,3.407902579813382e-06
203124,False,10.065071965552887,0.13481552684499176,-0.001083073379376076,-0.001174493785531583,-0.0008527104799328777,0.00032178330559870516,0.000754939335193955,-0.0017730083937617935,0.0004282350184378614
203126,False,0.0,-1.2628786905111156e-15,3.2051745217226424e-06,-1.2265369086467137e-05,3.2493925340965067e-06,1.5514761620563645e-05,7.658113261381965e-08,3.05466908696872e-06,3.407902579813382e-06
203128,False,0.0,-1.2628786905111156e-15,3.2051745217226424e-06,-1.2265369086467137e-05,3.2493925340965067e-06,1.5514761620563645e-05,7.658113261381965e-08,3.05466908696872e-06,3.407902579813382e-06
203129,False,0.0,-1.2628786905111156e-15,3.2051745217226424e-06,-1.2265369086467137e-05,3.2493925340965067e-06,1.5514761620563645e-05,7.658113261381965e-08,3.05466908696872e-06,3.407902579813382e-06
203130,False,0.0,-1.2628786905111156e-15,3.2051745217226424e-06,-1.2265369086467137e-05,3.2493925340965067e-06,1.5514761620563645e-05,7.658113261381965e-08,3.05466908696872e-06,3.407902579813382e-06
203133,False,0.0,-1.2628786905111156e-15,3.2051745217226424e-06,-1.2265369086467137e-05,3.2493925340965067e-06,1.5514761620563645e-05,7.658113261381965e-08,3.05466908696872e-06,3.407902579813382e-06
203135,False,0.0,-1.2628786905111156e-15,3.2051745217226424e-06,-1.2265369086467137e-05,3.2493925340965067e-06,1.5514761620563645e-05,7.658113261381965e-08,3.05466908696872e-06,3.407902579813382e-06
203136,False,0.0,-1.2628786905111156e-15,3.2051745217226424e-06,-1.2265369086467137e-05,3.2493925340965067e-06,1.5514761620563645e-05,7.658113261381965e-08,3.05466908696872e-06,3.407902579813382e-06
203138,False,0.0,-1.2628786905111156e-15,3.2051745217226424e-06,-1.2265369086467137e-05,3.2493925340965067e-06,1.5514761620563645e-05,7.658113261381965e-08,3.05466908696872e-06,3.407902579813382e-06
203139,False,0.0,-1.2628786905111156e-15,3.2051745217226424e-06,-1.2265369086467137e-05,3.2493925340965067e-06,1.5514761620563645e-05,7.658113261381965e-08,3.05466908696872e-06,3.407902579813382e-06
203141,False,0.0,-1.2628786905111156e-15,3.2051745217226424e-06,-1.2265369086467137e-05,3.2493925340965067e-06,1.5514761620563645e-05,7.658113261381965e-08,3.05466908696872e-06,3.407902579813382e-06
203142,False,0.0,-1.2628786905111156e-15,3.2051745217226424e-06,-1.2265369086467137e-05,3.2493925340965067e-06,1.5514761620563645e-05,7.658113261381965e-08,3.05466908696872e-06,3.407902579813382e-06
203143,False,0.0,-1.2628786905111156e-15,3.2051745217226424e-06,-1.2265369086467137e-05,3.2493925340965067e-06,1.5514761620563645e-05,7.658113261381965e-08,3.05466908696872e-06,3.407902579813382e-06
203144,False,0.0,-1.2628786905111156e-15,3.2051745217226424e-06,-1.2265369086467137e-05,3.2493925340965067e-06,1.5514761620563645e-05,7.658113261381965e-08,3.05466908696872e-06,3.407902579813382e-06
203145,False,522.3041312514073,0.8126046292133586,-0.03614660027490124,-0.01988309118926379,-0.03961495422080297,-0.019731863031539176,0.0029080578885587456,-0.045455713733363434,-0.03490059099551701
203146,False,0.0,-1.2628786905111156e-15,3.2051745217226424e-06,-1.2265369086467137e-05,3.2493925340965067e-06,1.5514761620563645e-05,7.658113261381965e-08,3.05466908696872e-06,3.407902579813382e-06
203147,False,0.0,-1.2628786905111156e-15,3.2051745217226424e-06,-1.2265369086467137e-05,3.2493925340965067e-06,1.5514761620563645e-05,7.658113261381965e-08,3.05466908696872e-06,3.407902579813382e-06
203148,False,0.0,-1.2628786905111156e-15,3.2051745217226424e-06,-1.2265369086467137e-05,3.2493925340965067e-06,1.5514761620563645e-05,7.658113261381965e-08,3.05466908696872e-06,3.407902579813382e-06
203156,False,0.0,-1.2628786905111156e-15,3.2051745217226424e-06,-1.2265369086467137e-05,3.2493925340965067e-06,1.5514761620563645e-05,7.658113261381965e-08,3.05466908696872e-06,3.407902579813382e-06
203158,False,0.0,-1.2628786905111156e-15,3.2051745217226424e-06,-1.2265369086467137e-05,3.2493925340965067e-06,1.5514761620563645e-05,7.658113261381965e-08,3.05466908696872e-06,3.407902579813382e-06
203159,False,0.0,-1.2628786905111156e-15,3.2051745217226424e-06,-1.2265369086467137e-05,3.2493925340965067e-06,1.5514761620563645e-05,7.658113261381965e-08,3.05466908696872e-06,3.407902579813382e-06
203162,False,0.0,-1.2628786905111156e-15,3.2051745217226424e-06,-1.2265369086467137e-05,3.2493925340965067e-06,1.5514761620563645e-05,7.658113261381965e-08,3.05466908696872e-06,3.407902579813382e-06
203183,False,0.0,-1.2628786905111156e-15,3.2051745217226424e-06,-1.2265369086467137e-05,3.2493925340965067e-06,1.5514761620563645e-05,7.658113261381965e-08,3.05466908696872e-06,3.407902579813382e-06
203186,False,0.0,-1.2628786905111156e-15,3.2051745217226424e-06,-1.2265369086467137e-05,3.2493925340965067e-06,1.5514761620563645e-05,7.658113261381965e-08,3.05466908696872e-06,3.407902579813382e-06
203187,False,0.0,-1.2628786905111156e-15,3.2051745217226424e-06,-1.2265369086467137e-05,3.2493925340965067e-06,1.5514761620563645e-05,7.658113261381965e-08,3.05466908696872e-06,3.407902579813382e-06
203197,False,0.0,-1.2628786905111156e-15,3.2051745217226424e-06,-1.2265369086467137e-05,3.2493925340965067e-06,1.5514761620563645e-05,7.658113261381965e-08,3.05466908696872e-06,3.407902579813382e-06
203199,False,0.0,-1.2628786905111156e-15,3.2051745217226424e-06,-1.2265369086467137e-05,3.2493925340965067e-06,1.5514761620563645e-05,7.658113261381965e-08,3.05466908696872e-06,3.407902579813382e-06
203200,True,2420.533418888352,-1.059853103830724,0.165468837522036,0.043797639345911854,0.14434891745434852,0.10055127810843667,0.01607760170549668,0.11013385841898538,0.1722687398885825
203203,False,0.0,-1.2628786905111156e-15,3.2051745217226424e-06,-1.2265369086467137e-05,3.2493925340965067e-06,1.5514761620563645e-05,7.658113261381965e-08,3.05466908696872e-06,3.407902579813382e-06
203210,False,1133.7699817651467,-1.7412760606900093,-0.022829183815630705,0.00603045468017438,-0.024923571610216744,-0.030954026290391123,0.004587263407773517,-0.034630152929694846,-0.01571491084194032
203263,False,12.216170165889585,0.10257455610286607,0.0017291155046418455,-0.0006996397896185946,0.0016974575777011641,0.0023970973673197588,0.00043097696980404595,0.0011117701881835501,0.002501262239832297
203268,False,0.0,-1.2628786905111156e-15,3.2051745217226424e-06,-1.2265369086467137e-05,3.2493925340965067e-06,1.5514761620563645e-05,7.658113261381965e-08,3.05466908696872e-06,3.407902579813382e-06
203315,False,0.0,-1.2628786905111156e-15,3.2051745217226424e-06,-1.2265369086467137e-05,3.2493925340965067e-06,1.5514761620563645e-05,7.658113261381965e-08,3.05466908696872e-06,3.407902579813382e-06
203317,False,0.0,-1.2628786905111156e-15,3.2051745217226424e-06,-1.2265369086467137e-05,3.2493925340965067e-06,1.5514761620563645e-05,7.658113261381965e-08,3.05466908696872e-06,3.407902579813382e-06
203318,False,0.0,-1.2628786905111156e-15,3.2051745217226424e-06,-1.2265369086467137e-05,3.2493925340965067e-06,1.5514761620563645e-05,7.658113261381965e-08,3.05466908696872e-06,3.407902579813382e-06
203382,False,230.96624753070924,-1.3406713984640422,0.026344849962622652,0.017789111933017576,0.0264636652411665,0.008674553308148925,0.0018821557744171163,0.021982974755181184,0.03009601898312808
203457,False,694.7946152441016,-2.3402587102042682,-0.05672969843400644,0.005879345708759587,-0.05398515630346523,-0.05986450201222482,0.003678295693162726,-0.061038282508107056,-0.04671951765211446
203458,True,1475.1412750110844,-2.988192351793554,-0.16506224643648526,0.0070020081431034775,-0.14465435576830732,-0.1516563639114108,0.011861592728418762,-0.16889778442042447,-0.1332267655348387
203459,False,0.0,-1.2628786905111156e-15,3.2051745217226424e-06,-1.2265369086467137e-05,3.2493925340965067e-06,1.5514761620563645e-05,7.658113261381965e-08,3.05466908696872e-06,3.407902579813382e-06
203460,False,30.86555574496209,-0.5128763509397928,-0.0008692536311959431,0.006060664931609505,-0.00035649199596277104,-0.006417156927572276,0.0007497864286152762,-0.0015083998734484183,0.0012954305086492202
203461,False,0.0,-1.2628786905111156e-15,3.2051745217226424e-06,-1.2265369086467137e-05,3.2493925340965067e-06,1.5514761620563645e-05,7.658113261381965e-08,3.05466908696872e-06,3.407902579813382e-06
203462,False,0.0,-1.2628786905111156e-15,3.2051745217226424e-06,-1.2265369086467137e-05,3.2493925340965067e-06,1.5514761620563645e-05,7.658113261381965e-08,3.05466908696872e-06,3.407902579813382e-06
203463,True,715.7777555871834,-0.7770256512084913,-0.104904231245315,0.02799945777389612,-0.1289671974733153,-0.15696665524721143,0.04887484814219151,-0.2061352941193343,-0.09122619604448012
203464,False,0.0,-1.2628786905111156e-15,3.2051745217226424e-06,-1.2265369086467137e-05,3.2493925340965067e-06,1.5514761620563645e-05,7.658113261381965e-08,3.05466908696872e-06,3.407902579813382e-06
203467,False,0.0,-1.2628786905111156e-15,3.2051745217226424e-06,-1.2265369086467137e-05,3.2493925340965067e-06,1.5514761620563645e-05,7.658113261381965e-08,3.05466908696872e-06,3.407902579813382e-06
203468,True,12151.334444503678,2.1873107853018303,0.06863103011238669,-0.10895677728337949,0.06988470598384033,0.17884148326721983,0.0022213814537679374,0.06656424295527774,0.07542696291839546
203469,True,745.2120841726007,1.0981464670275116,0.014684031199665437,0.17794544052953887,-0.08619569940882288,-0.26414113993836175,0.04905767222492801,-0.12724189272693343,0.012658687368763077
203471,True,11013.727001352487,-0.8143160920377971,-0.1315146493583037,-0.04544122065258349,-0.12909786167274206,-0.08365664102015857,0.0025049982760646686,-0.13450707203122114,-0.12415604537184088
203473,True,655.488801846108,-1.4851541239299673,-0.4739937690651457,-0.016303558172652055,-0.46817737681824756,-0.4518738186455955,0.007245824617915818,-0.4767644400764688,-0.4523169962297018
203474,False,0.0,-1.2628786905111156e-15,3.2051745217226424e-06,-1.2265369086467137e-05,3.2493925340965067e-06,1.5514761620563645e-05,7.658113261381965e-08,3.05466908696872e-06,3.407902579813382e-06
203475,False,0.0,-1.2628786905111156e-15,3.2051745217226424e-06,-1.2265369086467137e-05,3.2493925340965067e-06,1.5514761620563645e-05,7.658113261381965e-08,3.05466908696872e-06,3.407902579813382e-06
203476,True,470.8962565558546,-1.4882141174180008,0.06913565787182696,-0.06366034096550255,0.06902078048402926,0.1326811214495318,0.0027587737421911804,0.06107429499993211,0.07241405211221297
203477,False,0.0,-1.2628786905111156e-15,3.2051745217226424e-06,-1.2265369086467137e-05,3.2493925340965067e-06,1.5514761620563645e-05,7.658113261381965e-08,3.05466908696872e-06,3.407902579813382e-06
203479,False,0.0,-1.2628786905111156e-15,3.2051745217226424e-06,-1.2265369086467137e-05,3.2493925340965067e-06,1.5514761620563645e-05,7.658113261381965e-08,3.05466908696872e-06,3.407902579813382e-06
203480,False,0.0,-1.2628786905111156e-15,3.2051745217226424e-06,-1.2265369086467137e-05,3.2493925340965067e-06,1.5514761620563645e-05,7.658113261381965e-08,3.05466908696872e-06,3.407902579813382e-06
203481,False,0.0,-1.2628786905111156e-15,3.2051745217226424e-06,-1.2265369086467137e-05,3.2493925340965067e-06,1.5514761620563645e-05,7.658113261381965e-08,3.05466908696872e-06,3.407902579813382e-06
203482,True,5454.136639676423,0.410579766220029,-0.037663720655237376,-0.10321974091245922,-0.036053428474760785,0.06716631243769844,0.008402237360930568,-0.047039452367683254,-0.02070554012364323
203484,True,10315.442132592856,0.041715333317084546,0.045863715890109624,-0.01161303679487613,0.05188346119456155,0.06349649798943768,0.007649477479943338,0.04406657060132568,0.06273203380534387
203485,False,0.0,-1.2628786905111156e-15,3.2051745217226424e-06,-1.2265369086467137e-05,3.2493925340965067e-06,1.5514761620563645e-05,7.658113261381965e-08,3.05466908696872e-06,3.407902579813382e-06
203486,True,4939.173668569434,2.012582976169284,0.07207257997668837,0.08216489641414348,0.08680122495990261,0.0046363285457591275,0.007509230767112339,0.07384364133314669,0.10087916296747723
203487,False,227.94610935299056,-0.11039166882308085,0.00713899356314468,0.01357842343231494,0.010249416946362833,-0.0033290064859521074,0.007127406559006328,-0.0009034353884221358,0.02295367823796901
203488,True,1422.9933932447857,0.6473399998739948,0.11874705524273876,-0.10813257170694812,0.11637217516984077,0.2245047468767889,0.007174985498390933,0.08812359284454785,0.12430871968711454
203489,False,0.0,-1.2628786905111156e-15,3.2051745217226424e-06,-1.2265369086467137e-05,3.2493925340965067e-06,1.5514761620563645e-05,7.658113261381965e-08,3.05466908696872e-06,3.407902579813382e-06
203490,True,843.2019270288442,2.5891468940829583,-0.22685631008612628,-0.08455417395223375,-0.22219455506660513,-0.13764038111437138,0.0021446488000132166,-0.22551597334746543,-0.2171451021905022
203491,False,0.0,-1.2628786905111156e-15,3.2051745217226424e-06,-1.2265369086467137e-05,3.2493925340965067e-06,1.5514761620563645e-05,7.658113261381965e-08,3.05466908696872e-06,3.407902579813382e-06
203492,False,0.0,-1.2628786905111156e-15,3.2051745217226424e-06,-1.2265369086467137e-05,3.2493925340965067e-06,1.5514761620563645e-05,7.658113261381965e-08,3.05466908696872e-06,3.407902579813382e-06
203493,True,2851.374718616477,-0.8432165107572331,-0.1741621335118102,-0.03577579448281476,-0.1716987501819356,-0.13592295569912083,0.004061795392424481,-0.17893405918635086,-0.16243625296998854
203495,False,0.0,-1.2628786905111156e-15,3.2051745217226424e-06,-1.2265369086467137e-05,3.2493925340965067e-06,1.5514761620563645e-05,7.658113261381965e-08,3.05466908696872e-06,3.407902579813382e-06
203496,True,2093.9789484339453,0.10465551502837322,0.17491698839735426,0.10563455012598522,0.17914708068352092,0.0735125305575357,0.0060181189191089845,0.16823314908748022,0.1947035590690207
203497,True,13205.099890973737,3.596302119593968,0.46577471388124536,0.019047227304221703,0.4769377456883639,0.4578905183841422,0.009968744857251594,0.4480987848780753,0.4897060780297098
203498,False,0.0,-1.2628786905111156e-15,3.2051745217226424e-06,-1.2265369086467137e-05,3.2493925340965067e-06,1.5514761620563645e-05,7.658113261381965e-08,3.05466908696872e-06,3.407902579813382e-06
203499,False,0.0,-1.2628786905111156e-15,3.2051745217226424e-06,-1.2265369086467137e-05,3.2493925340965067e-06,1.5514761620563645e-05,7.658113261381965e-08,3.05466908696872e-06,3.407902579813382e-06
203500,True,4316.7547022479575,7.686972474889273,-0.10641443565321484,-0.04609326432912031,-0.10552658046693253,-0.05943331613781222,0.0035277741332537704,-0.11092835355105368,-0.09882991317354772
203501,True,11396.6254877716,0.29938469858703187,-0.3258045262386198,-0.028066514211995575,-0.31697301395018457,-0.288906499738189,0.010599460856048614,-0.3411517078321882,-0.30159999543999216
203502,False,0.0,-1.2628786905111156e-15,3.2051745217226424e-06,-1.2265369086467137e-05,3.2493925340965067e-06,1.5514761620563645e-05,7.658113261381965e-08,3.05466908696872e-06,3.407902579813382e-06
203503,False,533.41664861999,-0.9196308829337301,-0.08044748506946497,-0.03709581575835896,-0.08551806499063619,-0.048422249232277226,0.008369669226425774,-0.10099788069800297,-0.0720805817247262
203504,True,401.0090292066438,-0.40415631962577203,-0.15262584488241093,-0.0056644242602725825,-0.15019447279106934,-0.14453004853079676,0.009189592193064698,-0.1736024301890663,-0.14115433227082008
203505,False,0.0,-1.2628786905111156e-15,3.2051745217226424e-06,-1.2265369086467137e-05,3.2493925340965067e-06,1.5514761620563645e-05,7.658113261381965e-08,3.05466908696872e-06,3.407902579813382e-06
203506,True,966.5284171344301,-0.06893904245282799,-0.28016579797224167,-0.00615185030808614,-0.26272189709810323,-0.2565700467900171,0.005140142490962258,-0.27211006717944913,-0.25250318434248
203507,True,9983.911236176844,8.087909069098657,0.10836085326587153,0.06557090909004515,0.11377879401024771,0.04820788492020256,0.01214302608743946,0.09151052686450001,0.13692329438028494
203508,False,0.0,-1.2628786905111156e-15,3.2051745217226424e-06,-1.2265369086467137e-05,3.2493925340965067e-06,1.5514761620563645e-05,7.658113261381965e-08,3.05466908696872e-06,3.407902579813382e-06
203510,False,0.0,-1.2628786905111156e-15,3.2051745217226424e-06,-1.2265369086467137e-05,3.2493925340965067e-06,1.5514761620563645e-05,7.658113261381965e-08,3.05466908696872e-06,3.407902579813382e-06
203511,False,0.0,-1.2628786905111156e-15,3.2051745217226424e-06,-1.2265369086467137e-05,3.2493925340965067e-06,1.5514761620563645e-05,7.658113261381965e-08,3.05466908696872e-06,3.407902579813382e-06
203512,False,0.0,-1.2628786905111156e-15,3.2051745217226424e-06,-1.2265369086467137e-05,3.2493925340965067e-06,1.5514761620563645e-05,7.658113261381965e-08,3.05466908696872e-06,3.407902579813382e-06
203513,False,0.0,-1.2628786905111156e-15,3.2051745217226424e-06,-1.2265369086467137e-05,3.2493925340965067e-06,1.5514761620563645e-05,7.658113261381965e-08,3.05466908696872e-06,3.407902579813382e-06
203515,False,0.0,-1.2628786905111156e-15,3.2051745217226424e-06,-1.2265369086467137e-05,3.2493925340965067e-06,1.5514761620563645e-05,7.658113261381965e-08,3.05466908696872e-06,3.407902579813382e-06
203516,False,293.1344949944627,0.8110049205067271,0.004375885353996134,0.004972335661456828,0.0025892502804517603,-0.002383085381005068,0.0025471584359976645,-0.0016842145595097335,0.009125341228648276
203517,False,0.0,-1.2628786905111156e-15,3.2051745217226424e-06,-1.2265369086467137e-05,3.2493925340965067e-06,1.5514761620563645e-05,7.658113261381965e-08,3.05466908696872e-06,3.407902579813382e-06
203518,False,0.0,-1.2628786905111156e-15,3.2051745217226424e-06,-1.2265369086467137e-05,3.2493925340965067e-06,1.5514761620563645e-05,7.658113261381965e-08,3.05466908696872e-06,3.407902579813382e-06
203519,False,0.0,-1.2628786905111156e-15,3.2051745217226424e-06,-1.2265369086467137e-05,3.2493925340965067e-06,1.5514761620563645e-05,7.658113261381965e-08,3.05466908696872e-06,3.407902579813382e-06
203521,False,175.74950070196923,-1.3381976554351422,-0.0035509595995493193,-0.03292852961133885,-0.006014237963915869,0.026914291647422983,0.002266875476552483,-0.010416690080272017,-0.0022748411340804964
203524,True,422.3933093149746,0.09124039110077264,0.02323257669274348,0.10758875092697284,0.0535687667384194,-0.054019984188553444,0.05138886605127695,0.007566954207594678,0.13497423502347805
203526,True,1122.8801790533244,0.8764422202714517,0.09828281939912609,-0.005036502128122455,0.09908895184969335,0.10412545397781581,0.002865933047747053,0.09421371822559921,0.10404162043579124
203527,False,0.0,-1.2628786905111156e-15,3.2051745217226424e-06,-1.2265369086467137e-05,3.2493925340965067e-06,1.5514761620563645e-05,7.658113261381965e-08,3.05466908696872e-06,3.407902579813382e-06
203530,False,0.0,-1.2628786905111156e-15,3.2051745217226424e-06,-1.2265369086467137e-05,3.2493925340965067e-06,1.5514761620563645e-05,7.658113261381965e-08,3.05466908696872e-06,3.407902579813382e-06
203539,False,0.0,-1.2628786905111156e-15,3.2051745217226424e-06,-1.2265369086467137e-05,3.2493925340965067e-06,1.5514761620563645e-05,7.658113261381965e-08,3.05466908696872e-06,3.407902579813382e-06
203540,False,0.0,-1.2628786905111156e-15,3.2051745217226424e-06,-1.2265369086467137e-05,3.2493925340965067e-06,1.5514761620563645e-05,7.658113261381965e-08,3.05466908696872e-06,3.407902579813382e-06
203543,False,0.0,-1.2628786905111156e-15,3.2051745217226424e-06,-1.2265369086467137e-05,3.2493925340965067e-06,1.5514761620563645e-05,7.658113261381965e-08,3.05466908696872e-06,3.407902579813382e-06
203544,False,0.0,-1.2628786905111156e-15,3.2051745217226424e-06,-1.2265369086467137e-05,3.2493925340965067e-06,1.5514761620563645e-05,7.658113261381965e-08,3.05466908696872e-06,3.407902579813382e-06
203545,False,0.0,-1.2628786905111156e-15,3.2051745217226424e-06,-1.2265369086467137e-05,3.2493925340965067e-06,1.5514761620563645e-05,7.658113261381965e-08,3.05466908696872e-06,3.407902579813382e-06
203546,False,0.0,-1.2628786905111156e-15,3.2051745217226424e-06,-1.2265369086467137e-05,3.2493925340965067e-06,1.5514761620563645e-05,7.658113261381965e-08,3.05466908696872e-06,3.407902579813382e-06
203548,False,0.0,-1.2628786905111156e-15,3.2051745217226424e-06,-1.2265369086467137e-05,3.2493925340965067e-06,1.5514761620563645e-05,7.658113261381965e-08,3.05466908696872e-06,3.407902579813382e-06
203552,True,4141.7080822722455,2.0494208561680405,-0.07142190844741769,0.014842889094187406,-0.06349676465474818,-0.07833965374893559,0.023727467012510484,-0.10112919234400897,-0.021705327970166444
203561,False,0.0,-1.2628786905111156e-15,3.2051745217226424e-06,-1.2265369086467137e-05,3.2493925340965067e-06,1.5514761620563645e-05,7.658113261381965e-08,3.05466908696872e-06,3.407902579813382e-06
203564,False,0.0,-1.2628786905111156e-15,3.2051745217226424e-06,-1.2265369086467137e-05,3.2493925340965067e-06,1.5514761620563645e-05,7.658113261381965e-08,3.05466908696872e-06,3.407902579813382e-06
203565,False,0.0,-1.2628786905111156e-15,3.2051745217226424e-06,-1.2265369086467137e-05,3.2493925340965067e-06,1.5514761620563645e-05,7.658113261381965e-08,3.05466908696872e-06,3.407902579813382e-06
203569,False,0.0,-1.2628786905111156e-15,3.2051745217226424e-06,-1.2265369086467137e-05,3.2493925340965067e-06,1.5514761620563645e-05,7.658113261381965e-08,3.05466908696872e-06,3.407902579813382e-06
203580,False,0.0,-1.2628786905111156e-15,3.2051745217226424e-06,-1.2265369086467137e-05,3.2493925340965067e-06,1.5514761620563645e-05,7.658113261381965e-08,3.05466908696872e-06,3.407902579813382e-06
203584,False,13.819167410426349,0.04866298034493844,0.008301250033820519,-0.0020688770895707365,0.008027667750489277,0.010096544840060014,0.0003102532912149719,0.007391486464122472,0.008483721368337624
203585,False,648.3140832866322,0.8620978219660472,0.040721991342594244,0.03443832912366063,0.04346869330778347,0.009030364184122841,0.007535159006792332,0.03563803422420164,0.05736266750713148
203613,False,0.0,-1.2628786905111156e-15,3.2051745217226424e-06,-1.2265369086467137e-05,3.2493925340965067e-06,1.5514761620563645e-05,7.658113261381965e-08,3.05466908696872e-06,3.407902579813382e-06
203648,True,871.4284617030431,-1.9206985598495563,-0.6469148716749715,-0.005999025263980773,-0.6623863236253178,-0.656387298361337,0.029243887606542663,-0.7091891314628009,-0.5953301123333912
203658,False,36.99417916916574,-0.4101198148645112,-0.0015846633946582367,0.0004755421924382275,-0.00044840819414809774,-0.0009239503865863252,0.0012886833926901472,-0.002357595393035483,0.0020768627129872375
203687,False,0.0,-1.2628786905111156e-15,3.2051745217226424e-06,-1.2265369086467137e-05,3.2493925340965067e-06,1.5514761620563645e-05,7.658113261381965e-08,3.05466908696872e-06,3.407902579813382e-06
203705,False,0.0,-1.2628786905111156e-15,3.2051745217226424e-06,-1.2265369086467137e-05,3.2493925340965067e-06,1.5514761620563645e-05,7.658113261381965e-08,3.05466908696872e-06,3.407902579813382e-06
203710,False,0.0,-1.2628786905111156e-15,3.2051745217226424e-06,-1.2265369086467137e-05,3.2493925340965067e-06,1.5514761620563645e-05,7.658113261381965e-08,3.05466908696872e-06,3.407902579813382e-06
203798,False,0.0,-1.2628786905111156e-15,3.2051745217226424e-06,-1.2265369086467137e-05,3.2493925340965067e-06,1.5514761620563645e-05,7.658113261381965e-08,3.05466908696872e-06,3.407902579813382e-06
203805,False,0.0,-1.2628786905111156e-15,3.2051745217226424e-06,-1.2265369086467137e-05,3.2493925340965067e-06,1.5514761620563645e-05,7.658113261381965e-08,3.05466908696872e-06,3.407902579813382e-06
203810,False,0.0,-1.2628786905111156e-15,3.2051745217226424e-06,-1.2265369086467137e-05,3.2493925340965067e-06,1.5514761620563645e-05,7.658113261381965e-08,3.05466908696872e-06,3.407902579813382e-06
203816,False,6.168267744500431,-0.08562888495978033,0.00810466128175727,0.0002349193090528945,0.008275153346442132,0.008040234037389238,0.0002670223528402101,0.00754045041823935,0.008899201207990606
203893,False,0.0,-1.2628786905111156e-15,3.2051745217226424e-06,-1.2265369086467137e-05,3.2493925340965067e-06,1.5514761620563645e-05,7.658113261381965e-08,3.05466908696872e-06,3.407902579813382e-06
203894,False,20.097075832702163,-0.21295019083203034,0.0006671839386928891,0.0006005067268483322,0.00022030495370045644,-0.00038020177314787573,0.0008849895367333562,-0.0018764306674390885,0.0015022836046333643
203895,False,0.0,-1.2628786905111156e-15,3.2051745217226424e-06,-1.2265369086467137e-05,3.2493925340965067e-06,1.5514761620563645e-05,7.658113261381965e-08,3.05466908696872e-06,3.407902579813382e-06
203897,True,9550.548591762115,-0.14260218854588214,-0.016441988434413246,0.009476074642976506,-0.02459649814761139,-0.034072572790587896,0.012492768546507197,-0.04279862987124339,-0.010214379154795283
203898,False,0.0,-1.2628786905111156e-15,3.2051745217226424e-06,-1.2265369086467137e-05,3.2493925340965067e-06,1.5514761620563645e-05,7.658113261381965e-08,3.05466908696872e-06,3.407902579813382e-06
203900,False,0.0,-1.2628786905111156e-15,3.2051745217226424e-06,-1.2265369086467137e-05,3.2493925340965067e-06,1.5514761620563645e-05,7.658113261381965e-08,3.05466908696872e-06,3.407902579813382e-06
203901,False,1298.6371749492012,-3.8352880304091608,-0.015243047477713212,-0.007609751621719951,-0.012702142980433706,-0.005092391358713755,0.0022223548952134534,-0.015560016803915389,-0.007967334951028082
203902,False,0.0,-1.2628786905111156e-15,3.2051745217226424e-06,-1.2265369086467137e-05,3.2493925340965067e-06,1.5514761620563645e-05,7.658113261381965e-08,3.05466908696872e-06,3.407902579813382e-06
203903,True,7902.754760401335,-0.30874508354280117,-6.467921148078926e-05,-0.014266697890140734,0.011350919662541092,0.025617617552681826,0.011432905443798404,-0.007903247336350838,0.03024354634204257
203906,False,0.0,-1.2628786905111156e-15,3.2051745217226424e-06,-1.2265369086467137e-05,3.2493925340965067e-06,1.5514761620563645e-05,7.658113261381965e-08,3.05466908696872e-06,3.407902579813382e-06
203909,False,0.0,-1.2628786905111156e-15,3.2051745217226424e-06,-1.2265369086467137e-05,3.2493925340965067e-06,1.5514761620563645e-05,7.658113261381965e-08,3.05466908696872e-06,3.407902579813382e-06
203910,False,0.0,-1.2628786905111156e-15,3.2051745217226424e-06,-1.2265369086467137e-05,3.2493925340965067e-06,1.5514761620563645e-05,7.658113261381965e-08,3.05466908696872e-06,3.407902579813382e-06
203912,False,0.0,-1.2628786905111156e-15,3.2051745217226424e-06,-1.2265369086467137e-05,3.2493925340965067e-06,1.5514761620563645e-05,7.658113261381965e-08,3.05466908696872e-06,3.407902579813382e-06
203913,False,0.0,-1.2628786905111156e-15,3.2051745217226424e-06,-1.2265369086467137e-05,3.2493925340965067e-06,1.5514761620563645e-05,7.658113261381965e-08,3.05466908696872e-06,3.407902579813382e-06
203914,True,5105.154661515079,-0.10092298779058101,0.06507842447826215,0.086727410094017,0.0681196272002252,-0.018607782893791794,0.025465306231484196,0.030576081246175002,0.11924217070194446
203915,True,7132.385393734434,0.16548937992376805,0.19727609252493888,0.02456455536548363,0.2013369597557837,0.17677240439030006,0.003238931522344693,0.19760779660495542,0.21225885308299686
203917,False,14.072930781516598,0.2557682221421131,-0.005123602672738259,-0.0011012387887840425,-0.005126760018682508,-0.0040255212298984655,0.00013550413515969707,-0.00535981831936605,-0.004919404526492366
203918,False,469.75761864957724,-0.19912238821204142,-0.027933219077137084,-0.02457219256093124,-0.02646931474757505,-0.0018971221866438126,0.006322767758327574,-0.04076322540758315,-0.01717873766936262
203919,False,0.0,-1.2628786905111156e-15,3.2051745217226424e-06,-1.2265369086467137e-05,3.2493925340965067e-06,1.5514761620563645e-05,7.658113261381965e-08,3.05466908696872e-06,3.407902579813382e-06
203920,True,828.2760516110375,-0.4795930578194949,-0.07292319060473096,0.05396037690148958,-0.06547097733020335,-0.11943135423169293,0.0072509600006923575,-0.07720902818886755,-0.049894547787678545
203921,False,0.0,-1.2628786905111156e-15,3.2051745217226424e-06,-1.2265369086467137e-05,3.2493925340965067e-06,1.5514761620563645e-05,7.658113261381965e-08,3.05466908696872e-06,3.407902579813382e-06
203922,False,91.34105961452042,-1.538817805711822,-0.01374399915709601,-0.015261629079638794,-0.015843949076523645,-0.0005823199968848503,0.001123244771592286,-0.01798954867556901,-0.013768380810833536
203923,False,0.0,-1.2628786905111156e-15,3.2051745217226424e-06,-1.2265369086467137e-05,3.2493925340965067e-06,1.5514761620563645e-05,7.658113261381965e-08,3.05466908696872e-06,3.407902579813382e-06
203924,True,9551.30740822898,0.22061205404270345,-0.026592930675831683,-0.07717972226577596,-0.029113770768864317,0.048065951496911646,0.005036214035266476,-0.03956659806038054,-0.022801220951338186
203925,True,1623.5983852672473,2.255740721031635,-0.30876942966235665,-0.20852463095930274,-0.2864097553291223,-0.07788512436981954,0.034814782198775616,-0.36316018478990175,-0.21100125399093672
203926,True,3836.1562115149845,-1.0560361227201278,-0.04750066497278249,0.03039054045123679,-0.049518259787542984,-0.07990880023877978,0.003373202329173656,-0.0569598735173682,-0.04216956893877466
203928,False,0.0,-1.2628786905111156e-15,3.2051745217226424e-06,-1.2265369086467137e-05,3.2493925340965067e-06,1.5514761620563645e-05,7.658113261381965e-08,3.05466908696872e-06,3.407902579813382e-06
203930,False,0.0,-1.2628786905111156e-15,3.2051745217226424e-06,-1.2265369086467137e-05,3.2493925340965067e-06,1.5514761620563645e-05,7.658113261381965e-08,3.05466908696872e-06,3.407902579813382e-06
203932,True,8607.347520718231,3.309989102586457,-0.3811121758992937,0.02021494989309902,-0.38103247779452953,-0.40124742768762856,0.001390604646095199,-0.3833458937230274,-0.37869951358531795
203933,False,577.4754741377333,3.1849690339854755,0.0093570901130553,0.00658605398424017,0.005117297253173447,-0.0014687567310667227,0.012042811728298604,-0.017393088243875532,0.02211560710969751
203934,False,0.0,-1.2628786905111156e-15,3.2051745217226424e-06,-1.2265369086467137e-05,3.2493925340965067e-06,1.5514761620563645e-05,7.658113261381965e-08,3.05466908696872e-06,3.407902579813382e-06
203935,True,7491.797580066983,4.040834955280618,-0.13667541411905937,-0.14004502083009118,-0.148487737920318,-0.008442717090226814,0.0123507390610301,-0.17022484978528318,-0.13680122322337285
203937,True,7110.109238399406,0.21591955366524074,0.037077439870525586,0.02920731451303471,0.05638169248910241,0.0271743779760677,0.0174068939150974,0.036425220357665156,0.07716477630174534
203939,True,5171.971633043316,4.2461402890557025,-0.3535097650131118,-0.04371593535893048,-0.3644289095714597,-0.3207129742125292,0.005979036846426193,-0.37386597377881836,-0.35353453173260707
203940,False,0.0,-1.2628786905111156e-15,3.2051745217226424e-06,-1.2265369086467137e-05,3.2493925340965067e-06,1.5514761620563645e-05,7.658113261381965e-08,3.05466908696872e-06,3.407902579813382e-06
203943,False,93.9168369588191,-1.3025143172445455,-0.0018814344696880259,0.0025674871516596642,-0.00412213164887576,-0.006689618800535424,0.00242691808547255,-0.00806791939574003,-0.0006824489773091802
203944,True,13129.73409714643,1.1360802710051436,0.056321042780850705,0.021210129849362103,0.04132676872562491,0.020116638876262805,0.010189154020273147,0.02756761494400628,0.05408892057481518
203945,False,0.0,-1.2628786905111156e-15,3.2051745217226424e-06,-1.2265369086467137e-05,3.2493925340965067e-06,1.5514761620563645e-05,7.658113261381965e-08,3.05466908696872e-06,3.407902579813382e-06
203946,False,0.0,-1.2628786905111156e-15,3.2051745217226424e-06,-1.2265369086467137e-05,3.2493925340965067e-06,1.5514761620563645e-05,7.658113261381965e-08,3.05466908696872e-06,3.407902579813382e-06
203948,False,0.0,-1.2628786905111156e-15,3.2051745217226424e-06,-1.2265369086467137e-05,3.2493925340965067e-06,1.5514761620563645e-05,7.658113261381965e-08,3.05466908696872e-06,3.407902579813382e-06
203949,False,0.0,-1.2628786905111156e-15,3.2051745217226424e-06,-1.2265369086467137e-05,3.2493925340965067e-06,1.5514761620563645e-05,7.658113261381965e-08,3.05466908696872e-06,3.407902579813382e-06
203950,False,0.0,-1.2628786905111156e-15,3.2051745217226424e-06,-1.2265369086467137e-05,3.2493925340965067e-06,1.5514761620563645e-05,7.658113261381965e-08,3.05466908696872e-06,3.407902579813382e-06
203951,False,0.0,-1.2628786905111156e-15,3.2051745217226424e-06,-1.2265369086467137e-05,3.2493925340965067e-06,1.5514761620563645e-05,7.658113261381965e-08,3.05466908696872e-06,3.407902579813382e-06
203952,True,10841.52452706944,-1.3451376370153296,0.09117295402375669,0.14236264381458286,0.08991759736181515,-0.05244504645276771,0.0018024026060928287,0.08647238523697154,0.09282782301347181
203953,False,91.33214763126907,0.11468107085919177,0.021903303073332547,0.013742332103642507,0.0217488407169861,0.008006508613343594,0.0007443737984096098,0.020540802353351206,0.02315609790951001
203954,True,7093.168878805568,4.663019605141079,-0.049104792423217525,0.008720514670123691,-0.03908779933575257,-0.04780831400587626,0.008997484476340701,-0.05144671249539989,-0.019263257871321215
203955,False,0.0,-1.2628786905111156e-15,3.2051745217226424e-06,-1.2265369086467137e-05,3.2493925340965067e-06,1.5514761620563645e-05,7.658113261381965e-08,3.05466908696872e-06,3.407902579813382e-06
203956,False,0.0,-1.2628786905111156e-15,3.2051745217226424e-06,-1.2265369086467137e-05,3.2493925340965067e-06,1.5514761620563645e-05,7.658113261381965e-08,3.05466908696872e-06,3.407902579813382e-06
203957,True,1541.2846597687892,2.5509575121922223,-0.17199322999627542,-0.013055189106919052,-0.17346363468568438,-0.16040844557876532,0.003734010091251854,-0.18132975826738873,-0.16718445411008354
203958,False,0.0,-1.2628786905111156e-15,3.2051745217226424e-06,-1.2265369086467137e-05,3.2493925340965067e-06,1.5514761620563645e-05,7.658113261381965e-08,3.05466908696872e-06,3.407902579813382e-06
203960,False,101.7115251871178,0.11390182353748698,-0.03130307221513613,-0.023137249492035522,-0.02749315434103672,-0.0043559048490011965,0.003429847298041746,-0.03471129344293859,-0.022213071305137
203961,False,0.0,-1.2628786905111156e-15,3.2051745217226424e-06,-1.2265369086467137e-05,3.2493925340965067e-06,1.5514761620563645e-05,7.658113261381965e-08,3.05466908696872e-06,3.407902579813382e-06
203962,False,0.0,-1.2628786905111156e-15,3.2051745217226424e-06,-1.2265369086467137e-05,3.2493925340965067e-06,1.5514761620563645e-05,7.658113261381965e-08,3.05466908696872e-06,3.407902579813382e-06
203963,False,0.0,-1.2628786905111156e-15,3.2051745217226424e-06,-1.2265369086467137e-05,3.2493925340965067e-06,1.5514761620563645e-05,7.658113261381965e-08,3.05466908696872e-06,3.407902579813382e-06
203966,False,0.0,-1.2628786905111156e-15,3.2051745217226424e-06,-1.2265369086467137e-05,3.2493925340965067e-06,1.5514761620563645e-05,7.658113261381965e-08,3.05466908696872e-06,3.407902579813382e-06
203967,True,1992.8767015282779,0.38948822367787184,-0.159133155757623,-0.021933757499210227,-0.15350683816944635,-0.13157308067023613,0.008167813626292174,-0.16333533720101023,-0.14124675052054125
203968,False,0.0,-1.2628786905111156e-15,3.2051745217226424e-06,-1.2265369086467137e-05,3.2493925340965067e-06,1.5514761620563645e-05,7.658113261381965e-08,3.05466908696872e-06,3.407902579813382e-06
203991,True,7395.943384526221,3.4603663990896782,0.04441045291227663,0.05863628007406163,0.05823530456997794,-0.0004009755040836893,0.015213333883918542,0.04140720232507977,0.0937428279690149
203992,True,6866.005616209864,3.283447993815305,-0.1968407868598594,-0.11120412710570893,-0.20782594342773875,-0.09662181632202982,0.013675309446392747,-0.23421418829385843,-0.1870756233341906
203994,True,7154.304553099188,3.531806983462349,0.03596389816444967,0.07302643638912842,0.052502913795454464,-0.02052352259367396,0.020154491909199223,0.02839771858523532,0.08506581513877487
203995,True,2139.077893980858,-0.7819500372465382,-0.16655044736216018,0.07410107358040618,-0.1758429066674444,-0.24994398024785058,0.015273553648121024,-0.21290801096248024,-0.1663680838480195
203996,False,0.0,-1.2628786905111156e-15,3.2051745217226424e-06,-1.2265369086467137e-05,3.2493925340965067e-06,1.5514761620563645e-05,7.658113261381965e-08,3.05466908696872e-06,3.407902579813382e-06
203998,True,12.32218035763305,-0.061375519742191464,0.024281261175619004,-0.0005038606877459523,-0.006243977509899509,-0.005740116822153557,0.02058851698424361,-0.020103465672476464,0.024962842550295905
203999,True,13583.754886439408,11.385632269283162,0.48689286857048053,0.006867368015708308,0.4835546869914378,0.47668731897572947,0.002528339150740121,0.48007590688237123,0.4891437429955623
204001,True,6968.590263579598,2.6622213851443473,0.02673165559481072,-0.025956885527008033,0.031855528112132436,0.05781241363914047,0.007728291112950871,0.019680475895017757,0.04705000173538654
204002,False,0.0,-1.2628786905111156e-15,3.2051745217226424e-06,-1.2265369086467137e-05,3.2493925340965067e-06,1.5514761620563645e-05,7.658113261381965e-08,3.05466908696872e-06,3.407902579813382e-06
204014,False,0.0,-1.2628786905111156e-15,3.2051745217226424e-06,-1.2265369086467137e-05,3.2493925340965067e-06,1.5514761620563645e-05,7.658113261381965e-08,3.05466908696872e-06,3.407902579813382e-06
204020,True,232.35823745753981,0.8434145300856922,0.10501924165831167,0.05616933081918052,0.09888813179660727,0.04271880097742675,0.006919135694199752,0.08762031213878307,0.11143006580609349
204021,False,0.0,-1.2628786905111156e-15,3.2051745217226424e-06,-1.2265369086467137e-05,3.2493925340965067e-06,1.5514761620563645e-05,7.658113261381965e-08,3.05466908696872e-06,3.407902579813382e-06
204022,False,0.0,-1.2628786905111156e-15,3.2051745217226424e-06,-1.2265369086467137e-05,3.2493925340965067e-06,1.5514761620563645e-05,7.658113261381965e-08,3.05466908696872e-06,3.407902579813382e-06
204025,True,81.22279226293624,-1.308748654992005,-0.050496902258671206,0.035971707623263516,-0.018089893168532045,-0.05406160079179556,0.10352511328493676,-0.05732494475598626,0.2847120582578153
204028,False,0.0,-1.2628786905111156e-15,3.2051745217226424e-06,-1.2265369086467137e-05,3.2493925340965067e-06,1.5514761620563645e-05,7.658113261381965e-08,3.05466908696872e-06,3.407902579813382e-06
204033,False,0.0,-1.2628786905111156e-15,3.2051745217226424e-06,-1.2265369086467137e-05,3.2493925340965067e-06,1.5514761620563645e-05,7.658113261381965e-08,3.05466908696872e-06,3.407902579813382e-06
204037,False,0.0,-1.2628786905111156e-15,3.2051745217226424e-06,-1.2265369086467137e-05,3.2493925340965067e-06,1.5514761620563645e-05,7.658113261381965e-08,3.05466908696872e-06,3.407902579813382e-06
204038,False,140.19100179033111,1.0588341414183546,0.02385225332498586,0.009396743991562095,0.027082308332018412,0.017685564340456317,0.00302694298497932,0.023137751467006362,0.03271832464818347
204054,False,0.0,-1.2628786905111156e-15,3.2051745217226424e-06,-1.2265369086467137e-05,3.2493925340965067e-06,1.5514761620563645e-05,7.658113261381965e-08,3.05466908696872e-06,3.407902579813382e-06
204060,True,3000.8682025295348,2.3866765182640237,0.09845204722468592,0.10725817366937518,0.16379457412939313,0.056536400460017955,0.045718946405922826,0.08219032579318641,0.2510763920257877
204065,False,0.0,-1.2628786905111156e-15,3.2051745217226424e-06,-1.2265369086467137e-05,3.2493925340965067e-06,1.5514761620563645e-05,7.658113261381965e-08,3.05466908696872e-06,3.407902579813382e-06
204066,False,0.0,-1.2628786905111156e-15,3.2051745217226424e-06,-1.2265369086467137e-05,3.2493925340965067e-06,1.5514761620563645e-05,7.658113261381965e-08,3.05466908696872e-06,3.407902579813382e-06
204067,False,0.0,-1.2628786905111156e-15,3.2051745217226424e-06,-1.2265369086467137e-05,3.2493925340965067e-06,1.5514761620563645e-05,7.658113261381965e-08,3.05466908696872e-06,3.407902579813382e-06
204079,False,0.0,-1.2628786905111156e-15,3.2051745217226424e-06,-1.2265369086467137e-05,3.2493925340965067e-06,1.5514761620563645e-05,7.658113261381965e-08,3.05466908696872e-06,3.407902579813382e-06
204098,False,0.0,-1.2628786905111156e-15,3.2051745217226424e-06,-1.2265369086467137e-05,3.2493925340965067e-06,1.5514761620563645e-05,7.658113261381965e-08,3.05466908696872e-06,3.407902579813382e-06
204179,False,0.0,-1.2628786905111156e-15,3.2051745217226424e-06,-1.2265369086467137e-05,3.2493925340965067e-06,1.5514761620563645e-05,7.658113261381965e-08,3.05466908696872e-06,3.407902579813382e-06
204222,False,2.865222358014618,-0.041623071700049245,0.0009867718946088358,0.0010468537892200924,0.0008213196645003931,-0.0002255341247196993,0.00033423027753599216,0.00013612915802343334,0.001200453131862192
204456,True,6556.384213747891,0.6928934600164374,0.03798465867828105,0.20116416684995353,0.02710358699018023,-0.1740605798597733,0.012957163949097496,0.007627108491756962,0.04948188331560055
1626143,False,97.71609360123904,0.4558152241937631,-0.010760719904954641,0.004633096600055009,-0.010685846720942527,-0.015318943320997536,0.001026047304225494,-0.01237792760011297,-0.009118645976472994
1626144,True,18.838912409659645,-0.3715963792135648,-0.19603947725042314,-0.06958806958305247,-0.21174025885275338,-0.1421521892697009,0.026596797815033907,-0.25946205899932595,-0.1951080280862404
1626145,True,8772.463297796075,-1.3968594810948622,-0.01969530095840355,0.03543133747341565,-0.026267050623594912,-0.06169838809701056,0.006854281179519703,-0.04011850359645175,-0.01892931456066016
1626146,False,0.0,-1.2628786905111156e-15,3.2051745217226424e-06,-1.2265369086467137e-05,3.2493925340965067e-06,1.5514761620563645e-05,7.658113261381965e-08,3.05466908696872e-06,3.407902579813382e-06
1626147,False,136.08578726125154,-1.014866434170897,-0.01284817375956493,0.0049015842289972245,-0.014096900053677475,-0.0189984842826747,0.001304224527776885,-0.01696319318274342,-0.011870395275585643
1626148,False,0.0,-1.2628786905111156e-15,3.2051745217226424e-06,-1.2265369086467137e-05,3.2493925340965067e-06,1.5514761620563645e-05,7.658113261381965e-08,3.05466908696872e-06,3.407902579813382e-06
1626149,True,1317.3277874613361,1.2236473647423824,-0.10359359356918518,0.07913399557124934,-0.09540038430762654,-0.17453437987887588,0.007266099237021054,-0.10363545615807968,-0.07713413254439572
1626150,False,0.0,-1.2628786905111156e-15,3.2051745217226424e-06,-1.2265369086467137e-05,3.2493925340965067e-06,1.5514761620563645e-05,7.658113261381965e-08,3.05466908696872e-06,3.407902579813382e-06
1626151,False,0.0,-1.2628786905111156e-15,3.2051745217226424e-06,-1.2265369086467137e-05,3.2493925340965067e-06,1.5514761620563645e-05,7.658113261381965e-08,3.05466908696872e-06,3.407902579813382e-06
1626153,True,3088.284948902021,1.0693880072432806,-0.03227566665579973,0.13290904249552948,-0.03139111067968381,-0.1643001531752133,0.0048804874780249375,-0.040136898352121086,-0.02246087172910549
1626154,False,0.0,-1.2628786905111156e-15,3.2051745217226424e-06,-1.2265369086467137e-05,3.2493925340965067e-06,1.5514761620563645e-05,7.658113261381965e-08,3.05466908696872e-06,3.407902579813382e-06
1626155,True,0.0,-1.2628786905111156e-15,3.2051745217226424e-06,-1.2265369086467137e-05,-0.019570345679898533,-0.019558080310812066,0.03478320648399296,-0.07833773180895513,3.407902579813382e-06
1626156,True,7506.828849600976,2.5434714195010697,0.0799042080109933,0.12163197589612729,0.07970709318531144,-0.04192488271081585,0.005173035431575951,0.06983190133315231,0.08779280379801335
1626157,True,12008.800713530338,4.544829142329008,0.19522503039300165,0.0011400896350330925,0.18493068576513227,0.18379059613009918,0.011373127428698135,0.16952413438016212,0.2048552757383506
1626158,True,2215.4535989863693,0.8174542398375544,0.20257196081340112,0.3170649283343545,0.20479473051222552,-0.11227019782212899,0.002968682470927803,0.19878332215751993,0.20912713667265503
1626159,True,792.263831095268,0.33585901728821377,0.09420873612434,0.14938272610369457,0.15922545121902132,0.009842725115326745,0.07980257723809148,0.09144250206310078,0.30551015598437137
1626161,True,264.37736801718836,0.357534236651722,-0.04773729288966422,0.010233228036555575,0.0380740349650458,0.027840806928490225,0.0580748674933547,-0.04944523246688193,0.07941533799763612
1626162,True,10142.575162585508,-0.9718628464874497,-0.09862678066128394,0.026739426103231656,-0.09760713885357908,-0.12434656495681073,0.004903810755294246,-0.10547130103412328,-0.09069575791194051
1626163,True,365.9929882854075,-0.3398970124095485,1.738748305712967e-05,0.010571863562674033,-0.04291442436941495,-0.05348628793208898,0.06892321896023039,-0.1396229609731947,0.03226494689845283
1626164,True,13234.875372487357,5.757342888407544,0.2091097928652914,0.15815157290486148,0.20625111286682962,0.04809953996196814,0.005482831740887061,0.1962973111780455,0.21631117175179249
1626166,True,4784.838193880756,0.2638102811106596,0.07138119931412007,-0.068336745947636,0.07124065149846259,0.1395773974460986,0.0072199696591989816,0.05874337821496406,0.0859740200268953
1626167,True,10393.123396426858,2.535215858507493,0.08741310209878073,0.0565593700231144,0.07489525571535927,0.01833588569224487,0.011687753228502937,0.05670486157642962,0.0931838467702999
1626168,True,4236.574808869117,0.9872501933225671,-0.22100967218369783,-0.009532628108423591,-0.22284927039320634,-0.21331664228478275,0.002684542282743523,-0.228249150841924,-0.21938690338235356
1626169,True,923.7236972046912,-1.3181101710571181,-0.029298411825251724,-0.015941917150945617,-0.029568362174406282,-0.013626445023460665,0.004383095392384794,-0.03666023787856476,-0.019330815529834844
1626170,False,14.719078209301445,0.028740148679936586,0.002331022470981034,-0.0004782087531217255,0.00218760663713162,0.0026658153902533455,0.0008345781538496983,0.0005530022955751168,0.0036824339932165356
1626171,True,8823.902482128888,-0.08097428801673473,-0.23261533197917544,-0.0034189742001903833,-0.25218615098057456,-0.24876717678038418,0.019207404655503753,-0.28553764354764966,-0.21495350798293056
1626172,True,5301.429713938872,1.9227582863287327,-0.025574557245696905,-0.01706050804204029,-0.02452629838322329,-0.0074657903411829984,0.002311411110586911,-0.028320931384703485,-0.020618913145920903
1626173,False,0.0,-1.2628786905111156e-15,3.2051745217226424e-06,-1.2265369086467137e-05,3.2493925340965067e-06,1.5514761620563645e-05,7.658113261381965e-08,3.05466908696872e-06,3.407902579813382e-06
1626174,True,2734.9810951938725,0.4327123410983714,-0.07360743733007247,-0.0510674187448128,-0.09695757990604587,-0.04589016116123307,0.012294922806784485,-0.12138316998662024,-0.07422510979815689
1626175,False,0.0,-1.2628786905111156e-15,3.2051745217226424e-06,-1.2265369086467137e-05,3.2493925340965067e-06,1.5514761620563645e-05,7.658113261381965e-08,3.05466908696872e-06,3.407902579813382e-06
1626176,False,0.0,-1.2628786905111156e-15,3.2051745217226424e-06,-1.2265369086467137e-05,3.2493925340965067e-06,1.5514761620563645e-05,7.658113261381965e-08,3.05466908696872e-06,3.407902579813382e-06
1626177,False,0.0,-1.2628786905111156e-15,3.2051745217226424e-06,-1.2265369086467137e-05,3.2493925340965067e-06,1.5514761620563645e-05,7.658113261381965e-08,3.05466908696872e-06,3.407902579813382e-06
1626178,False,49.9773446925263,-0.6427364809872345,0.002790426945219804,0.006268748589564055,0.0007212368372480071,-0.005547511752316048,0.0013477869702542848,-0.002098513755568354,0.003023610240203811
1626179,True,6708.842066656641,-0.5580506804942389,-0.36297856541303064,-0.13402358896480082,-0.37260763198638647,-0.23858404302158565,0.014252187300249507,-0.3903184424830415,-0.3418453004142499
1626181,True,10192.15360893318,2.893726557753805,-0.08062920373278182,-0.09742653493845932,-0.07913846990670503,0.018288065031754286,0.002811107929621648,-0.08329674191864855,-0.07328730315103371
1626183,False,0.0,-1.2628786905111156e-15,3.2051745217226424e-06,-1.2265369086467137e-05,3.2493925340965067e-06,1.5514761620563645e-05,7.658113261381965e-08,3.05466908696872e-06,3.407902579813382e-06
1626184,False,207.8353730152999,-1.276898931194646,0.01383633182416788,-0.011080314841473538,0.007571329294286944,0.01865164413576048,0.00839875812731755,-0.007295515403011432,0.016304776924478404
1626185,False,0.0,-1.2628786905111156e-15,3.2051745217226424e-06,-1.2265369086467137e-05,3.2493925340965067e-06,1.5514761620563645e-05,7.658113261381965e-08,3.05466908696872e-06,3.407902579813382e-06
1626187,False,14.49106258668931,-0.08084006717629907,0.001507537000752096,-0.0002750612714576828,0.0023002945204566444,0.002575355791914327,0.0006575334281351364,0.001457813367817501,0.0036635369215496927
1626188,False,55.39700016626094,0.07115021930622611,-0.0004942680858103787,-0.0012004700756355208,-0.0006498706022203538,0.000550599473415167,0.0014474250482596491,-0.003776454698494497,0.001598894742641549
1626191,False,0.0,-1.2628786905111156e-15,3.2051745217226424e-06,-1.2265369086467137e-05,3.2493925340965067e-06,1.5514761620563645e-05,7.658113261381965e-08,3.05466908696872e-06,3.407902579813382e-06
1626192,True,4756.498761298446,-1.0646119540345491,0.1250274343756318,0.015396735080238866,0.14412911500618408,0.12873237992594522,0.01680834460596999,0.12071567490706825,0.18485357406757608
1626195,False,768.1163751787745,0.3416126841327891,0.005004054624821119,0.009127376095076967,0.0027329161889160236,-0.006394459906160943,0.0052752308092743425,-0.01059794063408459,0.01539197435684514
1626196,True,3020.7322577636623,-1.4431944054302293,-0.03399515843983414,0.004796357892661973,-0.02291274269007837,-0.027709100582740342,0.007371220308311923,-0.03532174468348814,-0.015506509082318098
1626199,False,0.0,-1.2628786905111156e-15,3.2051745217226424e-06,-1.2265369086467137e-05,3.2493925340965067e-06,1.5514761620563645e-05,7.658113261381965e-08,3.05466908696872e-06,3.407902579813382e-06
1626202,False,0.0,-1.2628786905111156e-15,3.2051745217226424e-06,-1.2265369086467137e-05,3.2493925340965067e-06,1.5514761620563645e-05,7.658113261381965e-08,3.05466908696872e-06,3.407902579813382e-06
1626203,False,0.0,-1.2628786905111156e-15,3.2051745217226424e-06,-1.2265369086467137e-05,3.2493925340965067e-06,1.5514761620563645e-05,7.658113261381965e-08,3.05466908696872e-06,3.407902579813382e-06
1626204,True,3972.643324066319,-0.7954129902520486,0.07477756217713072,0.19381877097812028,0.07537654502122804,-0.11844222595689224,0.0060237914370558305,0.06444640309898686,0.0928285012560428
1626205,False,0.0,-1.2628786905111156e-15,3.2051745217226424e-06,-1.2265369086467137e-05,3.2493925340965067e-06,1.5514761620563645e-05,7.658113261381965e-08,3.05466908696872e-06,3.407902579813382e-06
1626208,True,203.69917489273087,-0.030750348682591744,0.10067408084196616,0.018096494770931004,0.10259067469995639,0.08449417992902539,0.0038403810837118447,0.0940177888344016,0.10908503172166872
1626209,False,19.209513389526755,0.12741067952975044,-0.009816208961633655,0.0026825449565592296,-0.010229263021875018,-0.012911807978434248,0.0007067829107341566,-0.011469526937719354,-0.009173856125499869
1626210,False,0.0,-1.2628786905111156e-15,3.2051745217226424e-06,-1.2265369086467137e-05,3.2493925340965067e-06,1.5514761620563645e-05,7.658113261381965e-08,3.05466908696872e-06,3.407902579813382e-06
1626214,False,0.0,-1.2628786905111156e-15,3.2051745217226424e-06,-1.2265369086467137e-05,3.2493925340965067e-06,1.5514761620563645e-05,7.658113261381965e-08,3.05466908696872e-06,3.407902579813382e-06
1626220,True,11746.010143032978,-0.8156151876987612,-0.07876659941901376,-0.08809322176275602,-0.07512266252017041,0.012970559242585611,0.012356345277214126,-0.09385876391434322,-0.05368878693395818
1626224,True,2837.3667213412364,-2.020321901284752,-0.1149413833790871,0.06634452148233239,-0.12200438063413,-0.18834890211646238,0.01046957433956853,-0.13956536816985787,-0.10740114602700102
1626242,False,0.0,-1.2628786905111156e-15,3.2051745217226424e-06,-1.2265369086467137e-05,3.2493925340965067e-06,1.5514761620563645e-05,7.658113261381965e-08,3.05466908696872e-06,3.407902579813382e-06
1626245,False,20.340894393208913,0.2948032422618668,-0.00022386725621120762,0.00040420042440503234,-5.2474240466782174e-05,-0.0004566746648718145,0.0002543942006845357,-0.00048056472655183535,0.0005407170239480341
1626246,True,275.85051185943104,1.2909670471510915,-0.035562004969688976,-0.0006229841858340635,-0.036333542580022415,-0.03571055839418835,0.006902168579731933,-0.05658209402754566,-0.029875406476020716
1626251,False,0.0,-1.2628786905111156e-15,3.2051745217226424e-06,-1.2265369086467137e-05,3.2493925340965067e-06,1.5514761620563645e-05,7.658113261381965e-08,3.05466908696872e-06,3.407902579813382e-06
1626253,False,15.096781765222506,-0.18854163449958194,0.013510112607471814,-0.0009716393451481009,0.013231361741262992,0.014203001086411093,0.0012031809209216806,0.01006630504388506,0.01493062744672985
1626254,False,0.0,-1.2628786905111156e-15,3.2051745217226424e-06,-1.2265369086467137e-05,3.2493925340965067e-06,1.5514761620563645e-05,7.658113261381965e-08,3.05466908696872e-06,3.407902579813382e-06
1626257,False,0.0,-1.2628786905111156e-15,3.2051745217226424e-06,-1.2265369086467137e-05,3.2493925340965067e-06,1.5514761620563645e-05,7.658113261381965e-08,3.05466908696872e-06,3.407902579813382e-06
1626259,False,6.840633251693178,0.04427198006483976,-0.0034245624272492836,0.0008470967688294362,-0.003430781134398035,-0.004277877903227471,0.00027391999016881957,-0.003947365462324742,-0.003005070286017736
1626262,False,0.0,-1.2628786905111156e-15,3.2051745217226424e-06,-1.2265369086467137e-05,3.2493925340965067e-06,1.5514761620563645e-05,7.658113261381965e-08,3.05466908696872e-06,3.407902579813382e-06
1626266,False,0.0,-1.2628786905111156e-15,3.2051745217226424e-06,-1.2265369086467137e-05,3.2493925340965067e-06,1.5514761620563645e-05,7.658113261381965e-08,3.05466908696872e-06,3.407902579813382e-06
1626273,False,0.0,-1.2628786905111156e-15,3.2051745217226424e-06,-1.2265369086467137e-05,3.2493925340965067e-06,1.5514761620563645e-05,7.658113261381965e-08,3.05466908696872e-06,3.407902579813382e-06
1626296,False,0.0,-1.2628786905111156e-15,3.2051745217226424e-06,-1.2265369086467137e-05,3.2493925340965067e-06,1.5514761620563645e-05,7.658113261381965e-08,3.05466908696872e-06,3.407902579813382e-06
1626643,False,0.0,-1.2628786905111156e-15,3.2051745217226424e-06,-1.2265369086467137e-05,3.2493925340965067e-06,1.5514761620563645e-05,7.658113261381965e-08,3.05466908696872e-06,3.407902579813382e-06
1626780,False,0.0,-1.2628786905111156e-15,3.2051745217226424e-06,-1.2265369086467137e-05,3.2493925340965067e-06,1.5514761620563645e-05,7.658113261381965e-08,3.05466908696872e-06,3.407902579813382e-06
1627098,False,0.0,-1.2628786905111156e-15,3.2051745217226424e-06,-1.2265369086467137e-05,3.2493925340965067e-06,1.5514761620563645e-05,7.658113261381965e-08,3.05466908696872e-06,3.407902579813382e-06
1627215,False,0.0,-1.2628786905111156e-15,3.2051745217226424e-06,-1.2265369086467137e-05,3.2493925340965067e-06,1.5514761620563645e-05,7.658113261381965e-08,3.05466908696872e-06,3.407902579813382e-06
1627293,False,0.0,-1.2628786905111156e-15,3.2051745217226424e-06,-1.2265369086467137e-05,3.2493925340965067e-06,1.5514761620563645e-05,7.658113261381965e-08,3.05466908696872e-06,3.407902579813382e-06
1627362,False,0.0,-1.2628786905111156e-15,3.2051745217226424e-06,-1.2265369086467137e-05,3.2493925340965067e-06,1.5514761620563645e-05,7.658113261381965e-08,3.05466908696872e-06,3.407902579813382e-06
1627395,False,0.0,-1.2628786905111156e-15,3.2051745217226424e-06,-1.2265369086467137e-05,3.2493925340965067e-06,1.5514761620563645e-05,7.658113261381965e-08,3.05466908696872e-06,3.407902579813382e-06
1627732,True,2860.5903119627715,0.27570350939850713,-0.09825906042376231,-0.15561826902993287,-0.0652477514362807,0.09037051759365215,0.05200080879345877,-0.10747776185639793,0.018132927465121296
1627733,False,0.0,-1.2628786905111156e-15,3.2051745217226424e-06,-1.2265369086467137e-05,3.2493925340965067e-06,1.5514761620563645e-05,7.658113261381965e-08,3.05466908696872e-06,3.407902579813382e-06
1627734,True,9780.52674251584,1.5468800709215182,-0.3663250564025573,-0.1132214517703718,-0.35858880211009025,-0.24536735033971846,0.009293930271657121,-0.38011829323548785,-0.34560189801495644
1627735,False,0.0,-1.2628786905111156e-15,3.2051745217226424e-06,-1.2265369086467137e-05,3.2493925340965067e-06,1.5514761620563645e-05,7.658113261381965e-08,3.05466908696872e-06,3.407902579813382e-06
1627736,True,7277.014439507455,1.6027113484934947,0.014553749065503219,-0.3119914258130687,0.014035192135547492,0.3260266179486162,0.006664692019966969,0.0032151915423472843,0.02824316142613892
1627737,False,131.7859748326255,-1.681122444207148,-0.03829534362318676,-0.007719376521501564,-0.036330484598842805,-0.02861110807734124,0.002301098038210939,-0.04053867111078979,-0.03101865390070002
1627738,False,0.0,-1.2628786905111156e-15,3.2051745217226424e-06,-1.2265369086467137e-05,3.2493925340965067e-06,1.5514761620563645e-05,7.658113261381965e-08,3.05466908696872e-06,3.407902579813382e-06
1627739,True,8876.10723477503,0.6975495888527422,-0.2303292957701838,0.017510046742254093,-0.23360713919233156,-0.25111718593458565,0.009726888288003667,-0.2478308369630608,-0.21435662955543872
1627740,False,9.25428621381581,0.18402189868434193,0.004421451015958783,-0.0009719484834060099,0.003645518482972815,0.004617466966378825,0.00032945438736480133,0.0031426781274122018,0.004551476526340914
1627741,True,9087.832578753543,-0.0057527009156961295,0.003352036889899379,-0.11134125459679112,-0.0005030044536228021,0.11083825014316831,0.0048254992664540745,-0.008010226941635556,0.009847112834904026
1627742,True,10262.29336884264,0.5138860756560542,0.19247786539704936,0.0990826193892087,0.19377689435900392,0.09469427496979521,0.004601668923287948,0.18326891982447702,0.2010653433551799
1627743,False,0.0,-1.2628786905111156e-15,3.2051745217226424e-06,-1.2265369086467137e-05,3.2493925340965067e-06,1.5514761620563645e-05,7.658113261381965e-08,3.05466908696872e-06,3.407902579813382e-06
1627744,False,0.0,-1.2628786905111156e-15,3.2051745217226424e-06,-1.2265369086467137e-05,3.2493925340965067e-06,1.5514761620563645e-05,7.658113261381965e-08,3.05466908696872e-06,3.407902579813382e-06
1627745,True,1024.353702939524,-3.3236996071391296,-0.21790654920021435,0.026063629945128675,-0.20839525595569697,-0.23445888590082564,0.011848360656133289,-0.2239408548858246,-0.18597898003174373
1627746,True,43.156829049578036,0.09630908824724504,0.9446468600322369,0.9350619904044362,0.9450887940408326,0.010026803636396409,0.0016910962366995892,0.9422265055974417,0.9489805766336625
1627747,True,8787.393509009775,0.16230448621739157,-0.21681195007283327,-0.1103156240152093,-0.2263391355685749,-0.11602351155336561,0.009111926534462193,-0.24534139214947392,-0.21235106795588576
1627748,False,16.94206334129118,-0.2595741394781642,0.002273172738331386,-0.0019963371104956273,0.002034415993368066,0.0040307531038636935,0.0007056454328820285,0.0005752204122392301,0.003383325963601913
1627749,True,7568.956462783482,0.6327233318931749,-0.08919564926899293,0.027423443521338742,-0.06876427391183404,-0.09618771743317278,0.030248042018721746,-0.11618478035007174,-0.0021753575602618813
1627750,True,12231.827944202723,1.5499922839844564,0.4326758364742229,-0.028332459569390345,0.43203285155349214,0.4603653111228825,0.002394851874709035,0.4265179778447641,0.43643951696876204
1627751,True,8134.243670957117,2.308395457222627,0.02785996860935036,-0.017342546739187004,0.02706174851384313,0.044404295253030135,0.005548119260222773,0.018312208000514474,0.037152811908926164
1627752,True,7489.501367622161,-1.2421573153432184,0.11633933672901686,0.19821647814902565,0.1284981841292736,-0.06971829401975205,0.01554466166824625,0.099760083614306,0.1566666340222298
1627753,False,0.0,-1.2628786905111156e-15,3.2051745217226424e-06,-1.2265369086467137e-05,3.2493925340965067e-06,1.5514761620563645e-05,7.658113261381965e-08,3.05466908696872e-06,3.407902579813382e-06
1627754,False,0.0,-1.2628786905111156e-15,3.2051745217226424e-06,-1.2265369086467137e-05,3.2493925340965067e-06,1.5514761620563645e-05,7.658113261381965e-08,3.05466908696872e-06,3.407902579813382e-06
1627755,False,0.0,-1.2628786905111156e-15,3.2051745217226424e-06,-1.2265369086467137e-05,3.2493925340965067e-06,1.5514761620563645e-05,7.658113261381965e-08,3.05466908696872e-06,3.407902579813382e-06
1627756,False,321.76567305981126,0.33215717149585133,0.049334480635421896,0.05638879545067588,0.051436599268114336,-0.004952196182561541,0.0020414458906805872,0.04761455249599256,0.05505201376631208
1627757,False,0.0,-1.2628786905111156e-15,3.2051745217226424e-06,-1.2265369086467137e-05,3.2493925340965067e-06,1.5514761620563645e-05,7.658113261381965e-08,3.05466908696872e-06,3.407902579813382e-06
1627758,False,0.0,-1.2628786905111156e-15,3.2051745217226424e-06,-1.2265369086467137e-05,3.2493925340965067e-06,1.5514761620563645e-05,7.658113261381965e-08,3.05466908696872e-06,3.407902579813382e-06
1627759,True,12953.178975507644,-0.41939663198511967,-0.05444912733780649,0.03497763251789765,-0.05092586486076689,-0.08590349737866454,0.0021382314925188356,-0.054867690180626205,-0.047712386382383176
1627760,True,3.79353186581835,0.20967365801315407,0.047077643596788066,-0.013719914037919001,0.04708286010450058,0.06080277414241958,9.504697594672476e-05,0.046929312702576054,0.04725847408514716
1627761,True,586.3541709096643,-1.3589544950306909,-0.1670089535038164,0.021032344998753283,-0.16439084325664544,-0.18542318825539872,0.002682618502644464,-0.16834106786705538,-0.15873674186137876
1627762,False,0.0,-1.2628786905111156e-15,3.2051745217226424e-06,-1.2265369086467137e-05,3.2493925340965067e-06,1.5514761620563645e-05,7.658113261381965e-08,3.05466908696872e-06,3.407902579813382e-06
1627763,True,3594.9618836332165,1.5038729093835896,0.2414749952918811,0.1139989884507111,0.24405296742699467,0.13005397897628357,0.005631371765314876,0.23626201709201466,0.2561400144973014
1627767,False,12.72369326100709,-0.6881299651987663,-0.00044592107736984854,0.0007937294586632948,-0.00023799917815403582,-0.0010317286368173306,0.00039559667811064144,-0.0009269902128351548,0.0004896611763907099
1627770,False,0.0,-1.2628786905111156e-15,3.2051745217226424e-06,-1.2265369086467137e-05,3.2493925340965067e-06,1.5514761620563645e-05,7.658113261381965e-08,3.05466908696872e-06,3.407902579813382e-06
1627771,False,0.0,-1.2628786905111156e-15,3.2051745217226424e-06,-1.2265369086467137e-05,3.2493925340965067e-06,1.5514761620563645e-05,7.658113261381965e-08,3.05466908696872e-06,3.407902579813382e-06
1627772,False,0.0,-1.2628786905111156e-15,3.2051745217226424e-06,-1.2265369086467137e-05,3.2493925340965067e-06,1.5514761620563645e-05,7.658113261381965e-08,3.05466908696872e-06,3.407902579813382e-06
1627773,False,0.0,-1.2628786905111156e-15,3.2051745217226424e-06,-1.2265369086467137e-05,3.2493925340965067e-06,1.5514761620563645e-05,7.658113261381965e-08,3.05466908696872e-06,3.407902579813382e-06
1627774,False,229.3629146021965,-0.8610527050849666,0.022982692595220344,0.013131298352308418,0.027146910261177326,0.014015611908868908,0.004781521316325914,0.02156311949791001,0.03699797429264584
1627775,False,7.971919349512016,-0.20843365774200578,0.003865924169296431,0.0018832325252297888,0.003477433729283358,0.0015942012040535691,0.0003292715340370152,0.0030925263553550075,0.004180306443680448
1627777,True,5726.092694947195,0.21578458272303191,-0.0823468451809094,-0.010629940184388786,-0.06155381738126722,-0.050923877196878437,0.021326306340725593,-0.11520673602772913,-0.037447453377337125
1627778,False,0.0,-1.2628786905111156e-15,3.2051745217226424e-06,-1.2265369086467137e-05,3.2493925340965067e-06,1.5514761620563645e-05,7.658113261381965e-08,3.05466908696872e-06,3.407902579813382e-06
1627779,False,0.0,-1.2628786905111156e-15,3.2051745217226424e-06,-1.2265369086467137e-05,3.2493925340965067e-06,1.5514761620563645e-05,7.658113261381965e-08,3.05466908696872e-06,3.407902579813382e-06
1627780,True,5108.263762483233,-1.9142355575588552,0.005598034758441006,0.03587235067467853,0.010031661271666659,-0.025840689403011874,0.0038246148471752714,0.004211970696018863,0.017131924805367627
1627781,False,0.0,-1.2628786905111156e-15,3.2051745217226424e-06,-1.2265369086467137e-05,3.2493925340965067e-06,1.5514761620563645e-05,7.658113261381965e-08,3.05466908696872e-06,3.407902579813382e-06
1627782,False,6.554037718736526,-0.10368858046319664,-0.005499142285610256,-0.0028261385552077467,-0.0053881879840763924,-0.0025620494288686457,9.13121034272278e-05,-0.005550886577619624,-0.00520552947013303
1627783,True,12918.737930502022,4.184909174551519,0.3125328218978547,0.10669467132790533,0.31618154623051176,0.20948687490260642,0.005183675385828453,0.3075858889213876,0.32668906516001606
1627784,False,7.257926854471052,-0.02921420304835265,0.003535812100388336,0.0013228109320533102,0.003832806529926007,0.0025099955978726968,0.00043314187627454767,0.002893316555796159,0.004567985341394125
1627785,False,0.0,-1.2628786905111156e-15,3.2051745217226424e-06,-1.2265369086467137e-05,3.2493925340965067e-06,1.5514761620563645e-05,7.658113261381965e-08,3.05466908696872e-06,3.407902579813382e-06
1627786,False,0.0,-1.2628786905111156e-15,3.2051745217226424e-06,-1.2265369086467137e-05,3.2493925340965067e-06,1.5514761620563645e-05,7.658113261381965e-08,3.05466908696872e-06,3.407902579813382e-06
1627787,False,0.0,-1.2628786905111156e-15,3.2051745217226424e-06,-1.2265369086467137e-05,3.2493925340965067e-06,1.5514761620563645e-05,7.658113261381965e-08,3.05466908696872e-06,3.407902579813382e-06
1627788,True,1208.3413150370404,-0.1909308552852873,-0.023800710325487917,0.04910628133137851,-0.07705968054423235,-0.12616596187561085,0.07244878105637856,-0.19055954181385348,-0.023578018296063097
1627789,True,515.6814169070169,-0.28227451793022507,-0.1221209796483752,-0.1858515574135653,-0.18238861615652613,0.003462941257039165,0.05783944189258594,-0.28568792697049405,-0.12058077072886608
1627790,False,0.0,-1.2628786905111156e-15,3.2051745217226424e-06,-1.2265369086467137e-05,3.2493925340965067e-06,1.5514761620563645e-05,7.658113261381965e-08,3.05466908696872e-06,3.407902579813382e-06
1627791,False,0.0,-1.2628786905111156e-15,3.2051745217226424e-06,-1.2265369086467137e-05,3.2493925340965067e-06,1.5514761620563645e-05,7.658113261381965e-08,3.05466908696872e-06,3.407902579813382e-06
1627812,False,42.34283639519854,0.18236163853910442,0.002636990914037518,-0.003484941948473541,0.003607118299402856,0.007092060247876397,0.000986193350700075,0.001401554564978591,0.004860581872661862
1627814,False,1736.654464338323,2.128438201768481,-0.04367787094328879,-0.029983250086025315,-0.04739349147639338,-0.017410241390368064,0.0029035062663904897,-0.05310031755011657,-0.04318500715287321
1627815,False,0.0,-1.2628786905111156e-15,3.2051745217226424e-06,-1.2265369086467137e-05,3.2493925340965067e-06,1.5514761620563645e-05,7.658113261381965e-08,3.05466908696872e-06,3.407902579813382e-06
1627816,False,0.0,-1.2628786905111156e-15,3.2051745217226424e-06,-1.2265369086467137e-05,3.2493925340965067e-06,1.5514761620563645e-05,7.658113261381965e-08,3.05466908696872e-06,3.407902579813382e-06
1627817,False,0.0,-1.2628786905111156e-15,3.2051745217226424e-06,-1.2265369086467137e-05,3.2493925340965067e-06,1.5514761620563645e-05,7.658113261381965e-08,3.05466908696872e-06,3.407902579813382e-06
1627819,False,0.0,-1.2628786905111156e-15,3.2051745217226424e-06,-1.2265369086467137e-05,3.2493925340965067e-06,1.5514761620563645e-05,7.658113261381965e-08,3.05466908696872e-06,3.407902579813382e-06
1627820,False,28.748564282104933,-0.28173447179666566,0.015285939305009266,0.0007551353333258293,0.015330671810737662,0.014575536477411832,0.0003814197768064975,0.01479043334398561,0.016235647681793863
1627821,False,0.0,-1.2628786905111156e-15,3.2051745217226424e-06,-1.2265369086467137e-05,3.2493925340965067e-06,1.5514761620563645e-05,7.658113261381965e-08,3.05466908696872e-06,3.407902579813382e-06
1627822,False,12.773414037811953,0.4833040261515873,0.0020410493486296977,0.003636987014267401,0.0017890703823707499,-0.0018479166318966511,0.0006968599160596144,0.0007457196411175815,0.002908705411613477
1627823,False,716.6214937933789,-1.1293570250316338,0.01851624636652538,-0.0049524567415917264,0.019532106853312747,0.024484563594904474,0.0024697531686177047,0.015597092278951452,0.02452137531659382
1627824,True,4871.732923428891,0.310520429314898,0.18588016332801138,-0.04175386037481599,0.18246652572208144,0.22422038609689743,0.0033583521193399895,0.17695037836257632,0.19018966924392444
1627826,True,10485.835875433067,1.637718756372378,0.46618716187205944,0.3019420581956216,0.46432927634383026,0.16238721814820867,0.007652930950240133,0.4510870998769114,0.4791752266123277
1627827,True,8060.604074439978,2.6666168397155467,0.2380539023414303,0.036163913039754636,0.2391022220593908,0.20293830901963616,0.005366631166918683,0.229179884534485,0.2481149712250028
1627832,True,7998.588931231018,5.207882921686327,-0.08670088771199236,-0.018562406067100135,-0.09089494104172324,-0.07233253497462311,0.011009802642614997,-0.11237261565542589,-0.07424296570650757
1627834,False,0.0,-1.2628786905111156e-15,3.2051745217226424e-06,-1.2265369086467137e-05,3.2493925340965067e-06,1.5514761620563645e-05,7.658113261381965e-08,3.05466908696872e-06,3.407902579813382e-06
1627835,False,0.0,-1.2628786905111156e-15,3.2051745217226424e-06,-1.2265369086467137e-05,3.2493925340965067e-06,1.5514761620563645e-05,7.658113261381965e-08,3.05466908696872e-06,3.407902579813382e-06
1627846,False,150.59751175937396,-1.025864360858911,0.02781997877141773,0.019025903115486686,0.030016626172664096,0.01099072305717741,0.00528115396548423,0.02327813841734483,0.03824217979125066
1627848,False,0.0,-1.2628786905111156e-15,3.2051745217226424e-06,-1.2265369086467137e-05,3.2493925340965067e-06,1.5514761620563645e-05,7.658113261381965e-08,3.05466908696872e-06,3.407902579813382e-06
1627849,False,0.0,-1.2628786905111156e-15,3.2051745217226424e-06,-1.2265369086467137e-05,3.2493925340965067e-06,1.5514761620563645e-05,7.658113261381965e-08,3.05466908696872e-06,3.407902579813382e-06
1627850,False,0.0,-1.2628786905111156e-15,3.2051745217226424e-06,-1.2265369086467137e-05,3.2493925340965067e-06,1.5514761620563645e-05,7.658113261381965e-08,3.05466908696872e-06,3.407902579813382e-06
1627851,False,0.0,-1.2628786905111156e-15,3.2051745217226424e-06,-1.2265369086467137e-05,3.2493925340965067e-06,1.5514761620563645e-05,7.658113261381965e-08,3.05466908696872e-06,3.407902579813382e-06
1627852,False,0.0,-1.2628786905111156e-15,3.2051745217226424e-06,-1.2265369086467137e-05,3.2493925340965067e-06,1.5514761620563645e-05,7.658113261381965e-08,3.05466908696872e-06,3.407902579813382e-06
1627853,False,280.11980754573415,-0.49650271421016545,0.0413231878624567,0.0017901199970453696,0.03962917622643347,0.0378390562293881,0.0028323815090484745,0.03506368490162348,0.0439700310380724
1627854,True,922.514702203155,0.6166603342794028,-0.19715090777409378,-0.056901108212186635,-0.15884146821063627,-0.10194035999844964,0.037230867498220736,-0.2015389652541435,-0.10646955446291129
1627855,False,0.0,-1.2628786905111156e-15,3.2051745217226424e-06,-1.2265369086467137e-05,3.2493925340965067e-06,1.5514761620563645e-05,7.658113261381965e-08,3.05466908696872e-06,3.407902579813382e-06
1627856,False,0.0,-1.2628786905111156e-15,3.2051745217226424e-06,-1.2265369086467137e-05,3.2493925340965067e-06,1.5514761620563645e-05,7.658113261381965e-08,3.05466908696872e-06,3.407902579813382e-06
1627858,False,0.0,-1.2628786905111156e-15,3.2051745217226424e-06,-1.2265369086467137e-05,3.2493925340965067e-06,1.5514761620563645e-05,7.658113261381965e-08,3.05466908696872e-06,3.407902579813382e-06
1627861,False,0.0,-1.2628786905111156e-15,3.2051745217226424e-06,-1.2265369086467137e-05,3.2493925340965067e-06,1.5514761620563645e-05,7.658113261381965e-08,3.05466908696872e-06,3.407902579813382e-06
1627863,True,1365.838532370744,-0.13150145024302207,0.1991828847455961,0.04288484236236789,0.20959781725204826,0.16671297488968037,0.015531335514027616,0.18352878742788103,0.24035920088531426
1627866,False,0.0,-1.2628786905111156e-15,3.2051745217226424e-06,-1.2265369086467137e-05,3.2493925340965067e-06,1.5514761620563645e-05,7.658113261381965e-08,3.05466908696872e-06,3.407902579813382e-06
1627868,False,0.0,-1.2628786905111156e-15,3.2051745217226424e-06,-1.2265369086467137e-05,3.2493925340965067e-06,1.5514761620563645e-05,7.658113261381965e-08,3.05466908696872e-06,3.407902579813382e-06
1627875,False,0.0,-1.2628786905111156e-15,3.2051745217226424e-06,-1.2265369086467137e-05,3.2493925340965067e-06,1.5514761620563645e-05,7.658113261381965e-08,3.05466908696872e-06,3.407902579813382e-06
1627879,False,0.0,-1.2628786905111156e-15,3.2051745217226424e-06,-1.2265369086467137e-05,3.2493925340965067e-06,1.5514761620563645e-05,7.658113261381965e-08,3.05466908696872e-06,3.407902579813382e-06
1627883,False,0.0,-1.2628786905111156e-15,3.2051745217226424e-06,-1.2265369086467137e-05,3.2493925340965067e-06,1.5514761620563645e-05,7.658113261381965e-08,3.05466908696872e-06,3.407902579813382e-06
1627884,True,8254.257705850105,1.6555180629187862,0.2844517785685783,-0.020012482697120415,0.2823838335766955,0.3023963162738159,0.005844808007152511,0.26824713859190785,0.29179298041267354
1627885,True,170.70082413095912,-0.7737701964866284,0.007363950690098431,0.020756146709775103,0.025910007559781123,0.00515386085000602,0.009085270729507227,0.0052006099088866,0.03407745147322494
1627936,True,7064.370100986225,5.610764279594799,-0.002945755575863629,0.01780752034173272,-0.007431055595014335,-0.025238575936747054,0.0063259119875159284,-0.020477367587855788,0.0024933565741678265
1627982,False,0.0,-1.2628786905111156e-15,3.2051745217226424e-06,-1.2265369086467137e-05,3.2493925340965067e-06,1.5514761620563645e-05,7.658113261381965e-08,3.05466908696872e-06,3.407902579813382e-06
1627988,False,0.0,-1.2628786905111156e-15,3.2051745217226424e-06,-1.2265369086467137e-05,3.2493925340965067e-06,1.5514761620563645e-05,7.658113261381965e-08,3.05466908696872e-06,3.407902579813382e-06
1628021,True,359.85296959335636,1.9613032095390883,-0.154197199949605,-0.03051846981923645,-0.1537511297004548,-0.12323265988121834,0.002572264010110112,-0.1573441837307925,-0.14679133057390192
1628035,True,132.6184101190289,-0.7823157028398247,-0.05325634241970745,-0.013690528601170482,-0.050022338724257986,-0.036331810123087505,0.002753082816084878,-0.054019916619511665,-0.044665380958264
1628070,False,0.0,-1.2628786905111156e-15,3.2051745217226424e-06,-1.2265369086467137e-05,3.2493925340965067e-06,1.5514761620563645e-05,7.658113261381965e-08,3.05466908696872e-06,3.407902579813382e-06
1628221,False,43.27659841529173,0.9303731443046084,0.00456414453908538,0.00900785244792579,0.0027493372146928374,-0.006258515233232953,0.002063554135345041,-0.0015006461364699408,0.005472189866241983
1628238,False,2.5845739594786568,0.020567210120049376,4.427717884492033e-05,-0.00011915902429043834,8.461371083516925e-05,0.0002037727351256076,0.0001074905952669839,-9.085784423944199e-05,0.00024510278776024297
1628249,False,0.0,-1.2628786905111156e-15,3.2051745217226424e-06,-1.2265369086467137e-05,3.2493925340965067e-06,1.5514761620563645e-05,7.658113261381965e-08,3.05466908696872e-06,3.407902579813382e-06
1628365,True,2426.2191936033746,-1.8994498343885682,0.21974268337671532,-0.022853415220718487,0.24220846108822092,0.2650618763089394,0.022016828983500384,0.21283342327611465,0.2853657597227959
1628366,True,3422.6599983513847,1.5019056837752474,-0.10770893619386435,-0.12663698023051628,-0.1061168805096786,0.02052009972083768,0.008154479959050784,-0.12339781960666896,-0.0929065908092932
1628367,False,664.4436187255915,-1.128577164658855,0.002912330888397152,0.010773064237722396,-0.0015516825954915436,-0.01232474683321394,0.0031245870590398783,-0.00679526555415455,0.004146472583774541
1628368,True,12809.617842957197,3.593748384117691,0.24176629677027872,0.07995528011796349,0.24299882581109689,0.1630435456931334,0.0022623769930538097,0.23958613378199045,0.2470642884805967
1628369,True,10205.871515310682,4.894033248678094,-0.22582904256494452,-0.07424163114449644,-0.21904361710373355,-0.1448019859592371,0.0061635601507057935,-0.22780299296921935,-0.20744879512386838
1628370,True,9184.363245325305,1.1568748889341833,0.33736502139691593,0.0376054882793988,0.3335195163587268,0.295914028079328,0.007679065661455443,0.3230641473963707,0.35052583900903134
1628371,True,3529.026207149535,2.591441411803177,0.05725448400795763,0.035769335712409145,0.04798996825044721,0.012220632538038068,0.0034513819034494636,0.041232116512921024,0.053739827874281776
1628372,False,2052.2599157620357,1.2735533850476457,-0.08061059038956442,0.015061709759200514,-0.07238633993325472,-0.08744804969245523,0.004238490795368004,-0.08280176578904141,-0.06562548614659103
1628373,False,701.9396255513211,0.46925199098757386,-0.04979181913162223,-0.005514288369819376,-0.044903569660802445,-0.03938928129098307,0.003053683792364981,-0.04973222416921841,-0.03750048059494726
1628374,True,8850.043016016867,6.261800981226468,0.0341666526127149,-0.06868016182717973,0.026768102831042917,0.09544826465822265,0.004744178823366455,0.015405089050948284,0.035434501696227194
1628378,True,12287.507701338982,7.126120767555443,-0.0069239872497508514,-0.008967166999767961,-0.006237095377618296,0.0027300716221496657,0.005282026981505628,-0.016194833279039145,0.0020220865140299082
1628379,True,8422.76871004717,0.7489263134518234,-0.1266388170882582,-0.03289253760672173,-0.12477008403731304,-0.09187754643059132,0.002725888377079279,-0.13213124358854733,-0.12086769435750155
1628380,True,4093.788385832075,1.7842453487425682,0.17361879954698023,0.06544133526670093,0.18007693205806063,0.1146355967913597,0.009503010553155954,0.1678466915482446,0.1970270354816379
1628381,True,9443.253547936853,0.7929762781221885,-0.0008158991361806311,-0.025008195205268313,0.027784882215130424,0.05279307742039874,0.035366298810830844,-0.031181260081967865,0.10478799885951595
1628382,False,228.94994217552104,-2.8126319383762297,-0.05424451933436236,0.004489208282349999,-0.0549705558719662,-0.0594597641543162,0.0014256189641778383,-0.05760974677871866,-0.05164209564320332
1628383,False,59.01318608611154,-0.5459667210240032,-0.0035898390926506485,-0.004387939958861442,0.004840540119586456,0.009228480078447898,0.005569357173350656,-0.0041275623388691285,0.01239075801735312
1628384,True,12255.95453794684,4.0789905220411065,-0.21632682896663002,-0.041354524422008154,-0.2167027237200001,-0.17534819929799195,0.0032155331104941863,-0.22270601876321638,-0.21018650639241354
1628385,True,179.21692800989922,-1.9796021692268704,-0.40391173994330054,0.0180675989036696,-0.41014757050315587,-0.42821516940682547,0.013872964385615126,-0.42646286067141115,-0.3631915085432056
1628386,True,10937.362406947055,3.011058149183803,0.08043467598286647,0.14996792641147083,0.06998160037477019,-0.07998632603670064,0.009516287758803615,0.04982546553861322,0.08122828924186987
1628387,False,0.0,-1.2628786905111156e-15,3.2051745217226424e-06,-1.2265369086467137e-05,3.2493925340965067e-06,1.5514761620563645e-05,7.658113261381965e-08,3.05466908696872e-06,3.407902579813382e-06
1628388,False,14.406404741271622,0.12947586233011885,-0.0004303694746506659,-0.0031246760336127444,-0.0011276407817222833,0.001997035251890461,0.002528236497942697,-0.005530620527134544,0.0014825398644719157
1628389,True,13633.73511574866,4.931306382424216,-0.0033844320031315434,-0.03271573683169571,-0.0008196889801812546,0.03189604785151445,0.00465648445939802,-0.006565322695207598,0.007361807826882227
1628390,False,27.503248247508253,-0.7823959794991281,0.003205161166793924,0.005242551127682682,0.004243806988845189,-0.000998744138837493,0.0010282617382547982,0.00290588639964795,0.006192107873736474
1628391,True,141.24385182052112,-1.0135502443672997,-0.14636165074802676,-0.1411786637879242,-0.1450862425153474,-0.0039075787274232,0.004328679945764671,-0.15304920155422108,-0.13697880785073946
1628392,True,7708.030769301651,5.523903350272347,0.010216266699603516,0.11505339401883674,0.009172062952501392,-0.10588133106633535,0.004343347650100399,0.0031227960216515527,0.02097549443037572
1628393,False,0.0,-1.2628786905111156e-15,3.2051745217226424e-06,-1.2265369086467137e-05,3.2493925340965067e-06,1.5514761620563645e-05,7.658113261381965e-08,3.05466908696872e-06,3.407902579813382e-06
1628394,False,7.283715550249242,-0.14998133033565192,0.0006051657881465111,0.002749001887404512,0.00032964415854203066,-0.0024193577288624812,0.0005662744164322668,-0.0008260008165227317,0.0013534389687001047
1628395,False,20.264771451596648,-0.19745101902685214,0.007552041553536726,0.0015751904039715825,0.007230567184476844,0.005655376780505261,0.00041957835781658196,0.006367306867931771,0.007987335229775683
1628396,True,1531.6573462235388,-0.9600131892243717,0.021235313145526735,-0.04467846415261634,0.016760347514913176,0.061438811667529514,0.0025112094720767773,0.012090649261364828,0.022938022186403062
1628397,False,0.0,-1.2628786905111156e-15,3.2051745217226424e-06,-1.2265369086467137e-05,3.2493925340965067e-06,1.5514761620563645e-05,7.658113261381965e-08,3.05466908696872e-06,3.407902579813382e-06
1628398,True,11164.088470597319,-3.0654641969254666,-0.3457505865771635,-0.16370058692305678,-0.3480661527687081,-0.18436556584565134,0.004902570828268724,-0.35662309735699615,-0.3413117809256443
1628399,False,0.0,-1.2628786905111156e-15,3.2051745217226424e-06,-1.2265369086467137e-05,3.2493925340965067e-06,1.5514761620563645e-05,7.658113261381965e-08,3.05466908696872e-06,3.407902579813382e-06
1628400,False,385.54836580066376,-2.6485117204014847,0.0174345749671736,-0.004783505584978975,0.015137874024152342,0.019921379609131318,0.004275426236874255,0.006632810610638806,0.021079488976560423
1628401,True,13763.686871012907,5.30725837678836,-0.12832023180372687,-0.01054228460721962,-0.12786052719348362,-0.117318242586264,0.002208097598946492,-0.13159930183850488,-0.12316055996719921
1628402,False,618.874815224046,-1.033606209056894,0.03997401047621152,0.02671747950164516,0.04136799876548236,0.014650519263837203,0.0036997097907755677,0.033989659748682066,0.04730572986923254
1628403,False,0.0,-1.2628786905111156e-15,3.2051745217226424e-06,-1.2265369086467137e-05,3.2493925340965067e-06,1.5514761620563645e-05,7.658113261381965e-08,3.05466908696872e-06,3.407902579813382e-06
1628404,True,12934.05998264034,0.3728881074843682,-0.05047339929404682,-0.0016662549105774804,-0.04503630361868821,-0.04337004870811073,0.005192256517305137,-0.05182554826558783,-0.031869116748136084
1628405,False,0.0,-1.2628786905111156e-15,3.2051745217226424e-06,-1.2265369086467137e-05,3.2493925340965067e-06,1.5514761620563645e-05,7.658113261381965e-08,3.05466908696872e-06,3.407902579813382e-06
1628407,False,444.3990077810734,-1.995384098163427,0.00676570863410908,0.013937720314469715,0.0059274977574081955,-0.00801022255706152,0.003343185077848653,4.213135967878756e-05,0.011607385706267959
1628408,True,495.8883976260957,-0.4522076507757291,-0.4699051460149808,0.006025723727661081,-0.46716932330762206,-0.47319504703528315,0.0013610531364534927,-0.4700842453410645,-0.4639965552934624
1628409,False,0.0,-1.2628786905111156e-15,3.2051745217226424e-06,-1.2265369086467137e-05,3.2493925340965067e-06,1.5514761620563645e-05,7.658113261381965e-08,3.05466908696872e-06,3.407902579813382e-06
1628410,True,630.5198330155214,0.24584064708583864,0.14578664736972313,0.015521853194501944,0.14135156759112683,0.12582971439662488,0.01576100846828485,0.11325298408201911,0.15865771983740873
1628411,True,183.17683760247246,-1.4753523918464475,-0.0832798232841443,0.0034321085618203018,-0.07440161954536584,-0.07783372810718614,0.008857529873325222,-0.08989923555655466,-0.065495235891462
1628412,False,30.333396255875254,0.032316749185827394,-0.004676639563370777,-0.0015808360162252802,-0.003423665813751531,-0.0018428297975262506,0.0010711586094486194,-0.005686640047466648,-0.0019486817117301478
1628413,False,0.0,-1.2628786905111156e-15,3.2051745217226424e-06,-1.2265369086467137e-05,3.2493925340965067e-06,1.5514761620563645e-05,7.658113261381965e-08,3.05466908696872e-06,3.407902579813382e-06
1628414,False,60.655905824923906,0.7322888008449445,0.00926088624844712,0.0038111434544354506,0.006727318629641599,0.0029161751752061482,0.0040905105253787035,0.00015810885790312756,0.012298189296737427
1628415,True,11005.02521299921,0.6360839876273462,-0.14683603088463199,-0.10649547307202523,-0.1506937522328906,-0.044198279160865384,0.007312982307627398,-0.16838293959505546,-0.14108921044314282
1628416,False,4.32151112479829,0.13647672492136936,-0.0010305591125085167,-8.90381475361357e-05,-0.0010130556887571196,-0.0009240175412209839,9.295849999926267e-05,-0.0011838294544980754,-0.0008678785996767968
1628417,False,0.0,-1.2628786905111156e-15,3.2051745217226424e-06,-1.2265369086467137e-05,3.2493925340965067e-06,1.5514761620563645e-05,7.658113261381965e-08,3.05466908696872e-06,3.407902579813382e-06
1628418,True,4040.454835848372,-0.17698435986883804,0.18029631001738106,0.25438373947405124,0.16933229345952852,-0.08505144601452273,0.011712620105445824,0.15501133257458483,0.18505883339158197
1628419,False,37.84060554412733,0.07385442644614093,-0.009669181807798743,0.002624086424877381,-0.00992501421488394,-0.01254910063976132,0.000850331778764597,-0.011309519111250277,-0.008298425248196684
1628420,False,3429.4444816764894,1.6133262994925026,0.05582464426457423,0.02137770557025176,0.05318510065820625,0.03180739508795449,0.0025247077495904047,0.04805199643509139,0.05852047122282489
1628421,False,0.0,-1.2628786905111156e-15,3.2051745217226424e-06,-1.2265369086467137e-05,3.2493925340965067e-06,1.5514761620563645e-05,7.658113261381965e-08,3.05466908696872e-06,3.407902579813382e-06
1628422,True,219.67541716647503,-0.2380469802611207,-0.07201992847885974,0.030958454677779024,-0.07770023263152143,-0.10865868730930045,0.00876210899000192,-0.09055422502155952,-0.0650316042869582
1628424,False,83.24560458747722,-0.030219792672789403,0.004277303491438067,0.01037304466707889,0.002054570455885269,-0.008318474211193621,0.002366500136137857,-0.003929198403387013,0.005492895168520917
1628425,True,532.6273520373622,-0.6742055817450097,0.32629612048484,-0.013439863388632234,0.2562743108691035,0.26971417425773575,0.05232078681909828,0.160477684650286,0.3286480900902121
1628426,True,364.087441333794,-1.369061649198229,0.7090594198574459,0.09512530181735435,0.6986753813280089,0.6035500795106545,0.00732520273771013,0.6903158405220637,0.7143047889938898
1628427,True,793.9505384582402,0.2820097914635875,-0.021397740039738933,-0.09982364762478202,-0.030970804656129114,0.0688528429686529,0.00803078888357716,-0.046115592915042525,-0.018056586467685598
1628429,False,0.0,-1.2628786905111156e-15,3.2051745217226424e-06,-1.2265369086467137e-05,3.2493925340965067e-06,1.5514761620563645e-05,7.658113261381965e-08,3.05466908696872e-06,3.407902579813382e-06
1628430,False,4.09349279261121,-0.027730704692862394,-0.0012755151053400263,1.1769984526177613e-05,-0.0012902198534787274,-0.001301989838004905,0.00020663628366897392,-0.0016895791368065488,-0.0009023874925143671
1628432,False,429.7928667507459,-1.923533669619402,0.021009373007564225,0.07192990092498164,0.020378526283103993,-0.051551374641877645,0.0022078329351143105,0.01629000041624873,0.0239785879367167
1628435,False,13.020565728027249,-0.5933480469883001,0.003142561534749233,0.002247097211788951,0.0032629944141826517,0.0010158972023937007,0.00019589677257618966,0.002873799605987881,0.0035624281354307286
1628436,True,6507.214952590028,3.096481998740815,0.04468079314894258,-0.002188517270496071,0.04765847558908698,0.04984699285958305,0.0028048277641560056,0.04246281564533039,0.053344870301940794
1628439,False,0.0,-1.2628786905111156e-15,3.2051745217226424e-06,-1.2265369086467137e-05,3.2493925340965067e-06,1.5514761620563645e-05,7.658113261381965e-08,3.05466908696872e-06,3.407902579813382e-06
1628443,False,0.0,-1.2628786905111156e-15,3.2051745217226424e-06,-1.2265369086467137e-05,3.2493925340965067e-06,1.5514761620563645e-05,7.658113261381965e-08,3.05466908696872e-06,3.407902579813382e-06
1628444,False,0.0,-1.2628786905111156e-15,3.2051745217226424e-06,-1.2265369086467137e-05,3.2493925340965067e-06,1.5514761620563645e-05,7.658113261381965e-08,3.05466908696872e-06,3.407902579813382e-06
1628449,True,3777.673307286466,1.2037755990421,0.054083715625697915,0.034461009091479866,0.0582362106384402,0.023775201546960334,0.005984764311836413,0.05333142589162043,0.06995269591748587
1628450,False,0.0,-1.2628786905111156e-15,3.2051745217226424e-06,-1.2265369086467137e-05,3.2493925340965067e-06,1.5514761620563645e-05,7.658113261381965e-08,3.05466908696872e-06,3.407902579813382e-06
1628451,False,0.0,-1.2628786905111156e-15,3.2051745217226424e-06,-1.2265369086467137e-05,3.2493925340965067e-06,1.5514761620563645e-05,7.658113261381965e-08,3.05466908696872e-06,3.407902579813382e-06
1628455,False,60.8404252340454,0.42612673093272246,0.0014779142326993844,0.0037623542318521164,0.00034641131780854817,-0.003415942914043568,0.0037793494141498056,-0.006787991116353975,0.00851341535619543
1628462,False,0.0,-1.2628786905111156e-15,3.2051745217226424e-06,-1.2265369086467137e-05,3.2493925340965067e-06,1.5514761620563645e-05,7.658113261381965e-08,3.05466908696872e-06,3.407902579813382e-06
1628463,False,0.0,-1.2628786905111156e-15,3.2051745217226424e-06,-1.2265369086467137e-05,3.2493925340965067e-06,1.5514761620563645e-05,7.658113261381965e-08,3.05466908696872e-06,3.407902579813382e-06
1628464,True,2538.341198681688,0.0969354347560798,0.019785925768818657,0.2278551290602273,0.021316704299858796,-0.20653842476036852,0.003920332918385387,0.011755848716562767,0.028150647089710823
1628467,True,3992.7987036723152,0.8367167623943734,-0.016581651682399334,0.023960624774527428,-0.013764411125599785,-0.03772503590012721,0.004962671127622766,-0.02112365162277574,-0.0018474256577870607
1628469,False,0.0,-1.2628786905111156e-15,3.2051745217226424e-06,-1.2265369086467137e-05,3.2493925340965067e-06,1.5514761620563645e-05,7.658113261381965e-08,3.05466908696872e-06,3.407902579813382e-06
1628470,True,3255.1222498342336,-2.859350154678177,0.03596178017359186,0.08045893600799126,0.0498195470925924,-0.030639388915398857,0.008415604982216272,0.03607281873671786,0.06769350686142417
1628475,False,0.0,-1.2628786905111156e-15,3.2051745217226424e-06,-1.2265369086467137e-05,3.2493925340965067e-06,1.5514761620563645e-05,7.658113261381965e-08,3.05466908696872e-06,3.407902579813382e-06
1628476,False,37.66572234973738,0.26436093836226826,0.007697960935695192,-0.0018436018330172388,0.007257365166197571,0.00910096699921481,0.0012910734299919394,0.005421895637999163,0.009319225670096631
1628492,False,0.0,-1.2628786905111156e-15,3.2051745217226424e-06,-1.2265369086467137e-05,3.2493925340965067e-06,1.5514761620563645e-05,7.658113261381965e-08,3.05466908696872e-06,3.407902579813382e-06
1628493,False,0.0,-1.2628786905111156e-15,3.2051745217226424e-06,-1.2265369086467137e-05,3.2493925340965067e-06,1.5514761620563645e-05,7.658113261381965e-08,3.05466908696872e-06,3.407902579813382e-06
1628495,False,0.0,-1.2628786905111156e-15,3.2051745217226424e-06,-1.2265369086467137e-05,3.2493925340965067e-06,1.5514761620563645e-05,7.658113261381965e-08,3.05466908696872e-06,3.407902579813382e-06
1628499,False,4.301428808086945,0.031395804031135066,0.0009749712730138665,-0.00028753941633265223,0.0008790179568264334,0.0011665573731590856,0.0001297596587935148,0.0006289490647004015,0.0010751634558358175
1628500,False,0.0,-1.2628786905111156e-15,3.2051745217226424e-06,-1.2265369086467137e-05,3.2493925340965067e-06,1.5514761620563645e-05,7.658113261381965e-08,3.05466908696872e-06,3.407902579813382e-06
1628502,True,396.39533014976536,-6.557553894239811,-0.551502660982254,0.1967399003833039,-0.5484240586987514,-0.7451639590820553,0.003537868993554129,-0.5529306778670806,-0.5416138640011106
1628503,False,0.0,-1.2628786905111156e-15,3.2051745217226424e-06,-1.2265369086467137e-05,3.2493925340965067e-06,1.5514761620563645e-05,7.658113261381965e-08,3.05466908696872e-06,3.407902579813382e-06
1628504,False,0.0,-1.2628786905111156e-15,3.2051745217226424e-06,-1.2265369086467137e-05,3.2493925340965067e-06,1.5514761620563645e-05,7.658113261381965e-08,3.05466908696872e-06,3.407902579813382e-06
1628505,False,0.0,-1.2628786905111156e-15,3.2051745217226424e-06,-1.2265369086467137e-05,3.2493925340965067e-06,1.5514761620563645e-05,7.658113261381965e-08,3.05466908696872e-06,3.407902579813382e-06
1628506,False,0.0,-1.2628786905111156e-15,3.2051745217226424e-06,-1.2265369086467137e-05,3.2493925340965067e-06,1.5514761620563645e-05,7.658113261381965e-08,3.05466908696872e-06,3.407902579813382e-06
1628510,False,0.0,-1.2628786905111156e-15,3.2051745217226424e-06,-1.2265369086467137e-05,3.2493925340965067e-06,1.5514761620563645e-05,7.658113261381965e-08,3.05466908696872e-06,3.407902579813382e-06
1628513,False,0.7968083772548,0.010034059762751853,-0.00030554797759955316,0.00013323020871597313,-0.00023901830972169157,-0.0003722485184376647,9.646154913454549e-05,-0.00039043888143924094,-3.298570633809145e-05
1628515,False,0.0,-1.2628786905111156e-15,3.2051745217226424e-06,-1.2265369086467137e-05,3.2493925340965067e-06,1.5514761620563645e-05,7.658113261381965e-08,3.05466908696872e-06,3.407902579813382e-06
1628518,False,0.0,-1.2628786905111156e-15,3.2051745217226424e-06,-1.2265369086467137e-05,3.2493925340965067e-06,1.5514761620563645e-05,7.658113261381965e-08,3.05466908696872e-06,3.407902579813382e-06
1628537,False,5.642014337640292,0.24991652079148247,-0.0005528943062877989,-0.0004718141356885863,-0.000574191802214602,-0.00010237766652601565,8.039495029383043e-05,-0.0007389768764282656,-0.0004477425257700951
1628539,True,267.8159075136658,0.5922965878148904,0.03468924557237252,0.00380418217514944,0.030347955525093062,0.026543773349943622,0.0038674239984164203,0.02505699030832187,0.03842751071423156
1628571,False,0.0,-1.2628786905111156e-15,3.2051745217226424e-06,-1.2265369086467137e-05,3.2493925340965067e-06,1.5514761620563645e-05,7.658113261381965e-08,3.05466908696872e-06,3.407902579813382e-06
1628578,False,7.493017645060545,0.11377524353000906,-0.00263463711451431,-0.0006663717630576715,-0.0021922194141911766,-0.001525847651133505,0.0008747056034241875,-0.00362527196025271,-0.0004816727519758729
1628591,True,5.535144912279501,-0.018217677141725522,0.0156576072159635,0.04328703432115524,-0.00558561058395176,-0.048872644905107,0.024143537174249847,-0.03228997107600372,0.01584476217321111
1628605,False,0.0,-1.2628786905111156e-15,3.2051745217226424e-06,-1.2265369086467137e-05,3.2493925340965067e-06,1.5514761620563645e-05,7.658113261381965e-08,3.05466908696872e-06,3.407902579813382e-06
1628656,False,0.0,-1.2628786905111156e-15,3.2051745217226424e-06,-1.2265369086467137e-05,3.2493925340965067e-06,1.5514761620563645e-05,7.658113261381965e-08,3.05466908696872e-06,3.407902579813382e-06
1628681,False,0.0,-1.2628786905111156e-15,3.2051745217226424e-06,-1.2265369086467137e-05,3.2493925340965067e-06,1.5514761620563645e-05,7.658113261381965e-08,3.05466908696872e-06,3.407902579813382e-06
1628769,False,0.0,-1.2628786905111156e-15,3.2051745217226424e-06,-1.2265369086467137e-05,3.2493925340965067e-06,1.5514761620563645e-05,7.658113261381965e-08,3.05466908696872e-06,3.407902579813382e-06
1628778,False,136.43878199555522,-1.0735498094037346,0.03811787313292703,0.012255002933301062,0.037553025429283515,0.025298022495982453,0.0010772992588596276,0.035140251958008406,0.03936509089504181
1628935,False,0.0,-1.2628786905111156e-15,3.2051745217226424e-06,-1.2265369086467137e-05,3.2493925340965067e-06,1.5514761620563645e-05,7.658113261381965e-08,3.05466908696872e-06,3.407902579813382e-06
1628959,False,0.0,-1.2628786905111156e-15,3.2051745217226424e-06,-1.2265369086467137e-05,3.2493925340965067e-06,1.5514761620563645e-05,7.658113261381965e-08,3.05466908696872e-06,3.407902579813382e-06
1628960,True,9653.67814103899,1.5468846787317085,-0.2184814371242949,-0.24614612811079706,-0.23343629206400407,0.012709836046792988,0.022449044112780845,-0.2726465741604689,-0.20080806195903422
1628961,False,16.300336625473005,0.30134611338010403,-0.007497593547500125,-0.002931917770296777,-0.006690231657112966,-0.003758313886816189,0.0007951031775551483,-0.00760988668025947,-0.005051094410163548
1628962,True,391.2475512958599,-2.717540141314144,0.11234687017930423,-0.020809793534833254,0.05961070917589106,0.08042050271072432,0.0875083524241369,-0.07309469261076096,0.11932721077819508
1628963,True,5061.2490259301885,1.4525423028271067,-0.3090582006269589,-0.04491296283119217,-0.31718044212001084,-0.27226747928881867,0.012347171614060756,-0.34071962110739307,-0.3042965718451298
1628964,True,2525.4618263839593,-1.7118538137801131,0.07941048537032502,0.14374306843402263,0.11017857274811149,-0.03356449568591113,0.041578105602233954,0.06379661923193058,0.18755626585698693
1628966,True,1782.6662478364963,-0.3085563894594495,0.036500690244254064,0.08981046988535868,0.034986234881508094,-0.054824235003850585,0.0020816005542681764,0.03109546669779306,0.03831583023054708
1628968,False,3.9908229415461354,-0.028157387142179482,-0.001584329876510547,-0.00041578950097708595,-0.0015154991500211518,-0.0010997096490440658,0.00012640153610772806,-0.0017649410801823875,-0.0012788031188809973
1628969,True,15794.873538366595,1.129437598529621,0.04183604267780949,0.028651379780695985,0.037584365418094956,0.008932985637398971,0.004582940321730961,0.03006050771609714,0.04637039169686985
1628970,True,11905.188100597234,-0.2959520753211543,0.10817827316689077,0.09163452551286916,0.09615817062718648,0.004523645114317326,0.009633956679015353,0.07259984331910241,0.1128419389413553
1628971,True,9468.491421721104,-2.2120282793139623,0.01180548492653255,0.05358436852134085,0.022361481987934972,-0.03122288653340588,0.011400255496070686,0.0020748369556420343,0.03960283793331287
1628972,True,2333.377978020729,-1.470026599144059,0.15737708959428187,0.03386547074398205,0.15605251013541754,0.12218703939143549,0.007704042646852894,0.14451029310340568,0.17644959118826242
1628973,True,13677.79549223567,4.336876774978861,-0.06397834890154108,0.013725162650611189,-0.0547592135817645,-0.06848437623237569,0.006857223532170797,-0.06719418233736452,-0.04452565803323072
1628975,True,4748.283580175939,-1.282690026329161,0.40095877457601115,0.178426467148586,0.39979765625053243,0.22137118910194642,0.016256553706912587,0.3773715198102596,0.4245712003614883
1628976,True,10640.451540999296,1.847062251796053,0.09875986463458464,0.06038077755083027,0.08340888907560862,0.02302811152477835,0.018196276280437098,0.04503890376408881,0.10402765947298143
1628977,False,1327.0849401242117,0.26188928076567053,-0.015203263981375281,0.0552073709231089,-0.010626972306465032,-0.06583434322957393,0.013085074842826146,-0.026199692047069956,0.010481101885015054
1628978,True,11625.08045656375,3.0647725288537653,0.1610633690494172,-0.07577714561409721,0.16674852416027308,0.2425256697743703,0.007364990697377259,0.15595653509416918,0.17936996428599095
1628979,False,0.0,-1.2628786905111156e-15,3.2051745217226424e-06,-1.2265369086467137e-05,3.2493925340965067e-06,1.5514761620563645e-05,7.658113261381965e-08,3.05466908696872e-06,3.407902579813382e-06
1628980,False,0.0,-1.2628786905111156e-15,3.2051745217226424e-06,-1.2265369086467137e-05,3.2493925340965067e-06,1.5514761620563645e-05,7.658113261381965e-08,3.05466908696872e-06,3.407902579813382e-06
1628981,True,1143.9656846603627,-1.6058346434074118,0.23060820347206934,-0.03493192716208138,0.23302261224466836,0.26795453940674974,0.00852591357948239,0.21120688567303803,0.24849505515524406
1628982,False,60.9419733824938,-1.6587088489789004,0.008665368189452183,0.002726939321740174,0.0082240889148395,0.005497149593099326,0.0012612116136328946,0.005878640876631369,0.010029842526475763
1628983,True,12832.847121426823,10.376402163192967,0.2596566302033967,-0.022009493521270684,0.25715746169168163,0.2791669552129523,0.005773906539246961,0.23442697112389688,0.2615788402867292
1628984,True,2165.568850714987,0.5180906358740978,0.06293138230512729,-0.0265727688760935,0.059064271905983956,0.08563704078207746,0.01859003025630783,0.030476265530229307,0.10661027484334407
1628985,False,11.235462166036601,-0.2156789874914945,-0.00044242753073509,-0.0005693991649375896,-0.00028045662419690087,0.0002889425407406887,0.00037747059764070524,-0.0008123058489685198,0.00041571327103373523
1628987,False,5.999889916527406,-0.28091756814087937,-8.582560672737438e-05,-0.0008380292897768871,-0.00023481278470860456,0.0006032165050682825,0.00012393156380345166,-0.0004687549297502369,-1.8464254725736318e-05
1628988,True,5086.660673402903,2.5158766253744402,0.20337613003091048,0.004873305670491046,0.1822670132208306,0.17739370755033956,0.019270295110993475,0.1528107234764522,0.21459678563804419
1628989,True,9563.865650279378,2.2795452544076866,0.2553245962190731,0.14550320100963576,0.261175771439635,0.11567257042999923,0.00743228666155041,0.2508878360365827,0.2760018339915189
1628990,False,93.14747916191493,-0.5178384838893124,0.010355446267770407,0.033633855357294296,0.009009446277359334,-0.02462440907993496,0.0015383963241953227,0.00704289958114912,0.012224939989970318
1628991,True,9967.981587277387,3.078404059489613,0.011006681343738833,-0.03206987406809336,0.008983850085709566,0.04105372415380293,0.003880909007795675,0.0014458162254498141,0.01530964562382131
1628993,False,131.54061306266163,0.00963925347675873,-0.004768921351013228,0.01766961293309477,-2.2750412557823174e-05,-0.017692363345652592,0.004561247486897982,-0.005861540213084354,0.00895353668562024
1628994,False,6.636097174608826,-0.6978770106060465,0.002837047793937564,0.002388107953844254,0.0037258937732217445,0.0013377858193774905,0.0003488878214805111,0.003116914127450743,0.004418317565128449
1628995,False,1342.983277652851,-0.4761995441884197,-0.003632018168548079,-0.028129460534554562,0.0029067988137190803,0.031036259348273643,0.006797245679616998,-0.005791343318343856,0.015734073668908888
1628997,True,6845.857085985724,-2.1254876118131163,0.2357308784867007,0.12505486298247437,0.236415271456754,0.11136040847427964,0.005185738390882404,0.22765794277016504,0.24343177823447792
1628998,True,3274.8226318328025,-0.7393485952768998,0.09718254090076706,-0.05705438448997757,0.1113410464374206,0.16839543092739817,0.018250966415796165,0.09788540580465399,0.15802915382946692
1628999,False,0.0,-1.2628786905111156e-15,3.2051745217226424e-06,-1.2265369086467137e-05,3.2493925340965067e-06,1.5514761620563645e-05,7.658113261381965e-08,3.05466908696872e-06,3.407902579813382e-06
1629001,True,5647.661457867819,2.4171909802292406,-0.012556539869325256,-0.0019855149640952696,-0.028026881423421024,-0.026041366459325754,0.021183478524521102,-0.06371874142916978,-0.011532739931546132
1629002,True,1755.1663576009128,-1.621421920555187,-0.12265783530683683,-0.13706687585262767,-0.11887576101190866,0.018191114840719003,0.0076136922310859265,-0.12808208949636235,-0.10470395368818952
1629003,True,3321.0058132949307,-1.1640547077378476,-0.08160701137408743,0.08812651042906205,-0.09717884102235197,-0.18530535145141402,0.01955433361999321,-0.1334441159546751,-0.06642554036692494
1629004,True,4764.150189540388,2.0728649434699107,0.19605910340822774,-0.016586876926020455,0.19529832427763605,0.2118852012036565,0.004082129544667595,0.1852327276327359,0.20130106059657793
1629005,True,0.0,-1.2628786905111156e-15,0.038998613665979995,-0.1016758083035328,0.034148171642067134,0.13582397994559994,0.0056663141240822605,0.027520695564481015,0.03959082852994071
1629006,True,5857.956432044049,-1.1270131940172008,0.06722020866112333,0.038684888676025375,0.0682450356497144,0.029560146973689028,0.008461263878079918,0.058174809388014115,0.08688860365409967
1629007,False,344.72897593871625,-0.11390547685831764,-0.07687794376330626,0.016661312158581465,-0.0792589019603685,-0.09592021411894996,0.002883751984860457,-0.0862989365578839,-0.07476571873557736
1629008,True,11122.335945377881,2.8687525154847333,-0.2951276515895649,0.06291744214316042,-0.2928698463233066,-0.355787288466467,0.0032261816074490362,-0.2978038621999284,-0.2860328900202953
1629010,False,187.62190267015046,0.7693928813431248,0.006294830100571414,0.00485036939353678,0.003918361736258369,-0.0009320076572784108,0.002390685976253849,0.00025682884064881506,0.010352186759824855
1629011,True,5369.365641603066,0.6466558115611054,0.08796598953389845,0.07048511831907156,0.08466127167064108,0.01417615335156952,0.003332115306374492,0.07953010123480952,0.09303748069710727
1629012,True,9087.640423872215,0.479492365789449,0.041107399040476,0.034583954798953265,0.03946733470431296,0.004883379905359697,0.0058650564199807164,0.026102178922617014,0.05032215210282498
1629013,True,5573.612723323833,2.1082021305848375,0.18644903562125892,0.04727928417583849,0.1852563645092955,0.13797708033345701,0.007462699271243839,0.17289824479034355,0.19767619828372318
1629014,True,9633.88647547756,-0.7270867881597347,0.16227804213583985,0.09337012753832707,0.16487474040789385,0.07150461286956677,0.010300016101988075,0.1523863836326781,0.1821999679934777
1629015,False,0.0,-1.2628786905111156e-15,3.2051745217226424e-06,-1.2265369086467137e-05,3.2493925340965067e-06,1.5514761620563645e-05,7.658113261381965e-08,3.05466908696872e-06,3.407902579813382e-06
1629016,False,0.0,-1.2628786905111156e-15,3.2051745217226424e-06,-1.2265369086467137e-05,3.2493925340965067e-06,1.5514761620563645e-05,7.658113261381965e-08,3.05466908696872e-06,3.407902579813382e-06
1629017,False,39.67897379846346,0.3987704824842323,0.014100830475758164,0.012761468049022895,0.013459244879526544,0.0006977768305036491,0.0010992200696484725,0.011443757536045984,0.015364265292886148
1629018,True,9635.684783065532,-3.87466482402201,0.20406203231123854,-0.009862843183330305,0.2032321314715846,0.2130949746549149,0.005006410319404753,0.1903648661215258,0.20999532821043854
1629019,False,0.0,-1.2628786905111156e-15,3.2051745217226424e-06,-1.2265369086467137e-05,3.2493925340965067e-06,1.5514761620563645e-05,7.658113261381965e-08,3.05466908696872e-06,3.407902579813382e-06
1629020,True,5670.974018209292,-1.056225420189333,-0.37220216046073107,0.014682220365349163,-0.3660626031563692,-0.38074482352171835,0.010410597936625967,-0.38157002881488356,-0.34301725627659163
1629021,True,4095.733984999073,-1.1142196098450365,-0.04384116116725667,0.006446747248827878,-0.03717973765868243,-0.04362648490751031,0.027120685356805202,-0.07664113671976236,-0.0005512935781963879
1629022,True,3300.707845785785,-1.9617579791954305,0.08633169204579305,0.0755705950488268,0.084416772972564,0.008846177923737208,0.009205596376531958,0.07474842801158732,0.11834148964116453
1629023,True,10729.826400439495,0.004823330732171477,0.06948727712949615,0.04442454729051695,0.056659499572991726,0.012234952282474773,0.00901294616250878,0.04161272747254244,0.06978387984986914
1629026,True,5754.631569715351,1.9977353700622418,0.1855874877100847,-0.02419714169766518,0.1856206848624815,0.2098178265601467,0.0033869149328513482,0.1801442697011768,0.19242633156955558
1629027,True,9136.522322023866,0.41646558487206864,0.14596865251688484,-0.02742973353790301,0.14875015469064345,0.17617988822854647,0.02263948290682895,0.10920307770916349,0.1845399192416357
1629028,True,9689.101143046528,-0.5924445109787504,-0.3113643883950403,-0.14801097222072634,-0.3087556339784785,-0.16074466175775215,0.01536195009223603,-0.32440469395828453,-0.2806328984452855
1629029,True,12275.134045682837,3.462438837335778,0.4605901627594329,0.13123818810637378,0.4674444414259371,0.33620625331956333,0.004871794004075147,0.458534807184118,0.4768292161479053
1629033,False,247.95259376937375,-2.176274386441289,-0.029747230223114762,0.00019039085244676457,-0.028305229139407917,-0.02849561999185468,0.0022058136121264537,-0.03355765042106329,-0.025117943917583485
1629034,False,4.364996956153158,-0.18941622912020448,-0.001896316554949956,-0.0004612705333238154,-0.001153108875661335,-0.0006918383423375196,0.0005456996549938551,-0.002174317665619846,-0.0005124927270891144
1629035,False,103.69737668775632,-0.3109487017474324,0.005130005203610621,0.015904774249298703,0.0032172735410367914,-0.012687500708261912,0.001983507284940582,-0.0022757761388726983,0.006855009371379006
1629044,False,0.0,-1.2628786905111156e-15,3.2051745217226424e-06,-1.2265369086467137e-05,3.2493925340965067e-06,1.5514761620563645e-05,7.658113261381965e-08,3.05466908696872e-06,3.407902579813382e-06
1629045,False,0.0,-1.2628786905111156e-15,3.2051745217226424e-06,-1.2265369086467137e-05,3.2493925340965067e-06,1.5514761620563645e-05,7.658113261381965e-08,3.05466908696872e-06,3.407902579813382e-06
1629048,True,5608.914336424944,2.0197443944230944,0.09865417349845051,0.01849175288155047,0.09488210068741987,0.0763903478058694,0.004855728100500131,0.08369727532557647,0.10344170976873102
1629052,True,2029.269738100347,-0.0711146835676435,-0.29845527957024043,-0.0011045150978659102,-0.27004464290749797,-0.26894012780963206,0.03671105932497551,-0.2983538685742637,-0.2035452871623502
1629053,False,0.0,-1.2628786905111156e-15,3.2051745217226424e-06,-1.2265369086467137e-05,3.2493925340965067e-06,1.5514761620563645e-05,7.658113261381965e-08,3.05466908696872e-06,3.407902579813382e-06
1629055,False,0.0,-1.2628786905111156e-15,3.2051745217226424e-06,-1.2265369086467137e-05,3.2493925340965067e-06,1.5514761620563645e-05,7.658113261381965e-08,3.05466908696872e-06,3.407902579813382e-06
1629056,True,950.5002250695765,-0.38871331011574695,-0.036909933997575584,-0.03759456268281558,-0.03621469520665366,0.0013798674761619223,0.0014848562114267503,-0.040272474497982325,-0.03358332818839893
1629057,True,4098.522323905869,3.1779388431899784,0.3867767255510026,0.04960785018552949,0.3909999022685451,0.3413920520830156,0.004857243461564366,0.38535693260273884,0.40283362371151954
1629058,False,15.194266146254595,0.31969185112255155,0.003978703362464808,0.0032565010738074274,0.005288427407693974,0.0020319263338865468,0.0008674492889647191,0.004142626049442488,0.00683282873307367
1629059,False,2.214361240180369,0.003606113746809886,-0.0017377383084368342,-0.00021313621789577353,-0.001708378063078133,-0.0014952418451823594,7.765798901825456e-05,-0.0017962586224649496,-0.0015676817265616455
1629060,True,9934.417864347377,1.5089562209142195,-0.10389263519578074,-0.10865269712117409,-0.10778594846630152,0.0008667486548725734,0.005305957494484492,-0.11804953028906251,-0.09949266281441926
1629061,False,0.0,-1.2628786905111156e-15,3.2051745217226424e-06,-1.2265369086467137e-05,3.2493925340965067e-06,1.5514761620563645e-05,7.658113261381965e-08,3.05466908696872e-06,3.407902579813382e-06
1629065,False,0.0,-1.2628786905111156e-15,3.2051745217226424e-06,-1.2265369086467137e-05,3.2493925340965067e-06,1.5514761620563645e-05,7.658113261381965e-08,3.05466908696872e-06,3.407902579813382e-06
1629066,True,62.00767108883657,0.16741984556911255,0.009729916270872552,-0.012842705214423822,0.001634188252366553,0.014476893466790375,0.016786146765034347,-0.026033807888602878,0.01647951400986275
1629067,True,165.32060753869538,-0.4316382564809331,-0.10968687623954576,-0.0007412997371574193,-0.10107631879891299,-0.10033501906175557,0.015731885522622186,-0.11279675096305664,-0.07189414117951787
1629076,False,184.50941088183208,-1.181607189440066,0.017844329635299028,0.001388353046099855,0.017723161051259373,0.016334808005159518,0.0012665095706360986,0.014979547766204693,0.01994751806679984
1629083,False,1.9444273680059423,-0.2438651709501951,0.0012650315992267513,0.0006552178949917331,0.0011954394242952304,0.0005402215293034973,6.797146615533874e-05,0.0010203180001631118,0.0012901918017310665
1629091,False,8.249053722126117,0.1519438711927617,-0.002056341673108114,-0.0013948584465565683,-0.002304517983793275,-0.0009096595372367067,0.00036093981221710006,-0.0030245949744823752,-0.00181680244841248
1629093,False,0.0,-1.2628786905111156e-15,3.2051745217226424e-06,-1.2265369086467137e-05,3.2493925340965067e-06,1.5514761620563645e-05,7.658113261381965e-08,3.05466908696872e-06,3.407902579813382e-06
1629094,False,0.0,-1.2628786905111156e-15,3.2051745217226424e-06,-1.2265369086467137e-05,3.2493925340965067e-06,1.5514761620563645e-05,7.658113261381965e-08,3.05466908696872e-06,3.407902579813382e-06
1629098,False,61.876422786443534,-0.6058024751636093,-0.010726722801817634,-0.009695046417482422,-0.010144114489413991,-0.0004490680719315687,0.0008641311380729347,-0.011386835523940486,-0.008428750869627466
1629102,False,0.0,-1.2628786905111156e-15,3.2051745217226424e-06,-1.2265369086467137e-05,3.2493925340965067e-06,1.5514761620563645e-05,7.658113261381965e-08,3.05466908696872e-06,3.407902579813382e-06
1629103,False,231.75329449415915,0.23101668683253418,0.021368552233503757,-0.030994670618282538,0.019746198894700084,0.05074086951298262,0.008393646265977762,0.0014219644853493696,0.02858951067912352
1629109,True,309.7808426916015,-0.8444311518827172,-0.14843056026060153,-0.017271039452967374,-0.14614403883030147,-0.1288729993773341,0.007825419633864404,-0.15738943230694113,-0.13373857984233695
1629111,True,5508.9829270369355,1.6580254818783262,0.10625087358044083,0.029821842793622988,0.10621570095177835,0.07639385815815536,0.004408530371045234,0.09793153841369473,0.11699402510819268
1629116,False,0.0,-1.2628786905111156e-15,3.2051745217226424e-06,-1.2265369086467137e-05,3.2493925340965067e-06,1.5514761620563645e-05,7.658113261381965e-08,3.05466908696872e-06,3.407902579813382e-06
1629117,True,852.0535688827887,1.7407374084628742,0.10834538568630125,0.06124827002854394,0.09983360023224463,0.038585330203700696,0.020085961718551665,0.015326406677183213,0.10861717297420315
1629118,False,0.0,-1.2628786905111156e-15,3.2051745217226424e-06,-1.2265369086467137e-05,3.2493925340965067e-06,1.5514761620563645e-05,7.658113261381965e-08,3.05466908696872e-06,3.407902579813382e-06
1629121,False,4.169030693704605,-0.27060167978057637,0.007376473401229766,0.00021176534951472537,0.006991788221298867,0.0067800228717841415,0.0003352547868515757,0.006055912314181899,0.0074924810634610095
1629122,False,0.0,-1.2628786905111156e-15,3.2051745217226424e-06,-1.2265369086467137e-05,3.2493925340965067e-06,1.5514761620563645e-05,7.658113261381965e-08,3.05466908696872e-06,3.407902579813382e-06
1629123,False,0.0,-1.2628786905111156e-15,3.2051745217226424e-06,-1.2265369086467137e-05,3.2493925340965067e-06,1.5514761620563645e-05,7.658113261381965e-08,3.05466908696872e-06,3.407902579813382e-06
1629126,False,17.128831753055934,-0.4914377575418869,8.131417140266883e-05,-0.0009019270088474474,-0.00014583824767450126,0.0007560887611729461,0.00018803385405561014,-0.00046898353830543416,0.0002492198463159845
1629130,True,10346.779342091873,3.162441831505534,0.3052685258895753,0.07707404147576202,0.3095154717534281,0.23244143027766606,0.004767316723247107,0.30017065280970767,0.31966207752431197
1629133,False,0.0,-1.2628786905111156e-15,3.2051745217226424e-06,-1.2265369086467137e-05,3.2493925340965067e-06,1.5514761620563645e-05,7.658113261381965e-08,3.05466908696872e-06,3.407902579813382e-06
1629134,False,962.5573294216927,-1.2634172861995019,-0.06247228053707654,0.02594783557607494,-0.06140437884109917,-0.08735221441717411,0.0038948300308452523,-0.0692976833784047,-0.048651195584413776
1629139,True,1229.577874131269,-0.271089462397872,0.1121699246442355,0.16292647976097957,0.10785598486950884,-0.055070494891470714,0.010503836646358813,0.08765013917181122,0.11939602040133696
1629140,False,8.262115283889344,0.061861995457583,-0.0007253707573956769,0.0003652109179509491,-0.0006901655273883686,-0.0010553764453393177,0.0003258838506483586,-0.001384855933964084,-0.00020476462552675156
1629147,False,0.0,-1.2628786905111156e-15,3.2051745217226424e-06,-1.2265369086467137e-05,3.2493925340965067e-06,1.5514761620563645e-05,7.658113261381965e-08,3.05466908696872e-06,3.407902579813382e-06
1629150,False,6.354384251217148,-0.7207147196397059,0.0008847123317239358,-0.001136733572864257,0.0009559149645560483,0.002092648537420305,9.797888398905092e-05,0.0007406752628242863,0.0011579158308772097
1629151,False,0.0,-1.2628786905111156e-15,3.2051745217226424e-06,-1.2265369086467137e-05,3.2493925340965067e-06,1.5514761620563645e-05,7.658113261381965e-08,3.05466908696872e-06,3.407902579813382e-06
1629152,False,0.0,-1.2628786905111156e-15,3.2051745217226424e-06,-1.2265369086467137e-05,3.2493925340965067e-06,1.5514761620563645e-05,7.658113261381965e-08,3.05466908696872e-06,3.407902579813382e-06
1629155,False,0.0,-1.2628786905111156e-15,3.2051745217226424e-06,-1.2265369086467137e-05,3.2493925340965067e-06,1.5514761620563645e-05,7.658113261381965e-08,3.05466908696872e-06,3.407902579813382e-06
1629162,True,2581.8634209979805,0.5993584894010353,0.043465761514389634,0.06743015105248795,0.046291186827129405,-0.021138964225358547,0.003618959682864649,0.04071397108434449,0.05220089044889753
1629164,True,330.2090088557377,-2.6281650506469685,0.028036952790652325,0.09332639933707787,0.04730934505323914,-0.04601705428383873,0.03036187746772975,0.022286375369011235,0.0952698363871316
1629168,False,28.883716639119047,-0.08532944491478017,0.0038483451831054505,-0.0008717990474385873,0.003095599946019545,0.003967398993458132,0.0010578503927861748,0.0015736529012418954,0.005337052318693025
1629185,True,212.40577046726824,-0.2757806350591385,0.013275630410903072,-0.017027197758512913,0.01418690844157977,0.031214106200092684,0.012747276335560408,-0.009744407725184367,0.03227049998331133
1629203,False,5.077667487700269,-0.28483036412474544,0.004547169959104258,0.003561510556287395,0.004566587015440826,0.0010050764591534311,8.078625504786794e-05,0.004441552483825106,0.0047326735270137865
1629216,True,5879.670903004528,0.83487206779788,-0.012641869810407491,-0.09553715817530117,-0.014722198495595862,0.08081495967970531,0.005354572362090042,-0.023373287701019985,-0.004161109824327491
1629232,False,6.01541666947681,0.12302081967567793,0.00019555353864594838,-0.0038979148452581297,0.0011536030497773797,0.005051517895035509,0.0005829794993761954,8.677593101062697e-05,0.002411787083960615
1629234,True,4795.088029217487,-3.550050817071566,-0.02377637620827988,0.026565334975682475,-0.0265517877169672,-0.053117122692649676,0.006566827255072672,-0.03864629182703139,-0.01628834672203583
1629244,False,10.481551861096097,-0.26706700573192654,0.004374690673122628,0.002956677463377133,0.004716424098715921,0.001759746635338788,0.0006020781640470097,0.004020987862575542,0.00607623057068063
1629308,False,1065.900423989497,-0.909273123767121,-0.002645737675221138,-0.02962907755474431,0.0028195730718533207,0.03244865062659763,0.00668734756175591,-0.003590943411927894,0.01594220411768066
1629309,False,5.834346483144017,-0.2454851423298301,0.002075283427644098,-0.0018291890715754489,0.0019645824516412724,0.0037937715232167213,0.00020438340742464362,0.0015805901429107039,0.002267191200852392
1629312,True,4479.015328459649,-0.871548949647226,0.022757113907298177,-0.021336421401489503,0.021279529026125066,0.04261595042761457,0.004026511452053535,0.011733013491190825,0.03056843989582836
1629346,False,21.24169828972353,-0.662175963421872,-0.008384906541936687,-0.004171871508249825,-0.008310797421076765,-0.004138925912826941,0.00031684171597099435,-0.008844920620684427,-0.0077417268295343344
1629353,False,0.0,-1.2628786905111156e-15,3.2051745217226424e-06,-1.2265369086467137e-05,3.2493925340965067e-06,1.5514761620563645e-05,7.658113261381965e-08,3.05466908696872e-06,3.407902579813382e-06
1629541,False,0.0,-1.2628786905111156e-15,3.2051745217226424e-06,-1.2265369086467137e-05,3.2493925340965067e-06,1.5514761620563645e-05,7.658113261381965e-08,3.05466908696872e-06,3.407902579813382e-06
1629597,False,5.5932989815647725,-0.016258687333353672,-0.004359475607404045,-0.0009562831941705707,-0.004094935691556965,-0.0031386524973863947,0.0002162971875856817,-0.004448944152971812,-0.003755872514787817
1629598,False,7.273136861451928,-0.07780356934643579,0.00042930758454104434,0.0007014793179082046,0.0007603322343032459,5.885291639504131e-05,0.0002602851145152577,0.0003223697845555207,0.001173467583394594
1629599,True,5771.530948005067,-2.692793312653866,-0.09021838389203962,-0.015302468036502592,-0.08819693634691683,-0.07289446831041424,0.003909402554179068,-0.09243558191687251,-0.07744177743700309
1629600,False,4.2844044557853245,0.1315058544455567,-0.004036384744153021,-0.0020146500976013504,-0.004725361125848454,-0.0027107110282471036,0.0009558242885652072,-0.006241814351034131,-0.0039165050859381045
1629602,False,0.9776262458131924,-0.05020452744610257,-0.0008198358078682633,0.0003355743007520673,-0.0008792935598871329,-0.0012148678606392002,7.544282750212769e-05,-0.0010414043205570211,-0.0007712412735374763
1629603,True,225.71546402749854,-0.3774004569128113,0.02471833097487597,0.012884742540392846,0.026614465266329268,0.013729722725936422,0.0041602939762792,0.018667100985456653,0.033439954617179524
1629604,True,470.43261178593696,-1.9327514714538014,0.1689043906398635,0.1538331940874278,0.26864434149048355,0.11481114740305576,0.1591328955448909,0.16169528462452476,0.5076669774039804
1629605,True,52.86192083817426,0.758865203943356,0.06580562623288422,-0.035815751593077705,0.08483273827415871,0.12064848986723642,0.020989671879220274,0.06482629529110673,0.10861521117864825
1629606,False,25.49735349817207,-0.21484486435332617,0.004569527410555829,0.0011659449461528526,0.0031560680744903147,0.001990123128337462,0.0029103508387684925,-0.0021490143559099173,0.006673069959635458
1629607,False,20.38234687491248,-0.2849037222630224,0.009747617550869503,0.0021192721326012687,0.010112888799224784,0.007993616666623515,0.0005239613628625252,0.00940146541516318,0.011022085009070925
1629608,False,3.117773495427355,0.031205391790724457,-0.0015285548788448733,0.0003769234812169703,-0.001496544657825484,-0.0018734681390424543,0.000151404344058713,-0.001759250611037863,-0.0012953658517525363
1629610,True,1931.8241439969097,-3.8310528636744063,-0.0017780117109826854,-0.04377639952236212,-0.004496110103247464,0.039280289419114656,0.005459888273206504,-0.019925987499650244,0.0024266128751282423
1629611,True,9051.758516971895,0.01797163484551878,-0.18638071919764143,-0.12285254883266983,-0.18660602617706976,-0.06375347734439993,0.005302177098233312,-0.1984183757626995,-0.1801581343885027
1629614,True,8923.186838951073,-2.115841333643887,0.6539294478523732,0.362316313733543,0.6483932820670475,0.2860769683335045,0.005703966542085474,0.6398129368446284,0.6575622523744047
1629617,True,116.33230194293274,-2.1174713752982686,-0.030829410305446725,-0.0844647493888111,-0.03543556026830563,0.04902918912050547,0.013717698892659865,-0.06280380411866382,-0.017534139245539926
1629618,True,2826.720191786336,2.1780967406792553,0.003478184964316622,-0.0997153554828265,0.001112504892632149,0.10082786037545866,0.0022252492977281537,-0.0029402951278014733,0.004360649738825106
1629619,False,18.362846055572344,-0.7006837123664927,0.007084844965792536,0.004618328786920922,0.006591119012570146,0.0019727902256492236,0.0006008084133325714,0.005686307227700582,0.007640797355683682
1629620,False,122.93142230491591,-2.1023456180221696,0.04151547928893384,0.01782651193575502,0.04224043410604583,0.024413922170290814,0.0038424914440368463,0.033053342850527745,0.047713552573817264
1629621,False,3.242414693495647,-0.09813075553898565,-0.00039327842388856005,-0.0003310502505510793,-0.00027775158650401865,5.329866404706063e-05,0.00027095157152070664,-0.0005431695932722747,0.0001932732492725131
1629622,True,6401.114666006717,0.7026995740069997,0.16202352140637233,-0.04350157682028477,0.15473926770719337,0.19824084452747814,0.005525209412312738,0.14850741422686387,0.17148108417094554
1629623,True,128.63892823632415,-2.7159882612113218,0.03828194875818314,-0.1788582284511584,0.10793663674564113,0.28679486519679953,0.08858095796412067,0.0006980853575133672,0.2767560834973706
1629625,False,8.022110062010116,-0.32563168915161594,-0.00316252725082955,0.0008323612726401364,-0.003166104660235647,-0.003998465932875783,0.00023700556681936275,-0.0035723109826959476,-0.002777154372755719
1629626,True,1984.9089941749094,-1.7777025130332902,-0.14125166905013398,-0.11503800803935005,-0.1199002852703388,-0.004862277230988754,0.03883560229398746,-0.1667926842394929,-0.06837245805022629
1629627,True,8216.741468298784,2.7677073546494197,-0.16883809085600188,0.010799774110489047,-0.16956569759739049,-0.18036547170787953,0.004797593082708794,-0.17637799818809308,-0.15983124288466177
1629628,True,10739.994899495054,0.366869887288074,0.08656598436550933,-0.030220937860373276,0.08835153820640784,0.11857247606678112,0.002212588708627776,0.08401100894102687,0.09241545898154246
1629629,True,2648.6381384770184,-3.251600365135846,0.23874748596059758,0.1680733224980111,0.26953642686143997,0.10146310436342887,0.03761593766905582,0.23063862405991342,0.37197983558921344
1629630,False,5945.539624221583,2.2204904688305724,0.010561044630751582,0.1111998177655904,0.010289137674104332,-0.10091068009148607,0.002415917224104056,0.007483067273738264,0.015511331709273879
1629631,True,8325.283248950314,-0.8551679624291333,-0.06914204491189535,0.0317889585679465,-0.07468338301007427,-0.10647234157802077,0.017901243123497064,-0.1107383451343702,-0.04135291218663162
1629632,True,10712.919945911563,2.806967969703493,-0.22558062669948242,-0.08186100765136306,-0.2311980471605537,-0.14933703950919064,0.010597098491530312,-0.24718744982982876,-0.21139405604651706
1629633,True,292.8923014355528,-1.5111883093200993,0.15203316678639367,0.2528847498112752,0.15541194320497875,-0.09747280660629642,0.005819091014906964,0.1461582185320558,0.1666834682924363
1629634,True,3242.341205393332,2.1428753133174085,-0.08478708890208475,-0.1311436212200059,-0.08679598795215249,0.044347633267853404,0.0034264000041428835,-0.09228882994395127,-0.07958104620257744
1629635,False,214.6031586079297,-1.3245609451907396,-0.04049222386739948,0.007079815995475469,-0.038226693269300505,-0.045306509264775974,0.002580759371315023,-0.04308732607468624,-0.03438356982526858
1629636,True,10345.548067396217,2.519770664914632,-0.05495801480256013,-0.012943878321020286,-0.046527784801267735,-0.03358390648024745,0.006931267305281091,-0.05703995562113118,-0.03405275010046527
1629637,True,5966.947928256848,0.5822025227391003,-0.016632071763994283,0.07754511920443008,-0.01698657579544527,-0.09453169499987535,0.012081791275123299,-0.03690930122119873,0.00631560147990462
1629638,True,11640.708034631056,1.9890454962313158,0.15862159450355207,-0.0019892378521122467,0.15851940861128333,0.16050864646339558,0.017436390198313077,0.11579184072993542,0.1875701198048485
1629639,True,9745.702348461906,0.9422036725624496,-0.20859263262072192,-0.07638669105190443,-0.20921746791117934,-0.1328307768592749,0.0030428726916897236,-0.21486501180466122,-0.20649723707668055
1629640,True,10979.619372343732,0.8157865029810674,0.06273639277850884,0.044549528842443675,0.06329667745466194,0.018747148612218267,0.00416125673645466,0.05592145020236439,0.07001056939063077
1629641,False,820.8453753230601,0.3399495282802143,-0.04666502254021543,0.029758099580666553,-0.04771655058354851,-0.07747465016421506,0.0017314276223453396,-0.050139390314982935,-0.04366819458294957
1629642,False,1473.481502625642,-1.8493042935153503,-0.12193339183533136,-0.0706595284764715,-0.12370477913282407,-0.05304525065635257,0.008328244597258063,-0.13998516505729763,-0.1153226176903237
1629643,True,1853.4639114700972,-2.1048881196964206,0.009060164336918142,-0.011992853110956325,0.042052903083763304,0.05404575619471963,0.048505104259190426,-0.021516251739027048,0.11588596690009711
1629644,False,322.77126724434305,-0.6818219535609777,-0.07593793689728279,-0.024628518137883915,-0.07474148027058958,-0.05011296213270566,0.0019333802056380862,-0.07884610421688099,-0.07189587479626003
1629645,True,6896.840194995496,1.201062093398478,0.06339730117120457,0.1399139609649822,0.06490450173127482,-0.07500945923370739,0.0036990176565239166,0.057272302258609686,0.07057697829834675
1629646,True,1346.0784729247318,-3.9437826391978907,-0.13405866063569505,-0.28088082611449217,-0.13213097475350555,0.14874985136098662,0.0026139032249350917,-0.13731960879786786,-0.12810694014700008
1629647,False,1613.9671540432962,-3.9037618081728302,-0.1795002945914188,-0.02039419291222888,-0.1782078772857112,-0.1578136843734823,0.003943367807257557,-0.1843981013747431,-0.169839055085105
1629648,False,43.94471746523485,-0.5027984103368854,0.0035314405019761796,0.0002328371661564077,0.004025817312479529,0.0037929801463231216,0.0036920491441167,-0.0009734307254922747,0.009760498279950736
1629649,False,261.6613738539582,-1.0804379425357276,0.025998166006812484,-0.008220322398588609,0.0128919453870453,0.02111226778563391,0.01418889071602395,-0.013434410568856636,0.02920345834968585
1629650,False,870.7134277404294,-3.698667521932738,0.05282382011665243,0.027518028850340936,0.05542953313418941,0.027911504283848476,0.004120112697114937,0.04532955304546871,0.06093431015067452
1629651,True,10287.855961066432,-1.0947945966119743,-0.14732005569695428,0.015439348001442976,-0.1491765309887927,-0.16461587899023566,0.007435200960628194,-0.1643208011399886,-0.13716955477396153
1629652,True,10947.262490570849,-2.183897318316111,-0.1554025089186064,-0.008790772260513169,-0.15275741577672575,-0.14396664351621258,0.003936121847744258,-0.15871697308222865,-0.14081259458558826
1629653,False,70.22022874053198,0.9530074928675354,-0.003579819789601757,0.00361063979440146,-0.002394375500140211,-0.006005015294541671,0.0013064150070692222,-0.0046684638162320935,0.0003429609986500548
1629655,True,7481.8709751018805,2.74580566789194,0.046028235451858635,0.00680196831969182,0.043759536549397904,0.036957568229706084,0.003510705974450345,0.03758198293282522,0.04929605405345505
1629656,True,10122.116551807649,-0.5987047358722483,-0.008037405243729312,0.013295036486748457,-0.006994181603164562,-0.02028921808991302,0.002728968436451739,-0.011525356124128194,-0.0010617255010029192
1629657,False,124.05475177404361,-1.1034275183038036,-0.00972073868994805,0.0011849169735105303,-0.007762723871941768,-0.008947640845452298,0.001247654876237517,-0.009215564846273727,-0.005711138281397021
1629658,False,175.47903083321526,-2.0580778482279687,-0.017534384911976897,0.022493015519726267,-0.017902141922089054,-0.04039515744181532,0.002553088291988356,-0.02261528520628886,-0.014256477347644125
1629659,True,3450.640502179545,-0.5085019414590972,0.19508034766736615,0.08572657887749036,0.18512201890888724,0.09939544003139689,0.017965727792241367,0.15429061291676938,0.20222510826622053
1629660,True,3663.8659352110303,2.38682284834132,-0.0544573067813654,-0.09082852641524797,-0.06876002950342253,0.02206849691182544,0.017808958360514892,-0.09822317315661921,-0.05274881429808742
1629661,True,9003.375539865594,5.082950184335816,-0.3762617073725121,0.0480224707371546,-0.37989890359549605,-0.42792137433265065,0.0031622896196013624,-0.38484906902353266,-0.37471367406117473
1629662,False,91.01870853706133,-1.5729060567342261,0.016936415501483282,0.013321397374735477,0.018192193314700456,0.004870795939964978,0.0018849037488807318,0.014213372988073125,0.021321993976515463
1629663,False,76.37967219629569,-0.19075121742645046,0.025660388354791508,-0.005413028128385566,0.027219500637617827,0.032632528766003394,0.0013650683304427186,0.025279994905844927,0.030164277440586224
1629665,False,3.7398762748886294,0.021203429632748197,-0.0029227901601261708,-0.0002954421805397567,-0.002834544330981237,-0.00253910215044148,9.003084355977627e-05,-0.002986598971437354,-0.002618013174453024
1629667,True,2045.2028488098576,-0.019740647808796558,0.008419914496948622,-0.04057587122146897,-0.014711496264641674,0.025864374956827293,0.013172597841073993,-0.026737566852503183,0.021275053740285932
1629668,False,0.0,-1.2628786905111156e-15,3.2051745217226424e-06,-1.2265369086467137e-05,3.2493925340965067e-06,1.5514761620563645e-05,7.658113261381965e-08,3.05466908696872e-06,3.407902579813382e-06
1629669,False,1629.1485683672765,-0.15140264147010007,-0.032769622123116626,-0.05062168679308743,-0.035332582050415756,0.015289104742671672,0.004469056959240176,-0.043317446923548,-0.029799226877446516
1629670,True,1768.1046041367342,-3.5663218915362984,-0.07936130195920432,-0.08487361542692273,-0.06892438679521407,0.015949228631708667,0.01717613013756413,-0.09728945553237311,-0.03115884047089912
1629671,True,158.6347547442341,-0.054289109453812406,-0.046166287608086054,-0.010015935354654504,-0.040353261414095565,-0.03033732605944106,0.004186664197267358,-0.04976894698480863,-0.031643816751102644
1629672,False,420.76188879946164,-0.5653944161375033,-0.01649013524563203,-0.01861611898820681,-0.032862948872496855,-0.014246829884290046,0.010843040383594486,-0.0536198451116513,-0.009061187424225459
1629673,True,9254.545903378696,0.11542656599995427,0.18477712083956987,0.09882665133387003,0.1831273438979787,0.08430069256410866,0.0017217419852030968,0.17900559438103336,0.18644161304179208
1629674,True,5741.239490640173,5.629261507227926,0.14984180738117647,0.11128765041696642,0.14925871975120852,0.0379710693342421,0.0018651154385211889,0.14558216013471803,0.15188919005278745
1629675,True,10646.47432724372,1.6176968527180513,0.05644200234390517,-0.03565990612571812,0.041367706998470366,0.07702761312418849,0.014918973383288276,0.02053114897304109,0.06394499452836788
1629676,True,950.3322275376523,-1.5884525867202322,0.05906356915895539,0.023560304685621647,0.05941894724213026,0.03585864255650861,0.0025893025294027056,0.054467817397953366,0.06492621135959387
1629677,True,540.4852164482359,2.1065702885080686,-0.13180539122445856,-0.0761408029241668,-0.12836365202627786,-0.05222284910211106,0.007352234544283525,-0.1349430621685157,-0.11489536705079884
1629678,True,500.93889111079375,-2.281561305629577,-0.13547590639706053,-0.015108617065872743,-0.14000299321071097,-0.12489437614483823,0.015538866251721435,-0.18383546802185968,-0.12850160988773052
1629680,True,4498.909066886959,1.393184773660656,0.029808047634326984,0.06801561681065138,0.03838223367705562,-0.02963338313359576,0.014408455339269013,0.022906596993151895,0.061049261176879366
1629681,False,205.99552157305672,-0.38251249397564735,-0.06539593960768098,-0.005315777732473159,-0.06552234694432096,-0.060206569211847805,0.001998443553031602,-0.0689732898230837,-0.060484477135669734
1629682,False,80.94413190394127,0.1868781853708502,0.0032598148755964562,0.009245024557800074,0.0019895767748646376,-0.007255447782935437,0.0009125114314645558,0.0005772282592216571,0.0035273168687298406
1629683,False,68.75817913184099,-0.4034710037414064,0.003981297762426006,-0.0034240083066811033,0.004402242075506713,0.007826250382187816,0.0009867393500013577,0.0027635900575481154,0.006060900587881779
1629684,True,6220.978062433429,-0.11314202218249475,0.07035247706759701,0.035650866569456124,0.06711797200794009,0.03146710543848396,0.004195107193608436,0.06003681654006479,0.0767480984963741
1629685,True,381.556741639994,-2.383639236932823,-0.029954439792159615,-0.06570152881578295,-0.02718967408231432,0.03851185473346863,0.021432262531090096,-0.06064115273053794,0.007233302634543026
1629686,False,43.194703006934,-1.1179217056914967,0.0005454735542449463,0.0007939011362487758,0.0011636475344569686,0.00036974639820819277,0.0007259771334100188,9.611361600514456e-05,0.002788094006050734
1629690,False,12.807430948024923,0.054552400983483046,-0.0016782846843994281,0.0016830876099307446,-0.0013346220085865904,-0.003017709618517335,0.0005198884916327284,-0.0018926029899122288,-0.00018476569252301456
1629712,False,65.08424915540655,-1.3701755629308001,0.04020361007880435,0.009208157823650476,0.041250235551749004,0.03204207772809853,0.0016545481956043305,0.039244271710156875,0.04471615153095554
1629713,False,79.43575009042911,-0.6276955059600584,0.021514500022171923,-0.00041209980020751047,0.0219731324980299,0.022385232298237412,0.0013382452688714536,0.020098236348922383,0.02517039239344876
1629714,False,73.39734807344738,0.0348429184727099,-0.005711448094821131,-0.0048460896816091,-0.005003161032098441,-0.00015707135048934062,0.0031894496142611402,-0.010383860967417252,0.0008139702621589584
1629716,False,125.6479380668734,0.17525035322948745,0.0581644901820243,0.01014076785818091,0.0608189386706906,0.05067817081250969,0.002157454415763856,0.058128469942379746,0.0658236142476093
1629717,True,513.3235511350113,0.950474404413665,0.12389502787175566,-0.010572544144552776,0.12541437081608553,0.1359869149606383,0.003777275250969392,0.11835408378581613,0.1314485872600739
1629718,True,116.41436546056426,-0.8024241231200471,-0.5712863721449684,-0.2716220649948935,-0.5672862834470336,-0.2956642184521401,0.0036197433761794894,-0.5718219544371106,-0.5602067943119335
1629719,False,70.04124857983811,0.7620926356405214,0.000924910053301975,-0.008666190731816403,0.0011003185228081191,0.009766509254624522,0.0014327406339379879,-0.0010481345395378927,0.003991619405261493
1629723,True,5650.111361096638,0.4644454110651206,0.2299827347449115,0.0755682036658537,0.23133776216548518,0.15576955849963148,0.0012307200398726976,0.22944686659793478,0.23347043142441626
1629724,False,9.688322035357523,-0.07317891362938136,0.002020953023931099,0.00012467698830366525,0.0015485334580293275,0.0014238564697256623,0.00026063885175307535,0.0010513760684999068,0.002055375754920513
1629725,False,34.68266000514256,-0.3968873320681603,0.00989553320001979,0.0036796839030738826,0.011482940555617605,0.007803256652543722,0.0007971575866696021,0.010215763856402382,0.012613133829525391
1629726,True,3706.8439211487184,0.38978522223337686,-0.007917836059547045,-0.015056645395997603,-0.007480335636938618,0.007576309759058986,0.005930240018787116,-0.022668532182327505,0.0006006659028739425
1629729,False,4.942064137266519,0.15377795549401446,0.002746108925959584,-0.00023874493888431658,0.002764106468819638,0.0030028514077039548,0.00012915006060571218,0.002548040379334815,0.003032401054993916
1629730,False,59.2665235590569,0.012992248844267418,-0.008705772124455446,0.0013594426330439946,-0.011557704855534767,-0.012917147488578761,0.0029397517130007266,-0.01790419056113768,-0.006298586653165517
1629731,True,6594.197294857856,1.9229214688351242,-0.08085072727906661,-0.08565734109235179,-0.0802545038875846,0.005402837204767197,0.0065542560953084595,-0.08982551240800318,-0.06804988391499767
1629734,False,2.467129814774718,-0.010919747393616383,0.003031104807248511,8.221910944943012e-05,0.002377052081480171,0.0022948329720307407,0.0005033599876787088,0.0016016371702710641,0.003042644647216347
1629735,False,62.69012307630154,-0.6297318965717436,-0.0012745523033703687,0.0052572930222185565,-0.0012115271725748888,-0.006468820194793445,0.001490967543208542,-0.003754962958657848,0.0017201909496737944
1629738,False,12.11521387861741,-0.38082925418958835,0.000912056223090485,-8.64255776301115e-05,0.0012585247832774815,0.001344950360907593,0.0004831879945514122,0.0004895062785753024,0.0021740014941070696
1629739,False,0.0,-1.2628786905111156e-15,3.2051745217226424e-06,-1.2265369086467137e-05,3.2493925340965067e-06,1.5514761620563645e-05,7.658113261381965e-08,3.05466908696872e-06,3.407902579813382e-06
1629740,False,165.83922986705295,0.16127154735677363,-0.025107631877531622,-0.012922021630371816,-0.02913841760533803,-0.016216395974966213,0.003672092668845476,-0.03354002721439109,-0.021891016418839282
1629741,False,1.3943014538671992,0.08058624938762043,-0.0008068036618135571,-7.563178929441416e-05,-0.0007809286852406283,-0.0007052968959462141,2.9443436251449623e-05,-0.0008178932376022574,-0.0007334786084773892
1629742,False,0.0,-1.2628786905111156e-15,3.2051745217226424e-06,-1.2265369086467137e-05,3.2493925340965067e-06,1.5514761620563645e-05,7.658113261381965e-08,3.05466908696872e-06,3.407902579813382e-06
1629743,False,61.64873484548736,0.3497430847735971,0.016964406290589318,0.00960386803284019,0.01616313552835197,0.006559267495511778,0.004683425499472145,0.008042499008345694,0.021923101219823216
1629744,False,264.0258596022674,0.1605486375420508,0.021145190994939833,0.006349460718900746,0.022210165697350015,0.01586070497844927,0.0027979067392693655,0.0154777055903913,0.026302671582617565
1629745,False,0.0,-1.2628786905111156e-15,3.2051745217226424e-06,-1.2265369086467137e-05,3.2493925340965067e-06,1.5514761620563645e-05,7.658113261381965e-08,3.05466908696872e-06,3.407902579813382e-06
1629750,True,6012.01584072376,1.9597699448597814,-0.06060413438151424,0.14245615017870272,-0.06739182942688116,-0.20984797960558388,0.00686334552340404,-0.0807299969881965,-0.05765527047632446
1629751,False,33.219032773569865,-0.352190687140451,0.01430325299387658,0.0048550342497085675,0.015106844147051712,0.010251809897343145,0.0011020200790675223,0.013369175355607,0.01813317800901859
1629752,True,55.7561082058505,-1.6065689951140893,0.13978108654235544,-0.004186248038892559,0.1592169915999968,0.16340323963888936,0.008879883605262755,0.1413849251401178,0.16562275969045426
1629755,True,54.73457765996903,0.12078815875871207,0.039858132930488566,0.019887411067231853,0.027742330555937916,0.007854919488706064,0.03552542651398728,-0.07618334077632649,0.04266618541472722
1629760,True,0.0,-1.2628786905111156e-15,-0.04943214006388598,0.014424788113843207,-0.04945311254735869,-0.06387790066120189,3.989222788908375e-05,-0.04951259617989748,-0.049395513485558665
1629783,False,3.4107045838478176,0.16763140678986882,0.0009347512615702214,0.0006086472930227349,0.0008753783084901878,0.0002667310154674529,9.903425533175211e-05,0.0006232294932475846,0.0010272023583184908
1629788,True,0.0,-1.2628786905111156e-15,-0.04943214006388598,-1.2265369086467137e-05,-0.04945311254735869,-0.04944084717827222,3.989222788908375e-05,-0.04951259617989748,-0.049395513485558665
1629833,False,150.71209273885546,-3.4688225871380594,0.019577803019765305,-0.028104205704575946,0.014956910150770053,0.043061115855346,0.006940496176305953,0.002076721214157473,0.021349218050178198
1629873,False,2.3102239261180797,-0.23865423959609033,-0.0008456258190510657,-0.0002774416826464843,-0.0006984926334205332,-0.00042105095077404897,0.0001746872041403014,-0.0010151108139720422,-0.00041897760242648463
1629875,True,130.90922899800984,-0.4648566595128094,0.10200180808967052,-0.05967492789370432,0.09964043779673637,0.1593153656904407,0.001805334756187319,0.09672989805188426,0.10291768766835963
1629958,False,0.29593981399201685,0.058693779212457955,-0.000302048219859935,-9.213749570961827e-05,-0.00031309719941206154,-0.00022095970370244328,2.3060519897745422e-05,-0.0003588380753482001,-0.00026249788478895086
1629962,False,75.60855815000676,0.24556247480723759,0.015910303582428897,-0.007803307824540695,0.009394834199442148,0.017198142023982843,0.0070110921657388,-0.004614446588765697,0.0164117277036408
1630162,True,14000.598436049937,2.6313677822752592,-0.4919352507357906,0.011884709630467949,-0.48499378206174226,-0.4968784916922102,0.011503679997482882,-0.5023782207630281,-0.46937161947642725
1630163,True,9028.009625318944,4.486996245975087,0.15644672332927456,-0.06386901300544423,0.1351787032223184,0.19904771622776263,0.013994685158789287,0.11055759421661193,0.15350721682101387
1630164,True,1825.953042993332,-4.9030342446835915,-0.1493840203016079,-0.05482713797936878,-0.14024154462095595,-0.08541440664158717,0.017049080603646394,-0.15626575683385635,-0.10740621249829196
1630165,True,3964.0435598848653,-1.1828689836932818,0.011874882336498915,-0.07945499292350777,-0.00446239812076521,0.07499259480274256,0.036739053554360836,-0.06672646270900029,0.026544595381818636
1630166,True,11940.166143110058,3.0137994205355083,0.26996699002281854,0.09286534402434476,0.27165322518974566,0.1787878811654009,0.005433248471219376,0.2612838751722881,0.28139549799146746
1630167,True,5617.305647639609,3.4671497890160112,-0.15897527348028495,-0.025471021780036907,-0.15920534207485337,-0.13373432029481647,0.0022529829693844483,-0.1644222349114095,-0.154883901172977
1630168,True,10829.823419586568,2.2446715104206154,0.024691942852935522,0.06853365440009673,0.016683269289097247,-0.051850385110999486,0.020352883503696507,-0.013781845669670112,0.05909981028710032
1630169,True,7414.327685526323,3.3990642338376533,0.17738658985474354,0.18250244871797872,0.186058456083392,0.003556007365413283,0.008047101183212196,0.17309594054430688,0.19780611872099074
1630170,True,10733.64450471664,2.4786999507900127,-0.10402929998701227,-0.04158041643093968,-0.10016085003373387,-0.05858043360279419,0.004425473194348091,-0.10730372554250467,-0.0928730820902155
1630171,True,9018.137217501337,-1.283257504847039,-0.46273254386359275,-0.22801442724069632,-0.4536966171710275,-0.22568218993033118,0.009333120646348843,-0.4656168921111612,-0.43358050995369934
1630172,True,8256.24773683419,-4.19376155567586,0.005577846179889434,-0.17065302435330398,0.011779573884875383,0.18243259823817937,0.010189350328374515,-0.006402802072842384,0.027226900019226008
1630173,True,8422.805747009621,0.3321992130953486,-0.1925687725268359,-0.010016402749564612,-0.19997100558004638,-0.18995460283048177,0.008928245147304498,-0.2173891954604419,-0.19165025485418763
1630174,True,7469.571426969574,2.05934120796894,-0.4111468904813731,-0.23060870924020915,-0.4087548210684482,-0.17814611182823903,0.003118036648830655,-0.4144292096743609,-0.40271831557410454
1630175,True,6311.94748986194,0.8158243979612043,-0.07935768212204564,-0.12409445523992435,-0.08001535440037011,0.04407910083955424,0.017212517577974828,-0.10854667518637551,-0.05309582994020301
1630176,False,61.10556445675942,-0.4196608142182352,-0.029411832542503902,-0.0024397707919121547,-0.02797087499041162,-0.025531104198499466,0.001561795485195815,-0.030284224613128907,-0.02438015010781519
1630177,False,1412.6731716035304,-1.9739476900019155,-0.04293170777460409,0.01876984144941707,-0.04008792906119707,-0.05885777051061414,0.004238420276006637,-0.05115744236642561,-0.035884509556290745
1630178,True,13162.62604038663,3.5566939391688726,0.0350547483819188,-0.0519093555937693,0.03688104145083759,0.0887903970446069,0.01019200558255269,0.027544059501289908,0.05371512368139797
1630179,False,13.67283199444112,0.2995236323840116,-0.00356108912942521,-0.0014883391254538747,-0.004463248168918521,-0.0029749090434646464,0.0006983728336859939,-0.005406313370976745,-0.002960100997857096
1630180,True,9361.347333983733,0.2336022888301985,0.01919802532081738,-0.013445915066616854,0.023214175961345118,0.03666009102796197,0.019913032274908864,-0.0021431612168270053,0.05597221048250611
1630181,True,1183.2682605121274,-3.5296487943599986,-0.3112167721687853,-0.001590570520941359,-0.2705089431377723,-0.26891837261683094,0.09221982597946343,-0.41515054268480744,-0.13957668681590052
1630182,True,7301.142152597938,0.27410326677807306,0.02827223736360207,0.06180613555592579,0.027165045818585032,-0.03464108973734076,0.004860321474135386,0.013254344674447305,0.03174641918809007
1630183,True,12870.8231039214,0.11579326456716948,0.12213111988172817,0.012028208994545542,0.11643343543960613,0.10440522644506059,0.00520180619819318,0.10961978241367021,0.12809214992230386
1630184,True,684.2823118472954,-1.3748540544643744,-0.026332065613730693,-0.07149418070260838,-0.022831882808445503,0.048662297894162876,0.0033605283350735204,-0.028788385756638668,-0.015517337008727372
1630185,False,89.06748887253129,-1.0424885525801157,-0.0024716559437927277,-0.005617033393945148,-0.0017065534657672021,0.003910479928177946,0.0016370724367930367,-0.004702520090897222,0.001241076507924932
1630186,True,186.69110440488402,0.35112211419826217,-0.011841080873687015,0.018026299965120784,-0.00973626571217684,-0.027762565677297624,0.002184644065018426,-0.014621369549391583,-0.006408915919727198
1630187,False,48.99288072628332,0.046542185569017014,-0.005896986854197261,0.004276774780920367,-0.005636274881120659,-0.009913049662041026,0.0006645765645181691,-0.0069656227255791014,-0.004283396158908492
1630188,True,5652.335575597367,4.3219217921521755,0.17825022685968417,-0.02517218125660481,0.17996813582121973,0.20514031707782454,0.002530836413216373,0.1758037984178502,0.18531082382372066
1630189,False,17.597478744953317,-0.2739358296822807,-0.005833982462779053,0.0017079574028898148,-0.005379511776297419,-0.0070874691791872335,0.0009073175501418896,-0.006573888625507174,-0.0030551383403312204
1630190,True,172.78898869604288,-3.720807539531293,-0.03671629977128443,0.11550046301292394,-0.03149077438364989,-0.14699123739657383,0.005884204057791521,-0.03797030493935205,-0.020064896129489362
1630191,True,7707.606090282584,-1.4400432279023259,0.002159419068729962,-0.013580438457906352,-0.0023628891926279483,0.011217549265278404,0.010338194210429866,-0.021779657542106756,0.015258959013117357
1630192,True,3489.407790309283,-4.017371771717564,-0.22930158923184774,-0.10786133654371177,-0.23209943199237504,-0.12423809544866327,0.0018773080307312225,-0.23609951280209618,-0.2286377988314241
1630193,True,10089.820947128175,4.308278617970035,0.010930021309958349,-0.041764040061660346,0.009153159827920199,0.050917199889580544,0.003479793375954263,0.002932768188973256,0.014874283829394486
1630194,True,4533.175578600443,2.024322552561679,0.012199754197165014,-0.041530942265257886,-0.0027355321474527017,0.038795410117805185,0.035070372684559974,-0.06710612907246727,0.03420383360283896
1630195,True,118.47459351599645,0.5121700709529255,0.12253614944952163,-0.08117583379145588,0.05719984882436746,0.13837568261582334,0.10180157275673303,-0.09505959580477086,0.12426015591412498
1630196,False,7.674182882403985,0.2370471696297768,0.005475008884392341,-0.0008904237307264529,0.004798409467983794,0.005688833198710247,0.0005336639241300796,0.0038950035379189674,0.005717905273031371
1630197,False,1467.8405239862163,-3.80805976577655,-0.09156409646170438,0.0062141978930343456,-0.08540708362118732,-0.09162128151422166,0.004566238408189064,-0.09078684313054985,-0.0738050769361509
1630198,True,7807.270194968711,3.1786811134073174,-0.1449417997622131,-0.0010202483024119857,-0.14794578386779955,-0.14692553556538757,0.0075506895058397045,-0.16182115779707518,-0.13864056543673398
1630199,False,77.55012922559683,-0.02561172757110275,-0.0025421450234818233,-0.00878250387721613,-0.0010845539715716272,0.007697949905644503,0.0012386281794862604,-0.0035671303859239334,0.0012513848540662842
1630200,True,8569.46053808813,1.4741771250876172,0.1987084364212559,0.15316080577862423,0.19793553182324342,0.044774726044619184,0.004712824414235416,0.18986514292943313,0.207306876035513
1630201,True,1649.8550829689075,-2.6207879342158593,0.13392330145916365,-0.04427402569585759,0.1380927166173782,0.1823667423132358,0.002729802793486074,0.13471940341910527,0.14482847943598776
1630202,True,11394.61301793094,2.2077276473917467,0.10001468600267405,-0.018032220683387834,0.098793322696626,0.11682554338001383,0.0019407616060376023,0.09504275060415424,0.10202932945216903
1630203,False,6.895665511667253,0.0030742405425598363,-0.0072331459031656775,-0.0029867877520075997,-0.007333166321293225,-0.004346378569285625,0.0002222882668132337,-0.007878925819668967,-0.007002268878964393
1630204,False,301.68000235893174,2.291156542039479,-0.025732110076882364,0.016308565145292775,-0.026962226577146087,-0.04327079172243886,0.001562295210078491,-0.02954858011347561,-0.023601315062369732
1630205,True,1872.188189549096,0.5006177780750631,-0.14504659631956596,-0.06733658574592827,-0.16489013700896538,-0.09755355126303711,0.03096897368263074,-0.20660136440678345,-0.1248085245325794
1630206,True,82.06060537751627,-0.20671017629732763,0.040879429943173395,0.01747244728020564,0.036237773543329466,0.018765326263123827,0.0036971559776985963,0.026471215193242692,0.041805733338343753
1630207,True,75.21493402493704,-0.26622664443589084,0.4227279584043717,-0.03438826800638345,0.4132133614763801,0.4476016294827635,0.020862482727398306,0.3638646253823743,0.424006290773706
1630208,True,5736.106742015744,-3.4381352984967277,0.1930652089759981,0.041396105047577514,0.20293124961579956,0.16153514456822204,0.015491321671816114,0.1853279229586411,0.23949299802887625
1630209,True,1015.3415227132994,-0.9745726395231157,0.44321224379168833,0.029124746567230297,0.4476556215976828,0.4185308750304525,0.0056318863226423495,0.4403203578275757,0.45846026314473953
1630210,False,113.13569694690236,0.04565032187247342,0.021730925365870846,0.0254417040060283,0.020928420830623573,-0.004513283175404725,0.0031420888697870613,0.014772105669201063,0.026169932509968352
1630211,False,20.360298186008933,-0.4288668283766313,0.002374043886065047,-0.0021170017502096794,0.0004475017087861022,0.0025645034589957816,0.0015957209534498255,-0.0018304846857504775,0.003079683528907251
1630214,True,2782.975012797163,-0.4216303856358725,0.01843120367133233,-0.03497074935910094,0.017583308123527985,0.052554057482628924,0.0025796292799961677,0.010804775681271028,0.020812102542123956
1630215,True,2181.2974282035034,3.11992207215875,-0.35520744186621034,-0.19591773625182451,-0.35904485881528814,-0.16312712256346362,0.003025246251760194,-0.3644878251102037,-0.353857926417942
1630216,False,37.94180060065399,-0.34553882969800126,-0.0011087393862850847,0.00047235493746583535,-0.001965296817400153,-0.002437651754865988,0.0008170395083498806,-0.0033500969625893107,-0.0002879607297918141
1630217,True,12523.442138930059,3.0725521125995265,0.31771046252156365,-0.038382790088648644,0.3303476702076211,0.36873046029626977,0.011852987591330633,0.3149265809082764,0.3448611712475871
1630218,True,25.482230957626538,0.43525624356543025,-0.029182294622003502,-0.013821847557849154,-0.028331104029245546,-0.014509256471396392,0.000899117636767221,-0.0295522047164527,-0.02534775601021444
1630219,True,619.6940661580684,-3.4223202640834556,0.09655190644401213,-0.030205581327912956,0.09714870700494549,0.12735428833285845,0.0026530547778986545,0.09147533837486321,0.10106075354875976
1630221,False,83.76494195232935,-1.0341169942365511,0.0006236879294869713,0.014296791486832161,0.001550118709809034,-0.012746672777023127,0.0009214404537271818,-0.00021574403400359543,0.0038290931935951456
1630222,False,189.31120687544484,-0.23282105693122324,-0.017733540906348044,-0.01001002107214391,-0.008425248353916004,0.0015847727182279059,0.005249226998112785,-0.016964324323818725,0.00021923534296264258
1630223,False,44.26901642185776,0.5847467795463085,-0.015339123948071909,-0.00959425486217802,-0.014848222179555393,-0.005253967317377373,0.0020134558496034843,-0.016800101937883394,-0.009342166076736325
1630224,True,10168.397931491363,-2.304812251758974,0.07944339947158419,0.019833938171003318,0.08196092047701198,0.06212698230600866,0.004478848251323459,0.07248708301838347,0.0889120365651932
1630225,True,63.220330255052076,-0.349261127592362,0.00938681650149481,0.044914307383162766,-0.009589535176558528,-0.054503842559721294,0.02119158921053555,-0.03415983627767688,0.012267528411232409
1630227,False,672.9653706295355,0.21690278285858272,0.10399887601376961,0.05149452931158682,0.10152079311686318,0.05002626380527636,0.0021444677649371828,0.09756249869487593,0.10600619119165977
1630228,True,6315.480942469389,-0.12208367287238797,0.061922103769319836,0.11489610651786819,0.06397540333975708,-0.05092070317811111,0.003571133573951248,0.05670145749319366,0.06825159920093182
1630230,True,10007.708027112161,0.07083772256229448,-0.19789310122637982,0.007848141760068206,-0.1967196872775526,-0.2045678290376208,0.004339318503254782,-0.2099573562272623,-0.19090185363137824
1630231,True,4059.0929085831067,-1.2849642530094498,-0.18860854471132082,-0.08755821431861444,-0.1904283307893535,-0.10287011647073907,0.004198896353507891,-0.19844575311881152,-0.1819039150173558
1630233,True,323.7145661088181,-0.614167280021954,-0.1351611251957041,0.06433976614046766,-0.11732945598055022,-0.18166922212101788,0.01706043993136814,-0.13699928141223894,-0.090393650526301
1630234,False,11.769816420986437,-0.06582957492778375,-0.010217664684968805,-0.0019253232039886103,-0.009736459800676,-0.00781113659668739,0.0006233033336614462,-0.01069283833641399,-0.008504442078301228
1630235,True,870.1824561181144,-3.5816535510364766,0.03827382549003877,0.16540495736179883,0.015926978912593537,-0.1494779784492053,0.048664346403194655,-0.05688903195094408,0.06355261594136907
1630237,False,780.032794653885,0.8641843328629151,-0.09758245171438029,0.01859707995200821,-0.09693612936686213,-0.11553320931887034,0.003840437284698137,-0.10415089483137885,-0.08865948893290976
1630238,True,23.31597119124104,-0.9972503706306286,0.15549728286381082,0.12695025296907092,0.15633421949408377,0.02938396652501285,0.0006252871024083513,0.15547904864553508,0.1579391471067313
1630240,True,792.2351582200628,0.05563318756504643,0.02519617170455235,0.021950494622313244,0.026181033605277723,0.00423053898296448,0.002569840046403061,0.022467134657522037,0.031955367087914466
1630241,True,5901.053946954497,3.477697280879735,0.39409616635918,0.13830149304942418,0.39524648089718717,0.256944987847763,0.0042590772344926675,0.388577634749526,0.4053312123537851
1630243,False,824.704122521279,0.49212252789275346,0.04400563175128924,0.0011766056284020499,0.040124671772376,0.03894806614397395,0.005548011750562002,0.03132095231343279,0.045890123145024386
1630245,True,9906.658141314592,-0.5356185150958759,-0.21288897163621978,0.009194655153226261,-0.22041869964405292,-0.22961335479727918,0.00709402635296047,-0.23354793099867,-0.21242085479420658
1630249,True,5535.327255556937,0.20279205916983373,0.10790671732113583,0.019856762826350294,0.10146337464315724,0.08160661181680695,0.011275447551794075,0.08294811084651016,0.11878993058646664
1630250,True,22.368530981873814,0.7403443014885172,0.14097498799577624,-0.03705837190651384,0.09347515325631583,0.13053352516282968,0.044516815551553006,0.05261909033081058,0.1434606783855683
1630253,False,36.74030663408604,-0.6472962478724211,0.0003663782926208725,0.005696522699408457,0.00041753495153751263,-0.005278987747870945,0.0006173271390091604,-0.0006096195977339791,0.0013577878705584023
1630256,True,4265.493258082655,-0.7735353253898926,-0.05589791508368369,-0.010945124554552765,-0.05298881725769844,-0.042043692703145674,0.004579900570698345,-0.060550625661943136,-0.04288769249812352
1630257,False,2.7220723677456204,-0.05131579933663093,-0.00033693469772830276,-0.0006224075340076976,-0.00021261231193578367,0.00040979522207191393,0.00020341784653353238,-0.00044299803662536247,0.000102415236309647
1630259,True,15.015815928703589,0.9950807937649597,-0.4031046055015475,0.02412178705939394,-0.4453245148948972,-0.46944630195429116,0.03508578008751393,-0.4801288848345845,-0.37813718449748557
1630264,True,3628.2884356749546,-0.2912699533408668,-0.004332700467922557,-0.04571761891679549,0.0014140091289649992,0.04713162804576049,0.009232510566632393,-0.011295174996555135,0.01336734209292939
1630266,False,0.7974045303915898,-0.13589399728146934,0.00045354987446680206,0.00014263800817873595,0.0004068466569428497,0.00026420864876411376,7.378490992399185e-05,0.00024290133942378445,0.000521131217751214
1630267,False,783.9751349521455,-2.0063778024290553,0.0826460347063791,0.021207965750159374,0.08436249974990107,0.06315453399974169,0.0025898992624482286,0.07962518807813801,0.08800497567946741
1630268,False,6.475361122265985,-0.5131277296751171,-0.006950044615857243,-0.0021529238045878696,-0.007119516819986904,-0.0049665930153990345,0.00034475619158000505,-0.007896783300713084,-0.006540313602968251
1630270,False,44.70693937224273,-0.8799182037409644,-0.010251528156205225,0.0031290939253154626,-0.010413111898984861,-0.013542205824300324,0.0005869701962005892,-0.011580716588945328,-0.009141677577607199
1630271,True,122.15772536389761,-0.6301685958188656,0.05415828839227532,0.009097546234072884,0.0404672294168501,0.03136968318277722,0.010374165572942056,0.030858288414402413,0.05811284132166039
1630273,True,138.16860882828152,-0.0997393919415357,0.08219305364845364,0.0029281280433541834,0.06944134662983793,0.06651321858648375,0.035137222139998835,-0.03350121364340641,0.08379419035502988
1630278,True,0.0,-1.2628786905111156e-15,-0.032735320360871276,-1.2265369086467137e-05,-0.024562015011313408,-0.02454974964222694,0.014551173296256492,-0.032770407883298235,3.248621625415171e-06
1630283,False,190.20495340063096,-2.0284552586046263,0.05054011282787152,0.0207185878053191,0.05050902366519505,0.029790435859875952,0.0015196422642937933,0.04729979233672821,0.05287715268058224
1630284,True,250.69305096088618,1.836213119597568,-0.07626933153119797,-0.08763252043331149,-0.03865666457751127,0.04897585585580022,0.08526371722581629,-0.1355298290986222,0.08077467911861369
1630285,False,228.6370765106331,-2.8156979052193756,-0.027894625252511407,-0.029814697890023112,-0.025234364056427427,0.0045803338335956845,0.0031691936405330075,-0.030596444865548023,-0.018662312771241307
1630286,False,457.43254241345124,-2.868658825359491,-0.03066148157312565,0.20974928734286813,-0.028456013519393863,-0.238205300862262,0.00209359060587103,-0.03211167674481352,-0.024308402722004185
1630288,True,1177.4659998709624,-1.0849483464998118,-0.24262120193894865,-0.14376954469757264,-0.2433577225462913,-0.09958817784871865,0.00362756412688611,-0.24832674733481142,-0.23604023938058383
1630296,False,151.51224967242413,0.7478801705888152,-0.010799011460243313,0.02952047049338513,-0.0076922029539453485,-0.03721267344733048,0.0035529246846661595,-0.013270566067274392,-0.001908624981685203
1630306,False,3.7898561950529617,-0.2436438814030302,-0.0028270049768284733,0.0004894016048247185,-0.002685879776952421,-0.0031752813817771397,0.0001342078481055176,-0.0029196534953909448,-0.002386350778836671
1630311,False,3186.145934959975,-0.19298840273956708,0.06770707023070188,0.0129576270025622,0.06445286770281725,0.051495240700255046,0.002842241704529778,0.05893319743825354,0.06859795996373153
1630314,True,4234.5606622991245,0.6368190751651084,-0.08833151102483416,-0.0791129667789745,-0.08498731898363743,-0.005874352204662925,0.0046051194041070555,-0.0925451717695629,-0.07659215836484545
1630322,True,2417.6819552918596,1.9513580347805453,-0.22587645972051873,-0.10101442075597333,-0.2280200587469705,-0.12700563799099718,0.004745682223832177,-0.2458723865655108,-0.2228622815267287
1630346,True,574.1902293283098,-1.8937830722926439,-0.1145640936116612,0.16767671418780372,-0.13315743625208132,-0.30083415043988504,0.04111075019883162,-0.2501832442898637,-0.10724766360931248
1630466,False,73.19197652229383,-0.6159802584973498,0.004157409133253798,0.022722194005710183,0.004788529547206877,-0.017933664458503307,0.0012846844937937142,0.0019036448091018787,0.007135514864024972
1630525,True,0.5118316370798077,-0.0018169034279475887,-0.0871467843291479,0.0026120465832362855,-0.07288715770103614,-0.07549920428427243,0.02582766549058659,-0.08776415152567554,-0.029238607290107674
1630526,True,3600.4132858548137,-3.615093912582836,0.0678496614981885,-0.08434281842280722,0.07078058380636998,0.1551234022291772,0.0033052348727230486,0.0638837451242984,0.07673762629796288
1630527,True,2032.2024741260539,-1.6790029169141465,-0.07593184596147906,-0.015688774904261127,-0.08414966459020201,-0.06846088968594088,0.0120434431747088,-0.10739106755750494,-0.07363356719943437
1630528,False,1045.2889945732122,-4.300578222389119,0.03822926070263222,0.03137486302150094,0.03676200302343702,0.005387140001936075,0.0024408648505327654,0.03332223694896452,0.042042277607362344
1630529,True,8298.413815365833,4.603032956915263,0.17042338786290845,0.03391707139846467,0.16941904567823496,0.1355019742797703,0.00432459311495786,0.15843131294942658,0.17499781454819807
1630530,True,10851.879219326189,1.089095142545351,0.023085643863850702,0.013792226079263115,0.02088813303088366,0.007095906951620545,0.003154433027015067,0.013871324915801564,0.026071398811105206
1630531,True,1035.033426790461,-3.8131792466744616,-0.026973131042734355,-0.11982557426010843,-0.02326221321223354,0.09656336104787488,0.009944888439891187,-0.0334454054679405,-0.005325000102650801
1630532,True,9333.09309543827,5.751866593925687,0.22661450754120516,-0.0004715457426849312,0.21822016465246286,0.2186917103951478,0.019901205283688994,0.19049742904547529,0.24597663951272963
1630533,True,6540.486182862202,-1.987544211033544,-0.026144895500174625,0.2945081367675937,-0.024857845983934146,-0.31936598275152783,0.0034312196540656256,-0.03488987656522258,-0.018490324623905652
1630534,True,6586.828668063115,-0.3633780518323553,-0.13069728712668394,0.05350730100010237,-0.13955505123860412,-0.1930623522387065,0.012223093841963647,-0.159173713951408,-0.12930473455801827
1630535,True,319.38906102096405,-2.5041772914136518,-0.09276345899149785,0.053672555535226874,-0.13428501101611445,-0.18795756655134133,0.06471559931113324,-0.23218315545677193,-0.0907568524306881
1630536,True,1624.5032558444427,-0.6271535496737027,0.3895845662369819,0.23668870824004717,0.38863224707917643,0.15194353883912926,0.002408949547036152,0.3825863516642348,0.3920809922429388
1630537,True,1631.1003753371667,-1.489224131079736,-0.44042653463351167,-0.07911291137122589,-0.46265232356467845,-0.38353941219345256,0.023232620965751644,-0.5089788867001723,-0.4296003306427223
1630538,True,4519.122189682401,0.7837183104095335,0.08693657524911635,-0.0522598486444098,0.09186237438718259,0.1441222230315924,0.003921243880691015,0.08431577112540356,0.0986475897541208
1630539,False,1020.2745136162017,1.4952244426798527,-0.08236552185323975,-0.04393821446720869,-0.08672998955859268,-0.04279177509138399,0.0022929235920272906,-0.08983375966301255,-0.08251208532057053
1630540,True,6313.619967099877,3.080669783852191,0.03888107492878534,-0.07754173982111823,0.04165719128533629,0.11919893110645452,0.00236340772258376,0.03806935935326372,0.04586599677224168
1630541,True,7447.222918554207,0.991154614695744,-0.07171014073552973,-0.03359570963491598,-0.07127310795375252,-0.03767739831883654,0.002366860320528103,-0.0752517154512592,-0.0676042958084383
1630542,False,395.9777919631985,-3.1117775603477393,0.2064103240844024,0.09265194171526536,0.2061972987970404,0.11354535708177504,0.00294121295900613,0.20028544010790128,0.21056787552620104
1630543,True,3492.44205026618,1.674934294116597,0.0832926047881235,-0.15448385872536563,0.0772222709160395,0.23170612964140513,0.005705794870714844,0.06515730545093734,0.08524002296858324
1630544,False,3941.3907202635396,-3.372767172376301,-0.06533281799554302,-0.009613944022611953,-0.06742357911756391,-0.05780963509495196,0.0025825974046237805,-0.07392018668973277,-0.06418453289617965
1630545,True,1648.8063884462379,-2.6229021576845577,0.2649633211429263,0.045589530206704865,0.2580055846211273,0.21241605441442246,0.004105008074416599,0.2507318741494582,0.2655674451140886
1630547,True,461.5964931276131,-0.9263585837736527,-0.07257814028458931,-0.008646582369162603,-0.06951281085736749,-0.06086622848820489,0.0024266007526793586,-0.07636272301089242,-0.06650155957863801
1630548,True,2530.8392762649587,-2.5442514761331636,0.0839691254495385,0.001662041465963604,0.08265086573541547,0.08098882426945186,0.0017498432823506804,0.0797219355613783,0.08597904004121704
1630549,True,4939.347325982871,3.7945589991262016,0.4690650476146043,-0.06067759059209443,0.46568179867953496,0.5263593892716294,0.005690250190608354,0.4541110471642211,0.47613375417209713
1630550,True,1724.8363037638342,-1.2758849261999843,0.0005243069916329723,0.02132394079953359,0.004434651675117474,-0.016889289124416118,0.004523787303941493,-0.007999331526969522,0.01135337060560615
1630551,True,5287.904253616606,-0.7483985777106661,0.14083792520341176,0.06873428513443636,0.14113831067751947,0.07240402554308312,0.0028464606620382483,0.1367498684840156,0.1471200937232593
1630552,True,9633.4836764923,1.3921882229050544,-0.028889998691407737,0.00457908124380868,-0.04397015491170242,-0.0485492361555111,0.03191508779728473,-0.08734570326904478,8.875947641096005e-05
1630553,True,3218.8522131266354,-3.3113223968060774,-0.22225976998736208,-0.09023767060157883,-0.22730028275189929,-0.13706261215032045,0.004756889575971008,-0.2404779048636323,-0.2175923611414583
1630554,False,138.5271396676672,1.2766233343545383,-0.030406506177931503,0.00039873683984037456,-0.030675333140109284,-0.03107406997994966,0.0014035980236992342,-0.03324180723748982,-0.027704262361641252
1630555,True,5.7518096794210685,0.09179585016202144,0.011724920036147168,0.04037876593979631,-0.009354594054972035,-0.04973335999476834,0.0239086978689663,-0.035811552659845786,0.0120157636606327
1630556,True,1721.1579230596828,-1.650524680893368,-0.39134391934643653,0.013557746656489345,-0.4040892072001052,-0.41764695385659456,0.011615123496680115,-0.424024959667088,-0.38062656745746826
1630557,True,8169.720599547562,-0.900211787465159,-0.17193008990609826,-0.14779003216621467,-0.1618425206890377,-0.014052488522823037,0.010756798790369159,-0.17439599855256338,-0.1423723903765619
1630558,True,9713.811015976718,4.284652020256702,0.1527932631503326,0.1436393131031526,0.15383207350446693,0.010192760401314338,0.0021809331120430176,0.15056250700760998,0.1591617272478345
1630559,True,11063.289425795563,3.9590628456032855,-0.3122385410670043,0.014544942810812422,-0.30999602130089343,-0.32454096411170585,0.011961087149740186,-0.3477964217956613,-0.2971517095647682
1630560,True,5650.726176188646,-0.9379572809115422,-0.13655938225415243,-0.15828136380583469,-0.13869134502739233,0.019590018778442353,0.005891583451468479,-0.15085416093364423,-0.13088376175006977
1630561,True,347.6576090184774,0.9520036097666355,0.0859674477133735,-0.005862859052630731,0.07979525193378467,0.0856581109864154,0.012339286481516597,0.057254265061172815,0.09081293609663288
1630562,False,105.25568849044089,0.5589521181270704,0.024340881321359142,-0.0015676906755530684,0.024763295048239597,0.026330985723792666,0.001188949206999251,0.02285034577604994,0.026962140102011145
1630563,False,414.732990663285,-1.0636893205548363,-0.07241000777580942,-0.04266067659879336,-0.0786111435020449,-0.03595046690325154,0.003829592271872288,-0.08559475306482511,-0.0730276710990081
1630564,False,60.85437625641032,-0.09091807387974649,-0.04826788818071759,0.0009401869019742826,-0.04922779905181962,-0.0501679859537939,0.001191464008264249,-0.05198987933124599,-0.04732774948137852
1630565,False,5.852562228791049,-0.23702850960181504,0.0027147819267139828,0.0032849645892431556,0.0026395005678905292,-0.0006454640213526264,0.00023947869045246777,0.0023236827175633634,0.003032610763463728
1630567,True,13011.170073375304,3.7372692497522424,-0.084418947547507,0.014011339372305365,-0.0856729065580204,-0.09968424593032577,0.006026948081277066,-0.09495131453731931,-0.0757988868430628
1630568,True,3154.587552378605,2.9480292775284296,-0.0769577545111435,0.0938540692749612,-0.07066458202026604,-0.16451865129522725,0.008888870178934638,-0.0849667218257717,-0.05843975740488716
1630570,True,4957.664850001094,-0.9415348955726424,0.4655445982146298,0.20046240018723038,0.4566687180454647,0.25620631785823433,0.01172876854357894,0.4314800281477317,0.4687295731514392
1630572,True,5718.725677435541,2.1758501359300575,0.12699179053807486,0.007761265161599695,0.15096255166043004,0.14320128649883035,0.037449360146291334,0.1243011925545261,0.20911427171733266
1630573,True,8741.999450990917,1.5627503290831328,0.16898127292201326,0.010952719884070428,0.16653663456494372,0.1555839146808733,0.0026142002457025188,0.16046316158067664,0.17037101937235577
1630574,True,1393.2563858075098,-2.39526641864851,0.03410727119703694,0.03935948231507291,0.030030955713449714,-0.0093285266016232,0.0036542485696168256,0.024664397884159417,0.03998921732075855
1630575,False,2.234700405940772,-0.09083330938020645,0.00066333968777324,0.0010560736921065017,0.0007852102323641641,-0.0002708634597423376,7.943800044609308e-05,0.000586677274961242,0.0008977365654889852
1630577,True,9102.48551251643,2.792917882076424,-0.17987884364461681,0.034528028744162054,-0.18112507226781105,-0.2156531010119731,0.003321339582290651,-0.1882418443578726,-0.17593995736233348
1630578,True,12008.395536165432,4.4366069021516505,0.20419091119507282,-0.002307600300194501,0.21275097793342468,0.21505857823361918,0.008949082351001865,0.19778890187158815,0.23057922047212998
1630579,True,4980.9344553844285,-1.1776326781090485,-0.3807174234738522,0.09640530806879433,-0.38094344165303795,-0.4773487497218323,0.0037614071481098456,-0.38782744136633696,-0.37441459165612656
1630580,False,106.08305158960827,-0.057433910791607534,-0.04533137797311704,-0.011798265159354338,-0.0435306673793634,-0.03173240222000906,0.0020183609304208912,-0.046225053876457034,-0.037994922740508974
1630581,True,10329.762375900653,0.3485759967177777,0.4291535047610049,0.17829692794611796,0.4295320903036395,0.2512351623575215,0.005995220834037484,0.4135658962765003,0.4403352405034662
1630582,False,26.777624648363126,-0.658209662305346,-0.02364340492461736,-0.017525240512058504,-0.02380253278598754,-0.006277292273929036,0.0006064675103007685,-0.02495391475657982,-0.02257350384537249
1630583,False,7419.456526164397,-0.20857542700991916,0.0239854604356724,0.02726103210811659,0.022248526370928307,-0.005012505737188283,0.002862613436266511,0.017073929896776585,0.02750273846060214
1630585,False,164.95251907767215,-1.8888905296611411,0.012343131389056516,0.030000717020072454,0.012125354847726921,-0.017875362172345532,0.0024698929965161855,0.007525767615554901,0.018247051603943465
1630586,False,646.9873107803759,-1.4669635497480538,0.08322419253662594,0.018793254845464125,0.08032411961233366,0.06153086476686953,0.002422856725988862,0.07490657264275424,0.08369042594397347
1630587,True,1935.0275011813897,-0.8596358414001389,-0.055088981279225124,-0.2677057292295649,-0.10423933970839139,0.16346638952117354,0.07600982263292357,-0.21931424436323532,-0.05295939427392515
1630589,True,5.2056729360192655,-0.3077527832514777,0.03595903979836079,0.001775338236637669,0.02801093031312407,0.026235592076486403,0.01440888740667207,0.0035031062709776073,0.03650811635951773
1630590,False,3402.716328731782,0.16782465791776585,0.040272665668366014,0.09498401466442358,0.04077527155192112,-0.054208743112502455,0.0017872402667321202,0.037525293078390365,0.043473157832722764
1630591,True,7647.402876053194,2.7196013707945026,-0.10493582302239401,0.06659259994669497,-0.11465440415094807,-0.18124700409764305,0.009692977680559664,-0.1313799361618555,-0.09764335595029738
1630592,True,5158.876024441935,-0.7809977088151476,-0.09604062125891955,-0.3520150646528335,-0.09570460433673267,0.25631046031610083,0.004001636803554764,-0.1008125414290375,-0.08205669411617578
1630593,False,201.84053822475738,-4.195473094967949,0.024060506134399695,-0.0013064880285380553,0.02542815383950714,0.026734641868045195,0.0015054700202487411,0.02340131452995653,0.028065966408269638
1630595,True,10694.778721868515,5.345898782265708,0.06141507292940407,0.0902358033282189,0.0774507363010315,-0.012785067027187402,0.018928905073707727,0.05896969126890372,0.12654558825058881
1630596,True,11060.187284978358,1.909153134604017,0.06776632907341673,0.024407043017134145,0.06971464673538152,0.04530760371824738,0.005852428074981942,0.05874482211582133,0.0798095133923915
1630598,True,7760.351448248854,0.29347972855588844,-0.3451576519784323,0.08012291944253813,-0.3414072853513048,-0.42153020479384296,0.004655980037939612,-0.3458118765440652,-0.33199354432268613
1630600,False,145.34025994816105,-2.1225035247558024,-0.0014759626234028822,-0.014167385269335142,0.0008684447646807314,0.015035830034015873,0.002007392745917624,-0.0037409991110850527,0.0035498983993389466
1630602,False,35.94493870437397,-0.16455085662945462,-0.028507897268129356,-0.0029581573228383284,-0.03041456631995587,-0.027456408997117543,0.0012145875965294945,-0.03314685697760639,-0.028557792143644234
1630604,True,893.651841731199,1.7316785062218745,-0.3362518450333005,-0.3411496145406445,-0.33517447994071436,0.005975134599930154,0.0025612750756188506,-0.3393650210998367,-0.32933702409060306
1630605,False,3.683154190689167,-0.16983129892897383,0.0004931242327836372,-0.0008504615552439032,0.0005307442300469811,0.0013812057852908843,0.00020215326365994425,0.0001560292876767455,0.0007888453382190463
1630606,True,69.57686072659716,-1.3220965016674655,0.12768765082039568,0.029078893345963808,0.1276574655902205,0.0985785722442567,0.004450619679941673,0.11726380054841523,0.13384944056115078
1630610,True,706.7995592143427,-3.106284724133042,0.01908651013863505,0.012025868884636193,0.024359052212331367,0.012333183327695174,0.0032041479736701225,0.019253786398235384,0.030539134925960276
1630611,True,4450.730166209321,3.606544237807282,0.02637469768931444,0.013274138142186587,0.02735250579663795,0.014078367654451363,0.004307824135644463,0.020850410670838482,0.03420756554577942
1630612,True,14.98789690709423,-0.16554825248330934,-0.15634915958380108,-0.27375856975334273,-0.17318800707869297,0.10057056267464975,0.01915604643353472,-0.19514011695043326,-0.1552997374729918
1630613,True,554.25416692412,-0.24334417390332563,0.0494061970176396,0.0644965323709874,0.03540450820767377,-0.029092024163313634,0.01128454524614192,0.019758019996980347,0.04872568995177495
1630618,True,56.26237509021195,-0.5678530343728376,1.4551688506556992,0.13034003244510822,1.4562248740576849,1.3258848416125766,0.002255510312555443,1.4531762484016721,1.4598591465003976
1630619,False,1192.534192026497,1.9214893558532977,-0.07918022693884286,0.01642657499197675,-0.08138060880013231,-0.09780718379210906,0.0021121085210301324,-0.08627025867506655,-0.0786568918059718
1630620,False,14.613991268122433,0.3518570277940199,0.0009867056052774714,0.00015177305826458154,0.0018754331544256209,0.0017236600961610393,0.0010330038081905494,0.000667925268255376,0.003706145797750582
1630621,False,103.6483239760836,-4.362033284079089,-0.024030445789064103,0.01766834586441668,-0.02287054956116119,-0.04053889542557787,0.001194639788183216,-0.024842951832006577,-0.02029116285367394
1630622,False,2.4946363849388256,-0.36190531518424846,-0.005080416138438626,-0.0025354337640301483,-0.004979931436845331,-0.0024444976728151824,0.0002131229646896834,-0.005159735815309763,-0.004472726305913166
1630623,True,1130.4420509307074,-6.24538111713301,0.8282372572685475,0.13706899815813856,0.8314858962607996,0.694416898102661,0.0059559221561589,0.8245884867636768,0.8414758526190829
1630624,False,3.3076005720682686,-0.25746865283998965,0.0013580453308666973,0.0007655393146147049,0.0012955552217017163,0.0005300159070870114,6.996493515669271e-05,0.0011958888322981531,0.0014104076276006405
1630625,True,3137.72769980951,-1.3830327126220956,0.02317269882123929,-0.02664210343176765,0.018239260329652174,0.044881363761419824,0.004734655522477485,0.008300059438056895,0.024605455459528747
1630631,True,6907.351590590449,2.8993465472309223,0.06505910103679113,0.024413516769533405,0.06949547792177047,0.04508196115223706,0.004788116262479682,0.0649487833031861,0.08778006031161034
1630637,True,41.68751668414278,0.40238817808568905,0.18298672328273247,0.018440224930281746,0.13867128694089748,0.12023106201061573,0.042601507191287594,0.09846119471579129,0.18850633878165357
1630639,True,1620.4179487767706,-1.8145728803335068,0.12459222726407293,0.01518233131491753,0.12329867455044452,0.10811634323552699,0.003455439511748978,0.11587433550933945,0.12922345811032399
1630640,False,2.933665829212446,-0.10780038176082923,-0.00012056533570867223,-0.0006357525634815148,-0.00013518617177664394,0.0005005663917048708,8.516091821865693e-05,-0.00026259320039825895,8.67781015573138e-05
1630641,False,203.24444296708032,-3.1533323132745146,-0.052259713460399926,-0.005774170715433513,-0.05301960514374837,-0.04724543442831486,0.002058284686709326,-0.055883159118457204,-0.04948951722128525
1630643,True,4976.626550110608,-0.6293647063337797,-0.1337060397200336,-0.04656866326553755,-0.1381318016303401,-0.09156313836480257,0.003200476139014346,-0.1435864638140254,-0.13168556505194906
1630644,False,367.89437324065904,-2.0640385740992384,-0.007019564784779053,0.20680476717148855,-0.005739564650222295,-0.21254433182171084,0.002397017379407788,-0.009597257083639565,-0.0017956940194983062
1630647,True,736.0343818437292,-3.262265508098374,-0.06566692356887005,0.030408246454874277,-0.035184720339423325,-0.0655929667942976,0.04745173884176787,-0.07009999892008656,0.040485368387591425
1630648,True,12.683791089057115,0.4388171878427114,0.049913256139829054,0.0648980660840931,0.03620301299467055,-0.02869505308942255,0.015293239840181189,0.019107686772810217,0.050109575135983686
1630649,True,404.08488582387025,-3.4899042652095837,0.012847955604308847,-0.07056007461692948,0.010259483712143247,0.08081955832907273,0.01022923920796111,-0.006683718661803617,0.03271414482053148
1630658,False,762.0721267766658,-1.8056778016037334,0.14470769012288498,0.07508572681574899,0.1477585016271057,0.0726727748113567,0.003516381673615768,0.1419901797534624,0.15351996328624717
1630678,True,580.2473134557463,3.102223300618439,-0.04235766490997239,0.08837554705230843,-0.04122568049731701,-0.12960122754962544,0.0032165038652897573,-0.047058589486707714,-0.034799291780714725
1630679,False,1511.7067528576695,5.222081518949732,-0.0392945544404828,0.03478083728967363,-0.0390200763701829,-0.07380091365985653,0.00098111362058756,-0.04108382237647046,-0.03680042054436772
1630686,False,80.87162327996074,-2.2752732820583725,-0.003915362090920027,0.011575573549510665,-0.003199704236180878,-0.014775277785691543,0.0026603705169679355,-0.008989110844301873,0.00015065307193662392
1630688,False,710.7722638244261,2.453969472533611,-0.062372897154665985,-0.0013138744461489438,-0.05404581140029974,-0.05273193695415079,0.00860591407811313,-0.06624349391843642,-0.04107793233458068
1630691,False,66.53290905901497,0.1637925935593932,0.005541263651221345,0.008762787446772918,0.0059219664936428495,-0.0028408209531300688,0.0031671291029972226,0.002250576558958217,0.012489223362495666
1630692,True,5774.113845783824,1.8843756552848654,0.026697017783252175,0.0019542251164277324,0.02157012629479471,0.01961590117836698,0.01281177522690763,-0.0021857422358930734,0.04064700508944652
1630693,True,0.0,-1.2628786905111156e-15,0.011426619446676847,-1.2265369086467137e-05,0.006298161821861281,0.0063104271909477485,0.005841974368270741,3.05466908696872e-06,0.01150923888696348
1630695,False,3341.5168464235917,0.1215524414950842,-0.07314227423158509,-0.03597639737281333,-0.07350046195422175,-0.03752406458140842,0.0018212840493983193,-0.07741692984800458,-0.07035685328398816
1630696,True,2968.5175515564174,-1.8010510206504269,0.27910303722703356,0.3149017666331999,0.2858278372285117,-0.029073929404688226,0.00844998836893231,0.2779156214865979,0.3007329466245596
1630698,True,48.792716511935055,-0.997164547261803,-0.45252138143875287,-0.28583400797766745,-0.43219419492074984,-0.1463601869430824,0.022802294824269653,-0.4530150477748348,-0.40572365939771393
1630699,True,1582.15382953258,-0.11313035668550331,-0.05353916080614396,0.10515914512289437,0.01862973034878876,-0.08652941477410561,0.09952613871719372,-0.06619764339131007,0.17682265459985014
1630700,True,11027.48731812252,4.854574673792432,-0.13299863694968206,-0.03277936567104156,-0.1208343760943249,-0.08805501042328334,0.011034121540337739,-0.1362818831138446,-0.10063324305429511
1630701,True,0.0,-1.2628786905111156e-15,3.2051745217226424e-06,-1.2265369086467137e-05,-0.02473069928319167,-0.024718433914105203,0.038763264421768424,-0.08248561256728441,3.407902579813382e-06
1630702,True,4543.373909411624,-1.9731649116331973,0.057796960318240664,-0.008130146397140159,0.058936187407417906,0.06706633380455806,0.0014011907717927962,0.05670252833652012,0.062239513069739294
1630703,True,5754.482553181253,-2.689451512448933,-0.000564024291925147,0.08588528044157373,-0.0010684049518898675,-0.0869536853934636,0.0024954790425499172,-0.007423150317373839,0.0025450287922117454
1630758,False,25.343621188410584,-0.8795277182761558,0.007320824909203161,-0.0008181740441574048,0.0069016826868482095,0.007719856731005614,0.0012680940016205344,0.004494694321156123,0.009514642987899613
1630762,False,68.83962682751351,2.0305646819433867,-0.006854673868195604,0.018614487865340035,-0.006531418438202596,-0.02514590630354263,0.0006624746930302264,-0.007987339617253397,-0.005447399647682261
1630787,False,15.992067716827012,0.4473235297770689,-0.005491973253011595,-0.003388219516679558,-0.006585645047408439,-0.0031974255307288812,0.003151506836439456,-0.012682855671959425,-0.0036749378350244277
1630792,True,81.1308300092529,-0.33099219975802374,0.04644462133272981,0.008190243079748527,0.04685758912298327,0.03866734604323474,0.0011454843054996301,0.04487242260725777,0.0493259957116754
1630811,False,1857.5498387744933,-3.7412160984909475,0.040103111486855525,-0.013640183550763574,0.044054495155746665,0.05769467870651024,0.006967579682776615,0.03059882468008368,0.05715085542078979
1630828,False,51.1510969917181,0.9722316611082521,0.011046504794428147,0.00527785403982195,0.011988797536027218,0.006710943496205268,0.0010495505773041463,0.010186652035683474,0.013876446932307496
1630846,True,406.6318336042118,0.5206656984267136,0.34604926758175836,-0.10809601398250268,0.34083960522331136,0.44893561920581404,0.012467403314856252,0.2964991279387842,0.3513891366205951
1630929,False,29.67747345217169,0.7781795301482304,-0.010555155169989727,-0.01641279258916961,-0.009080092864771627,0.007332699724397984,0.0010618454543276767,-0.01058516502458906,-0.007505207148812532
1630994,False,17.442037814237253,0.5017960794493588,0.0032484416991733767,-0.0043293117721383,0.003878128586846108,0.008207440358984408,0.0007661366578826218,0.002929012518460228,0.005309905935315329
1631093,True,5907.928853035017,-0.732570336098264,0.26105921829430445,0.3054248303881213,0.25960873381320726,-0.045816096574914034,0.011631554694832333,0.23643647053476202,0.27539193677294854
1631094,True,11591.79539592823,0.10203268541986166,-0.35057027181447187,-0.008248775295178312,-0.3668266029787522,-0.3585778276835739,0.019348093211529284,-0.3963804088353349,-0.3391970406910588
1631095,True,11711.206053362162,0.5379422972426465,-0.23115602317242845,-0.05905684842516612,-0.22650139164574157,-0.16744454322057545,0.005848408591260596,-0.23842093011087373,-0.2155465697663238
1631096,True,7637.790446953715,7.246170269455452,-0.4812217477391201,-0.24725731089848768,-0.48084875845258246,-0.23359144755409478,0.006811167176789363,-0.5094306592721782,-0.476936063977317
1631097,True,8825.184705248306,-0.13086490197898265,-0.5445736728011958,-0.18661467578706253,-0.5389330835298143,-0.3523184077427517,0.005805782350114864,-0.5479159355977343,-0.530042933618416
1631098,True,1119.8596334608053,-2.9365390344116604,-0.30641847756485197,-0.10913136024326109,-0.3103059825699881,-0.201174622326727,0.004168662828314088,-0.3201470795954573,-0.3034395908289853
1631099,True,8812.842219291675,1.867499436458533,0.2989115806121889,0.11647177178133084,0.29697110366069257,0.18049933187936174,0.0032080091733157675,0.29029364246527267,0.3024479928067918
1631100,True,904.3492466092234,-0.3747383925703005,0.10445338167905405,0.24097955687196246,0.10917929693074713,-0.13180025994121533,0.06153072117232479,0.03343989739223824,0.2215934606946548
1631101,True,8247.745569416658,1.2056322192505484,-0.019417989955548443,-0.08404629980821454,-0.024345545404416358,0.059700754403798184,0.0038579757031900223,-0.03311719246518319,-0.018126219327685655
1631102,True,677.103385641843,-0.3160155302064056,0.08651840129434207,-0.04100182058572943,0.0811629992860031,0.12216481987173253,0.007155924438198957,0.06971584041950396,0.0902455732388403
1631103,True,3485.4663782704365,-3.4649789449770556,0.11765537679044114,-0.023643931488564363,0.10633259584849375,0.1299765273370581,0.01218569122501705,0.08394855139792368,0.11937646577855121
1631104,True,2924.5329449501983,-4.463129774238162,-0.2037186415691039,-0.135325854881148,-0.20839105246748968,-0.07306519758634167,0.007525563289220162,-0.22266367217781546,-0.19976406779896205
1631105,True,9586.559845976,0.47220043340388046,-0.0005250697295703377,-0.17975767982230378,-0.010148578919496887,0.1696091009028069,0.014825003343624257,-0.038510060239133226,0.004364333698308187
1631106,True,6808.157011802377,1.8327693297549241,-0.1753447432099806,-0.07917943393843863,-0.16912762259573633,-0.0899481886572977,0.005344985060190864,-0.1786495434079569,-0.1587830962203749
1631107,True,4135.691167651645,-0.1447896306230248,-0.07632423144573988,-0.1898137794334166,-0.07484849180424338,0.11496528762917321,0.0048233783235052475,-0.08658088642347156,-0.06644571070514327
1631108,True,9020.097680982815,-1.5342667912790473,0.13982834595763372,-0.0764602828399985,0.14549046241420327,0.22195074525420178,0.0037436739015766635,0.14079295042371287,0.1537841574371115
1631109,True,5604.895146012276,-1.7117608152521728,0.07593585446395434,0.08743855242529941,0.09285193135943448,0.005413378934135071,0.01832629891160259,0.07460320220076366,0.13948538468533678
1631110,True,5556.349780909614,-4.834590978990837,0.10194749661035996,-0.12712600301513444,0.09934184209129882,0.22646784510643325,0.005287490020490866,0.08938912307129776,0.10697522025644801
1631111,True,950.0721492491,-1.5270086955458726,-0.6010412129626423,-0.32170997904216625,-0.5831861776759502,-0.2614761986337839,0.019612474671558525,-0.6017178322908168,-0.532943413647953
1631112,False,68.38742240961567,-1.0301200640169366,0.005864967942229793,0.007772692108826362,0.004123821478144496,-0.0036488706306818663,0.0018758298698330058,0.0008015323642349692,0.007232468600534725
1631113,False,1030.1786558633146,-0.7529641791775532,-0.04928504690948099,-0.009560730296369613,-0.04749177241961733,-0.037931042123247716,0.0033195161484451427,-0.05143354570243819,-0.039647976935312634
1631114,True,8383.914994944304,1.2390456176575313,0.1907817515910497,0.0391492708636092,0.19254798807256934,0.15339871720896014,0.003995048022436619,0.18801495321932737,0.20464932038758588
1631115,True,1703.984770733461,-3.636745880856698,-0.03190968669857153,-0.029754107019963172,-0.029575267896490676,0.0001788391234724962,0.005142200031294108,-0.03677246862819539,-0.02078841402549969
1631116,True,965.6435718583983,-0.18427898952832056,0.2860116342667185,-0.10624668866260967,0.2910121361986224,0.39725882486123204,0.00947622897512004,0.28101642919228187,0.30881693984672864
1631117,True,5026.805942130029,2.5157982224854822,-0.1571231926792862,-0.00954176784341998,-0.1599291803549865,-0.1503874125115665,0.004234090131714454,-0.16731452529601132,-0.15161310075209755
1631119,True,5105.456645547309,1.0331055119357304,0.5356954921178423,0.05814984704352644,0.5386886609940531,0.48053881395052667,0.003504522487908501,0.5340782867236036,0.5454452500425131
1631120,False,704.9485196562154,-3.1738010222396578,-0.07912731252241878,-0.021883992998286583,-0.07649559075052847,-0.05461159775224189,0.0038887289545002524,-0.08353534530594153,-0.06875077585491995
1631121,False,3195.314597642993,-0.02675713360015597,0.028960112922477466,0.006408003934283091,0.030978206640066376,0.024570202705783285,0.002235762188078104,0.025253328435953293,0.03461821529788378
1631123,True,1612.8691769311,1.1347430744386808,-0.17312831041451648,0.13885398316135156,-0.17509058827283375,-0.3139445714341853,0.0034130969963551655,-0.18050028786872252,-0.16789141579872835
1631124,True,4268.489750179095,-2.268833551750811,0.23879276849872344,0.13427439187610712,0.24058222183311218,0.10630782995700505,0.0025080480606571756,0.23640826163700712,0.2458964479712531
1631126,True,2150.23894462253,-1.2299547480720752,-0.1638103893946503,-0.055415782539847136,-0.16877478069050778,-0.11335899815066064,0.003538997305419836,-0.17427394174416366,-0.16369622222590108
1631127,True,105.9800916512243,2.8094643621244546,-0.0024606751997304777,-0.010871709883305325,-0.002160136222635778,0.008711573660669547,0.0014809438878057373,-0.0042699652942257416,0.0014171270772140865
1631128,True,8884.80462949716,0.74931481548279,-0.1833870407605761,-0.09759599468814173,-0.1804550770535287,-0.08285908236538697,0.0031486767128553156,-0.18521962177477802,-0.169921302972461
1631131,True,1458.792299606805,2.225815142398532,0.1450939122547319,-0.10283437591207178,0.14660601999093892,0.2494403959030107,0.0020897407919323787,0.14317204364270353,0.1499488044317685
1631132,True,1700.8164440077087,1.2536595885977095,-0.15545539673329456,0.039054828872454594,-0.1602287215374556,-0.1992835504099102,0.010491551305449523,-0.17768128225572433,-0.14608404384836526
1631133,False,4633.824359400682,0.4567585950400175,-0.05298609531906506,-0.007119348293261829,-0.055757403529319294,-0.048638055236057465,0.003161444749230257,-0.06312968254236623,-0.051905136027782905
1631157,True,6398.932597319717,0.18591823408905828,0.13852484517389974,-0.12018146311723288,0.13899355367859179,0.25917501679582466,0.004643724281361389,0.13097579102136458,0.1485132110204802
1631159,True,1812.7116046406434,2.44622761842557,-0.11274067582885827,0.09004497255951804,-0.1184120289680064,-0.20845700152752444,0.0034390311537913997,-0.1263101482667457,-0.11323036790890129
1631160,False,42.976345436177596,0.22824071095770912,-0.015767039135616,0.015065026469866377,-0.015396603513402357,-0.030461629983268734,0.0008368444715699448,-0.0169141458606962,-0.013880762517818362
1631165,True,6847.804477583009,1.6788596322949383,-0.04365969591782304,0.02211972667471307,-0.051795349968841276,-0.07391507664355434,0.004737389014275428,-0.05872687880836014,-0.04124908977579533
1631166,True,943.0121031626022,-0.4423940920615144,-0.1634564327006583,0.14582425802341797,-0.16256889740277475,-0.3083931554261927,0.0026752733721873917,-0.16828793759910604,-0.15657135269610528
1631167,False,3.21319776937945,0.18088803045288449,0.007696667547006486,-0.0010864279823045164,0.008531214366428563,0.00961764234873308,0.0004002452110437381,0.007720581852087405,0.00940608998637027
1631169,True,2355.5792119465177,0.20690632643418105,-0.17265766307288327,0.06971215567158989,-0.17000501321685985,-0.23971716888844974,0.0046258572893069115,-0.1793747567075058,-0.16062945120426933
1631170,True,8294.3594775441,1.0498258481790423,-0.14670638857787077,0.028771780405218772,-0.14680405326619372,-0.1755758336714125,0.0035422486050785836,-0.15535894879980683,-0.13999090268228542
1631172,True,3705.5621839644455,-3.115603528710351,0.11750352415735188,-0.015436393034510054,0.11616551706611977,0.13160191010062983,0.0022320222825408347,0.1113482386557898,0.11953221423945148
1631173,True,67.59580521742132,-0.12181699601370566,-0.1127889233131305,-0.1300058973828444,-0.11190713070034919,0.018098766682495215,0.0044556289188608066,-0.1172632144443928,-0.10408277376440167
1631174,False,746.89822339574,-2.413625304998348,0.024294536830627322,0.014315238973852118,0.02658539576691421,0.012270156793062093,0.002270211886955739,0.023134620724142962,0.03094605065476186
1631197,True,698.4286827630987,2.5902916448640325,-0.024280896439023092,-0.03287054553304758,-0.02732511650654157,0.00554542902650601,0.004178187510183749,-0.03693028128696474,-0.02095893475380972
1631199,False,807.9708788205118,1.3610377729133836,-0.06431643542154952,-0.05535447849290631,-0.06135786429718659,-0.006003385804280281,0.002528675031323266,-0.06643483234429137,-0.05612969122098477
1631200,True,5606.59971223355,0.08360195819606209,0.3339006698204787,0.09755944081681167,0.33409097121680864,0.23653153039999697,0.0008935062256364462,0.33243775618543037,0.33576610136116836
1631204,True,3278.9193179392546,0.43272200371211644,-0.28886514328853097,0.017391278996782666,-0.28909138274922286,-0.30648266174600547,0.024964781810691956,-0.3519031363252919,-0.2549975001109748
1631205,False,172.16772707205075,2.458647069419631,-0.021237343375497986,0.004519057331978438,-0.023042982786558586,-0.027562040118537023,0.00224639548245333,-0.02730991310535913,-0.01960736955398623
1631207,True,3215.6756907164504,0.8386439995406099,-0.358494516681122,-0.28380655338202176,-0.3715277279347667,-0.08772117455274492,0.011846905413260457,-0.3931628982691042,-0.35511435493516347
1631209,False,376.9606894083136,0.49151233028209385,0.027828577171486124,-0.012533783385346053,0.02721815922526183,0.03975194261060788,0.0015810795051986305,0.02351762855977002,0.02990664097975948
1631210,True,167.7216049597526,-0.27437691760391236,0.020323348792766982,-0.14786779985450038,0.023985878525242088,0.17185367837974247,0.0026785970124133364,0.01990050960869527,0.02894409384830876
1631211,False,39.50375257837174,-0.2628542266173282,-0.010801568129136574,-0.14014961392976355,-0.011111341982487921,0.12903827194727563,0.00039955645870683973,-0.011811179345549316,-0.01048186963299852
1631212,True,7040.1868398497545,-1.7551949943938867,-0.2449698970313583,0.0221110362708552,-0.24474759318410388,-0.2668586294549591,0.0016375407076679649,-0.2475053135085954,-0.24172303065937828
1631213,True,3413.7696756058003,-1.5086259271806148,-0.23419127498981362,-0.03395274801709247,-0.22695411171447955,-0.19300136369738707,0.008217677026389028,-0.23992539778823163,-0.20757671907680386
1631214,True,256.1853771316918,4.091270800943361,-0.18759548890310018,-0.03823628062689899,-0.18776930839913986,-0.14953302777224087,0.0009523986959597906,-0.18917385703693812,-0.18546456413528478
1631216,True,2494.704819866459,-0.7020127925757755,0.022489985311253458,-0.029506968394539923,0.029704394196207073,0.059211362590746996,0.009999678696346853,0.019302175152623224,0.04468878106173735
1631217,True,6099.83241631352,5.041341921736701,0.020905131368981422,-0.04428512408489915,0.029682917730932346,0.0739680418158315,0.004764090593915054,0.023192874660772134,0.04287693722962782
1631218,True,3454.085765769364,-1.6049374335651554,0.14687443551831425,0.024579565204994713,0.14653150814066684,0.12195194293567213,0.0008325510593785915,0.14498444561138668,0.14845390171079198
1631219,False,135.16874295691332,-0.6012794960400674,0.014420903398607354,0.028053502512786044,0.015582678591320676,-0.012470823921465368,0.0025810173854461326,0.012154356688850676,0.02095872218696182
1631220,False,51.86657104571915,0.15790594906937855,0.004360966720424075,-0.007389228513634105,0.008910378345932002,0.016299606859566107,0.0036716730711492344,0.0018088817916397937,0.016943692090128165
1631221,True,5809.967624373561,4.827575404876775,0.22994248670456408,-0.06159326823712341,0.23358521270616794,0.29517848094329135,0.010869386672469247,0.21911856804152308,0.25152682841070906
1631222,True,7249.709151622426,-0.1925381311683656,-0.08956124578950364,-0.062107537432297466,-0.08241372152849735,-0.020306184096199886,0.004066065801051966,-0.08807551291944815,-0.07533830388953455
1631223,False,2469.088626011848,-2.5910276784068627,-0.02168196067112582,-0.006062582330160993,-0.019632594357958055,-0.013570012027797063,0.002700944190712739,-0.026178357179487577,-0.015018388497151314
1631230,False,4981.766524063159,1.0772484942257627,0.04062498247787283,0.04605816417908826,0.03714321519153074,-0.008914948987557514,0.004544483739260912,0.025424398220945,0.04430042092919373
1631232,False,517.0510764987506,-4.371371972815266,-0.011090793175450031,0.03695478869073643,-0.011473480297447658,-0.04842826898818409,0.003504397649899168,-0.01727210411214042,-0.006411114910072513
1631241,True,312.78361856860704,-1.9670798537818404,-0.0038178512044286794,-0.08433647515045317,-0.0046233949734098,0.07971308017704337,0.0034477420875402096,-0.014281428962537923,0.0009026178684181652
1631243,False,3501.732088055306,1.7795800724275312,-0.024264029866640557,0.05126699713263183,-0.02500087802740003,-0.07626787516003186,0.006860564651812932,-0.03732704861365832,-0.013934593684371555
1631245,True,2631.8603090942597,1.8046327637805015,0.22621241058111896,-0.10714372785843596,0.22504053807671043,0.3321842659351464,0.0025887677623792128,0.22156330642921662,0.23120819179947216
1631246,True,3845.404421059788,1.9742702276866875,-0.25458972363928045,-0.07951264249776169,-0.2537559679357102,-0.17424332543794852,0.0014540539763736235,-0.2567714333405178,-0.25138560945193267
1631247,True,323.6107549676208,-4.454948532045963,0.3364334447842232,0.35094536252149844,0.3334507124126125,-0.017494650108885956,0.0021526369180936214,0.32977296120530575,0.3380980327002634
1631248,True,3787.5119653110414,0.1450817205891879,0.011163336597561635,0.011653211080405512,0.009503732290474826,-0.0021494787899306866,0.002365207116506456,0.005292119288335062,0.013237181496614125
1631250,True,1891.8668273628323,1.9508993989249719,-0.24548087617333358,-0.2688591134549325,-0.24571895905846142,0.023140154396471102,0.004404058455409397,-0.2541043160913117,-0.2387761286827499
1631254,False,285.3326627336021,-0.5152720466823139,-0.0015259729490819662,-0.020806095537008518,-0.0026790836100091253,0.018127011926999392,0.0011888535456480271,-0.004750043738487197,-0.0008049694046194933
1631255,False,3243.325458212165,-1.0724408478875236,-0.049451128458208204,-0.01989543783968939,-0.052913578801109695,-0.033018140961420306,0.0026314533991790043,-0.059036075490380924,-0.04859905336092729
1631257,True,45.01185149190007,-0.7819133434782921,0.4382849074934658,-0.04312763287793775,0.4288988910656573,0.47202652394359507,0.022349119145190582,0.3758213818104318,0.4403347102514217
1631260,True,7959.1580684112005,3.65376945339929,0.27973289366955,-0.0007243679542874304,0.29544896966682144,0.29617333762110887,0.015367813038701937,0.2719808504519414,0.32228367901445676
1631262,False,143.16604786558963,1.813428390812824,0.039950837974577436,0.035196637327812086,0.03773396331370549,0.0025373259858934016,0.00354059137097728,0.031909105378885805,0.04309838215587192
1631288,True,2162.5096114953344,0.2447449590724825,0.16446221006006867,0.06137057028967863,0.17056127646358626,0.10919070617390764,0.004727710987030052,0.16112614000646552,0.17970543979340736
1631298,False,100.82928067775987,-1.009628221731913,0.011810913110788968,0.010272605368852994,0.012797713984366133,0.0025251086155131386,0.0014159337381678874,0.010460595918379445,0.0153931594000013
1631301,False,175.705696566557,-1.6959840944504099,0.033149311016366756,0.0023097653270269802,0.03023637765977516,0.02792661233274818,0.0036804964129342785,0.021112223751566628,0.03355773227788683
1631303,False,570.0836836171965,-0.08433358570548455,-0.00945018774397477,-0.003201963309503064,-0.010523213194686368,-0.0073212498851833036,0.001439659377483086,-0.013785224189270417,-0.008206169070240632
1631306,True,360.1045439076479,2.029605222064414,-0.1453267942185006,-0.003521989919684998,-0.14331109179395995,-0.13978910187427496,0.001580062630192194,-0.14607722585479266,-0.14025608869846828
1631309,False,16.242893350400443,0.21832814763881583,-0.0010296661487156633,-0.00028348694728960733,1.3761895997527196e-05,0.0002972488432871345,0.0008119754258322801,-0.0012448968004109273,0.0012482609257981336
1631311,False,660.0260954425746,-0.20238219197562812,-0.006071192794522506,-0.0030437230897966128,-0.007408437185489225,-0.004364714095692612,0.0020675039842834165,-0.01138856856030901,-0.004929309009603422
1631320,False,4.058800168036499,-0.2846211056177851,-0.0009612749815111066,-0.001636975472557256,-0.00095949408857543,0.0006774813839818261,5.714576459332927e-05,-0.0010477431098291357,-0.0008272933911540603
1631321,True,3395.273929007807,-1.0981383718117423,0.2596344296852753,-0.05316333289712327,0.2639777033021591,0.31714103619928236,0.004232116901194699,0.25818092635163736,0.27602117396962833
1631323,True,6166.397904422184,1.92598287221699,0.22483568585716052,-0.03254742892732376,0.20276298788845182,0.23531041681577558,0.03582791519561427,0.142738023839736,0.23222002208044445
1631338,False,230.69082267413043,-4.666581425605192,-0.010273911823605708,0.0995984942283803,-0.010488062018262134,-0.11008655624664243,0.002571927120519433,-0.015583632260917746,-0.006890583645538406
1631342,True,1992.6113724729494,-2.1682636541464895,0.11734831788785938,-0.12058214065364758,0.12088046056826496,0.24146260122191254,0.005592214073648913,0.113803890256305,0.13158591284723764
1631351,False,556.1997322887885,-3.207648393934257,0.020403470600915963,0.03014817654094104,0.01935944894484143,-0.010788727596099612,0.0014204915444679142,0.016840254163120516,0.02194824180057564
1631367,False,639.7970696593034,-1.9134234749108394,-0.027682470032601048,-0.04195237799684848,-0.027281158341828426,0.014671219655020051,0.0016657404976739383,-0.03108900932801295,-0.024967445898525398
1631376,False,1.8562920266477403,0.03774463935344466,0.0017882866916897194,0.0014627880662155535,0.0017932163548827276,0.00033042828866717416,5.7997581615001997e-05,0.0016982257404539597,0.0019160667339183923
1631386,False,65.58153458587805,0.1991274106922496,-0.019353404129159035,-0.010807225497346529,-0.01966007904272607,-0.008852853545379541,0.0004993805006335723,-0.020494856173415316,-0.018794578114387922
1631451,True,202.42264307560282,-4.627662223894361,-0.02303922872306785,0.0054861115830782126,-0.021105673582746398,-0.02659178516582461,0.0021301281120383576,-0.02406176830593676,-0.016802965324338004
1631457,False,57.94018042479389,2.65488701442372,-0.029617256752032084,-0.045183216108375834,-0.029031020267332508,0.016152195841043326,0.0010259310196920853,-0.03117309554109493,-0.027343301300251532
1631466,False,948.551283012504,-3.323306849416973,-0.07424997804284272,0.0033250748204420866,-0.06989210722006334,-0.07321718204050542,0.0031247122813965814,-0.07494525918529149,-0.06376422400244497
1631495,True,1.6061896204070782,0.2383607034354548,0.05385320565557461,0.029709908591494916,0.041053805677494726,0.01134389708599981,0.019890050297598993,0.011306826568020928,0.053941800622546665
1641645,False,78.28125543371803,0.9729736831750821,0.041844515658486126,0.04157956618945646,0.043728148220488317,0.0021485820310318537,0.0026347304146657957,0.03861725105485392,0.04860360001734487
1641705,True,7896.267167118953,9.6012984403515,-0.012889071674212715,-0.060550345288453045,-0.007888839070151477,0.05266150621830157,0.0032550461952386128,-0.013212081672140386,-0.0006910006252631717
1641706,True,7773.042841090305,3.938854616634055,-0.14352062471572147,-0.04549397242888542,-0.13262881248156155,-0.08713484005267613,0.006751971483559993,-0.14284378691596844,-0.1208197527085435
1641707,True,3430.5275373781938,-2.5277385602548486,0.10570081724492386,-0.01904658103320589,0.1059488860334814,0.1249954670666873,0.0015129625956689485,0.10308321571694501,0.10878468113380046
1641708,True,10750.590939492447,2.7296913239993583,0.05309475486654991,0.023931920301221155,0.04261652881423439,0.018684608513013234,0.009707123398925621,0.022416970788146084,0.05721959570820889
1641709,True,7390.910934753522,2.6197710614952587,-0.28579764217305614,0.04532229943325561,-0.29247540362027635,-0.33779770305353196,0.009530906507991663,-0.31400852506552823,-0.27104292874146063
1641710,True,7827.5438990379225,0.05682977593621508,0.03326904246319862,-0.013879441177649054,0.044466179388040136,0.05834562056568919,0.015539888931704044,0.026999429934626673,0.06645656610754835
1641711,True,5524.200273069825,-1.6941403986772128,0.1565054708139011,-0.02720197008350489,0.15840671285325358,0.18560868293675847,0.003069466827513888,0.15373414535137386,0.16543511870720007
1641712,True,3596.6810117400514,-4.791730328069135,-0.059172168376129264,-0.05479647754422867,-0.0594635481508865,-0.0046670706066578305,0.001550036378488758,-0.0628785104213394,-0.05695270268690411
1641713,False,4515.312116153764,0.07441315530565962,0.07146441200877984,0.024076055095160143,0.0716004692578732,0.04752441416271305,0.0022383892805460854,0.06810256943669868,0.07705270384537305
1641715,True,2685.3521892763692,-2.9249131452331194,0.1271447411730331,-0.03069443527465454,0.13327197326009577,0.1639664085347503,0.004321054652070666,0.12604272123497973,0.14225428942018103
1641716,True,6124.238965149728,-4.778831433961179,0.30232269189826777,-0.05823264825946062,0.3072510326092006,0.36548368086866123,0.004890426712975436,0.2997917386641342,0.31577007651302313
1641717,True,8354.923947794374,0.047451700086068804,-0.2831277755702539,0.020756006188752174,-0.28212177525544185,-0.302877781444194,0.006479519656410249,-0.2914599697160447,-0.25634954526263365
1641718,True,8595.909153103708,-1.800830396214034,-0.16637438551952322,-0.030476734285377116,-0.17149500182799304,-0.14101826754261593,0.006357010290226692,-0.1880832218252455,-0.15960389634884864
1641720,True,542.3720827567795,-0.29640055451082703,-0.42514467862552374,-0.049003803691387016,-0.4204877948216472,-0.3714839911302602,0.016835438285227298,-0.4372604432887538,-0.3744863076579309
1641721,True,585.5962741932989,-4.151402920797706,-0.7525156651304412,0.08246273911905799,-0.751437560617858,-0.833900299736916,0.006692821072009014,-0.7561123163070747,-0.7239220518526874
1641722,True,4371.090019957633,-3.675318532121297,0.17121464552852927,-0.014152140657909484,0.16954608955142714,0.18369823020933662,0.00825081702040257,0.14949317220820157,0.17711566956664937
1641723,True,619.9755455032114,-5.685614492036226,0.15615592634853126,0.008261544470135718,0.16599547471499498,0.15773393024485927,0.00920924736679361,0.14878420583205454,0.18127536519697696
1641724,True,2550.5206327637325,-4.199087213075082,0.09814504930100743,-0.053247619820725234,0.0982091297237151,0.15145674954444033,0.00421537048695831,0.08940119452315809,0.10427955066743078
1641725,False,426.11284314853333,-1.6588059580515306,-0.1305882890693586,0.048511004725923845,-0.12690197788450308,-0.17541298261042693,0.00262892379794694,-0.1299742080320001,-0.11978048619186099
1641726,False,2510.3195047997674,4.64791194012942,-0.1706913970258963,-0.07642269977140259,-0.17358113901063188,-0.09715843923922929,0.005736581375717055,-0.1841806810037232,-0.16510430509450114
1641727,False,849.1676616277421,-4.712011347448091,-0.004318271551194464,-0.006385321257400101,-0.001921866134648731,0.00446345512275137,0.0021464938677085784,-0.007860002112584752,0.0007965099111437723
1641729,True,6436.14695377994,-1.7179499513455396,0.027106880775006115,-0.01610427016834537,0.025702030661714614,0.041806300830059984,0.001981144870923972,0.021615996167579254,0.028092126659429617
1641730,True,5568.306195901617,0.5118009445395477,0.28020591979470555,0.25932787288728276,0.2773941094949802,0.01806623660769746,0.0029237315730325907,0.2735170088775922,0.28263096324519044
1641731,True,7212.304848049419,-1.2201547252484521,0.2654959832899284,0.11364027396148613,0.26570054092179285,0.15206026696030672,0.0021993660609927737,0.2628642564665743,0.27091443656162695
1641732,False,951.9296413717402,0.7255963795529143,-0.10706738338245647,-0.06104652877415284,-0.10871148047397106,-0.047664951699818214,0.0017940422919357393,-0.11314589518442397,-0.1056559679090241
1641733,True,3426.4815940888893,-4.407885783427661,-0.11696710031167168,-0.17479958707545062,-0.11799380688816363,0.05680578018728699,0.004652363073268164,-0.12519459827174018,-0.10860845785786033
1641734,False,233.68622954286332,-4.679255623968244,-0.06320645560538818,-0.026450380300802045,-0.06834044711630938,-0.04189006681550733,0.002377700375955536,-0.07364459403090162,-0.0638328528615677
1641735,False,62.12940400590246,0.33921552203990707,0.03209151402721938,0.018129087470636185,0.03265052576285621,0.014521438292220024,0.0017372271672950375,0.029691253800297635,0.03533801646532447
1641736,True,674.6578336740884,-0.6720835849531801,0.0228054466994847,-0.2471047241589701,0.02676442707903126,0.2738691512380014,0.002580964830189653,0.019763447090796138,0.03115924431900763
1641737,True,4025.8634255475745,1.584254110514184,-0.012129859917816788,-0.03671362433981695,-0.007782758144185609,0.028930866195631344,0.002750263471926537,-0.012662548655457018,-0.002344572722905891
1641738,True,2880.5449646031257,-4.326491339687795,-0.09140891854163868,-0.06481171399348362,-0.09109173656688796,-0.026280022573404338,0.002069980772287304,-0.09449261317390878,-0.08710475245146476
1641739,True,11081.631141367594,1.9985220756881152,-0.16736103716956707,-0.005679399172382027,-0.16178762112567435,-0.15610822195329233,0.004963709260515705,-0.17287490446928722,-0.1529998798179888
1641740,True,2666.359578272893,1.7867602574224315,-0.7028955946794895,-0.06926663482999329,-0.7115663258663767,-0.6422996910363834,0.0038165684568811755,-0.7181617300275862,-0.704517202480508
1641741,True,2011.3075562656506,0.20852072890114048,-0.13489356496732965,-0.06974879474616619,-0.13343913347333855,-0.06369033872717236,0.0022876133849704947,-0.13704586764539867,-0.12980422801920088
1641744,True,2595.4693368809985,5.482922150335186,-0.4236041675269586,-0.09180009837986436,-0.4264109989286631,-0.3346109005487987,0.002131324933887205,-0.4291870432764444,-0.423053975810709
1641745,False,313.77279644734784,-1.3151979702927146,-0.10915321537140565,-0.09175273214858803,-0.10695985079976356,-0.015207118651175522,0.0025675420932391407,-0.11096846950909667,-0.10191639032038546
1641747,True,464.1946371744518,0.31773862360287186,0.02142048110133432,0.021834628542081846,0.01945399189267366,-0.0023806366494081854,0.002360529936123511,0.013789814103790876,0.024125234298445264
1641748,True,2687.8377716376426,-2.365422435549561,0.18923988002817582,0.043453858593442085,0.1879387723703041,0.144484913776862,0.007014299103263,0.17379725344276897,0.19829247826910423
1641749,False,59.404733128498,-0.5361409869475288,-0.009473716570875146,0.0006560604318414098,-0.00966448786535512,-0.01032054829719653,0.0006575610876949261,-0.011316686961182265,-0.008178785329643445
1641750,False,3260.9017974262247,1.1980137737437802,0.06437519179944995,-0.0026117946740149556,0.07052753438194515,0.0731393290559601,0.003737302725522341,0.06569884171188378,0.08107984959189807
1641752,True,202.70116983192557,-2.053402905420462,0.1263000483732053,-0.0703616853388338,0.13051898220213465,0.20088066754096845,0.004661255066592181,0.12340817333617782,0.14016207800374936
1641753,False,275.6823496005777,-1.3810227891274893,-0.025310521360476068,-0.03578094289023559,-0.03579347561280288,-1.253272256729332e-05,0.014318650363696965,-0.058754954830354755,-0.02379270058861227
1641754,False,45.47503653763343,-0.4517872659903728,-0.011554553990025307,0.0021702753028825517,-0.010051240556135155,-0.012221515859017706,0.003372531247196296,-0.0157390505318053,-0.004955485077171584
1641755,False,399.5864103141103,-3.9218514418874575,-0.029027299609439616,0.017904591678819415,-0.030959045116374373,-0.04886363679519379,0.001721284799432845,-0.03368090745842611,-0.02762721849398897
1641757,True,3529.5814271229074,-3.988247477698275,0.5252305458374882,0.0011025509166682212,0.5217763644094715,0.5206738134928033,0.00521612984581282,0.5137033130096502,0.528799976845149
1641761,False,83.08573016025606,0.08344461772926845,0.12559386757237717,0.14261096130616205,0.1241528391813404,-0.018458122124821646,0.0010259439908160768,0.12235606928396123,0.12607217342942076
1641763,True,2687.3503995619035,-0.5615206849026084,-0.21539940203949715,-0.20082973566014062,-0.20390296030354005,-0.0030732246433994304,0.012777185116965536,-0.22212096065678133,-0.18170705911723495
1641764,True,9324.316507887712,3.5702493270335447,0.015963960630271945,-0.02399932995040377,0.008763068863046897,0.032762398813450666,0.008221826298327899,-0.002917883214649919,0.018470601065531334
1641765,True,3333.3149046074855,-3.734550956330877,0.07677620177680211,0.03374255181319663,0.07679080380887404,0.04304825199567741,0.0030259845368713753,0.071225921908189,0.08100238792569936
1641766,True,86.54167908684599,1.730937472026554,0.06401757654241047,0.06568942377902154,0.06329981483382263,-0.0023896089451989067,0.005544113453312408,0.05166452962416579,0.07125047142801466
1641767,True,5294.5073861242945,-1.0075303931733242,-0.32143893615413077,0.20969011162102014,-0.3145079136594702,-0.5241980252804903,0.006770247856810988,-0.32463400762076033,-0.30488826667639524
1641771,True,792.2007459298017,1.2270602193300943,-0.14671759539610063,-0.003049681579158303,-0.14824559871950482,-0.14519591714034652,0.0022935165640690764,-0.15169928681934208,-0.1436556670242135
1641772,True,2289.855783622076,2.3370461011335038,-0.041576971613746405,-0.05114366773864498,-0.037643607537230395,0.013500060201414588,0.002876616805594356,-0.04140411965457336,-0.03183851274063709
1641774,True,2403.405862937665,-2.615524919273801,-0.22442071239179562,0.05623144809035896,-0.2300811762181656,-0.28631262430852455,0.003734849835383927,-0.23593232645777107,-0.223075905556537
1641775,True,3287.8168611996675,-1.5074105921609435,0.05282859434240916,-0.04807368695094416,0.04908486040974025,0.09715854736068441,0.0030613526792448048,0.041847455113856125,0.05423567630758219
1641778,True,1148.6102249353644,1.4284685879582688,-0.35634525651250204,-0.2465761075049584,-0.3571271956964701,-0.11055108819151171,0.0019580664822910388,-0.3601944285069021,-0.3534550050074765
1641779,False,42.73295646590629,0.047745270960344977,-0.002852061709856968,0.004732036031401987,-0.0035640614244370483,-0.008296097455839035,0.002062589900455415,-0.006635868460937666,-0.0004362045140133275
1641780,False,118.07485313206216,-3.0173141061279125,-0.056529682020645566,-0.0366950880306991,-0.05724125351869391,-0.020546165487994816,0.002680640053290284,-0.06208064299323368,-0.053714925325298424
1641783,True,6388.8189589142985,1.7196355373320094,-0.18953653178911845,0.02683291897476514,-0.17841713774899626,-0.2052500567237614,0.009263912416361606,-0.1910417410572811,-0.16564800124893453
1641787,True,1273.785915740095,-0.5467406174502698,0.059967262798746646,-0.07963525827090612,0.05314554807706828,0.1327808063479744,0.00654144723054848,0.04380139834954333,0.0704883850620397
1641788,False,37.76377704196858,-2.6772386498948304,0.029894021840738194,-0.0008095666417728964,0.02930904008220292,0.030118606723975816,0.0010388148822688256,0.02765303780519668,0.03102351547856186
1641789,False,77.2650632966673,1.8022096955710047,0.04779412697048313,0.0015472018772166862,0.04931597244613317,0.047768770568916485,0.0010937771804738366,0.047384780740042265,0.05169782663802325
1641790,True,557.3661915169827,-1.7869134703185865,0.6785276289297566,-0.03875164808686726,0.6746012673085535,0.7133529153954208,0.007999949704959366,0.661946762488963,0.6857377221460914
1641793,False,34.42965029594656,-1.0228732623396337,0.034964320599817245,-0.0063719107181821055,0.03432795863078586,0.040699869348967965,0.0015019620983291607,0.03201058758823294,0.03689158633621381
1641794,True,887.8061394706893,-0.8082273406067682,-0.05755001221194922,-0.04084246325376384,-0.05459732157946884,-0.013754858325705,0.0025603593565798532,-0.05775044647521976,-0.05019006086540201
1641796,True,5155.867927900177,0.004515529188794609,0.46722755492002044,0.11379161583752273,0.46488644113494954,0.3510948252974268,0.0023254731587896552,0.45951437852863153,0.46859996766672163
1641798,False,367.67232325364506,-7.775717902616586,-0.1530519894770368,-0.06186325030468964,-0.15168043932528796,-0.08981718902059832,0.001735402346394126,-0.15531703750661308,-0.1483171555666818
1641801,False,108.8623867790503,-1.6982103707507146,-0.023335540700746282,0.018955796085406984,-0.023383002307755696,-0.04233879839316268,0.0016984893751548773,-0.025472646617257233,-0.01937695206624479
1641803,False,52.48097912189027,-0.9166687345741099,0.023405215296164017,-0.004756897300814189,0.023910932749287128,0.028667830050101317,0.0005437272667928783,0.023157102631140236,0.025037684174984753
1641806,False,2.9038257212941776,0.2868188626450903,-0.0012646888724690553,-0.0009628904031021568,-0.0009702808015366049,-7.390398434448109e-06,0.00033009398716674353,-0.0013751148361710874,-0.00033194283673027014
1641807,False,57.416776910036916,-2.9393575335317017,-0.08038050839485766,-0.03942575579344165,-0.07783267204887245,-0.0384069162554308,0.0018490867535154523,-0.07989232858733741,-0.07305064953420626
1641809,True,418.2062483233267,-0.6654155748346019,0.3164856273697907,-0.0496631282627773,0.3148639439756606,0.3645270722384379,0.0021888999535581693,0.31138954847486316,0.31923273299069105
1641810,False,1124.9637420707318,-1.2704482591546309,-0.04337643004080971,-0.0007529512054447185,-0.04527395596427364,-0.04452100475882892,0.002505460590397308,-0.05032216759624775,-0.041162842355068285
1641813,False,53.65564957821822,2.1863686131749334,0.07069738931291836,-0.0035573869674352387,0.07119701979094462,0.07475440675837985,0.0018252323345946634,0.06753154755188984,0.0739884536020381
1641815,True,63.6707176396919,0.6590199430007987,-0.9649756239348882,-0.6319212831801251,-0.965754520050194,-0.3338332368700689,0.0020042418564311434,-0.9694029686077726,-0.9631396103615925
1641816,True,937.1161960638467,-3.586972776703575,0.6845825934125815,-0.053644256671639745,0.6817838048531071,0.7354280615247468,0.005008891452210588,0.6730947639006533,0.6875411337347086
1641817,False,34.061553879168436,-1.1421050719735077,0.009210226103820718,-0.005754756794168259,0.0070753362140847376,0.012830093008252996,0.0033038386003879133,0.0014631941597491593,0.010681940997858241
1641824,True,7033.057601715034,0.581088524216661,-0.44857112491329865,-0.07259181477575627,-0.4488708720780958,-0.3762790573023395,0.005057095388647827,-0.45679334242271485,-0.4391384149629052
1641842,True,5095.624139423473,-1.8725446573020215,0.38714359045016655,0.10331343457313635,0.3967357097887678,0.29342227521563147,0.009144585957749722,0.38576411358820906,0.413904660913774
1641847,False,13.249831320150601,0.7010251434697385,-0.0041076660407688426,-0.007108860991849042,-0.0034359846048964693,0.0036728763869525727,0.000571185990029232,-0.004169467086106438,-0.002330173885071174
1641851,False,124.69449627793429,-2.3369248761839536,-0.008910087981144343,-0.02461697157402476,-0.00894746905344812,0.01566950252057664,0.001803233920258545,-0.012845012859799443,-0.005605241848888998
1641854,True,3725.7290734867947,0.7338401700680925,0.14302702058786276,0.09372025058004363,0.143657995888558,0.04993774530851436,0.0025337164445955007,0.137823093632635,0.14748993968207014
1641857,False,77.60456650421487,0.7718414557090991,-0.001993041489592118,-0.006520539892697075,-0.011989055470378207,-0.005468515577681132,0.011717159680082625,-0.033377580243439064,-0.0015207669937644663
1641869,False,883.9968336790747,1.4870441783717978,-0.047773441417540585,0.1950373777639136,-0.04892306978732708,-0.2439604475512407,0.0023733376305069723,-0.05314254831616694,-0.0446769813941672
1641871,False,2353.304739966753,0.3540868984786198,-0.147540929188976,-0.057579774831147346,-0.14682083685429154,-0.08924106202314419,0.004209813021079829,-0.15506826452380865,-0.1392149427546633
1641877,False,272.0656065709459,-2.308407333753098,0.05714252612502868,0.06841953671485435,0.060531010729745205,-0.00788852598510914,0.00267321698460906,0.05623475456971594,0.06561770095614428
1641878,False,560.9989925148136,-3.984006948253035,0.11322819893944969,0.05923336071019136,0.1094585410248512,0.050225180314659834,0.00258839077503988,0.104345445911457,0.11375048361398754
1641879,False,24.25276058508346,-0.3720859202528647,-0.016268621790450744,-0.00814993334433961,-0.015438560377620647,-0.0072886270332810366,0.0011371003724991256,-0.016472486322065327,-0.01214601723848363
1641890,True,570.7375150860697,-0.3806879014620137,-0.2599284341323891,-0.09632540708570292,-0.2651151414700279,-0.16878973438432499,0.009371507298456353,-0.2881716816922739,-0.25605172956149946
1641926,False,25.68730847950231,-0.17541401262135406,0.0032378433445893473,-0.017757836787968856,0.0037820730113606593,0.021539909799329515,0.0017778753986029475,0.0003948423995544237,0.006798690098203469
1641931,False,257.4910434451135,-2.6840570853917285,0.06540431734510355,-0.003836161900824031,0.06686005543040752,0.07069621733123155,0.0020485515673206453,0.0639030561262075,0.0714414580594771
1641936,False,54.726853248699356,-2.1375702483256442,-0.04134268606161262,-0.0017395024830890726,-0.04072148238671769,-0.038981979903628616,0.001187382121910145,-0.042578536337297024,-0.03768871149483788
1641970,False,119.53582352149688,0.7533918158156405,-0.012957285381795858,-0.023221222867004787,-0.009774947831661218,0.013446275035343569,0.0027990204157772643,-0.013686444919288387,-0.005213807506113444
1641989,True,1400.0476855498862,4.366870250250205,-0.016795378696792262,0.06713380929060975,-0.014140410388734814,-0.08127421967934456,0.002439601018076906,-0.016681369533320556,-0.009428090978023107
1641998,True,1273.96789165723,-2.8424399267371867,0.06230179127992175,0.12392774668592965,0.06025603994027273,-0.06367170674565692,0.003755043911419073,0.05374880403576565,0.06984805817447626
1642013,True,61.34055821085169,-0.63489546793106,-0.3024292966070844,-0.254862779500597,-0.30154043800651265,-0.04667765850591565,0.0017702775732111164,-0.305019635921838,-0.2980046937963755
1642024,True,302.36021734312465,3.0022086513872708,0.2509928525374603,-0.11425337413701353,0.2455781810521116,0.35983155518912513,0.003748013973677372,0.24032408210517842,0.2517023415960762
1642050,False,76.3261795948282,1.4294777478238954,-0.02569778591100369,-0.002990445627698346,-0.024293664116650016,-0.02130321848895167,0.0015462093907701875,-0.026756272037494755,-0.02011277807787959
1642066,True,860.1240115626538,3.0130057004172937,0.8213709058991885,0.7806301332224539,0.8254680304508679,0.044837897228414025,0.006009763900879801,0.8197501512570806,0.8362916998136907
1642258,False,5972.7654719111315,-2.7456140199974297,0.02430620998456723,0.0200957689748269,0.023534714897034625,0.0034389459222077257,0.002815247578733097,0.015642706363109937,0.027038911518536324
1642259,True,5220.851859848052,-0.6051513537486306,-0.26577481499321753,-0.36329407698450056,-0.26417164208817356,0.099122434896327,0.0038867354343637703,-0.27310187031977406,-0.2570509759384061
1642260,False,391.1297299463669,-1.6178642851481904,0.00725107915342349,-0.07340493967625683,0.007069017457956406,0.08047395713421324,0.0010907365188482956,0.005164766820440647,0.009534404105094874
1642261,True,3174.2781174169954,-2.9391422504869733,-0.0135911589923845,-0.052176151163844775,-0.015891450066718438,0.03628470109712634,0.00477668831466865,-0.024744882311754424,-0.006200266941212451
1642262,True,5058.043510601593,-4.103520958107335,0.05006788143453722,0.03011325165112666,0.051087230192405464,0.020973978541278804,0.0011468395226039208,0.048984045346544214,0.05358755563252693
1642263,True,5598.846994092355,0.17535049294216187,-0.16628046935114504,0.00421465213989769,-0.16690736225574992,-0.17112201439564761,0.005509040802557921,-0.17662201370184594,-0.1563830306379297
1642264,True,7485.636741547161,-1.6837330494709306,-0.2052146845502667,-0.0898854968468088,-0.20557578420706113,-0.11569028736025233,0.002990369353001162,-0.21130752220872573,-0.19996275291081456
1642265,True,2900.933848276768,-2.595485305467484,0.007959347401975236,0.11921913691178476,0.007982122140215875,-0.11123701477156889,0.003366457890571413,0.002100881139446731,0.01687069968546595
1642266,True,4817.451417504529,-4.154397590964758,0.02951343667419426,0.01796053296518263,0.024619770137445762,0.006659237172263133,0.006540561977781646,0.010498650902374784,0.03250746036513341
1642267,True,8241.238006350884,-4.164039033302919,-0.2041363608110025,0.00012283484825292845,-0.20492271201780365,-0.20504554686605658,0.001452246676116341,-0.20772168732770258,-0.2023136971249171
1642268,True,5920.386317359763,-5.6321731161598025,0.12024022932255285,0.0489818893379077,0.11819161642218567,0.06920972708427797,0.0026751836573784007,0.11239779653995718,0.12220663782521424
1642269,True,2164.15497983622,2.3329851297637303,0.4462700774719863,-0.029745150487641148,0.443530748150593,0.47327589863823416,0.0030655008715525125,0.43739522788123963,0.44761363411110633
1642270,True,6441.340984911833,3.194058422589069,-0.3956159293812953,-0.021574357232285735,-0.38700323921790636,-0.3654288819856206,0.007951711721579402,-0.39749218158174715,-0.36915591083206545
1642271,True,6106.98976841472,2.4958734106900784,0.05746776037160073,0.058641418890502006,0.06018173402273019,0.0015403151322281872,0.002396827198856939,0.05450222380995973,0.06509746518922599
1642272,True,3319.863920014861,0.8549166709306979,0.09061167181468521,0.01157226927369015,0.08882674695899873,0.07725447768530858,0.003290971998346062,0.07677562249328163,0.09286470134724989
1642273,True,5357.666389631629,0.030336576727563624,0.4467739594394623,0.5321331503260333,0.4490811643476921,-0.08305198597834118,0.0029644383604242324,0.4430156460281386,0.4561094166611379
1642274,False,5645.278024679299,-1.0803971554882414,-0.04575974097706048,-0.011364370922862799,-0.04835133774712519,-0.03698696682426239,0.005319693922361443,-0.05925182294112585,-0.03800718890245269
1642275,True,2990.8513916145894,-3.025628298430167,-0.1494272828899712,0.049444675500891044,-0.15388473026941796,-0.203329405770309,0.004207964668509201,-0.16342658846572355,-0.14417712565408447
1642276,True,5754.024664221288,-2.3034900276958297,0.10484524202267309,-0.10277822383586255,0.10518398612340585,0.2079622099592684,0.003611600737823174,0.09982980891334581,0.11269005721199044
1642277,True,1920.4783859595198,1.1908357841256882,-0.18848864102896545,-0.19803153231925985,-0.17712617023057575,0.0209053620886841,0.013107060478548316,-0.19224162986764626,-0.1619149653964984
1642278,True,1999.3622525212547,2.254119814476307,0.07918948655647329,0.10111862551599637,0.08206487110751581,-0.01905375440848056,0.004833641989533407,0.07382444481268235,0.0923924502747151
1642279,False,44.993112956105826,-0.08115362592276104,-0.020807118779201605,-0.013162492135272985,-0.01999863742411681,-0.006836145288843826,0.0005453336845573641,-0.020566854258922185,-0.018589129506513563
1642280,False,49.88969268531812,-1.5911346863928113,-0.07683730982344117,-0.000702438969558683,-0.07647405909632643,-0.07577162012676775,0.000753176072270825,-0.07843430440194488,-0.07537129924063879
1642281,True,4365.865270041537,-1.9217381984127364,0.12149715875936717,0.1598963033740861,0.12411661627726689,-0.035779687096819224,0.003000487294565949,0.11867763281406996,0.12978383170780194
1642282,False,53.71401825698102,-2.0495234694724127,-0.003775224420529799,0.004236992339933909,-0.003040877496308436,-0.0072778698362423455,0.0011021430725221299,-0.004832457307889282,-0.0005420737473995629
1642285,True,4111.749425791938,2.149252466414255,-0.3584241379463289,-0.04682523073434197,-0.3584028286967569,-0.3115775979624149,0.0026297713152992563,-0.36426873960488604,-0.3548928648676144
1642345,True,5404.644831710396,2.2351288466684123,0.26776535122282796,0.07928635547453178,0.27277703481648885,0.19349067934195707,0.01241309556348185,0.25330225170327036,0.3004268802088421
1642346,True,4878.67322564789,-2.0237496814202993,-0.1712372365297865,0.13366623980915482,-0.17676509503825955,-0.31043133484741436,0.005740337401888906,-0.18996681692933048,-0.16915987508888897
1642347,True,6145.5359127036545,3.8040133632992554,-0.39514309521106705,0.012884750051077365,-0.39946072915740105,-0.4123454792084784,0.006760787517311929,-0.4123228219539796,-0.39344087814644846
1642348,False,3844.8237702212186,-4.321871700294535,0.02428343048156112,0.05867602563218455,0.018467980966548225,-0.04020804466563632,0.004285059197313486,0.010237411654205886,0.024151388416425057
1642349,True,3914.506504755764,4.45695486417439,0.34732255371768517,-0.0182529889979115,0.347671999039874,0.3659249880377855,0.001679171278124082,0.3449767717896428,0.35050353155504865
1642352,True,751.7466625533575,4.9226907390822,0.19096042870170304,0.3874837046925146,0.19545551644028336,-0.19202818825223122,0.006560862939506275,0.18899036282113268,0.2081721718548497
1642353,True,1116.081831892858,-0.9702723708068284,0.44458166100249796,0.2742914014203772,0.4464609684097499,0.1721695669893727,0.005778690574975884,0.4343899665226054,0.4578673887318869
1642354,True,1763.04397445439,-2.9395581960019,0.1647513831473244,0.12959775063051104,0.16766075666793379,0.03806300603742274,0.02411656390905893,0.1508445893199526,0.22797183715907154
1642355,True,1097.8325168184301,-4.52947973257644,0.6351284528625203,-0.13823987099624713,0.6368263304734247,0.7750662014696719,0.005332785856864073,0.6290769272313681,0.6469102079485016
1642357,False,142.10570691474385,5.754184471563154,0.023309401569173716,0.02573108983526229,0.02087017846882322,-0.004860911366439069,0.0030229742022577395,0.01527334911151712,0.023859543324970645
1642358,True,1907.0422177007117,-1.2319329513436172,0.8696226586563716,0.29026552779963544,0.8713641598512833,0.581098632051648,0.003292553840809709,0.8660389763544196,0.8792395561081419
1642359,True,453.9610723711161,-2.8832224382153187,0.3333254762719844,-0.09754472922898083,0.334333696014971,0.4318784252439518,0.0012072396389624278,0.3317773063934446,0.3362624960953613
1642362,False,157.69514968029068,1.113550168876256,-0.07971090739578823,0.00041318267449619306,-0.07969695626918538,-0.08011013894368157,0.000751749406993451,-0.08096609118592668,-0.07819150286667198
1642363,True,4161.78941485725,1.9530907168215335,-0.07047860060184363,-0.020557618137847733,-0.07004162272181413,-0.0494840045839664,0.0027650380948079675,-0.07520967797431655,-0.0648980157162582
1642364,True,2337.942726718499,5.729980198718147,-0.3604873461656739,-0.2780454256397835,-0.3596342950875915,-0.08158886944780797,0.0015262735005901224,-0.36204083882833693,-0.35645165263206735
1642366,True,3497.5730736219866,0.9345717561718219,0.07444242365479137,0.001816442767588633,0.07136119115179129,0.06954474838420266,0.006146405915005318,0.0631783709231113,0.07912805105007403
1642367,True,2381.3209232364566,-5.127255302701949,0.32229628409817845,0.013173424722412008,0.32341792715273243,0.3102445024303204,0.005610417136694756,0.31546262026484584,0.3321772952057591
1642368,False,109.56401192299003,1.81316950808161,0.0013801970508029449,-7.502304586881614e-05,0.0014553661217169278,0.001530389167585744,0.0012009592677587086,-0.0006250182275542304,0.003630515968087833
1642377,True,6802.37039212464,0.5631590145040817,0.05966773537012249,-0.07030187924554876,0.058693085405724266,0.12899496465127303,0.001634557676273731,0.055313409875834996,0.06148058643007848
1642380,False,597.3888019621121,-6.262915937356156,0.004456416459811763,0.03222113177989261,0.005243344928706151,-0.026977786851186458,0.0017238064888901114,0.00205509899401779,0.008348955723795903
1642382,True,1447.0560196933175,-3.6970599308820793,0.10688994715980549,0.09746958866663835,0.1076161417502921,0.010146553083653753,0.0017112815781689613,0.10467964165110288,0.11070144422909411
1642383,True,3088.281000073588,0.5748234995949479,-0.0759024255211842,-0.02489091612887684,-0.07875211511704433,-0.05386119898816749,0.0036072656782620504,-0.08531552290775002,-0.07431479630073357
1642384,True,273.6798452756732,-0.45271212779910064,0.36991877193903067,-0.06168129936287281,0.3727628301376878,0.4344441295005606,0.004444279469561823,0.3630771538265276,0.3817443610265059
1642385,True,11.911002766434192,-0.320721021480223,0.37157363396116116,-0.009761945620921697,0.3721190814568892,0.3818810270778109,0.0008618213354353654,0.37094614079096405,0.37376532426891274
1642389,False,109.6847033722469,-1.5832800157209674,0.08521398531959767,-0.018275978023627903,0.08220269036824135,0.10047866839186925,0.0018311945904291185,0.07723867403025952,0.08549197551898025
1642396,True,569.0080667028395,3.5263186276487177,-0.4155962901429584,0.22910136945218085,-0.42034885569474545,-0.6494502251469263,0.003930064312011911,-0.4266127448894075,-0.4143391399817755
1642399,False,7.005763674411376,-0.6061353645694922,0.000916650580546241,-0.00938458656035368,0.0007864001524187092,0.01017098671277239,0.00021099721996927883,0.0004476175823887596,0.0010958436492803925
1642400,True,192.16901661787622,3.8245691193635034,-0.06252232146739622,-0.09754325902891825,-0.06187266963665117,0.03567058939226708,0.0018556267694305709,-0.06460359503079793,-0.05707428340380227
1642402,True,319.72918644689884,3.148595485887231,-0.627970180358365,0.3581414706227859,-0.6322077965773394,-0.9903492672001253,0.003289286778464665,-0.6375530879435103,-0.626805996515186
1642403,False,506.6221921345758,-3.948395600906666,-0.11694595693829823,-0.07099935365312016,-0.11962510350324917,-0.04862574985012902,0.002282955132216059,-0.12335161538692807,-0.11605972885994431
1642404,True,539.5256061694632,-0.6908540314027842,-0.4565643883774331,-0.006241031938257313,-0.49745271758476983,-0.4912116856465125,0.03434951371482794,-0.5294325578765924,-0.45040555029290963
1642419,True,2611.644241497996,-0.9585637942866023,-0.04082774588418858,-0.0024268681201292663,-0.04322668036716526,-0.040799812247035994,0.003230253721123709,-0.04908865303941634,-0.03845130279529707
1642422,False,89.70750409072824,-2.65526677480255,0.03879219432064973,0.005277557673047717,0.03767038570893533,0.03239282803588761,0.0021968755477264077,0.032231033319381375,0.041077537942304065
1642434,False,139.54842013615016,2.5596186227659175,-0.06001108972686531,-0.026585356855411746,-0.060293521082084744,-0.033708164226673,0.0018173444869853238,-0.06263859892194823,-0.054357443120254256
1642439,False,14.017719022451022,-1.2756319185240126,0.004035831252215516,-0.0019245707544204294,0.0037452971599956086,0.005669867914416038,0.0004129760943483927,0.002901180514690127,0.004396538014415086
1642443,True,153.95675874709636,0.956171771544186,-0.42338185817083074,0.804687135528962,-0.4238291952613382,-1.2285163307903002,0.0010226121106353958,-0.4253980598505387,-0.4214019844559299
1642449,False,352.70227399740685,0.21806377445942005,0.11358680063990878,-0.06060878602668529,0.11957875173081134,0.18018753775749663,0.00739058971289858,0.10538568590425568,0.13702175155886698
1642450,True,3281.2069969829718,2.829441488023045,0.08340500453866806,0.2336546681246281,0.09740955775771942,-0.13624511036690867,0.010751372572529281,0.0812290873983863,0.11698421893046307
1642461,True,3116.6373852239317,-0.5370220330550195,-0.10713184257500052,0.12210691191940182,-0.11185707667876743,-0.23396398859816925,0.004728824537336824,-0.11909810304789936,-0.10260694744365473
1642468,False,6.283250283371691,-0.8356625620714893,-0.0067750862533406675,-0.008356537713278156,-0.006749865073075845,0.0016066726402023113,0.00012938817057000615,-0.0069221749633723295,-0.0063379991584825435
1642484,True,524.6996886391862,-0.7860398384631628,0.3480802996039072,0.04144067171502819,0.3463438330832943,0.3049031613682661,0.0030901382578555903,0.340575056123819,0.3518451879705171
1642490,False,203.85031200670045,1.6206413806619309,-0.012713779537506298,0.0189373454301065,-0.009377348232552984,-0.028314693662659485,0.0025708383145897212,-0.014215490540140596,-0.004216073081285465
1642502,False,665.219897188411,-5.347002767417557,0.005800555649180694,0.005431270071875716,0.00424805412487661,-0.0011832159469991055,0.0020997599446226675,-0.0009186395406173276,0.007626526307121573
1642504,False,670.7035960911153,-1.4056541700693164,0.021198124145595187,-0.07295988048394442,0.017093888242486255,0.09005376872643067,0.0059138996015393065,0.006030927615280346,0.027752409903990527
1642505,True,173.84985681172319,-1.2290674492689795,0.31443858785649526,0.28298175718682317,0.3164314236290371,0.03344966644221392,0.0025474661752421857,0.31283964748808,0.3213979643651501
1642530,True,568.5051562059998,0.46413198792497123,-0.0008674630190257382,-1.541220015781707,0.0006241225828824137,1.5418441383645896,0.0023146166381072157,-0.004327066689108872,0.004079043841758168
1642843,True,5081.029965157378,-0.30171940198188574,0.14994767313451263,-0.023826996710396342,0.15380860714604452,0.17763560385644087,0.0037512457852694656,0.14853036086683147,0.16094243059180113
1642844,True,3424.5946621455028,4.286144594233965,0.11912732131761405,0.03852829528304191,0.1177730265183099,0.07924473123526798,0.0030136796026210876,0.11196241021505315,0.12314878360022252
1642845,False,5909.231981332009,1.5280496883237737,0.028277888455863653,0.000631869926719153,0.019698186131052786,0.019066316204333633,0.006750786812678625,0.0047236187197405854,0.0282094643226678
1642846,True,4363.619370841034,-3.009138090332764,-0.048752008893054644,0.016644343071443135,-0.05178398780660709,-0.06842833087805023,0.004920433545613567,-0.062002221516140654,-0.046494696129732116
1642847,False,4678.405091305475,-1.5495340835746316,0.007708414507904937,0.0035759382901978665,0.007920632793021687,0.00434469450282382,0.003830252998471682,0.0008416932116614984,0.014552931593735385
1642848,True,3059.9144653212425,2.3344951399573186,-0.351481132859796,-0.4318662030734721,-0.34977506729242247,0.08209113578104965,0.0018170986293491954,-0.3533134391630077,-0.3474785788989756
1642849,True,2787.515176611913,-2.360584366957738,0.13429520303438292,-0.05506533422351989,0.13439684132609475,0.18946217554961464,0.00341595459353612,0.12899587183848826,0.1431966049310036
1642851,False,5650.775842756792,4.18562380039739,-0.10700749888102301,0.01714601909145319,-0.09713451746082136,-0.11428053655227455,0.006554646178914362,-0.10585173356071742,-0.08484105545907195
1642852,False,4476.584106975735,-2.499829563306477,-0.05501233012046125,-0.0326055809409862,-0.055843445168124894,-0.023237864227138694,0.0056641860906746,-0.06535234851113447,-0.04671505245055396
1642853,True,1496.8465775350458,3.8638088090732907,-0.3739994056070004,0.05901688503562408,-0.3720074654496761,-0.4310243504853002,0.005690218166690477,-0.3820618861544687,-0.3613155172800955
1642854,False,1107.6648324107541,-0.7680003851859116,0.03570426110929281,0.10009041799640395,0.03690702429029957,-0.06318339370610437,0.004739831754352287,0.028374214479015558,0.04556507696001644
1642855,False,12.639054456604711,-2.6485597752491636,-0.011586897157195963,0.0016048315045451567,-0.011226997183752196,-0.012831828688297353,0.000314070311893504,-0.011891983332164902,-0.010632255575873106
1642856,True,2774.7784336055706,1.7848666859247975,-0.1616769084915175,-0.2728524379151287,-0.16121729876630697,0.11163513914882173,0.003932572355369985,-0.16697604315447423,-0.15010504958980908
1642857,True,2102.825707989977,2.181833861334977,-0.35056355085097346,0.20036574706201282,-0.34994048540954714,-0.55030623247156,0.0021683807768880068,-0.35348926939164604,-0.34411420809731874
1642859,True,1305.7880124820133,-0.9160873782467341,-0.033735092157025304,0.004834757851164717,-0.032363845125174096,-0.03719860297633881,0.00159179606084611,-0.0351596000949943,-0.02875979772151671
1642860,True,3586.884555784333,-5.518716977877765,0.3500575648030937,0.167830097984754,0.3498650209496006,0.18203492296484658,0.0019333943227741275,0.34646900758572574,0.3546802078762763
1642862,False,786.6723651878071,1.1055906346200068,-0.07380620059784215,-0.03439374635877046,-0.07333358711871685,-0.03893984075994639,0.002716545513662915,-0.07861617963182499,-0.06930096814477404
1642863,True,901.0461007683272,2.9154237925318833,-0.19139523945395576,-0.05583730977030754,-0.18448337142912452,-0.12864606165881698,0.006313152263899637,-0.19352938617962767,-0.16841669542835414
1642864,True,2383.830756344117,5.055236131232174,0.11055931412147135,0.10864373075377642,0.10838880712834342,-0.0002549236254330012,0.004153348101458116,0.09957930097221279,0.11327052440497987
1642866,False,727.3130021537938,-0.6659260295159877,0.26836190197107923,-0.016181190452429828,0.25496475919429507,0.2711459496467249,0.008928161298631056,0.23918365633073524,0.2720418152055686
1642867,True,2684.272595618356,0.7027660094179351,-0.08464226811818709,-0.008027508986513165,-0.09065906141662883,-0.08263155243011566,0.007583008555728424,-0.10801253517075726,-0.07997405098693755
1642868,True,1825.100252710775,-3.6199454414133543,0.021164450198401852,0.007246091348938055,0.020555509979903075,0.01330941863096502,0.0021244401740362745,0.01655516710655025,0.02371453483317687
1642869,True,1624.2294975777736,-2.2793775151138296,-0.16690198004226842,-0.0464367978814777,-0.16920557936466674,-0.12276878148318904,0.004240787979130682,-0.1786167469732889,-0.16315536726393942
1642873,True,322.14494599077943,-7.091530005029257,0.08636455007189348,0.10736609819168574,0.08614219042534454,-0.0212239077663412,0.00184001977155395,0.0826013248691897,0.08890017133671346
1642874,True,2499.110805457579,0.7181092018962221,-0.6154681585517374,-0.48193397666640747,-0.6141889657410362,-0.1322549890746288,0.004190308363711774,-0.6217808379382572,-0.604940400836314
1642875,True,4346.854724079689,-4.4743131392468385,-0.06598241330365884,-0.02909364471361897,-0.06453243066184378,-0.035438785948224805,0.004857292127083587,-0.07173357812304104,-0.05628709811389676
1642876,True,307.42287678070966,-2.14966891240331,1.0958151320979626,-0.36959921566274856,1.0671721179748914,1.43677133363764,0.04682059921887276,0.9967388464634803,1.0996208851169946
1642877,False,2032.3677925716297,-0.3963654273428988,-0.020226923770206073,-0.001013764520423177,-0.019021775094137328,-0.01800801057371415,0.002980207184110132,-0.024678419123613182,-0.013104550028795292
1642878,True,1166.3846758811028,-0.9716772133453953,0.3560436764971653,0.3417383039632461,0.35751036747396214,0.015772063510716028,0.002495436339507135,0.35297645734465255,0.3609647452850404
1642879,True,1964.9601377535334,-1.7726472059775054,0.041187628626096595,-0.419625516002716,0.045590309381470684,0.4652158253841867,0.005448009493006331,0.03671938099854599,0.0593762182746278
1642880,False,1445.9688081671989,-4.455898803243388,0.051450191632330444,-0.024354402833417055,0.049427739795454784,0.07378214262887184,0.001833594994423568,0.04642088951712786,0.05332932737789964
1642882,True,828.167532676818,-4.221261087193028,0.11078231718747311,-0.3948993565742036,0.10909030116916263,0.5039896577433662,0.0017224271665126345,0.10646725063398677,0.11128654804320348
1642883,False,4077.271957057789,-0.635096689322616,0.034986605475392674,-0.005492740167411192,0.03299506778474537,0.03848780795215656,0.0016849551880359092,0.03011465181438755,0.035995633228864454
1642884,False,35.50409240991647,2.142830163614664,-0.01566244924184046,0.7413602816269096,-0.01599925611785835,-0.7573595377447679,0.0006296520802245578,-0.017069749606708484,-0.015311048169052377
1642885,True,1382.431906182565,0.34518925860927885,-0.06475913169852099,-0.00401779418368875,-0.06677373318437951,-0.06275593900069076,0.0022376570616714168,-0.07347802571088957,-0.06284484340187846
1642886,False,202.93779570643048,-2.1917924806422717,0.23411116168577606,-0.06052371103642207,0.23380306818862095,0.294326779225043,0.00099108082029309,0.23218545995128914,0.23543521808133416
1642905,True,647.0861297609749,-3.1778684473255194,-0.10847517204180557,0.04106451736763228,-0.10653218539232379,-0.14759670275995607,0.00236062674843389,-0.10964867047768623,-0.10114375736586823
1642907,False,3528.922982666768,2.8778821982092704,0.1413857219257686,0.04179032661773441,0.14394180064583395,0.10215147402809954,0.002071831523543703,0.14059461000729323,0.14715298067798344
1642910,False,103.19090920064686,-2.065939905807318,0.0026597426843975036,-0.005377857087423887,0.001169382720499268,0.006547239807923155,0.0019221494761760471,-0.002480054117512953,0.004499491752469442
1642911,False,89.37082930326604,0.3343738157656967,0.11378978823002733,0.01765237914762391,0.10914648891258821,0.0914941097649643,0.002575790842129077,0.1029432004276335,0.1133590038832682
1642914,False,1853.6808541980577,-0.42447495036087446,-0.04080536316121508,0.021454174048418206,-0.042121146866282544,-0.06357532091470075,0.0017242647581405196,-0.04576232879817255,-0.039624100378421456
1642917,False,89.43083380652175,-1.911141717008641,0.007589408242675066,0.0031614041848477825,0.005252455978626225,0.0020910517937784423,0.002050080257790058,0.002250762016543728,0.007720643928002646
1642918,False,336.4026475027312,-0.4082084474735439,0.04107339857716319,0.035399190554921356,0.03907273522236426,0.0036735446674429073,0.003150268926151205,0.033513726221835016,0.042952459103181795
1642920,True,2960.454443328915,1.4327493481991438,-0.017588287151936166,0.2892897449234304,-0.02230442933017307,-0.3115941742536035,0.007004142676514651,-0.0373187111929445,-0.01030474172793272
1642928,True,2046.8974900644362,3.608505325070117,-0.1347758096329703,-0.01835361982749717,-0.13259724404872397,-0.1142436242212268,0.0032882065079719545,-0.1392844305523746,-0.12652346978398699
1642933,False,175.22121369050217,-5.989743789128372,-0.10266645761231441,-0.01163755758213636,-0.10219316061233563,-0.09055560303019927,0.0008131544807486026,-0.10341365341362607,-0.10030051914472438
1642935,False,28.180053068767737,-2.0781797959279906,-0.010777036850345478,-4.0754725922020896e-05,-0.010767824134318094,-0.010727069408396073,0.00032576025358085236,-0.01139170221141228,-0.010052195648020845
1642938,False,210.07435401469533,3.040718603073489,-0.055727639649661764,0.014736491937097362,-0.056095198055778006,-0.07083168999287537,0.0012112135899160768,-0.057650226417149675,-0.05359440036873586
1642939,False,302.7120741029576,-2.821041118323428,-0.07734486419422826,-0.04529020801282568,-0.0752969638644454,-0.030006755851619715,0.001690535450183865,-0.07848148350572304,-0.07259263459154974
1642942,False,1536.254294119456,-2.8984882826465546,0.07053204755403142,0.016610861968893165,0.06768148816148045,0.05107062619258729,0.001839950442744075,0.06313330946620255,0.07176503845782811
1642948,True,2600.879313082053,1.8824233009331524,0.08271612104397685,-0.06195681471668246,0.08403600289218205,0.1459928176088645,0.004579984338915388,0.07233589042461719,0.08934591937569536
1642949,True,947.9926074866639,2.7231434315027463,-0.017811347929746812,0.02439019902205075,-0.01714941507390444,-0.04153961409595519,0.0062465240977462285,-0.0282472656838757,-0.006413136428670807
1642950,True,790.2998089567941,4.077903112620658,0.2793073782587179,-0.3114504036958232,0.27859399809598706,0.5900444017918103,0.002394130118338144,0.27334976634680075,0.2837066382247011
1642951,False,75.6308169511236,-1.9131222209641061,-0.0656113733842576,-0.06338635934588921,-0.06229349211274715,0.0010928672331420586,0.0024935470268275537,-0.06557630719799445,-0.05733370454905118
1642954,True,3060.6557800058267,-1.380234692359044,-0.3955655782122727,0.01061868289818424,-0.3776508483609662,-0.3882695312591504,0.020070738129011056,-0.39802080364275305,-0.35253355189134017
1642955,False,156.35578018916863,0.8687163167601082,-0.02219263666382898,-0.02404060298583266,-0.02280573918567086,0.0012348638001618006,0.0010944256501474244,-0.024819781320384315,-0.02023952331633616
1642959,False,399.41037149070667,0.9809897758244103,-0.08561081162164963,-0.014870584781789042,-0.08511217529434478,-0.07024159051255574,0.0010932006063619137,-0.08748388640451243,-0.08342928045160314
1642962,True,2785.648790436925,-8.039272308195226,-0.44498547335120264,-0.5289172154479402,-0.44793135204301393,0.0809858634049263,0.004734848934229551,-0.4560699889516062,-0.4430277455419791
1642964,True,777.2987812444485,-7.173228194407962,-0.1215570628599254,-0.032497772654274115,-0.12015483707057228,-0.08765706441629817,0.0016218457969875933,-0.1229649728109532,-0.1160419258037102
1642967,True,576.6910131105142,0.6933752356825889,-0.2039560514147023,-0.222726281956372,-0.1893707393736591,0.033355542582712894,0.021795101733529502,-0.20428608634665113,-0.13821319611029748
1643007,False,1141.5593973973107,-3.88993566842541,-0.0014199046954375127,-0.017714703116079367,-0.002983095693495308,0.014731607422584059,0.0017775956362159,-0.006703460420486085,-0.0006239704239532351
1643016,False,1207.4520995362993,-6.666254902161878,-0.07249518629719187,-0.1028477297514705,-0.07353797861200562,0.02930975113946488,0.0017485978934337943,-0.07702316277487586,-0.07150476673814854
1643018,False,669.0350031663703,3.47753391036552,-0.03342287097424368,-0.006516336815187707,-0.03478250326985677,-0.02826616645466906,0.0019411208383668963,-0.03844782650594336,-0.03122174657902299
1643024,True,95.02408350035812,-1.225367881451896,0.8403722608837753,-0.20923426068850604,0.8420594869571278,1.0512937476456339,0.002417067690157864,0.8388446518991185,0.8462411214548468
1643047,False,100.57330262582667,0.4011143673846713,0.08603047760799853,-0.022641652044610328,0.08654547701066334,0.10918712905527367,0.000614638487988799,0.08557177773407476,0.08753084833806013
1643052,False,837.3949101358098,1.7999855270995253,0.09497584056591313,0.2811675860160672,0.09282800823954118,-0.188339577776526,0.0029555533876487795,0.08669827986494738,0.09785864822763224
1643060,False,61.875,0.7010331902601816,0.0524549719212678,-0.057677198158784804,0.05112463613149254,0.10880183429027734,0.0019453687742556674,0.047771660546253036,0.05319936725696839
1643133,False,115.03482176295084,0.928779959010438,0.0028217031829980144,0.019808700550993263,0.003967860252817146,-0.015840840298176118,0.0006209682660004278,0.0027041347283339734,0.0050318230464905245
1643141,False,66.36421541304594,0.002721821071110797,-0.0013001534304463713,-0.011670013125509082,-0.00019553686921624505,0.011474476256292837,0.0010061374727972725,-0.0019711256977788527,0.0011396675187948513
1643158,False,407.60816446583215,-2.461561946337338,-0.020880513466106976,-0.03842434732810851,-0.02249445097020164,0.01592989635790687,0.0027766666592578862,-0.028498580802553963,-0.016893389745903598
1643253,False,539.7440811221041,-4.49084181621978,0.012952459870706257,0.0193441576215152,0.014044071248911827,-0.005300086372603374,0.001305379053923636,0.011469077366400349,0.016524091696799914
1643257,False,55.10227840062987,0.3697562675858963,0.006689792470923717,-0.003748035947562345,0.006510282868320005,0.01025831881588235,0.0008930399962916751,0.005080075020320596,0.008347353352937903
