season,player_id,player_name,team_abbr,games,rim_dfga,rim_dfg_pct,rim_dfg_pct_expected,rim_dfg_pct_diff,rim_dfg_plusminus
2013-14,201577,Robin Lopez,POR,82,642,0.467,0.594,0.12699999999999995,-0.127
2013-14,201586,Serge Ibaka,OKC,81,621,0.488,0.599,0.11099999999999999,-0.111
2013-14,201599,DeAndre Jordan,LAC,82,621,0.564,0.6,0.03600000000000003,-0.037
2013-14,101162,Marcin Gortat,WAS,80,604,0.54,0.597,0.05699999999999994,-0.057
2013-14,201150,Spencer Hawes,CLE,80,585,0.564,0.598,0.03400000000000003,-0.034
2013-14,201579,Roy Hibbert,IND,81,544,0.436,0.595,0.15899999999999997,-0.159
2013-14,201567,Kevin Love,MIN,77,542,0.644,0.601,-0.04300000000000004,0.043
2013-14,203083,Andre Drummond,DET,81,541,0.56,0.59,0.029999999999999916,-0.03
2013-14,202685,Jonas Valančiūnas,TOR,80,495,0.525,0.597,0.07199999999999995,-0.072
2013-14,203101,Miles Plumlee,PHX,80,495,0.537,0.599,0.061999999999999944,-0.062
2013-14,1495,Tim Duncan,SAS,74,490,0.516,0.603,0.08699999999999997,-0.086
2013-14,200794,Paul Millsap,ATL,73,479,0.574,0.596,0.02200000000000002,-0.022
2013-14,202324,Derrick Favors,UTA,73,463,0.538,0.597,0.05899999999999994,-0.059
2013-14,2200,Pau Gasol,LAL,60,455,0.598,0.603,0.0050000000000000044,-0.005
2013-14,201149,Joakim Noah,CHI,80,451,0.512,0.598,0.08599999999999997,-0.086
2013-14,202328,Greg Monroe,DET,82,451,0.585,0.592,0.007000000000000006,-0.007
2013-14,101112,Channing Frye,PHX,82,439,0.595,0.595,0.0,-0.001
2013-14,2744,Al Jefferson,CHA,72,434,0.599,0.593,-0.006000000000000005,0.006
2013-14,2547,Chris Bosh,MIA,79,429,0.59,0.592,0.0020000000000000018,-0.002
2013-14,2746,Josh Smith,DET,77,429,0.541,0.598,0.05699999999999994,-0.057
2013-14,2730,Dwight Howard,HOU,71,425,0.555,0.604,0.04899999999999993,-0.049
2013-14,1717,Dirk Nowitzki,DAL,80,422,0.585,0.604,0.019000000000000017,-0.019
2013-14,101161,Amir Johnson,TOR,76,418,0.548,0.597,0.04899999999999993,-0.049
2013-14,203093,Terrence Jones,HOU,75,407,0.6,0.598,-0.0020000000000000018,0.002
2013-14,200746,LaMarcus Aldridge,POR,69,405,0.548,0.6,0.051999999999999935,-0.051
2013-14,202683,Enes Freedom,UTA,80,399,0.566,0.601,0.03500000000000003,-0.034
2013-14,203096,Jared Sullinger,BOS,74,398,0.588,0.588,0.0,0.0
2013-14,202389,Timofey Mozgov,DEN,82,397,0.496,0.591,0.09499999999999997,-0.095
2013-14,202326,DeMarcus Cousins,SAC,70,394,0.546,0.601,0.05499999999999994,-0.055
2013-14,2216,Zach Randolph,MEM,78,378,0.603,0.605,0.0020000000000000018,-0.002
2013-14,203076,Anthony Davis,NOP,66,372,0.53,0.6,0.06999999999999995,-0.071
2013-14,201933,Blake Griffin,LAC,80,365,0.584,0.599,0.015000000000000013,-0.015
2013-14,101106,Andrew Bogut,GSW,66,363,0.499,0.601,0.10199999999999998,-0.102
2013-14,201941,Jordan Hill,LAL,72,353,0.524,0.593,0.06899999999999995,-0.069
2013-14,201152,Thaddeus Young,PHI,79,352,0.645,0.592,-0.05300000000000005,0.053
2013-14,202702,Kenneth Faried,DEN,80,345,0.554,0.6,0.04599999999999993,-0.047
2013-14,2223,Samuel Dalembert,DAL,80,340,0.532,0.608,0.07599999999999996,-0.076
2013-14,101138,Brandon Bass,BOS,82,338,0.586,0.59,0.0040000000000000036,-0.004
2013-14,203089,John Henson,MIL,69,332,0.569,0.595,0.026000000000000023,-0.026
2013-14,201959,Taj Gibson,CHI,82,326,0.512,0.588,0.07599999999999996,-0.076
2013-14,201581,JJ Hickson,DEN,69,326,0.623,0.596,-0.027000000000000024,0.026
2013-14,202693,Markieff Morris,PHX,81,322,0.655,0.599,-0.05600000000000005,0.056
2013-14,2199,Tyson Chandler,NYK,54,309,0.583,0.595,0.01200000000000001,-0.013
2013-14,202696,Nikola Vučević,ORL,57,303,0.584,0.6,0.016000000000000014,-0.016
2013-14,201188,Marc Gasol,MEM,58,302,0.56,0.608,0.04799999999999993,-0.048
2013-14,202684,Tristan Thompson,CLE,82,301,0.641,0.605,-0.03600000000000003,0.036
2013-14,2743,Kris Humphries,BOS,68,300,0.55,0.596,0.04599999999999993,-0.046
2013-14,202325,Wesley Johnson,LAL,79,297,0.66,0.605,-0.05500000000000005,0.055
2013-14,2365,Chris Andersen,MIA,72,296,0.524,0.59,0.06599999999999995,-0.066
2013-14,201967,Dante Cunningham,MIN,81,296,0.615,0.593,-0.02200000000000002,0.022
2013-14,101133,Ian Mahinmi,IND,77,291,0.454,0.588,0.13399999999999995,-0.134
2013-14,202713,Kyle Singler,DET,82,291,0.601,0.6,-0.0010000000000000009,0.001
2013-14,101154,Andray Blatche,BKN,72,290,0.603,0.596,-0.007000000000000006,0.007
2013-14,201574,Jason Thompson,SAC,81,289,0.574,0.607,0.03300000000000003,-0.033
2013-14,1882,Elton Brand,ATL,71,285,0.526,0.587,0.06099999999999994,-0.061
2013-14,201175,Glen Davis,LAC,68,285,0.551,0.583,0.03199999999999992,-0.032
2013-14,201593,Nikola Pekovic,MIN,54,285,0.596,0.604,0.008000000000000007,-0.008
2013-14,201587,Nicolas Batum,POR,82,285,0.625,0.598,-0.027000000000000024,0.027
2013-14,2564,Boris Diaw,SAS,79,283,0.59,0.592,0.0020000000000000018,-0.002
2013-14,201585,Kosta Koufos,MEM,79,280,0.489,0.603,0.11399999999999999,-0.114
2013-14,201177,Josh McRoberts,CHA,77,278,0.608,0.598,-0.010000000000000009,0.01
2013-14,2760,Anderson Varejao,CLE,65,276,0.551,0.584,0.03299999999999992,-0.033
2013-14,101135,David Lee,GSW,68,272,0.577,0.606,0.029000000000000026,-0.029
2013-14,2203,Shane Battier,MIA,72,267,0.581,0.598,0.017000000000000015,-0.017
2013-14,203135,Robert Sacre,LAL,64,266,0.549,0.588,0.038999999999999924,-0.039
2013-14,203486,Mason Plumlee,BKN,68,265,0.596,0.595,-0.0010000000000000009,0.001
2013-14,201145,Jeff Green,BOS,82,260,0.6,0.603,0.0030000000000000027,-0.003
2013-14,101141,Ersan Ilyasova,MIL,54,259,0.641,0.594,-0.04700000000000004,0.047
2013-14,203110,Draymond Green,GSW,79,259,0.579,0.586,0.007000000000000006,-0.007
2013-14,2546,Carmelo Anthony,NYK,77,249,0.61,0.596,-0.014000000000000012,0.014
2013-14,2405,Amar'e Stoudemire,NYK,64,249,0.574,0.594,0.020000000000000018,-0.02
2013-14,2561,David West,IND,80,248,0.536,0.595,0.05899999999999994,-0.059
2013-14,1718,Paul Pierce,BKN,74,245,0.592,0.605,0.013000000000000012,-0.013
2013-14,202329,Al-Farouq Aminu,NOP,80,244,0.66,0.607,-0.05300000000000005,0.053
2013-14,2430,Carlos Boozer,CHI,76,240,0.613,0.586,-0.027000000000000024,0.027
2013-14,1890,Shawn Marion,DAL,76,240,0.6,0.604,0.0040000000000000036,-0.004
2013-14,203482,Kelly Olynyk,BOS,70,239,0.623,0.586,-0.03700000000000003,0.037
2013-14,202335,Patrick Patterson,TOR,64,239,0.556,0.603,0.04699999999999993,-0.046
2013-14,2585,Zaza Pachulia,MIL,52,233,0.618,0.596,-0.02200000000000002,0.022
2013-14,203500,Steven Adams,OKC,78,232,0.56,0.599,0.038999999999999924,-0.039
2013-14,202323,Evan Turner,IND,81,232,0.677,0.608,-0.06900000000000006,0.069
2013-14,201971,DeJuan Blair,DAL,75,228,0.57,0.602,0.03200000000000003,-0.032
2013-14,203507,Giannis Antetokounmpo,MIL,75,228,0.509,0.592,0.08299999999999996,-0.083
2013-14,203506,Victor Oladipo,ORL,80,227,0.59,0.599,0.009000000000000008,-0.009
2013-14,201163,Wilson Chandler,DEN,62,226,0.562,0.6,0.03799999999999992,-0.038
2013-14,202692,Alec Burks,UTA,78,222,0.698,0.595,-0.10299999999999998,0.103
2013-14,203081,Damian Lillard,POR,82,222,0.604,0.587,-0.017000000000000015,0.017
2013-14,202391,Jeremy Lin,HOU,71,220,0.568,0.59,0.02200000000000002,-0.022
2013-14,203476,Gorgui Dieng,MIN,57,216,0.593,0.6,0.007000000000000006,-0.008
2013-14,2403,Nene,WAS,53,216,0.625,0.594,-0.031000000000000028,0.031
2013-14,201142,Kevin Durant,OKC,81,216,0.556,0.605,0.04899999999999993,-0.049
2013-14,202687,Bismack Biyombo,CHA,74,214,0.407,0.583,0.176,-0.177
2013-14,2544,LeBron James,MIA,77,212,0.599,0.589,-0.010000000000000009,0.01
2013-14,101107,Marvin Williams,UTA,66,212,0.613,0.602,-0.01100000000000001,0.011
2013-14,202699,Tobias Harris,ORL,61,211,0.63,0.599,-0.031000000000000028,0.032
2013-14,201600,Omer Asik,HOU,48,210,0.495,0.599,0.10399999999999998,-0.104
2013-14,200751,Randy Foye,DEN,81,210,0.71,0.594,-0.11599999999999999,0.115
2013-14,200752,Rudy Gay,SAC,72,209,0.608,0.604,-0.0040000000000000036,0.004
2013-14,203124,Kyle O'Quinn,ORL,65,208,0.553,0.582,0.028999999999999915,-0.029
2013-14,202710,Jimmy Butler III,CHI,67,207,0.556,0.597,0.040999999999999925,-0.042
2013-14,201880,Greg Stiemsma,NOP,55,207,0.589,0.6,0.01100000000000001,-0.011
2013-14,203114,Khris Middleton,MIL,81,207,0.633,0.604,-0.029000000000000026,0.029
2013-14,201162,Jared Dudley,LAC,73,206,0.592,0.596,0.0040000000000000036,-0.003
2013-14,202341,James Anderson,PHI,80,206,0.704,0.604,-0.09999999999999998,0.099
2013-14,202694,Marcus Morris Sr.,PHX,82,204,0.623,0.586,-0.03700000000000003,0.036
2013-14,201980,Danny Green,SAS,68,204,0.623,0.604,-0.019000000000000017,0.018
2013-14,201960,DeMarre Carroll,ATL,73,204,0.642,0.601,-0.041000000000000036,0.042
2013-14,203141,Mirza Teletovic,BKN,68,202,0.569,0.586,0.017000000000000015,-0.017
2013-14,202331,Paul George,IND,80,202,0.559,0.6,0.040999999999999925,-0.041
2013-14,201937,Ricky Rubio,MIN,82,201,0.706,0.598,-0.10799999999999998,0.108
2013-14,2594,Kyle Korver,ATL,70,199,0.603,0.588,-0.015000000000000013,0.015
2013-14,101145,Monta Ellis,DAL,82,199,0.693,0.605,-0.08799999999999997,0.088
2013-14,201168,Tiago Splitter,SAS,59,198,0.444,0.591,0.14699999999999996,-0.147
2013-14,202330,Gordon Hayward,UTA,77,197,0.609,0.592,-0.017000000000000015,0.018
2013-14,201942,DeMar DeRozan,TOR,78,196,0.699,0.606,-0.09299999999999997,0.093
2013-14,201935,James Harden,HOU,73,196,0.617,0.599,-0.018000000000000016,0.018
2013-14,201936,Tyreke Evans,NOP,72,195,0.646,0.596,-0.050000000000000044,0.05
2013-14,202704,Reggie Jackson,OKC,80,195,0.615,0.586,-0.029000000000000026,0.03
2013-14,2549,Chris Kaman,LAL,39,193,0.435,0.599,0.16399999999999998,-0.164
2013-14,101123,Gerald Green,PHX,82,193,0.617,0.596,-0.02100000000000002,0.02
2013-14,1713,Vince Carter,DAL,81,192,0.651,0.597,-0.05400000000000005,0.054
2013-14,201148,Brandan Wright,DAL,58,192,0.589,0.597,0.008000000000000007,-0.009
2013-14,101181,Jose Calderon,DAL,80,192,0.74,0.585,-0.15500000000000003,0.154
2013-14,2555,Nick Collison,OKC,80,191,0.524,0.591,0.06699999999999995,-0.067
2013-14,203082,Terrence Ross,TOR,80,191,0.602,0.598,-0.0040000000000000036,0.004
2013-14,202379,Jeremy Evans,UTA,64,189,0.593,0.597,0.0040000000000000036,-0.004
2013-14,200768,Kyle Lowry,TOR,77,189,0.63,0.589,-0.041000000000000036,0.04
2013-14,203463,Ben McLemore,SAC,81,188,0.628,0.6,-0.028000000000000025,0.027
2013-14,201609,Goran Dragic,PHX,76,188,0.596,0.582,-0.014000000000000012,0.014
2013-14,203487,Michael Carter-Williams,PHI,70,187,0.594,0.589,-0.0050000000000000044,0.004
2013-14,202718,Chandler Parsons,HOU,74,187,0.69,0.604,-0.08599999999999997,0.086
2013-14,202730,Lavoy Allen,IND,58,186,0.586,0.577,-0.009000000000000008,0.009
2013-14,203527,Ryan Kelly,LAL,57,186,0.677,0.602,-0.07500000000000007,0.076
2013-14,708,Kevin Garnett,BKN,53,185,0.53,0.592,0.061999999999999944,-0.063
2013-14,203469,Cody Zeller,CHA,80,184,0.625,0.593,-0.03200000000000003,0.032
2013-14,202689,Kemba Walker,CHA,72,184,0.652,0.593,-0.05900000000000005,0.059
2013-14,203094,Andrew Nicholson,ORL,73,184,0.582,0.599,0.017000000000000015,-0.018
2013-14,201582,Alexis Ajinca,NOP,56,184,0.603,0.601,-0.0020000000000000018,0.002
2013-14,202691,Klay Thompson,GSW,80,181,0.547,0.6,0.052999999999999936,-0.053
2013-14,202399,Jeff Adrien,MIL,52,180,0.622,0.588,-0.03400000000000003,0.034
2013-14,203092,Tyler Zeller,CLE,69,180,0.533,0.596,0.06299999999999994,-0.063
2013-14,200745,Andrea Bargnani,NYK,42,178,0.607,0.605,-0.0020000000000000018,0.002
2013-14,2736,Luol Deng,CLE,63,178,0.618,0.597,-0.02100000000000002,0.021
2013-14,201589,Darrell Arthur,DEN,68,178,0.539,0.589,0.04999999999999993,-0.05
2013-14,203084,Harrison Barnes,GSW,77,178,0.624,0.598,-0.026000000000000023,0.026
2013-14,201956,Omri Casspi,HOU,70,176,0.574,0.59,0.016000000000000014,-0.016
2013-14,2419,Tayshaun Prince,MEM,76,175,0.623,0.603,-0.020000000000000018,0.019
2013-14,203078,Bradley Beal,WAS,72,175,0.64,0.587,-0.05300000000000005,0.053
2013-14,202682,Derrick Williams,SAC,75,175,0.64,0.604,-0.03600000000000003,0.036
2013-14,979,Jermaine O'Neal,GSW,43,174,0.471,0.598,0.127,-0.127
2013-14,202344,Trevor Booker,WAS,71,173,0.659,0.597,-0.062000000000000055,0.062
2013-14,101109,Raymond Felton,NYK,65,172,0.616,0.589,-0.027000000000000024,0.027
2013-14,201160,Jason Smith,NOP,31,169,0.657,0.605,-0.052000000000000046,0.051
2013-14,202327,Ekpe Udoh,MIL,41,169,0.58,0.593,0.013000000000000012,-0.014
2013-14,202322,John Wall,WAS,81,168,0.69,0.585,-0.10499999999999998,0.105
2013-14,2449,Luis Scola,IND,81,168,0.589,0.599,0.010000000000000009,-0.01
2013-14,201578,Marreese Speights,GSW,75,167,0.581,0.59,0.009000000000000008,-0.009
2013-14,2440,Matt Barnes,LAC,63,167,0.695,0.606,-0.08899999999999997,0.089
2013-14,2399,Mike Dunleavy,CHI,82,166,0.669,0.598,-0.07100000000000006,0.071
2013-14,200777,Joel Freeland,POR,52,165,0.521,0.586,0.06499999999999995,-0.065
2013-14,200782,P.J. Tucker,PHX,81,165,0.612,0.611,-0.0010000000000000009,0.001
2013-14,2210,Richard Jefferson,UTA,82,165,0.673,0.605,-0.06800000000000006,0.068
2013-14,2570,Kendrick Perkins,OKC,62,163,0.503,0.598,0.09499999999999997,-0.095
2013-14,201965,Jeff Ayres,SAS,71,163,0.571,0.59,0.019000000000000017,-0.019
2013-14,202695,Kawhi Leonard,SAS,66,162,0.58,0.605,0.025000000000000022,-0.024
2013-14,203077,Michael Kidd-Gilchrist,CHA,61,162,0.531,0.598,0.06699999999999995,-0.068
2013-14,203156,Henry Sims,PHI,40,162,0.593,0.6,0.007000000000000006,-0.007
2013-14,201588,George Hill,IND,76,161,0.609,0.585,-0.02400000000000002,0.023
2013-14,203504,Trey Burke,UTA,70,161,0.702,0.583,-0.119,0.119
2013-14,2747,JR Smith,NYK,74,160,0.656,0.61,-0.04600000000000004,0.046
2013-14,201975,Jodie Meeks,LAL,76,159,0.73,0.6,-0.13,0.129
2013-14,202681,Kyrie Irving,CLE,71,157,0.688,0.589,-0.09899999999999998,0.099
2013-14,203544,Pero Antic,ATL,46,157,0.573,0.6,0.027000000000000024,-0.026
2013-14,2550,Kirk Hinrich,CHI,73,157,0.561,0.58,0.018999999999999906,-0.02
2013-14,202688,Brandon Knight,MIL,71,157,0.656,0.581,-0.07500000000000007,0.076
2013-14,203090,Maurice Harkless,ORL,80,157,0.688,0.61,-0.07799999999999996,0.078
2013-14,203118,Mike Scott,ATL,79,156,0.647,0.591,-0.05600000000000005,0.057
2013-14,201143,Al Horford,ATL,29,156,0.487,0.595,0.10799999999999998,-0.108
2013-14,201144,Mike Conley,MEM,73,155,0.703,0.593,-0.10999999999999999,0.111
2013-14,201158,Marco Belinelli,SAS,80,153,0.654,0.6,-0.05400000000000005,0.053
2013-14,202697,Iman Shumpert,NYK,74,152,0.697,0.606,-0.09099999999999997,0.091
2013-14,2748,Dorell Wright,POR,67,149,0.564,0.593,0.029000000000000026,-0.029
2013-14,202738,Isaiah Thomas,SAC,71,149,0.658,0.588,-0.07000000000000006,0.069
2013-14,101142,Ronny Turiaf,MIN,31,149,0.477,0.597,0.12,-0.121
2013-14,201596,Mario Chalmers,MIA,73,149,0.604,0.588,-0.016000000000000014,0.016
2013-14,2772,Trevor Ariza,WAS,76,148,0.73,0.602,-0.128,0.128
2013-14,202083,Wesley Matthews,POR,82,148,0.588,0.599,0.01100000000000001,-0.011
2013-14,201954,Darren Collison,LAC,80,148,0.696,0.589,-0.10699999999999998,0.107
2013-14,201939,Stephen Curry,GSW,77,147,0.707,0.6,-0.10699999999999998,0.108
2013-14,203138,Hollis Thompson,PHI,75,147,0.653,0.608,-0.04500000000000004,0.045
2013-14,2501,Reggie Evans,SAC,53,146,0.692,0.595,-0.09699999999999998,0.097
2013-14,2738,Andre Iguodala,GSW,63,146,0.664,0.603,-0.061000000000000054,0.062
2013-14,202334,Ed Davis,MEM,61,145,0.497,0.598,0.10099999999999998,-0.101
2013-14,101108,Chris Paul,LAC,62,145,0.724,0.603,-0.121,0.121
2013-14,203481,Jeff Withey,NOP,50,144,0.507,0.592,0.08499999999999996,-0.085
2013-14,203501,Tim Hardaway Jr.,NYK,81,143,0.678,0.586,-0.09200000000000008,0.093
2013-14,200757,Thabo Sefolosha,OKC,60,140,0.629,0.607,-0.02200000000000002,0.022
2013-14,101127,Jarrett Jack,CLE,80,139,0.626,0.594,-0.03200000000000003,0.032
2013-14,200761,Shawne Williams,LAL,34,139,0.561,0.588,0.026999999999999913,-0.027
2013-14,101114,Deron Williams,BKN,64,138,0.63,0.583,-0.04700000000000004,0.047
2013-14,201147,Corey Brewer,MIN,81,138,0.739,0.607,-0.132,0.132
2013-14,202340,Avery Bradley,BOS,60,138,0.703,0.603,-0.09999999999999998,0.1
2013-14,201167,Arron Afflalo,ORL,73,138,0.739,0.597,-0.14200000000000002,0.142
2013-14,201976,Patrick Beverley,HOU,56,137,0.562,0.591,0.028999999999999915,-0.028
2013-14,951,Ray Allen,MIA,73,137,0.788,0.599,-0.18900000000000006,0.19
2013-14,202700,Donatas Motiejunas,HOU,60,136,0.574,0.585,0.01100000000000001,-0.011
2013-14,201946,Tyler Hansbrough,TOR,61,136,0.61,0.589,-0.02100000000000002,0.021
2013-14,201943,Brandon Jennings,DET,79,134,0.754,0.575,-0.17900000000000005,0.179
2013-14,203079,Dion Waiters,CLE,70,134,0.657,0.601,-0.05600000000000005,0.056
2013-14,2207,Joe Johnson,BKN,78,133,0.677,0.596,-0.08100000000000007,0.081
2013-14,201573,Jerryd Bayless,BOS,72,132,0.742,0.593,-0.14900000000000002,0.149
2013-14,201155,Rodney Stuckey,DET,73,132,0.705,0.602,-0.10299999999999998,0.102
2013-14,203095,Evan Fournier,DEN,73,131,0.695,0.588,-0.10699999999999998,0.106
2013-14,2733,Shaun Livingston,BKN,75,131,0.534,0.597,0.06299999999999994,-0.063
2013-14,202362,Lance Stephenson,IND,78,126,0.556,0.6,0.04399999999999993,-0.045
2013-14,201156,Nick Young,LAL,64,126,0.675,0.613,-0.062000000000000055,0.062
2013-14,201584,Courtney Lee,MEM,79,126,0.69,0.599,-0.09099999999999997,0.092
2013-14,202339,Eric Bledsoe,PHX,43,125,0.6,0.583,-0.017000000000000015,0.017
2013-14,203112,Quincy Acy,SAC,61,125,0.528,0.596,0.06799999999999995,-0.068
2013-14,201977,Marcus Thornton,BKN,71,124,0.71,0.587,-0.123,0.122
2013-14,1740,Rashard Lewis,MIA,58,123,0.691,0.589,-0.10199999999999998,0.102
2013-14,201563,Michael Beasley,MIA,52,123,0.528,0.593,0.06499999999999995,-0.065
2013-14,2422,John Salmons,TOR,77,122,0.623,0.6,-0.02300000000000002,0.023
2013-14,2406,Caron Butler,OKC,55,122,0.615,0.592,-0.02300000000000002,0.023
2013-14,101187,Alan Anderson,BKN,76,121,0.661,0.589,-0.07200000000000006,0.072
2013-14,2590,Mo Williams,POR,74,121,0.636,0.568,-0.06800000000000006,0.069
2013-14,202686,Jan Vesely,DEN,52,120,0.567,0.589,0.02200000000000002,-0.022
2013-14,201952,Jeff Teague,ATL,78,120,0.675,0.583,-0.09200000000000008,0.092
2013-14,203080,Thomas Robinson,POR,67,120,0.617,0.591,-0.026000000000000023,0.026
2013-14,201229,Anthony Tolliver,CHA,61,118,0.576,0.612,0.03600000000000003,-0.036
2013-14,202349,Greivis Vasquez,TOR,78,118,0.661,0.592,-0.06900000000000006,0.069
2013-14,203543,Vitor Faverani,BOS,37,117,0.521,0.583,0.061999999999999944,-0.062
2013-14,101236,Chuck Hayes,TOR,56,117,0.624,0.589,-0.03500000000000003,0.035
2013-14,101110,Martell Webster,WAS,77,116,0.621,0.603,-0.018000000000000016,0.018
2013-14,201601,Luc Mbah a Moute,MIN,62,115,0.687,0.61,-0.07700000000000007,0.077
2013-14,203148,Brian Roberts,NOP,72,115,0.713,0.582,-0.131,0.131
2013-14,202338,Kevin Seraphin,WAS,49,114,0.456,0.59,0.13399999999999995,-0.134
2013-14,2566,Travis Outlaw,SAC,59,114,0.693,0.601,-0.09199999999999997,0.092
2013-14,203113,Quincy Miller,DEN,48,113,0.566,0.613,0.04700000000000004,-0.047
2013-14,201166,Aaron Brooks,DEN,69,113,0.673,0.597,-0.07600000000000007,0.076
2013-14,2548,Dwyane Wade,MIA,54,113,0.619,0.603,-0.016000000000000014,0.017
2013-14,201572,Brook Lopez,BKN,17,112,0.446,0.589,0.14299999999999996,-0.143
2013-14,202336,Larry Sanders,MIL,22,112,0.491,0.603,0.11199999999999999,-0.112
2013-14,201583,Ryan Anderson,NOP,22,111,0.658,0.594,-0.06400000000000006,0.064
2013-14,101128,Francisco Garcia,HOU,54,111,0.676,0.598,-0.07800000000000007,0.077
2013-14,203497,Rudy Gobert,UTA,41,110,0.5,0.584,0.08399999999999996,-0.084
2013-14,202714,Shelvin Mack,ATL,71,110,0.645,0.59,-0.05500000000000005,0.055
2013-14,202708,Norris Cole,MIA,82,109,0.706,0.582,-0.124,0.124
2013-14,201945,Gerald Henderson,CHA,76,109,0.596,0.605,0.009000000000000008,-0.009
2013-14,201569,Eric Gordon,NOP,64,108,0.778,0.593,-0.18500000000000005,0.185
2013-14,2034,Mike Miller,MEM,82,107,0.626,0.602,-0.02400000000000002,0.024
2013-14,2749,Jameer Nelson,ORL,68,106,0.764,0.604,-0.16000000000000003,0.161
2013-14,2222,Gerald Wallace,BOS,57,105,0.581,0.601,0.020000000000000018,-0.02
2013-14,201951,Ty Lawson,DEN,62,104,0.712,0.591,-0.121,0.12
2013-14,2581,Steve Blake,GSW,55,103,0.738,0.584,-0.15400000000000003,0.154
2013-14,202734,E'Twaun Moore,ORL,79,103,0.602,0.598,-0.0040000000000000036,0.004
2013-14,201949,James Johnson,MEM,50,103,0.583,0.595,0.01200000000000001,-0.013
2013-14,2037,Jamal Crawford,LAC,69,103,0.699,0.608,-0.09099999999999997,0.091
2013-14,203085,Austin Rivers,NOP,66,103,0.621,0.586,-0.03500000000000003,0.036
2013-14,203100,Tony Wroten,PHI,70,101,0.683,0.583,-0.10000000000000009,0.1
2013-14,2588,Matt Bonner,SAS,55,99,0.545,0.59,0.04499999999999993,-0.044
2013-14,2755,Kevin Martin,MIN,68,99,0.747,0.6,-0.14700000000000002,0.148
2013-14,203489,Nate Wolters,MIL,54,99,0.657,0.576,-0.08100000000000007,0.081
2013-14,203087,Jeremy Lamb,OKC,75,99,0.606,0.574,-0.03200000000000003,0.032
2013-14,201947,Earl Clark,NYK,52,98,0.653,0.596,-0.05700000000000005,0.057
2013-14,203088,Kendall Marshall,LAL,54,98,0.776,0.605,-0.17100000000000004,0.17
2013-14,203484,Kentavious Caldwell-Pope,DET,77,97,0.68,0.592,-0.08800000000000008,0.089
2013-14,1737,Nazr Mohammed,CHI,71,96,0.479,0.589,0.10999999999999999,-0.11
2013-14,201564,O.J. Mayo,MIL,51,95,0.6,0.591,-0.009000000000000008,0.009
2013-14,202348,Jordan Crawford,GSW,79,95,0.695,0.588,-0.10699999999999998,0.107
2013-14,201571,D.J. Augustin,CHI,68,95,0.737,0.582,-0.15500000000000003,0.155
2013-14,201973,Jonas Jerebko,DET,58,95,0.726,0.593,-0.133,0.133
2013-14,203382,Aron Baynes,SAS,48,94,0.564,0.58,0.016000000000000014,-0.017
2013-14,202970,Gustavo Ayon,ATL,24,92,0.576,0.594,0.018000000000000016,-0.018
2013-14,203109,Jae Crowder,DAL,74,92,0.663,0.603,-0.06000000000000005,0.06
2013-14,200797,Ryan Hollins,LAC,56,89,0.438,0.568,0.12999999999999995,-0.13
2013-14,203545,Miroslav Raduljica,MIL,43,89,0.416,0.587,0.17099999999999999,-0.171
2013-14,1905,Andrei Kirilenko,BKN,44,89,0.64,0.588,-0.052000000000000046,0.052
2013-14,203492,Ray McCallum,SAC,38,89,0.596,0.596,0.0,-0.001
2013-14,203521,Matthew Dellavedova,CLE,67,88,0.682,0.587,-0.09500000000000008,0.095
2013-14,203473,Dewayne Dedmon,ORL,28,87,0.621,0.603,-0.018000000000000016,0.018
2013-14,203503,Tony Snell,CHI,64,87,0.609,0.599,-0.010000000000000009,0.011
2013-14,201627,Anthony Morrow,NOP,75,87,0.678,0.599,-0.07900000000000007,0.079
2013-14,202332,Cole Aldrich,NYK,34,86,0.407,0.581,0.174,-0.174
2013-14,203145,Kent Bazemore,LAL,53,86,0.593,0.59,-0.0030000000000000027,0.003
2013-14,201957,Byron Mullens,PHI,41,86,0.733,0.59,-0.14300000000000002,0.142
2013-14,201576,Anthony Randolph,DEN,39,85,0.518,0.579,0.06099999999999994,-0.062
2013-14,2030,Kenyon Martin,NYK,31,84,0.583,0.59,0.007000000000000006,-0.007
2013-14,202397,Ish Smith,PHX,66,84,0.643,0.569,-0.07400000000000007,0.074
2013-14,2225,Tony Parker,SAS,67,84,0.69,0.582,-0.10799999999999998,0.108
2013-14,101115,Andrew Bynum,IND,26,84,0.5,0.592,0.09199999999999997,-0.092
2013-14,201196,Ramon Sessions,MIL,83,84,0.726,0.566,-0.16000000000000003,0.16
2013-14,202363,Jarvis Varnado,PHI,23,84,0.583,0.591,0.008000000000000007,-0.008
2013-14,2617,Udonis Haslem,MIA,42,84,0.643,0.6,-0.04300000000000004,0.043
2013-14,202706,Jordan Hamilton,HOU,37,82,0.659,0.616,-0.04300000000000004,0.042
2013-14,203561,Brandon Davies,PHI,49,82,0.622,0.602,-0.020000000000000018,0.02
2013-14,203458,Alex Len,PHX,37,81,0.63,0.601,-0.029000000000000026,0.029
2013-14,202720,Jon Leuer,MEM,45,79,0.608,0.586,-0.02200000000000002,0.022
2013-14,203103,Perry Jones III,OKC,58,79,0.57,0.597,0.027000000000000024,-0.028
2013-14,201950,Jrue Holiday,NOP,34,78,0.641,0.585,-0.05600000000000005,0.056
2013-14,200826,J.J. Barea,MIN,79,78,0.692,0.574,-0.118,0.119
2013-14,202333,Xavier Henry,LAL,42,77,0.636,0.617,-0.019000000000000017,0.02
2013-14,101131,Jason Maxiell,ORL,31,75,0.573,0.604,0.031000000000000028,-0.031
2013-14,203461,Anthony Bennett,CLE,51,75,0.653,0.593,-0.06000000000000005,0.06
2013-14,202709,Cory Joseph,SAS,57,74,0.649,0.586,-0.06300000000000006,0.063
2013-14,203133,Robbie Hummel,MIN,45,72,0.667,0.6,-0.06700000000000006,0.066
2013-14,1938,Manu Ginobili,SAS,67,72,0.625,0.595,-0.030000000000000027,0.03
2013-14,201604,Chris Douglas-Roberts,CHA,44,72,0.597,0.584,-0.013000000000000012,0.013
2013-14,202719,Jeremy Tyler,NYK,36,72,0.542,0.571,0.028999999999999915,-0.03
2013-14,2400,Drew Gooden,WAS,21,72,0.625,0.59,-0.03500000000000003,0.035
2013-14,201858,Cartier Martin,ATL,56,72,0.708,0.595,-0.11299999999999999,0.114
2013-14,200770,Jordan Farmar,LAL,40,71,0.732,0.602,-0.13,0.13
2013-14,2584,Willie Green,LAC,53,71,0.479,0.586,0.10699999999999998,-0.107
2013-14,201988,Patty Mills,SAS,81,70,0.6,0.581,-0.019000000000000017,0.019
2013-14,203086,Meyers Leonard,POR,37,70,0.7,0.583,-0.11699999999999999,0.117
2013-14,203197,Diante Garrett,UTA,68,70,0.757,0.587,-0.17000000000000004,0.17
2013-14,201566,Russell Westbrook,OKC,45,69,0.638,0.615,-0.02300000000000002,0.023
2013-14,101150,Lou Williams,ATL,59,68,0.676,0.597,-0.07900000000000007,0.079
2013-14,202337,Luke Babbitt,NOP,26,68,0.662,0.601,-0.061000000000000054,0.061
2013-14,200755,JJ Redick,LAC,35,67,0.597,0.599,0.0020000000000000018,-0.002
2013-14,2757,Beno Udrih,MEM,40,66,0.576,0.59,0.014000000000000012,-0.014
2013-14,203143,Pablo Prigioni,NYK,66,65,0.738,0.593,-0.14500000000000002,0.146
2013-14,202725,Josh Harrellson,DET,30,63,0.413,0.593,0.18,-0.18
2013-14,203187,Chris Johnson,BOS,37,63,0.714,0.597,-0.11699999999999999,0.117
2013-14,200779,Steve Novak,TOR,44,62,0.581,0.595,0.014000000000000012,-0.014
2013-14,965,Derek Fisher,OKC,80,62,0.726,0.604,-0.122,0.121
2013-14,201978,Chase Budinger,MIN,40,62,0.694,0.598,-0.09599999999999997,0.096
2013-14,203515,Phil Pressey,BOS,74,61,0.721,0.595,-0.126,0.126
2013-14,202087,Alonzo Gee,CLE,60,60,0.75,0.59,-0.16000000000000003,0.16
2013-14,202390,Gary Neal,CHA,49,59,0.729,0.585,-0.14400000000000002,0.144
2013-14,203462,Archie Goodwin,PHX,48,58,0.517,0.559,0.04200000000000004,-0.042
2013-14,2557,Luke Ridnour,CHA,60,58,0.741,0.59,-0.15100000000000002,0.152
2013-14,201979,Nick Calathes,MEM,68,58,0.586,0.587,0.0010000000000000009,-0.001
2013-14,203121,Darius Miller,NOP,41,57,0.737,0.61,-0.127,0.127
2013-14,101198,Will Bynum,DET,54,56,0.696,0.574,-0.122,0.123
2013-14,200765,Rajon Rondo,BOS,29,56,0.786,0.609,-0.17700000000000005,0.177
2013-14,101139,CJ Miles,CLE,50,55,0.727,0.596,-0.131,0.131
2013-14,202066,Garrett Temple,WAS,59,55,0.527,0.571,0.04399999999999993,-0.044
2013-14,202343,Elliot Williams,PHI,64,54,0.722,0.592,-0.13,0.13
2013-14,203488,Mike Muscala,ATL,19,54,0.685,0.6,-0.08500000000000008,0.086
2013-14,1733,Al Harrington,WAS,31,54,0.667,0.596,-0.07100000000000006,0.07
2013-14,101122,Danny Granger,LAC,41,53,0.509,0.596,0.08699999999999997,-0.087
2013-14,1712,Antawn Jamison,LAC,19,52,0.577,0.576,-0.0010000000000000009,0.001
2013-14,1889,Andre Miller,WAS,57,52,0.673,0.579,-0.09400000000000008,0.094
2013-14,2045,Hedo Turkoglu,LAC,37,52,0.558,0.588,0.029999999999999916,-0.031
2013-14,2754,Tony Allen,MEM,55,51,0.471,0.594,0.123,-0.124
2013-14,1897,Metta World Peace,NYK,26,51,0.549,0.584,0.03499999999999992,-0.035
2013-14,201189,Aaron Gray,SAC,32,50,0.7,0.594,-0.10599999999999998,0.106
2013-14,203144,Alexey Shved,MIN,55,50,0.66,0.585,-0.07500000000000007,0.075
2013-14,201228,C.J. Watson,IND,63,49,0.633,0.588,-0.04500000000000004,0.045
2013-14,203460,Andre Roberson,OKC,32,46,0.63,0.592,-0.038000000000000034,0.039
2013-14,201575,Brandon Rush,UTA,35,45,0.689,0.571,-0.118,0.118
2013-14,2734,Devin Harris,DAL,39,43,0.767,0.585,-0.18200000000000005,0.183
2013-14,203471,Dennis Schröder,ATL,43,43,0.605,0.551,-0.05399999999999994,0.054
2013-14,201171,Carl Landry,SAC,17,41,0.659,0.589,-0.07000000000000006,0.07
2013-14,202706,Jordan Hamilton,HOU,20,40,0.525,0.566,0.040999999999999925,-0.041
2013-14,202690,Jimmer Fredette,CHI,47,40,0.7,0.568,-0.132,0.132
2013-14,2215,Jason Collins,BKN,18,40,0.7,0.606,-0.09399999999999997,0.094
2013-14,101249,John Lucas III,UTA,37,40,0.775,0.605,-0.17000000000000004,0.17
2013-14,202350,Daniel Orton,PHI,19,39,0.538,0.577,0.038999999999999924,-0.039
2013-14,203142,Chris Copeland,IND,35,39,0.615,0.574,-0.041000000000000036,0.041
2013-14,200839,Mike Harris,UTA,19,39,0.564,0.567,0.0030000000000000027,-0.002
2013-14,201141,Greg Oden,MIA,20,38,0.421,0.575,0.15399999999999997,-0.154
2013-14,203115,Will Barton,POR,31,37,0.486,0.599,0.11299999999999999,-0.113
2013-14,203493,Reggie Bullock Jr.,LAC,30,37,0.486,0.558,0.07200000000000006,-0.072
2013-14,201962,Toney Douglas,MIA,41,35,0.743,0.59,-0.15300000000000002,0.153
2013-14,101111,Charlie Villanueva,DET,19,35,0.657,0.581,-0.07600000000000007,0.076
2013-14,201202,Joel Anthony,BOS,23,35,0.629,0.598,-0.031000000000000028,0.03
2013-14,2446,Rasual Butler,IND,33,34,0.529,0.59,0.06099999999999994,-0.06
2013-14,203106,Jeffery Taylor,CHA,25,34,0.5,0.577,0.07699999999999996,-0.077
2013-14,203108,Bernard James,DAL,19,33,0.576,0.587,0.01100000000000001,-0.012
2013-14,203111,Orlando Johnson,SAC,33,33,0.636,0.588,-0.04800000000000004,0.049
2013-14,203468,CJ McCollum,POR,34,33,0.606,0.605,-0.0010000000000000009,0.001
2013-14,203117,Doron Lamb,ORL,43,33,0.818,0.595,-0.22299999999999998,0.223
2013-14,201961,Wayne Ellington,DAL,35,32,0.781,0.588,-0.19300000000000006,0.194
2013-14,202698,Chris Singleton,WAS,19,32,0.719,0.565,-0.15400000000000003,0.154
2013-14,202361,Landry Fields,TOR,22,32,0.469,0.619,0.15000000000000002,-0.15
2013-14,201986,Nando De Colo,TOR,39,32,0.5,0.573,0.07299999999999995,-0.073
2013-14,203102,Arnett Moultrie,PHI,12,31,0.516,0.59,0.07399999999999995,-0.073
2013-14,203104,Marquis Teague,BKN,33,30,0.6,0.561,-0.038999999999999924,0.039
2013-14,101126,Nate Robinson,DEN,43,29,0.655,0.573,-0.08200000000000007,0.083
2013-14,201934,Hasheem Thabeet,OKC,17,29,0.552,0.608,0.05599999999999994,-0.056
2013-14,201953,Eric Maynor,PHI,28,28,0.857,0.6,-0.257,0.258
2013-14,201565,Derrick Rose,CHI,10,27,0.593,0.574,-0.019000000000000017,0.019
2013-14,1891,Jason Terry,BKN,32,26,0.654,0.603,-0.051000000000000045,0.051
2013-14,202705,MarShon Brooks,LAL,26,25,0.68,0.585,-0.09500000000000008,0.095
2013-14,203499,Shane Larkin,DAL,44,25,0.68,0.585,-0.09500000000000008,0.095
2013-14,201964,Victor Claver,POR,17,24,0.542,0.622,0.07999999999999996,-0.08
2013-14,203268,Jorge Gutierrez,BKN,15,24,0.708,0.554,-0.15399999999999991,0.154
2013-14,203540,Gigi Datome,DET,23,24,0.792,0.612,-0.18000000000000005,0.18
2013-14,203498,Shabazz Muhammad,MIN,29,23,0.391,0.603,0.21199999999999997,-0.212
2013-14,202388,Donald Sloan,IND,36,23,0.652,0.579,-0.07300000000000006,0.073
2013-14,2592,James Jones,MIA,13,23,0.696,0.566,-0.13,0.13
2013-14,203136,Ognjen Kuzmic,GSW,13,22,0.682,0.562,-0.12,0.12
2013-14,200756,Hilton Armstrong,GSW,8,22,0.455,0.592,0.13699999999999996,-0.137
2013-14,203315,Toure' Murry,NYK,37,21,0.476,0.565,0.08899999999999997,-0.089
2013-14,977,Kobe Bryant,LAL,6,21,0.571,0.623,0.052000000000000046,-0.051
2013-14,200811,Lou Amundson,CHI,14,21,0.714,0.586,-0.128,0.128
2013-14,200769,Shannon Brown,NYK,20,20,0.65,0.606,-0.04400000000000004,0.044
2013-14,201948,Austin Daye,SAS,14,20,0.75,0.586,-0.16400000000000003,0.164
2013-14,203116,Tyshawn Taylor,BKN,17,19,0.526,0.569,0.04299999999999993,-0.042
2013-14,101183,Shavlik Randolph,PHX,13,19,0.421,0.546,0.12500000000000006,-0.125
2013-14,203485,Lorenzo Brown,PHI,21,18,0.5,0.578,0.07799999999999996,-0.078
2013-14,203524,Solomon Hill,IND,21,18,0.722,0.592,-0.13,0.13
2013-14,202091,Dionte Christmas,PHX,24,17,0.706,0.589,-0.11699999999999999,0.117
2013-14,203490,Otto Porter Jr.,WAS,26,17,0.647,0.593,-0.05400000000000005,0.054
2013-14,203502,Tony Mitchell,DET,14,17,0.765,0.578,-0.18700000000000006,0.187
2013-14,203263,James Nunnally,PHI,11,16,0.688,0.595,-0.09299999999999997,0.092
2013-14,201580,JaVale McGee,DEN,5,16,0.688,0.627,-0.06099999999999994,0.06
2013-14,203479,Jamaal Franklin,MEM,19,15,0.6,0.596,-0.0040000000000000036,0.004
2013-14,202962,Greg Smith,HOU,10,15,0.667,0.598,-0.06900000000000006,0.068
2013-14,1497,Chauncey Billups,DET,17,15,0.733,0.583,-0.15000000000000002,0.151
2013-14,2571,Leandro Barbosa,PHX,19,15,0.533,0.571,0.03799999999999992,-0.038
2013-14,202721,Darius Morris,MEM,23,15,0.6,0.573,-0.027000000000000024,0.027
2013-14,2732,Ben Gordon,CHA,19,14,0.643,0.602,-0.041000000000000036,0.041
2013-14,101179,Ronnie Price,ORL,26,14,0.643,0.553,-0.08999999999999997,0.09
2013-14,202933,Julyan Stone,TOR,15,14,0.643,0.584,-0.05900000000000005,0.059
2013-14,203098,John Jenkins,ATL,12,14,0.714,0.573,-0.14100000000000001,0.141
2013-14,959,Steve Nash,LAL,15,14,1.0,0.61,-0.39,0.39
2013-14,203508,Sergey Karasev,CLE,16,14,0.5,0.602,0.10199999999999998,-0.102
2013-14,202380,Hamady Ndiaye,SAC,8,14,0.714,0.606,-0.10799999999999998,0.108
2013-14,200780,Solomon Jones,ORL,9,13,0.538,0.637,0.09899999999999998,-0.099
2013-14,203120,Justin Hamilton,MIA,6,13,0.615,0.582,-0.03300000000000003,0.033
2013-14,2427,Roger Mason Jr.,MIA,18,13,0.769,0.602,-0.16700000000000004,0.168
2013-14,2248,Earl Watson,POR,17,13,0.385,0.527,0.14200000000000002,-0.142
2013-14,202874,Chris Wright,MIL,7,13,0.462,0.568,0.10599999999999993,-0.106
2013-14,203477,Isaiah Canaan,HOU,16,13,0.692,0.604,-0.08799999999999997,0.088
2013-14,2457,Jannero Pargo,CHA,22,13,0.615,0.557,-0.05799999999999994,0.059
2013-14,203129,Tornike Shengelia,CHI,17,12,0.583,0.551,-0.03199999999999992,0.032
2013-14,202412,Manny Harris,LAL,9,12,0.833,0.596,-0.237,0.237
2013-14,203513,Erik Murphy,CHI,14,12,0.5,0.575,0.07499999999999996,-0.075
2013-14,202347,Quincy Pondexter,MEM,14,11,0.818,0.586,-0.23199999999999998,0.233
2013-14,203517,Nemanja Nedovic,GSW,18,11,0.364,0.554,0.19000000000000006,-0.19
2013-14,203546,Ian Clark,UTA,22,11,0.818,0.554,-0.2639999999999999,0.264
2013-14,203099,Jared Cunningham,SAC,11,10,0.6,0.581,-0.019000000000000017,0.019
2013-14,203584,Troy Daniels,HOU,4,10,0.7,0.606,-0.09399999999999997,0.094
2013-14,203491,Peyton Siva,DET,18,10,0.6,0.552,-0.04799999999999993,0.048
2013-14,2224,Jamaal Tinsley,UTA,8,9,0.667,0.591,-0.07600000000000007,0.075
2013-14,203539,Gal Mekel,DAL,24,9,0.778,0.554,-0.22399999999999998,0.224
2013-14,202952,Malcolm Thomas,UTA,7,9,0.556,0.621,0.06499999999999995,-0.065
2013-14,203318,Glen Rice,WAS,7,8,0.625,0.618,-0.007000000000000006,0.007
2013-14,2740,Andris Biedrins,UTA,5,8,0.625,0.588,-0.03700000000000003,0.037
2013-14,200758,Ronnie Brewer,CHI,20,7,0.714,0.636,-0.07799999999999996,0.078
2013-14,202779,Dwight Buycks,TOR,11,7,0.429,0.559,0.13000000000000006,-0.13
2013-14,203569,Chris Babb,BOS,11,7,0.571,0.613,0.04200000000000004,-0.042
2013-14,203810,Casper Ware,PHI,9,6,0.833,0.57,-0.263,0.263
2013-14,202345,Damion James,SAS,4,6,1.0,0.594,-0.406,0.406
2013-14,203139,Viacheslav Kravtsov,PHX,15,6,0.667,0.596,-0.07100000000000006,0.071
2013-14,203459,Allen Crabbe,POR,12,6,0.833,0.532,-0.30099999999999993,0.301
2013-14,1536,Stephen Jackson,LAC,9,6,0.167,0.573,0.4059999999999999,-0.406
2013-14,2408,Melvin Ely,NOP,2,5,0.8,0.62,-0.18000000000000005,0.18
2013-14,2229,Mike James,CHI,10,5,0.6,0.612,0.01200000000000001,-0.012
2013-14,203480,James Southerland,NOP,4,5,0.2,0.618,0.418,-0.418
2013-14,201985,AJ Price,MIN,22,4,0.75,0.558,-0.19199999999999995,0.192
2013-14,203495,Ricky Ledo,DAL,8,4,0.75,0.645,-0.10499999999999998,0.105
2013-14,201785,Othyus Jeffers,MIN,5,4,0.5,0.617,0.11699999999999999,-0.117
2013-14,2694,Josh Powell,HOU,1,4,0.5,0.525,0.025000000000000022,-0.025
2013-14,2586,Keith Bogans,BOS,5,3,0.333,0.611,0.27799999999999997,-0.277
2013-14,203467,Carrick Felix,CLE,5,3,0.667,0.559,-0.10799999999999998,0.108
2013-14,203130,Darius Johnson-Odom,PHI,1,3,0.667,0.575,-0.09200000000000008,0.092
2013-14,202498,Lance Thomas,NOP,4,3,1.0,0.576,-0.42400000000000004,0.424
2013-14,203519,Adonis Thomas,PHI,5,2,0.5,0.61,0.10999999999999999,-0.11
2013-14,201591,DJ White,CHA,2,2,1.0,0.642,-0.358,0.359
2013-14,101155,Ryan Gomes,OKC,3,2,1.0,0.54,-0.45999999999999996,0.46
2013-14,202620,Arinze Onuaku,CLE,2,2,1.0,0.612,-0.388,0.388
2013-14,203548,Elias Harris,LAL,2,1,1.0,0.565,-0.43500000000000005,0.435
2013-14,2756,Sasha Vujacic,LAC,2,1,1.0,0.505,-0.495,0.495
2013-14,203552,Seth Curry,CLE,1,1,0.0,0.581,0.581,-0.581
2013-14,202197,Shane Edwards,CLE,1,1,1.0,0.745,-0.255,0.255
2013-14,203816,Scotty Hopson,CLE,1,1,1.0,0.574,-0.42600000000000005,0.426
2013-14,203496,Robert Covington,HOU,4,1,1.0,0.493,-0.507,0.507
2013-14,203505,Vander Blue,BOS,3,1,1.0,0.554,-0.44599999999999995,0.446
2014-15,2200,Pau Gasol,CHI,78,584,0.51,0.592,0.08199999999999996,-0.082
2014-15,2199,Tyson Chandler,DAL,74,561,0.563,0.593,0.030000000000000027,-0.03
2014-15,203497,Rudy Gobert,UTA,82,546,0.478,0.59,0.11199999999999999,-0.112
2014-15,201599,DeAndre Jordan,LAC,82,533,0.552,0.595,0.04299999999999993,-0.043
2014-15,203476,Gorgui Dieng,MIN,72,522,0.609,0.588,-0.02100000000000002,0.022
2014-15,1495,Tim Duncan,SAS,77,515,0.522,0.595,0.07299999999999995,-0.073
2014-15,203083,Andre Drummond,DET,82,512,0.539,0.588,0.04899999999999993,-0.049
2014-15,101162,Marcin Gortat,WAS,82,499,0.519,0.592,0.07299999999999995,-0.073
2014-15,203457,Nerlens Noel,PHI,75,497,0.511,0.596,0.08499999999999996,-0.085
2014-15,201188,Marc Gasol,MEM,81,496,0.544,0.59,0.04599999999999993,-0.046
2014-15,202389,Timofey Mozgov,CLE,81,489,0.526,0.59,0.06399999999999995,-0.064
2014-15,201572,Brook Lopez,BKN,72,483,0.555,0.593,0.03799999999999992,-0.038
2014-15,201600,Omer Asik,NOP,76,476,0.595,0.601,0.006000000000000005,-0.006
2014-15,202685,Jonas Valančiūnas,TOR,80,465,0.538,0.589,0.050999999999999934,-0.052
2014-15,200794,Paul Millsap,ATL,73,461,0.594,0.586,-0.008000000000000007,0.008
2014-15,201941,Jordan Hill,LAL,70,454,0.639,0.6,-0.039000000000000035,0.039
2014-15,2746,Josh Smith,HOU,83,446,0.484,0.594,0.10999999999999999,-0.109
2014-15,202326,DeMarcus Cousins,SAC,59,442,0.538,0.593,0.05499999999999994,-0.055
2014-15,201586,Serge Ibaka,OKC,64,433,0.455,0.59,0.13499999999999995,-0.135
2014-15,201579,Roy Hibbert,IND,76,425,0.461,0.586,0.12499999999999994,-0.125
2014-15,203458,Alex Len,PHX,69,417,0.52,0.59,0.06999999999999995,-0.069
2014-15,203092,Tyler Zeller,BOS,82,416,0.526,0.588,0.061999999999999944,-0.062
2014-15,203076,Anthony Davis,NOP,68,415,0.549,0.595,0.04599999999999993,-0.046
2014-15,201567,Kevin Love,CLE,74,414,0.56,0.589,0.028999999999999915,-0.028
2014-15,202324,Derrick Favors,UTA,74,414,0.457,0.591,0.13399999999999995,-0.135
2014-15,202696,Nikola Vučević,ORL,74,408,0.603,0.587,-0.016000000000000014,0.016
2014-15,203486,Mason Plumlee,BKN,78,404,0.572,0.596,0.02400000000000002,-0.024
2014-15,201143,Al Horford,ATL,76,395,0.524,0.581,0.05699999999999994,-0.057
2014-15,101161,Amir Johnson,TOR,75,387,0.548,0.589,0.040999999999999925,-0.041
2014-15,202684,Tristan Thompson,CLE,81,385,0.566,0.589,0.02300000000000002,-0.023
2014-15,202334,Ed Davis,LAL,79,379,0.549,0.586,0.03699999999999992,-0.037
2014-15,201577,Robin Lopez,POR,59,371,0.536,0.593,0.05699999999999994,-0.057
2014-15,202328,Greg Monroe,DET,69,369,0.585,0.592,0.007000000000000006,-0.007
2014-15,200746,LaMarcus Aldridge,POR,71,364,0.541,0.592,0.050999999999999934,-0.051
2014-15,203110,Draymond Green,GSW,79,357,0.524,0.583,0.05899999999999994,-0.059
2014-15,203500,Steven Adams,OKC,70,357,0.549,0.595,0.04599999999999993,-0.046
2014-15,202683,Enes Freedom,OKC,75,356,0.618,0.595,-0.02300000000000002,0.023
2014-15,101106,Andrew Bogut,GSW,67,355,0.445,0.594,0.14899999999999997,-0.149
2014-15,101112,Channing Frye,ORL,75,352,0.636,0.593,-0.04300000000000004,0.043
2014-15,203101,Miles Plumlee,MIL,71,348,0.557,0.584,0.026999999999999913,-0.027
2014-15,202693,Markieff Morris,PHX,82,347,0.605,0.591,-0.014000000000000012,0.014
2014-15,202700,Donatas Motiejunas,HOU,70,343,0.531,0.593,0.061999999999999944,-0.063
2014-15,203089,John Henson,MIL,66,342,0.532,0.583,0.050999999999999934,-0.051
2014-15,2216,Zach Randolph,MEM,71,334,0.62,0.591,-0.029000000000000026,0.029
2014-15,2549,Chris Kaman,POR,74,334,0.578,0.59,0.01200000000000001,-0.012
2014-15,2744,Al Jefferson,CHA,65,328,0.625,0.595,-0.030000000000000027,0.03
2014-15,202335,Patrick Patterson,TOR,81,326,0.546,0.579,0.03299999999999992,-0.033
2014-15,201148,Brandan Wright,PHX,75,323,0.536,0.584,0.04799999999999993,-0.048
2014-15,2585,Zaza Pachulia,MIL,72,323,0.545,0.594,0.04899999999999993,-0.049
2014-15,1717,Dirk Nowitzki,DAL,77,321,0.623,0.592,-0.031000000000000028,0.031
2014-15,201152,Thaddeus Young,BKN,75,318,0.664,0.589,-0.07500000000000007,0.074
2014-15,202702,Kenneth Faried,DEN,75,310,0.597,0.589,-0.008000000000000007,0.008
2014-15,201149,Joakim Noah,CHI,67,309,0.534,0.597,0.06299999999999994,-0.063
2014-15,201933,Blake Griffin,LAC,67,307,0.593,0.604,0.01100000000000001,-0.012
2014-15,2564,Boris Diaw,SAS,81,303,0.604,0.588,-0.016000000000000014,0.016
2014-15,203507,Giannis Antetokounmpo,MIL,80,299,0.552,0.587,0.03499999999999992,-0.035
2014-15,201574,Jason Thompson,SAC,81,297,0.579,0.598,0.019000000000000017,-0.019
2014-15,201578,Marreese Speights,GSW,76,288,0.569,0.592,0.02300000000000002,-0.023
2014-15,203994,Jusuf Nurkić,DEN,62,277,0.542,0.586,0.04399999999999993,-0.045
2014-15,201583,Ryan Anderson,NOP,61,276,0.616,0.595,-0.02100000000000002,0.021
2014-15,2405,Amar'e Stoudemire,DAL,58,269,0.524,0.595,0.07099999999999995,-0.071
2014-15,203482,Kelly Olynyk,BOS,64,266,0.56,0.582,0.02199999999999991,-0.022
2014-15,203952,Andrew Wiggins,MIN,81,266,0.707,0.592,-0.11499999999999999,0.115
2014-15,201935,James Harden,HOU,80,266,0.628,0.591,-0.03700000000000003,0.037
2014-15,101133,Ian Mahinmi,IND,60,263,0.513,0.573,0.05999999999999994,-0.06
2014-15,202355,Hassan Whiteside,MIA,45,263,0.494,0.578,0.08399999999999996,-0.084
2014-15,2365,Chris Andersen,MIA,57,262,0.584,0.592,0.008000000000000007,-0.008
2014-15,202332,Cole Aldrich,NYK,58,261,0.548,0.591,0.04299999999999993,-0.043
2014-15,203096,Jared Sullinger,BOS,58,260,0.569,0.583,0.014000000000000012,-0.014
2014-15,202339,Eric Bledsoe,PHX,81,259,0.568,0.571,0.0030000000000000027,-0.003
2014-15,201582,Alexis Ajinca,NOP,62,258,0.539,0.585,0.04599999999999993,-0.047
2014-15,201601,Luc Mbah a Moute,PHI,67,257,0.556,0.589,0.03299999999999992,-0.033
2014-15,2594,Kyle Korver,ATL,75,256,0.609,0.59,-0.019000000000000017,0.02
2014-15,201160,Jason Smith,NYK,81,249,0.574,0.584,0.010000000000000009,-0.009
2014-15,202338,Kevin Seraphin,WAS,77,243,0.523,0.578,0.05499999999999994,-0.055
2014-15,201163,Wilson Chandler,DEN,78,243,0.626,0.596,-0.030000000000000027,0.029
2014-15,201585,Kosta Koufos,MEM,81,243,0.494,0.591,0.09699999999999998,-0.097
2014-15,201959,Taj Gibson,CHI,62,242,0.479,0.591,0.11199999999999999,-0.112
2014-15,202703,Nikola Mirotic,CHI,80,241,0.61,0.585,-0.025000000000000022,0.025
2014-15,201980,Danny Green,SAS,81,241,0.548,0.582,0.03399999999999992,-0.035
2014-15,202323,Evan Turner,BOS,82,238,0.63,0.586,-0.04400000000000004,0.044
2014-15,2547,Chris Bosh,MIA,44,234,0.615,0.599,-0.016000000000000014,0.016
2014-15,202694,Marcus Morris Sr.,PHX,81,232,0.621,0.591,-0.030000000000000027,0.03
2014-15,201150,Spencer Hawes,LAC,73,230,0.565,0.579,0.014000000000000012,-0.014
2014-15,201581,JJ Hickson,DEN,73,230,0.587,0.591,0.0040000000000000036,-0.004
2014-15,203463,Ben McLemore,SAC,82,229,0.651,0.588,-0.06300000000000006,0.062
2014-15,203469,Cody Zeller,CHA,62,228,0.513,0.586,0.07299999999999995,-0.073
2014-15,203084,Harrison Barnes,GSW,82,227,0.59,0.59,0.0,0.0
2014-15,200811,Lou Amundson,NYK,49,226,0.549,0.599,0.04999999999999993,-0.051
2014-15,201936,Tyreke Evans,NOP,79,226,0.642,0.591,-0.051000000000000045,0.051
2014-15,202687,Bismack Biyombo,CHA,64,223,0.547,0.585,0.03799999999999992,-0.038
2014-15,2736,Luol Deng,MIA,71,222,0.667,0.598,-0.06900000000000006,0.068
2014-15,203156,Henry Sims,PHI,72,221,0.597,0.596,-0.0010000000000000009,0.001
2014-15,101107,Marvin Williams,CHA,78,221,0.557,0.578,0.020999999999999908,-0.022
2014-15,200782,P.J. Tucker,PHX,78,218,0.638,0.587,-0.051000000000000045,0.051
2014-15,204028,Tarik Black,LAL,62,218,0.615,0.593,-0.02200000000000002,0.022
2014-15,2730,Dwight Howard,HOU,40,217,0.53,0.58,0.04999999999999993,-0.05
2014-15,203135,Robert Sacre,LAL,64,216,0.556,0.597,0.040999999999999925,-0.041
2014-15,203382,Aron Baynes,SAS,69,212,0.514,0.583,0.06899999999999995,-0.069
2014-15,2772,Trevor Ariza,HOU,81,211,0.687,0.593,-0.09400000000000008,0.094
2014-15,202391,Jeremy Lin,LAL,74,209,0.574,0.575,0.0010000000000000009,-0.001
2014-15,101138,Brandon Bass,BOS,81,209,0.632,0.577,-0.05500000000000005,0.054
2014-15,201967,Dante Cunningham,NOP,66,207,0.618,0.599,-0.019000000000000017,0.019
2014-15,2403,Nene,WAS,67,206,0.529,0.587,0.05799999999999994,-0.058
2014-15,201229,Anthony Tolliver,DET,72,206,0.587,0.585,-0.0020000000000000018,0.002
2014-15,2440,Matt Barnes,LAC,76,203,0.626,0.586,-0.040000000000000036,0.04
2014-15,201587,Nicolas Batum,POR,71,203,0.586,0.595,0.009000000000000008,-0.008
2014-15,201168,Tiago Splitter,SAS,52,201,0.562,0.599,0.03699999999999992,-0.037
2014-15,201145,Jeff Green,MEM,78,200,0.65,0.598,-0.052000000000000046,0.052
2014-15,2561,David West,IND,66,198,0.586,0.585,-0.0010000000000000009,0.001
2014-15,202681,Kyrie Irving,CLE,74,197,0.685,0.584,-0.10100000000000009,0.101
2014-15,203901,Elfrid Payton,ORL,82,197,0.65,0.575,-0.07500000000000007,0.075
2014-15,202325,Wesley Johnson,LAL,76,196,0.663,0.597,-0.06600000000000006,0.066
2014-15,201960,DeMarre Carroll,ATL,70,196,0.689,0.594,-0.09499999999999997,0.094
2014-15,203506,Victor Oladipo,ORL,72,196,0.709,0.591,-0.118,0.118
2014-15,202704,Reggie Jackson,DET,77,196,0.663,0.592,-0.07100000000000006,0.071
2014-15,202710,Jimmy Butler III,CHI,65,196,0.633,0.593,-0.040000000000000036,0.039
2014-15,203496,Robert Covington,PHI,69,194,0.582,0.586,0.0040000000000000036,-0.004
2014-15,2430,Carlos Boozer,LAL,71,194,0.624,0.594,-0.030000000000000027,0.029
2014-15,202713,Kyle Singler,OKC,78,194,0.608,0.589,-0.019000000000000017,0.02
2014-15,202699,Tobias Harris,ORL,68,193,0.611,0.596,-0.015000000000000013,0.015
2014-15,200768,Kyle Lowry,TOR,70,192,0.609,0.592,-0.017000000000000015,0.018
2014-15,203120,Justin Hamilton,MIN,39,191,0.565,0.596,0.031000000000000028,-0.031
2014-15,203093,Terrence Jones,HOU,33,191,0.524,0.588,0.06399999999999995,-0.064
2014-15,201609,Goran Dragic,MIA,78,190,0.647,0.574,-0.07300000000000006,0.074
2014-15,200752,Rudy Gay,SAC,68,190,0.647,0.597,-0.050000000000000044,0.05
2014-15,2570,Kendrick Perkins,CLE,68,188,0.532,0.568,0.03599999999999992,-0.036
2014-15,2743,Kris Humphries,WAS,62,187,0.503,0.586,0.08299999999999996,-0.083
2014-15,202730,Lavoy Allen,IND,61,187,0.556,0.58,0.02399999999999991,-0.024
2014-15,201162,Jared Dudley,MIL,71,187,0.54,0.576,0.03599999999999992,-0.036
2014-15,101141,Ersan Ilyasova,MIL,57,186,0.565,0.592,0.027000000000000024,-0.027
2014-15,203524,Solomon Hill,IND,82,182,0.632,0.591,-0.041000000000000036,0.04
2014-15,202330,Gordon Hayward,UTA,76,178,0.646,0.588,-0.05800000000000005,0.058
2014-15,2555,Nick Collison,OKC,66,178,0.551,0.586,0.03499999999999992,-0.036
2014-15,203544,Pero Antic,ATL,62,174,0.494,0.591,0.09699999999999998,-0.097
2014-15,203082,Terrence Ross,TOR,82,174,0.649,0.581,-0.06800000000000006,0.068
2014-15,201595,Joey Dorsey,HOU,62,174,0.586,0.595,0.009000000000000008,-0.009
2014-15,2207,Joe Johnson,BKN,80,173,0.746,0.583,-0.16300000000000003,0.163
2014-15,2449,Luis Scola,IND,80,173,0.526,0.586,0.05999999999999994,-0.06
2014-15,203114,Khris Middleton,MIL,78,172,0.605,0.593,-0.01200000000000001,0.012
2014-15,203484,Kentavious Caldwell-Pope,DET,82,171,0.713,0.59,-0.123,0.124
2014-15,203487,Michael Carter-Williams,MIL,66,171,0.643,0.586,-0.05700000000000005,0.057
2014-15,201946,Tyler Hansbrough,TOR,71,171,0.596,0.583,-0.013000000000000012,0.014
2014-15,203081,Damian Lillard,POR,82,171,0.766,0.583,-0.18300000000000005,0.183
2014-15,203079,Dion Waiters,OKC,79,169,0.651,0.598,-0.05300000000000005,0.053
2014-15,101145,Monta Ellis,DAL,80,166,0.614,0.579,-0.03500000000000003,0.036
2014-15,203909,KJ McDaniels,HOU,59,166,0.434,0.588,0.15399999999999997,-0.154
2014-15,203924,Jerami Grant,PHI,64,165,0.515,0.586,0.07099999999999995,-0.071
2014-15,203086,Meyers Leonard,POR,53,164,0.476,0.583,0.10699999999999998,-0.108
2014-15,202695,Kawhi Leonard,SAS,64,162,0.568,0.591,0.02300000000000002,-0.023
2014-15,202322,John Wall,WAS,79,160,0.619,0.579,-0.040000000000000036,0.04
2014-15,202329,Al-Farouq Aminu,DAL,72,158,0.513,0.589,0.07599999999999996,-0.077
2014-15,201568,Danilo Gallinari,DEN,59,158,0.671,0.585,-0.08600000000000008,0.086
2014-15,200755,JJ Redick,LAC,78,157,0.611,0.591,-0.020000000000000018,0.02
2014-15,203473,Dewayne Dedmon,ORL,54,154,0.468,0.584,0.11599999999999994,-0.116
2014-15,2544,LeBron James,CLE,68,152,0.638,0.587,-0.051000000000000045,0.051
2014-15,202689,Kemba Walker,CHA,62,152,0.612,0.586,-0.026000000000000023,0.026
2014-15,202340,Avery Bradley,BOS,77,151,0.722,0.58,-0.14200000000000002,0.142
2014-15,201973,Jonas Jerebko,BOS,74,151,0.576,0.585,0.009000000000000008,-0.009
2014-15,203141,Mirza Teletovic,BKN,40,151,0.536,0.586,0.04999999999999993,-0.049
2014-15,101135,David Lee,GSW,49,150,0.573,0.585,0.01200000000000001,-0.012
2014-15,201976,Patrick Beverley,HOU,56,149,0.644,0.591,-0.05300000000000005,0.053
2014-15,201596,Mario Chalmers,MIA,79,148,0.649,0.585,-0.06400000000000006,0.064
2014-15,202711,Bojan Bogdanovic,BKN,77,148,0.642,0.585,-0.05700000000000005,0.057
2014-15,201949,James Johnson,TOR,69,147,0.571,0.572,0.0010000000000000009,0.0
2014-15,1718,Paul Pierce,WAS,73,147,0.585,0.581,-0.0040000000000000036,0.004
2014-15,203109,Jae Crowder,BOS,80,146,0.705,0.588,-0.11699999999999999,0.117
2014-15,203124,Kyle O'Quinn,ORL,50,145,0.566,0.602,0.03600000000000003,-0.036
2014-15,201589,Darrell Arthur,DEN,56,145,0.545,0.584,0.038999999999999924,-0.039
2014-15,101127,Jarrett Jack,BKN,79,145,0.628,0.569,-0.05900000000000005,0.059
2014-15,200761,Shawne Williams,DET,60,145,0.579,0.589,0.010000000000000009,-0.01
2014-15,2223,Samuel Dalembert,NYK,32,144,0.472,0.594,0.122,-0.122
2014-15,201956,Omri Casspi,SAC,66,143,0.664,0.584,-0.08000000000000007,0.081
2014-15,203897,Zach LaVine,MIN,74,142,0.704,0.585,-0.119,0.119
2014-15,201593,Nikola Pekovic,MIN,30,142,0.606,0.578,-0.028000000000000025,0.027
2014-15,708,Kevin Garnett,MIN,47,141,0.617,0.585,-0.03200000000000003,0.032
2014-15,203077,Michael Kidd-Gilchrist,CHA,55,141,0.489,0.576,0.08699999999999997,-0.086
2014-15,201951,Ty Lawson,DEN,75,141,0.723,0.584,-0.139,0.139
2014-15,2419,Tayshaun Prince,DET,58,141,0.596,0.585,-0.01100000000000001,0.011
2014-15,201144,Mike Conley,MEM,70,140,0.693,0.577,-0.11599999999999999,0.116
2014-15,2617,Udonis Haslem,MIA,60,140,0.664,0.586,-0.07800000000000007,0.078
2014-15,203960,JaKarr Sampson,PHI,72,139,0.568,0.585,0.017000000000000015,-0.017
2014-15,201171,Carl Landry,SAC,68,139,0.576,0.595,0.019000000000000017,-0.019
2014-15,2588,Matt Bonner,SAS,65,139,0.424,0.577,0.15299999999999997,-0.152
2014-15,202691,Klay Thompson,GSW,77,138,0.551,0.587,0.03599999999999992,-0.036
2014-15,203940,Adreian Payne,MIN,32,138,0.703,0.605,-0.09799999999999998,0.098
2014-15,203501,Tim Hardaway Jr.,NYK,68,137,0.62,0.596,-0.02400000000000002,0.024
2014-15,101131,Jason Maxiell,CHA,60,136,0.537,0.588,0.050999999999999934,-0.051
2014-15,203078,Bradley Beal,WAS,63,136,0.669,0.586,-0.08300000000000007,0.083
2014-15,203460,Andre Roberson,OKC,67,135,0.526,0.59,0.06399999999999995,-0.064
2014-15,2501,Reggie Evans,SAC,45,135,0.719,0.61,-0.10899999999999999,0.109
2014-15,101108,Chris Paul,LAC,82,134,0.642,0.599,-0.04300000000000004,0.043
2014-15,201147,Corey Brewer,HOU,79,134,0.716,0.589,-0.127,0.127
2014-15,203903,Jordan Clarkson,LAL,59,133,0.707,0.586,-0.121,0.121
2014-15,2446,Rasual Butler,WAS,69,132,0.705,0.569,-0.136,0.135
2014-15,201942,DeMar DeRozan,TOR,60,131,0.725,0.587,-0.138,0.138
2014-15,201627,Anthony Morrow,OKC,74,131,0.641,0.585,-0.05600000000000005,0.056
2014-15,202344,Trevor Booker,UTA,78,131,0.527,0.59,0.06299999999999994,-0.063
2014-15,101114,Deron Williams,BKN,68,131,0.664,0.583,-0.08100000000000007,0.081
2014-15,202336,Larry Sanders,MIL,27,130,0.523,0.594,0.07099999999999995,-0.071
2014-15,201939,Stephen Curry,GSW,80,129,0.651,0.582,-0.06900000000000006,0.069
2014-15,202718,Chandler Parsons,DAL,66,129,0.713,0.582,-0.131,0.131
2014-15,201584,Courtney Lee,MEM,77,129,0.767,0.588,-0.17900000000000005,0.18
2014-15,202682,Derrick Williams,SAC,72,128,0.656,0.594,-0.062000000000000055,0.063
2014-15,203112,Quincy Acy,NYK,65,128,0.508,0.587,0.07899999999999996,-0.079
2014-15,200777,Joel Freeland,POR,42,128,0.477,0.584,0.10699999999999998,-0.108
2014-15,201167,Arron Afflalo,POR,78,127,0.654,0.587,-0.06700000000000006,0.067
2014-15,203504,Trey Burke,UTA,76,127,0.732,0.581,-0.15100000000000002,0.151
2014-15,2760,Anderson Varejao,CLE,26,127,0.622,0.596,-0.026000000000000023,0.026
2014-15,201175,Glen Davis,LAC,68,126,0.595,0.594,-0.0010000000000000009,0.001
2014-15,203138,Hollis Thompson,PHI,71,126,0.643,0.582,-0.061000000000000054,0.061
2014-15,203123,Kostas Papanikolaou,HOU,41,125,0.608,0.591,-0.017000000000000015,0.017
2014-15,201565,Derrick Rose,CHI,51,125,0.64,0.578,-0.062000000000000055,0.062
2014-15,101187,Alan Anderson,BKN,73,125,0.704,0.595,-0.10899999999999999,0.109
2014-15,2738,Andre Iguodala,GSW,77,125,0.688,0.592,-0.09599999999999997,0.096
2014-15,2210,Richard Jefferson,DAL,69,124,0.637,0.601,-0.03600000000000003,0.036
2014-15,200765,Rajon Rondo,DAL,67,124,0.71,0.603,-0.10699999999999998,0.107
2014-15,202349,Greivis Vasquez,TOR,82,124,0.71,0.575,-0.135,0.134
2014-15,203105,Festus Ezeli,GSW,45,123,0.545,0.588,0.04299999999999993,-0.043
2014-15,2548,Dwyane Wade,MIA,61,121,0.595,0.581,-0.014000000000000012,0.014
2014-15,2733,Shaun Livingston,GSW,77,120,0.65,0.587,-0.06300000000000006,0.063
2014-15,101150,Lou Williams,TOR,80,120,0.775,0.57,-0.20500000000000007,0.205
2014-15,202720,Jon Leuer,MEM,60,120,0.542,0.586,0.04399999999999993,-0.044
2014-15,201573,Jerryd Bayless,MIL,76,119,0.63,0.588,-0.04200000000000004,0.042
2014-15,2590,Mo Williams,CHA,67,118,0.703,0.592,-0.11099999999999999,0.112
2014-15,203956,Mitch McGary,OKC,31,118,0.627,0.599,-0.028000000000000025,0.028
2014-15,203080,Thomas Robinson,PHI,51,118,0.508,0.578,0.06999999999999995,-0.07
2014-15,203461,Anthony Bennett,MIN,52,117,0.701,0.601,-0.09999999999999998,0.099
2014-15,201202,Joel Anthony,DET,42,117,0.487,0.578,0.09099999999999997,-0.091
2014-15,203499,Shane Larkin,NYK,75,116,0.716,0.585,-0.131,0.131
2014-15,201566,Russell Westbrook,OKC,67,115,0.687,0.589,-0.09800000000000009,0.098
2014-15,202688,Brandon Knight,PHX,62,114,0.728,0.579,-0.14900000000000002,0.149
2014-15,2406,Caron Butler,DET,78,114,0.754,0.599,-0.15500000000000003,0.155
2014-15,101111,Charlie Villanueva,DAL,58,114,0.623,0.596,-0.027000000000000024,0.027
2014-15,202697,Iman Shumpert,CLE,60,113,0.655,0.587,-0.06800000000000006,0.068
2014-15,2747,JR Smith,CLE,70,112,0.696,0.588,-0.10799999999999998,0.109
2014-15,201945,Gerald Henderson,CHA,80,111,0.505,0.581,0.07599999999999996,-0.077
2014-15,203492,Ray McCallum,SAC,66,111,0.748,0.572,-0.17600000000000005,0.175
2014-15,202709,Cory Joseph,SAS,74,111,0.64,0.563,-0.07700000000000007,0.077
2014-15,202337,Luke Babbitt,NOP,62,111,0.631,0.598,-0.03300000000000003,0.033
2014-15,2399,Mike Dunleavy,CHI,63,110,0.573,0.586,0.013000000000000012,-0.013
2014-15,203957,Dante Exum,UTA,82,109,0.688,0.587,-0.10099999999999998,0.101
2014-15,203145,Kent Bazemore,ATL,72,108,0.556,0.573,0.016999999999999904,-0.017
2014-15,201569,Eric Gordon,NOP,61,107,0.664,0.593,-0.07100000000000006,0.07
2014-15,202083,Wesley Matthews,POR,60,107,0.654,0.585,-0.06900000000000006,0.069
2014-15,201978,Chase Budinger,MIN,63,107,0.692,0.59,-0.10199999999999998,0.101
2014-15,203118,Mike Scott,ATL,67,107,0.589,0.586,-0.0030000000000000027,0.003
2014-15,200745,Andrea Bargnani,NYK,29,107,0.607,0.589,-0.018000000000000016,0.019
2014-15,201155,Rodney Stuckey,IND,71,106,0.632,0.588,-0.04400000000000004,0.044
2014-15,203917,Nik Stauskas,SAC,70,106,0.642,0.576,-0.06600000000000006,0.065
2014-15,2550,Kirk Hinrich,CHI,66,106,0.575,0.569,-0.006000000000000005,0.006
2014-15,2754,Tony Allen,MEM,63,106,0.547,0.589,0.041999999999999926,-0.042
2014-15,1882,Elton Brand,ATL,34,105,0.505,0.569,0.06399999999999995,-0.065
2014-15,203527,Ryan Kelly,LAL,52,105,0.6,0.599,-0.0010000000000000009,0.001
2014-15,203133,Robbie Hummel,MIN,42,105,0.629,0.59,-0.039000000000000035,0.038
2014-15,2734,Devin Harris,DAL,76,105,0.638,0.589,-0.049000000000000044,0.05
2014-15,203516,James Ennis III,MIA,58,105,0.6,0.58,-0.020000000000000018,0.02
2014-15,201571,D.J. Augustin,OKC,82,104,0.76,0.583,-0.17700000000000005,0.176
2014-15,203521,Matthew Dellavedova,CLE,65,104,0.625,0.585,-0.040000000000000036,0.04
2014-15,203085,Austin Rivers,LAC,76,104,0.625,0.588,-0.03700000000000003,0.037
2014-15,2757,Beno Udrih,MEM,79,103,0.709,0.584,-0.125,0.125
2014-15,203935,Marcus Smart,BOS,66,103,0.67,0.58,-0.09000000000000008,0.09
2014-15,2581,Steve Blake,POR,80,102,0.559,0.577,0.017999999999999905,-0.018
2014-15,201950,Jrue Holiday,NOP,40,99,0.596,0.592,-0.0040000000000000036,0.004
2014-15,2225,Tony Parker,SAS,68,99,0.697,0.595,-0.10199999999999998,0.102
2014-15,203490,Otto Porter Jr.,WAS,73,99,0.626,0.572,-0.05400000000000005,0.054
2014-15,202347,Quincy Pondexter,NOP,45,99,0.687,0.601,-0.08600000000000008,0.085
2014-15,201954,Darren Collison,SAC,45,98,0.684,0.601,-0.08300000000000007,0.083
2014-15,200797,Ryan Hollins,SAC,38,98,0.541,0.596,0.05499999999999994,-0.055
2014-15,203488,Mike Muscala,ATL,37,98,0.51,0.57,0.05999999999999994,-0.059
2014-15,203128,Furkan Aldemir,PHI,40,97,0.598,0.594,-0.0040000000000000036,0.004
2014-15,201166,Aaron Brooks,CHI,82,97,0.67,0.573,-0.09700000000000009,0.097
2014-15,101139,CJ Miles,IND,69,96,0.604,0.6,-0.0040000000000000036,0.005
2014-15,1891,Jason Terry,HOU,76,95,0.684,0.587,-0.09700000000000009,0.097
2014-15,204038,Langston Galloway,NYK,44,95,0.6,0.581,-0.019000000000000017,0.019
2014-15,2400,Drew Gooden,WAS,48,94,0.628,0.581,-0.04700000000000004,0.046
2014-15,201158,Marco Belinelli,SAS,61,93,0.688,0.584,-0.10399999999999998,0.104
2014-15,203503,Tony Snell,CHI,66,92,0.652,0.599,-0.05300000000000005,0.053
2014-15,101123,Gerald Green,PHX,71,92,0.717,0.594,-0.123,0.124
2014-15,202708,Norris Cole,NOP,74,92,0.609,0.579,-0.030000000000000027,0.03
2014-15,201564,O.J. Mayo,MIL,70,91,0.593,0.586,-0.007000000000000006,0.007
2014-15,203953,Jabari Parker,MIL,25,90,0.656,0.588,-0.06800000000000006,0.067
2014-15,202366,Jerome Jordan,BKN,38,89,0.472,0.589,0.11699999999999999,-0.117
2014-15,1890,Shawn Marion,CLE,56,88,0.625,0.592,-0.03300000000000003,0.033
2014-15,204060,Joe Ingles,UTA,76,88,0.682,0.601,-0.08100000000000007,0.081
2014-15,202362,Lance Stephenson,CHA,59,87,0.678,0.585,-0.09300000000000008,0.093
2014-15,203928,Cory Jefferson,BKN,42,87,0.563,0.576,0.013000000000000012,-0.013
2014-15,203932,Aaron Gordon,ORL,46,85,0.541,0.593,0.051999999999999935,-0.052
2014-15,202498,Lance Thomas,NYK,58,85,0.612,0.591,-0.02100000000000002,0.02
2014-15,202388,Donald Sloan,IND,47,84,0.631,0.581,-0.050000000000000044,0.05
2014-15,201952,Jeff Teague,ATL,73,84,0.643,0.574,-0.06900000000000006,0.068
2014-15,201588,George Hill,IND,43,84,0.548,0.566,0.017999999999999905,-0.019
2014-15,203095,Evan Fournier,ORL,58,82,0.768,0.589,-0.17900000000000005,0.18
2014-15,202692,Alec Burks,UTA,27,81,0.704,0.602,-0.10199999999999998,0.102
2014-15,2546,Carmelo Anthony,NYK,39,80,0.7,0.597,-0.10299999999999998,0.103
2014-15,201961,Wayne Ellington,LAL,65,80,0.638,0.591,-0.04700000000000004,0.047
2014-15,201611,Henry Walker,MIA,23,79,0.633,0.589,-0.04400000000000004,0.044
2014-15,201563,Michael Beasley,MIA,24,78,0.538,0.589,0.050999999999999934,-0.051
2014-15,201228,C.J. Watson,IND,56,77,0.545,0.586,0.040999999999999925,-0.04
2014-15,202390,Gary Neal,MIN,54,77,0.662,0.583,-0.07900000000000007,0.079
2014-15,1889,Andre Miller,SAC,77,77,0.61,0.572,-0.038000000000000034,0.038
2014-15,203918,Rodney Hood,UTA,50,77,0.675,0.596,-0.07900000000000007,0.079
2014-15,1938,Manu Ginobili,SAS,70,77,0.571,0.597,0.026000000000000023,-0.025
2014-15,203115,Will Barton,DEN,54,76,0.5,0.586,0.08599999999999997,-0.086
2014-15,201965,Jeff Ayres,SAS,41,76,0.671,0.584,-0.08700000000000008,0.087
2014-15,203094,Andrew Nicholson,ORL,38,76,0.526,0.576,0.04999999999999993,-0.049
2014-15,203143,Pablo Prigioni,HOU,65,75,0.627,0.595,-0.03200000000000003,0.032
2014-15,202962,Greg Smith,DAL,33,73,0.575,0.577,0.0020000000000000018,-0.002
2014-15,202738,Isaiah Thomas,BOS,67,73,0.63,0.571,-0.05900000000000005,0.06
2014-15,203148,Brian Roberts,CHA,71,73,0.603,0.579,-0.02400000000000002,0.024
2014-15,977,Kobe Bryant,LAL,35,73,0.671,0.591,-0.08000000000000007,0.08
2014-15,203471,Dennis Schröder,ATL,75,72,0.681,0.571,-0.1100000000000001,0.11
2014-15,203142,Chris Copeland,IND,42,72,0.611,0.598,-0.013000000000000012,0.013
2014-15,202397,Ish Smith,PHI,44,72,0.653,0.587,-0.06600000000000006,0.065
2014-15,204037,Travis Wear,NYK,48,72,0.556,0.578,0.02199999999999991,-0.023
2014-15,2592,James Jones,CLE,49,72,0.694,0.578,-0.11599999999999999,0.117
2014-15,201196,Ramon Sessions,WAS,63,71,0.775,0.582,-0.19300000000000006,0.192
2014-15,200826,J.J. Barea,DAL,73,70,0.6,0.577,-0.02300000000000002,0.023
2014-15,203468,CJ McCollum,POR,60,70,0.571,0.573,0.0020000000000000018,-0.001
2014-15,203481,Jeff Withey,NOP,30,70,0.443,0.584,0.14099999999999996,-0.142
2014-15,203090,Maurice Harkless,ORL,44,69,0.681,0.596,-0.08500000000000008,0.085
2014-15,202407,Elijah Millsap,UTA,46,69,0.565,0.599,0.03400000000000003,-0.034
2014-15,2748,Dorell Wright,POR,44,69,0.609,0.59,-0.019000000000000017,0.019
2014-15,101181,Jose Calderon,NYK,41,68,0.735,0.573,-0.16200000000000003,0.162
2014-15,2755,Kevin Martin,MIN,38,67,0.672,0.583,-0.08900000000000008,0.089
2014-15,1713,Vince Carter,MEM,63,67,0.463,0.586,0.12299999999999994,-0.123
2014-15,203561,Brandon Davies,PHI,25,67,0.657,0.603,-0.05400000000000005,0.053
2014-15,201975,Jodie Meeks,DET,60,67,0.642,0.575,-0.06700000000000006,0.066
2014-15,203914,Gary Harris,DEN,50,65,0.646,0.583,-0.06300000000000006,0.063
2014-15,2749,Jameer Nelson,DEN,63,65,0.738,0.597,-0.14100000000000001,0.141
2014-15,200751,Randy Foye,DEN,50,64,0.734,0.591,-0.14300000000000002,0.143
2014-15,2037,Jamal Crawford,LAC,64,64,0.719,0.611,-0.10799999999999998,0.108
2014-15,203498,Shabazz Muhammad,MIN,36,64,0.688,0.594,-0.09399999999999997,0.094
2014-15,204014,Damjan Rudez,IND,64,64,0.75,0.579,-0.17100000000000004,0.171
2014-15,2584,Willie Green,ORL,50,63,0.54,0.591,0.050999999999999934,-0.051
2014-15,2045,Hedo Turkoglu,LAC,53,63,0.492,0.588,0.09599999999999997,-0.096
2014-15,201142,Kevin Durant,OKC,27,61,0.525,0.604,0.07899999999999996,-0.079
2014-15,201937,Ricky Rubio,MIN,22,59,0.644,0.599,-0.04500000000000004,0.045
2014-15,204020,Tyler Johnson,MIA,28,59,0.678,0.578,-0.10000000000000009,0.1
2014-15,203894,Shabazz Napier,MIA,48,58,0.845,0.601,-0.244,0.244
2014-15,201580,JaVale McGee,DEN,23,58,0.569,0.57,0.0010000000000000009,-0.001
2014-15,203921,Cleanthony Early,NYK,34,57,0.684,0.601,-0.08300000000000007,0.083
2014-15,201943,Brandon Jennings,DET,41,56,0.696,0.595,-0.10099999999999998,0.101
2014-15,203087,Jeremy Lamb,OKC,40,55,0.6,0.6,0.0,0.0
2014-15,203103,Perry Jones III,OKC,37,55,0.673,0.605,-0.06800000000000006,0.068
2014-15,202379,Jeremy Evans,UTA,33,55,0.527,0.578,0.050999999999999934,-0.05
2014-15,203530,Joffrey Lauvergne,DEN,21,54,0.574,0.576,0.0020000000000000018,-0.002
2014-15,203144,Alexey Shved,NYK,40,54,0.722,0.588,-0.134,0.134
2014-15,203200,Justin Holiday,GSW,52,54,0.537,0.579,0.041999999999999926,-0.042
2014-15,203459,Allen Crabbe,POR,47,53,0.642,0.583,-0.05900000000000005,0.058
2014-15,200757,Thabo Sefolosha,ATL,51,53,0.453,0.594,0.14099999999999996,-0.142
2014-15,203900,Markel Brown,BKN,41,52,0.654,0.553,-0.10099999999999998,0.101
2014-15,2571,Leandro Barbosa,GSW,65,52,0.769,0.584,-0.18500000000000005,0.186
2014-15,203925,Joe Harris,CLE,39,52,0.673,0.582,-0.09100000000000008,0.091
2014-15,203462,Archie Goodwin,PHX,36,52,0.635,0.568,-0.06700000000000006,0.067
2014-15,203100,Tony Wroten,PHI,29,52,0.654,0.585,-0.06900000000000006,0.069
2014-15,203798,PJ Hairston,CHA,44,50,0.64,0.583,-0.05700000000000005,0.057
2014-15,203477,Isaiah Canaan,PHI,42,48,0.75,0.58,-0.17000000000000004,0.17
2014-15,203933,T.J. Warren,PHX,36,44,0.568,0.607,0.039000000000000035,-0.039
2014-15,201156,Nick Young,LAL,42,44,0.659,0.599,-0.06000000000000005,0.06
2014-15,202399,Jeff Adrien,HOU,16,44,0.545,0.59,0.04499999999999993,-0.044
2014-15,203187,Chris Johnson,UTA,28,44,0.568,0.588,0.020000000000000018,-0.02
2014-15,101236,Chuck Hayes,TOR,26,43,0.628,0.584,-0.04400000000000004,0.044
2014-15,202952,Malcolm Thomas,PHI,16,43,0.651,0.574,-0.07700000000000007,0.077
2014-15,202714,Shelvin Mack,ATL,54,43,0.674,0.575,-0.09900000000000009,0.099
2014-15,200770,Jordan Farmar,LAC,36,43,0.651,0.586,-0.06500000000000006,0.065
2014-15,2202,Jason Richardson,PHI,19,42,0.714,0.569,-0.14500000000000002,0.146
2014-15,201988,Patty Mills,SAS,51,42,0.643,0.565,-0.07800000000000007,0.077
2014-15,202734,E'Twaun Moore,CHI,40,42,0.548,0.572,0.02399999999999991,-0.024
2014-15,2222,Gerald Wallace,BOS,25,41,0.634,0.567,-0.06700000000000006,0.067
2014-15,201979,Nick Calathes,MEM,54,41,0.537,0.581,0.04399999999999993,-0.044
2014-15,201977,Marcus Thornton,PHX,44,40,0.675,0.61,-0.06500000000000006,0.065
2014-15,202066,Garrett Temple,WAS,40,40,0.475,0.556,0.08100000000000007,-0.081
2014-15,203485,Lorenzo Brown,MIN,24,40,0.7,0.588,-0.11199999999999999,0.112
2014-15,202087,Alonzo Gee,POR,49,39,0.641,0.59,-0.051000000000000045,0.051
2014-15,2034,Mike Miller,CLE,44,39,0.538,0.604,0.06599999999999995,-0.065
2014-15,101122,Danny Granger,PHX,29,39,0.513,0.595,0.08199999999999996,-0.082
2014-15,202347,Quincy Pondexter,NOP,29,38,0.684,0.577,-0.1070000000000001,0.107
2014-15,202690,Jimmer Fredette,NOP,43,37,0.757,0.572,-0.18500000000000005,0.184
2014-15,201948,Austin Daye,ATL,28,37,0.622,0.572,-0.050000000000000044,0.05
2014-15,203584,Troy Daniels,CHA,34,37,0.703,0.576,-0.127,0.127
2014-15,101179,Ronnie Price,LAL,43,37,0.757,0.593,-0.16400000000000003,0.164
2014-15,201575,Brandon Rush,GSW,31,36,0.694,0.609,-0.08499999999999996,0.086
2014-15,203948,Johnny O'Bryant III,MIL,31,36,0.694,0.587,-0.10699999999999998,0.108
2014-15,203515,Phil Pressey,BOS,43,35,0.857,0.571,-0.28600000000000003,0.286
2014-15,203939,Dwight Powell,DAL,22,34,0.588,0.569,-0.019000000000000017,0.019
2014-15,203106,Jeffery Taylor,CHA,26,33,0.667,0.597,-0.07000000000000006,0.069
2014-15,2557,Luke Ridnour,ORL,43,32,0.688,0.571,-0.11699999999999999,0.116
2014-15,203943,Noah Vonleh,CHA,22,32,0.469,0.579,0.10999999999999999,-0.11
2014-15,203913,Jabari Brown,LAL,19,32,0.531,0.591,0.05999999999999994,-0.06
2014-15,203910,Nick Johnson,HOU,23,31,0.613,0.611,-0.0020000000000000018,0.002
2014-15,1737,Nazr Mohammed,CHI,18,31,0.548,0.578,0.029999999999999916,-0.03
2014-15,201177,Josh McRoberts,MIA,16,30,0.633,0.593,-0.040000000000000036,0.04
2014-15,203922,Glenn Robinson III,PHI,26,29,0.724,0.564,-0.16000000000000003,0.161
2014-15,2732,Ben Gordon,ORL,50,29,0.828,0.586,-0.242,0.241
2014-15,203937,Kyle Anderson,SAS,28,29,0.621,0.587,-0.03400000000000003,0.033
2014-15,203108,Bernard James,DAL,15,28,0.429,0.582,0.15299999999999997,-0.154
2014-15,203919,Jordan Adams,MEM,26,27,0.63,0.565,-0.06500000000000006,0.065
2014-15,203493,Reggie Bullock Jr.,PHX,30,26,0.538,0.588,0.04999999999999993,-0.05
2014-15,203508,Sergey Karasev,BKN,32,26,0.577,0.577,0.0,0.0
2014-15,203991,Clint Capela,HOU,10,26,0.385,0.561,0.17600000000000005,-0.177
2014-15,2217,Brendan Haywood,CLE,17,25,0.56,0.598,0.03799999999999992,-0.038
2014-15,101126,Nate Robinson,DEN,41,25,0.64,0.575,-0.06500000000000006,0.065
2014-15,203949,James Michael McAdoo,GSW,12,24,0.583,0.587,0.0040000000000000036,-0.004
2014-15,203923,James Young,BOS,29,24,0.625,0.595,-0.030000000000000027,0.03
2014-15,200779,Steve Novak,OKC,24,24,0.625,0.585,-0.040000000000000036,0.04
2014-15,2422,John Salmons,NOP,20,23,0.696,0.607,-0.08899999999999997,0.089
2014-15,203950,Jarnell Stokes,MEM,12,22,0.636,0.599,-0.03700000000000003,0.037
2014-15,203088,Kendall Marshall,MIL,26,22,0.682,0.579,-0.10300000000000009,0.103
2014-15,203898,Tyler Ennis,MIL,31,21,0.571,0.551,-0.019999999999999907,0.021
2014-15,203475,Erick Green,DEN,32,21,0.762,0.573,-0.18900000000000006,0.189
2014-15,2853,Earl Barron,PHX,13,21,0.619,0.603,-0.016000000000000014,0.016
2014-15,201971,DeJuan Blair,WAS,18,20,0.65,0.571,-0.07900000000000007,0.079
2014-15,101183,Shavlik Randolph,PHX,18,20,0.6,0.54,-0.05999999999999994,0.06
2014-15,101109,Raymond Felton,DAL,24,20,0.4,0.607,0.20699999999999996,-0.207
2014-15,203906,Devyn Marble,ORL,9,19,0.579,0.583,0.0040000000000000036,-0.004
2014-15,101128,Francisco Garcia,HOU,13,19,0.632,0.608,-0.02400000000000002,0.023
2014-15,203963,Shayne Whittington,IND,14,19,0.842,0.591,-0.251,0.251
2014-15,2742,Sebastian Telfair,OKC,16,18,0.778,0.569,-0.20900000000000007,0.209
2014-15,203915,Spencer Dinwiddie,DET,30,18,0.5,0.554,0.05400000000000005,-0.054
2014-15,201947,Earl Clark,BKN,10,18,0.278,0.59,0.31199999999999994,-0.312
2014-15,202361,Landry Fields,TOR,20,17,0.529,0.593,0.06399999999999995,-0.064
2014-15,203210,JaMychal Green,MEM,18,17,0.647,0.622,-0.025000000000000022,0.025
2014-15,203580,Larry Drew II,PHI,12,17,0.647,0.626,-0.02100000000000002,0.021
2014-15,203926,Doug McDermott,CHI,27,17,0.706,0.565,-0.14100000000000001,0.141
2014-15,201858,Cartier Martin,DET,19,16,0.75,0.589,-0.16100000000000003,0.161
2014-15,203136,Ognjen Kuzmic,GSW,12,16,0.688,0.618,-0.06999999999999995,0.07
2014-15,203113,Quincy Miller,DET,8,16,0.313,0.561,0.24800000000000005,-0.248
2014-15,201962,Toney Douglas,NOP,11,16,0.5,0.59,0.08999999999999997,-0.09
2014-15,201985,AJ Price,CLE,22,15,0.733,0.584,-0.14900000000000002,0.15
2014-15,204022,Jack Cooley,UTA,15,15,0.667,0.6,-0.06700000000000006,0.067
2014-15,203540,Gigi Datome,BOS,18,15,0.667,0.586,-0.08100000000000007,0.08
2014-15,203098,John Jenkins,ATL,20,15,0.667,0.567,-0.10000000000000009,0.099
2014-15,204025,Tim Frazier,POR,10,15,0.933,0.584,-0.3490000000000001,0.349
2014-15,203955,Bryce Cotton,UTA,12,15,0.733,0.589,-0.14400000000000002,0.144
2014-15,203495,Ricky Ledo,NYK,13,14,0.714,0.588,-0.126,0.126
2014-15,203489,Nate Wolters,MIL,17,14,0.5,0.574,0.07399999999999995,-0.074
2014-15,203268,Jorge Gutierrez,MIL,14,14,0.714,0.574,-0.14,0.141
2014-15,202721,Darius Morris,BKN,27,13,0.846,0.568,-0.278,0.278
2014-15,202706,Jordan Hamilton,LAC,12,13,0.692,0.556,-0.1359999999999999,0.137
2014-15,202327,Ekpe Udoh,LAC,20,13,0.538,0.582,0.04399999999999993,-0.044
2014-15,101110,Martell Webster,WAS,28,12,0.833,0.603,-0.22999999999999998,0.23
2014-15,202779,Dwight Buycks,LAL,6,11,0.909,0.565,-0.3440000000000001,0.344
2014-15,203546,Ian Clark,DEN,20,11,0.364,0.605,0.241,-0.242
2014-15,2030,Kenyon Martin,MIL,7,11,0.455,0.622,0.16699999999999998,-0.167
2014-15,201880,Greg Stiemsma,TOR,11,10,0.5,0.563,0.06299999999999994,-0.063
2014-15,203946,Cameron Bairstow,CHI,11,10,0.5,0.609,0.10899999999999999,-0.109
2014-15,201964,Victor Claver,POR,7,9,0.444,0.56,0.11600000000000005,-0.116
2014-15,203912,C.J. Wilcox,LAC,17,8,0.75,0.533,-0.21699999999999997,0.217
2014-15,204079,Drew Gordon,PHI,7,8,0.5,0.574,0.07399999999999995,-0.074
2014-15,202130,Reggie Williams,SAS,15,8,0.75,0.532,-0.21799999999999997,0.218
2014-15,202620,Arinze Onuaku,MIN,4,8,0.75,0.588,-0.16200000000000003,0.162
2014-15,101249,John Lucas III,DET,16,7,0.857,0.584,-0.273,0.273
2014-15,2563,Dahntay Jones,LAC,17,7,0.429,0.6,0.17099999999999999,-0.171
2014-15,203545,Miroslav Raduljica,MIN,5,7,0.857,0.604,-0.253,0.253
2014-15,203805,Will Cherry,TOR,8,7,0.571,0.6,0.029000000000000026,-0.029
2014-15,201604,Chris Douglas-Roberts,LAC,8,6,0.833,0.608,-0.22499999999999998,0.225
2014-15,202331,Paul George,IND,6,5,0.4,0.561,0.16100000000000003,-0.161
2014-15,203511,Grant Jerrett,UTA,6,5,0.8,0.602,-0.19800000000000006,0.198
2014-15,203512,Lucas Nogueira,TOR,5,5,1.0,0.601,-0.399,0.399
2014-15,203505,Vander Blue,LAL,2,5,0.4,0.446,0.045999999999999985,-0.046
2014-15,1905,Andrei Kirilenko,BKN,6,5,0.4,0.582,0.18199999999999994,-0.182
2014-15,204065,David Stockton,SAC,3,5,0.6,0.553,-0.04699999999999993,0.047
2014-15,203998,Bruno Caboclo,TOR,4,5,0.8,0.546,-0.254,0.254
2014-15,202333,Xavier Henry,LAL,9,4,1.0,0.57,-0.43000000000000005,0.43
2014-15,203539,Gal Mekel,DAL,4,4,0.75,0.601,-0.14900000000000002,0.149
2014-15,201991,Lester Hudson,LAC,4,4,0.75,0.549,-0.20099999999999996,0.201
2014-15,203930,Sean Kilpatrick,MIN,4,4,1.0,0.62,-0.38,0.38
2014-15,203099,Jared Cunningham,LAC,13,4,0.75,0.569,-0.18100000000000005,0.181
2014-15,200769,Shannon Brown,MIA,4,4,0.5,0.612,0.11199999999999999,-0.112
2014-15,203479,Jamaal Franklin,DEN,1,4,0.75,0.495,-0.255,0.255
2014-15,202343,Elliot Williams,PHI,8,3,0.667,0.527,-0.14,0.139
2014-15,203893,Russ Smith,MEM,8,3,0.667,0.538,-0.129,0.129
2014-15,203315,Toure' Murry,UTA,4,3,0.667,0.63,-0.03700000000000003,0.037
2014-15,203958,Andre Dawkins,MIA,4,3,0.333,0.591,0.25799999999999995,-0.258
2014-15,101142,Ronny Turiaf,MIN,1,3,1.0,0.554,-0.44599999999999995,0.446
2014-15,203121,Darius Miller,NOP,4,3,1.0,0.622,-0.378,0.378
2014-15,2457,Jannero Pargo,CHA,7,2,0.5,0.55,0.050000000000000044,-0.05
2014-15,203318,Glen Rice,WAS,5,2,1.0,0.573,-0.42700000000000005,0.428
2014-15,101198,Will Bynum,WAS,5,2,0.5,0.537,0.03700000000000003,-0.037
2014-15,204054,Zoran Dragic,MIA,9,1,1.0,0.611,-0.389,0.389
2014-15,203961,Eric Moreland,SAC,1,1,1.0,0.653,-0.347,0.347
2014-15,203565,Patrick Christopher,MEM,3,1,1.0,0.543,-0.45699999999999996,0.457
2014-15,203552,Seth Curry,PHX,1,1,0.0,0.589,0.589,-0.589
2014-15,203945,Alex Kirk,CLE,3,1,1.0,0.705,-0.29500000000000004,0.295
2014-15,203564,Kalin Lucas,MEM,1,1,1.0,0.622,-0.378,0.378
2015-16,201572,Brook Lopez,BKN,73,576,0.521,0.603,0.08199999999999996,-0.082
2015-16,1626157,Karl-Anthony Towns,MIN,82,560,0.563,0.601,0.038000000000000034,-0.039
2015-16,202355,Hassan Whiteside,MIA,73,557,0.51,0.597,0.08699999999999997,-0.087
2015-16,203083,Andre Drummond,DET,81,543,0.565,0.602,0.03700000000000003,-0.037
2015-16,201586,Serge Ibaka,OKC,78,539,0.54,0.593,0.052999999999999936,-0.053
2015-16,2200,Pau Gasol,CHI,72,534,0.5,0.608,0.10799999999999998,-0.108
2015-16,201577,Robin Lopez,NYK,82,528,0.491,0.599,0.10799999999999998,-0.109
2015-16,201143,Al Horford,ATL,82,519,0.532,0.595,0.06299999999999994,-0.063
2015-16,101162,Marcin Gortat,WAS,75,495,0.549,0.603,0.05399999999999994,-0.053
2015-16,201599,DeAndre Jordan,LAC,77,482,0.519,0.592,0.07299999999999995,-0.073
2015-16,203486,Mason Plumlee,POR,82,480,0.55,0.605,0.05499999999999994,-0.055
2015-16,202328,Greg Monroe,MIL,79,473,0.59,0.6,0.010000000000000009,-0.01
2015-16,200794,Paul Millsap,ATL,81,473,0.548,0.603,0.05499999999999994,-0.055
2015-16,202326,DeMarcus Cousins,SAC,64,457,0.54,0.595,0.05499999999999994,-0.054
2015-16,203110,Draymond Green,GSW,81,455,0.514,0.597,0.08299999999999996,-0.083
2015-16,203476,Gorgui Dieng,MIN,82,438,0.596,0.598,0.0020000000000000018,-0.002
2015-16,204001,Kristaps Porziņģis,NYK,72,437,0.508,0.6,0.09199999999999997,-0.091
2015-16,203500,Steven Adams,OKC,80,432,0.542,0.601,0.05899999999999994,-0.059
2015-16,203457,Nerlens Noel,PHI,67,431,0.517,0.603,0.08599999999999997,-0.086
2015-16,2585,Zaza Pachulia,DAL,76,430,0.6,0.593,-0.007000000000000006,0.007
2015-16,201579,Roy Hibbert,LAL,81,428,0.586,0.603,0.017000000000000015,-0.017
2015-16,202687,Bismack Biyombo,TOR,81,418,0.481,0.591,0.10999999999999999,-0.111
2015-16,202684,Tristan Thompson,CLE,81,413,0.562,0.594,0.03199999999999992,-0.032
2015-16,202696,Nikola Vučević,ORL,64,395,0.577,0.6,0.02300000000000002,-0.023
2015-16,1717,Dirk Nowitzki,DAL,75,393,0.56,0.593,0.03299999999999992,-0.034
2015-16,201567,Kevin Love,CLE,77,391,0.632,0.599,-0.03300000000000003,0.032
2015-16,203507,Giannis Antetokounmpo,MIL,80,389,0.537,0.6,0.06299999999999994,-0.063
2015-16,2730,Dwight Howard,HOU,70,387,0.589,0.596,0.007000000000000006,-0.007
2015-16,203497,Rudy Gobert,UTA,61,377,0.491,0.595,0.10399999999999998,-0.104
2015-16,203991,Clint Capela,HOU,77,376,0.535,0.592,0.05699999999999994,-0.057
2015-16,202324,Derrick Favors,UTA,62,376,0.505,0.602,0.09699999999999998,-0.097
2015-16,203999,Nikola Jokić,DEN,79,371,0.526,0.601,0.07499999999999996,-0.075
2015-16,203458,Alex Len,PHX,77,368,0.573,0.597,0.02400000000000002,-0.024
2015-16,101161,Amir Johnson,BOS,78,365,0.529,0.596,0.06699999999999995,-0.068
2015-16,101133,Ian Mahinmi,IND,71,363,0.567,0.598,0.031000000000000028,-0.031
2015-16,202334,Ed Davis,POR,81,361,0.499,0.594,0.09499999999999997,-0.096
2015-16,203944,Julius Randle,LAL,81,361,0.654,0.599,-0.05500000000000005,0.054
2015-16,1626167,Myles Turner,IND,60,354,0.52,0.594,0.07399999999999995,-0.074
2015-16,203096,Jared Sullinger,BOS,80,348,0.572,0.6,0.028000000000000025,-0.028
2015-16,202683,Enes Freedom,OKC,82,347,0.571,0.597,0.026000000000000023,-0.026
2015-16,1626143,Jahlil Okafor,PHI,53,345,0.548,0.597,0.04899999999999993,-0.049
2015-16,202685,Jonas Valančiūnas,TOR,59,344,0.558,0.598,0.039999999999999925,-0.04
2015-16,101106,Andrew Bogut,GSW,70,343,0.51,0.6,0.08999999999999997,-0.09
2015-16,201152,Thaddeus Young,BKN,73,338,0.627,0.599,-0.028000000000000025,0.028
2015-16,201941,Jordan Hill,IND,73,336,0.58,0.594,0.014000000000000012,-0.014
2015-16,203076,Anthony Davis,NOP,61,328,0.558,0.597,0.038999999999999924,-0.039
2015-16,200746,LaMarcus Aldridge,SAS,74,327,0.578,0.596,0.018000000000000016,-0.018
2015-16,101107,Marvin Williams,CHA,81,324,0.556,0.6,0.04399999999999993,-0.045
2015-16,1495,Tim Duncan,SAS,61,321,0.495,0.593,0.09799999999999998,-0.097
2015-16,201585,Kosta Koufos,SAC,77,318,0.531,0.598,0.06699999999999995,-0.066
2015-16,201188,Marc Gasol,MEM,52,318,0.528,0.601,0.07299999999999995,-0.073
2015-16,201935,James Harden,HOU,82,316,0.677,0.601,-0.07600000000000007,0.076
2015-16,203469,Cody Zeller,CHA,73,314,0.554,0.6,0.04599999999999993,-0.046
2015-16,202389,Timofey Mozgov,CLE,76,310,0.523,0.602,0.07899999999999996,-0.079
2015-16,203924,Jerami Grant,PHI,77,306,0.542,0.599,0.05699999999999994,-0.057
2015-16,2216,Zach Randolph,MEM,68,304,0.661,0.596,-0.06500000000000006,0.065
2015-16,203382,Aron Baynes,DET,80,296,0.544,0.591,0.04699999999999993,-0.047
2015-16,201959,Taj Gibson,CHI,73,294,0.52,0.599,0.07899999999999996,-0.079
2015-16,2199,Tyson Chandler,PHX,66,288,0.615,0.61,-0.0050000000000000044,0.005
2015-16,203953,Jabari Parker,MIL,76,287,0.686,0.599,-0.08700000000000008,0.088
2015-16,201162,Jared Dudley,WAS,81,284,0.613,0.595,-0.018000000000000016,0.018
2015-16,203952,Andrew Wiggins,MIN,81,284,0.62,0.595,-0.025000000000000022,0.024
2015-16,202702,Kenneth Faried,DEN,67,282,0.635,0.595,-0.040000000000000036,0.039
2015-16,101141,Ersan Ilyasova,ORL,74,273,0.63,0.594,-0.03600000000000003,0.036
2015-16,201583,Ryan Anderson,NOP,66,272,0.614,0.593,-0.02100000000000002,0.021
2015-16,2736,Luol Deng,MIA,74,270,0.648,0.6,-0.04800000000000004,0.048
2015-16,1626163,Frank Kaminsky,CHA,80,263,0.574,0.591,0.017000000000000015,-0.016
2015-16,201600,Omer Asik,NOP,67,262,0.573,0.604,0.031000000000000028,-0.032
2015-16,2561,David West,SAS,78,256,0.559,0.588,0.028999999999999915,-0.03
2015-16,203141,Mirza Teletovic,PHX,78,255,0.659,0.594,-0.06500000000000006,0.065
2015-16,202720,Jon Leuer,PHX,66,254,0.587,0.591,0.0040000000000000036,-0.004
2015-16,203089,John Henson,MIL,57,253,0.462,0.594,0.13199999999999995,-0.132
2015-16,2594,Kyle Korver,ATL,80,252,0.627,0.595,-0.03200000000000003,0.032
2015-16,202331,Paul George,IND,81,251,0.637,0.601,-0.03600000000000003,0.037
2015-16,200752,Rudy Gay,SAC,69,249,0.663,0.602,-0.061000000000000054,0.061
2015-16,203115,Will Barton,DEN,82,246,0.598,0.596,-0.0020000000000000018,0.001
2015-16,201145,Jeff Green,LAC,80,245,0.571,0.589,0.018000000000000016,-0.017
2015-16,202699,Tobias Harris,DET,75,244,0.607,0.601,-0.006000000000000005,0.006
2015-16,202329,Al-Farouq Aminu,POR,82,238,0.58,0.607,0.027000000000000024,-0.027
2015-16,201589,Darrell Arthur,DEN,70,238,0.563,0.603,0.040000000000000036,-0.04
2015-16,201142,Kevin Durant,OKC,72,235,0.583,0.601,0.018000000000000016,-0.018
2015-16,202703,Nikola Mirotic,CHI,66,233,0.635,0.598,-0.03700000000000003,0.038
2015-16,202710,Jimmy Butler III,CHI,67,233,0.605,0.6,-0.0050000000000000044,0.005
2015-16,201160,Jason Smith,ORL,75,233,0.541,0.593,0.051999999999999935,-0.052
2015-16,202332,Cole Aldrich,LAC,58,233,0.579,0.59,0.01100000000000001,-0.01
2015-16,202691,Klay Thompson,GSW,80,233,0.635,0.6,-0.03500000000000003,0.035
2015-16,1626156,D'Angelo Russell,LAL,79,232,0.737,0.595,-0.14200000000000002,0.142
2015-16,203482,Kelly Olynyk,BOS,68,229,0.607,0.589,-0.018000000000000016,0.018
2015-16,203932,Aaron Gordon,ORL,77,228,0.561,0.59,0.028999999999999915,-0.029
2015-16,201980,Danny Green,SAS,79,227,0.555,0.592,0.03699999999999992,-0.037
2015-16,202730,Lavoy Allen,IND,79,224,0.571,0.598,0.027000000000000024,-0.027
2015-16,202323,Evan Turner,BOS,80,221,0.633,0.602,-0.031000000000000028,0.032
2015-16,202397,Ish Smith,PHI,73,220,0.686,0.588,-0.09800000000000009,0.099
2015-16,202704,Reggie Jackson,DET,79,218,0.716,0.588,-0.128,0.127
2015-16,203101,Miles Plumlee,MIL,56,217,0.548,0.611,0.06299999999999994,-0.063
2015-16,1626159,Justise Winslow,MIA,78,217,0.59,0.591,0.0010000000000000009,-0.002
2015-16,203903,Jordan Clarkson,LAL,79,214,0.724,0.6,-0.124,0.125
2015-16,203506,Victor Oladipo,ORL,71,214,0.636,0.598,-0.038000000000000034,0.037
2015-16,202693,Markieff Morris,WAS,64,213,0.606,0.601,-0.0050000000000000044,0.005
2015-16,203105,Festus Ezeli,GSW,46,212,0.514,0.59,0.07599999999999996,-0.076
2015-16,2547,Chris Bosh,MIA,53,212,0.594,0.6,0.006000000000000005,-0.006
2015-16,201956,Omri Casspi,SAC,68,210,0.681,0.603,-0.07800000000000007,0.078
2015-16,202335,Patrick Patterson,TOR,78,209,0.565,0.588,0.02300000000000002,-0.023
2015-16,200768,Kyle Lowry,TOR,76,207,0.691,0.597,-0.09399999999999997,0.094
2015-16,202711,Bojan Bogdanovic,BKN,79,206,0.767,0.606,-0.16100000000000003,0.161
2015-16,101138,Brandon Bass,LAL,64,206,0.636,0.589,-0.04700000000000004,0.047
2015-16,1626161,Willie Cauley-Stein,SAC,65,206,0.573,0.591,0.018000000000000016,-0.018
2015-16,202694,Marcus Morris Sr.,DET,80,205,0.639,0.599,-0.040000000000000036,0.04
2015-16,2403,Nene,WAS,56,205,0.59,0.588,-0.0020000000000000018,0.002
2015-16,202325,Wesley Johnson,LAC,80,202,0.584,0.592,0.008000000000000007,-0.008
2015-16,2564,Boris Diaw,SAS,76,202,0.579,0.59,0.01100000000000001,-0.011
2015-16,2440,Matt Barnes,MEM,76,199,0.658,0.596,-0.062000000000000055,0.063
2015-16,2772,Trevor Ariza,HOU,80,199,0.678,0.599,-0.07900000000000007,0.079
2015-16,203124,Kyle O'Quinn,NYK,61,198,0.52,0.585,0.06499999999999995,-0.065
2015-16,203086,Meyers Leonard,POR,60,198,0.581,0.603,0.02200000000000002,-0.022
2015-16,1626144,Emmanuel Mudiay,DEN,68,196,0.633,0.595,-0.038000000000000034,0.037
2015-16,203901,Elfrid Payton,ORL,72,196,0.658,0.589,-0.06900000000000006,0.069
2015-16,101112,Channing Frye,CLE,68,196,0.582,0.601,0.019000000000000017,-0.019
2015-16,202695,Kawhi Leonard,SAS,72,196,0.51,0.598,0.08799999999999997,-0.087
2015-16,203080,Thomas Robinson,BKN,67,195,0.544,0.596,0.051999999999999935,-0.052
2015-16,202357,Nemanja Bjelica,MIN,60,195,0.615,0.587,-0.028000000000000025,0.029
2015-16,201967,Dante Cunningham,NOP,78,191,0.66,0.606,-0.05400000000000005,0.054
2015-16,202689,Kemba Walker,CHA,81,191,0.691,0.592,-0.09899999999999998,0.099
2015-16,1626164,Devin Booker,PHX,73,190,0.637,0.591,-0.04600000000000004,0.046
2015-16,201578,Marreese Speights,GSW,71,190,0.574,0.598,0.02400000000000002,-0.024
2015-16,203496,Robert Covington,PHI,67,190,0.642,0.605,-0.03700000000000003,0.037
2015-16,202322,John Wall,WAS,77,189,0.624,0.594,-0.030000000000000027,0.03
2015-16,2207,Joe Johnson,MIA,81,188,0.729,0.599,-0.13,0.129
2015-16,203918,Rodney Hood,UTA,79,188,0.649,0.597,-0.052000000000000046,0.052
2015-16,203109,Jae Crowder,BOS,72,187,0.679,0.595,-0.08400000000000007,0.084
2015-16,203481,Jeff Withey,UTA,48,185,0.465,0.594,0.12899999999999995,-0.129
2015-16,2546,Carmelo Anthony,NYK,71,184,0.663,0.602,-0.061000000000000054,0.061
2015-16,1626168,Trey Lyles,UTA,76,183,0.601,0.586,-0.015000000000000013,0.015
2015-16,203138,Hollis Thompson,PHI,77,183,0.65,0.601,-0.049000000000000044,0.049
2015-16,101181,Jose Calderon,NYK,72,182,0.725,0.598,-0.127,0.127
2015-16,203084,Harrison Barnes,GSW,66,181,0.608,0.611,0.0030000000000000027,-0.003
2015-16,201937,Ricky Rubio,MIN,76,181,0.729,0.597,-0.132,0.132
2015-16,202344,Trevor Booker,UTA,77,181,0.641,0.596,-0.04500000000000004,0.045
2015-16,203939,Dwight Powell,DAL,65,180,0.561,0.598,0.03699999999999992,-0.037
2015-16,202709,Cory Joseph,TOR,79,179,0.564,0.585,0.02100000000000002,-0.021
2015-16,201150,Spencer Hawes,CHA,57,178,0.579,0.588,0.009000000000000008,-0.009
2015-16,2449,Luis Scola,TOR,75,178,0.584,0.606,0.02200000000000002,-0.021
2015-16,203114,Khris Middleton,MIL,79,176,0.682,0.603,-0.07900000000000007,0.079
2015-16,201976,Patrick Beverley,HOU,71,176,0.602,0.6,-0.0020000000000000018,0.002
2015-16,203093,Terrence Jones,HOU,49,176,0.585,0.59,0.0050000000000000044,-0.004
2015-16,200782,P.J. Tucker,PHX,82,175,0.6,0.597,-0.0030000000000000027,0.003
2015-16,201587,Nicolas Batum,CHA,70,174,0.649,0.602,-0.04700000000000004,0.047
2015-16,201582,Alexis Ajinca,NOP,56,173,0.561,0.595,0.03399999999999992,-0.035
2015-16,2544,LeBron James,CLE,76,173,0.509,0.594,0.08499999999999996,-0.085
2015-16,204038,Langston Galloway,NYK,82,172,0.605,0.58,-0.025000000000000022,0.025
2015-16,203210,JaMychal Green,MEM,78,171,0.526,0.594,0.06799999999999995,-0.067
2015-16,203530,Joffrey Lauvergne,DEN,58,171,0.585,0.592,0.007000000000000006,-0.008
2015-16,203092,Tyler Zeller,BOS,58,170,0.535,0.594,0.05899999999999994,-0.059
2015-16,201609,Goran Dragic,MIA,72,168,0.619,0.596,-0.02300000000000002,0.023
2015-16,201566,Russell Westbrook,OKC,80,167,0.653,0.599,-0.05400000000000005,0.054
2015-16,203490,Otto Porter Jr.,WAS,75,166,0.675,0.597,-0.07800000000000007,0.078
2015-16,203468,CJ McCollum,POR,80,166,0.627,0.592,-0.03500000000000003,0.034
2015-16,203943,Noah Vonleh,POR,77,165,0.582,0.596,0.014000000000000012,-0.014
2015-16,203081,Damian Lillard,POR,75,164,0.665,0.591,-0.07400000000000007,0.074
2015-16,203095,Evan Fournier,ORL,78,164,0.677,0.602,-0.07500000000000007,0.074
2015-16,1626171,Bobby Portis,CHI,61,163,0.583,0.591,0.008000000000000007,-0.008
2015-16,2746,Josh Smith,HOU,55,162,0.537,0.605,0.06799999999999995,-0.067
2015-16,203917,Nik Stauskas,PHI,72,162,0.586,0.592,0.006000000000000005,-0.006
2015-16,203473,Dewayne Dedmon,ORL,50,162,0.537,0.6,0.06299999999999994,-0.063
2015-16,101135,David Lee,DAL,52,161,0.584,0.586,0.0020000000000000018,-0.002
2015-16,2744,Al Jefferson,CHA,47,160,0.638,0.599,-0.039000000000000035,0.038
2015-16,203079,Dion Waiters,OKC,78,160,0.563,0.588,0.025000000000000022,-0.025
2015-16,201933,Blake Griffin,LAC,35,159,0.597,0.594,-0.0030000000000000027,0.004
2015-16,203484,Kentavious Caldwell-Pope,DET,76,159,0.597,0.597,0.0,0.001
2015-16,201229,Anthony Tolliver,DET,69,159,0.591,0.604,0.013000000000000012,-0.013
2015-16,202066,Garrett Temple,WAS,79,158,0.57,0.591,0.02100000000000002,-0.021
2015-16,201588,George Hill,IND,74,158,0.684,0.589,-0.09500000000000008,0.094
2015-16,203460,Andre Roberson,OKC,70,157,0.592,0.594,0.0020000000000000018,-0.001
2015-16,101108,Chris Paul,LAC,74,156,0.692,0.592,-0.09999999999999998,0.1
2015-16,1626204,Larry Nance Jr.,LAL,63,156,0.635,0.61,-0.025000000000000022,0.024
2015-16,2405,Amar'e Stoudemire,MIA,50,155,0.529,0.588,0.05899999999999994,-0.059
2015-16,202330,Gordon Hayward,UTA,80,154,0.591,0.594,0.0030000000000000027,-0.004
2015-16,202391,Jeremy Lin,CHA,78,154,0.526,0.591,0.06499999999999995,-0.065
2015-16,203487,Michael Carter-Williams,MIL,54,153,0.608,0.595,-0.013000000000000012,0.013
2015-16,1718,Paul Pierce,LAC,68,152,0.599,0.6,0.0010000000000000009,-0.001
2015-16,201942,DeMar DeRozan,TOR,77,151,0.669,0.608,-0.061000000000000054,0.061
2015-16,201939,Stephen Curry,GSW,79,151,0.656,0.591,-0.06500000000000006,0.065
2015-16,203499,Shane Larkin,BKN,77,151,0.656,0.583,-0.07300000000000006,0.073
2015-16,203488,Mike Muscala,ATL,52,151,0.53,0.598,0.06799999999999995,-0.068
2015-16,203914,Gary Harris,DEN,76,150,0.653,0.605,-0.04800000000000004,0.048
2015-16,201565,Derrick Rose,CHI,66,149,0.705,0.591,-0.11399999999999999,0.114
2015-16,201147,Corey Brewer,HOU,82,149,0.691,0.595,-0.09599999999999997,0.097
2015-16,2743,Kris Humphries,ATL,53,146,0.555,0.602,0.04699999999999993,-0.047
2015-16,101139,CJ Miles,IND,64,145,0.538,0.596,0.05799999999999994,-0.058
2015-16,201584,Courtney Lee,CHA,79,144,0.653,0.594,-0.05900000000000005,0.059
2015-16,203926,Doug McDermott,CHI,81,143,0.734,0.594,-0.14,0.14
2015-16,203521,Matthew Dellavedova,CLE,76,140,0.664,0.583,-0.08100000000000007,0.082
2015-16,201950,Jrue Holiday,NOP,65,140,0.729,0.594,-0.135,0.135
2015-16,200765,Rajon Rondo,SAC,71,139,0.734,0.591,-0.14300000000000002,0.143
2015-16,101109,Raymond Felton,DAL,80,139,0.655,0.594,-0.061000000000000054,0.061
2015-16,201973,Jonas Jerebko,BOS,74,138,0.601,0.587,-0.014000000000000012,0.015
2015-16,2733,Shaun Livingston,GSW,77,138,0.659,0.597,-0.062000000000000055,0.063
2015-16,2548,Dwyane Wade,MIA,74,135,0.607,0.602,-0.0050000000000000044,0.005
2015-16,203897,Zach LaVine,MIN,82,135,0.748,0.597,-0.15100000000000002,0.151
2015-16,202083,Wesley Matthews,DAL,78,135,0.711,0.594,-0.11699999999999999,0.117
2015-16,203145,Kent Bazemore,ATL,75,134,0.582,0.601,0.019000000000000017,-0.019
2015-16,202713,Kyle Singler,OKC,64,134,0.664,0.596,-0.06800000000000006,0.068
2015-16,200757,Thabo Sefolosha,ATL,75,133,0.647,0.606,-0.041000000000000036,0.04
2015-16,203112,Quincy Acy,SAC,56,133,0.556,0.595,0.038999999999999924,-0.038
2015-16,203094,Andrew Nicholson,ORL,52,132,0.591,0.596,0.0050000000000000044,-0.005
2015-16,101145,Monta Ellis,IND,81,132,0.682,0.591,-0.09100000000000008,0.09
2015-16,204456,T.J. McConnell,PHI,79,132,0.682,0.583,-0.09900000000000009,0.099
2015-16,203498,Shabazz Muhammad,MIN,82,131,0.618,0.587,-0.031000000000000028,0.031
2015-16,203090,Maurice Harkless,POR,74,131,0.611,0.581,-0.030000000000000027,0.03
2015-16,101114,Deron Williams,DAL,65,131,0.733,0.581,-0.15200000000000002,0.151
2015-16,203463,Ben McLemore,SAC,67,131,0.679,0.595,-0.08400000000000007,0.084
2015-16,101150,Lou Williams,LAL,67,130,0.692,0.594,-0.09799999999999998,0.098
2015-16,201568,Danilo Gallinari,DEN,53,130,0.669,0.598,-0.07100000000000006,0.071
2015-16,1626209,Mario Hezonja,ORL,74,129,0.651,0.594,-0.05700000000000005,0.058
2015-16,1626158,Richaun Holmes,PHI,50,129,0.535,0.593,0.05799999999999994,-0.058
2015-16,203477,Isaiah Canaan,PHI,76,128,0.688,0.58,-0.10799999999999998,0.107
2015-16,201144,Mike Conley,MEM,56,128,0.578,0.586,0.008000000000000007,-0.008
2015-16,202340,Avery Bradley,BOS,75,128,0.641,0.596,-0.04500000000000004,0.045
2015-16,202738,Isaiah Thomas,BOS,81,126,0.714,0.597,-0.11699999999999999,0.117
2015-16,203960,JaKarr Sampson,DEN,72,124,0.589,0.591,0.0020000000000000018,-0.002
2015-16,2738,Andre Iguodala,GSW,65,124,0.653,0.608,-0.04500000000000004,0.045
2015-16,200755,JJ Redick,LAC,74,124,0.685,0.597,-0.08800000000000008,0.089
2015-16,202681,Kyrie Irving,CLE,53,122,0.656,0.586,-0.07000000000000006,0.07
2015-16,203082,Terrence Ross,TOR,72,122,0.582,0.598,0.016000000000000014,-0.016
2015-16,202388,Donald Sloan,BKN,59,122,0.754,0.58,-0.17400000000000004,0.174
2015-16,201158,Marco Belinelli,SAC,67,121,0.727,0.605,-0.122,0.122
2015-16,202087,Alonzo Gee,NOP,72,121,0.661,0.593,-0.06800000000000006,0.068
2015-16,202338,Kevin Seraphin,NYK,46,121,0.496,0.597,0.10099999999999998,-0.101
2015-16,2419,Tayshaun Prince,MIN,74,120,0.567,0.596,0.029000000000000026,-0.029
2015-16,201961,Wayne Ellington,BKN,76,119,0.748,0.603,-0.14500000000000002,0.145
2015-16,203459,Allen Crabbe,POR,81,119,0.605,0.6,-0.0050000000000000044,0.005
2015-16,202734,E'Twaun Moore,CHI,58,119,0.538,0.591,0.052999999999999936,-0.053
2015-16,201575,Brandon Rush,GSW,68,118,0.627,0.6,-0.027000000000000024,0.027
2015-16,2747,JR Smith,CLE,77,117,0.632,0.599,-0.03300000000000003,0.034
2015-16,203994,Jusuf Nurkić,DEN,31,117,0.632,0.59,-0.04200000000000004,0.042
2015-16,203118,Mike Scott,ATL,73,117,0.564,0.588,0.02400000000000002,-0.024
2015-16,2555,Nick Collison,OKC,59,113,0.504,0.583,0.07899999999999996,-0.078
2015-16,1626246,Boban Marjanovic,SAS,49,113,0.504,0.596,0.09199999999999997,-0.091
2015-16,203503,Tony Snell,CHI,64,113,0.54,0.598,0.05799999999999994,-0.058
2015-16,1626170,Jerian Grant,NYK,72,113,0.69,0.593,-0.09699999999999998,0.097
2015-16,203526,Raul Neto,UTA,81,112,0.58,0.585,0.0050000000000000044,-0.005
2015-16,1626169,Stanley Johnson,DET,72,111,0.577,0.599,0.02200000000000002,-0.023
2015-16,201167,Arron Afflalo,NYK,71,111,0.703,0.596,-0.10699999999999998,0.106
2015-16,201951,Ty Lawson,IND,63,111,0.748,0.598,-0.15000000000000002,0.15
2015-16,203200,Justin Holiday,CHI,47,111,0.532,0.598,0.06599999999999995,-0.066
2015-16,202688,Brandon Knight,PHX,52,110,0.718,0.595,-0.123,0.123
2015-16,101123,Gerald Green,MIA,69,109,0.56,0.59,0.029999999999999916,-0.03
2015-16,202718,Chandler Parsons,DAL,61,109,0.633,0.589,-0.04400000000000004,0.044
2015-16,977,Kobe Bryant,LAL,66,108,0.713,0.609,-0.10399999999999998,0.104
2015-16,1626196,Josh Richardson,MIA,47,107,0.598,0.584,-0.014000000000000012,0.014
2015-16,203471,Dennis Schröder,ATL,79,107,0.561,0.599,0.03799999999999992,-0.038
2015-16,203078,Bradley Beal,WAS,54,107,0.701,0.594,-0.10699999999999998,0.107
2015-16,201601,Luc Mbah a Moute,LAC,66,105,0.6,0.599,-0.0010000000000000009,0.001
2015-16,1626257,Salah Mejri,DAL,31,105,0.429,0.597,0.16799999999999998,-0.169
2015-16,203462,Archie Goodwin,PHX,55,104,0.721,0.587,-0.134,0.135
2015-16,200751,Randy Foye,OKC,80,103,0.602,0.586,-0.016000000000000014,0.016
2015-16,2037,Jamal Crawford,LAC,79,103,0.67,0.594,-0.07600000000000007,0.076
2015-16,202337,Luke Babbitt,NOP,42,103,0.68,0.598,-0.08200000000000007,0.082
2015-16,201168,Tiago Splitter,ATL,36,103,0.563,0.593,0.030000000000000027,-0.03
2015-16,203900,Markel Brown,BKN,55,102,0.637,0.601,-0.03600000000000003,0.036
2015-16,201171,Carl Landry,PHI,34,102,0.618,0.593,-0.025000000000000022,0.024
2015-16,201952,Jeff Teague,ATL,79,101,0.673,0.596,-0.07700000000000007,0.077
2015-16,2225,Tony Parker,SAS,72,101,0.653,0.589,-0.06400000000000006,0.064
2015-16,204028,Tarik Black,LAL,38,101,0.574,0.608,0.03400000000000003,-0.034
2015-16,201149,Joakim Noah,CHI,29,101,0.634,0.585,-0.049000000000000044,0.048
2015-16,203186,Willie Reed,BKN,37,101,0.584,0.589,0.0050000000000000044,-0.005
2015-16,2760,Anderson Varejao,GSW,49,100,0.66,0.59,-0.07000000000000006,0.07
2015-16,202682,Derrick Williams,NYK,77,97,0.68,0.593,-0.08700000000000008,0.088
2015-16,201196,Ramon Sessions,WAS,82,96,0.688,0.586,-0.10199999999999998,0.101
2015-16,201988,Patty Mills,SAS,81,96,0.771,0.584,-0.18700000000000006,0.187
2015-16,708,Kevin Garnett,MIN,38,96,0.615,0.592,-0.02300000000000002,0.023
2015-16,203948,Johnny O'Bryant III,MIL,62,95,0.642,0.595,-0.04700000000000004,0.047
2015-16,202700,Donatas Motiejunas,HOU,36,95,0.653,0.598,-0.05500000000000005,0.055
2015-16,202339,Eric Bledsoe,PHX,31,94,0.649,0.584,-0.06500000000000006,0.065
2015-16,201954,Darren Collison,SAC,73,93,0.753,0.602,-0.15100000000000002,0.151
2015-16,2570,Kendrick Perkins,NOP,37,93,0.634,0.609,-0.025000000000000022,0.026
2015-16,203524,Solomon Hill,IND,50,93,0.634,0.592,-0.04200000000000004,0.043
2015-16,1626178,Rondae Hollis-Jefferson,BKN,29,93,0.57,0.614,0.04400000000000004,-0.044
2015-16,203937,Kyle Anderson,SAS,72,92,0.63,0.585,-0.04500000000000004,0.045
2015-16,201573,Jerryd Bayless,MIL,52,91,0.604,0.596,-0.008000000000000007,0.008
2015-16,2754,Tony Allen,MEM,64,91,0.659,0.594,-0.06500000000000006,0.065
2015-16,201574,Jason Thompson,TOR,44,91,0.549,0.58,0.030999999999999917,-0.03
2015-16,200745,Andrea Bargnani,BKN,45,91,0.725,0.594,-0.131,0.131
2015-16,203087,Jeremy Lamb,CHA,66,90,0.622,0.597,-0.025000000000000022,0.025
2015-16,201156,Nick Young,LAL,54,90,0.7,0.599,-0.10099999999999998,0.101
2015-16,203085,Austin Rivers,LAC,66,90,0.511,0.589,0.07799999999999996,-0.078
2015-16,203187,Chris Johnson,UTA,61,89,0.584,0.599,0.015000000000000013,-0.015
2015-16,200797,Ryan Hollins,MEM,34,87,0.529,0.605,0.07599999999999996,-0.076
2015-16,101111,Charlie Villanueva,DAL,52,87,0.644,0.594,-0.050000000000000044,0.05
2015-16,1891,Jason Terry,HOU,71,86,0.802,0.603,-0.19900000000000007,0.199
2015-16,203798,PJ Hairston,MEM,64,86,0.535,0.594,0.05899999999999994,-0.059
2015-16,201580,JaVale McGee,DAL,33,86,0.605,0.587,-0.018000000000000016,0.018
2015-16,203935,Marcus Smart,BOS,61,86,0.581,0.595,0.014000000000000012,-0.014
2015-16,202697,Iman Shumpert,CLE,54,84,0.679,0.611,-0.06800000000000006,0.068
2015-16,201945,Gerald Henderson,POR,70,83,0.482,0.594,0.11199999999999999,-0.112
2015-16,2210,Richard Jefferson,CLE,73,83,0.663,0.591,-0.07200000000000006,0.072
2015-16,1626173,Rashad Vaughn,MIL,67,83,0.687,0.596,-0.09100000000000008,0.091
2015-16,201569,Eric Gordon,NOP,45,82,0.646,0.585,-0.061000000000000054,0.062
2015-16,204020,Tyler Johnson,MIA,36,82,0.524,0.584,0.05999999999999994,-0.06
2015-16,2734,Devin Harris,DAL,64,82,0.732,0.576,-0.15600000000000003,0.156
2015-16,2756,Sasha Vujacic,NYK,53,82,0.646,0.601,-0.04500000000000004,0.045
2015-16,203933,T.J. Warren,PHX,46,82,0.683,0.612,-0.07100000000000006,0.071
2015-16,202498,Lance Thomas,NYK,56,81,0.593,0.61,0.017000000000000015,-0.017
2015-16,204060,Joe Ingles,UTA,76,81,0.704,0.601,-0.10299999999999998,0.102
2015-16,1626162,Kelly Oubre Jr.,WAS,49,79,0.671,0.614,-0.05700000000000005,0.057
2015-16,201977,Marcus Thornton,WAS,60,79,0.646,0.601,-0.04500000000000004,0.045
2015-16,101127,Jarrett Jack,BKN,32,77,0.636,0.601,-0.03500000000000003,0.036
2015-16,202714,Shelvin Mack,UTA,48,77,0.675,0.597,-0.07800000000000007,0.078
2015-16,203940,Adreian Payne,MIN,46,76,0.684,0.606,-0.07800000000000007,0.079
2015-16,201596,Mario Chalmers,MIA,61,76,0.671,0.578,-0.09300000000000008,0.093
2015-16,203504,Trey Burke,UTA,63,76,0.671,0.588,-0.08300000000000007,0.083
2015-16,203156,Henry Sims,BKN,14,76,0.763,0.609,-0.15400000000000003,0.154
2015-16,1713,Vince Carter,MEM,59,76,0.711,0.596,-0.11499999999999999,0.115
2015-16,2365,Chris Andersen,MEM,26,75,0.627,0.594,-0.03300000000000003,0.033
2015-16,201177,Josh McRoberts,MIA,41,74,0.568,0.593,0.025000000000000022,-0.026
2015-16,201571,D.J. Augustin,DEN,62,73,0.795,0.594,-0.20100000000000007,0.201
2015-16,201581,JJ Hickson,WAS,32,73,0.493,0.579,0.08599999999999997,-0.086
2015-16,201166,Aaron Brooks,CHI,69,72,0.653,0.577,-0.07600000000000007,0.076
2015-16,202708,Norris Cole,NOP,45,72,0.736,0.592,-0.14400000000000002,0.144
2015-16,201949,James Johnson,TOR,56,70,0.557,0.608,0.050999999999999934,-0.05
2015-16,201155,Rodney Stuckey,IND,57,69,0.609,0.596,-0.013000000000000012,0.013
2015-16,201627,Anthony Morrow,OKC,60,69,0.681,0.574,-0.1070000000000001,0.107
2015-16,201962,Toney Douglas,NOP,60,69,0.783,0.603,-0.18000000000000005,0.18
2015-16,200826,J.J. Barea,DAL,74,69,0.725,0.586,-0.139,0.139
2015-16,201564,O.J. Mayo,MIL,41,69,0.696,0.598,-0.09799999999999998,0.098
2015-16,2581,Steve Blake,DET,58,67,0.612,0.586,-0.026000000000000023,0.026
2015-16,203135,Robert Sacre,LAL,22,67,0.552,0.6,0.04799999999999993,-0.048
2015-16,201936,Tyreke Evans,NOP,25,67,0.657,0.602,-0.05500000000000005,0.055
2015-16,202692,Alec Burks,UTA,31,65,0.723,0.607,-0.11599999999999999,0.116
2015-16,203512,Lucas Nogueira,TOR,25,65,0.462,0.589,0.12699999999999995,-0.127
2015-16,203527,Ryan Kelly,LAL,36,65,0.677,0.612,-0.06500000000000006,0.065
2015-16,201563,Michael Beasley,HOU,19,65,0.508,0.596,0.08799999999999997,-0.088
2015-16,202341,James Anderson,SAC,44,65,0.6,0.591,-0.009000000000000008,0.009
2015-16,201960,DeMarre Carroll,TOR,26,63,0.683,0.602,-0.08100000000000007,0.081
2015-16,203143,Pablo Prigioni,LAC,57,63,0.794,0.59,-0.20400000000000007,0.204
2015-16,202362,Lance Stephenson,MEM,67,62,0.742,0.592,-0.15000000000000002,0.15
2015-16,201978,Chase Budinger,PHX,61,62,0.629,0.598,-0.031000000000000028,0.031
2015-16,2399,Mike Dunleavy,CHI,31,62,0.629,0.617,-0.01200000000000001,0.012
2015-16,1626191,Chris McCullough,BKN,23,60,0.633,0.603,-0.030000000000000027,0.03
2015-16,1626245,Cristiano Felicio,CHI,27,60,0.383,0.58,0.19699999999999995,-0.197
2015-16,1626166,Cameron Payne,OKC,48,60,0.683,0.574,-0.1090000000000001,0.11
2015-16,2755,Kevin Martin,SAS,54,57,0.842,0.602,-0.24,0.24
2015-16,1626273,Marcelo Huertas,LAL,51,56,0.75,0.573,-0.17700000000000005,0.177
2015-16,1626148,Anthony Brown,LAL,27,56,0.714,0.605,-0.10899999999999999,0.109
2015-16,101179,Ronnie Price,PHX,61,55,0.673,0.587,-0.08600000000000008,0.086
2015-16,1626147,Justin Anderson,DAL,46,55,0.527,0.588,0.06099999999999994,-0.061
2015-16,2749,Jameer Nelson,DEN,39,54,0.759,0.597,-0.16200000000000003,0.162
2015-16,1938,Manu Ginobili,SAS,56,53,0.679,0.595,-0.08400000000000007,0.084
2015-16,203546,Ian Clark,GSW,51,53,0.698,0.598,-0.09999999999999998,0.1
2015-16,202390,Gary Neal,WAS,40,53,0.736,0.595,-0.14100000000000001,0.141
2015-16,201943,Brandon Jennings,ORL,48,53,0.642,0.58,-0.062000000000000055,0.062
2015-16,1626181,Norman Powell,TOR,38,51,0.549,0.59,0.040999999999999925,-0.041
2015-16,2757,Beno Udrih,MEM,44,51,0.569,0.57,0.0010000000000000009,-0.001
2015-16,2550,Kirk Hinrich,ATL,42,51,0.725,0.588,-0.137,0.137
2015-16,203613,Jonathon Simmons,SAS,50,50,0.74,0.603,-0.137,0.137
2015-16,1626185,Jarell Martin,MEM,26,50,0.54,0.597,0.05699999999999994,-0.057
2015-16,1897,Metta World Peace,LAL,34,50,0.62,0.599,-0.02100000000000002,0.021
2015-16,2571,Leandro Barbosa,GSW,68,49,0.694,0.599,-0.09499999999999997,0.095
2015-16,203922,Glenn Robinson III,IND,39,49,0.633,0.596,-0.03700000000000003,0.036
2015-16,1626149,Montrezl Harrell,HOU,32,47,0.617,0.581,-0.03600000000000003,0.036
2015-16,201946,Tyler Hansbrough,CHA,35,47,0.532,0.607,0.07499999999999996,-0.075
2015-16,203949,James Michael McAdoo,GSW,34,46,0.739,0.599,-0.14,0.14
2015-16,1626145,Tyus Jones,MIN,36,46,0.761,0.604,-0.15700000000000003,0.157
2015-16,2446,Rasual Butler,SAS,36,46,0.435,0.597,0.16199999999999998,-0.163
2015-16,203552,Seth Curry,SAC,40,45,0.689,0.608,-0.08099999999999996,0.081
2015-16,203930,Sean Kilpatrick,BKN,30,45,0.778,0.592,-0.18600000000000005,0.185
2015-16,2034,Mike Miller,DEN,36,44,0.659,0.58,-0.07900000000000007,0.08
2015-16,203898,Tyler Ennis,MIL,39,44,0.682,0.572,-0.1100000000000001,0.11
2015-16,201228,C.J. Watson,ORL,32,44,0.727,0.597,-0.13,0.131
2015-16,202962,Greg Smith,MIN,18,44,0.682,0.605,-0.07700000000000007,0.077
2015-16,2592,James Jones,CLE,39,43,0.674,0.593,-0.08100000000000007,0.081
2015-16,203501,Tim Hardaway Jr.,ATL,51,43,0.674,0.601,-0.07300000000000006,0.073
2015-16,203508,Sergey Karasev,BKN,35,42,0.667,0.626,-0.041000000000000036,0.04
2015-16,201148,Brandan Wright,MEM,12,41,0.463,0.575,0.11199999999999993,-0.112
2015-16,200811,Lou Amundson,NYK,28,39,0.487,0.592,0.10499999999999998,-0.105
2015-16,1882,Elton Brand,PHI,16,39,0.667,0.584,-0.08300000000000007,0.082
2015-16,204025,Tim Frazier,NOP,39,39,0.641,0.599,-0.04200000000000004,0.042
2015-16,2590,Mo Williams,CLE,36,39,0.641,0.573,-0.06800000000000006,0.068
2015-16,203098,John Jenkins,PHX,36,38,0.737,0.606,-0.131,0.131
2015-16,2400,Drew Gooden,WAS,25,38,0.632,0.582,-0.050000000000000044,0.05
2015-16,202706,Jordan Hamilton,NOP,11,38,0.763,0.593,-0.17000000000000004,0.17
2015-16,1626202,Joe Young,IND,33,37,0.676,0.562,-0.11399999999999999,0.113
2015-16,2588,Matt Bonner,SAS,23,36,0.5,0.571,0.07099999999999995,-0.071
2015-16,202349,Greivis Vasquez,MIL,23,36,0.639,0.603,-0.03600000000000003,0.036
2015-16,202379,Jeremy Evans,DAL,23,35,0.629,0.617,-0.01200000000000001,0.012
2015-16,201971,DeJuan Blair,WAS,23,33,0.606,0.583,-0.02300000000000002,0.023
2015-16,201593,Nikola Pekovic,MIN,12,32,0.656,0.579,-0.07700000000000007,0.077
2015-16,203099,Jared Cunningham,CLE,30,31,0.677,0.58,-0.09700000000000009,0.098
2015-16,203493,Reggie Bullock Jr.,DET,28,30,0.667,0.593,-0.07400000000000007,0.073
2015-16,203934,Lamar Patterson,ATL,32,30,0.767,0.607,-0.16000000000000003,0.16
2015-16,1626174,Christian Wood,PHI,15,30,0.467,0.551,0.08400000000000002,-0.084
2015-16,203123,Kostas Papanikolaou,DEN,23,30,0.667,0.619,-0.04800000000000004,0.048
2015-16,203894,Shabazz Napier,ORL,46,29,0.828,0.601,-0.22699999999999998,0.227
2015-16,203492,Ray McCallum,SAS,28,29,0.552,0.585,0.03299999999999992,-0.034
2015-16,203148,Brian Roberts,POR,44,28,0.643,0.607,-0.03600000000000003,0.036
2015-16,203909,KJ McDaniels,HOU,25,27,0.593,0.588,-0.0050000000000000044,0.005
2015-16,1626253,Axel Toupane,DEN,21,26,0.731,0.604,-0.127,0.127
2015-16,2617,Udonis Haslem,MIA,29,26,0.692,0.576,-0.11599999999999999,0.116
2015-16,204014,Damjan Rudez,MIN,27,26,0.615,0.586,-0.029000000000000026,0.029
2015-16,203584,Troy Daniels,CHA,36,26,0.769,0.568,-0.20100000000000007,0.201
2015-16,1626214,Bryce Dejean-Jones,NOP,12,26,0.462,0.585,0.12299999999999994,-0.123
2015-16,1889,Andre Miller,SAS,35,25,0.8,0.599,-0.20100000000000007,0.201
2015-16,203142,Chris Copeland,MIL,20,24,0.5,0.594,0.09399999999999997,-0.094
2015-16,201202,Joel Anthony,DET,17,24,0.667,0.584,-0.08300000000000007,0.083
2015-16,201603,Sonny Weems,PHX,35,24,0.958,0.6,-0.358,0.359
2015-16,203088,Kendall Marshall,PHI,24,23,0.696,0.584,-0.11199999999999999,0.111
2015-16,1626179,Terry Rozier,BOS,29,23,0.652,0.582,-0.07000000000000006,0.07
2015-16,203077,Michael Kidd-Gilchrist,CHA,7,22,0.545,0.616,0.07099999999999995,-0.07
2015-16,201965,Jeff Ayres,LAC,15,22,0.727,0.553,-0.17399999999999993,0.174
2015-16,1626210,Alan Williams,PHX,7,21,0.381,0.579,0.19799999999999995,-0.199
2015-16,203906,Devyn Marble,ORL,22,21,0.714,0.605,-0.10899999999999999,0.109
2015-16,1627293,Alex Stepheson,MEM,7,21,0.381,0.622,0.241,-0.241
2015-16,1626154,RJ Hunter,BOS,26,20,0.7,0.607,-0.09299999999999997,0.093
2015-16,203996,Damien Inglis,MIL,14,20,0.5,0.609,0.10899999999999999,-0.109
2015-16,202407,Elijah Millsap,UTA,16,18,0.611,0.601,-0.010000000000000009,0.01
2015-16,203923,James Young,BOS,21,18,0.611,0.61,-0.0010000000000000009,0.001
2015-16,1626153,Delon Wright,TOR,18,17,0.529,0.581,0.051999999999999935,-0.051
2015-16,204002,Edy Tavares,ATL,8,17,0.529,0.586,0.05699999999999994,-0.057
2015-16,201619,Sasha Kaun,CLE,15,16,0.375,0.546,0.17100000000000004,-0.171
2015-16,200770,Jordan Farmar,MEM,12,15,0.6,0.6,0.0,0.0
2015-16,2406,Caron Butler,SAC,13,15,0.6,0.606,0.006000000000000005,-0.006
2015-16,101187,Alan Anderson,WAS,12,15,0.8,0.576,-0.2240000000000001,0.224
2015-16,203515,Phil Pressey,POR,20,15,0.867,0.594,-0.273,0.273
2015-16,202353,Tibor Pleiss,UTA,6,15,0.667,0.628,-0.039000000000000035,0.038
2015-16,1626199,Darrun Hilliard,DET,27,15,0.533,0.593,0.05999999999999994,-0.06
2015-16,203516,James Ennis III,NOP,15,15,0.8,0.583,-0.21700000000000008,0.217
2015-16,203921,Cleanthony Early,NYK,11,14,0.5,0.592,0.09199999999999997,-0.092
2015-16,204098,Xavier Munford,MEM,14,14,0.857,0.612,-0.245,0.245
2015-16,203956,Mitch McGary,OKC,13,13,0.615,0.589,-0.026000000000000023,0.026
2015-16,2549,Chris Kaman,POR,15,13,0.538,0.597,0.05899999999999994,-0.058
2015-16,203895,Jordan McRae,CLE,16,13,0.462,0.558,0.09600000000000003,-0.096
2015-16,203928,Cory Jefferson,PHX,5,13,0.538,0.605,0.06699999999999995,-0.066
2015-16,203912,C.J. Wilcox,LAC,18,12,0.583,0.577,-0.006000000000000005,0.006
2015-16,1627362,Briante Weber,MIA,6,12,0.75,0.598,-0.15200000000000002,0.152
2015-16,203961,Eric Moreland,SAC,5,12,0.5,0.565,0.06499999999999995,-0.065
2015-16,1626175,Jordan Mickey,BOS,12,11,0.545,0.627,0.08199999999999996,-0.081
2015-16,203111,Orlando Johnson,NOP,6,11,0.545,0.593,0.04799999999999993,-0.047
2015-16,203946,Cameron Bairstow,DET,15,11,0.273,0.561,0.28800000000000003,-0.289
2015-16,204067,Jarell Eddie,WAS,15,10,0.5,0.605,0.10499999999999998,-0.105
2015-16,101236,Chuck Hayes,LAC,2,10,0.5,0.618,0.118,-0.118
2015-16,200779,Steve Novak,MIL,8,8,0.5,0.549,0.049000000000000044,-0.049
2015-16,203461,Anthony Bennett,TOR,12,8,1.0,0.629,-0.371,0.371
2015-16,203268,Jorge Gutierrez,CHA,10,8,0.625,0.561,-0.06399999999999995,0.064
2015-16,203962,Josh Huestis,OKC,5,8,0.375,0.596,0.22099999999999997,-0.221
2015-16,203485,Lorenzo Brown,DET,8,7,0.714,0.579,-0.135,0.135
2015-16,203998,Bruno Caboclo,TOR,1,6,0.833,0.568,-0.265,0.266
2015-16,1626183,Branden Dawson,LAC,5,6,0.833,0.594,-0.239,0.24
2015-16,1626151,Aaron Harrison,CHA,16,5,0.4,0.607,0.20699999999999996,-0.207
2015-16,203950,Jarnell Stokes,MEM,5,5,0.4,0.595,0.19499999999999995,-0.195
2015-16,203915,Spencer Dinwiddie,CHI,11,5,0.6,0.569,-0.031000000000000028,0.031
2015-16,203963,Shayne Whittington,IND,6,5,0.6,0.587,-0.013000000000000012,0.013
2015-16,1737,Nazr Mohammed,OKC,4,5,0.6,0.531,-0.06899999999999995,0.069
2015-16,202726,Andrew Goudelock,HOU,4,5,0.8,0.592,-0.20800000000000007,0.208
2015-16,203955,Bryce Cotton,MEM,3,5,0.8,0.646,-0.15400000000000003,0.154
2015-16,1626192,Pat Connaughton,POR,19,4,0.5,0.563,0.06299999999999994,-0.063
2015-16,203100,Tony Wroten,NYK,8,3,1.0,0.58,-0.42000000000000004,0.42
2015-16,1626172,Kevon Looney,GSW,5,3,0.667,0.566,-0.10100000000000009,0.101
2015-16,202712,Justin Harper,BKN,2,3,0.0,0.602,0.602,-0.602
2015-16,2563,Dahntay Jones,CLE,1,3,0.333,0.511,0.178,-0.178
2015-16,1626146,Cliff Alexander,POR,6,3,0.667,0.633,-0.03400000000000003,0.033
2015-16,203893,Russ Smith,MEM,8,3,1.0,0.633,-0.367,0.367
2015-16,1626251,Duje Dukan,SAC,1,3,1.0,0.627,-0.373,0.373
2015-16,203925,Joe Harris,CLE,3,3,1.0,0.613,-0.387,0.387
2015-16,201975,Jodie Meeks,DET,3,2,0.5,0.606,0.10599999999999998,-0.106
2015-16,1626242,Luis Montero,POR,6,2,1.0,0.541,-0.45899999999999996,0.459
2015-16,203475,Erick Green,DEN,6,2,0.5,0.54,0.040000000000000036,-0.04
2015-16,203919,Jordan Adams,MEM,2,1,1.0,0.559,-0.44099999999999995,0.441
2015-16,202690,Jimmer Fredette,SAS,5,1,1.0,0.488,-0.512,0.512
2015-16,202343,Elliot Williams,CHA,5,1,1.0,0.641,-0.359,0.359
2015-16,101126,Nate Robinson,NOP,2,1,0.0,0.566,0.566,-0.566
2016-17,203497,Rudy Gobert,UTA,81,651,0.465,0.61,0.14499999999999996,-0.144
2016-17,201577,Robin Lopez,CHI,81,618,0.531,0.612,0.08099999999999996,-0.081
2016-17,1626167,Myles Turner,IND,80,618,0.526,0.608,0.08199999999999996,-0.082
2016-17,101162,Marcin Gortat,WAS,82,542,0.605,0.608,0.0030000000000000027,-0.003
2016-17,203476,Gorgui Dieng,MIN,82,528,0.597,0.602,0.0050000000000000044,-0.005
2016-17,1626157,Karl-Anthony Towns,MIN,82,519,0.605,0.608,0.0030000000000000027,-0.003
2016-17,202355,Hassan Whiteside,MIA,77,500,0.52,0.608,0.08799999999999997,-0.088
2016-17,203999,Nikola Jokić,DEN,72,493,0.623,0.621,-0.0020000000000000018,0.002
2016-17,204001,Kristaps Porziņģis,NYK,66,480,0.517,0.613,0.09599999999999997,-0.096
2016-17,203110,Draymond Green,GSW,76,463,0.488,0.604,0.11599999999999999,-0.116
2016-17,202684,Tristan Thompson,CLE,78,456,0.524,0.605,0.08099999999999996,-0.081
2016-17,203486,Mason Plumlee,DEN,81,453,0.521,0.613,0.09199999999999997,-0.092
2016-17,201599,DeAndre Jordan,LAC,81,441,0.556,0.612,0.05599999999999994,-0.057
2016-17,201586,Serge Ibaka,TOR,79,432,0.581,0.605,0.02400000000000002,-0.024
2016-17,202326,DeMarcus Cousins,NOP,72,430,0.53,0.618,0.08799999999999997,-0.088
2016-17,203500,Steven Adams,OKC,80,428,0.607,0.607,0.0,0.0
2016-17,203076,Anthony Davis,NOP,75,425,0.541,0.619,0.07799999999999996,-0.078
2016-17,202696,Nikola Vučević,ORL,75,422,0.595,0.602,0.007000000000000006,-0.007
2016-17,203991,Clint Capela,HOU,65,422,0.571,0.609,0.038000000000000034,-0.038
2016-17,203083,Andre Drummond,DET,81,413,0.61,0.609,-0.0010000000000000009,0.002
2016-17,202685,Jonas Valančiūnas,TOR,79,407,0.57,0.615,0.04500000000000004,-0.045
2016-17,200794,Paul Millsap,ATL,69,407,0.612,0.61,-0.0020000000000000018,0.002
2016-17,203458,Alex Len,PHX,75,400,0.525,0.613,0.08799999999999997,-0.088
2016-17,202687,Bismack Biyombo,ORL,81,392,0.571,0.605,0.03400000000000003,-0.034
2016-17,201188,Marc Gasol,MEM,74,391,0.537,0.612,0.07499999999999996,-0.075
2016-17,201143,Al Horford,BOS,68,386,0.578,0.604,0.026000000000000023,-0.026
2016-17,203507,Giannis Antetokounmpo,MIL,80,375,0.507,0.614,0.10699999999999998,-0.107
2016-17,101161,Amir Johnson,BOS,80,356,0.52,0.61,0.08999999999999997,-0.09
2016-17,203944,Julius Randle,LAL,74,352,0.619,0.613,-0.006000000000000005,0.006
2016-17,201572,Brook Lopez,BKN,75,351,0.553,0.611,0.05799999999999994,-0.058
2016-17,203994,Jusuf Nurkić,POR,63,349,0.556,0.61,0.05399999999999994,-0.054
2016-17,1626195,Willy Hernangomez,NYK,72,347,0.582,0.608,0.026000000000000023,-0.026
2016-17,2200,Pau Gasol,SAS,63,343,0.557,0.612,0.05499999999999994,-0.055
2016-17,202328,Greg Monroe,MIL,80,339,0.667,0.604,-0.06300000000000006,0.063
2016-17,203952,Andrew Wiggins,MIN,82,334,0.695,0.618,-0.07699999999999996,0.077
2016-17,202693,Markieff Morris,WAS,76,329,0.59,0.606,0.016000000000000014,-0.016
2016-17,201935,James Harden,HOU,81,328,0.686,0.609,-0.07700000000000007,0.077
2016-17,203967,Dario Saric,PHI,81,326,0.583,0.603,0.020000000000000018,-0.021
2016-17,203460,Andre Roberson,OKC,79,326,0.58,0.607,0.027000000000000024,-0.028
2016-17,202683,Enes Freedom,OKC,72,323,0.56,0.604,0.04399999999999993,-0.044
2016-17,201567,Kevin Love,CLE,60,305,0.636,0.608,-0.028000000000000025,0.028
2016-17,101112,Channing Frye,CLE,74,304,0.599,0.609,0.010000000000000009,-0.01
2016-17,200746,LaMarcus Aldridge,SAS,71,301,0.445,0.607,0.16199999999999998,-0.162
2016-17,1626163,Frank Kaminsky,CHA,75,299,0.639,0.611,-0.028000000000000025,0.028
2016-17,203124,Kyle O'Quinn,NYK,79,296,0.503,0.603,0.09999999999999998,-0.099
2016-17,203469,Cody Zeller,CHA,62,293,0.58,0.61,0.030000000000000027,-0.03
2016-17,2585,Zaza Pachulia,GSW,70,292,0.647,0.61,-0.03700000000000003,0.038
2016-17,202699,Tobias Harris,DET,82,286,0.64,0.611,-0.029000000000000026,0.029
2016-17,101141,Ersan Ilyasova,ATL,82,285,0.621,0.609,-0.01200000000000001,0.012
2016-17,201578,Marreese Speights,LAC,82,283,0.64,0.614,-0.026000000000000023,0.026
2016-17,201142,Kevin Durant,GSW,61,283,0.544,0.607,0.06299999999999994,-0.062
2016-17,201583,Ryan Anderson,HOU,72,278,0.662,0.608,-0.05400000000000005,0.054
2016-17,203482,Kelly Olynyk,BOS,75,277,0.625,0.602,-0.02300000000000002,0.023
2016-17,203120,Justin Hamilton,BKN,62,276,0.601,0.617,0.016000000000000014,-0.015
2016-17,2544,LeBron James,CLE,74,273,0.593,0.607,0.014000000000000012,-0.013
2016-17,2730,Dwight Howard,ATL,74,270,0.53,0.608,0.07799999999999996,-0.079
2016-17,203077,Michael Kidd-Gilchrist,CHA,81,269,0.569,0.608,0.039000000000000035,-0.039
2016-17,101107,Marvin Williams,CHA,76,265,0.592,0.607,0.015000000000000013,-0.014
2016-17,1626158,Richaun Holmes,PHI,57,265,0.574,0.609,0.03500000000000003,-0.036
2016-17,202720,Jon Leuer,DET,75,264,0.617,0.6,-0.017000000000000015,0.017
2016-17,1627734,Domantas Sabonis,OKC,81,263,0.544,0.602,0.05799999999999994,-0.059
2016-17,2403,Nene,HOU,67,261,0.67,0.604,-0.06600000000000006,0.066
2016-17,201949,James Johnson,MIA,76,261,0.529,0.605,0.07599999999999996,-0.076
2016-17,201959,Taj Gibson,OKC,78,260,0.527,0.609,0.08199999999999996,-0.082
2016-17,202329,Al-Farouq Aminu,POR,61,260,0.558,0.607,0.04899999999999993,-0.049
2016-17,203089,John Henson,MIL,58,254,0.606,0.611,0.0050000000000000044,-0.005
2016-17,1626143,Jahlil Okafor,PHI,50,254,0.559,0.604,0.04499999999999993,-0.045
2016-17,203457,Nerlens Noel,DAL,51,252,0.536,0.621,0.08499999999999996,-0.086
2016-17,1626178,Rondae Hollis-Jefferson,BKN,77,251,0.622,0.614,-0.008000000000000007,0.007
2016-17,203490,Otto Porter Jr.,WAS,80,250,0.648,0.609,-0.039000000000000035,0.039
2016-17,2216,Zach Randolph,MEM,73,246,0.646,0.607,-0.039000000000000035,0.039
2016-17,201585,Kosta Koufos,SAC,71,244,0.566,0.621,0.05500000000000005,-0.055
2016-17,1717,Dirk Nowitzki,DAL,53,239,0.586,0.619,0.03300000000000003,-0.033
2016-17,2772,Trevor Ariza,HOU,80,238,0.685,0.614,-0.07100000000000006,0.07
2016-17,1626161,Willie Cauley-Stein,SAC,75,237,0.608,0.616,0.008000000000000007,-0.008
2016-17,203086,Meyers Leonard,POR,73,232,0.556,0.602,0.04599999999999993,-0.046
2016-17,1626245,Cristiano Felicio,CHI,66,231,0.606,0.594,-0.01200000000000001,0.012
2016-17,203524,Solomon Hill,NOP,80,230,0.643,0.611,-0.03200000000000003,0.033
2016-17,201163,Wilson Chandler,DEN,70,230,0.517,0.611,0.09399999999999997,-0.094
2016-17,1627737,Marquese Chriss,PHX,80,230,0.617,0.609,-0.008000000000000007,0.008
2016-17,204028,Tarik Black,LAL,67,230,0.574,0.617,0.04300000000000004,-0.043
2016-17,202703,Nikola Mirotic,CHI,70,230,0.53,0.601,0.07099999999999995,-0.07
2016-17,203084,Harrison Barnes,DAL,78,229,0.707,0.608,-0.09899999999999998,0.1
2016-17,203512,Lucas Nogueira,TOR,54,229,0.546,0.605,0.05899999999999994,-0.059
2016-17,202691,Klay Thompson,GSW,78,228,0.618,0.601,-0.017000000000000015,0.017
2016-17,203901,Elfrid Payton,ORL,82,227,0.661,0.587,-0.07400000000000007,0.074
2016-17,2199,Tyson Chandler,PHX,45,225,0.618,0.617,-0.0010000000000000009,0.001
2016-17,1626257,Salah Mejri,DAL,69,224,0.536,0.606,0.06999999999999995,-0.07
2016-17,203473,Dewayne Dedmon,SAS,75,223,0.48,0.601,0.121,-0.121
2016-17,202331,Paul George,IND,74,223,0.664,0.62,-0.04400000000000004,0.044
2016-17,201976,Patrick Beverley,HOU,67,222,0.689,0.6,-0.08899999999999997,0.089
2016-17,101135,David Lee,SAS,78,222,0.55,0.604,0.05399999999999994,-0.054
2016-17,1626204,Larry Nance Jr.,LAL,62,221,0.683,0.607,-0.07600000000000007,0.077
2016-17,203932,Aaron Gordon,ORL,80,220,0.609,0.61,0.0010000000000000009,-0.001
2016-17,202710,Jimmy Butler III,CHI,76,219,0.644,0.609,-0.03500000000000003,0.035
2016-17,203488,Mike Muscala,ATL,68,218,0.509,0.607,0.09799999999999998,-0.098
2016-17,204020,Tyler Johnson,MIA,73,218,0.56,0.577,0.016999999999999904,-0.017
2016-17,203939,Dwight Powell,DAL,74,218,0.665,0.605,-0.06000000000000005,0.06
2016-17,203382,Aron Baynes,DET,74,218,0.509,0.61,0.10099999999999998,-0.1
2016-17,201980,Danny Green,SAS,67,216,0.611,0.608,-0.0030000000000000027,0.003
2016-17,202389,Timofey Mozgov,LAL,54,215,0.558,0.603,0.04499999999999993,-0.045
2016-17,203093,Terrence Jones,MIL,51,215,0.605,0.603,-0.0020000000000000018,0.002
2016-17,202344,Trevor Booker,BKN,70,214,0.575,0.614,0.039000000000000035,-0.039
2016-17,1626164,Devin Booker,PHX,76,212,0.604,0.602,-0.0020000000000000018,0.002
2016-17,203090,Maurice Harkless,POR,77,212,0.509,0.613,0.10399999999999998,-0.103
2016-17,2546,Carmelo Anthony,NYK,74,211,0.626,0.618,-0.008000000000000007,0.008
2016-17,202339,Eric Bledsoe,PHX,64,211,0.654,0.594,-0.06000000000000005,0.06
2016-17,203506,Victor Oladipo,OKC,67,211,0.645,0.601,-0.04400000000000004,0.044
2016-17,201933,Blake Griffin,LAC,61,211,0.649,0.615,-0.03400000000000003,0.034
2016-17,201152,Thaddeus Young,IND,73,210,0.619,0.603,-0.016000000000000014,0.016
2016-17,201967,Dante Cunningham,NOP,66,208,0.606,0.609,0.0030000000000000027,-0.004
2016-17,203186,Willie Reed,MIA,70,208,0.538,0.608,0.06999999999999995,-0.069
2016-17,203496,Robert Covington,PHI,67,208,0.606,0.601,-0.0050000000000000044,0.005
2016-17,202324,Derrick Favors,UTA,50,207,0.565,0.605,0.040000000000000036,-0.039
2016-17,201609,Goran Dragic,MIA,73,206,0.592,0.582,-0.010000000000000009,0.01
2016-17,201580,JaVale McGee,GSW,76,206,0.519,0.594,0.07499999999999996,-0.075
2016-17,201229,Anthony Tolliver,SAC,64,205,0.615,0.609,-0.006000000000000005,0.005
2016-17,203468,CJ McCollum,POR,80,205,0.566,0.588,0.02200000000000002,-0.022
2016-17,201149,Joakim Noah,NYK,46,204,0.613,0.618,0.0050000000000000044,-0.005
2016-17,201160,Jason Smith,WAS,73,204,0.578,0.605,0.027000000000000024,-0.027
2016-17,1627826,Ivica Zubac,LAL,36,202,0.564,0.621,0.05700000000000005,-0.057
2016-17,202681,Kyrie Irving,CLE,72,200,0.7,0.604,-0.09599999999999997,0.096
2016-17,203943,Noah Vonleh,POR,72,200,0.505,0.606,0.10099999999999998,-0.101
2016-17,1627741,Buddy Hield,SAC,81,197,0.721,0.606,-0.11499999999999999,0.115
2016-17,1626149,Montrezl Harrell,HOU,57,197,0.629,0.61,-0.019000000000000017,0.019
2016-17,203954,Joel Embiid,PHI,31,197,0.437,0.611,0.174,-0.175
2016-17,201960,DeMarre Carroll,TOR,71,194,0.603,0.616,0.013000000000000012,-0.012
2016-17,202695,Kawhi Leonard,SAS,73,193,0.627,0.609,-0.018000000000000016,0.018
2016-17,202357,Nemanja Bjelica,MIN,63,193,0.565,0.602,0.03700000000000003,-0.037
2016-17,203081,Damian Lillard,POR,75,192,0.651,0.593,-0.05800000000000005,0.058
2016-17,201144,Mike Conley,MEM,69,192,0.698,0.598,-0.09999999999999998,0.1
2016-17,203210,JaMychal Green,MEM,77,191,0.55,0.613,0.06299999999999994,-0.063
2016-17,203078,Bradley Beal,WAS,77,189,0.698,0.605,-0.09299999999999997,0.093
2016-17,201162,Jared Dudley,PHX,64,189,0.534,0.606,0.07199999999999995,-0.072
2016-17,203924,Jerami Grant,OKC,78,188,0.527,0.609,0.08199999999999996,-0.082
2016-17,201587,Nicolas Batum,CHA,77,186,0.608,0.61,0.0020000000000000018,-0.002
2016-17,202711,Bojan Bogdanovic,WAS,80,186,0.64,0.606,-0.03400000000000003,0.034
2016-17,1626155,Sam Dekker,HOU,77,185,0.573,0.608,0.03500000000000003,-0.035
2016-17,2440,Matt Barnes,GSW,74,184,0.728,0.613,-0.11499999999999999,0.115
2016-17,1627742,Brandon Ingram,LAL,78,182,0.665,0.618,-0.04700000000000004,0.047
2016-17,202694,Marcus Morris Sr.,DET,79,181,0.591,0.615,0.02400000000000002,-0.024
2016-17,203917,Nik Stauskas,PHI,80,181,0.702,0.607,-0.09499999999999997,0.094
2016-17,1627763,Malcolm Brogdon,MIL,75,180,0.689,0.599,-0.08999999999999997,0.09
2016-17,202734,E'Twaun Moore,NOP,73,180,0.639,0.614,-0.025000000000000022,0.025
2016-17,2561,David West,GSW,68,180,0.544,0.606,0.061999999999999944,-0.061
2016-17,202335,Patrick Patterson,TOR,65,179,0.553,0.607,0.05399999999999994,-0.054
2016-17,1626168,Trey Lyles,UTA,70,177,0.559,0.604,0.04499999999999993,-0.044
2016-17,201566,Russell Westbrook,OKC,80,177,0.678,0.604,-0.07400000000000007,0.074
2016-17,201145,Jeff Green,ORL,69,176,0.676,0.614,-0.062000000000000055,0.062
2016-17,1626210,Alan Williams,PHX,40,174,0.511,0.608,0.09699999999999998,-0.097
2016-17,201584,Courtney Lee,NYK,77,174,0.724,0.612,-0.11199999999999999,0.112
2016-17,201937,Ricky Rubio,MIN,75,173,0.694,0.612,-0.08199999999999996,0.082
2016-17,202689,Kemba Walker,CHA,79,173,0.659,0.594,-0.06500000000000006,0.065
2016-17,201568,Danilo Gallinari,DEN,62,172,0.698,0.599,-0.09899999999999998,0.098
2016-17,201973,Jonas Jerebko,BOS,78,172,0.605,0.608,0.0030000000000000027,-0.004
2016-17,202322,John Wall,WAS,78,171,0.585,0.593,0.008000000000000007,-0.008
2016-17,2594,Kyle Korver,CLE,67,171,0.655,0.62,-0.03500000000000003,0.035
2016-17,200782,P.J. Tucker,TOR,79,170,0.653,0.608,-0.04500000000000004,0.045
2016-17,201952,Jeff Teague,IND,81,169,0.686,0.596,-0.09000000000000008,0.09
2016-17,203585,Rodney McGruder,MIA,77,167,0.677,0.607,-0.07000000000000006,0.07
2016-17,202702,Kenneth Faried,DEN,60,166,0.657,0.604,-0.05300000000000005,0.053
2016-17,203935,Marcus Smart,BOS,79,165,0.606,0.609,0.0030000000000000027,-0.003
2016-17,2564,Boris Diaw,UTA,72,165,0.63,0.603,-0.027000000000000024,0.027
2016-17,2736,Luol Deng,LAL,56,164,0.683,0.605,-0.07800000000000007,0.078
2016-17,201601,Luc Mbah a Moute,LAC,80,164,0.628,0.605,-0.02300000000000002,0.023
2016-17,202709,Cory Joseph,TOR,79,163,0.644,0.589,-0.05500000000000005,0.055
2016-17,203082,Terrence Ross,ORL,77,163,0.724,0.6,-0.124,0.124
2016-17,203095,Evan Fournier,ORL,68,162,0.605,0.608,0.0030000000000000027,-0.003
2016-17,2738,Andre Iguodala,GSW,76,162,0.623,0.606,-0.017000000000000015,0.018
2016-17,203503,Tony Snell,MIL,80,162,0.623,0.599,-0.02400000000000002,0.024
2016-17,1627785,Isaiah Whitehead,BKN,73,160,0.581,0.591,0.010000000000000009,-0.01
2016-17,202330,Gordon Hayward,UTA,73,159,0.61,0.596,-0.014000000000000012,0.014
2016-17,1627783,Pascal Siakam,TOR,53,159,0.553,0.601,0.04799999999999993,-0.047
2016-17,202397,Ish Smith,DET,81,158,0.646,0.594,-0.052000000000000046,0.051
2016-17,201150,Spencer Hawes,MIL,50,158,0.608,0.608,0.0,0.0
2016-17,203109,Jae Crowder,BOS,72,157,0.65,0.615,-0.03500000000000003,0.034
2016-17,200768,Kyle Lowry,TOR,59,156,0.692,0.596,-0.09599999999999997,0.096
2016-17,201569,Eric Gordon,HOU,75,156,0.66,0.611,-0.049000000000000044,0.05
2016-17,201950,Jrue Holiday,NOP,67,155,0.652,0.603,-0.049000000000000044,0.049
2016-17,201565,Derrick Rose,NYK,64,155,0.671,0.613,-0.05800000000000005,0.058
2016-17,1627748,Thon Maker,MIL,51,154,0.558,0.63,0.07199999999999995,-0.072
2016-17,203903,Jordan Clarkson,LAL,82,153,0.745,0.608,-0.137,0.137
2016-17,1627827,Dorian Finney-Smith,DAL,78,153,0.66,0.598,-0.062000000000000055,0.062
2016-17,203926,Doug McDermott,OKC,65,152,0.632,0.607,-0.025000000000000022,0.025
2016-17,203933,T.J. Warren,PHX,63,149,0.644,0.614,-0.030000000000000027,0.03
2016-17,203200,Justin Holiday,NYK,82,148,0.662,0.61,-0.052000000000000046,0.053
2016-17,201942,DeMar DeRozan,TOR,73,148,0.689,0.602,-0.08699999999999997,0.087
2016-17,2210,Richard Jefferson,CLE,79,147,0.667,0.59,-0.07700000000000007,0.076
2016-17,1626171,Bobby Portis,CHI,63,147,0.619,0.602,-0.017000000000000015,0.017
2016-17,202337,Luke Babbitt,MIA,65,146,0.616,0.606,-0.010000000000000009,0.01
2016-17,203145,Kent Bazemore,ATL,73,146,0.534,0.6,0.06599999999999995,-0.066
2016-17,202697,Iman Shumpert,CLE,76,145,0.628,0.6,-0.028000000000000025,0.028
2016-17,200755,JJ Redick,LAC,78,145,0.738,0.609,-0.129,0.129
2016-17,202340,Avery Bradley,BOS,55,145,0.71,0.603,-0.10699999999999998,0.107
2016-17,1626162,Kelly Oubre Jr.,WAS,76,145,0.662,0.61,-0.052000000000000046,0.052
2016-17,203115,Will Barton,DEN,59,143,0.622,0.602,-0.020000000000000018,0.021
2016-17,203953,Jabari Parker,MIL,51,142,0.57,0.614,0.04400000000000004,-0.043
2016-17,201579,Roy Hibbert,DEN,46,142,0.479,0.6,0.121,-0.121
2016-17,101108,Chris Paul,LAC,61,141,0.752,0.614,-0.138,0.137
2016-17,202323,Evan Turner,POR,65,140,0.579,0.609,0.030000000000000027,-0.03
2016-17,203471,Dennis Schröder,ATL,79,140,0.586,0.597,0.01100000000000001,-0.011
2016-17,203481,Jeff Withey,UTA,46,140,0.564,0.613,0.049000000000000044,-0.049
2016-17,201939,Stephen Curry,GSW,79,139,0.698,0.592,-0.10599999999999998,0.105
2016-17,1626196,Josh Richardson,MIA,53,139,0.532,0.586,0.05399999999999994,-0.053
2016-17,203141,Mirza Teletovic,MIL,70,139,0.633,0.6,-0.03300000000000003,0.033
2016-17,101150,Lou Williams,HOU,81,139,0.712,0.599,-0.11299999999999999,0.113
2016-17,203521,Matthew Dellavedova,MIL,76,138,0.645,0.596,-0.049000000000000044,0.049
2016-17,1627750,Jamal Murray,DEN,81,138,0.688,0.602,-0.08599999999999997,0.086
2016-17,203085,Austin Rivers,LAC,74,137,0.606,0.604,-0.0020000000000000018,0.002
2016-17,202738,Isaiah Thomas,BOS,76,137,0.737,0.599,-0.138,0.139
2016-17,202722,Davis Bertans,SAS,57,136,0.581,0.595,0.014000000000000012,-0.014
2016-17,202334,Ed Davis,POR,44,136,0.529,0.603,0.07399999999999995,-0.074
2016-17,202066,Garrett Temple,SAC,65,135,0.681,0.602,-0.07900000000000007,0.079
2016-17,203930,Sean Kilpatrick,BKN,69,134,0.739,0.609,-0.13,0.13
2016-17,200765,Rajon Rondo,CHI,69,134,0.746,0.605,-0.14100000000000001,0.141
2016-17,203922,Glenn Robinson III,IND,66,133,0.534,0.599,0.06499999999999995,-0.066
2016-17,203484,Kentavious Caldwell-Pope,DET,76,132,0.705,0.598,-0.10699999999999998,0.106
2016-17,204456,T.J. McConnell,PHI,81,132,0.689,0.588,-0.10099999999999998,0.102
2016-17,2744,Al Jefferson,IND,63,132,0.621,0.607,-0.014000000000000012,0.015
2016-17,1627739,Kris Dunn,MIN,78,131,0.565,0.603,0.038000000000000034,-0.038
2016-17,1626156,D'Angelo Russell,LAL,62,131,0.748,0.613,-0.135,0.135
2016-17,203516,James Ennis III,MEM,63,130,0.638,0.613,-0.025000000000000022,0.026
2016-17,2754,Tony Allen,MEM,70,130,0.638,0.623,-0.015000000000000013,0.015
2016-17,202332,Cole Aldrich,MIN,58,129,0.643,0.611,-0.03200000000000003,0.033
2016-17,1627751,Jakob Poeltl,TOR,48,129,0.566,0.596,0.030000000000000027,-0.03
2016-17,1713,Vince Carter,MEM,73,128,0.586,0.611,0.025000000000000022,-0.025
2016-17,2743,Kris Humphries,ATL,51,127,0.543,0.598,0.05499999999999994,-0.054
2016-17,203530,Joffrey Lauvergne,CHI,66,127,0.669,0.609,-0.06000000000000005,0.06
2016-17,201582,Alexis Ajinca,NOP,39,126,0.643,0.608,-0.03500000000000003,0.035
2016-17,203079,Dion Waiters,MIA,46,124,0.565,0.602,0.03700000000000003,-0.038
2016-17,200757,Thabo Sefolosha,ATL,62,124,0.669,0.621,-0.04800000000000004,0.048
2016-17,203925,Joe Harris,BKN,51,123,0.675,0.618,-0.05700000000000005,0.057
2016-17,101133,Ian Mahinmi,WAS,31,123,0.537,0.599,0.061999999999999944,-0.063
2016-17,1627789,Timothe Luwawu-Cabarrot,PHI,68,122,0.598,0.602,0.0040000000000000036,-0.004
2016-17,203501,Tim Hardaway Jr.,ATL,78,122,0.598,0.595,-0.0030000000000000027,0.003
2016-17,2037,Jamal Crawford,LAC,82,121,0.694,0.593,-0.10099999999999998,0.101
2016-17,2207,Joe Johnson,UTA,78,119,0.664,0.599,-0.06500000000000006,0.065
2016-17,1627775,Patrick McCaw,GSW,65,119,0.689,0.61,-0.07899999999999996,0.079
2016-17,202325,Wesley Johnson,LAC,65,119,0.605,0.588,-0.017000000000000015,0.017
2016-17,201945,Gerald Henderson,PHI,71,118,0.678,0.607,-0.07100000000000006,0.071
2016-17,202083,Wesley Matthews,DAL,72,117,0.701,0.614,-0.08699999999999997,0.087
2016-17,101109,Raymond Felton,LAC,80,115,0.678,0.595,-0.08300000000000007,0.084
2016-17,202730,Lavoy Allen,IND,57,115,0.539,0.612,0.07299999999999995,-0.073
2016-17,203552,Seth Curry,DAL,69,114,0.693,0.608,-0.08499999999999996,0.085
2016-17,1627746,Skal Labissiere,SAC,30,114,0.649,0.61,-0.039000000000000035,0.039
2016-17,201156,Nick Young,LAL,60,114,0.772,0.601,-0.17100000000000004,0.171
2016-17,204025,Tim Frazier,NOP,65,114,0.684,0.597,-0.08700000000000008,0.088
2016-17,2548,Dwyane Wade,CHI,60,114,0.702,0.603,-0.09899999999999998,0.099
2016-17,1627823,Juancho Hernangomez,DEN,54,112,0.625,0.623,-0.0020000000000000018,0.002
2016-17,203518,Alex Abrines,OKC,65,111,0.595,0.605,0.010000000000000009,-0.01
2016-17,203613,Jonathon Simmons,SAS,74,111,0.685,0.597,-0.08800000000000008,0.087
2016-17,1626150,Andrew Harrison,MEM,68,111,0.64,0.58,-0.06000000000000005,0.06
2016-17,203918,Rodney Hood,UTA,59,111,0.631,0.591,-0.040000000000000036,0.039
2016-17,201961,Wayne Ellington,MIA,62,110,0.645,0.603,-0.04200000000000004,0.043
2016-17,203949,James Michael McAdoo,GSW,47,110,0.573,0.591,0.018000000000000016,-0.018
2016-17,1626144,Emmanuel Mudiay,DEN,53,109,0.752,0.586,-0.16600000000000004,0.166
2016-17,203092,Tyler Zeller,BOS,47,109,0.55,0.612,0.061999999999999944,-0.062
2016-17,1626147,Justin Anderson,PHI,66,108,0.62,0.602,-0.018000000000000016,0.018
2016-17,101145,Monta Ellis,IND,73,108,0.704,0.609,-0.09499999999999997,0.095
2016-17,203459,Allen Crabbe,POR,79,108,0.731,0.595,-0.136,0.136
2016-17,101106,Andrew Bogut,CLE,27,107,0.579,0.615,0.03600000000000003,-0.036
2016-17,201147,Corey Brewer,LAL,82,107,0.729,0.606,-0.123,0.123
2016-17,204060,Joe Ingles,UTA,80,106,0.632,0.615,-0.017000000000000015,0.017
2016-17,201563,Michael Beasley,MIL,55,106,0.594,0.601,0.007000000000000006,-0.006
2016-17,203087,Jeremy Lamb,CHA,61,106,0.717,0.61,-0.10699999999999998,0.107
2016-17,101114,Deron Williams,CLE,62,106,0.708,0.603,-0.10499999999999998,0.105
2016-17,200751,Randy Foye,BKN,67,104,0.596,0.613,0.017000000000000015,-0.017
2016-17,1627835,Paul Zipser,CHI,41,104,0.644,0.594,-0.050000000000000044,0.051
2016-17,1627752,Taurean Prince,ATL,57,104,0.577,0.611,0.03400000000000003,-0.034
2016-17,201600,Omer Asik,NOP,31,103,0.612,0.607,-0.0050000000000000044,0.005
2016-17,203584,Troy Daniels,MEM,65,103,0.621,0.608,-0.013000000000000012,0.014
2016-17,201943,Brandon Jennings,WAS,81,102,0.755,0.597,-0.15800000000000003,0.158
2016-17,1627759,Jaylen Brown,BOS,77,101,0.584,0.607,0.02300000000000002,-0.023
2016-17,202704,Reggie Jackson,DET,52,101,0.604,0.593,-0.01100000000000001,0.011
2016-17,201588,George Hill,UTA,49,101,0.673,0.607,-0.06600000000000006,0.067
2016-17,203937,Kyle Anderson,SAS,61,101,0.554,0.591,0.03699999999999992,-0.037
2016-17,2733,Shaun Livingston,GSW,76,100,0.65,0.602,-0.04800000000000004,0.048
2016-17,203101,Miles Plumlee,CHA,41,99,0.545,0.608,0.06299999999999994,-0.062
2016-17,202391,Jeremy Lin,BKN,35,98,0.561,0.597,0.03599999999999992,-0.036
2016-17,201589,Darrell Arthur,DEN,40,97,0.577,0.588,0.01100000000000001,-0.01
2016-17,2225,Tony Parker,SAS,62,96,0.656,0.589,-0.06700000000000006,0.068
2016-17,1627747,Caris LeVert,BKN,56,96,0.604,0.612,0.008000000000000007,-0.008
2016-17,200752,Rudy Gay,SAC,30,94,0.564,0.602,0.038000000000000034,-0.039
2016-17,203080,Thomas Robinson,LAL,45,94,0.638,0.621,-0.017000000000000015,0.017
2016-17,2749,Jameer Nelson,DEN,74,94,0.745,0.617,-0.128,0.128
2016-17,201158,Marco Belinelli,CHA,74,94,0.798,0.617,-0.18100000000000005,0.18
2016-17,201571,D.J. Augustin,ORL,78,93,0.699,0.596,-0.10299999999999998,0.103
2016-17,101139,CJ Miles,IND,75,92,0.652,0.622,-0.030000000000000027,0.03
2016-17,1626181,Norman Powell,TOR,69,92,0.728,0.602,-0.126,0.126
2016-17,201988,Patty Mills,SAS,80,91,0.736,0.598,-0.138,0.139
2016-17,203897,Zach LaVine,MIN,47,90,0.733,0.613,-0.12,0.121
2016-17,1627758,Ron Baker,NYK,48,90,0.533,0.592,0.05899999999999994,-0.059
2016-17,204038,Langston Galloway,SAC,72,89,0.629,0.602,-0.027000000000000024,0.027
2016-17,201951,Ty Lawson,SAC,69,89,0.708,0.591,-0.11699999999999999,0.117
2016-17,201167,Arron Afflalo,SAC,61,88,0.75,0.614,-0.136,0.136
2016-17,1626170,Jerian Grant,CHI,60,88,0.614,0.609,-0.0050000000000000044,0.005
2016-17,203902,Semaj Christon,OKC,61,88,0.682,0.577,-0.1050000000000001,0.105
2016-17,203463,Ben McLemore,SAC,59,88,0.648,0.603,-0.04500000000000004,0.044
2016-17,201575,Brandon Rush,MIN,43,87,0.609,0.61,0.0010000000000000009,-0.001
2016-17,203957,Dante Exum,UTA,65,86,0.581,0.595,0.014000000000000012,-0.014
2016-17,202714,Shelvin Mack,UTA,54,85,0.635,0.605,-0.030000000000000027,0.031
2016-17,202338,Kevin Seraphin,IND,43,85,0.482,0.622,0.14,-0.14
2016-17,203914,Gary Harris,DEN,55,84,0.69,0.597,-0.09299999999999997,0.093
2016-17,203107,Tomas Satoransky,WAS,54,84,0.536,0.58,0.04399999999999993,-0.044
2016-17,203915,Spencer Dinwiddie,BKN,57,83,0.614,0.595,-0.019000000000000017,0.02
2016-17,1626179,Terry Rozier,BOS,72,83,0.675,0.597,-0.07800000000000007,0.078
2016-17,202688,Brandon Knight,PHX,53,82,0.695,0.592,-0.10299999999999998,0.103
2016-17,203498,Shabazz Muhammad,MIN,77,82,0.61,0.634,0.02400000000000002,-0.024
2016-17,1627851,Mindaugas Kuzminskas,NYK,64,81,0.679,0.611,-0.06800000000000006,0.068
2016-17,1627756,Denzel Valentine,CHI,55,80,0.575,0.605,0.030000000000000027,-0.03
2016-17,203487,Michael Carter-Williams,CHI,44,79,0.481,0.603,0.122,-0.122
2016-17,1626209,Mario Hezonja,ORL,59,78,0.564,0.624,0.06000000000000005,-0.06
2016-17,202700,Donatas Motiejunas,NOP,34,78,0.692,0.61,-0.08199999999999996,0.083
2016-17,201954,Darren Collison,SAC,68,77,0.701,0.593,-0.10799999999999998,0.108
2016-17,1627834,Georgios Papagiannis,SAC,21,77,0.597,0.618,0.02100000000000002,-0.021
2016-17,1627733,Dragan Bender,PHX,39,77,0.61,0.609,-0.0010000000000000009,0.001
2016-17,201936,Tyreke Evans,SAC,40,76,0.671,0.597,-0.07400000000000007,0.074
2016-17,2747,JR Smith,CLE,41,75,0.693,0.608,-0.08499999999999996,0.085
2016-17,1626172,Kevon Looney,GSW,50,74,0.541,0.585,0.04399999999999993,-0.044
2016-17,202732,DeAndre Liggins,DAL,49,73,0.699,0.599,-0.09999999999999998,0.1
2016-17,1627855,Okaro White,MIA,32,73,0.63,0.607,-0.02300000000000002,0.023
2016-17,201956,Omri Casspi,MIN,35,73,0.685,0.616,-0.06900000000000006,0.069
2016-17,1938,Manu Ginobili,SAS,67,72,0.597,0.608,0.01100000000000001,-0.011
2016-17,202682,Derrick Williams,CLE,46,72,0.708,0.613,-0.09499999999999997,0.095
2016-17,1627812,Yogi Ferrell,DAL,46,72,0.764,0.601,-0.16300000000000003,0.163
2016-17,201148,Brandan Wright,MEM,26,71,0.535,0.585,0.04999999999999993,-0.05
2016-17,203114,Khris Middleton,MIL,29,70,0.657,0.597,-0.06000000000000005,0.06
2016-17,203112,Quincy Acy,BKN,36,70,0.6,0.605,0.0050000000000000044,-0.005
2016-17,1626169,Stanley Johnson,DET,71,70,0.529,0.603,0.07399999999999995,-0.075
2016-17,1626185,Jarell Martin,MEM,41,69,0.609,0.59,-0.019000000000000017,0.019
2016-17,2449,Luis Scola,BKN,34,69,0.609,0.613,0.0040000000000000036,-0.004
2016-17,203546,Ian Clark,GSW,72,69,0.812,0.6,-0.21200000000000008,0.212
2016-17,101138,Brandon Bass,LAC,48,68,0.691,0.606,-0.08499999999999996,0.085
2016-17,200771,Sergio Rodriguez,PHI,68,68,0.809,0.565,-0.2440000000000001,0.244
2016-17,1627098,Malcolm Delaney,ATL,70,68,0.779,0.603,-0.17600000000000005,0.177
2016-17,1891,Jason Terry,MIL,74,66,0.697,0.597,-0.09999999999999998,0.1
2016-17,1626159,Justise Winslow,MIA,18,66,0.606,0.621,0.015000000000000013,-0.015
2016-17,203094,Andrew Nicholson,BKN,37,63,0.619,0.588,-0.031000000000000028,0.031
2016-17,2592,James Jones,CLE,36,62,0.532,0.595,0.06299999999999994,-0.063
2016-17,201166,Aaron Brooks,IND,61,61,0.738,0.607,-0.131,0.131
2016-17,1627884,Derrick Jones Jr.,PHX,29,61,0.639,0.601,-0.038000000000000034,0.038
2016-17,1627848,Shawn Long,PHI,17,61,0.607,0.609,0.0020000000000000018,-0.002
2016-17,2399,Mike Dunleavy,ATL,53,60,0.55,0.608,0.05799999999999994,-0.058
2016-17,201177,Josh McRoberts,MIA,22,59,0.644,0.603,-0.041000000000000036,0.041
2016-17,2734,Devin Harris,DAL,63,59,0.729,0.614,-0.11499999999999999,0.115
2016-17,202498,Lance Thomas,NYK,45,59,0.61,0.612,0.0020000000000000018,-0.001
2016-17,1627852,Nicolas Brussino,DAL,40,59,0.627,0.615,-0.01200000000000001,0.012
2016-17,203138,Hollis Thompson,NOP,40,57,0.667,0.622,-0.04500000000000004,0.045
2016-17,201228,C.J. Watson,ORL,56,54,0.833,0.612,-0.22099999999999997,0.222
2016-17,1626246,Boban Marjanovic,DET,29,54,0.426,0.585,0.15899999999999997,-0.159
2016-17,1626173,Rashad Vaughn,MIL,34,54,0.593,0.594,0.0010000000000000009,-0.001
2016-17,1627755,Tyler Ulis,PHX,54,53,0.698,0.608,-0.08999999999999997,0.091
2016-17,201627,Anthony Morrow,CHI,40,53,0.604,0.608,0.0040000000000000036,-0.004
2016-17,1626176,Rakeem Christmas,IND,20,51,0.627,0.621,-0.006000000000000005,0.006
2016-17,202692,Alec Burks,UTA,40,50,0.62,0.61,-0.010000000000000009,0.01
2016-17,1626254,Maurice Ndour,NYK,25,50,0.58,0.594,0.014000000000000012,-0.014
2016-17,2571,Leandro Barbosa,PHX,58,49,0.673,0.614,-0.05900000000000005,0.059
2016-17,101123,Gerald Green,BOS,43,48,0.75,0.601,-0.14900000000000002,0.149
2016-17,1627738,Deyonta Davis,MEM,27,48,0.417,0.598,0.181,-0.181
2016-17,201975,Jodie Meeks,ORL,36,47,0.617,0.6,-0.017000000000000015,0.017
2016-17,1627850,Marshall Plumlee,NYK,15,46,0.652,0.591,-0.061000000000000054,0.061
2016-17,203504,Trey Burke,WAS,53,46,0.739,0.596,-0.14300000000000002,0.144
2016-17,1627786,Troy Williams,HOU,25,44,0.523,0.616,0.09299999999999997,-0.093
2016-17,2756,Sasha Vujacic,NYK,32,43,0.674,0.591,-0.08300000000000007,0.083
2016-17,1628021,David Nwaba,LAL,19,43,0.698,0.63,-0.06799999999999995,0.067
2016-17,203898,Tyler Ennis,LAL,44,43,0.651,0.602,-0.049000000000000044,0.05
2016-17,202718,Chandler Parsons,MEM,34,42,0.69,0.604,-0.08599999999999997,0.087
2016-17,203909,KJ McDaniels,BKN,40,42,0.595,0.6,0.0050000000000000044,-0.005
2016-17,101181,Jose Calderon,ATL,37,42,0.833,0.613,-0.21999999999999997,0.221
2016-17,202713,Kyle Singler,OKC,28,42,0.619,0.622,0.0030000000000000027,-0.003
2016-17,1627735,Wade Baldwin IV,MEM,29,41,0.61,0.578,-0.03200000000000003,0.032
2016-17,1626153,Delon Wright,TOR,26,41,0.61,0.59,-0.020000000000000018,0.02
2016-17,201155,Rodney Stuckey,IND,38,41,0.659,0.611,-0.04800000000000004,0.048
2016-17,203895,Jordan McRae,CLE,31,39,0.615,0.584,-0.031000000000000028,0.031
2016-17,1626145,Tyus Jones,MIN,49,38,0.842,0.595,-0.247,0.248
2016-17,1626166,Cameron Payne,CHI,30,37,0.73,0.582,-0.14800000000000002,0.148
2016-17,201196,Ramon Sessions,CHA,50,37,0.595,0.575,-0.020000000000000018,0.019
2016-17,1627749,Dejounte Murray,SAS,30,37,0.703,0.603,-0.09999999999999998,0.099
2016-17,1627767,Cheick Diallo,NOP,15,36,0.778,0.618,-0.16000000000000003,0.16
2016-17,1627773,AJ Hammons,DAL,17,35,0.486,0.609,0.123,-0.124
2016-17,202348,Jordan Crawford,NOP,19,34,0.765,0.603,-0.16200000000000003,0.162
2016-17,2365,Chris Andersen,CLE,12,33,0.545,0.629,0.08399999999999996,-0.083
2016-17,1627757,Stephen Zimmerman,ORL,17,32,0.688,0.625,-0.06299999999999994,0.063
2016-17,200826,J.J. Barea,DAL,34,32,0.75,0.62,-0.13,0.13
2016-17,2757,Beno Udrih,DET,35,31,0.71,0.567,-0.14300000000000002,0.143
2016-17,203477,Isaiah Canaan,CHI,33,31,0.71,0.581,-0.129,0.129
2016-17,204014,Damjan Rudez,ORL,34,30,0.8,0.624,-0.17600000000000005,0.177
2016-17,1626192,Pat Connaughton,POR,32,29,0.586,0.625,0.039000000000000035,-0.039
2016-17,1718,Paul Pierce,LAC,25,29,0.69,0.619,-0.07099999999999995,0.071
2016-17,1626273,Marcelo Huertas,LAL,22,29,0.862,0.588,-0.274,0.274
2016-17,1626175,Jordan Mickey,BOS,17,29,0.724,0.603,-0.121,0.122
2016-17,203526,Raul Neto,UTA,32,29,0.586,0.585,-0.0010000000000000009,0.001
2016-17,203461,Anthony Bennett,BKN,19,29,0.759,0.609,-0.15000000000000002,0.15
2016-17,1626184,Chasson Randle,NYK,24,28,0.643,0.594,-0.049000000000000044,0.049
2016-17,1627761,DeAndre' Bembry,ATL,30,27,0.63,0.611,-0.019000000000000017,0.019
2016-17,1626199,Darrun Hilliard,DET,28,27,0.63,0.592,-0.038000000000000034,0.038
2016-17,203148,Brian Roberts,CHA,39,26,0.731,0.587,-0.14400000000000002,0.144
2016-17,201202,Joel Anthony,SAS,13,26,0.538,0.578,0.039999999999999925,-0.04
2016-17,1627815,Sheldon Mac,WAS,22,25,0.64,0.594,-0.04600000000000004,0.046
2016-17,2555,Nick Collison,OKC,19,25,0.52,0.593,0.07299999999999995,-0.073
2016-17,201977,Marcus Thornton,WAS,33,25,0.56,0.61,0.04999999999999993,-0.05
2016-17,203493,Reggie Bullock Jr.,DET,27,24,0.625,0.579,-0.04600000000000004,0.046
2016-17,203923,James Young,BOS,23,24,0.667,0.591,-0.07600000000000007,0.075
2016-17,2760,Anderson Varejao,GSW,13,22,0.591,0.586,-0.0050000000000000044,0.005
2016-17,1897,Metta World Peace,LAL,18,22,0.773,0.65,-0.123,0.122
2016-17,101187,Alan Anderson,LAC,29,22,0.864,0.611,-0.253,0.253
2016-17,203940,Adreian Payne,MIN,17,22,0.591,0.591,0.0,0.0
2016-17,1627774,Jake Layman,POR,28,22,0.591,0.592,0.0010000000000000009,-0.001
2016-17,1627770,Kay Felder,CLE,35,21,0.619,0.555,-0.06399999999999995,0.064
2016-17,1627854,Bryn Forbes,SAS,22,21,0.667,0.589,-0.07800000000000007,0.077
2016-17,2617,Udonis Haslem,MIA,14,21,0.714,0.598,-0.11599999999999999,0.117
2016-17,1627832,Fred VanVleet,TOR,20,19,0.684,0.561,-0.123,0.123
2016-17,1627879,Nicolas Laprovittola,SAS,16,19,0.737,0.612,-0.125,0.124
2016-17,201962,Toney Douglas,MEM,22,18,0.611,0.597,-0.014000000000000012,0.015
2016-17,203912,C.J. Wilcox,ORL,19,18,0.722,0.624,-0.09799999999999998,0.098
2016-17,1627740,Henry Ellenson,DET,17,18,0.5,0.586,0.08599999999999997,-0.086
2016-17,203527,Ryan Kelly,ATL,14,18,0.667,0.609,-0.05800000000000005,0.058
2016-17,203462,Archie Goodwin,BKN,15,18,0.556,0.59,0.03399999999999992,-0.034
2016-17,203894,Shabazz Napier,POR,40,17,0.706,0.603,-0.10299999999999998,0.103
2016-17,1627782,Wayne Selden,MEM,12,16,0.563,0.576,0.013000000000000012,-0.013
2016-17,1627745,Damian Jones,GSW,9,16,0.438,0.62,0.182,-0.183
2016-17,202362,Lance Stephenson,IND,17,15,0.467,0.584,0.11699999999999994,-0.117
2016-17,1626148,Anthony Brown,ORL,11,15,0.667,0.575,-0.09200000000000008,0.091
2016-17,201168,Tiago Splitter,PHI,8,15,0.533,0.583,0.04999999999999993,-0.049
2016-17,1626780,Jonathan Gibson,DAL,15,15,0.8,0.564,-0.2360000000000001,0.236
2016-17,203118,Mike Scott,ATL,17,14,0.5,0.571,0.07099999999999995,-0.071
2016-17,1627849,Daniel Ochefu,WAS,10,14,0.714,0.621,-0.09299999999999997,0.094
2016-17,203948,Johnny O'Bryant III,CHA,8,14,0.714,0.631,-0.08299999999999996,0.084
2016-17,203096,Jared Sullinger,TOR,11,13,0.385,0.572,0.18699999999999994,-0.187
2016-17,1627781,Malachi Richardson,SAC,20,13,0.846,0.618,-0.22799999999999998,0.228
2016-17,1626191,Chris McCullough,WAS,12,13,0.615,0.539,-0.07599999999999996,0.076
2016-17,204002,Edy Tavares,CLE,2,13,0.462,0.52,0.057999999999999996,-0.058
2016-17,1627362,Briante Weber,CHA,17,12,0.833,0.58,-0.253,0.253
2016-17,1626174,Christian Wood,CHA,12,12,0.833,0.604,-0.22899999999999998,0.23
2016-17,201941,Jordan Hill,MIN,6,11,0.636,0.548,-0.08799999999999997,0.088
2016-17,1627816,Alex Poythress,PHI,6,11,0.545,0.621,0.07599999999999996,-0.075
2016-17,1626203,Treveon Graham,CHA,23,11,0.818,0.588,-0.22999999999999998,0.231
2016-17,1627762,Joel Bolomboy,UTA,7,10,0.5,0.637,0.137,-0.137
2016-17,1627780,Gary Payton II,MIL,5,10,0.5,0.652,0.15200000000000002,-0.152
2016-17,1627736,Malik Beasley,DEN,14,10,0.8,0.64,-0.16000000000000003,0.16
2016-17,1627778,Chinanu Onuaku,HOU,5,9,0.889,0.647,-0.242,0.242
2016-17,202708,Norris Cole,OKC,9,9,0.889,0.619,-0.27,0.27
2016-17,1626202,Joe Young,IND,21,8,1.0,0.618,-0.382,0.382
2016-17,101179,Ronnie Price,PHX,10,8,0.625,0.62,-0.0050000000000000044,0.005
2016-17,202130,Reggie Williams,NOP,6,8,0.625,0.631,0.006000000000000005,-0.006
2016-17,1626188,Quinn Cook,NOP,10,7,0.857,0.653,-0.20399999999999996,0.204
2016-17,1627787,Kyle Wiltjer,HOU,11,7,0.429,0.569,0.13999999999999996,-0.14
2016-17,201628,Bobby Brown,HOU,13,7,0.857,0.622,-0.235,0.235
2016-17,202712,Justin Harper,PHI,3,6,0.5,0.583,0.08299999999999996,-0.083
2016-17,204067,Jarell Eddie,PHX,5,6,0.5,0.595,0.09499999999999997,-0.095
2016-17,1627784,Jarrod Uthoff,DAL,7,6,0.833,0.59,-0.243,0.244
2016-17,1627744,Brice Johnson,LAC,3,5,0.6,0.673,0.07300000000000006,-0.073
2016-17,1627777,Georges Niang,IND,12,5,0.6,0.574,-0.026000000000000023,0.026
2016-17,203962,Josh Huestis,OKC,2,5,0.6,0.573,-0.027000000000000024,0.027
2016-17,1626151,Aaron Harrison,CHA,4,5,0.6,0.432,-0.16799999999999998,0.168
2016-17,201573,Jerryd Bayless,PHI,3,5,0.8,0.599,-0.20100000000000007,0.201
2016-17,202620,Arinze Onuaku,ORL,4,5,0.8,0.612,-0.18800000000000006,0.188
2016-17,1627754,Diamond Stone,LAC,5,5,0.6,0.532,-0.06799999999999995,0.068
2016-17,2034,Mike Miller,DEN,13,5,0.6,0.67,0.07000000000000006,-0.07
2016-17,203934,Lamar Patterson,ATL,5,5,0.6,0.608,0.008000000000000007,-0.008
2016-17,1627817,Tim Quarterman,POR,12,4,0.5,0.583,0.08299999999999996,-0.083
2016-17,1627819,Isaiah Taylor,HOU,4,4,0.75,0.59,-0.16000000000000003,0.16
2016-17,1627861,Mike Tobey,CHA,2,4,0.0,0.557,0.557,-0.557
2016-17,202087,Alonzo Gee,DEN,10,4,0.5,0.57,0.06999999999999995,-0.07
2016-17,1627875,Marcus Georges-Hunt,ORL,4,3,1.0,0.629,-0.371,0.371
2016-17,203510,Pierre Jackson,DAL,6,3,1.0,0.643,-0.357,0.357
2016-17,1626253,Axel Toupane,NOP,4,3,0.333,0.625,0.292,-0.292
2016-17,202390,Gary Neal,ATL,2,2,1.0,0.638,-0.362,0.362
2016-17,1627791,Ben Bentil,DAL,2,2,0.5,0.661,0.16100000000000003,-0.161
2016-17,1627743,Demetrius Jackson,BOS,3,2,0.5,0.605,0.10499999999999998,-0.105
2016-17,202336,Larry Sanders,CLE,5,2,0.5,0.486,-0.014000000000000012,0.015
2016-17,200779,Steve Novak,MIL,4,2,1.0,0.706,-0.29400000000000004,0.294
2016-17,101127,Jarrett Jack,NOP,2,2,1.0,0.529,-0.471,0.471
2016-17,202412,Manny Harris,DAL,3,2,1.0,0.604,-0.396,0.396
2016-17,203098,John Jenkins,PHX,3,2,1.0,0.571,-0.42900000000000005,0.429
2016-17,202407,Elijah Millsap,PHX,2,2,1.0,0.612,-0.388,0.388
2016-17,1627771,Michael Gbinije,DET,4,1,1.0,0.644,-0.356,0.356
2016-17,203998,Bruno Caboclo,TOR,5,1,0.0,0.714,0.714,-0.714
2016-17,1627868,Patricio Garino,ORL,4,1,1.0,0.663,-0.33699999999999997,0.337
2016-17,202349,Greivis Vasquez,BKN,3,1,0.0,0.555,0.555,-0.555
2016-17,200770,Jordan Farmar,SAC,2,1,1.0,0.538,-0.46199999999999997,0.462
2017-18,203999,Nikola Jokić,DEN,75,596,0.641,0.617,-0.02400000000000002,0.023
2017-18,1626157,Karl-Anthony Towns,MIN,82,588,0.611,0.616,0.0050000000000000044,-0.006
2017-18,203083,Andre Drummond,DET,78,553,0.599,0.62,0.02100000000000002,-0.021
2017-18,203991,Clint Capela,HOU,73,538,0.559,0.609,0.04999999999999993,-0.049
2017-18,1626167,Myles Turner,IND,65,527,0.535,0.613,0.07799999999999996,-0.078
2017-18,203994,Jusuf Nurkić,POR,79,519,0.539,0.616,0.07699999999999996,-0.077
2017-18,203500,Steven Adams,OKC,75,516,0.583,0.617,0.03400000000000003,-0.033
2017-18,203076,Anthony Davis,NOP,75,501,0.517,0.609,0.09199999999999997,-0.092
2017-18,203089,John Henson,MIL,75,492,0.571,0.613,0.04200000000000004,-0.042
2017-18,101162,Marcin Gortat,WAS,82,472,0.583,0.617,0.03400000000000003,-0.034
2017-18,201188,Marc Gasol,MEM,73,463,0.557,0.615,0.05799999999999994,-0.058
2017-18,1627751,Jakob Poeltl,TOR,82,461,0.508,0.599,0.09099999999999997,-0.091
2017-18,202685,Jonas Valančiūnas,TOR,77,445,0.528,0.612,0.08399999999999996,-0.084
2017-18,201959,Taj Gibson,MIN,82,437,0.588,0.613,0.025000000000000022,-0.025
2017-18,203954,Joel Embiid,PHI,62,433,0.506,0.611,0.10499999999999998,-0.105
2017-18,201143,Al Horford,BOS,69,425,0.546,0.61,0.06399999999999995,-0.064
2017-18,202324,Derrick Favors,UTA,76,423,0.511,0.613,0.10199999999999998,-0.102
2017-18,1628381,John Collins,ATL,73,419,0.547,0.615,0.06799999999999995,-0.069
2017-18,202699,Tobias Harris,LAC,80,409,0.611,0.614,0.0030000000000000027,-0.003
2017-18,203497,Rudy Gobert,UTA,55,407,0.506,0.61,0.10399999999999998,-0.104
2017-18,202696,Nikola Vučević,ORL,56,402,0.565,0.614,0.049000000000000044,-0.049
2017-18,203110,Draymond Green,GSW,70,400,0.555,0.611,0.05599999999999994,-0.056
2017-18,201572,Brook Lopez,LAL,74,398,0.55,0.613,0.06299999999999994,-0.063
2017-18,202683,Enes Freedom,NYK,70,398,0.568,0.616,0.04800000000000004,-0.048
2017-18,201950,Jrue Holiday,NOP,81,397,0.627,0.597,-0.030000000000000027,0.03
2017-18,202331,Paul George,OKC,78,396,0.657,0.614,-0.04300000000000004,0.043
2017-18,201599,DeAndre Jordan,LAC,77,395,0.562,0.618,0.05599999999999994,-0.056
2017-18,1628386,Jarrett Allen,BKN,70,393,0.524,0.616,0.09199999999999997,-0.092
2017-18,203944,Julius Randle,LAL,82,393,0.552,0.615,0.06299999999999994,-0.063
2017-18,2200,Pau Gasol,SAS,77,389,0.524,0.603,0.07899999999999996,-0.079
2017-18,200746,LaMarcus Aldridge,SAS,75,387,0.519,0.611,0.09199999999999997,-0.092
2017-18,1627734,Domantas Sabonis,IND,74,387,0.589,0.607,0.018000000000000016,-0.018
2017-18,203952,Andrew Wiggins,MIN,82,382,0.634,0.605,-0.029000000000000026,0.029
2017-18,1627748,Thon Maker,MIL,71,378,0.585,0.612,0.027000000000000024,-0.028
2017-18,201152,Thaddeus Young,IND,81,376,0.638,0.618,-0.020000000000000018,0.02
2017-18,2730,Dwight Howard,CHA,80,373,0.56,0.616,0.05599999999999994,-0.055
2017-18,203507,Giannis Antetokounmpo,MIL,74,373,0.525,0.609,0.08399999999999996,-0.083
2017-18,202689,Kemba Walker,CHA,79,372,0.624,0.596,-0.028000000000000025,0.028
2017-18,1627733,Dragan Bender,PHX,82,369,0.531,0.61,0.07899999999999996,-0.079
2017-18,202326,DeMarcus Cousins,NOP,48,365,0.578,0.609,0.031000000000000028,-0.031
2017-18,201577,Robin Lopez,CHI,64,364,0.558,0.613,0.05499999999999994,-0.056
2017-18,201935,James Harden,HOU,71,363,0.625,0.603,-0.02200000000000002,0.023
2017-18,203967,Dario Saric,PHI,76,360,0.547,0.61,0.06299999999999994,-0.062
2017-18,203482,Kelly Olynyk,MIA,75,359,0.616,0.609,-0.007000000000000006,0.007
2017-18,203114,Khris Middleton,MIL,81,358,0.651,0.612,-0.039000000000000035,0.039
2017-18,203458,Alex Len,PHX,69,358,0.506,0.616,0.10999999999999999,-0.11
2017-18,2544,LeBron James,CLE,82,354,0.52,0.607,0.08699999999999997,-0.087
2017-18,201586,Serge Ibaka,TOR,76,353,0.547,0.608,0.06099999999999994,-0.061
2017-18,1627750,Jamal Murray,DEN,81,351,0.655,0.595,-0.06000000000000005,0.06
2017-18,203484,Kentavious Caldwell-Pope,LAL,73,349,0.662,0.604,-0.05800000000000005,0.057
2017-18,201960,DeMarre Carroll,BKN,71,348,0.557,0.617,0.05999999999999994,-0.059
2017-18,200768,Kyle Lowry,TOR,78,346,0.575,0.592,0.017000000000000015,-0.017
2017-18,202329,Al-Farouq Aminu,POR,69,346,0.532,0.624,0.09199999999999997,-0.092
2017-18,203078,Bradley Beal,WAS,82,341,0.625,0.601,-0.02400000000000002,0.024
2017-18,1717,Dirk Nowitzki,DAL,77,338,0.601,0.62,0.019000000000000017,-0.02
2017-18,1627752,Taurean Prince,ATL,81,338,0.592,0.616,0.02400000000000002,-0.025
2017-18,203496,Robert Covington,PHI,79,337,0.599,0.607,0.008000000000000007,-0.008
2017-18,202687,Bismack Biyombo,ORL,81,336,0.551,0.602,0.050999999999999934,-0.052
2017-18,202339,Eric Bledsoe,MIL,74,335,0.597,0.589,-0.008000000000000007,0.008
2017-18,1628398,Kyle Kuzma,LAL,77,334,0.56,0.602,0.041999999999999926,-0.042
2017-18,203486,Mason Plumlee,DEN,74,333,0.532,0.617,0.08499999999999996,-0.085
2017-18,203490,Otto Porter Jr.,WAS,76,328,0.595,0.605,0.010000000000000009,-0.011
2017-18,1626196,Josh Richardson,MIA,80,328,0.57,0.595,0.025000000000000022,-0.025
2017-18,201567,Kevin Love,CLE,59,327,0.627,0.621,-0.006000000000000005,0.006
2017-18,203115,Will Barton,DEN,81,326,0.617,0.6,-0.017000000000000015,0.017
2017-18,203506,Victor Oladipo,IND,75,325,0.563,0.598,0.03500000000000003,-0.035
2017-18,200782,P.J. Tucker,HOU,81,317,0.628,0.606,-0.02200000000000002,0.021
2017-18,1626178,Rondae Hollis-Jefferson,BKN,66,315,0.613,0.613,0.0,0.0
2017-18,1626161,Willie Cauley-Stein,SAC,73,314,0.599,0.622,0.02300000000000002,-0.024
2017-18,1627732,Ben Simmons,PHI,80,313,0.502,0.608,0.10599999999999998,-0.106
2017-18,203382,Aron Baynes,BOS,78,313,0.562,0.607,0.04499999999999993,-0.044
2017-18,1628415,Dillon Brooks,MEM,82,313,0.655,0.604,-0.051000000000000045,0.051
2017-18,2546,Carmelo Anthony,OKC,76,312,0.654,0.618,-0.03600000000000003,0.035
2017-18,202355,Hassan Whiteside,MIA,54,310,0.545,0.627,0.08199999999999996,-0.082
2017-18,202334,Ed Davis,POR,78,309,0.54,0.612,0.07199999999999995,-0.071
2017-18,202693,Markieff Morris,WAS,73,308,0.601,0.612,0.01100000000000001,-0.012
2017-18,1628374,Lauri Markkanen,CHI,68,306,0.611,0.612,0.0010000000000000009,0.0
2017-18,201980,Danny Green,SAS,70,305,0.61,0.607,-0.0030000000000000027,0.003
2017-18,201566,Russell Westbrook,OKC,78,305,0.623,0.608,-0.015000000000000013,0.015
2017-18,201142,Kevin Durant,GSW,68,303,0.568,0.611,0.04300000000000004,-0.043
2017-18,203932,Aaron Gordon,ORL,57,301,0.578,0.607,0.029000000000000026,-0.029
2017-18,1628367,Josh Jackson,PHX,77,301,0.608,0.605,-0.0030000000000000027,0.003
2017-18,202711,Bojan Bogdanovic,IND,80,301,0.661,0.605,-0.05600000000000005,0.056
2017-18,2747,JR Smith,CLE,80,300,0.68,0.609,-0.07100000000000006,0.071
2017-18,203124,Kyle O'Quinn,NYK,76,299,0.569,0.617,0.04800000000000004,-0.049
2017-18,203468,CJ McCollum,POR,80,298,0.564,0.594,0.030000000000000027,-0.03
2017-18,101108,Chris Paul,HOU,57,297,0.599,0.602,0.0030000000000000027,-0.002
2017-18,202691,Klay Thompson,GSW,73,293,0.608,0.595,-0.013000000000000012,0.013
2017-18,204001,Kristaps Porziņģis,NYK,47,292,0.507,0.615,0.10799999999999998,-0.108
2017-18,203476,Gorgui Dieng,MIN,79,290,0.624,0.61,-0.014000000000000012,0.015
2017-18,201937,Ricky Rubio,UTA,76,288,0.601,0.593,-0.008000000000000007,0.008
2017-18,201933,Blake Griffin,DET,58,285,0.589,0.612,0.02300000000000002,-0.023
2017-18,203924,Jerami Grant,OKC,80,285,0.526,0.608,0.08199999999999996,-0.082
2017-18,201609,Goran Dragic,MIA,74,283,0.523,0.587,0.06399999999999995,-0.064
2017-18,1626162,Kelly Oubre Jr.,WAS,81,282,0.645,0.594,-0.051000000000000045,0.052
2017-18,203109,Jae Crowder,UTA,80,282,0.592,0.606,0.014000000000000012,-0.013
2017-18,203901,Elfrid Payton,PHX,63,282,0.603,0.595,-0.008000000000000007,0.008
2017-18,201952,Jeff Teague,MIN,70,281,0.669,0.588,-0.08100000000000007,0.081
2017-18,101161,Amir Johnson,PHI,74,281,0.512,0.603,0.09099999999999997,-0.091
2017-18,201145,Jeff Green,CLE,78,280,0.625,0.606,-0.019000000000000017,0.019
2017-18,2585,Zaza Pachulia,GSW,69,280,0.596,0.613,0.017000000000000015,-0.017
2017-18,202734,E'Twaun Moore,NOP,82,279,0.599,0.598,-0.0010000000000000009,0.001
2017-18,1627741,Buddy Hield,SAC,80,276,0.641,0.596,-0.04500000000000004,0.045
2017-18,1626204,Larry Nance Jr.,CLE,66,276,0.645,0.622,-0.02300000000000002,0.023
2017-18,203200,Justin Holiday,CHI,72,274,0.624,0.609,-0.015000000000000013,0.015
2017-18,1627737,Marquese Chriss,PHX,72,272,0.548,0.609,0.06099999999999994,-0.062
2017-18,202703,Nikola Mirotic,NOP,55,271,0.609,0.612,0.0030000000000000027,-0.003
2017-18,201585,Kosta Koufos,SAC,71,269,0.532,0.62,0.08799999999999997,-0.089
2017-18,202709,Cory Joseph,IND,82,269,0.636,0.59,-0.04600000000000004,0.045
2017-18,201229,Anthony Tolliver,DET,79,268,0.522,0.61,0.08799999999999997,-0.088
2017-18,202710,Jimmy Butler III,MIN,59,268,0.623,0.605,-0.018000000000000016,0.018
2017-18,204060,Joe Ingles,UTA,81,267,0.659,0.608,-0.051000000000000045,0.052
2017-18,1627749,Dejounte Murray,SAS,79,267,0.599,0.603,0.0040000000000000036,-0.004
2017-18,204020,Tyler Johnson,MIA,71,267,0.592,0.593,0.0010000000000000009,-0.001
2017-18,2216,Zach Randolph,SAC,59,266,0.658,0.617,-0.041000000000000036,0.041
2017-18,203471,Dennis Schröder,ATL,66,265,0.626,0.594,-0.03200000000000003,0.033
2017-18,203077,Michael Kidd-Gilchrist,CHA,73,265,0.604,0.611,0.007000000000000006,-0.007
2017-18,2772,Trevor Ariza,HOU,65,265,0.694,0.61,-0.08399999999999996,0.084
2017-18,1627783,Pascal Siakam,TOR,81,265,0.543,0.6,0.05699999999999994,-0.056
2017-18,101150,Lou Williams,LAC,79,264,0.621,0.599,-0.02200000000000002,0.022
2017-18,101107,Marvin Williams,CHA,77,264,0.617,0.611,-0.006000000000000005,0.007
2017-18,202397,Ish Smith,DET,82,264,0.58,0.594,0.014000000000000012,-0.014
2017-18,1626185,Jarell Martin,MEM,72,262,0.55,0.599,0.04899999999999993,-0.049
2017-18,203613,Jonathon Simmons,ORL,68,262,0.603,0.596,-0.007000000000000006,0.008
2017-18,203915,Spencer Dinwiddie,BKN,78,261,0.594,0.593,-0.0010000000000000009,0.001
2017-18,1628366,Lonzo Ball,LAL,52,261,0.586,0.603,0.017000000000000015,-0.016
2017-18,101141,Ersan Ilyasova,PHI,69,261,0.556,0.61,0.05399999999999994,-0.055
2017-18,203081,Damian Lillard,POR,73,258,0.535,0.582,0.04699999999999993,-0.047
2017-18,201967,Dante Cunningham,BKN,73,257,0.619,0.61,-0.009000000000000008,0.009
2017-18,202328,Greg Monroe,BOS,50,257,0.556,0.608,0.051999999999999935,-0.052
2017-18,201942,DeMar DeRozan,TOR,80,255,0.573,0.597,0.02400000000000002,-0.024
2017-18,203473,Dewayne Dedmon,ATL,61,252,0.544,0.615,0.07099999999999995,-0.072
2017-18,1626163,Frank Kaminsky,CHA,79,252,0.627,0.603,-0.02400000000000002,0.024
2017-18,1628368,De'Aaron Fox,SAC,72,252,0.631,0.586,-0.04500000000000004,0.045
2017-18,203903,Jordan Clarkson,CLE,81,252,0.615,0.593,-0.02200000000000002,0.022
2017-18,1627742,Brandon Ingram,LAL,59,251,0.566,0.609,0.04300000000000004,-0.043
2017-18,1628378,Donovan Mitchell,UTA,78,248,0.585,0.6,0.015000000000000013,-0.015
2017-18,203085,Austin Rivers,LAC,61,246,0.589,0.604,0.015000000000000013,-0.014
2017-18,201949,James Johnson,MIA,71,245,0.518,0.613,0.09499999999999997,-0.094
2017-18,1626159,Justise Winslow,MIA,67,244,0.566,0.602,0.03600000000000003,-0.037
2017-18,1626171,Bobby Portis,CHI,73,243,0.634,0.609,-0.025000000000000022,0.024
2017-18,1627812,Yogi Ferrell,DAL,82,241,0.668,0.597,-0.07100000000000006,0.071
2017-18,1628369,Jayson Tatum,BOS,77,241,0.577,0.6,0.02300000000000002,-0.024
2017-18,1627747,Caris LeVert,BKN,69,241,0.606,0.599,-0.007000000000000006,0.007
2017-18,1626209,Mario Hezonja,ORL,73,239,0.611,0.605,-0.006000000000000005,0.006
2017-18,203084,Harrison Barnes,DAL,77,239,0.59,0.612,0.02200000000000002,-0.022
2017-18,201163,Wilson Chandler,DEN,74,239,0.561,0.614,0.052999999999999936,-0.053
2017-18,1626168,Trey Lyles,DEN,66,238,0.567,0.599,0.03200000000000003,-0.031
2017-18,200794,Paul Millsap,DEN,38,237,0.511,0.613,0.10199999999999998,-0.103
2017-18,2594,Kyle Korver,CLE,73,236,0.644,0.591,-0.05300000000000005,0.053
2017-18,202323,Evan Turner,POR,79,235,0.532,0.598,0.06599999999999995,-0.066
2017-18,1627759,Jaylen Brown,BOS,67,235,0.613,0.609,-0.0040000000000000036,0.004
2017-18,203095,Evan Fournier,ORL,56,235,0.664,0.608,-0.05600000000000005,0.056
2017-18,201583,Ryan Anderson,HOU,64,234,0.56,0.596,0.03599999999999992,-0.036
2017-18,203503,Tony Snell,MIL,74,233,0.622,0.597,-0.025000000000000022,0.025
2017-18,203937,Kyle Anderson,SAS,74,232,0.591,0.618,0.027000000000000024,-0.027
2017-18,201584,Courtney Lee,NYK,75,232,0.694,0.608,-0.08599999999999997,0.086
2017-18,1628404,Josh Hart,LAL,63,232,0.612,0.605,-0.007000000000000006,0.008
2017-18,1628395,Jordan Bell,GSW,56,231,0.489,0.606,0.11699999999999999,-0.117
2017-18,101133,Ian Mahinmi,WAS,77,231,0.58,0.607,0.027000000000000024,-0.027
2017-18,1628372,Dennis Smith Jr.,DAL,69,231,0.662,0.597,-0.06500000000000006,0.066
2017-18,203145,Kent Bazemore,ATL,64,230,0.561,0.609,0.04799999999999993,-0.048
2017-18,1626149,Montrezl Harrell,LAC,74,227,0.573,0.61,0.03700000000000003,-0.038
2017-18,203501,Tim Hardaway Jr.,NYK,57,226,0.602,0.614,0.01200000000000001,-0.013
2017-18,203459,Allen Crabbe,BKN,73,224,0.576,0.595,0.019000000000000017,-0.019
2017-18,1626164,Devin Booker,PHX,54,224,0.643,0.589,-0.05400000000000005,0.054
2017-18,202681,Kyrie Irving,BOS,56,224,0.643,0.597,-0.04600000000000004,0.046
2017-18,2561,David West,GSW,73,221,0.516,0.604,0.08799999999999997,-0.088
2017-18,203092,Tyler Zeller,MIL,64,221,0.62,0.617,-0.0030000000000000027,0.003
2017-18,203939,Dwight Powell,DAL,78,221,0.629,0.617,-0.01200000000000001,0.012
2017-18,202357,Nemanja Bjelica,MIN,66,221,0.606,0.598,-0.008000000000000007,0.009
2017-18,1627746,Skal Labissiere,SAC,59,221,0.579,0.616,0.03700000000000003,-0.037
2017-18,1627756,Denzel Valentine,CHI,77,220,0.668,0.607,-0.061000000000000054,0.061
2017-18,201563,Michael Beasley,NYK,71,220,0.555,0.61,0.05499999999999994,-0.055
2017-18,1628021,David Nwaba,CHI,70,217,0.677,0.597,-0.08000000000000007,0.08
2017-18,201988,Patty Mills,SAS,82,217,0.613,0.6,-0.013000000000000012,0.013
2017-18,203933,T.J. Warren,PHX,65,214,0.575,0.604,0.029000000000000026,-0.029
2017-18,1626179,Terry Rozier,BOS,77,214,0.682,0.601,-0.08100000000000007,0.081
2017-18,203992,Bogdan Bogdanović,SAC,78,213,0.587,0.605,0.018000000000000016,-0.018
2017-18,203925,Joe Harris,BKN,77,212,0.594,0.603,0.009000000000000008,-0.009
2017-18,203107,Tomas Satoransky,WAS,70,212,0.608,0.592,-0.016000000000000014,0.017
2017-18,1627739,Kris Dunn,CHI,52,211,0.682,0.594,-0.08800000000000008,0.088
2017-18,1626153,Delon Wright,TOR,69,209,0.541,0.588,0.04699999999999993,-0.047
2017-18,203087,Jeremy Lamb,CHA,79,208,0.659,0.585,-0.07400000000000007,0.073
2017-18,201601,Luc Mbah a Moute,HOU,60,208,0.572,0.602,0.030000000000000027,-0.03
2017-18,1628467,Maxi Kleber,DAL,67,207,0.58,0.613,0.03300000000000003,-0.033
2017-18,2738,Andre Iguodala,GSW,64,207,0.599,0.605,0.006000000000000005,-0.006
2017-18,201954,Darren Collison,IND,69,207,0.676,0.594,-0.08200000000000007,0.083
2017-18,202325,Wesley Johnson,LAC,71,206,0.612,0.61,-0.0020000000000000018,0.001
2017-18,1627832,Fred VanVleet,TOR,76,206,0.515,0.586,0.07099999999999995,-0.072
2017-18,1628373,Frank Ntilikina,NYK,77,206,0.621,0.592,-0.029000000000000026,0.03
2017-18,1627755,Tyler Ulis,PHX,70,204,0.652,0.593,-0.05900000000000005,0.059
2017-18,201939,Stephen Curry,GSW,51,203,0.665,0.587,-0.07800000000000007,0.078
2017-18,203121,Darius Miller,NOP,80,203,0.586,0.598,0.01200000000000001,-0.012
2017-18,201569,Eric Gordon,HOU,68,203,0.65,0.599,-0.051000000000000045,0.051
2017-18,203101,Miles Plumlee,ATL,55,202,0.54,0.615,0.07499999999999996,-0.075
2017-18,203488,Mike Muscala,ATL,53,201,0.587,0.609,0.02200000000000002,-0.022
2017-18,204456,T.J. McConnell,PHI,75,200,0.565,0.583,0.018000000000000016,-0.018
2017-18,1626170,Jerian Grant,CHI,73,200,0.61,0.593,-0.017000000000000015,0.017
2017-18,201571,D.J. Augustin,ORL,74,199,0.668,0.593,-0.07500000000000007,0.075
2017-18,1626169,Stanley Johnson,DET,69,198,0.591,0.614,0.02300000000000002,-0.023
2017-18,1628464,Daniel Theis,BOS,59,198,0.525,0.608,0.08299999999999996,-0.082
2017-18,202722,Davis Bertans,SAS,68,198,0.535,0.6,0.06499999999999995,-0.065
2017-18,1628389,Bam Adebayo,MIA,67,197,0.543,0.609,0.06599999999999995,-0.066
2017-18,200765,Rajon Rondo,NOP,64,197,0.609,0.592,-0.017000000000000015,0.017
2017-18,201587,Nicolas Batum,CHA,64,196,0.612,0.606,-0.006000000000000005,0.007
2017-18,202684,Tristan Thompson,CLE,53,196,0.607,0.604,-0.0030000000000000027,0.003
2017-18,203961,Eric Moreland,DET,65,195,0.585,0.617,0.03200000000000003,-0.032
2017-18,1626156,D'Angelo Russell,BKN,48,195,0.595,0.596,0.0010000000000000009,-0.001
2017-18,203914,Gary Harris,DEN,67,195,0.646,0.6,-0.04600000000000004,0.046
2017-18,2199,Tyson Chandler,PHX,46,195,0.569,0.615,0.04600000000000004,-0.046
2017-18,203112,Quincy Acy,BKN,67,193,0.57,0.615,0.04500000000000004,-0.045
2017-18,201588,George Hill,CLE,67,191,0.613,0.608,-0.0050000000000000044,0.005
2017-18,202335,Patrick Patterson,OKC,79,191,0.565,0.613,0.04800000000000004,-0.048
2017-18,203584,Troy Daniels,PHX,77,191,0.649,0.598,-0.051000000000000045,0.052
2017-18,1627738,Deyonta Davis,MEM,62,190,0.595,0.611,0.016000000000000014,-0.016
2017-18,202322,John Wall,WAS,41,189,0.593,0.596,0.0030000000000000027,-0.003
2017-18,202066,Garrett Temple,SAC,65,188,0.617,0.598,-0.019000000000000017,0.019
2017-18,203493,Reggie Bullock Jr.,DET,61,187,0.604,0.599,-0.0050000000000000044,0.005
2017-18,1626257,Salah Mejri,DAL,59,185,0.541,0.61,0.06899999999999995,-0.07
2017-18,1626145,Tyus Jones,MIN,82,185,0.681,0.577,-0.10400000000000009,0.104
2017-18,200755,JJ Redick,PHI,69,185,0.595,0.602,0.007000000000000006,-0.007
2017-18,203894,Shabazz Napier,POR,73,183,0.612,0.586,-0.026000000000000023,0.026
2017-18,101127,Jarrett Jack,NYK,61,182,0.566,0.603,0.03700000000000003,-0.037
2017-18,1628379,Luke Kennard,DET,72,181,0.613,0.586,-0.027000000000000024,0.028
2017-18,202327,Ekpe Udoh,UTA,59,181,0.492,0.603,0.11099999999999999,-0.111
2017-18,200752,Rudy Gay,SAS,57,179,0.57,0.602,0.03200000000000003,-0.032
2017-18,1626172,Kevon Looney,GSW,62,178,0.528,0.609,0.08099999999999996,-0.081
2017-18,201158,Marco Belinelli,PHI,79,178,0.708,0.605,-0.10299999999999998,0.103
2017-18,2548,Dwyane Wade,MIA,67,178,0.612,0.6,-0.01200000000000001,0.012
2017-18,202714,Shelvin Mack,ORL,64,177,0.644,0.592,-0.052000000000000046,0.052
2017-18,1628384,OG Anunoby,TOR,74,177,0.605,0.613,0.008000000000000007,-0.008
2017-18,203516,James Ennis III,DET,72,176,0.648,0.612,-0.03600000000000003,0.036
2017-18,201961,Wayne Ellington,MIA,76,175,0.64,0.6,-0.040000000000000036,0.04
2017-18,1628462,Milos Teodosic,LAC,45,175,0.663,0.594,-0.06900000000000006,0.068
2017-18,200826,J.J. Barea,DAL,69,175,0.657,0.597,-0.06000000000000005,0.06
2017-18,1628382,Justin Jackson,SAC,67,174,0.649,0.603,-0.04600000000000004,0.047
2017-18,203210,JaMychal Green,MEM,55,171,0.626,0.619,-0.007000000000000006,0.007
2017-18,203926,Doug McDermott,DAL,78,170,0.582,0.605,0.02300000000000002,-0.023
2017-18,1627763,Malcolm Brogdon,MIL,47,170,0.588,0.598,0.010000000000000009,-0.01
2017-18,101109,Raymond Felton,OKC,80,168,0.571,0.584,0.013000000000000012,-0.013
2017-18,1628414,Sindarius Thornwell,LAC,65,168,0.625,0.6,-0.025000000000000022,0.025
2017-18,203546,Ian Clark,NOP,72,168,0.631,0.576,-0.05500000000000005,0.055
2017-18,1628380,Zach Collins,POR,64,167,0.491,0.589,0.09799999999999998,-0.098
2017-18,1626150,Andrew Harrison,MEM,56,165,0.588,0.59,0.0020000000000000018,-0.002
2017-18,1626144,Emmanuel Mudiay,NYK,61,161,0.615,0.591,-0.02400000000000002,0.024
2017-18,203118,Mike Scott,WAS,76,160,0.6,0.6,0.0,0.0
2017-18,202083,Wesley Matthews,DAL,63,160,0.681,0.609,-0.07200000000000006,0.072
2017-18,201156,Nick Young,GSW,80,160,0.631,0.592,-0.039000000000000035,0.04
2017-18,1626245,Cristiano Felicio,CHI,54,160,0.656,0.619,-0.03700000000000003,0.037
2017-18,1627835,Paul Zipser,CHI,51,159,0.61,0.611,0.0010000000000000009,-0.001
2017-18,2207,Joe Johnson,HOU,55,158,0.62,0.608,-0.01200000000000001,0.013
2017-18,202694,Marcus Morris Sr.,BOS,52,157,0.656,0.609,-0.04700000000000004,0.047
2017-18,203918,Rodney Hood,CLE,60,155,0.658,0.61,-0.04800000000000004,0.048
2017-18,201596,Mario Chalmers,MEM,66,154,0.708,0.591,-0.11699999999999999,0.117
2017-18,201580,JaVale McGee,GSW,64,153,0.529,0.604,0.07499999999999996,-0.075
2017-18,201578,Marreese Speights,ORL,50,151,0.576,0.604,0.028000000000000025,-0.028
2017-18,2733,Shaun Livingston,GSW,70,149,0.584,0.595,0.01100000000000001,-0.011
2017-18,202344,Trevor Booker,IND,67,148,0.568,0.603,0.03500000000000003,-0.035
2017-18,203962,Josh Huestis,OKC,59,146,0.562,0.605,0.04299999999999993,-0.043
2017-18,203943,Noah Vonleh,CHI,53,144,0.625,0.602,-0.02300000000000002,0.023
2017-18,1626192,Pat Connaughton,POR,82,143,0.531,0.594,0.06299999999999994,-0.063
2017-18,1627854,Bryn Forbes,SAS,78,142,0.69,0.592,-0.09799999999999998,0.098
2017-18,203463,Ben McLemore,MEM,56,141,0.582,0.604,0.02200000000000002,-0.023
2017-18,203460,Andre Roberson,OKC,37,140,0.571,0.599,0.028000000000000025,-0.027
2017-18,201975,Jodie Meeks,WAS,74,139,0.604,0.592,-0.01200000000000001,0.012
2017-18,201973,Jonas Jerebko,UTA,71,138,0.536,0.609,0.07299999999999995,-0.073
2017-18,201936,Tyreke Evans,MEM,52,138,0.601,0.599,-0.0020000000000000018,0.002
2017-18,1627767,Cheick Diallo,NOP,50,138,0.58,0.604,0.02400000000000002,-0.024
2017-18,202362,Lance Stephenson,IND,81,136,0.669,0.593,-0.07600000000000007,0.076
2017-18,203090,Maurice Harkless,POR,58,136,0.507,0.615,0.10799999999999998,-0.107
2017-18,202340,Avery Bradley,LAC,46,136,0.64,0.604,-0.03600000000000003,0.036
2017-18,203518,Alex Abrines,OKC,65,135,0.6,0.607,0.007000000000000006,-0.007
2017-18,1628400,Semi Ojeleye,BOS,67,134,0.627,0.603,-0.02400000000000002,0.024
2017-18,2734,Devin Harris,DEN,71,132,0.644,0.599,-0.04500000000000004,0.045
2017-18,203953,Jabari Parker,MIL,31,132,0.583,0.615,0.03200000000000003,-0.032
2017-18,101181,Jose Calderon,CLE,52,132,0.636,0.583,-0.05300000000000005,0.053
2017-18,1626158,Richaun Holmes,PHI,45,132,0.492,0.615,0.123,-0.123
2017-18,204028,Tarik Black,HOU,49,131,0.504,0.602,0.09799999999999998,-0.099
2017-18,1626181,Norman Powell,TOR,66,131,0.573,0.595,0.02200000000000002,-0.022
2017-18,1626220,Royce O'Neale,UTA,62,131,0.565,0.599,0.03400000000000003,-0.034
2017-18,1627775,Patrick McCaw,GSW,52,130,0.631,0.596,-0.03500000000000003,0.034
2017-18,203935,Marcus Smart,BOS,51,128,0.648,0.601,-0.04700000000000004,0.048
2017-18,202498,Lance Thomas,NYK,68,127,0.591,0.612,0.02100000000000002,-0.021
2017-18,1628425,Sterling Brown,MIL,51,125,0.64,0.606,-0.03400000000000003,0.034
2017-18,101112,Channing Frye,LAL,51,125,0.672,0.593,-0.07900000000000007,0.079
2017-18,203920,Khem Birch,ORL,37,123,0.561,0.606,0.04499999999999993,-0.045
2017-18,202704,Reggie Jackson,DET,45,123,0.602,0.597,-0.0050000000000000044,0.005
2017-18,1626155,Sam Dekker,LAC,71,121,0.529,0.604,0.07499999999999996,-0.075
2017-18,200757,Thabo Sefolosha,UTA,37,121,0.562,0.616,0.05399999999999994,-0.054
2017-18,2403,Nene,HOU,52,120,0.55,0.596,0.04599999999999993,-0.046
2017-18,203512,Lucas Nogueira,TOR,45,119,0.521,0.599,0.07799999999999996,-0.078
2017-18,1628371,Jonathan Isaac,ORL,27,119,0.605,0.608,0.0030000000000000027,-0.003
2017-18,1626195,Willy Hernangomez,CHA,46,119,0.605,0.591,-0.014000000000000012,0.014
2017-18,1938,Manu Ginobili,SAS,63,117,0.547,0.598,0.050999999999999934,-0.051
2017-18,202337,Luke Babbitt,MIA,46,117,0.598,0.596,-0.0020000000000000018,0.002
2017-18,203530,Joffrey Lauvergne,SAS,49,116,0.698,0.618,-0.07999999999999996,0.081
2017-18,1628411,Wes Iwundu,ORL,59,115,0.652,0.587,-0.06500000000000006,0.065
2017-18,202738,Isaiah Thomas,LAL,32,115,0.696,0.598,-0.09799999999999998,0.098
2017-18,101139,CJ Miles,TOR,70,115,0.609,0.6,-0.009000000000000008,0.009
2017-18,203487,Michael Carter-Williams,CHA,52,113,0.566,0.59,0.02400000000000002,-0.024
2017-18,1713,Vince Carter,SAC,57,113,0.566,0.616,0.050000000000000044,-0.05
2017-18,1627820,Tyrone Wallace,LAC,29,111,0.577,0.599,0.02200000000000002,-0.023
2017-18,203079,Dion Waiters,MIA,29,110,0.573,0.6,0.027000000000000024,-0.027
2017-18,204025,Tim Frazier,WAS,56,109,0.688,0.592,-0.09599999999999997,0.096
2017-18,201956,Omri Casspi,GSW,52,109,0.505,0.586,0.08099999999999996,-0.082
2017-18,101123,Gerald Green,HOU,40,109,0.661,0.585,-0.07600000000000007,0.075
2017-18,2037,Jamal Crawford,MIN,75,109,0.706,0.595,-0.11099999999999999,0.111
2017-18,1628370,Malik Monk,CHA,56,108,0.731,0.58,-0.15100000000000002,0.152
2017-18,1627826,Ivica Zubac,LAL,38,108,0.528,0.619,0.09099999999999997,-0.092
2017-18,1628397,Ivan Rabb,MEM,31,108,0.602,0.617,0.015000000000000013,-0.015
2017-18,203469,Cody Zeller,CHA,32,107,0.598,0.603,0.0050000000000000044,-0.005
2017-18,1626203,Treveon Graham,CHA,60,106,0.66,0.581,-0.07900000000000007,0.079
2017-18,203499,Shane Larkin,BOS,50,104,0.625,0.593,-0.03200000000000003,0.032
2017-18,2744,Al Jefferson,IND,36,103,0.66,0.618,-0.04200000000000004,0.042
2017-18,1628416,Tyler Dorsey,ATL,52,102,0.578,0.598,0.020000000000000018,-0.02
2017-18,1627819,Isaiah Taylor,ATL,64,102,0.559,0.577,0.017999999999999905,-0.018
2017-18,204038,Langston Galloway,DET,53,101,0.545,0.593,0.04799999999999993,-0.049
2017-18,1627098,Malcolm Delaney,ATL,51,101,0.673,0.589,-0.08400000000000007,0.084
2017-18,1628412,Frank Mason III,SAC,50,99,0.687,0.579,-0.1080000000000001,0.108
2017-18,1628455,Mike James,NOP,36,98,0.602,0.591,-0.01100000000000001,0.011
2017-18,1891,Jason Terry,MIL,47,98,0.663,0.599,-0.06400000000000006,0.064
2017-18,2749,Jameer Nelson,DET,50,95,0.589,0.579,-0.010000000000000009,0.01
2017-18,201568,Danilo Gallinari,LAC,21,95,0.558,0.606,0.04799999999999993,-0.048
2017-18,201162,Jared Dudley,PHX,45,93,0.656,0.609,-0.04700000000000004,0.047
2017-18,1628390,Terrance Ferguson,OKC,53,93,0.548,0.597,0.04899999999999993,-0.048
2017-18,202732,DeAndre Liggins,NOP,51,93,0.591,0.582,-0.009000000000000008,0.009
2017-18,1628463,Tyler Cavanaugh,ATL,34,93,0.667,0.609,-0.05800000000000005,0.057
2017-18,203521,Matthew Dellavedova,MIL,37,92,0.663,0.599,-0.06400000000000006,0.064
2017-18,1627789,Timothe Luwawu-Cabarrot,PHI,49,92,0.533,0.584,0.050999999999999934,-0.052
2017-18,203457,Nerlens Noel,DAL,27,89,0.652,0.626,-0.026000000000000023,0.026
2017-18,202692,Alec Burks,UTA,60,89,0.607,0.591,-0.016000000000000014,0.016
2017-18,1627936,Alex Caruso,LAL,37,88,0.591,0.586,-0.0050000000000000044,0.005
2017-18,201573,Jerryd Bayless,PHI,38,86,0.535,0.586,0.050999999999999934,-0.051
2017-18,1628436,Luke Kornet,NYK,20,85,0.565,0.633,0.06800000000000006,-0.068
2017-18,201147,Corey Brewer,OKC,52,85,0.624,0.603,-0.02100000000000002,0.021
2017-18,2225,Tony Parker,SAS,55,84,0.667,0.608,-0.05900000000000005,0.059
2017-18,203504,Trey Burke,NYK,34,84,0.607,0.577,-0.030000000000000027,0.03
2017-18,203082,Terrence Ross,ORL,23,84,0.571,0.592,0.02100000000000002,-0.02
2017-18,203898,Tyler Ennis,LAL,47,83,0.639,0.583,-0.05600000000000005,0.056
2017-18,202702,Kenneth Faried,DEN,32,83,0.699,0.607,-0.09199999999999997,0.092
2017-18,1626224,Cedi Osman,CLE,49,82,0.622,0.586,-0.03600000000000003,0.036
2017-18,203710,C.J. Williams,LAC,34,81,0.679,0.601,-0.07800000000000007,0.078
2017-18,2731,Emeka Okafor,NOP,25,81,0.58,0.621,0.041000000000000036,-0.041
2017-18,203917,Nik Stauskas,BKN,37,80,0.638,0.594,-0.04400000000000004,0.044
2017-18,203186,Willie Reed,DET,39,79,0.557,0.621,0.06399999999999995,-0.064
2017-18,1628393,Jawun Evans,LAC,45,78,0.641,0.567,-0.07400000000000007,0.074
2017-18,1626143,Jahlil Okafor,BKN,28,75,0.547,0.609,0.061999999999999944,-0.062
2017-18,1628470,Torrey Craig,DEN,39,75,0.6,0.594,-0.006000000000000005,0.006
2017-18,1626175,Jordan Mickey,MIA,22,75,0.547,0.624,0.07699999999999996,-0.077
2017-18,1626188,Quinn Cook,GSW,29,73,0.589,0.581,-0.008000000000000007,0.008
2017-18,1628424,Kobi Simmons,MEM,31,73,0.712,0.588,-0.124,0.125
2017-18,1628407,Dwayne Bacon,CHA,42,70,0.629,0.597,-0.03200000000000003,0.032
2017-18,1627858,Kyle Collinsworth,DAL,29,70,0.543,0.594,0.050999999999999934,-0.051
2017-18,203948,Johnny O'Bryant III,CHA,33,67,0.672,0.626,-0.04600000000000004,0.045
2017-18,1628388,T.J. Leaf,IND,48,66,0.591,0.587,-0.0040000000000000036,0.004
2017-18,203526,Raul Neto,UTA,37,66,0.561,0.569,0.007999999999999896,-0.009
2017-18,203464,Brandon Paul,SAS,45,66,0.636,0.576,-0.06000000000000005,0.06
2017-18,1627782,Wayne Selden,MEM,34,66,0.803,0.593,-0.21000000000000008,0.21
2017-18,201167,Arron Afflalo,ORL,49,65,0.569,0.591,0.02200000000000002,-0.021
2017-18,201148,Brandan Wright,HOU,27,64,0.578,0.605,0.027000000000000024,-0.027
2017-18,1626246,Boban Marjanovic,LAC,36,64,0.484,0.618,0.134,-0.134
2017-18,203897,Zach LaVine,CHI,24,64,0.609,0.62,0.01100000000000001,-0.011
2017-18,1627740,Henry Ellenson,DET,34,64,0.656,0.601,-0.05500000000000005,0.055
2017-18,201565,Derrick Rose,MIN,25,63,0.651,0.601,-0.050000000000000044,0.05
2017-18,1626166,Cameron Payne,CHI,25,61,0.656,0.584,-0.07200000000000006,0.072
2017-18,203960,JaKarr Sampson,SAC,22,61,0.393,0.622,0.22899999999999998,-0.229
2017-18,1627827,Dorian Finney-Smith,DAL,20,59,0.492,0.624,0.132,-0.132
2017-18,1627846,Abdel Nader,BOS,39,58,0.569,0.572,0.0030000000000000027,-0.003
2017-18,1627362,Briante Weber,MEM,16,58,0.69,0.582,-0.10799999999999998,0.107
2017-18,1626202,Joe Young,IND,45,57,0.702,0.57,-0.132,0.131
2017-18,203930,Sean Kilpatrick,CHI,43,56,0.714,0.596,-0.118,0.119
2017-18,1627814,Damion Lee,ATL,15,55,0.527,0.615,0.08799999999999997,-0.088
2017-18,1627736,Malik Beasley,DEN,43,54,0.519,0.593,0.07399999999999995,-0.075
2017-18,202389,Timofey Mozgov,BKN,29,53,0.434,0.607,0.173,-0.173
2017-18,1627823,Juancho Hernangomez,DEN,22,52,0.577,0.594,0.017000000000000015,-0.018
2017-18,1627790,Ante Zizic,CLE,23,51,0.51,0.603,0.09299999999999997,-0.093
2017-18,201147,Corey Brewer,OKC,18,51,0.549,0.62,0.07099999999999995,-0.071
2017-18,1627761,DeAndre' Bembry,ATL,25,51,0.647,0.595,-0.052000000000000046,0.052
2017-18,201160,Jason Smith,WAS,33,50,0.64,0.591,-0.049000000000000044,0.049
2017-18,202779,Dwight Buycks,DET,26,50,0.5,0.598,0.09799999999999998,-0.098
2017-18,1627885,Shaquille Harrison,PHX,22,49,0.592,0.585,-0.007000000000000006,0.006
2017-18,202718,Chandler Parsons,MEM,35,48,0.708,0.61,-0.09799999999999998,0.099
2017-18,203477,Isaiah Canaan,PHX,19,47,0.702,0.595,-0.10699999999999998,0.107
2017-18,1628422,Damyean Dotson,NYK,36,46,0.543,0.6,0.05699999999999994,-0.056
2017-18,201600,Omer Asik,CHI,17,46,0.63,0.598,-0.03200000000000003,0.032
2017-18,1627758,Ron Baker,NYK,26,46,0.522,0.595,0.07299999999999995,-0.073
2017-18,1627988,Myke Henry,MEM,20,46,0.652,0.597,-0.05500000000000005,0.055
2017-18,203922,Glenn Robinson III,IND,23,46,0.565,0.622,0.05700000000000005,-0.057
2017-18,1626147,Justin Anderson,PHI,33,45,0.444,0.594,0.14999999999999997,-0.15
2017-18,203086,Meyers Leonard,POR,26,45,0.578,0.604,0.026000000000000023,-0.026
2017-18,201196,Ramon Sessions,WAS,23,45,0.6,0.574,-0.026000000000000023,0.026
2017-18,1627863,Danuel House Jr.,PHX,22,43,0.605,0.612,0.007000000000000006,-0.008
2017-18,1627824,Guerschon Yabusele,BOS,28,42,0.571,0.582,0.01100000000000001,-0.011
2017-18,1627786,Troy Williams,NYK,20,42,0.405,0.597,0.19199999999999995,-0.192
2017-18,201144,Mike Conley,MEM,12,41,0.585,0.612,0.027000000000000024,-0.027
2017-18,1628439,Isaiah Hicks,NYK,17,40,0.575,0.6,0.025000000000000022,-0.025
2017-18,1627780,Gary Payton II,LAL,19,40,0.625,0.607,-0.018000000000000016,0.018
2017-18,203966,Jamil Wilson,LAC,14,39,0.641,0.611,-0.030000000000000027,0.03
2017-18,204037,Travis Wear,LAL,16,39,0.615,0.622,0.007000000000000006,-0.007
2017-18,202697,Iman Shumpert,SAC,14,38,0.632,0.579,-0.05300000000000005,0.052
2017-18,1628365,Markelle Fultz,PHI,14,38,0.5,0.578,0.07799999999999996,-0.078
2017-18,203498,Shabazz Muhammad,MIL,34,37,0.784,0.606,-0.17800000000000005,0.178
2017-18,1627834,Georgios Papagiannis,POR,15,36,0.778,0.615,-0.16300000000000003,0.162
2017-18,1628469,Antonio Blakeney,CHI,16,36,0.583,0.58,-0.0030000000000000027,0.004
2017-18,101106,Andrew Bogut,LAL,23,36,0.556,0.613,0.05699999999999994,-0.057
2017-18,203524,Solomon Hill,NOP,11,35,0.743,0.626,-0.11699999999999999,0.117
2017-18,1626177,Dakari Johnson,OKC,23,33,0.667,0.626,-0.041000000000000036,0.041
2017-18,201589,Darrell Arthur,DEN,15,33,0.606,0.622,0.016000000000000014,-0.016
2017-18,1628409,Alec Peters,PHX,16,33,0.485,0.573,0.08799999999999997,-0.088
2017-18,204066,John Holland,CLE,19,32,0.594,0.574,-0.020000000000000018,0.02
2017-18,201976,Patrick Beverley,LAC,11,32,0.531,0.604,0.07299999999999995,-0.072
2017-18,201943,Brandon Jennings,MIL,12,32,0.75,0.598,-0.15200000000000002,0.152
2017-18,1627884,Derrick Jones Jr.,MIA,18,32,0.531,0.605,0.07399999999999995,-0.073
2017-18,202720,Jon Leuer,DET,8,31,0.613,0.605,-0.008000000000000007,0.008
2017-18,1627853,Ryan Arcidiacono,CHI,23,31,0.516,0.584,0.06799999999999995,-0.068
2017-18,1626173,Rashad Vaughn,ORL,20,30,0.5,0.6,0.09999999999999998,-0.1
2017-18,1628432,Davon Reed,PHX,21,30,0.7,0.601,-0.09899999999999998,0.099
2017-18,1627753,Zhou Qi,HOU,15,28,0.357,0.562,0.20500000000000007,-0.205
2017-18,203705,Josh Magette,ATL,16,28,0.536,0.543,0.007000000000000006,-0.007
2017-18,202695,Kawhi Leonard,SAS,9,28,0.571,0.595,0.02400000000000002,-0.023
2017-18,1627785,Isaiah Whitehead,BKN,13,27,0.63,0.593,-0.03700000000000003,0.036
2017-18,1628405,Johnathan Motley,DAL,10,27,0.63,0.591,-0.039000000000000035,0.038
2017-18,1628503,Jamel Artis,ORL,12,26,0.538,0.598,0.05999999999999994,-0.06
2017-18,2754,Tony Allen,NOP,20,26,0.731,0.622,-0.10899999999999999,0.108
2017-18,203957,Dante Exum,UTA,14,25,0.48,0.595,0.11499999999999999,-0.115
2017-18,203585,Rodney McGruder,MIA,16,24,0.5,0.571,0.07099999999999995,-0.071
2017-18,1627745,Damian Jones,GSW,14,24,0.5,0.591,0.09099999999999997,-0.091
2017-18,1628403,Caleb Swanigan,POR,22,23,0.565,0.607,0.04200000000000004,-0.042
2017-18,1627883,Jalen Jones,DAL,13,22,0.682,0.609,-0.07300000000000006,0.073
2017-18,1628476,Derrick Walton Jr.,MIA,15,21,0.619,0.583,-0.03600000000000003,0.036
2017-18,1627781,Malachi Richardson,TOR,25,21,0.667,0.612,-0.05500000000000005,0.054
2017-18,1628401,Derrick White,SAS,12,21,0.571,0.598,0.027000000000000024,-0.026
2017-18,1627821,James Webb III,BKN,8,21,0.714,0.605,-0.10899999999999999,0.109
2017-18,1628681,Rodney Purvis,ORL,16,20,0.5,0.574,0.07399999999999995,-0.074
2017-18,1626151,Aaron Harrison,DAL,9,18,0.778,0.603,-0.17500000000000004,0.175
2017-18,1626259,Malcolm Miller,TOR,13,18,0.667,0.611,-0.05600000000000005,0.055
2017-18,203998,Bruno Caboclo,SAC,8,18,0.667,0.615,-0.052000000000000046,0.052
2017-18,202705,MarShon Brooks,MEM,7,18,0.889,0.592,-0.29700000000000004,0.297
2017-18,1626210,Alan Williams,PHX,5,18,0.444,0.64,0.196,-0.195
2017-18,1627744,Brice Johnson,MEM,12,17,0.471,0.621,0.15000000000000002,-0.15
2017-18,1628391,D.J. Wilson,MIL,11,17,0.706,0.584,-0.122,0.122
2017-18,1628418,Thomas Bryant,LAL,13,17,0.706,0.668,-0.03799999999999992,0.038
2017-18,1627850,Marshall Plumlee,MIL,6,17,0.647,0.616,-0.031000000000000028,0.032
2017-18,202347,Quincy Pondexter,CHI,21,16,0.625,0.612,-0.013000000000000012,0.013
2017-18,1627875,Marcus Georges-Hunt,MIN,21,16,0.75,0.641,-0.10899999999999999,0.11
2017-18,2863,Damien Wilkins,IND,15,16,0.625,0.596,-0.029000000000000026,0.029
2017-18,1627743,Demetrius Jackson,PHI,11,16,0.625,0.577,-0.04800000000000004,0.048
2017-18,203141,Mirza Teletovic,MIL,9,15,0.667,0.59,-0.07700000000000007,0.076
2017-18,202933,Julyan Stone,CHA,15,15,0.8,0.595,-0.20500000000000007,0.205
2017-18,2210,Richard Jefferson,DEN,16,15,0.467,0.604,0.13699999999999996,-0.138
2017-18,1628510,Andrew White III,ATL,12,15,0.6,0.617,0.017000000000000015,-0.017
2017-18,1628504,Xavier Rathan-Mayes,MEM,5,14,0.786,0.629,-0.15700000000000003,0.157
2017-18,203104,Marquis Teague,MEM,3,14,0.571,0.562,-0.008999999999999897,0.009
2017-18,1627855,Okaro White,CLE,5,14,0.5,0.599,0.09899999999999998,-0.099
2017-18,1628387,Ike Anigbogu,IND,9,13,0.692,0.558,-0.1339999999999999,0.135
2017-18,1627770,Kay Felder,DET,13,13,0.692,0.613,-0.07899999999999996,0.079
2017-18,1628502,Nigel Hayes-Davis,SAC,6,13,0.615,0.6,-0.015000000000000013,0.015
2017-18,201166,Aaron Brooks,MIN,18,13,0.692,0.58,-0.11199999999999999,0.113
2017-18,1626191,Chris McCullough,WAS,17,13,0.692,0.603,-0.08899999999999997,0.089
2017-18,1628499,Antonius Cleveland,ATL,12,13,0.538,0.566,0.027999999999999914,-0.027
2017-18,204022,Jack Cooley,SAC,6,12,0.583,0.639,0.05600000000000005,-0.056
2017-18,203485,Lorenzo Brown,TOR,12,12,0.75,0.581,-0.16900000000000004,0.169
2017-18,2555,Nick Collison,OKC,11,12,0.833,0.609,-0.22399999999999998,0.225
2017-18,1628537,Jaylen Morris,ATL,6,12,0.667,0.602,-0.06500000000000006,0.064
2017-18,201628,Bobby Brown,HOU,14,11,0.727,0.579,-0.14800000000000002,0.149
2017-18,1628443,Kadeem Allen,BOS,7,11,0.636,0.59,-0.04600000000000004,0.046
2017-18,1627774,Jake Layman,POR,17,11,0.727,0.652,-0.07499999999999996,0.076
2017-18,1628495,Milton Doyle,BKN,8,11,0.727,0.565,-0.16200000000000003,0.162
2017-18,1626199,Darrun Hilliard,SAS,11,10,0.9,0.597,-0.30300000000000005,0.304
2017-18,203580,Larry Drew II,NOP,6,10,0.4,0.542,0.14200000000000002,-0.142
2017-18,1627982,Josh Gray,PHX,5,10,0.7,0.595,-0.10499999999999998,0.105
2017-18,203900,Markel Brown,HOU,4,10,0.5,0.641,0.14100000000000001,-0.141
2017-18,2617,Udonis Haslem,MIA,11,9,0.556,0.582,0.025999999999999912,-0.027
2017-18,202391,Jeremy Lin,BKN,1,9,0.889,0.607,-0.28200000000000003,0.282
2017-18,1628035,Alfonzo McKinnie,TOR,9,9,0.444,0.567,0.12299999999999994,-0.123
2017-18,202348,Jordan Crawford,NOP,5,8,0.875,0.622,-0.253,0.254
2017-18,1627816,Alex Poythress,IND,19,8,0.625,0.594,-0.031000000000000028,0.031
2017-18,202332,Cole Aldrich,MIN,13,8,0.875,0.56,-0.31499999999999995,0.315
2017-18,203940,Adreian Payne,ORL,4,8,0.75,0.651,-0.09899999999999998,0.099
2017-18,1627735,Wade Baldwin IV,POR,6,8,0.5,0.608,0.10799999999999998,-0.108
2017-18,1628492,Gian Clavell,DAL,6,7,0.571,0.621,0.050000000000000044,-0.05
2017-18,203481,Jeff Withey,DAL,9,7,0.286,0.643,0.35700000000000004,-0.357
2017-18,201149,Joakim Noah,NYK,7,7,0.571,0.602,0.031000000000000028,-0.031
2017-18,1628429,Charles Cooke,NOP,7,6,0.667,0.599,-0.06800000000000006,0.068
2017-18,1626154,RJ Hunter,HOU,4,6,0.667,0.564,-0.10300000000000009,0.102
2017-18,1628506,London Perrantes,CLE,5,6,0.833,0.567,-0.266,0.267
2017-18,203949,James Michael McAdoo,PHI,2,6,0.667,0.536,-0.131,0.131
2017-18,203923,James Young,PHI,5,6,0.333,0.553,0.22000000000000003,-0.22
2017-18,1627856,Matt Costello,SAS,3,6,0.333,0.594,0.26099999999999995,-0.26
2017-18,1627215,Walt Lemon Jr.,NOP,4,6,0.5,0.579,0.07899999999999996,-0.079
2017-18,201281,Andre Ingram,LAL,2,5,0.6,0.622,0.02200000000000002,-0.022
2017-18,1628451,Jacob Wiley,BKN,3,5,0.2,0.568,0.36799999999999994,-0.368
2017-18,1628396,Tony Bradley,UTA,9,5,0.2,0.586,0.38599999999999995,-0.386
2017-18,1627788,Furkan Korkmaz,PHI,9,5,1.0,0.568,-0.43200000000000005,0.432
2017-18,2736,Luol Deng,LAL,1,5,0.4,0.597,0.19699999999999995,-0.197
2017-18,1628444,Jabari Bird,BOS,8,5,0.4,0.571,0.17099999999999993,-0.171
2017-18,1628935,Aaron Jackson,HOU,1,5,0.8,0.586,-0.21400000000000008,0.214
2017-18,1627762,Joel Bolomboy,MIL,5,4,0.75,0.59,-0.16000000000000003,0.16
2017-18,204179,Omari Johnson,MEM,4,4,0.5,0.617,0.11699999999999999,-0.117
2017-18,204098,Xavier Munford,MIL,5,4,1.0,0.546,-0.45399999999999996,0.454
2017-18,202713,Kyle Singler,OKC,7,4,0.75,0.648,-0.10199999999999998,0.102
2017-18,203505,Vander Blue,LAL,3,4,0.25,0.58,0.32999999999999996,-0.33
2017-18,1627817,Tim Quarterman,HOU,3,3,0.333,0.381,0.04799999999999999,-0.047
2017-18,1627777,Georges Niang,UTA,4,3,1.0,0.57,-0.43000000000000005,0.43
2017-18,1628493,Mangok Mathiang,CHA,3,3,1.0,0.564,-0.43600000000000005,0.436
2017-18,1626780,Jonathan Gibson,BOS,3,3,0.667,0.463,-0.20400000000000001,0.204
2017-18,202918,Xavier Silas,BOS,1,2,0.5,0.581,0.08099999999999996,-0.081
2017-18,1628408,PJ Dozier,OKC,2,2,0.5,0.63,0.13,-0.13
2017-18,1627778,Chinanu Onuaku,HOU,1,2,1.0,0.551,-0.44899999999999995,0.449
2017-18,1628420,Monte Morris,DEN,2,2,0.5,0.584,0.08399999999999996,-0.084
2017-18,1627866,Jameel Warney,DAL,3,2,0.5,0.617,0.11699999999999999,-0.117
2017-18,1627779,Marcus Paige,CHA,3,2,1.0,0.82,-0.18000000000000005,0.181
2017-18,1628399,Tyler Lydon,DEN,1,1,0.0,0.58,0.58,-0.58
2017-18,2570,Kendrick Perkins,CLE,1,1,1.0,0.581,-0.41900000000000004,0.419
2017-18,1626205,Vincent Hunter,MEM,3,1,0.0,0.543,0.543,-0.543
2017-18,1628475,Matt Williams Jr.,MIA,2,1,0.0,0.642,0.642,-0.642
2017-18,1627772,Daniel Hamilton,OKC,6,1,1.0,0.543,-0.45699999999999996,0.457
2017-18,1628500,Ben Moore,IND,2,1,1.0,0.453,-0.5469999999999999,0.547
2017-18,1627852,Nicolas Brussino,ATL,2,1,1.0,0.677,-0.32299999999999995,0.323
2017-18,204065,David Stockton,UTA,2,1,1.0,0.677,-0.32299999999999995,0.323
2017-18,203816,Scotty Hopson,DAL,1,1,1.0,0.679,-0.32099999999999995,0.321
2017-18,202379,Jeremy Evans,ATL,1,1,1.0,0.538,-0.46199999999999997,0.462
2017-18,1626643,Jacob Pullen,PHI,1,1,1.0,0.479,-0.521,0.521
2017-18,202330,Gordon Hayward,BOS,1,1,1.0,0.621,-0.379,0.379
2018-19,203497,Rudy Gobert,UTA,79,684,0.522,0.618,0.09599999999999997,-0.096
2018-19,203999,Nikola Jokić,DEN,80,640,0.57,0.63,0.06000000000000005,-0.059
2018-19,1626167,Myles Turner,IND,74,636,0.544,0.619,0.07499999999999996,-0.075
2018-19,203500,Steven Adams,OKC,79,625,0.576,0.618,0.04200000000000004,-0.042
2018-19,203083,Andre Drummond,DET,79,623,0.583,0.625,0.04200000000000004,-0.042
2018-19,1628386,Jarrett Allen,BKN,80,611,0.571,0.625,0.05400000000000005,-0.054
2018-19,202696,Nikola Vučević,ORL,78,586,0.536,0.616,0.07999999999999996,-0.081
2018-19,1626157,Karl-Anthony Towns,MIN,77,559,0.578,0.622,0.04400000000000004,-0.045
2018-19,203954,Joel Embiid,PHI,61,551,0.499,0.61,0.11099999999999999,-0.111
2018-19,201572,Brook Lopez,MIL,81,536,0.513,0.619,0.10599999999999998,-0.106
2018-19,1629028,Deandre Ayton,PHX,71,528,0.629,0.624,-0.0050000000000000044,0.005
2018-19,203991,Clint Capela,HOU,66,510,0.575,0.612,0.03700000000000003,-0.038
2018-19,201580,JaVale McGee,LAL,75,497,0.521,0.613,0.09199999999999997,-0.092
2018-19,203994,Jusuf Nurkić,POR,72,491,0.542,0.624,0.08199999999999996,-0.082
2018-19,200746,LaMarcus Aldridge,SAS,81,489,0.544,0.618,0.07399999999999995,-0.074
2018-19,201143,Al Horford,BOS,68,480,0.552,0.611,0.05899999999999994,-0.059
2018-19,201935,James Harden,HOU,77,472,0.619,0.613,-0.006000000000000005,0.006
2018-19,1626149,Montrezl Harrell,LAC,82,471,0.575,0.614,0.039000000000000035,-0.038
2018-19,201586,Serge Ibaka,TOR,74,469,0.525,0.611,0.08599999999999997,-0.086
2018-19,202331,Paul George,OKC,76,463,0.557,0.608,0.050999999999999934,-0.051
2018-19,201188,Marc Gasol,TOR,79,461,0.57,0.613,0.04300000000000004,-0.043
2018-19,1628418,Thomas Bryant,WAS,70,439,0.588,0.62,0.03200000000000003,-0.032
2018-19,1627741,Buddy Hield,SAC,82,432,0.613,0.603,-0.010000000000000009,0.011
2018-19,1626161,Willie Cauley-Stein,SAC,81,424,0.644,0.626,-0.018000000000000016,0.018
2018-19,202324,Derrick Favors,UTA,74,424,0.507,0.611,0.10399999999999998,-0.103
2018-19,1627783,Pascal Siakam,TOR,80,416,0.567,0.613,0.04600000000000004,-0.046
2018-19,202689,Kemba Walker,CHA,81,413,0.649,0.602,-0.04700000000000004,0.047
2018-19,202355,Hassan Whiteside,MIA,72,406,0.493,0.615,0.122,-0.122
2018-19,203486,Mason Plumlee,DEN,82,403,0.596,0.619,0.02300000000000002,-0.024
2018-19,200782,P.J. Tucker,HOU,81,397,0.607,0.619,0.01200000000000001,-0.012
2018-19,202699,Tobias Harris,PHI,82,393,0.613,0.613,0.0,0.0
2018-19,203078,Bradley Beal,WAS,81,392,0.605,0.605,0.0,-0.001
2018-19,203924,Jerami Grant,OKC,79,391,0.57,0.617,0.04700000000000004,-0.047
2018-19,1628969,Mikal Bridges,PHX,81,384,0.607,0.608,0.0010000000000000009,-0.001
2018-19,201145,Jeff Green,WAS,76,380,0.587,0.611,0.02400000000000002,-0.024
2018-19,1628368,De'Aaron Fox,SAC,81,380,0.629,0.596,-0.03300000000000003,0.033
2018-19,203076,Anthony Davis,NOP,56,378,0.614,0.622,0.008000000000000007,-0.009
2018-19,203458,Alex Len,ATL,77,377,0.573,0.613,0.040000000000000036,-0.04
2018-19,203952,Andrew Wiggins,MIN,73,373,0.619,0.611,-0.008000000000000007,0.009
2018-19,1628983,Shai Gilgeous-Alexander,LAC,82,373,0.56,0.586,0.025999999999999912,-0.026
2018-19,1627732,Ben Simmons,PHI,76,371,0.628,0.603,-0.025000000000000022,0.025
2018-19,201950,Jrue Holiday,NOP,67,368,0.668,0.598,-0.07000000000000006,0.07
2018-19,1627734,Domantas Sabonis,IND,74,368,0.56,0.615,0.05499999999999994,-0.055
2018-19,203944,Julius Randle,NOP,73,365,0.575,0.615,0.040000000000000036,-0.04
2018-19,202683,Enes Freedom,POR,67,364,0.585,0.621,0.03600000000000003,-0.035
2018-19,203471,Dennis Schröder,OKC,78,363,0.603,0.595,-0.008000000000000007,0.008
2018-19,201577,Robin Lopez,CHI,72,363,0.554,0.621,0.06699999999999995,-0.067
2018-19,1629012,Collin Sexton,CLE,82,361,0.712,0.596,-0.11599999999999999,0.116
2018-19,201980,Danny Green,TOR,79,356,0.59,0.599,0.009000000000000008,-0.009
2018-19,1629027,Trae Young,ATL,81,355,0.662,0.596,-0.06600000000000006,0.066
2018-19,1629029,Luka Dončić,DAL,72,352,0.622,0.608,-0.014000000000000012,0.015
2018-19,201568,Danilo Gallinari,LAC,68,352,0.616,0.613,-0.0030000000000000027,0.003
2018-19,203110,Draymond Green,GSW,66,351,0.587,0.609,0.02200000000000002,-0.022
2018-19,201152,Thaddeus Young,IND,81,351,0.607,0.626,0.019000000000000017,-0.019
2018-19,1627826,Ivica Zubac,LAC,57,349,0.553,0.619,0.06599999999999995,-0.066
2018-19,202357,Nemanja Bjelica,SAC,77,349,0.587,0.616,0.029000000000000026,-0.029
2018-19,1626172,Kevon Looney,GSW,80,346,0.523,0.606,0.08299999999999996,-0.083
2018-19,200794,Paul Millsap,DEN,70,343,0.659,0.622,-0.03700000000000003,0.037
2018-19,202329,Al-Farouq Aminu,POR,81,343,0.583,0.614,0.031000000000000028,-0.031
2018-19,203932,Aaron Gordon,ORL,76,342,0.582,0.608,0.026000000000000023,-0.026
2018-19,1626204,Larry Nance Jr.,CLE,67,339,0.611,0.618,0.007000000000000006,-0.007
2018-19,203200,Justin Holiday,MEM,80,337,0.582,0.61,0.028000000000000025,-0.028
2018-19,203473,Dewayne Dedmon,ATL,64,337,0.57,0.612,0.04200000000000004,-0.042
2018-19,1627751,Jakob Poeltl,SAS,77,336,0.551,0.612,0.06099999999999994,-0.062
2018-19,1628367,Josh Jackson,PHX,79,331,0.55,0.602,0.051999999999999935,-0.052
2018-19,1628381,John Collins,ATL,61,330,0.576,0.616,0.040000000000000036,-0.04
2018-19,203087,Jeremy Lamb,CHA,77,329,0.657,0.606,-0.051000000000000045,0.051
2018-19,202704,Reggie Jackson,DET,82,327,0.673,0.604,-0.06900000000000006,0.068
2018-19,203107,Tomas Satoransky,WAS,78,326,0.638,0.598,-0.040000000000000036,0.04
2018-19,203095,Evan Fournier,ORL,79,326,0.586,0.591,0.0050000000000000044,-0.005
2018-19,101107,Marvin Williams,CHA,74,324,0.571,0.617,0.04600000000000004,-0.046
2018-19,1626224,Cedi Osman,CLE,76,321,0.667,0.605,-0.062000000000000055,0.061
2018-19,1628398,Kyle Kuzma,LAL,70,320,0.559,0.607,0.04799999999999993,-0.047
2018-19,201587,Nicolas Batum,CHA,74,320,0.575,0.612,0.03700000000000003,-0.037
2018-19,203967,Dario Saric,MIN,80,320,0.566,0.616,0.050000000000000044,-0.051
2018-19,201976,Patrick Beverley,LAC,78,319,0.586,0.602,0.016000000000000014,-0.016
2018-19,203939,Dwight Powell,DAL,76,318,0.623,0.615,-0.008000000000000007,0.007
2018-19,1628467,Maxi Kleber,DAL,71,316,0.519,0.613,0.09399999999999997,-0.094
2018-19,203469,Cody Zeller,CHA,48,316,0.576,0.611,0.03500000000000003,-0.035
2018-19,201599,DeAndre Jordan,NYK,69,309,0.586,0.625,0.039000000000000035,-0.039
2018-19,1626196,Josh Richardson,MIA,73,308,0.614,0.605,-0.009000000000000008,0.008
2018-19,203943,Noah Vonleh,NYK,66,308,0.562,0.614,0.051999999999999935,-0.052
2018-19,202710,Jimmy Butler III,PHI,63,306,0.605,0.605,0.0,0.0
2018-19,202691,Klay Thompson,GSW,78,305,0.574,0.594,0.020000000000000018,-0.02
2018-19,200768,Kyle Lowry,TOR,65,304,0.569,0.606,0.03700000000000003,-0.037
2018-19,1628369,Jayson Tatum,BOS,79,303,0.591,0.607,0.016000000000000014,-0.016
2018-19,203081,Damian Lillard,POR,80,303,0.594,0.594,0.0,0.0
2018-19,202334,Ed Davis,BKN,81,302,0.583,0.617,0.03400000000000003,-0.034
2018-19,1628374,Lauri Markkanen,CHI,51,301,0.618,0.606,-0.01200000000000001,0.012
2018-19,1626162,Kelly Oubre Jr.,PHX,69,301,0.618,0.607,-0.01100000000000001,0.011
2018-19,203507,Giannis Antetokounmpo,MIL,72,300,0.507,0.615,0.10799999999999998,-0.108
2018-19,2772,Trevor Ariza,WAS,68,299,0.696,0.62,-0.07599999999999996,0.076
2018-19,201142,Kevin Durant,GSW,78,299,0.565,0.607,0.04200000000000004,-0.042
2018-19,202711,Bojan Bogdanovic,IND,81,298,0.597,0.611,0.014000000000000012,-0.014
2018-19,1628380,Zach Collins,POR,77,298,0.534,0.611,0.07699999999999996,-0.078
2018-19,203482,Kelly Olynyk,MIA,79,296,0.574,0.609,0.03500000000000003,-0.035
2018-19,1627761,DeAndre' Bembry,ATL,82,294,0.622,0.595,-0.027000000000000024,0.028
2018-19,1629011,Mitchell Robinson,NYK,65,294,0.561,0.617,0.05599999999999994,-0.056
2018-19,1628404,Josh Hart,LAL,67,294,0.568,0.6,0.03200000000000003,-0.032
2018-19,1626156,D'Angelo Russell,BKN,81,293,0.648,0.607,-0.041000000000000036,0.042
2018-19,1628991,Jaren Jackson Jr.,MEM,58,293,0.522,0.619,0.09699999999999998,-0.097
2018-19,1629006,Josh Okogie,MIN,71,291,0.584,0.608,0.02400000000000002,-0.023
2018-19,201959,Taj Gibson,MIN,70,289,0.651,0.625,-0.026000000000000023,0.026
2018-19,1626164,Devin Booker,PHX,64,288,0.628,0.607,-0.02100000000000002,0.021
2018-19,203145,Kent Bazemore,ATL,67,288,0.597,0.588,-0.009000000000000008,0.009
2018-19,203085,Austin Rivers,HOU,75,287,0.655,0.597,-0.05800000000000005,0.058
2018-19,203925,Joe Harris,BKN,76,286,0.605,0.607,0.0020000000000000018,-0.002
2018-19,202709,Cory Joseph,IND,82,286,0.612,0.596,-0.016000000000000014,0.016
2018-19,1626153,Delon Wright,MEM,75,285,0.628,0.592,-0.03600000000000003,0.036
2018-19,203457,Nerlens Noel,OKC,76,285,0.565,0.613,0.04800000000000004,-0.048
2018-19,1628401,Derrick White,SAS,67,285,0.582,0.595,0.013000000000000012,-0.012
2018-19,1628389,Bam Adebayo,MIA,82,285,0.568,0.614,0.04600000000000004,-0.046
2018-19,1627827,Dorian Finney-Smith,DAL,80,284,0.567,0.608,0.041000000000000036,-0.041
2018-19,201933,Blake Griffin,DET,75,282,0.61,0.62,0.010000000000000009,-0.01
2018-19,202066,Garrett Temple,LAC,75,282,0.589,0.596,0.007000000000000006,-0.008
2018-19,203468,CJ McCollum,POR,70,281,0.601,0.599,-0.0020000000000000018,0.002
2018-19,203084,Harrison Barnes,SAC,77,280,0.657,0.625,-0.03200000000000003,0.032
2018-19,1628371,Jonathan Isaac,ORL,73,280,0.55,0.613,0.06299999999999994,-0.063
2018-19,1628970,Miles Bridges,CHA,79,279,0.638,0.613,-0.025000000000000022,0.025
2018-19,203488,Mike Muscala,LAL,61,276,0.554,0.607,0.052999999999999936,-0.052
2018-19,1626159,Justise Winslow,MIA,66,275,0.542,0.603,0.06099999999999994,-0.061
2018-19,1628989,Kevin Huerter,ATL,74,274,0.675,0.605,-0.07000000000000006,0.07
2018-19,1626158,Richaun Holmes,PHX,69,273,0.546,0.614,0.06799999999999995,-0.068
2018-19,204060,Joe Ingles,UTA,80,273,0.634,0.609,-0.025000000000000022,0.025
2018-19,201144,Mike Conley,MEM,70,272,0.603,0.59,-0.013000000000000012,0.013
2018-19,202722,Davis Bertans,SAS,76,271,0.583,0.613,0.030000000000000027,-0.029
2018-19,101108,Chris Paul,HOU,57,270,0.644,0.607,-0.03700000000000003,0.037
2018-19,203484,Kentavious Caldwell-Pope,LAL,82,268,0.66,0.597,-0.06300000000000006,0.063
2018-19,203953,Jabari Parker,WAS,62,265,0.608,0.603,-0.0050000000000000044,0.005
2018-19,1627750,Jamal Murray,DEN,75,265,0.592,0.6,0.008000000000000007,-0.007
2018-19,201566,Russell Westbrook,OKC,72,264,0.58,0.606,0.026000000000000023,-0.026
2018-19,201942,DeMar DeRozan,SAS,77,263,0.643,0.608,-0.03500000000000003,0.034
2018-19,1628963,Marvin Bagley III,SAC,62,263,0.631,0.627,-0.0040000000000000036,0.004
2018-19,202685,Jonas Valančiūnas,MEM,49,262,0.515,0.62,0.10499999999999998,-0.105
2018-19,203992,Bogdan Bogdanović,SAC,70,262,0.672,0.601,-0.07100000000000006,0.071
2018-19,203903,Jordan Clarkson,CLE,81,262,0.603,0.592,-0.01100000000000001,0.011
2018-19,1628976,Wendell Carter Jr.,CHI,42,262,0.538,0.622,0.08399999999999996,-0.084
2018-19,202681,Kyrie Irving,BOS,67,261,0.621,0.602,-0.019000000000000017,0.018
2018-19,203490,Otto Porter Jr.,CHI,55,260,0.604,0.603,-0.0010000000000000009,0.001
2018-19,202694,Marcus Morris Sr.,BOS,75,258,0.609,0.616,0.007000000000000006,-0.008
2018-19,203082,Terrence Ross,ORL,79,254,0.642,0.596,-0.04600000000000004,0.045
2018-19,1628422,Damyean Dotson,NYK,72,251,0.637,0.604,-0.03300000000000003,0.033
2018-19,203109,Jae Crowder,UTA,78,251,0.518,0.604,0.08599999999999997,-0.087
2018-19,202703,Nikola Mirotic,MIL,46,251,0.554,0.61,0.05599999999999994,-0.056
2018-19,202340,Avery Bradley,MEM,63,250,0.644,0.602,-0.04200000000000004,0.042
2018-19,1627832,Fred VanVleet,TOR,64,250,0.628,0.588,-0.040000000000000036,0.041
2018-19,1628372,Dennis Smith Jr.,NYK,53,247,0.575,0.59,0.015000000000000013,-0.015
2018-19,1626178,Rondae Hollis-Jefferson,BKN,59,246,0.606,0.62,0.014000000000000012,-0.014
2018-19,202391,Jeremy Lin,TOR,74,244,0.598,0.587,-0.01100000000000001,0.012
2018-19,1627853,Ryan Arcidiacono,CHI,79,244,0.631,0.592,-0.039000000000000035,0.039
2018-19,1627759,Jaylen Brown,BOS,74,243,0.621,0.602,-0.019000000000000017,0.019
2018-19,201937,Ricky Rubio,UTA,66,243,0.634,0.596,-0.038000000000000034,0.038
2018-19,1626143,Jahlil Okafor,NOP,54,243,0.568,0.613,0.04500000000000004,-0.045
2018-19,202339,Eric Bledsoe,MIL,78,242,0.583,0.582,-0.0010000000000000009,0.001
2018-19,1627854,Bryn Forbes,SAS,82,242,0.64,0.599,-0.041000000000000036,0.041
2018-19,1628995,Kevin Knox II,NYK,74,242,0.649,0.603,-0.04600000000000004,0.046
2018-19,1627748,Thon Maker,DET,64,241,0.56,0.604,0.04399999999999993,-0.044
2018-19,1628971,Bruce Brown,DET,73,241,0.568,0.601,0.03300000000000003,-0.033
2018-19,1628436,Luke Kornet,NYK,44,240,0.492,0.615,0.123,-0.123
2018-19,203493,Reggie Bullock Jr.,LAL,62,237,0.662,0.599,-0.06300000000000006,0.064
2018-19,200755,JJ Redick,PHI,73,235,0.626,0.586,-0.040000000000000036,0.04
2018-19,101141,Ersan Ilyasova,MIL,67,235,0.591,0.612,0.02100000000000002,-0.021
2018-19,1628390,Terrance Ferguson,OKC,73,235,0.617,0.602,-0.015000000000000013,0.015
2018-19,1628382,Justin Jackson,DAL,80,234,0.645,0.605,-0.040000000000000036,0.04
2018-19,203501,Tim Hardaway Jr.,DAL,64,234,0.658,0.606,-0.052000000000000046,0.052
2018-19,201954,Darren Collison,IND,76,232,0.616,0.594,-0.02200000000000002,0.022
2018-19,2199,Tyson Chandler,LAL,55,232,0.599,0.629,0.030000000000000027,-0.03
2018-19,203382,Aron Baynes,BOS,50,232,0.504,0.603,0.09899999999999998,-0.099
2018-19,203077,Michael Kidd-Gilchrist,CHA,62,230,0.539,0.615,0.07599999999999996,-0.076
2018-19,1627733,Dragan Bender,PHX,44,229,0.511,0.618,0.10699999999999998,-0.107
2018-19,1628366,Lonzo Ball,LAL,47,228,0.618,0.593,-0.025000000000000022,0.025
2018-19,1626171,Bobby Portis,WAS,48,228,0.693,0.612,-0.08099999999999996,0.081
2018-19,1626179,Terry Rozier,BOS,79,227,0.604,0.589,-0.015000000000000013,0.015
2018-19,200752,Rudy Gay,SAS,69,227,0.599,0.615,0.016000000000000014,-0.016
2018-19,203114,Khris Middleton,MIL,77,226,0.624,0.607,-0.017000000000000015,0.017
2018-19,1629066,Rodions Kurucs,BKN,62,225,0.511,0.618,0.10699999999999998,-0.107
2018-19,203935,Marcus Smart,BOS,80,225,0.658,0.607,-0.051000000000000045,0.051
2018-19,201939,Stephen Curry,GSW,69,225,0.68,0.593,-0.08700000000000008,0.087
2018-19,1628464,Daniel Theis,BOS,66,224,0.594,0.611,0.017000000000000015,-0.017
2018-19,1627767,Cheick Diallo,NOP,64,224,0.545,0.614,0.06899999999999995,-0.07
2018-19,1628378,Donovan Mitchell,UTA,75,223,0.57,0.591,0.02100000000000002,-0.022
2018-19,2585,Zaza Pachulia,DET,67,223,0.614,0.619,0.0050000000000000044,-0.005
2018-19,202695,Kawhi Leonard,TOR,60,223,0.561,0.614,0.052999999999999936,-0.053
2018-19,203121,Darius Miller,NOP,69,222,0.545,0.604,0.05899999999999994,-0.059
2018-19,1629013,Landry Shamet,LAC,76,222,0.653,0.598,-0.05500000000000005,0.055
2018-19,201960,DeMarre Carroll,BKN,67,221,0.584,0.624,0.040000000000000036,-0.041
2018-19,203476,Gorgui Dieng,MIN,75,220,0.614,0.624,0.010000000000000009,-0.011
2018-19,1627790,Ante Zizic,CLE,57,218,0.583,0.617,0.03400000000000003,-0.034
2018-19,1628395,Jordan Bell,GSW,65,217,0.553,0.603,0.04999999999999993,-0.05
2018-19,203090,Maurice Harkless,POR,60,217,0.627,0.602,-0.025000000000000022,0.025
2018-19,202693,Markieff Morris,OKC,57,216,0.597,0.607,0.010000000000000009,-0.01
2018-19,201988,Patty Mills,SAS,82,216,0.671,0.603,-0.06800000000000006,0.068
2018-19,1626195,Willy Hernangomez,CHA,58,216,0.676,0.621,-0.05500000000000005,0.055
2018-19,1627823,Juancho Hernangomez,DEN,68,215,0.549,0.608,0.05899999999999994,-0.059
2018-19,201569,Eric Gordon,HOU,67,214,0.64,0.603,-0.03700000000000003,0.037
2018-19,101150,Lou Williams,LAC,75,213,0.657,0.607,-0.050000000000000044,0.05
2018-19,202692,Alec Burks,SAC,63,213,0.653,0.614,-0.039000000000000035,0.038
2018-19,2544,LeBron James,LAL,55,212,0.58,0.609,0.029000000000000026,-0.029
2018-19,1628420,Monte Morris,DEN,82,212,0.623,0.596,-0.027000000000000024,0.027
2018-19,1627736,Malik Beasley,DEN,81,212,0.67,0.604,-0.06600000000000006,0.066
2018-19,1627742,Brandon Ingram,LAL,52,211,0.555,0.602,0.04699999999999993,-0.048
2018-19,1626220,Royce O'Neale,UTA,80,210,0.6,0.594,-0.006000000000000005,0.006
2018-19,1627885,Shaquille Harrison,CHI,71,209,0.603,0.596,-0.007000000000000006,0.007
2018-19,202684,Tristan Thompson,CLE,43,209,0.555,0.613,0.05799999999999994,-0.058
2018-19,202083,Wesley Matthews,IND,69,208,0.639,0.608,-0.031000000000000028,0.031
2018-19,203918,Rodney Hood,POR,72,208,0.673,0.595,-0.07800000000000007,0.078
2018-19,2548,Dwyane Wade,MIA,72,208,0.587,0.605,0.018000000000000016,-0.019
2018-19,1629019,Allonzo Trier,NYK,63,206,0.689,0.603,-0.08599999999999997,0.086
2018-19,1626144,Emmanuel Mudiay,NYK,58,206,0.646,0.607,-0.039000000000000035,0.039
2018-19,1628470,Torrey Craig,DEN,72,205,0.561,0.611,0.04999999999999993,-0.05
2018-19,204038,Langston Galloway,DET,79,204,0.613,0.592,-0.02100000000000002,0.021
2018-19,204456,T.J. McConnell,PHI,73,203,0.611,0.587,-0.02400000000000002,0.024
2018-19,201571,D.J. Augustin,ORL,79,202,0.698,0.597,-0.10099999999999998,0.101
2018-19,1626145,Tyus Jones,MIN,67,202,0.629,0.589,-0.040000000000000036,0.039
2018-19,1628964,Mo Bamba,ORL,45,200,0.56,0.613,0.052999999999999936,-0.053
2018-19,202330,Gordon Hayward,BOS,71,200,0.58,0.598,0.018000000000000016,-0.018
2018-19,203897,Zach LaVine,CHI,61,200,0.65,0.604,-0.04600000000000004,0.046
2018-19,202323,Evan Turner,POR,73,199,0.538,0.597,0.05899999999999994,-0.06
2018-19,1627739,Kris Dunn,CHI,45,198,0.611,0.595,-0.016000000000000014,0.016
2018-19,2738,Andre Iguodala,GSW,67,196,0.597,0.611,0.014000000000000012,-0.014
2018-19,203516,James Ennis III,PHI,58,196,0.633,0.608,-0.025000000000000022,0.024
2018-19,200765,Rajon Rondo,LAL,46,196,0.679,0.611,-0.06800000000000006,0.068
2018-19,201158,Marco Belinelli,SAS,79,195,0.636,0.601,-0.03500000000000003,0.035
2018-19,101162,Marcin Gortat,LAC,47,194,0.572,0.615,0.04300000000000004,-0.042
2018-19,1626209,Mario Hezonja,NYK,56,194,0.624,0.625,0.0010000000000000009,-0.001
2018-19,101123,Gerald Green,HOU,72,193,0.632,0.596,-0.03600000000000003,0.036
2018-19,202697,Iman Shumpert,HOU,61,192,0.708,0.603,-0.10499999999999998,0.105
2018-19,203901,Elfrid Payton,NOP,42,190,0.563,0.584,0.02100000000000002,-0.021
2018-19,201162,Jared Dudley,BKN,59,189,0.545,0.615,0.06999999999999995,-0.07
2018-19,1626168,Trey Lyles,DEN,63,188,0.574,0.6,0.026000000000000023,-0.026
2018-19,202326,DeMarcus Cousins,GSW,30,188,0.559,0.627,0.06799999999999995,-0.069
2018-19,1627763,Malcolm Brogdon,MIL,64,188,0.548,0.596,0.04799999999999993,-0.049
2018-19,1628973,Jalen Brunson,DAL,68,186,0.651,0.596,-0.05500000000000005,0.055
2018-19,1629026,Kenrich Williams,NOP,43,185,0.659,0.614,-0.04500000000000004,0.046
2018-19,203915,Spencer Dinwiddie,BKN,68,184,0.603,0.6,-0.0030000000000000027,0.003
2018-19,1628391,D.J. Wilson,MIL,47,184,0.511,0.602,0.09099999999999997,-0.091
2018-19,1626245,Cristiano Felicio,CHI,57,183,0.623,0.619,-0.0040000000000000036,0.004
2018-19,1629001,De'Anthony Melton,PHX,48,181,0.591,0.595,0.0040000000000000036,-0.004
2018-19,201565,Derrick Rose,MIN,51,181,0.591,0.593,0.0020000000000000018,-0.002
2018-19,204020,Tyler Johnson,PHX,56,177,0.633,0.601,-0.03200000000000003,0.032
2018-19,2594,Kyle Korver,UTA,69,175,0.56,0.597,0.03699999999999992,-0.037
2018-19,203585,Rodney McGruder,LAC,64,174,0.529,0.598,0.06899999999999995,-0.069
2018-19,203496,Robert Covington,MIN,34,173,0.555,0.598,0.04299999999999993,-0.043
2018-19,1627774,Jake Layman,POR,69,168,0.613,0.598,-0.015000000000000013,0.016
2018-19,201973,Jonas Jerebko,GSW,70,167,0.623,0.606,-0.017000000000000015,0.017
2018-19,202397,Ish Smith,DET,56,167,0.575,0.596,0.02100000000000002,-0.022
2018-19,203086,Meyers Leonard,POR,60,164,0.665,0.624,-0.041000000000000036,0.04
2018-19,1628411,Wes Iwundu,ORL,68,164,0.549,0.599,0.04999999999999993,-0.05
2018-19,202687,Bismack Biyombo,CHA,53,164,0.585,0.616,0.031000000000000028,-0.03
2018-19,203933,T.J. Warren,PHX,43,164,0.652,0.61,-0.04200000000000004,0.042
2018-19,202734,E'Twaun Moore,NOP,53,164,0.677,0.603,-0.07400000000000007,0.073
2018-19,1717,Dirk Nowitzki,DAL,51,164,0.634,0.617,-0.017000000000000015,0.017
2018-19,1626246,Boban Marjanovic,PHI,56,164,0.512,0.608,0.09599999999999997,-0.096
2018-19,1626163,Frank Kaminsky,CHA,45,163,0.65,0.622,-0.028000000000000025,0.028
2018-19,203210,JaMychal Green,LAC,65,162,0.599,0.61,0.01100000000000001,-0.012
2018-19,1628385,Harry Giles III,SAC,58,161,0.59,0.619,0.029000000000000026,-0.029
2018-19,1713,Vince Carter,ATL,76,161,0.584,0.607,0.02300000000000002,-0.023
2018-19,1627752,Taurean Prince,ATL,55,159,0.692,0.608,-0.08399999999999996,0.084
2018-19,1628384,OG Anunoby,TOR,67,159,0.585,0.608,0.02300000000000002,-0.024
2018-19,1627884,Derrick Jones Jr.,MIA,56,158,0.5,0.604,0.10399999999999998,-0.104
2018-19,203926,Doug McDermott,IND,77,157,0.618,0.601,-0.017000000000000015,0.017
2018-19,201961,Wayne Ellington,DET,52,156,0.571,0.608,0.03700000000000003,-0.037
2018-19,1627863,Danuel House Jr.,HOU,39,156,0.654,0.617,-0.03700000000000003,0.036
2018-19,204025,Tim Frazier,MIL,55,153,0.614,0.585,-0.029000000000000026,0.03
2018-19,203118,Mike Scott,PHI,78,153,0.601,0.598,-0.0030000000000000027,0.003
2018-19,203914,Gary Harris,DEN,57,153,0.667,0.62,-0.04700000000000004,0.047
2018-19,1628021,David Nwaba,CLE,50,152,0.599,0.607,0.008000000000000007,-0.009
2018-19,201588,George Hill,MIL,57,152,0.572,0.582,0.010000000000000009,-0.009
2018-19,202714,Shelvin Mack,CHA,57,152,0.625,0.592,-0.03300000000000003,0.033
2018-19,1628035,Alfonzo McKinnie,GSW,69,151,0.662,0.612,-0.050000000000000044,0.05
2018-19,1626188,Quinn Cook,GSW,68,151,0.675,0.585,-0.09000000000000008,0.09
2018-19,203937,Kyle Anderson,MEM,43,149,0.577,0.613,0.03600000000000003,-0.036
2018-19,1626169,Stanley Johnson,NOP,63,148,0.642,0.611,-0.031000000000000028,0.031
2018-19,203504,Trey Burke,DAL,56,147,0.585,0.59,0.0050000000000000044,-0.005
2018-19,203506,Victor Oladipo,IND,36,147,0.605,0.598,-0.007000000000000006,0.007
2018-19,1627782,Wayne Selden,CHI,72,147,0.619,0.611,-0.008000000000000007,0.009
2018-19,203552,Seth Curry,POR,73,146,0.699,0.588,-0.11099999999999999,0.11
2018-19,203894,Shabazz Napier,BKN,54,145,0.669,0.598,-0.07100000000000006,0.071
2018-19,1629059,Elie Okobo,PHX,52,144,0.625,0.593,-0.03200000000000003,0.032
2018-19,202335,Patrick Patterson,OKC,60,144,0.597,0.616,0.019000000000000017,-0.019
2018-19,201229,Anthony Tolliver,MIN,59,144,0.597,0.611,0.014000000000000012,-0.013
2018-19,201952,Jeff Teague,MIN,42,144,0.708,0.609,-0.09899999999999998,0.1
2018-19,1628397,Ivan Rabb,MEM,48,142,0.641,0.61,-0.031000000000000028,0.03
2018-19,1628370,Malik Monk,CHA,68,142,0.634,0.594,-0.040000000000000036,0.04
2018-19,203115,Will Barton,DEN,43,141,0.61,0.608,-0.0020000000000000018,0.002
2018-19,201936,Tyreke Evans,IND,69,141,0.603,0.598,-0.0050000000000000044,0.005
2018-19,202322,John Wall,WAS,32,140,0.643,0.594,-0.049000000000000044,0.048
2018-19,203920,Khem Birch,ORL,50,140,0.536,0.607,0.07099999999999995,-0.071
2018-19,203998,Bruno Caboclo,MEM,33,140,0.529,0.6,0.07099999999999995,-0.072
2018-19,1626192,Pat Connaughton,MIL,60,139,0.568,0.598,0.030000000000000027,-0.03
2018-19,1626257,Salah Mejri,DAL,34,139,0.568,0.607,0.039000000000000035,-0.039
2018-19,203521,Matthew Dellavedova,CLE,48,138,0.652,0.602,-0.050000000000000044,0.051
2018-19,1629109,Gary Clark,HOU,45,138,0.652,0.592,-0.06000000000000005,0.06
2018-19,1627747,Caris LeVert,BKN,40,137,0.672,0.598,-0.07400000000000007,0.074
2018-19,201149,Joakim Noah,MEM,42,137,0.533,0.619,0.08599999999999997,-0.086
2018-19,1628379,Luke Kennard,DET,62,136,0.654,0.592,-0.062000000000000055,0.062
2018-19,203503,Tony Snell,MIL,73,134,0.59,0.601,0.01100000000000001,-0.012
2018-19,202328,Greg Monroe,PHI,39,134,0.575,0.599,0.02400000000000002,-0.024
2018-19,201163,Wilson Chandler,LAC,49,133,0.579,0.602,0.02300000000000002,-0.023
2018-19,1626184,Chasson Randle,WAS,48,133,0.669,0.591,-0.07800000000000007,0.078
2018-19,1628373,Frank Ntilikina,NYK,42,132,0.606,0.604,-0.0020000000000000018,0.002
2018-19,202702,Kenneth Faried,HOU,36,131,0.679,0.622,-0.05700000000000005,0.057
2018-19,1628402,Frank Jackson,NOP,57,131,0.664,0.604,-0.06000000000000005,0.06
2018-19,1627812,Yogi Ferrell,SAC,66,131,0.634,0.576,-0.05800000000000005,0.058
2018-19,1628990,Chandler Hutchison,CHI,43,130,0.615,0.601,-0.014000000000000012,0.014
2018-19,101161,Amir Johnson,PHI,49,127,0.575,0.611,0.03600000000000003,-0.036
2018-19,1628413,Jonah Bolden,PHI,40,127,0.559,0.612,0.052999999999999936,-0.053
2018-19,201967,Dante Cunningham,SAS,59,126,0.635,0.627,-0.008000000000000007,0.008
2018-19,1626170,Jerian Grant,ORL,53,125,0.656,0.599,-0.05700000000000005,0.057
2018-19,201949,James Johnson,MIA,54,125,0.568,0.62,0.052000000000000046,-0.052
2018-19,203613,Jonathon Simmons,PHI,51,125,0.584,0.603,0.019000000000000017,-0.019
2018-19,1626181,Norman Powell,TOR,59,124,0.605,0.601,-0.0040000000000000036,0.004
2018-19,203524,Solomon Hill,NOP,44,122,0.574,0.597,0.02300000000000002,-0.024
2018-19,2733,Shaun Livingston,GSW,64,122,0.582,0.588,0.006000000000000005,-0.006
2018-19,201609,Goran Dragic,MIA,36,121,0.57,0.593,0.02300000000000002,-0.022
2018-19,203546,Ian Clark,NOP,54,120,0.692,0.593,-0.09899999999999998,0.099
2018-19,203079,Dion Waiters,MIA,44,120,0.6,0.601,0.0010000000000000009,-0.001
2018-19,1626155,Sam Dekker,WAS,44,120,0.65,0.601,-0.049000000000000044,0.049
2018-19,1628972,Troy Brown Jr.,WAS,45,119,0.613,0.594,-0.019000000000000017,0.02
2018-19,101133,Ian Mahinmi,WAS,32,117,0.624,0.606,-0.018000000000000016,0.018
2018-19,2403,Nene,HOU,42,114,0.518,0.611,0.09299999999999997,-0.093
2018-19,202498,Lance Thomas,NYK,46,113,0.681,0.624,-0.05700000000000005,0.057
2018-19,1628425,Sterling Brown,MIL,57,109,0.569,0.598,0.029000000000000026,-0.029
2018-19,202362,Lance Stephenson,LAL,65,109,0.642,0.609,-0.03300000000000003,0.034
2018-19,203917,Nik Stauskas,CLE,68,107,0.579,0.596,0.017000000000000015,-0.016
2018-19,2037,Jamal Crawford,PHX,59,105,0.724,0.605,-0.119,0.118
2018-19,1629016,Omari Spellman,ATL,44,104,0.49,0.61,0.12,-0.12
2018-19,201567,Kevin Love,CLE,22,103,0.534,0.603,0.06899999999999995,-0.069
2018-19,1627745,Damian Jones,GSW,24,102,0.598,0.608,0.010000000000000009,-0.01
2018-19,1627846,Abdel Nader,OKC,51,102,0.618,0.607,-0.01100000000000001,0.011
2018-19,201585,Kosta Koufos,SAC,41,99,0.596,0.616,0.020000000000000018,-0.02
2018-19,1627737,Marquese Chriss,CLE,41,99,0.677,0.609,-0.06800000000000006,0.067
2018-19,1628469,Antonio Blakeney,CHI,51,98,0.653,0.595,-0.05800000000000005,0.058
2018-19,1628984,Devonte' Graham,CHA,44,98,0.663,0.599,-0.06400000000000006,0.064
2018-19,2734,Devin Harris,DAL,62,97,0.691,0.603,-0.08799999999999997,0.088
2018-19,200757,Thabo Sefolosha,UTA,47,97,0.567,0.596,0.029000000000000026,-0.029
2018-19,202327,Ekpe Udoh,UTA,43,96,0.531,0.597,0.06599999999999995,-0.066
2018-19,1626203,Treveon Graham,BKN,34,93,0.591,0.614,0.02300000000000002,-0.023
2018-19,202720,Jon Leuer,DET,39,93,0.656,0.619,-0.03700000000000003,0.037
2018-19,1628416,Tyler Dorsey,MEM,42,92,0.663,0.608,-0.05500000000000005,0.055
2018-19,1628407,Dwayne Bacon,CHA,40,91,0.659,0.61,-0.049000000000000044,0.049
2018-19,202688,Brandon Knight,CLE,39,87,0.736,0.593,-0.14300000000000002,0.143
2018-19,203584,Troy Daniels,PHX,49,87,0.632,0.615,-0.017000000000000015,0.018
2018-19,1628388,T.J. Leaf,IND,56,87,0.529,0.598,0.06899999999999995,-0.069
2018-19,1629057,Robert Williams III,BOS,28,87,0.448,0.617,0.16899999999999998,-0.169
2018-19,1628966,Keita Bates-Diop,MIN,28,85,0.529,0.621,0.09199999999999997,-0.092
2018-19,203459,Allen Crabbe,BKN,43,85,0.635,0.589,-0.04600000000000004,0.046
2018-19,203124,Kyle O'Quinn,IND,36,84,0.583,0.602,0.019000000000000017,-0.019
2018-19,1628417,Jaron Blossomgame,CLE,26,84,0.5,0.601,0.10099999999999998,-0.101
2018-19,203477,Isaiah Canaan,MIL,29,83,0.699,0.606,-0.09299999999999997,0.093
2018-19,101112,Channing Frye,CLE,34,82,0.707,0.625,-0.08199999999999996,0.082
2018-19,1626166,Cameron Payne,CLE,35,82,0.707,0.603,-0.10399999999999998,0.104
2018-19,203922,Glenn Robinson III,DET,42,81,0.654,0.602,-0.052000000000000046,0.053
2018-19,2200,Pau Gasol,MIL,29,80,0.525,0.633,0.10799999999999998,-0.108
2018-19,2225,Tony Parker,CHA,54,76,0.539,0.604,0.06499999999999995,-0.064
2018-19,201573,Jerryd Bayless,MIN,33,76,0.671,0.597,-0.07400000000000007,0.074
2018-19,200826,J.J. Barea,DAL,38,76,0.697,0.597,-0.09999999999999998,0.1
2018-19,1628988,Aaron Holiday,IND,43,75,0.573,0.572,-0.0010000000000000009,0.001
2018-19,202325,Wesley Johnson,WAS,37,74,0.622,0.592,-0.030000000000000027,0.03
2018-19,1627788,Furkan Korkmaz,PHI,44,74,0.568,0.601,0.03300000000000003,-0.033
2018-19,1628400,Semi Ojeleye,BOS,48,73,0.616,0.615,-0.0010000000000000009,0.001
2018-19,101139,CJ Miles,MEM,51,73,0.534,0.605,0.07099999999999995,-0.071
2018-19,1627936,Alex Caruso,LAL,24,73,0.616,0.595,-0.02100000000000002,0.021
2018-19,101181,Jose Calderon,DET,43,72,0.611,0.611,0.0,0.0
2018-19,1629140,Johnathan Williams,LAL,23,72,0.583,0.619,0.03600000000000003,-0.035
2018-19,1629021,Moritz Wagner,LAL,38,71,0.62,0.628,0.008000000000000007,-0.008
2018-19,1627789,Timothe Luwawu-Cabarrot,CHI,40,70,0.557,0.605,0.04799999999999993,-0.048
2018-19,203518,Alex Abrines,OKC,31,69,0.652,0.603,-0.049000000000000044,0.049
2018-19,203526,Raul Neto,UTA,35,69,0.551,0.577,0.025999999999999912,-0.026
2018-19,203957,Dante Exum,UTA,40,69,0.536,0.584,0.04799999999999993,-0.048
2018-19,201956,Omri Casspi,MEM,35,66,0.5,0.612,0.11199999999999999,-0.112
2018-19,1626147,Justin Anderson,ATL,42,64,0.625,0.592,-0.03300000000000003,0.033
2018-19,203487,Michael Carter-Williams,ORL,22,63,0.683,0.567,-0.1160000000000001,0.115
2018-19,1628977,Hamidou Diallo,OKC,41,63,0.635,0.613,-0.02200000000000002,0.022
2018-19,1627820,Tyrone Wallace,LAC,54,63,0.667,0.603,-0.06400000000000006,0.063
2018-19,1628960,Grayson Allen,UTA,32,62,0.613,0.578,-0.03500000000000003,0.035
2018-19,1627824,Guerschon Yabusele,BOS,37,62,0.565,0.59,0.025000000000000022,-0.026
2018-19,203895,Jordan McRae,WAS,21,62,0.629,0.601,-0.028000000000000025,0.028
2018-19,1628515,Isaiah Briscoe,ORL,34,61,0.607,0.595,-0.01200000000000001,0.011
2018-19,1626185,Jarell Martin,ORL,36,60,0.617,0.606,-0.01100000000000001,0.011
2018-19,1627777,Georges Niang,UTA,50,60,0.583,0.613,0.030000000000000027,-0.03
2018-19,101109,Raymond Felton,OKC,29,58,0.586,0.61,0.02400000000000002,-0.024
2018-19,1627814,Damion Lee,GSW,29,57,0.667,0.602,-0.06500000000000006,0.064
2018-19,1628412,Frank Mason III,SAC,34,54,0.63,0.604,-0.026000000000000023,0.026
2018-19,2736,Luol Deng,MIN,22,54,0.537,0.621,0.08399999999999996,-0.084
2018-19,201147,Corey Brewer,SAC,31,53,0.547,0.612,0.06499999999999995,-0.065
2018-19,1628449,Chris Boucher,TOR,28,52,0.596,0.62,0.02400000000000002,-0.024
2018-19,203101,Miles Plumlee,ATL,17,51,0.686,0.619,-0.06700000000000006,0.067
2018-19,1628443,Kadeem Allen,NYK,19,50,0.58,0.582,0.0020000000000000018,-0.002
2018-19,1627775,Patrick McCaw,TOR,26,50,0.6,0.577,-0.02300000000000002,0.023
2018-19,201584,Courtney Lee,DAL,32,49,0.571,0.601,0.030000000000000027,-0.029
2018-19,1628392,Isaiah Hartenstein,HOU,28,49,0.367,0.608,0.241,-0.24
2018-19,1629004,Svi Mykhailiuk,DET,40,49,0.592,0.594,0.0020000000000000018,-0.003
2018-19,202954,Brad Wanamaker,BOS,33,49,0.551,0.577,0.025999999999999912,-0.025
2018-19,1628975,Jevon Carter,MEM,36,48,0.563,0.597,0.03400000000000003,-0.034
2018-19,1629121,Jaylen Adams,ATL,31,47,0.596,0.601,0.0050000000000000044,-0.005
2018-19,202347,Quincy Pondexter,SAS,37,47,0.681,0.612,-0.06900000000000006,0.068
2018-19,1627816,Alex Poythress,ATL,21,47,0.511,0.597,0.08599999999999997,-0.086
2018-19,1628365,Markelle Fultz,ORL,17,46,0.5,0.577,0.07699999999999996,-0.077
2018-19,2730,Dwight Howard,WAS,9,45,0.511,0.614,0.10299999999999998,-0.103
2018-19,2546,Carmelo Anthony,HOU,10,45,0.689,0.585,-0.10399999999999998,0.104
2018-19,1629151,Ryan Broekhoff,DAL,34,44,0.568,0.612,0.04400000000000004,-0.044
2018-19,1629034,Ray Spalding,PHX,14,43,0.651,0.629,-0.02200000000000002,0.022
2018-19,201160,Jason Smith,NOP,18,43,0.628,0.61,-0.018000000000000016,0.018
2018-19,202705,MarShon Brooks,MEM,29,43,0.558,0.608,0.04999999999999993,-0.05
2018-19,1629126,Deonte Burton,OKC,21,42,0.429,0.591,0.16199999999999998,-0.162
2018-19,1627746,Skal Labissiere,POR,20,42,0.667,0.621,-0.04600000000000004,0.046
2018-19,1626174,Christian Wood,NOP,20,42,0.595,0.594,-0.0010000000000000009,0.001
2018-19,202718,Chandler Parsons,MEM,25,42,0.69,0.613,-0.07699999999999996,0.077
2018-19,1627740,Henry Ellenson,NYK,19,41,0.561,0.611,0.04999999999999993,-0.05
2018-19,1628414,Sindarius Thornwell,LAC,43,40,0.725,0.59,-0.135,0.135
2018-19,201583,Ryan Anderson,MIA,21,40,0.55,0.613,0.06299999999999994,-0.063
2018-19,1628415,Dillon Brooks,MEM,18,39,0.667,0.607,-0.06000000000000005,0.059
2018-19,1629244,Cam Reynolds,MIN,17,38,0.711,0.622,-0.08899999999999997,0.089
2018-19,1627786,Troy Williams,SAC,21,38,0.632,0.607,-0.025000000000000022,0.025
2018-19,1627395,Julian Washburn,MEM,16,37,0.622,0.615,-0.007000000000000006,0.007
2018-19,201563,Michael Beasley,LAL,25,36,0.722,0.6,-0.122,0.123
2018-19,1628978,Donte DiVincenzo,MIL,27,36,0.556,0.581,0.02499999999999991,-0.026
2018-19,1628403,Caleb Swanigan,SAC,18,35,0.657,0.625,-0.03200000000000003,0.032
2018-19,203098,John Jenkins,NYK,26,34,0.618,0.582,-0.03600000000000003,0.036
2018-19,101106,Andrew Bogut,GSW,11,34,0.529,0.582,0.052999999999999936,-0.052
2018-19,1629003,Shake Milton,PHI,17,34,0.471,0.59,0.119,-0.119
2018-19,1628980,Jacob Evans,GSW,21,33,0.606,0.613,0.007000000000000006,-0.007
2018-19,1627772,Daniel Hamilton,ATL,17,32,0.563,0.61,0.04700000000000004,-0.047
2018-19,203485,Lorenzo Brown,TOR,21,32,0.469,0.591,0.122,-0.122
2018-19,1627738,Deyonta Davis,ATL,8,32,0.375,0.632,0.257,-0.257
2018-19,1629203,Jemerrio Jones,LAL,5,32,0.563,0.594,0.031000000000000028,-0.031
2018-19,1629010,Jerome Robinson,LAC,27,31,0.71,0.588,-0.122,0.122
2018-19,1629061,Deng Adel,CLE,14,30,0.6,0.601,0.0010000000000000009,-0.001
2018-19,1627883,Jalen Jones,CLE,16,28,0.75,0.609,-0.14100000000000001,0.141
2018-19,1628410,Edmond Sumner,IND,19,28,0.857,0.603,-0.254,0.254
2018-19,1626150,Andrew Harrison,NOP,15,27,0.519,0.583,0.06399999999999995,-0.064
2018-19,1627758,Ron Baker,WAS,11,27,0.704,0.574,-0.13,0.13
2018-19,1628405,Johnathan Motley,LAC,18,26,0.769,0.616,-0.15300000000000002,0.153
2018-19,203463,Ben McLemore,SAC,15,26,0.692,0.626,-0.06599999999999995,0.067
2018-19,1629033,Theo Pinson,BKN,15,25,0.44,0.598,0.15799999999999997,-0.158
2018-19,1629234,Drew Eubanks,SAS,19,23,0.696,0.619,-0.07699999999999996,0.077
2018-19,203089,John Henson,CLE,14,23,0.304,0.596,0.292,-0.292
2018-19,1627215,Walt Lemon Jr.,CHI,6,22,0.682,0.608,-0.07400000000000007,0.074
2018-19,1629130,Duncan Robinson,MIA,11,22,0.545,0.577,0.03199999999999992,-0.032
2018-19,203112,Quincy Acy,PHX,10,21,0.476,0.579,0.10299999999999998,-0.103
2018-19,1629014,Anfernee Simons,POR,15,21,0.619,0.615,-0.0040000000000000036,0.004
2018-19,1629139,Yuta Watanabe,MEM,11,21,0.476,0.607,0.131,-0.131
2018-19,2747,JR Smith,CLE,9,20,0.9,0.582,-0.31800000000000006,0.318
2018-19,1629102,Brandon Sampson,CHI,13,20,0.45,0.568,0.11799999999999994,-0.118
2018-19,1628959,Rawle Alkins,CHI,7,20,0.5,0.578,0.07799999999999996,-0.078
2018-19,203092,Tyler Zeller,MEM,6,20,0.45,0.625,0.175,-0.175
2018-19,1629541,Dairis Bertans,NOP,12,19,0.579,0.587,0.008000000000000007,-0.008
2018-19,1628462,Milos Teodosic,LAC,13,19,0.789,0.567,-0.2220000000000001,0.223
2018-19,202738,Isaiah Thomas,DEN,12,19,0.632,0.593,-0.039000000000000035,0.039
2018-19,1629045,Bonzie Colson,MIL,5,18,0.667,0.583,-0.08400000000000007,0.084
2018-19,203710,C.J. Williams,MIN,12,18,0.556,0.584,0.027999999999999914,-0.028
2018-19,1629067,Isaac Bonga,LAL,15,17,0.706,0.614,-0.09199999999999997,0.092
2018-19,1629002,Chimezie Metu,SAS,22,17,0.706,0.596,-0.10999999999999999,0.11
2018-19,1629020,Jarred Vanderbilt,DEN,10,17,0.588,0.608,0.020000000000000018,-0.019
2018-19,1629017,Khyri Thomas,DET,18,17,0.706,0.632,-0.07399999999999995,0.074
2018-19,203960,JaKarr Sampson,CHI,4,17,0.588,0.617,0.029000000000000026,-0.029
2018-19,1629018,Gary Trent Jr.,POR,12,17,0.647,0.593,-0.05400000000000005,0.054
2018-19,1628993,Alize Johnson,IND,11,16,0.438,0.6,0.16199999999999998,-0.162
2018-19,1628518,Amile Jefferson,ORL,11,15,0.733,0.601,-0.132,0.132
2018-19,2617,Udonis Haslem,MIA,7,15,0.467,0.561,0.09400000000000003,-0.094
2018-19,1628399,Tyler Lydon,DEN,16,15,0.733,0.59,-0.14300000000000002,0.143
2018-19,1629015,Zhaire Smith,PHI,5,14,0.5,0.599,0.09899999999999998,-0.099
2018-19,1628513,Naz Mitrou-Long,UTA,12,14,0.5,0.568,0.06799999999999995,-0.068
2018-19,1629022,Lonnie Walker IV,SAS,13,14,0.571,0.613,0.04200000000000004,-0.042
2018-19,1629094,Marcus Derrickson,GSW,11,14,0.571,0.595,0.02400000000000002,-0.024
2018-19,1627735,Wade Baldwin IV,POR,13,12,0.583,0.534,-0.04899999999999993,0.049
2018-19,1628070,Jordan Loyd,TOR,9,12,0.583,0.574,-0.009000000000000008,0.01
2018-19,203263,James Nunnally,HOU,13,12,0.667,0.614,-0.05300000000000005,0.053
2018-19,1629353,Isaac Humphries,ATL,5,12,0.583,0.635,0.052000000000000046,-0.051
2018-19,202690,Jimmer Fredette,PHX,6,11,0.727,0.589,-0.138,0.138
2018-19,1626259,Malcolm Miller,TOR,10,11,0.545,0.533,-0.01200000000000001,0.012
2018-19,203961,Eric Moreland,TOR,5,11,0.636,0.571,-0.06500000000000006,0.065
2018-19,201975,Jodie Meeks,TOR,7,10,0.7,0.543,-0.15699999999999992,0.157
2018-19,1628408,PJ Dozier,BOS,3,9,1.0,0.642,-0.358,0.358
2018-19,1629133,Daryl Macon,DAL,7,9,0.667,0.661,-0.006000000000000005,0.005
2018-19,1628421,Devin Robinson,WAS,7,9,0.667,0.639,-0.028000000000000025,0.028
2018-19,1627781,Malachi Richardson,TOR,12,9,0.667,0.623,-0.04400000000000004,0.044
2018-19,1629123,Jared Terrell,MIN,11,9,0.444,0.531,0.08700000000000002,-0.087
2018-19,1629168,BJ Johnson,SAC,7,8,0.75,0.602,-0.14800000000000002,0.148
2018-19,1628656,Billy Garrett,NYK,4,8,0.875,0.582,-0.29300000000000004,0.294
2018-19,1628396,Tony Bradley,UTA,2,8,0.625,0.615,-0.010000000000000009,0.01
2018-19,201601,Luc Mbah a Moute,LAC,4,8,0.75,0.626,-0.124,0.125
2018-19,1628439,Isaiah Hicks,NYK,3,7,0.286,0.553,0.26700000000000007,-0.268
2018-19,1628393,Jawun Evans,OKC,7,7,0.571,0.599,0.028000000000000025,-0.027
2018-19,1628463,Tyler Cavanaugh,UTA,6,7,0.429,0.542,0.11300000000000004,-0.113
2018-19,1628432,Davon Reed,IND,8,7,0.571,0.522,-0.04899999999999993,0.049
2018-19,1629312,Haywood Highsmith,PHI,4,6,0.333,0.472,0.13899999999999996,-0.138
2018-19,1628982,Melvin Frazier Jr.,ORL,9,6,0.667,0.579,-0.08800000000000008,0.087
2018-19,1629152,DeVaughn Akoon-Purcell,DEN,5,6,0.667,0.579,-0.08800000000000008,0.088
2018-19,1629150,Emanuel Terry,MIA,3,6,0.833,0.575,-0.258,0.258
2018-19,1628249,Mitchell Creek,MIN,3,6,0.5,0.585,0.08499999999999996,-0.085
2018-19,1629122,J.P. Macura,CHA,2,5,0.6,0.668,0.06800000000000006,-0.068
2018-19,1629058,Dzanan Musa,BKN,4,5,0.6,0.494,-0.10599999999999998,0.106
2018-19,1626154,RJ Hunter,BOS,1,5,0.4,0.632,0.23199999999999998,-0.232
2018-19,1628383,Justin Patton,PHI,2,5,1.0,0.729,-0.271,0.271
2018-19,1629164,Brandon Goodwin,DEN,11,4,0.75,0.552,-0.19799999999999995,0.199
2018-19,1628605,Dusty Hannahs,MEM,2,4,0.25,0.595,0.345,-0.345
2018-19,1626210,Alan Williams,BKN,5,4,0.25,0.602,0.352,-0.352
2018-19,1629118,Thomas Welsh,DEN,7,4,1.0,0.571,-0.42900000000000005,0.429
2018-19,1628387,Ike Anigbogu,IND,2,4,1.0,0.636,-0.364,0.364
2018-19,1627743,Demetrius Jackson,PHI,4,3,0.333,0.492,0.15899999999999997,-0.159
2018-19,201156,Nick Young,DEN,3,3,1.0,0.598,-0.402,0.402
2018-19,1628999,Yante Maten,MIA,1,3,1.0,0.63,-0.37,0.37
2018-19,1628979,Trevon Duval,HOU,2,2,0.5,0.659,0.15900000000000003,-0.159
2018-19,1629185,Chris Chiozza,HOU,6,2,0.5,0.59,0.08999999999999997,-0.09
2018-19,203159,Scott Machado,LAL,2,2,0.0,0.543,0.543,-0.543
2018-19,1628994,George King,PHX,1,2,1.0,0.607,-0.393,0.394
2018-19,1627780,Gary Payton II,WAS,2,2,0.5,0.576,0.07599999999999996,-0.076
2018-19,201281,Andre Ingram,LAL,3,1,0.0,0.58,0.58,-0.58
2018-19,202700,Donatas Motiejunas,SAS,3,1,0.0,0.565,0.565,-0.565
2018-19,1628537,Jaylen Morris,MIL,3,1,0.0,0.618,0.618,-0.618
2018-19,1628961,Kostas Antetokounmpo,DAL,2,1,0.0,0.542,0.542,-0.542
2018-19,1628769,Tahjere McCall,BKN,1,1,0.0,0.662,0.662,-0.662
2018-19,203093,Terrence Jones,HOU,1,1,1.0,0.5,-0.5,0.5
2018-19,203474,DJ Stephens,MEM,1,1,0.0,0.737,0.737,-0.737
2018-19,1629053,Vincent Edwards,HOU,1,1,0.0,0.506,0.506,-0.506
2019-20,203999,Nikola Jokić,DEN,73,569,0.61,0.643,0.03300000000000003,-0.033
2019-20,203497,Rudy Gobert,UTA,68,565,0.501,0.623,0.122,-0.122
2019-20,202355,Hassan Whiteside,POR,66,534,0.521,0.632,0.11099999999999999,-0.111
2019-20,1628386,Jarrett Allen,BKN,70,456,0.526,0.618,0.09199999999999997,-0.092
2019-20,1626167,Myles Turner,IND,62,453,0.57,0.636,0.06600000000000006,-0.066
2019-20,203083,Andre Drummond,CLE,56,443,0.607,0.631,0.02400000000000002,-0.024
2019-20,202696,Nikola Vučević,ORL,62,441,0.603,0.626,0.02300000000000002,-0.022
2019-20,201572,Brook Lopez,MIL,67,441,0.46,0.626,0.16599999999999998,-0.166
2019-20,201935,James Harden,HOU,68,440,0.62,0.617,-0.0030000000000000027,0.003
2019-20,1627734,Domantas Sabonis,IND,62,438,0.562,0.622,0.05999999999999994,-0.06
2019-20,1628464,Daniel Theis,BOS,65,423,0.546,0.622,0.07599999999999996,-0.076
2019-20,202357,Nemanja Bjelica,SAC,72,418,0.632,0.627,-0.0050000000000000044,0.005
2019-20,201143,Al Horford,PHI,67,415,0.624,0.622,-0.0020000000000000018,0.002
2019-20,1628467,Maxi Kleber,DAL,73,399,0.559,0.617,0.05799999999999994,-0.059
2019-20,1628983,Shai Gilgeous-Alexander,OKC,70,397,0.61,0.606,-0.0040000000000000036,0.003
2019-20,202685,Jonas Valančiūnas,MEM,70,394,0.556,0.628,0.07199999999999995,-0.072
2019-20,204001,Kristaps Porziņģis,DAL,56,391,0.501,0.62,0.119,-0.119
2019-20,1628389,Bam Adebayo,MIA,71,377,0.573,0.624,0.051000000000000045,-0.051
2019-20,200782,P.J. Tucker,HOU,71,377,0.613,0.622,0.009000000000000008,-0.009
2019-20,203500,Steven Adams,OKC,62,376,0.556,0.629,0.07299999999999995,-0.073
2019-20,1627741,Buddy Hield,SAC,72,375,0.605,0.606,0.0010000000000000009,-0.001
2019-20,1628366,Lonzo Ball,NOP,63,369,0.593,0.606,0.013000000000000012,-0.012
2019-20,1627783,Pascal Siakam,TOR,60,360,0.583,0.617,0.03400000000000003,-0.033
2019-20,203496,Robert Covington,HOU,70,360,0.678,0.622,-0.05600000000000005,0.056
2019-20,201586,Serge Ibaka,TOR,55,356,0.5,0.612,0.11199999999999999,-0.112
2019-20,201567,Kevin Love,CLE,56,356,0.657,0.612,-0.04500000000000004,0.046
2019-20,201950,Jrue Holiday,NOP,61,355,0.623,0.613,-0.010000000000000009,0.01
2019-20,1629023,P.J. Washington,CHA,57,354,0.616,0.614,-0.0020000000000000018,0.001
2019-20,203468,CJ McCollum,POR,69,354,0.568,0.606,0.038000000000000034,-0.039
2019-20,203954,Joel Embiid,PHI,51,353,0.575,0.627,0.052000000000000046,-0.052
2019-20,1628969,Mikal Bridges,PHX,72,352,0.611,0.617,0.006000000000000005,-0.006
2019-20,203469,Cody Zeller,CHA,57,349,0.602,0.629,0.027000000000000024,-0.027
2019-20,1628970,Miles Bridges,CHA,64,346,0.616,0.62,0.0040000000000000036,-0.004
2019-20,1627826,Ivica Zubac,LAC,72,346,0.486,0.633,0.14700000000000002,-0.147
2019-20,1629636,Darius Garland,CLE,59,343,0.676,0.598,-0.07800000000000007,0.078
2019-20,1628404,Josh Hart,NOP,65,343,0.595,0.618,0.02300000000000002,-0.023
2019-20,1627751,Jakob Poeltl,SAS,65,342,0.526,0.624,0.09799999999999998,-0.098
2019-20,1628991,Jaren Jackson Jr.,MEM,57,338,0.544,0.624,0.07999999999999996,-0.079
2019-20,1627827,Dorian Finney-Smith,DAL,70,329,0.578,0.621,0.04300000000000004,-0.043
2019-20,1626164,Devin Booker,PHX,70,326,0.617,0.609,-0.008000000000000007,0.007
2019-20,1626220,Royce O'Neale,UTA,71,326,0.601,0.612,0.01100000000000001,-0.011
2019-20,203457,Nerlens Noel,OKC,61,326,0.58,0.638,0.05800000000000005,-0.058
2019-20,1629027,Trae Young,ATL,60,324,0.679,0.591,-0.08800000000000008,0.088
2019-20,1626149,Montrezl Harrell,LAC,63,319,0.545,0.622,0.07699999999999996,-0.077
2019-20,1629631,De'Andre Hunter,ATL,63,318,0.645,0.614,-0.031000000000000028,0.031
2019-20,203076,Anthony Davis,LAL,62,316,0.506,0.62,0.11399999999999999,-0.114
2019-20,202699,Tobias Harris,PHI,72,315,0.644,0.615,-0.029000000000000026,0.03
2019-20,1629029,Luka Dončić,DAL,59,313,0.597,0.608,0.01100000000000001,-0.01
2019-20,202722,Davis Bertans,WAS,54,312,0.58,0.618,0.038000000000000034,-0.038
2019-20,1629012,Collin Sexton,CLE,65,312,0.731,0.606,-0.125,0.125
2019-20,202684,Tristan Thompson,CLE,57,311,0.534,0.621,0.08699999999999997,-0.087
2019-20,203932,Aaron Gordon,ORL,62,310,0.542,0.624,0.08199999999999996,-0.082
2019-20,1628972,Troy Brown Jr.,WAS,69,310,0.652,0.607,-0.04500000000000004,0.045
2019-20,1627742,Brandon Ingram,NOP,62,308,0.565,0.614,0.049000000000000044,-0.049
2019-20,1628401,Derrick White,SAS,67,307,0.642,0.615,-0.027000000000000024,0.027
2019-20,200746,LaMarcus Aldridge,SAS,52,305,0.554,0.627,0.07299999999999995,-0.073
2019-20,203967,Dario Saric,PHX,65,305,0.548,0.622,0.07399999999999995,-0.074
2019-20,203200,Justin Holiday,IND,73,304,0.586,0.609,0.02300000000000002,-0.023
2019-20,201580,JaVale McGee,LAL,68,302,0.533,0.627,0.09399999999999997,-0.093
2019-20,1628381,John Collins,ATL,41,298,0.601,0.612,0.01100000000000001,-0.011
2019-20,201980,Danny Green,LAL,68,297,0.609,0.614,0.0050000000000000044,-0.004
2019-20,1627863,Danuel House Jr.,HOU,63,296,0.642,0.606,-0.03600000000000003,0.036
2019-20,1628374,Lauri Markkanen,CHI,50,296,0.598,0.62,0.02200000000000002,-0.022
2019-20,203095,Evan Fournier,ORL,66,294,0.643,0.611,-0.03200000000000003,0.032
2019-20,1626158,Richaun Holmes,SAC,44,292,0.606,0.626,0.020000000000000018,-0.02
2019-20,1627749,Dejounte Murray,SAS,65,292,0.637,0.618,-0.019000000000000017,0.019
2019-20,1627752,Taurean Prince,BKN,64,291,0.608,0.615,0.007000000000000006,-0.006
2019-20,202689,Kemba Walker,BOS,56,290,0.586,0.6,0.014000000000000012,-0.013
2019-20,203115,Will Barton,DEN,58,289,0.637,0.614,-0.02300000000000002,0.023
2019-20,1626179,Terry Rozier,CHA,62,287,0.666,0.606,-0.06000000000000005,0.059
2019-20,203471,Dennis Schröder,OKC,65,286,0.563,0.607,0.04400000000000004,-0.045
2019-20,203145,Kent Bazemore,SAC,68,286,0.563,0.612,0.049000000000000044,-0.049
2019-20,1629630,Ja Morant,MEM,67,285,0.621,0.595,-0.026000000000000023,0.026
2019-20,203991,Clint Capela,ATL,39,284,0.627,0.636,0.009000000000000008,-0.009
2019-20,1628369,Jayson Tatum,BOS,66,284,0.581,0.605,0.02400000000000002,-0.024
2019-20,201152,Thaddeus Young,CHI,64,283,0.618,0.621,0.0030000000000000027,-0.003
2019-20,1626174,Christian Wood,DET,60,283,0.548,0.617,0.06899999999999995,-0.069
2019-20,1628989,Kevin Huerter,ATL,56,283,0.636,0.603,-0.03300000000000003,0.033
2019-20,1628976,Wendell Carter Jr.,CHI,43,282,0.567,0.632,0.06500000000000006,-0.064
2019-20,203925,Joe Harris,BKN,69,281,0.612,0.61,-0.0020000000000000018,0.002
2019-20,1628415,Dillon Brooks,MEM,73,277,0.596,0.61,0.014000000000000012,-0.014
2019-20,202709,Cory Joseph,SAC,72,275,0.615,0.613,-0.0020000000000000018,0.002
2019-20,203922,Glenn Robinson III,PHI,62,275,0.636,0.618,-0.018000000000000016,0.019
2019-20,1629011,Mitchell Robinson,NYK,61,274,0.555,0.62,0.06499999999999995,-0.065
2019-20,202397,Ish Smith,WAS,68,274,0.606,0.59,-0.016000000000000014,0.016
2019-20,1629028,Deandre Ayton,PHX,38,273,0.568,0.621,0.05300000000000005,-0.054
2019-20,203081,Damian Lillard,POR,65,273,0.652,0.619,-0.03300000000000003,0.033
2019-20,201937,Ricky Rubio,PHX,64,272,0.662,0.61,-0.052000000000000046,0.052
2019-20,1628418,Thomas Bryant,WAS,46,271,0.616,0.61,-0.006000000000000005,0.006
2019-20,202324,Derrick Favors,NOP,51,271,0.542,0.626,0.08399999999999996,-0.083
2019-20,203944,Julius Randle,NYK,64,271,0.59,0.629,0.039000000000000035,-0.039
2019-20,1628365,Markelle Fultz,ORL,72,269,0.613,0.6,-0.013000000000000012,0.013
2019-20,1628971,Bruce Brown,DET,57,269,0.613,0.603,-0.010000000000000009,0.011
2019-20,1626161,Willie Cauley-Stein,DAL,54,269,0.539,0.639,0.09999999999999998,-0.1
2019-20,101108,Chris Paul,OKC,70,269,0.677,0.613,-0.06400000000000006,0.064
2019-20,1628984,Devonte' Graham,CHA,62,268,0.608,0.597,-0.01100000000000001,0.011
2019-20,200768,Kyle Lowry,TOR,58,267,0.584,0.608,0.02400000000000002,-0.024
2019-20,1626224,Cedi Osman,CLE,65,267,0.674,0.605,-0.06900000000000006,0.069
2019-20,203486,Mason Plumlee,DEN,61,267,0.554,0.622,0.06799999999999995,-0.068
2019-20,201188,Marc Gasol,TOR,44,266,0.556,0.622,0.06599999999999995,-0.065
2019-20,1627732,Ben Simmons,PHI,57,266,0.59,0.61,0.020000000000000018,-0.02
2019-20,1627832,Fred VanVleet,TOR,54,265,0.585,0.606,0.02100000000000002,-0.021
2019-20,203107,Tomas Satoransky,CHI,65,262,0.668,0.61,-0.05800000000000005,0.058
2019-20,1629130,Duncan Robinson,MIA,71,259,0.633,0.6,-0.03300000000000003,0.033
2019-20,1629634,Brandon Clarke,MEM,58,259,0.564,0.62,0.05600000000000005,-0.056
2019-20,1629629,Cam Reddish,ATL,58,259,0.583,0.598,0.015000000000000013,-0.015
2019-20,201577,Robin Lopez,MIL,65,258,0.434,0.61,0.176,-0.175
2019-20,203476,Gorgui Dieng,MEM,62,258,0.554,0.624,0.06999999999999995,-0.07
2019-20,1627759,Jaylen Brown,BOS,57,257,0.591,0.615,0.02400000000000002,-0.024
2019-20,1629060,Rui Hachimura,WAS,48,257,0.661,0.625,-0.03600000000000003,0.037
2019-20,203503,Tony Snell,DET,58,255,0.643,0.615,-0.028000000000000025,0.028
2019-20,203507,Giannis Antetokounmpo,MIL,62,254,0.413,0.617,0.20400000000000001,-0.204
2019-20,203501,Tim Hardaway Jr.,DAL,70,254,0.677,0.61,-0.06700000000000006,0.067
2019-20,203084,Harrison Barnes,SAC,72,254,0.63,0.618,-0.01200000000000001,0.012
2019-20,203897,Zach LaVine,CHI,60,254,0.591,0.602,0.01100000000000001,-0.011
2019-20,1626153,Delon Wright,DAL,72,253,0.601,0.605,0.0040000000000000036,-0.004
2019-20,203463,Ben McLemore,HOU,71,253,0.68,0.603,-0.07700000000000007,0.076
2019-20,203952,Andrew Wiggins,GSW,54,252,0.611,0.613,0.0020000000000000018,-0.002
2019-20,201942,DeMar DeRozan,SAS,67,251,0.641,0.629,-0.01200000000000001,0.013
2019-20,1627750,Jamal Murray,DEN,59,251,0.653,0.617,-0.03600000000000003,0.037
2019-20,203458,Alex Len,SAC,55,250,0.508,0.618,0.10999999999999999,-0.11
2019-20,1628988,Aaron Holiday,IND,65,249,0.651,0.604,-0.04700000000000004,0.046
2019-20,1627737,Marquese Chriss,GSW,59,248,0.573,0.629,0.05600000000000005,-0.057
2019-20,204060,Joe Ingles,UTA,71,247,0.676,0.607,-0.06900000000000006,0.069
2019-20,1629632,Coby White,CHI,65,247,0.66,0.602,-0.05800000000000005,0.058
2019-20,2730,Dwight Howard,LAL,69,245,0.629,0.621,-0.008000000000000007,0.008
2019-20,203109,Jae Crowder,MIA,64,245,0.645,0.613,-0.03200000000000003,0.032
2019-20,2544,LeBron James,LAL,67,244,0.557,0.616,0.05899999999999994,-0.059
2019-20,202695,Kawhi Leonard,LAC,57,244,0.635,0.632,-0.0030000000000000027,0.003
2019-20,202692,Alec Burks,PHI,66,242,0.566,0.611,0.04500000000000004,-0.045
2019-20,1626157,Karl-Anthony Towns,MIN,35,240,0.583,0.631,0.04800000000000004,-0.048
2019-20,1627763,Malcolm Brogdon,IND,54,240,0.563,0.612,0.049000000000000044,-0.049
2019-20,203915,Spencer Dinwiddie,BKN,64,239,0.611,0.606,-0.0050000000000000044,0.005
2019-20,1629637,Jaxson Hayes,NOP,63,239,0.607,0.627,0.020000000000000018,-0.021
2019-20,1626162,Kelly Oubre Jr.,PHX,55,239,0.573,0.607,0.03400000000000003,-0.034
2019-20,201568,Danilo Gallinari,OKC,62,239,0.632,0.622,-0.010000000000000009,0.01
2019-20,1629134,Kendrick Nunn,MIA,66,238,0.668,0.606,-0.062000000000000055,0.062
2019-20,200752,Rudy Gay,SAS,66,238,0.529,0.605,0.07599999999999996,-0.075
2019-20,202687,Bismack Biyombo,CHA,51,236,0.564,0.618,0.05400000000000005,-0.055
2019-20,203082,Terrence Ross,ORL,69,235,0.6,0.608,0.008000000000000007,-0.008
2019-20,203078,Bradley Beal,WAS,57,235,0.655,0.609,-0.04600000000000004,0.046
2019-20,202066,Garrett Temple,BKN,62,235,0.621,0.6,-0.02100000000000002,0.021
2019-20,1626156,D'Angelo Russell,MIN,45,234,0.624,0.607,-0.017000000000000015,0.017
2019-20,1629639,Tyler Herro,MIA,55,230,0.691,0.613,-0.07799999999999996,0.079
2019-20,203085,Austin Rivers,HOU,66,229,0.624,0.609,-0.015000000000000013,0.015
2019-20,1629006,Josh Okogie,MIN,62,229,0.638,0.605,-0.03300000000000003,0.033
2019-20,203939,Dwight Powell,DAL,39,227,0.564,0.631,0.06700000000000006,-0.067
2019-20,101150,Lou Williams,LAC,65,225,0.636,0.593,-0.04300000000000004,0.043
2019-20,1626204,Larry Nance Jr.,CLE,56,225,0.631,0.624,-0.007000000000000006,0.007
2019-20,203087,Jeremy Lamb,IND,46,224,0.598,0.608,0.010000000000000009,-0.01
2019-20,203933,T.J. Warren,IND,67,224,0.594,0.618,0.02400000000000002,-0.024
2019-20,1629740,Nicolo Melli,NOP,57,224,0.589,0.624,0.03500000000000003,-0.035
2019-20,1629628,RJ Barrett,NYK,56,223,0.637,0.601,-0.03600000000000003,0.036
2019-20,203992,Bogdan Bogdanović,SAC,61,223,0.664,0.614,-0.050000000000000044,0.05
2019-20,1628964,Mo Bamba,ORL,62,223,0.556,0.629,0.07299999999999995,-0.073
2019-20,1626196,Josh Richardson,PHI,54,221,0.597,0.593,-0.0040000000000000036,0.005
2019-20,203924,Jerami Grant,DEN,71,220,0.564,0.63,0.06600000000000006,-0.066
2019-20,1628398,Kyle Kuzma,LAL,61,219,0.58,0.608,0.028000000000000025,-0.028
2019-20,1628378,Donovan Mitchell,UTA,69,219,0.639,0.61,-0.029000000000000026,0.03
2019-20,1629014,Anfernee Simons,POR,69,218,0.569,0.601,0.03200000000000003,-0.033
2019-20,1629647,Darius Bazley,OKC,60,217,0.59,0.604,0.014000000000000012,-0.014
2019-20,200794,Paul Millsap,DEN,51,216,0.625,0.629,0.0040000000000000036,-0.004
2019-20,203484,Kentavious Caldwell-Pope,LAL,69,215,0.656,0.601,-0.05500000000000005,0.055
2019-20,202694,Marcus Morris Sr.,LAC,62,215,0.619,0.623,0.0040000000000000036,-0.005
2019-20,1628384,OG Anunoby,TOR,68,215,0.572,0.617,0.04500000000000004,-0.045
2019-20,202711,Bojan Bogdanovic,UTA,63,214,0.621,0.608,-0.013000000000000012,0.014
2019-20,1629001,De'Anthony Melton,MEM,60,214,0.626,0.613,-0.013000000000000012,0.013
2019-20,201566,Russell Westbrook,HOU,57,214,0.603,0.605,0.0020000000000000018,-0.002
2019-20,1628368,De'Aaron Fox,SAC,51,214,0.706,0.605,-0.10099999999999998,0.101
2019-20,203090,Maurice Harkless,NYK,62,213,0.592,0.61,0.018000000000000016,-0.019
2019-20,203210,JaMychal Green,LAC,63,213,0.582,0.617,0.03500000000000003,-0.035
2019-20,202339,Eric Bledsoe,MIL,60,213,0.526,0.596,0.06999999999999995,-0.071
2019-20,203482,Kelly Olynyk,MIA,65,212,0.642,0.621,-0.02100000000000002,0.021
2019-20,203110,Draymond Green,GSW,43,212,0.542,0.627,0.08499999999999996,-0.084
2019-20,101133,Ian Mahinmi,WAS,38,210,0.552,0.616,0.06399999999999995,-0.063
2019-20,202683,Enes Freedom,BOS,57,209,0.55,0.63,0.07999999999999996,-0.079
2019-20,1629633,Jarrett Culver,MIN,63,208,0.596,0.61,0.014000000000000012,-0.014
2019-20,1627748,Thon Maker,DET,59,207,0.594,0.63,0.03600000000000003,-0.036
2019-20,201144,Mike Conley,UTA,47,206,0.65,0.607,-0.04300000000000004,0.044
2019-20,1629684,Grant Williams,BOS,68,205,0.615,0.6,-0.015000000000000013,0.014
2019-20,202710,Jimmy Butler III,MIA,58,205,0.62,0.614,-0.006000000000000005,0.005
2019-20,203926,Doug McDermott,IND,69,204,0.613,0.601,-0.01200000000000001,0.012
2019-20,203382,Aron Baynes,PHX,41,203,0.606,0.632,0.026000000000000023,-0.026
2019-20,1627788,Furkan Korkmaz,PHI,71,203,0.571,0.6,0.029000000000000026,-0.029
2019-20,1628978,Donte DiVincenzo,MIL,65,203,0.517,0.594,0.07699999999999996,-0.077
2019-20,1629672,Eric Paschall,GSW,60,202,0.624,0.615,-0.009000000000000008,0.009
2019-20,1626171,Bobby Portis,NYK,66,201,0.617,0.616,-0.0010000000000000009,0.001
2019-20,1627745,Damian Jones,ATL,54,200,0.605,0.612,0.007000000000000006,-0.007
2019-20,203903,Jordan Clarkson,UTA,71,200,0.61,0.604,-0.006000000000000005,0.006
2019-20,1629067,Isaac Bonga,WAS,64,199,0.593,0.611,0.018000000000000016,-0.018
2019-20,1629065,Ky Bowman,GSW,45,199,0.578,0.603,0.025000000000000022,-0.025
2019-20,1627936,Alex Caruso,LAL,64,198,0.616,0.602,-0.014000000000000012,0.015
2019-20,1629645,Kevin Porter Jr.,CLE,50,198,0.641,0.598,-0.04300000000000004,0.043
2019-20,1628449,Chris Boucher,TOR,58,197,0.492,0.609,0.11699999999999999,-0.116
2019-20,1626178,Rondae Hollis-Jefferson,TOR,60,196,0.582,0.605,0.02300000000000002,-0.024
2019-20,201599,DeAndre Jordan,BKN,56,196,0.531,0.616,0.08499999999999996,-0.085
2019-20,203086,Meyers Leonard,MIA,51,196,0.658,0.634,-0.02400000000000002,0.024
2019-20,1626168,Trey Lyles,SAS,61,195,0.631,0.618,-0.013000000000000012,0.012
2019-20,203894,Shabazz Napier,WAS,56,194,0.634,0.602,-0.03200000000000003,0.032
2019-20,203935,Marcus Smart,BOS,60,193,0.637,0.617,-0.020000000000000018,0.021
2019-20,202331,Paul George,LAC,48,193,0.575,0.622,0.04700000000000004,-0.047
2019-20,201609,Goran Dragic,MIA,58,192,0.672,0.593,-0.07900000000000007,0.079
2019-20,1628396,Tony Bradley,UTA,57,192,0.563,0.606,0.04300000000000004,-0.044
2019-20,204038,Langston Galloway,DET,65,190,0.647,0.602,-0.04500000000000004,0.045
2019-20,202330,Gordon Hayward,BOS,52,187,0.583,0.61,0.027000000000000024,-0.027
2019-20,204456,T.J. McConnell,IND,71,187,0.626,0.602,-0.02400000000000002,0.023
2019-20,201952,Jeff Teague,ATL,59,186,0.656,0.602,-0.05400000000000005,0.054
2019-20,203901,Elfrid Payton,NYK,45,186,0.645,0.601,-0.04400000000000004,0.045
2019-20,1627814,Damion Lee,GSW,48,185,0.703,0.62,-0.08299999999999996,0.083
2019-20,1629021,Moritz Wagner,WAS,45,184,0.598,0.618,0.020000000000000018,-0.02
2019-20,203937,Kyle Anderson,MEM,67,182,0.527,0.617,0.08999999999999997,-0.089
2019-20,2772,Trevor Ariza,POR,52,179,0.648,0.623,-0.025000000000000022,0.025
2019-20,1627739,Kris Dunn,CHI,50,178,0.64,0.618,-0.02200000000000002,0.022
2019-20,1626163,Frank Kaminsky,PHX,38,178,0.646,0.627,-0.019000000000000017,0.019
2019-20,1629013,Landry Shamet,LAC,53,177,0.582,0.603,0.02100000000000002,-0.021
2019-20,1629661,Cameron Johnson,PHX,56,177,0.644,0.616,-0.028000000000000025,0.029
2019-20,1627746,Skal Labissiere,ATL,33,176,0.494,0.62,0.126,-0.126
2019-20,1629680,Matisse Thybulle,PHI,64,175,0.589,0.596,0.007000000000000006,-0.008
2019-20,101107,Marvin Williams,MIL,57,175,0.554,0.61,0.05599999999999994,-0.056
2019-20,1628420,Monte Morris,DEN,73,174,0.58,0.602,0.02200000000000002,-0.021
2019-20,1627854,Bryn Forbes,SAS,62,174,0.701,0.61,-0.09099999999999997,0.091
2019-20,1629655,Daniel Gafford,CHI,40,174,0.586,0.632,0.04600000000000004,-0.046
2019-20,1626192,Pat Connaughton,MIL,65,173,0.52,0.601,0.08099999999999996,-0.08
2019-20,203114,Khris Middleton,MIL,61,172,0.517,0.609,0.09199999999999997,-0.092
2019-20,1627823,Juancho Hernangomez,MIN,45,171,0.678,0.608,-0.07000000000000006,0.071
2019-20,201565,Derrick Rose,DET,49,170,0.582,0.607,0.025000000000000022,-0.024
2019-20,200755,JJ Redick,NOP,60,170,0.659,0.613,-0.04600000000000004,0.045
2019-20,1629673,Jordan Poole,GSW,56,169,0.604,0.606,0.0020000000000000018,-0.002
2019-20,2546,Carmelo Anthony,POR,57,169,0.633,0.625,-0.008000000000000007,0.008
2019-20,1626181,Norman Powell,TOR,52,169,0.621,0.607,-0.014000000000000012,0.015
2019-20,202954,Brad Wanamaker,BOS,69,169,0.639,0.605,-0.03400000000000003,0.034
2019-20,1629008,Michael Porter Jr.,DEN,54,168,0.625,0.621,-0.0040000000000000036,0.004
2019-20,203914,Gary Harris,DEN,56,168,0.619,0.615,-0.0040000000000000036,0.004
2019-20,1627884,Derrick Jones Jr.,MIA,56,167,0.623,0.607,-0.016000000000000014,0.016
2019-20,201959,Taj Gibson,NYK,61,166,0.602,0.615,0.013000000000000012,-0.013
2019-20,1629016,Omari Spellman,MIN,48,166,0.548,0.622,0.07399999999999995,-0.074
2019-20,1628470,Torrey Craig,DEN,56,165,0.618,0.63,0.01200000000000001,-0.012
2019-20,203953,Jabari Parker,SAC,37,164,0.64,0.623,-0.017000000000000015,0.017
2019-20,202693,Markieff Morris,LAL,57,163,0.663,0.609,-0.05400000000000005,0.053
2019-20,203473,Dewayne Dedmon,ATL,43,162,0.537,0.623,0.08599999999999997,-0.085
2019-20,1628371,Jonathan Isaac,ORL,33,160,0.488,0.611,0.123,-0.123
2019-20,201229,Anthony Tolliver,MEM,51,158,0.544,0.632,0.08799999999999997,-0.088
2019-20,1628370,Malik Monk,CHA,54,158,0.608,0.607,-0.0010000000000000009,0.001
2019-20,1629056,Terence Davis,TOR,69,157,0.554,0.61,0.05599999999999994,-0.056
2019-20,201976,Patrick Beverley,LAC,51,157,0.586,0.615,0.029000000000000026,-0.029
2019-20,1628436,Luke Kornet,CHI,35,156,0.699,0.627,-0.07199999999999995,0.072
2019-20,203552,Seth Curry,DAL,63,155,0.645,0.61,-0.03500000000000003,0.035
2019-20,1628981,Bruno Fernando,ATL,55,153,0.621,0.625,0.0040000000000000036,-0.004
2019-20,1629018,Gary Trent Jr.,POR,59,152,0.579,0.599,0.020000000000000018,-0.02
2019-20,1628390,Terrance Ferguson,OKC,55,152,0.559,0.607,0.04799999999999993,-0.048
2019-20,203920,Khem Birch,ORL,47,152,0.632,0.625,-0.007000000000000006,0.006
2019-20,203089,John Henson,DET,40,151,0.543,0.616,0.07299999999999995,-0.073
2019-20,201145,Jeff Green,HOU,48,151,0.603,0.626,0.02300000000000002,-0.023
2019-20,1628373,Frank Ntilikina,NYK,56,150,0.673,0.604,-0.06900000000000006,0.069
2019-20,1627761,DeAndre' Bembry,ATL,42,150,0.56,0.596,0.03599999999999992,-0.036
2019-20,1629048,Goga Bitadze,IND,53,149,0.497,0.605,0.10799999999999998,-0.109
2019-20,101141,Ersan Ilyasova,MIL,62,148,0.5,0.602,0.10199999999999998,-0.102
2019-20,1628998,Cody Martin,CHA,45,147,0.592,0.615,0.02300000000000002,-0.023
2019-20,1628411,Wes Iwundu,ORL,51,146,0.568,0.609,0.041000000000000036,-0.041
2019-20,1629675,Naz Reid,MIN,28,145,0.607,0.617,0.010000000000000009,-0.01
2019-20,1627747,Caris LeVert,BKN,45,144,0.66,0.604,-0.05600000000000005,0.055
2019-20,1627736,Malik Beasley,MIN,54,144,0.639,0.605,-0.03400000000000003,0.034
2019-20,201988,Patty Mills,SAS,65,142,0.535,0.6,0.06499999999999995,-0.065
2019-20,1629010,Jerome Robinson,WAS,56,142,0.613,0.599,-0.014000000000000012,0.014
2019-20,203524,Solomon Hill,MIA,58,142,0.62,0.607,-0.013000000000000012,0.012
2019-20,203488,Mike Muscala,OKC,43,141,0.582,0.621,0.039000000000000035,-0.04
2019-20,1628382,Justin Jackson,DAL,64,140,0.536,0.595,0.05899999999999994,-0.059
2019-20,202340,Avery Bradley,LAL,49,140,0.55,0.598,0.04799999999999993,-0.048
2019-20,1628973,Jalen Brunson,DAL,55,138,0.623,0.594,-0.029000000000000026,0.029
2019-20,1628385,Harry Giles III,SAC,44,137,0.766,0.636,-0.13,0.131
2019-20,1628995,Kevin Knox II,NYK,65,137,0.62,0.607,-0.013000000000000012,0.013
2019-20,203516,James Ennis III,ORL,68,136,0.691,0.606,-0.08499999999999996,0.085
2019-20,1626209,Mario Hezonja,POR,52,135,0.556,0.629,0.07299999999999995,-0.073
2019-20,1627775,Patrick McCaw,TOR,36,134,0.552,0.587,0.03499999999999992,-0.035
2019-20,1629026,Kenrich Williams,NOP,38,134,0.59,0.606,0.016000000000000014,-0.016
2019-20,1626145,Tyus Jones,MEM,65,133,0.617,0.588,-0.029000000000000026,0.028
2019-20,201571,D.J. Augustin,ORL,57,130,0.631,0.591,-0.040000000000000036,0.04
2019-20,201588,George Hill,MIL,58,130,0.562,0.602,0.039999999999999925,-0.041
2019-20,1626143,Jahlil Okafor,NOP,30,130,0.531,0.616,0.08499999999999996,-0.085
2019-20,1629162,Jordan McLaughlin,MIN,30,126,0.579,0.588,0.009000000000000008,-0.009
2019-20,202083,Wesley Matthews,MIL,65,126,0.492,0.603,0.11099999999999999,-0.111
2019-20,1626203,Treveon Graham,ATL,51,126,0.5,0.601,0.10099999999999998,-0.101
2019-20,1628966,Keita Bates-Diop,DEN,43,125,0.584,0.613,0.029000000000000026,-0.029
2019-20,1629022,Lonnie Walker IV,SAS,56,125,0.56,0.605,0.04499999999999993,-0.045
2019-20,1629004,Svi Mykhailiuk,DET,54,125,0.712,0.6,-0.11199999999999999,0.112
2019-20,203521,Matthew Dellavedova,CLE,54,122,0.598,0.606,0.008000000000000007,-0.008
2019-20,2594,Kyle Korver,MIL,56,122,0.525,0.617,0.09199999999999997,-0.093
2019-20,202734,E'Twaun Moore,NOP,54,122,0.549,0.606,0.05699999999999994,-0.056
2019-20,1628975,Jevon Carter,PHX,56,117,0.59,0.584,-0.006000000000000005,0.006
2019-20,1628400,Semi Ojeleye,BOS,67,116,0.612,0.617,0.0050000000000000044,-0.005
2019-20,200765,Rajon Rondo,LAL,48,116,0.629,0.617,-0.01200000000000001,0.012
2019-20,1629635,Sekou Doumbouya,DET,35,115,0.687,0.637,-0.050000000000000044,0.05
2019-20,1627777,Georges Niang,UTA,65,114,0.623,0.599,-0.02400000000000002,0.023
2019-20,1627767,Cheick Diallo,PHX,44,114,0.544,0.634,0.08999999999999997,-0.09
2019-20,202738,Isaiah Thomas,WAS,40,114,0.684,0.585,-0.09900000000000009,0.099
2019-20,1628425,Sterling Brown,MIL,50,113,0.504,0.598,0.09399999999999997,-0.093
2019-20,202704,Reggie Jackson,LAC,31,112,0.67,0.601,-0.06900000000000006,0.068
2019-20,203487,Michael Carter-Williams,ORL,45,111,0.586,0.623,0.03700000000000003,-0.037
2019-20,1629638,Nickeil Alexander-Walker,NOP,44,111,0.622,0.59,-0.03200000000000003,0.032
2019-20,1629059,Elie Okobo,PHX,48,110,0.718,0.601,-0.11699999999999999,0.118
2019-20,1628394,Anžejs Pasečņiks,WAS,25,110,0.564,0.604,0.040000000000000036,-0.04
2019-20,1628977,Hamidou Diallo,OKC,46,110,0.591,0.615,0.02400000000000002,-0.024
2019-20,1713,Vince Carter,ATL,58,109,0.514,0.615,0.10099999999999998,-0.101
2019-20,1628379,Luke Kennard,DET,27,108,0.62,0.609,-0.01100000000000001,0.012
2019-20,203895,Jordan McRae,DET,37,106,0.613,0.613,0.0,0.001
2019-20,1629066,Rodions Kurucs,BKN,45,106,0.566,0.616,0.050000000000000044,-0.05
2019-20,1629642,Nassir Little,POR,44,105,0.562,0.622,0.05999999999999994,-0.06
2019-20,1629627,Zion Williamson,NOP,24,104,0.673,0.621,-0.052000000000000046,0.052
2019-20,203526,Raul Neto,PHI,49,104,0.635,0.594,-0.041000000000000036,0.041
2019-20,1629109,Gary Clark,ORL,38,103,0.563,0.611,0.04800000000000004,-0.047
2019-20,1629652,Luguentz Dort,OKC,36,103,0.524,0.607,0.08299999999999996,-0.083
2019-20,1627853,Ryan Arcidiacono,CHI,56,102,0.647,0.601,-0.04600000000000004,0.046
2019-20,1628960,Grayson Allen,MEM,37,101,0.653,0.604,-0.049000000000000044,0.049
2019-20,201569,Eric Gordon,HOU,36,101,0.614,0.619,0.0050000000000000044,-0.005
2019-20,200757,Thabo Sefolosha,HOU,40,100,0.62,0.606,-0.014000000000000012,0.014
2019-20,202335,Patrick Patterson,LAC,54,99,0.626,0.622,-0.0040000000000000036,0.004
2019-20,1627846,Abdel Nader,OKC,52,98,0.561,0.6,0.038999999999999924,-0.038
2019-20,203585,Rodney McGruder,LAC,51,97,0.598,0.597,-0.0010000000000000009,0.001
2019-20,1628990,Chandler Hutchison,CHI,27,94,0.723,0.62,-0.10299999999999998,0.103
2019-20,201949,James Johnson,MIN,32,93,0.559,0.596,0.03699999999999992,-0.037
2019-20,1628407,Dwayne Bacon,CHA,36,93,0.591,0.622,0.031000000000000028,-0.03
2019-20,1626144,Emmanuel Mudiay,UTA,51,93,0.591,0.59,-0.0010000000000000009,0.001
2019-20,1627789,Timothe Luwawu-Cabarrot,BKN,45,92,0.62,0.599,-0.02100000000000002,0.021
2019-20,203960,JaKarr Sampson,IND,33,92,0.543,0.599,0.05599999999999994,-0.056
2019-20,1626195,Willy Hernangomez,CHA,29,90,0.6,0.621,0.02100000000000002,-0.021
2019-20,203118,Mike Scott,PHI,64,90,0.667,0.613,-0.05400000000000005,0.054
2019-20,201158,Marco Belinelli,SAS,52,89,0.685,0.608,-0.07700000000000007,0.077
2019-20,1628422,Damyean Dotson,NYK,46,87,0.644,0.617,-0.027000000000000024,0.026
2019-20,1628402,Frank Jackson,NOP,54,86,0.686,0.586,-0.10000000000000009,0.1
2019-20,1626245,Cristiano Felicio,CHI,22,84,0.774,0.635,-0.139,0.138
2019-20,1629003,Shake Milton,PHI,36,83,0.663,0.602,-0.061000000000000054,0.061
2019-20,201163,Wilson Chandler,BKN,35,83,0.53,0.612,0.08199999999999996,-0.082
2019-20,201587,Nicolas Batum,CHA,21,82,0.549,0.606,0.05699999999999994,-0.057
2019-20,1628980,Jacob Evans,MIN,29,82,0.573,0.609,0.03600000000000003,-0.035
2019-20,1629735,Chris Silva,MIA,32,82,0.707,0.633,-0.07399999999999995,0.074
2019-20,203943,Noah Vonleh,DEN,32,81,0.58,0.607,0.027000000000000024,-0.026
2019-20,204020,Tyler Johnson,BKN,37,81,0.617,0.597,-0.020000000000000018,0.02
2019-20,1627774,Jake Layman,MIN,23,80,0.563,0.595,0.03200000000000003,-0.032
2019-20,1628035,Alfonzo McKinnie,CLE,38,78,0.705,0.616,-0.08899999999999997,0.09
2019-20,203918,Rodney Hood,POR,21,78,0.615,0.621,0.006000000000000005,-0.005
2019-20,202681,Kyrie Irving,BKN,20,78,0.654,0.592,-0.062000000000000055,0.062
2019-20,1627780,Gary Payton II,WAS,25,77,0.688,0.606,-0.08199999999999996,0.082
2019-20,1626246,Boban Marjanovic,DAL,40,76,0.592,0.641,0.049000000000000044,-0.049
2019-20,1628392,Isaiah Hartenstein,HOU,21,75,0.64,0.604,-0.03600000000000003,0.036
2019-20,1628391,D.J. Wilson,MIL,35,75,0.52,0.607,0.08699999999999997,-0.087
2019-20,1627756,Denzel Valentine,CHI,32,74,0.595,0.611,0.016000000000000014,-0.017
2019-20,1626188,Quinn Cook,LAL,38,74,0.635,0.589,-0.04600000000000004,0.047
2019-20,203493,Reggie Bullock Jr.,NYK,29,73,0.699,0.622,-0.07699999999999996,0.076
2019-20,1627885,Shaquille Harrison,CHI,32,73,0.507,0.599,0.09199999999999997,-0.092
2019-20,1628372,Dennis Smith Jr.,NYK,34,73,0.712,0.61,-0.10199999999999998,0.102
2019-20,1627733,Dragan Bender,GSW,15,73,0.685,0.646,-0.039000000000000035,0.039
2019-20,1628963,Marvin Bagley III,SAC,13,73,0.603,0.633,0.030000000000000027,-0.03
2019-20,203658,Norvel Pelle,PHI,20,72,0.556,0.622,0.06599999999999995,-0.066
2019-20,203506,Victor Oladipo,IND,19,71,0.577,0.625,0.04800000000000004,-0.048
2019-20,1629057,Robert Williams III,BOS,28,70,0.614,0.621,0.007000000000000006,-0.007
2019-20,203459,Allen Crabbe,MIN,33,70,0.757,0.615,-0.14200000000000002,0.142
2019-20,203124,Kyle O'Quinn,PHI,26,69,0.623,0.623,0.0,0.0
2019-20,1629103,Kelan Martin,MIN,30,69,0.565,0.608,0.04300000000000004,-0.042
2019-20,203957,Dante Exum,CLE,33,68,0.529,0.589,0.05999999999999994,-0.06
2019-20,201162,Jared Dudley,LAL,37,68,0.485,0.615,0.13,-0.13
2019-20,1629741,Marko Guduric,MEM,39,68,0.662,0.601,-0.061000000000000054,0.06
2019-20,1629750,Javonte Green,BOS,41,63,0.54,0.608,0.06799999999999995,-0.068
2019-20,202329,Al-Farouq Aminu,ORL,17,62,0.548,0.631,0.08299999999999996,-0.083
2019-20,1629611,Terance Mann,LAC,27,61,0.607,0.588,-0.019000000000000017,0.019
2019-20,1629234,Drew Eubanks,SAS,20,61,0.607,0.617,0.010000000000000009,-0.01
2019-20,201933,Blake Griffin,DET,17,61,0.607,0.616,0.009000000000000008,-0.01
2019-20,202334,Ed Davis,UTA,28,59,0.661,0.631,-0.030000000000000027,0.03
2019-20,1628403,Caleb Swanigan,POR,24,59,0.644,0.627,-0.017000000000000015,0.017
2019-20,1628388,T.J. Leaf,IND,24,59,0.576,0.586,0.010000000000000009,-0.009
2019-20,203998,Bruno Caboclo,HOU,27,58,0.586,0.599,0.013000000000000012,-0.013
2019-20,1628367,Josh Jackson,MEM,20,58,0.69,0.604,-0.08599999999999997,0.086
2019-20,1629058,Dzanan Musa,BKN,37,58,0.517,0.598,0.08099999999999996,-0.081
2019-20,1629660,Ty Jerome,PHX,27,57,0.737,0.586,-0.15100000000000002,0.151
2019-20,203490,Otto Porter Jr.,CHI,14,56,0.5,0.597,0.09699999999999998,-0.097
2019-20,1628380,Zach Collins,POR,11,56,0.464,0.62,0.15599999999999997,-0.156
2019-20,1629164,Brandon Goodwin,ATL,32,55,0.673,0.608,-0.06500000000000006,0.065
2019-20,1627790,Ante Zizic,CLE,21,55,0.582,0.622,0.040000000000000036,-0.041
2019-20,200826,J.J. Barea,DAL,28,55,0.727,0.586,-0.14100000000000001,0.141
2019-20,203584,Troy Daniels,DEN,41,54,0.556,0.587,0.030999999999999917,-0.031
2019-20,1628408,PJ Dozier,DEN,26,54,0.556,0.614,0.05799999999999994,-0.058
2019-20,201960,DeMarre Carroll,HOU,23,53,0.604,0.588,-0.016000000000000014,0.016
2019-20,1629185,Chris Chiozza,BKN,27,53,0.642,0.575,-0.06700000000000006,0.066
2019-20,1629744,Matt Thomas,TOR,36,53,0.547,0.586,0.038999999999999924,-0.039
2019-20,2738,Andre Iguodala,MIA,20,53,0.528,0.619,0.09099999999999997,-0.091
2019-20,1629678,Admiral Schofield,WAS,24,52,0.635,0.589,-0.04600000000000004,0.045
2019-20,202688,Brandon Knight,DET,24,51,0.725,0.611,-0.11399999999999999,0.115
2019-20,1629640,Keldon Johnson,SAS,15,51,0.667,0.579,-0.08800000000000008,0.087
2019-20,1628395,Jordan Bell,CLE,26,50,0.64,0.642,0.0020000000000000018,-0.002
2019-20,1628997,Caleb Martin,CHA,16,50,0.5,0.612,0.11199999999999999,-0.112
2019-20,1629667,Jalen McDaniels,CHA,16,50,0.68,0.613,-0.06700000000000006,0.067
2019-20,1626172,Kevon Looney,GSW,20,50,0.58,0.613,0.03300000000000003,-0.033
2019-20,1629126,Deonte Burton,OKC,32,49,0.612,0.593,-0.019000000000000017,0.019
2019-20,203994,Jusuf Nurkić,POR,8,49,0.694,0.616,-0.07799999999999996,0.078
2019-20,201961,Wayne Ellington,NYK,34,48,0.646,0.597,-0.049000000000000044,0.049
2019-20,1629308,Juan Toscano-Anderson,GSW,12,47,0.532,0.635,0.10299999999999998,-0.103
2019-20,2199,Tyson Chandler,HOU,24,46,0.761,0.628,-0.133,0.133
2019-20,204025,Tim Frazier,DET,24,46,0.652,0.583,-0.06900000000000006,0.069
2019-20,1629641,Romeo Langford,BOS,25,46,0.522,0.593,0.07099999999999995,-0.072
2019-20,202323,Evan Turner,MIN,19,45,0.578,0.576,-0.0020000000000000018,0.001
2019-20,1629651,Nic Claxton,BKN,14,45,0.489,0.618,0.129,-0.129
2019-20,203504,Trey Burke,DAL,31,45,0.622,0.601,-0.02100000000000002,0.021
2019-20,1629033,Theo Pinson,NYK,30,45,0.578,0.607,0.029000000000000026,-0.029
2019-20,1629019,Allonzo Trier,NYK,19,44,0.659,0.583,-0.07600000000000007,0.076
2019-20,203077,Michael Kidd-Gilchrist,DAL,23,44,0.5,0.613,0.11299999999999999,-0.113
2019-20,1627812,Yogi Ferrell,SAC,42,43,0.698,0.595,-0.10299999999999998,0.103
2019-20,1628410,Edmond Sumner,IND,29,41,0.463,0.596,0.13299999999999995,-0.133
2019-20,1629035,Carsen Edwards,BOS,34,41,0.61,0.579,-0.031000000000000028,0.031
2019-20,201584,Courtney Lee,DAL,21,40,0.7,0.598,-0.10199999999999998,0.102
2019-20,1629738,Vincent Poirier,BOS,19,39,0.385,0.616,0.23099999999999998,-0.232
2019-20,1629346,Alen Smailagic,GSW,14,38,0.5,0.658,0.15800000000000003,-0.158
2019-20,1628021,David Nwaba,HOU,20,37,0.378,0.621,0.243,-0.243
2019-20,1629598,Chris Clemons,HOU,29,36,0.694,0.58,-0.11399999999999999,0.114
2019-20,1628539,Mychal Mulder,GSW,7,34,0.647,0.624,-0.02300000000000002,0.024
2019-20,1626159,Justise Winslow,MEM,11,33,0.545,0.603,0.05799999999999994,-0.058
2019-20,1629151,Ryan Broekhoff,PHI,11,32,0.531,0.597,0.06599999999999995,-0.066
2019-20,1629743,Donta Hall,BKN,9,31,0.581,0.614,0.03300000000000003,-0.034
2019-20,1629723,John Konchar,MEM,18,30,0.333,0.568,0.23499999999999993,-0.235
2019-20,1629117,Wenyen Gabriel,POR,22,30,0.533,0.614,0.08099999999999996,-0.081
2019-20,1626169,Stanley Johnson,TOR,23,28,0.5,0.607,0.10699999999999998,-0.107
2019-20,1629726,Garrison Mathews,WAS,17,27,0.593,0.601,0.008000000000000007,-0.009
2019-20,1628476,Derrick Walton Jr.,DET,22,26,0.577,0.6,0.02300000000000002,-0.023
2019-20,1629002,Chimezie Metu,SAS,15,26,0.538,0.585,0.04699999999999993,-0.047
2019-20,1626187,Michael Frazier II,HOU,11,23,0.826,0.595,-0.23099999999999998,0.231
2019-20,101139,CJ Miles,WAS,10,23,0.478,0.614,0.136,-0.136
2019-20,1629669,Jaylen Nowell,MIN,12,23,0.652,0.602,-0.050000000000000044,0.05
2019-20,1626166,Cameron Payne,PHX,8,23,0.609,0.548,-0.06099999999999994,0.061
2019-20,203460,Andre Roberson,OKC,7,21,0.81,0.611,-0.19900000000000007,0.199
2019-20,202697,Iman Shumpert,BKN,13,21,0.476,0.593,0.11699999999999999,-0.117
2019-20,1629140,Johnathan Williams,WAS,13,20,0.6,0.628,0.028000000000000025,-0.028
2019-20,1629752,Juwan Morgan,UTA,17,20,0.6,0.619,0.019000000000000017,-0.019
2019-20,201939,Stephen Curry,GSW,5,20,0.65,0.642,-0.008000000000000007,0.008
2019-20,1629610,DaQuan Jeffries,SAC,10,20,0.55,0.588,0.03799999999999992,-0.038
2019-20,203079,Dion Waiters,LAL,10,20,0.75,0.634,-0.11599999999999999,0.116
2019-20,1629713,Justin James,SAC,20,19,0.474,0.559,0.08500000000000008,-0.085
2019-20,1629662,Mfiondu Kabengele,LAC,10,19,0.526,0.586,0.05999999999999994,-0.059
2019-20,1629714,Jarrell Brantley,UTA,7,19,0.579,0.598,0.019000000000000017,-0.019
2019-20,1629683,Quinndary Weatherspoon,SAS,9,18,0.778,0.601,-0.17700000000000005,0.177
2019-20,1628412,Frank Mason III,MIL,7,18,0.444,0.577,0.13299999999999995,-0.133
2019-20,1629626,Bol Bol,DEN,6,18,0.556,0.627,0.07099999999999995,-0.071
2019-20,1629731,Dean Wade,CLE,11,16,0.5,0.591,0.09099999999999997,-0.091
2019-20,1629659,Talen Horton-Tucker,LAL,6,16,0.5,0.647,0.14700000000000002,-0.147
2019-20,1626259,Malcolm Miller,TOR,20,16,0.438,0.591,0.15299999999999997,-0.153
2019-20,1626170,Jerian Grant,WAS,6,16,0.75,0.535,-0.21499999999999997,0.215
2019-20,201149,Joakim Noah,LAC,5,16,0.563,0.551,-0.0119999999999999,0.011
2019-20,1629671,Miye Oni,UTA,8,16,0.563,0.586,0.02300000000000002,-0.024
2019-20,1629599,Amir Coffey,LAC,13,16,0.625,0.587,-0.038000000000000034,0.038
2019-20,1629730,Rayjon Tucker,UTA,16,15,0.667,0.573,-0.09400000000000008,0.094
2019-20,1629658,Jaylen Hoard,POR,10,14,0.571,0.586,0.015000000000000013,-0.014
2019-20,1629725,Jeremiah Martin,BKN,8,13,0.769,0.632,-0.137,0.138
2019-20,1629052,Oshae Brissett,TOR,13,13,0.462,0.589,0.12699999999999995,-0.128
2019-20,1626147,Justin Anderson,BKN,9,13,0.615,0.625,0.010000000000000009,-0.01
2019-20,1629168,BJ Johnson,ORL,7,13,0.769,0.651,-0.118,0.118
2019-20,1629020,Jarred Vanderbilt,MIN,9,13,0.538,0.629,0.09099999999999997,-0.091
2019-20,203648,Thanasis Antetokounmpo,MIL,15,13,0.615,0.557,-0.05799999999999994,0.058
2019-20,1629677,Luka Samanic,SAS,3,12,0.583,0.598,0.015000000000000013,-0.014
2019-20,1628982,Melvin Frazier Jr.,ORL,12,11,0.727,0.603,-0.124,0.124
2019-20,1627784,Jarrod Uthoff,WAS,6,11,0.727,0.612,-0.11499999999999999,0.116
2019-20,1629682,Tremont Waters,BOS,10,11,0.727,0.589,-0.138,0.138
2019-20,1629650,Moses Brown,POR,7,10,0.8,0.618,-0.18200000000000005,0.182
2019-20,1628987,Kevin Hervey,OKC,7,10,0.5,0.661,0.16100000000000003,-0.161
2019-20,202498,Lance Thomas,BKN,6,10,0.7,0.609,-0.09099999999999997,0.091
2019-20,1627820,Tyrone Wallace,ATL,12,10,0.8,0.593,-0.20700000000000007,0.207
2019-20,1629690,Adam Mokoka,CHI,10,9,0.667,0.619,-0.04800000000000004,0.048
2019-20,1629076,Tyler Cook,DEN,8,9,0.667,0.622,-0.04500000000000004,0.045
2019-20,1628513,Naz Mitrou-Long,IND,3,9,0.556,0.575,0.018999999999999906,-0.019
2019-20,1628518,Amile Jefferson,ORL,12,8,0.375,0.659,0.28400000000000003,-0.284
2019-20,1629663,Louis King,DET,4,8,0.75,0.632,-0.118,0.118
2019-20,1628413,Jonah Bolden,PHX,6,8,0.625,0.614,-0.01100000000000001,0.011
2019-20,1628993,Alize Johnson,IND,13,8,0.5,0.545,0.04500000000000004,-0.045
2019-20,1629625,Justin Wright-Foreman,UTA,3,8,0.875,0.575,-0.30000000000000004,0.3
2019-20,2617,Udonis Haslem,MIA,4,8,0.875,0.649,-0.22599999999999998,0.226
2019-20,1629718,Charlie Brown Jr.,ATL,7,7,0.714,0.586,-0.128,0.129
2019-20,1629017,Khyri Thomas,DET,6,7,0.571,0.612,0.041000000000000036,-0.041
2019-20,1629139,Yuta Watanabe,MEM,14,7,0.714,0.568,-0.14600000000000002,0.146
2019-20,1629724,Vic Law,ORL,6,7,0.714,0.666,-0.04799999999999993,0.048
2019-20,2747,JR Smith,LAL,6,7,0.286,0.541,0.25500000000000006,-0.256
2019-20,203705,Josh Magette,ORL,5,7,0.571,0.621,0.050000000000000044,-0.049
2019-20,1628443,Kadeem Allen,NYK,8,7,0.714,0.636,-0.07799999999999996,0.079
2019-20,1629597,Zylan Cheatham,NOP,4,6,0.5,0.646,0.14600000000000002,-0.146
2019-20,1629015,Zhaire Smith,PHI,4,6,0.667,0.622,-0.04500000000000004,0.045
2019-20,1628414,Sindarius Thornwell,NOP,2,6,0.5,0.53,0.030000000000000027,-0.03
2019-20,1628383,Justin Patton,DET,5,6,0.5,0.596,0.09599999999999997,-0.096
2019-20,1629608,Dewan Hernandez,TOR,6,6,0.333,0.632,0.299,-0.299
2019-20,1626184,Chasson Randle,GSW,3,6,0.667,0.637,-0.030000000000000027,0.03
2019-20,1628985,Devon Hall,OKC,7,6,0.833,0.628,-0.20499999999999996,0.206
2019-20,1628778,Paul Watson,TOR,5,6,0.5,0.617,0.11699999999999999,-0.117
2019-20,202718,Chandler Parsons,ATL,5,5,0.6,0.595,-0.0050000000000000044,0.005
2019-20,1629620,Justin Robinson,WAS,6,5,0.8,0.599,-0.20100000000000007,0.201
2019-20,1629648,Jordan Bone,DET,7,5,0.8,0.549,-0.251,0.251
2019-20,1628430,Nigel Williams-Goss,UTA,6,5,0.6,0.566,-0.03400000000000003,0.034
2019-20,1629668,Zach Norvell Jr.,GSW,3,5,1.0,0.624,-0.376,0.376
2019-20,1629719,Devontae Cacok,LAL,1,5,0.8,0.679,-0.121,0.121
2019-20,1629216,Gabe Vincent,MIA,5,5,0.8,0.599,-0.20100000000000007,0.201
2019-20,1628968,Brian Bowen II,IND,5,5,0.2,0.625,0.425,-0.425
2019-20,1628499,Antonius Cleveland,DAL,6,4,0.5,0.713,0.21299999999999997,-0.213
2019-20,1629745,Tariq Owens,PHX,3,4,0.75,0.706,-0.04400000000000004,0.045
2019-20,1629742,Stanton Kidd,UTA,2,4,0.25,0.606,0.356,-0.356
2019-20,201601,Luc Mbah a Moute,HOU,3,4,1.0,0.667,-0.33299999999999996,0.334
2019-20,1628427,Vlatko Čančar,DEN,9,4,0.25,0.565,0.31499999999999995,-0.315
2019-20,1628961,Kostas Antetokounmpo,LAL,4,3,1.0,0.626,-0.374,0.374
2019-20,1629649,Ignas Brazdeikis,NYK,7,3,0.333,0.588,0.25499999999999995,-0.255
2019-20,1629621,Marial Shayok,PHI,3,3,0.333,0.685,0.35200000000000004,-0.351
2019-20,1629605,Tacko Fall,BOS,4,3,0.667,0.619,-0.04800000000000004,0.047
2019-20,1629147,Joe Chealey,CHA,1,3,0.667,0.492,-0.17500000000000004,0.175
2019-20,1628405,Johnathan Motley,LAC,7,3,0.333,0.52,0.187,-0.186
2019-20,1627740,Henry Ellenson,BKN,5,3,0.333,0.65,0.317,-0.317
2019-20,1627982,Josh Gray,NOP,2,2,1.0,0.681,-0.31899999999999995,0.319
2019-20,202951,Jeremy Pargo,GSW,2,2,1.0,0.527,-0.473,0.473
2019-20,1628605,Dusty Hannahs,MEM,2,2,0.5,0.565,0.06499999999999995,-0.065
2019-20,1629729,Josh Reaves,DAL,2,2,1.0,0.581,-0.41900000000000004,0.419
2019-20,1629760,Matt Mooney,CLE,3,2,1.0,0.494,-0.506,0.506
2019-20,1629665,Jalen Lecque,PHX,3,2,0.5,0.366,-0.134,0.135
2019-20,1628450,Eric Mika,SAC,1,2,1.0,0.666,-0.33399999999999996,0.334
2019-20,201147,Corey Brewer,SAC,4,2,1.0,0.565,-0.43500000000000005,0.435
2019-20,1629734,Kyle Alexander,MIA,2,2,1.0,0.575,-0.42500000000000004,0.425
2019-20,1629676,Isaiah Roby,OKC,3,2,0.5,0.699,0.19899999999999995,-0.199
2019-20,1629644,KZ Okpala,MIA,4,1,0.0,0.455,0.455,-0.455
2019-20,1629133,Daryl Macon,MIA,2,1,1.0,0.494,-0.506,0.506
2019-20,1629739,William Howard,HOU,1,1,1.0,0.726,-0.274,0.274
2019-20,1629044,Shamorie Ponds,TOR,1,1,1.0,0.6,-0.4,0.4
2019-20,1629005,Malik Newman,CLE,1,1,1.0,0.727,-0.273,0.273
2019-20,1629716,Marques Bolden,CLE,1,1,0.0,0.511,0.511,-0.511
2019-20,1629657,Kyle Guy,SAC,2,1,0.0,0.549,0.549,-0.549
2019-20,201583,Ryan Anderson,HOU,2,1,1.0,0.68,-0.31999999999999995,0.32
2020-21,203497,Rudy Gobert,UTA,71,590,0.493,0.63,0.137,-0.136
2020-21,203999,Nikola Jokić,DEN,71,547,0.612,0.629,0.017000000000000015,-0.016
2020-21,1627751,Jakob Poeltl,SAS,69,534,0.528,0.625,0.09699999999999998,-0.097
2020-21,1627734,Domantas Sabonis,IND,61,528,0.561,0.625,0.06399999999999995,-0.064
2020-21,201572,Brook Lopez,MIL,69,473,0.507,0.624,0.11699999999999999,-0.117
2020-21,202696,Nikola Vučević,CHI,69,472,0.612,0.634,0.02200000000000002,-0.021
2020-21,1628386,Jarrett Allen,CLE,63,466,0.534,0.627,0.09299999999999997,-0.093
2020-21,202683,Enes Freedom,POR,69,453,0.616,0.631,0.015000000000000013,-0.015
2020-21,203496,Robert Covington,POR,67,432,0.625,0.622,-0.0030000000000000027,0.003
2020-21,1629023,P.J. Washington,CHA,63,431,0.608,0.619,0.01100000000000001,-0.011
2020-21,203991,Clint Capela,ATL,63,427,0.529,0.625,0.09599999999999997,-0.096
2020-21,1629028,Deandre Ayton,PHX,67,416,0.56,0.627,0.06699999999999995,-0.067
2020-21,1626158,Richaun Holmes,SAC,60,414,0.553,0.628,0.07499999999999996,-0.075
2020-21,203954,Joel Embiid,PHI,51,414,0.57,0.623,0.05300000000000005,-0.053
2020-21,203482,Kelly Olynyk,HOU,70,413,0.627,0.624,-0.0030000000000000027,0.004
2020-21,1627741,Buddy Hield,SAC,69,412,0.621,0.612,-0.009000000000000008,0.009
2020-21,1626167,Myles Turner,IND,46,412,0.5,0.624,0.124,-0.124
2020-21,202685,Jonas Valančiūnas,MEM,62,410,0.585,0.626,0.041000000000000036,-0.04
2020-21,203486,Mason Plumlee,DET,56,406,0.638,0.638,0.0,0.0
2020-21,203944,Julius Randle,NYK,70,400,0.565,0.63,0.06500000000000006,-0.065
2020-21,203457,Nerlens Noel,NYK,63,393,0.565,0.626,0.061000000000000054,-0.061
2020-21,203200,Justin Holiday,IND,71,389,0.555,0.619,0.06399999999999995,-0.064
2020-21,1630191,Isaiah Stewart,DET,68,388,0.526,0.616,0.08999999999999997,-0.09
2020-21,1628969,Mikal Bridges,PHX,69,380,0.621,0.626,0.0050000000000000044,-0.004
2020-21,203952,Andrew Wiggins,GSW,70,376,0.556,0.616,0.05999999999999994,-0.06
2020-21,1628464,Daniel Theis,CHI,65,374,0.564,0.626,0.062000000000000055,-0.062
2020-21,1626220,Royce O'Neale,UTA,71,370,0.641,0.621,-0.020000000000000018,0.019
2020-21,1627749,Dejounte Murray,SAS,67,365,0.647,0.618,-0.029000000000000026,0.029
2020-21,1629675,Naz Reid,MIN,69,357,0.552,0.627,0.07499999999999996,-0.075
2020-21,1627826,Ivica Zubac,LAC,71,350,0.537,0.639,0.10199999999999998,-0.102
2020-21,1628449,Chris Boucher,TOR,60,349,0.585,0.623,0.038000000000000034,-0.039
2020-21,201577,Robin Lopez,WAS,70,345,0.53,0.624,0.09399999999999997,-0.093
2020-21,1628381,John Collins,ATL,63,344,0.619,0.623,0.0040000000000000036,-0.004
2020-21,1629640,Keldon Johnson,SAS,69,340,0.621,0.627,0.006000000000000005,-0.007
2020-21,1626157,Karl-Anthony Towns,MIN,50,333,0.619,0.639,0.020000000000000018,-0.02
2020-21,201980,Danny Green,PHI,69,332,0.572,0.616,0.04400000000000004,-0.043
2020-21,1629029,Luka Dončić,DAL,66,329,0.593,0.614,0.02100000000000002,-0.021
2020-21,1629628,RJ Barrett,NYK,71,328,0.573,0.619,0.04600000000000004,-0.045
2020-21,1626179,Terry Rozier,CHA,68,324,0.645,0.604,-0.041000000000000036,0.041
2020-21,204001,Kristaps Porziņģis,DAL,43,322,0.568,0.625,0.05700000000000005,-0.057
2020-21,1628970,Miles Bridges,CHA,65,321,0.589,0.62,0.031000000000000028,-0.031
2020-21,203110,Draymond Green,GSW,62,321,0.502,0.629,0.127,-0.128
2020-21,1627783,Pascal Siakam,TOR,56,318,0.638,0.629,-0.009000000000000008,0.009
2020-21,1628976,Wendell Carter Jr.,ORL,54,314,0.513,0.631,0.118,-0.118
2020-21,1626164,Devin Booker,PHX,65,313,0.633,0.623,-0.010000000000000009,0.01
2020-21,203920,Khem Birch,TOR,66,311,0.579,0.611,0.03200000000000003,-0.032
2020-21,1630171,Isaac Okoro,CLE,67,309,0.66,0.615,-0.04500000000000004,0.045
2020-21,1629008,Michael Porter Jr.,DEN,60,308,0.578,0.62,0.04200000000000004,-0.042
2020-21,201152,Thaddeus Young,CHI,68,307,0.629,0.617,-0.01200000000000001,0.012
2020-21,1629647,Darius Bazley,OKC,54,306,0.608,0.626,0.018000000000000016,-0.018
2020-21,202324,Derrick Favors,UTA,68,305,0.616,0.635,0.019000000000000017,-0.019
2020-21,1628368,De'Aaron Fox,SAC,56,303,0.63,0.609,-0.02100000000000002,0.021
2020-21,1629130,Duncan Robinson,MIA,70,299,0.649,0.612,-0.03700000000000003,0.037
2020-21,1629676,Isaiah Roby,OKC,60,299,0.659,0.638,-0.02100000000000002,0.021
2020-21,1630172,Patrick Williams,CHI,71,299,0.595,0.627,0.03200000000000003,-0.032
2020-21,201587,Nicolas Batum,LAC,67,299,0.602,0.62,0.018000000000000016,-0.018
2020-21,1630162,Anthony Edwards,MIN,71,298,0.604,0.609,0.0050000000000000044,-0.005
2020-21,202699,Tobias Harris,PHI,62,295,0.62,0.614,-0.006000000000000005,0.006
2020-21,1628989,Kevin Huerter,ATL,69,293,0.604,0.603,-0.0010000000000000009,0.001
2020-21,203471,Dennis Schröder,LAL,61,292,0.705,0.613,-0.09199999999999997,0.092
2020-21,1627763,Malcolm Brogdon,IND,55,289,0.633,0.621,-0.01200000000000001,0.013
2020-21,1628415,Dillon Brooks,MEM,67,288,0.587,0.612,0.025000000000000022,-0.025
2020-21,1629632,Coby White,CHI,69,288,0.642,0.604,-0.038000000000000034,0.039
2020-21,1626162,Kelly Oubre Jr.,GSW,54,286,0.535,0.619,0.08399999999999996,-0.084
2020-21,1628389,Bam Adebayo,MIA,62,286,0.577,0.623,0.04600000000000004,-0.046
2020-21,1629627,Zion Williamson,NOP,59,282,0.589,0.624,0.03500000000000003,-0.035
2020-21,1626149,Montrezl Harrell,LAL,68,278,0.594,0.625,0.031000000000000028,-0.031
2020-21,203500,Steven Adams,NOP,56,277,0.635,0.643,0.008000000000000007,-0.007
2020-21,1629020,Jarred Vanderbilt,MIN,63,276,0.576,0.631,0.05500000000000005,-0.055
2020-21,1630183,Jaden McDaniels,MIN,61,276,0.54,0.615,0.07499999999999996,-0.075
2020-21,203083,Andre Drummond,LAL,46,275,0.611,0.635,0.02400000000000002,-0.024
2020-21,1629630,Ja Morant,MEM,63,274,0.635,0.617,-0.018000000000000016,0.018
2020-21,1628978,Donte DiVincenzo,MIL,65,274,0.588,0.616,0.028000000000000025,-0.028
2020-21,203493,Reggie Bullock Jr.,NYK,64,274,0.646,0.615,-0.031000000000000028,0.031
2020-21,1628367,Josh Jackson,DET,62,274,0.624,0.599,-0.025000000000000022,0.025
2020-21,201566,Russell Westbrook,WAS,64,273,0.575,0.613,0.038000000000000034,-0.038
2020-21,1626171,Bobby Portis,MIL,65,272,0.548,0.626,0.07799999999999996,-0.078
2020-21,1626174,Christian Wood,HOU,41,271,0.531,0.623,0.09199999999999997,-0.092
2020-21,1630256,Jae'Sean Tate,HOU,70,270,0.659,0.613,-0.04600000000000004,0.046
2020-21,203937,Kyle Anderson,MEM,69,270,0.567,0.62,0.05300000000000005,-0.054
2020-21,203114,Khris Middleton,MIL,67,267,0.633,0.624,-0.009000000000000008,0.009
2020-21,201145,Jeff Green,BKN,68,265,0.657,0.628,-0.029000000000000026,0.029
2020-21,1626153,Delon Wright,SAC,61,264,0.633,0.617,-0.016000000000000014,0.015
2020-21,202687,Bismack Biyombo,CHA,64,264,0.538,0.621,0.08299999999999996,-0.083
2020-21,202339,Eric Bledsoe,NOP,69,263,0.639,0.609,-0.030000000000000027,0.03
2020-21,1627832,Fred VanVleet,TOR,52,262,0.588,0.609,0.02100000000000002,-0.022
2020-21,1630214,Xavier Tillman,MEM,59,262,0.588,0.63,0.04200000000000004,-0.042
2020-21,203897,Zach LaVine,CHI,58,262,0.576,0.613,0.03700000000000003,-0.037
2020-21,203458,Alex Len,WAS,63,257,0.564,0.634,0.07000000000000006,-0.07
2020-21,1629027,Trae Young,ATL,63,256,0.645,0.594,-0.051000000000000045,0.051
2020-21,203925,Joe Harris,BKN,69,256,0.582,0.617,0.03500000000000003,-0.035
2020-21,1628369,Jayson Tatum,BOS,64,253,0.628,0.618,-0.010000000000000009,0.011
2020-21,1627759,Jaylen Brown,BOS,58,253,0.585,0.616,0.031000000000000028,-0.031
2020-21,201188,Marc Gasol,LAL,52,253,0.652,0.622,-0.030000000000000027,0.03
2020-21,203145,Kent Bazemore,GSW,66,250,0.508,0.607,0.09899999999999998,-0.099
2020-21,1626172,Kevon Looney,GSW,60,249,0.602,0.617,0.015000000000000013,-0.015
2020-21,1630169,Tyrese Haliburton,SAC,56,248,0.698,0.613,-0.08499999999999996,0.085
2020-21,101108,Chris Paul,PHX,68,248,0.673,0.612,-0.061000000000000054,0.062
2020-21,1627747,Caris LeVert,IND,47,248,0.633,0.612,-0.02100000000000002,0.021
2020-21,1627732,Ben Simmons,PHI,58,248,0.585,0.616,0.031000000000000028,-0.031
2020-21,203469,Cody Zeller,CHA,47,248,0.597,0.619,0.02200000000000002,-0.022
2020-21,1628374,Lauri Markkanen,CHI,50,247,0.603,0.616,0.013000000000000012,-0.013
2020-21,203084,Harrison Barnes,SAC,56,245,0.584,0.63,0.04600000000000004,-0.046
2020-21,1629655,Daniel Gafford,WAS,52,243,0.535,0.631,0.09599999999999997,-0.096
2020-21,202331,Paul George,LAC,54,242,0.62,0.617,-0.0030000000000000027,0.003
2020-21,2730,Dwight Howard,PHI,69,242,0.583,0.626,0.04300000000000004,-0.043
2020-21,203524,Solomon Hill,ATL,71,242,0.624,0.621,-0.0030000000000000027,0.003
2020-21,1628407,Dwayne Bacon,ORL,70,242,0.632,0.613,-0.019000000000000017,0.02
2020-21,203081,Damian Lillard,POR,64,242,0.649,0.611,-0.038000000000000034,0.038
2020-21,202711,Bojan Bogdanovic,UTA,72,241,0.56,0.618,0.05799999999999994,-0.058
2020-21,1629012,Collin Sexton,CLE,60,240,0.638,0.61,-0.028000000000000025,0.028
2020-21,201586,Serge Ibaka,LAC,41,238,0.597,0.627,0.030000000000000027,-0.03
2020-21,1629060,Rui Hachimura,WAS,56,237,0.574,0.627,0.05300000000000005,-0.053
2020-21,202681,Kyrie Irving,BKN,54,237,0.633,0.619,-0.014000000000000012,0.014
2020-21,201950,Jrue Holiday,MIL,58,236,0.508,0.625,0.11699999999999999,-0.116
2020-21,1628467,Maxi Kleber,DAL,50,236,0.593,0.621,0.028000000000000025,-0.027
2020-21,1627742,Brandon Ingram,NOP,59,236,0.61,0.617,0.007000000000000006,-0.007
2020-21,204456,T.J. McConnell,IND,68,234,0.65,0.599,-0.051000000000000045,0.051
2020-21,1628425,Sterling Brown,HOU,51,233,0.687,0.605,-0.08200000000000007,0.081
2020-21,1629634,Brandon Clarke,MEM,59,232,0.534,0.628,0.09399999999999997,-0.093
2020-21,203926,Doug McDermott,IND,65,232,0.591,0.621,0.030000000000000027,-0.031
2020-21,1629650,Moses Brown,BOS,41,230,0.591,0.622,0.031000000000000028,-0.03
2020-21,1630166,Deni Avdija,WAS,53,229,0.559,0.619,0.05999999999999994,-0.06
2020-21,203109,Jae Crowder,PHX,58,229,0.576,0.616,0.040000000000000036,-0.04
2020-21,200768,Kyle Lowry,TOR,46,228,0.627,0.607,-0.020000000000000018,0.02
2020-21,1628984,Devonte' Graham,CHA,54,228,0.654,0.611,-0.04300000000000004,0.043
2020-21,1629636,Darius Garland,CLE,54,228,0.623,0.599,-0.02400000000000002,0.023
2020-21,203078,Bradley Beal,WAS,59,227,0.626,0.618,-0.008000000000000007,0.007
2020-21,1630180,Saddiq Bey,DET,70,227,0.604,0.613,0.009000000000000008,-0.009
2020-21,202684,Tristan Thompson,BOS,54,227,0.551,0.627,0.07599999999999996,-0.077
2020-21,202066,Garrett Temple,CHI,56,227,0.608,0.604,-0.0040000000000000036,0.004
2020-21,1629134,Kendrick Nunn,MIA,54,226,0.606,0.605,-0.0010000000000000009,0.001
2020-21,1627827,Dorian Finney-Smith,DAL,60,226,0.522,0.617,0.09499999999999997,-0.095
2020-21,201599,DeAndre Jordan,BKN,57,224,0.629,0.635,0.006000000000000005,-0.005
2020-21,203507,Giannis Antetokounmpo,MIL,59,223,0.52,0.631,0.11099999999999999,-0.111
2020-21,1630197,Aleksej Pokusevski,OKC,44,222,0.595,0.611,0.016000000000000014,-0.016
2020-21,1628398,Kyle Kuzma,LAL,68,220,0.627,0.621,-0.006000000000000005,0.007
2020-21,202709,Cory Joseph,DET,61,219,0.607,0.606,-0.0010000000000000009,0.001
2020-21,1629731,Dean Wade,CLE,60,219,0.607,0.614,0.007000000000000006,-0.006
2020-21,203901,Elfrid Payton,NYK,61,218,0.592,0.608,0.016000000000000014,-0.016
2020-21,203484,Kentavious Caldwell-Pope,LAL,67,217,0.627,0.609,-0.018000000000000016,0.018
2020-21,202695,Kawhi Leonard,LAC,52,217,0.65,0.624,-0.026000000000000023,0.026
2020-21,1630177,Theo Maledon,OKC,64,217,0.627,0.606,-0.02100000000000002,0.021
2020-21,1626181,Norman Powell,POR,69,215,0.619,0.615,-0.0040000000000000036,0.004
2020-21,201937,Ricky Rubio,MIN,67,214,0.636,0.615,-0.02100000000000002,0.021
2020-21,1629639,Tyler Herro,MIA,52,214,0.584,0.599,0.015000000000000013,-0.015
2020-21,201568,Danilo Gallinari,ATL,51,213,0.634,0.619,-0.015000000000000013,0.015
2020-21,203924,Jerami Grant,DET,54,213,0.634,0.629,-0.0050000000000000044,0.005
2020-21,1629308,Juan Toscano-Anderson,GSW,51,210,0.624,0.617,-0.007000000000000006,0.006
2020-21,1628971,Bruce Brown,BKN,65,208,0.606,0.618,0.01200000000000001,-0.012
2020-21,202689,Kemba Walker,OKC,43,208,0.659,0.62,-0.039000000000000035,0.039
2020-21,202704,Reggie Jackson,LAC,66,208,0.572,0.602,0.030000000000000027,-0.03
2020-21,1630164,James Wiseman,GSW,38,207,0.638,0.625,-0.013000000000000012,0.013
2020-21,1628366,Lonzo Ball,NOP,53,207,0.633,0.599,-0.03400000000000003,0.034
2020-21,1629611,Terance Mann,LAC,62,207,0.643,0.619,-0.02400000000000002,0.023
2020-21,203095,Evan Fournier,BOS,41,207,0.609,0.612,0.0030000000000000027,-0.003
2020-21,1628963,Marvin Bagley III,SAC,42,206,0.665,0.618,-0.04700000000000004,0.047
2020-21,201942,DeMar DeRozan,SAS,61,206,0.65,0.615,-0.03500000000000003,0.036
2020-21,1629234,Drew Eubanks,SAS,53,206,0.515,0.623,0.10799999999999998,-0.108
2020-21,1626192,Pat Connaughton,MIL,68,205,0.61,0.615,0.0050000000000000044,-0.005
2020-21,1626195,Willy Hernangomez,NOP,44,204,0.667,0.629,-0.038000000000000034,0.038
2020-21,203115,Will Barton,DEN,54,204,0.627,0.622,-0.0050000000000000044,0.006
2020-21,1629013,Landry Shamet,BKN,61,204,0.632,0.608,-0.02400000000000002,0.024
2020-21,1629022,Lonnie Walker IV,SAS,60,204,0.598,0.611,0.013000000000000012,-0.013
2020-21,200752,Rudy Gay,SAS,63,202,0.574,0.624,0.050000000000000044,-0.05
2020-21,1629652,Luguentz Dort,OKC,51,201,0.662,0.615,-0.04700000000000004,0.047
2020-21,203526,Raul Neto,WAS,63,200,0.59,0.605,0.015000000000000013,-0.015
2020-21,1629680,Matisse Thybulle,PHI,64,199,0.603,0.604,0.0010000000000000009,-0.001
2020-21,203501,Tim Hardaway Jr.,DAL,70,198,0.631,0.608,-0.02300000000000002,0.023
2020-21,1629006,Josh Okogie,MIN,58,196,0.643,0.627,-0.016000000000000014,0.016
2020-21,200794,Paul Millsap,DEN,55,196,0.617,0.627,0.010000000000000009,-0.009
2020-21,203076,Anthony Davis,LAL,36,196,0.607,0.621,0.014000000000000012,-0.014
2020-21,1630163,LaMelo Ball,CHA,50,194,0.603,0.605,0.0020000000000000018,-0.002
2020-21,203903,Jordan Clarkson,UTA,68,194,0.624,0.608,-0.016000000000000014,0.016
2020-21,1628404,Josh Hart,NOP,46,193,0.684,0.625,-0.05900000000000005,0.059
2020-21,202722,Davis Bertans,WAS,56,192,0.521,0.597,0.07599999999999996,-0.076
2020-21,1627750,Jamal Murray,DEN,47,192,0.661,0.62,-0.041000000000000036,0.041
2020-21,203994,Jusuf Nurkić,POR,36,191,0.618,0.637,0.019000000000000017,-0.02
2020-21,203382,Aron Baynes,TOR,52,191,0.586,0.635,0.049000000000000044,-0.049
2020-21,1629659,Talen Horton-Tucker,LAL,65,190,0.595,0.608,0.013000000000000012,-0.014
2020-21,202710,Jimmy Butler III,MIA,50,189,0.63,0.61,-0.020000000000000018,0.02
2020-21,1628401,Derrick White,SAS,36,189,0.519,0.608,0.08899999999999997,-0.09
2020-21,1627814,Damion Lee,GSW,56,188,0.569,0.618,0.049000000000000044,-0.048
2020-21,201939,Stephen Curry,GSW,62,186,0.618,0.604,-0.014000000000000012,0.014
2020-21,1627884,Derrick Jones Jr.,POR,56,186,0.608,0.618,0.010000000000000009,-0.01
2020-21,203939,Dwight Powell,DAL,57,186,0.602,0.623,0.02100000000000002,-0.021
2020-21,1628988,Aaron Holiday,IND,64,185,0.546,0.597,0.050999999999999934,-0.051
2020-21,203992,Bogdan Bogdanović,ATL,44,185,0.589,0.605,0.016000000000000014,-0.016
2020-21,1629643,Chuma Okeke,ORL,44,184,0.609,0.624,0.015000000000000013,-0.016
2020-21,1626196,Josh Richardson,DAL,59,184,0.625,0.604,-0.02100000000000002,0.021
2020-21,203468,CJ McCollum,POR,46,184,0.625,0.606,-0.019000000000000017,0.019
2020-21,1626161,Willie Cauley-Stein,DAL,53,183,0.574,0.617,0.04300000000000004,-0.043
2020-21,201933,Blake Griffin,BKN,46,183,0.634,0.639,0.0050000000000000044,-0.005
2020-21,201959,Taj Gibson,NYK,44,183,0.59,0.632,0.04200000000000004,-0.042
2020-21,1630267,Facundo Campazzo,DEN,63,182,0.648,0.607,-0.041000000000000036,0.042
2020-21,1628378,Donovan Mitchell,UTA,53,182,0.654,0.617,-0.03700000000000003,0.037
2020-21,1630175,Cole Anthony,ORL,45,180,0.611,0.597,-0.014000000000000012,0.014
2020-21,1628983,Shai Gilgeous-Alexander,OKC,34,180,0.594,0.615,0.02100000000000002,-0.021
2020-21,203932,Aaron Gordon,DEN,49,180,0.617,0.627,0.010000000000000009,-0.011
2020-21,203967,Dario Saric,PHX,47,179,0.62,0.621,0.0010000000000000009,0.0
2020-21,201935,James Harden,BKN,44,179,0.631,0.626,-0.0050000000000000044,0.005
2020-21,202322,John Wall,HOU,40,179,0.609,0.608,-0.0010000000000000009,0.001
2020-21,1626156,D'Angelo Russell,MIN,41,179,0.659,0.607,-0.052000000000000046,0.052
2020-21,201565,Derrick Rose,NYK,50,177,0.565,0.606,0.041000000000000036,-0.041
2020-21,1629661,Cameron Johnson,PHX,59,176,0.631,0.616,-0.015000000000000013,0.015
2020-21,200782,P.J. Tucker,MIL,52,175,0.629,0.619,-0.010000000000000009,0.01
2020-21,201144,Mike Conley,UTA,51,174,0.534,0.602,0.06799999999999995,-0.067
2020-21,1630173,Precious Achiuwa,MIA,55,174,0.557,0.625,0.06799999999999995,-0.068
2020-21,1629048,Goga Bitadze,IND,44,171,0.532,0.618,0.08599999999999997,-0.086
2020-21,1629026,Kenrich Williams,OKC,63,169,0.669,0.614,-0.05500000000000005,0.054
2020-21,1629057,Robert Williams III,BOS,52,169,0.604,0.621,0.017000000000000015,-0.018
2020-21,1629004,Svi Mykhailiuk,OKC,63,167,0.671,0.616,-0.05500000000000005,0.055
2020-21,1628396,Tony Bradley,OKC,40,167,0.533,0.629,0.09599999999999997,-0.096
2020-21,1629637,Jaxson Hayes,NOP,56,167,0.581,0.622,0.041000000000000036,-0.041
2020-21,1629684,Grant Williams,BOS,63,167,0.575,0.614,0.039000000000000035,-0.04
2020-21,202693,Markieff Morris,LAL,60,167,0.665,0.621,-0.04400000000000004,0.043
2020-21,1629003,Shake Milton,PHI,63,166,0.596,0.605,0.009000000000000008,-0.009
2020-21,203107,Tomas Satoransky,CHI,58,166,0.602,0.608,0.006000000000000005,-0.006
2020-21,1628964,Mo Bamba,ORL,43,165,0.6,0.63,0.030000000000000027,-0.03
2020-21,1630170,Devin Vassell,SAS,61,165,0.588,0.608,0.020000000000000018,-0.02
2020-21,202694,Marcus Morris Sr.,LAC,57,165,0.612,0.622,0.010000000000000009,-0.009
2020-21,1629001,De'Anthony Melton,MEM,51,165,0.624,0.621,-0.0030000000000000027,0.003
2020-21,202330,Gordon Hayward,CHA,43,165,0.594,0.626,0.03200000000000003,-0.032
2020-21,1628977,Hamidou Diallo,DET,51,164,0.61,0.61,0.0,-0.001
2020-21,2546,Carmelo Anthony,POR,66,164,0.683,0.63,-0.05300000000000005,0.053
2020-21,1628384,OG Anunoby,TOR,43,163,0.509,0.634,0.125,-0.125
2020-21,1629667,Jalen McDaniels,CHA,44,162,0.623,0.604,-0.019000000000000017,0.019
2020-21,1629021,Moritz Wagner,ORL,43,162,0.586,0.62,0.03400000000000003,-0.034
2020-21,1630202,Payton Pritchard,BOS,66,162,0.691,0.602,-0.08899999999999997,0.09
2020-21,1628379,Luke Kennard,LAC,59,162,0.66,0.607,-0.05300000000000005,0.054
2020-21,1628973,Jalen Brunson,DAL,68,161,0.609,0.597,-0.01200000000000001,0.012
2020-21,203552,Seth Curry,PHI,57,161,0.677,0.6,-0.07700000000000007,0.077
2020-21,1627936,Alex Caruso,LAL,58,160,0.55,0.594,0.04399999999999993,-0.044
2020-21,203082,Terrence Ross,ORL,45,160,0.588,0.616,0.028000000000000025,-0.029
2020-21,1629018,Gary Trent Jr.,TOR,54,159,0.635,0.606,-0.029000000000000026,0.029
2020-21,202954,Brad Wanamaker,CHA,61,158,0.646,0.601,-0.04500000000000004,0.045
2020-21,2544,LeBron James,LAL,44,157,0.535,0.612,0.07699999999999996,-0.077
2020-21,203488,Mike Muscala,OKC,34,156,0.59,0.629,0.039000000000000035,-0.039
2020-21,204060,Joe Ingles,UTA,67,156,0.673,0.617,-0.05600000000000005,0.056
2020-21,1626204,Larry Nance Jr.,CLE,35,156,0.577,0.637,0.06000000000000005,-0.06
2020-21,2738,Andre Iguodala,MIA,61,155,0.639,0.629,-0.010000000000000009,0.01
2020-21,203087,Jeremy Lamb,IND,36,155,0.594,0.618,0.02400000000000002,-0.024
2020-21,201988,Patty Mills,SAS,67,154,0.662,0.615,-0.04700000000000004,0.047
2020-21,203506,Victor Oladipo,MIA,31,153,0.608,0.603,-0.0050000000000000044,0.004
2020-21,1629011,Mitchell Robinson,NYK,30,151,0.583,0.63,0.04700000000000004,-0.047
2020-21,1629052,Oshae Brissett,IND,20,150,0.6,0.609,0.009000000000000008,-0.009
2020-21,1626163,Frank Kaminsky,PHX,46,150,0.607,0.633,0.026000000000000023,-0.027
2020-21,202326,DeMarcus Cousins,LAC,41,149,0.624,0.622,-0.0020000000000000018,0.002
2020-21,1628960,Grayson Allen,MEM,50,148,0.622,0.611,-0.01100000000000001,0.011
2020-21,1628420,Monte Morris,DEN,47,146,0.596,0.618,0.02200000000000002,-0.022
2020-21,201609,Goran Dragic,MIA,49,145,0.621,0.598,-0.02300000000000002,0.023
2020-21,1629139,Yuta Watanabe,TOR,50,144,0.569,0.604,0.03500000000000003,-0.035
2020-21,1626145,Tyus Jones,MEM,70,144,0.639,0.605,-0.03400000000000003,0.034
2020-21,200746,LaMarcus Aldridge,BKN,26,144,0.549,0.618,0.06899999999999995,-0.069
2020-21,201580,JaVale McGee,DEN,46,144,0.458,0.61,0.15199999999999997,-0.151
2020-21,201952,Jeff Teague,MIL,55,144,0.569,0.612,0.04300000000000004,-0.043
2020-21,201949,James Johnson,NOP,51,143,0.615,0.616,0.0010000000000000009,0.0
2020-21,1626224,Cedi Osman,CLE,59,142,0.62,0.602,-0.018000000000000016,0.018
2020-21,1629056,Terence Davis,SAC,59,141,0.645,0.615,-0.030000000000000027,0.031
2020-21,1630231,KJ Martin,HOU,45,140,0.507,0.626,0.119,-0.119
2020-21,203935,Marcus Smart,BOS,48,140,0.593,0.613,0.020000000000000018,-0.021
2020-21,1628998,Cody Martin,CHA,49,140,0.621,0.607,-0.014000000000000012,0.014
2020-21,1627736,Malik Beasley,MIN,36,140,0.621,0.609,-0.01200000000000001,0.012
2020-21,201142,Kevin Durant,BKN,35,140,0.536,0.623,0.08699999999999997,-0.088
2020-21,202692,Alec Burks,NYK,49,139,0.504,0.603,0.09899999999999998,-0.099
2020-21,1627854,Bryn Forbes,MIL,68,137,0.664,0.613,-0.051000000000000045,0.051
2020-21,1629638,Nickeil Alexander-Walker,NOP,44,136,0.647,0.617,-0.030000000000000027,0.03
2020-21,1629014,Anfernee Simons,POR,59,135,0.644,0.612,-0.03200000000000003,0.033
2020-21,1630201,Malachi Flynn,TOR,45,135,0.63,0.616,-0.014000000000000012,0.014
2020-21,1628997,Caleb Martin,CHA,50,134,0.537,0.605,0.06799999999999995,-0.067
2020-21,1627752,Taurean Prince,CLE,41,133,0.632,0.629,-0.0030000000000000027,0.003
2020-21,203210,JaMychal Green,DEN,57,133,0.639,0.62,-0.019000000000000017,0.019
2020-21,1629726,Garrison Mathews,WAS,61,133,0.692,0.616,-0.07599999999999996,0.076
2020-21,1626169,Stanley Johnson,TOR,57,132,0.606,0.62,0.014000000000000012,-0.014
2020-21,1629645,Kevin Porter Jr.,HOU,26,132,0.621,0.63,0.009000000000000008,-0.009
2020-21,1629162,Jordan McLaughlin,MIN,51,131,0.511,0.586,0.07499999999999996,-0.075
2020-21,1630193,Immanuel Quickley,NYK,63,131,0.565,0.612,0.04700000000000004,-0.047
2020-21,201143,Al Horford,BOS,27,131,0.649,0.634,-0.015000000000000013,0.015
2020-21,1627823,Juancho Hernangomez,MIN,49,130,0.638,0.627,-0.01100000000000001,0.012
2020-21,1630168,Onyeka Okongwu,ATL,48,130,0.623,0.627,0.0040000000000000036,-0.004
2020-21,203503,Tony Snell,ATL,46,130,0.631,0.62,-0.01100000000000001,0.011
2020-21,1629651,Nic Claxton,BKN,32,126,0.595,0.612,0.017000000000000015,-0.017
2020-21,1629635,Sekou Doumbouya,DET,53,125,0.624,0.616,-0.008000000000000007,0.008
2020-21,101150,Lou Williams,ATL,66,125,0.632,0.611,-0.02100000000000002,0.021
2020-21,1630181,R.J. Hampton,ORL,45,125,0.624,0.608,-0.016000000000000014,0.016
2020-21,203476,Gorgui Dieng,SAS,38,124,0.661,0.642,-0.019000000000000017,0.019
2020-21,1628408,PJ Dozier,DEN,49,123,0.618,0.609,-0.009000000000000008,0.009
2020-21,1628392,Isaiah Hartenstein,CLE,44,123,0.61,0.637,0.027000000000000024,-0.027
2020-21,202355,Hassan Whiteside,SAC,33,122,0.582,0.625,0.04300000000000004,-0.043
2020-21,1627756,Denzel Valentine,CHI,60,122,0.639,0.616,-0.02300000000000002,0.023
2020-21,1630217,Desmond Bane,MEM,68,121,0.529,0.614,0.08499999999999996,-0.085
2020-21,1627789,Timothe Luwawu-Cabarrot,BKN,57,120,0.717,0.623,-0.09399999999999997,0.093
2020-21,1626166,Cameron Payne,PHX,58,119,0.622,0.614,-0.008000000000000007,0.008
2020-21,202083,Wesley Matthews,LAL,58,119,0.597,0.622,0.025000000000000022,-0.025
2020-21,1628021,David Nwaba,HOU,30,118,0.551,0.612,0.06099999999999994,-0.061
2020-21,1629672,Eric Paschall,GSW,40,117,0.556,0.617,0.06099999999999994,-0.061
2020-21,1627777,Georges Niang,UTA,70,116,0.552,0.608,0.05599999999999994,-0.057
2020-21,203918,Rodney Hood,TOR,48,115,0.626,0.615,-0.01100000000000001,0.011
2020-21,1628436,Luke Kornet,BOS,29,114,0.553,0.623,0.06999999999999995,-0.07
2020-21,202357,Nemanja Bjelica,MIA,35,114,0.623,0.625,0.0020000000000000018,-0.003
2020-21,1628422,Damyean Dotson,CLE,45,113,0.496,0.613,0.11699999999999999,-0.117
2020-21,1627761,DeAndre' Bembry,TOR,47,113,0.558,0.605,0.04699999999999993,-0.048
2020-21,201976,Patrick Beverley,LAC,37,112,0.625,0.622,-0.0030000000000000027,0.003
2020-21,203463,Ben McLemore,LAL,47,112,0.652,0.614,-0.038000000000000034,0.037
2020-21,1627863,Danuel House Jr.,HOU,36,112,0.545,0.609,0.06399999999999995,-0.065
2020-21,1629629,Cam Reddish,ATL,26,111,0.757,0.614,-0.14300000000000002,0.143
2020-21,203118,Mike Scott,PHI,49,111,0.667,0.61,-0.05700000000000005,0.057
2020-21,1628470,Torrey Craig,PHX,47,109,0.596,0.617,0.02100000000000002,-0.021
2020-21,1628410,Edmond Sumner,IND,48,109,0.661,0.618,-0.04300000000000004,0.043
2020-21,1627788,Furkan Korkmaz,PHI,54,109,0.679,0.626,-0.05300000000000005,0.053
2020-21,2772,Trevor Ariza,MIA,28,108,0.657,0.614,-0.04300000000000004,0.044
2020-21,201567,Kevin Love,CLE,24,108,0.657,0.626,-0.031000000000000028,0.032
2020-21,1629723,John Konchar,MEM,43,108,0.593,0.617,0.02400000000000002,-0.025
2020-21,1630240,Saben Lee,DET,46,107,0.636,0.592,-0.04400000000000004,0.044
2020-21,1627745,Damian Jones,SAC,35,105,0.533,0.627,0.09399999999999997,-0.093
2020-21,1629002,Chimezie Metu,SAC,33,105,0.657,0.616,-0.041000000000000036,0.042
2020-21,201961,Wayne Ellington,DET,45,105,0.59,0.605,0.015000000000000013,-0.015
2020-21,203516,James Ennis III,ORL,40,105,0.571,0.618,0.04700000000000004,-0.047
2020-21,1628539,Mychal Mulder,GSW,54,104,0.606,0.604,-0.0020000000000000018,0.002
2020-21,201571,D.J. Augustin,HOU,54,104,0.683,0.606,-0.07700000000000007,0.077
2020-21,1629109,Gary Clark,PHI,36,103,0.621,0.616,-0.0050000000000000044,0.005
2020-21,1629669,Jaylen Nowell,MIN,41,102,0.539,0.616,0.07699999999999996,-0.077
2020-21,203487,Michael Carter-Williams,ORL,31,102,0.588,0.618,0.030000000000000027,-0.03
2020-21,1629642,Nassir Little,POR,44,101,0.673,0.617,-0.05600000000000005,0.057
2020-21,1630273,Freddie Gillespie,TOR,20,101,0.594,0.63,0.03600000000000003,-0.036
2020-21,1630165,Killian Hayes,DET,26,99,0.596,0.601,0.0050000000000000044,-0.005
2020-21,1629631,De'Andre Hunter,ATL,23,98,0.49,0.62,0.13,-0.13
2020-21,203914,Gary Harris,ORL,38,97,0.67,0.619,-0.051000000000000045,0.051
2020-21,1630178,Tyrese Maxey,PHI,58,96,0.667,0.598,-0.06900000000000006,0.069
2020-21,1629673,Jordan Poole,GSW,46,96,0.625,0.602,-0.02300000000000002,0.023
2020-21,1627774,Jake Layman,MIN,43,96,0.635,0.618,-0.017000000000000015,0.017
2020-21,1626184,Chasson Randle,ORL,38,95,0.621,0.591,-0.030000000000000027,0.03
2020-21,1628370,Malik Monk,CHA,39,95,0.716,0.614,-0.10199999999999998,0.102
2020-21,1628400,Semi Ojeleye,BOS,55,95,0.642,0.626,-0.016000000000000014,0.017
2020-21,202397,Ish Smith,WAS,42,95,0.621,0.617,-0.0040000000000000036,0.005
2020-21,1628975,Jevon Carter,PHX,57,95,0.726,0.618,-0.10799999999999998,0.108
2020-21,203960,JaKarr Sampson,IND,25,94,0.543,0.622,0.07899999999999996,-0.08
2020-21,203090,Maurice Harkless,SAC,35,93,0.602,0.604,0.0020000000000000018,-0.002
2020-21,1629685,Dylan Windler,CLE,31,89,0.584,0.618,0.03400000000000003,-0.034
2020-21,204020,Tyler Johnson,BKN,37,89,0.618,0.609,-0.009000000000000008,0.009
2020-21,1630167,Obi Toppin,NYK,60,87,0.517,0.632,0.11499999999999999,-0.115
2020-21,1630184,Kira Lewis Jr.,NOP,49,86,0.674,0.583,-0.09100000000000008,0.091
2020-21,1629740,Nicolo Melli,DAL,41,84,0.583,0.612,0.029000000000000026,-0.029
2020-21,1628382,Justin Jackson,MIL,34,84,0.655,0.615,-0.040000000000000036,0.04
2020-21,1629660,Ty Jerome,OKC,33,83,0.711,0.603,-0.10799999999999998,0.108
2020-21,200765,Rajon Rondo,LAC,44,83,0.675,0.605,-0.07000000000000006,0.07
2020-21,1630237,Anthony Lamb,HOU,22,83,0.711,0.611,-0.09999999999999998,0.1
2020-21,202335,Patrick Patterson,LAC,37,83,0.627,0.624,-0.0030000000000000027,0.003
2020-21,1630230,Naji Marshall,NOP,27,83,0.566,0.601,0.03500000000000003,-0.034
2020-21,202340,Avery Bradley,HOU,27,82,0.695,0.635,-0.05999999999999994,0.061
2020-21,1630174,Aaron Nesmith,BOS,38,82,0.622,0.616,-0.006000000000000005,0.006
2020-21,1628391,D.J. Wilson,HOU,33,81,0.642,0.612,-0.030000000000000027,0.03
2020-21,1630205,Lamar Stevens,CLE,37,80,0.613,0.608,-0.0050000000000000044,0.005
2020-21,1628402,Frank Jackson,DET,35,80,0.538,0.593,0.05499999999999994,-0.055
2020-21,203504,Trey Burke,DAL,56,79,0.557,0.546,-0.01100000000000001,0.011
2020-21,1626159,Justise Winslow,MEM,26,77,0.571,0.619,0.04800000000000004,-0.047
2020-21,1626143,Jahlil Okafor,DET,26,77,0.623,0.623,0.0,0.0
2020-21,1630271,Brodric Thomas,CLE,26,77,0.584,0.602,0.018000000000000016,-0.017
2020-21,200755,JJ Redick,DAL,43,75,0.733,0.615,-0.118,0.119
2020-21,202334,Ed Davis,MIN,20,75,0.613,0.627,0.014000000000000012,-0.013
2020-21,203085,Austin Rivers,DEN,34,75,0.653,0.592,-0.061000000000000054,0.061
2020-21,1629644,KZ Okpala,MIA,33,74,0.649,0.628,-0.02100000000000002,0.02
2020-21,203648,Thanasis Antetokounmpo,MIL,46,73,0.575,0.624,0.049000000000000044,-0.049
2020-21,1628972,Troy Brown Jr.,CHI,33,72,0.653,0.612,-0.041000000000000036,0.04
2020-21,1630192,Zeke Nnaji,DEN,36,71,0.732,0.619,-0.11299999999999999,0.114
2020-21,1628372,Dennis Smith Jr.,DET,23,71,0.592,0.601,0.009000000000000008,-0.01
2020-21,203490,Otto Porter Jr.,ORL,27,69,0.725,0.637,-0.08799999999999997,0.088
2020-21,1629677,Luka Samanic,SAS,27,69,0.435,0.59,0.15499999999999997,-0.156
2020-21,201588,George Hill,PHI,29,69,0.594,0.604,0.010000000000000009,-0.009
2020-21,1626168,Trey Lyles,SAS,22,69,0.522,0.601,0.07899999999999996,-0.079
2020-21,1628411,Wes Iwundu,NOP,34,68,0.588,0.613,0.025000000000000022,-0.024
2020-21,1628990,Chandler Hutchison,WAS,25,67,0.672,0.605,-0.06700000000000006,0.066
2020-21,1628991,Jaren Jackson Jr.,MEM,11,67,0.627,0.607,-0.020000000000000018,0.02
2020-21,1628383,Justin Patton,HOU,13,67,0.567,0.614,0.04700000000000004,-0.047
2020-21,1628385,Harry Giles III,POR,35,66,0.606,0.624,0.018000000000000016,-0.018
2020-21,1629164,Brandon Goodwin,ATL,42,65,0.6,0.596,-0.0040000000000000036,0.004
2020-21,1629076,Tyler Cook,DET,29,63,0.603,0.623,0.020000000000000018,-0.02
2020-21,1629633,Jarrett Culver,MIN,33,62,0.613,0.597,-0.016000000000000014,0.016
2020-21,1629067,Isaac Bonga,WAS,38,62,0.516,0.602,0.08599999999999997,-0.086
2020-21,1629216,Gabe Vincent,MIA,42,60,0.483,0.633,0.15000000000000002,-0.15
2020-21,1629622,Max Strus,MIA,32,60,0.75,0.628,-0.122,0.122
2020-21,1629662,Mfiondu Kabengele,CLE,33,59,0.475,0.634,0.15900000000000003,-0.159
2020-21,1629717,Armoni Brooks,HOU,19,59,0.644,0.611,-0.03300000000000003,0.034
2020-21,201569,Eric Gordon,HOU,27,59,0.661,0.618,-0.04300000000000004,0.043
2020-21,1629103,Kelan Martin,IND,26,58,0.517,0.605,0.08799999999999997,-0.088
2020-21,1626246,Boban Marjanovic,DAL,30,58,0.672,0.622,-0.050000000000000044,0.05
2020-21,1629750,Javonte Green,CHI,34,56,0.696,0.59,-0.10599999999999998,0.106
2020-21,1630198,Isaiah Joe,PHI,34,56,0.696,0.582,-0.11399999999999999,0.114
2020-21,1629658,Jaylen Hoard,OKC,18,53,0.604,0.602,-0.0020000000000000018,0.002
2020-21,1628418,Thomas Bryant,WAS,10,53,0.642,0.63,-0.01200000000000001,0.011
2020-21,1628995,Kevin Knox II,NYK,37,53,0.736,0.603,-0.133,0.133
2020-21,202734,E'Twaun Moore,PHX,26,52,0.673,0.606,-0.06700000000000006,0.067
2020-21,1630222,Mason Jones,PHI,28,51,0.608,0.608,0.0,0.0
2020-21,202329,Al-Farouq Aminu,CHI,23,50,0.54,0.624,0.08399999999999996,-0.084
2020-21,1627846,Abdel Nader,PHX,20,49,0.571,0.587,0.016000000000000014,-0.016
2020-21,1630185,Nico Mannion,GSW,24,49,0.776,0.597,-0.17900000000000005,0.179
2020-21,1630221,Josh Hall,OKC,19,49,0.633,0.588,-0.04500000000000004,0.045
2020-21,1629610,DaQuan Jeffries,SAS,28,48,0.646,0.633,-0.013000000000000012,0.013
2020-21,1627853,Ryan Arcidiacono,CHI,41,48,0.583,0.59,0.007000000000000006,-0.007
2020-21,1627885,Shaquille Harrison,DEN,29,48,0.667,0.618,-0.049000000000000044,0.049
2020-21,1630235,Trent Forrest,UTA,25,47,0.702,0.612,-0.08999999999999997,0.091
2020-21,203922,Glenn Robinson III,SAC,21,47,0.638,0.602,-0.03600000000000003,0.036
2020-21,1629744,Matt Thomas,UTA,36,46,0.804,0.626,-0.17800000000000005,0.178
2020-21,1629671,Miye Oni,UTA,47,46,0.609,0.624,0.015000000000000013,-0.016
2020-21,204038,Langston Galloway,PHX,37,46,0.565,0.615,0.050000000000000044,-0.05
2020-21,1630182,Josh Green,DAL,32,45,0.756,0.612,-0.14400000000000002,0.144
2020-21,1629670,Jordan Nwora,MIL,22,43,0.535,0.609,0.07399999999999995,-0.074
2020-21,1628778,Paul Watson,TOR,22,43,0.605,0.613,0.008000000000000007,-0.008
2020-21,1628966,Keita Bates-Diop,SAS,23,42,0.548,0.64,0.09199999999999997,-0.092
2020-21,1629010,Jerome Robinson,WAS,16,42,0.667,0.602,-0.06500000000000006,0.064
2020-21,1629743,Donta Hall,ORL,11,42,0.452,0.641,0.189,-0.188
2020-21,1629617,Reggie Perry,BKN,22,41,0.683,0.608,-0.07500000000000007,0.075
2020-21,1628035,Alfonzo McKinnie,LAL,27,41,0.634,0.609,-0.025000000000000022,0.025
2020-21,1628373,Frank Ntilikina,NYK,24,40,0.65,0.619,-0.031000000000000028,0.031
2020-21,1630233,Nathan Knight,ATL,28,40,0.425,0.618,0.193,-0.193
2020-21,1629649,Ignas Brazdeikis,ORL,10,38,0.658,0.599,-0.05900000000000005,0.059
2020-21,101141,Ersan Ilyasova,UTA,16,38,0.605,0.581,-0.02400000000000002,0.025
2020-21,1629117,Wenyen Gabriel,NOP,18,37,0.514,0.59,0.07599999999999996,-0.077
2020-21,1630466,Gabriel Deck,OKC,10,37,0.649,0.641,-0.008000000000000007,0.007
2020-21,203521,Matthew Dellavedova,CLE,12,37,0.649,0.601,-0.04800000000000004,0.048
2020-21,203473,Dewayne Dedmon,MIA,16,36,0.667,0.632,-0.03500000000000003,0.035
2020-21,1629599,Amir Coffey,LAC,28,34,0.559,0.605,0.04599999999999993,-0.046
2020-21,1626188,Quinn Cook,CLE,20,34,0.529,0.572,0.04299999999999993,-0.043
2020-21,1629713,Justin James,SAC,26,34,0.5,0.601,0.10099999999999998,-0.101
2020-21,1630194,Paul Reed,PHI,21,34,0.559,0.623,0.06399999999999995,-0.064
2020-21,1628455,Mike James,BKN,12,33,0.667,0.607,-0.06000000000000005,0.06
2020-21,1629751,Dakota Mathias,PHI,7,33,0.515,0.606,0.09099999999999997,-0.09
2020-21,1628981,Bruno Fernando,ATL,28,33,0.667,0.626,-0.041000000000000036,0.041
2020-21,1629605,Tacko Fall,BOS,17,31,0.484,0.602,0.118,-0.118
2020-21,1630219,Skylar Mays,ATL,27,30,0.567,0.589,0.02200000000000002,-0.022
2020-21,1630210,Markus Howard,DEN,27,30,0.767,0.627,-0.14,0.14
2020-21,1629641,Romeo Langford,BOS,17,30,0.433,0.615,0.182,-0.181
2020-21,1630200,Tre Jones,SAS,29,29,0.69,0.594,-0.09599999999999997,0.096
2020-21,203953,Jabari Parker,BOS,12,28,0.571,0.613,0.04200000000000004,-0.042
2020-21,1630187,Daniel Oturu,LAC,19,28,0.5,0.573,0.07299999999999995,-0.073
2020-21,1628414,Sindarius Thornwell,ORL,16,26,0.692,0.609,-0.08299999999999996,0.084
2020-21,1629657,Kyle Guy,SAC,25,26,0.731,0.61,-0.121,0.121
2020-21,1629718,Charlie Brown Jr.,OKC,9,26,0.692,0.609,-0.08299999999999996,0.084
2020-21,1628427,Vlatko Čančar,DEN,31,26,0.846,0.632,-0.21399999999999997,0.214
2020-21,1628419,Cameron Oliver,HOU,4,25,0.76,0.591,-0.16900000000000004,0.169
2020-21,1629626,Bol Bol,DEN,24,25,0.68,0.629,-0.051000000000000045,0.051
2020-21,1630264,Anthony Gill,WAS,19,25,0.48,0.589,0.10899999999999999,-0.109
2020-21,1630253,Sean McDermott,MEM,13,25,0.76,0.606,-0.15400000000000003,0.154
2020-21,1629346,Alen Smailagic,GSW,9,24,0.583,0.598,0.015000000000000013,-0.015
2020-21,1630188,Jalen Smith,PHX,19,24,0.75,0.627,-0.123,0.123
2020-21,203585,Rodney McGruder,DET,14,24,0.583,0.626,0.04300000000000004,-0.042
2020-21,1629682,Tremont Waters,BOS,21,24,0.542,0.593,0.050999999999999934,-0.051
2020-21,1629714,Jarrell Brantley,UTA,20,23,0.609,0.589,-0.020000000000000018,0.02
2020-21,1629185,Chris Chiozza,BKN,20,23,0.783,0.575,-0.20800000000000007,0.208
2020-21,203121,Darius Miller,OKC,15,22,0.5,0.626,0.126,-0.126
2020-21,1629035,Carsen Edwards,BOS,25,22,0.682,0.629,-0.05300000000000005,0.053
2020-21,1628365,Markelle Fultz,ORL,8,22,0.727,0.603,-0.124,0.124
2020-21,1629735,Chris Silva,SAC,9,22,0.5,0.621,0.121,-0.121
2020-21,1629066,Rodions Kurucs,MIL,15,22,0.545,0.648,0.10299999999999998,-0.102
2020-21,1630223,Jalen Harris,TOR,13,21,0.667,0.637,-0.030000000000000027,0.029
2020-21,1630176,Vernon Carey Jr.,CHA,17,21,0.476,0.611,0.135,-0.135
2020-21,1630241,Sam Merrill,MIL,22,21,0.571,0.62,0.049000000000000044,-0.048
2020-21,203957,Dante Exum,HOU,5,21,0.476,0.602,0.126,-0.126
2020-21,1629017,Khyri Thomas,HOU,5,21,0.571,0.605,0.03400000000000003,-0.033
2020-21,1629603,Mamadi Diakite,MIL,12,20,0.4,0.613,0.21299999999999997,-0.213
2020-21,1629604,CJ Elleby,POR,22,20,0.35,0.585,0.235,-0.235
2020-21,1629752,Juwan Morgan,UTA,18,20,0.5,0.636,0.136,-0.136
2020-21,1629648,Jordan Bone,ORL,11,20,0.55,0.594,0.04399999999999993,-0.044
2020-21,1628395,Jordan Bell,GSW,5,19,0.579,0.622,0.04300000000000004,-0.043
2020-21,1630189,Tyler Bey,DAL,15,19,0.737,0.597,-0.14,0.14
2020-21,1629686,Deividas Sirvydis,DET,16,19,0.684,0.606,-0.07800000000000007,0.078
2020-21,1628993,Alize Johnson,BKN,14,18,0.667,0.59,-0.07700000000000007,0.076
2020-21,1627748,Thon Maker,CLE,8,18,0.667,0.606,-0.061000000000000054,0.061
2020-21,2760,Anderson Varejao,CLE,5,18,0.611,0.61,-0.0010000000000000009,0.002
2020-21,203998,Bruno Caboclo,HOU,5,17,0.529,0.617,0.08799999999999997,-0.087
2020-21,203933,T.J. Warren,IND,4,17,0.647,0.636,-0.01100000000000001,0.011
2020-21,1629683,Quinndary Weatherspoon,SAS,14,16,0.75,0.545,-0.20499999999999996,0.205
2020-21,1629719,Devontae Cacok,LAL,18,16,0.563,0.564,0.0010000000000000009,-0.001
2020-21,1629663,Louis King,SAC,6,16,0.563,0.58,0.017000000000000015,-0.018
2020-21,1630207,Nate Hinton,DAL,15,15,0.733,0.608,-0.125,0.125
2020-21,1626178,Rondae Hollis-Jefferson,POR,10,15,0.533,0.599,0.06599999999999995,-0.065
2020-21,1630211,Karim Mane,ORL,9,15,0.733,0.603,-0.13,0.131
2020-21,1630186,Jahmi'us Ramsey,SAC,11,15,0.467,0.619,0.15199999999999997,-0.152
2020-21,1629725,Jeremiah Martin,CLE,8,15,0.6,0.533,-0.06699999999999995,0.067
2020-21,1629007,Jontay Porter,MEM,5,15,0.667,0.655,-0.01200000000000001,0.012
2020-21,1629606,Robert Franks,ORL,5,14,0.571,0.63,0.05900000000000005,-0.058
2020-21,1630208,Nick Richards,CHA,11,13,0.615,0.595,-0.020000000000000018,0.021
2020-21,1627812,Yogi Ferrell,LAC,9,13,0.692,0.624,-0.06799999999999995,0.068
2020-21,1630216,Cassius Winston,WAS,11,13,0.538,0.563,0.02499999999999991,-0.025
2020-21,203658,Norvel Pelle,NYK,8,12,0.5,0.646,0.14600000000000002,-0.146
2020-21,201229,Anthony Tolliver,PHI,8,12,0.583,0.615,0.03200000000000003,-0.032
2020-21,1630234,Ty-Shon Alexander,PHX,8,12,0.417,0.619,0.202,-0.202
2020-21,1629681,Killian Tillie,MEM,14,12,0.583,0.693,0.10999999999999999,-0.11
2020-21,1628578,Amida Brimah,IND,5,12,0.583,0.643,0.06000000000000005,-0.059
2020-21,1630206,Jay Scrubb,LAC,4,12,0.75,0.597,-0.15300000000000002,0.153
2020-21,201162,Jared Dudley,LAL,11,12,0.417,0.646,0.22900000000000004,-0.229
2020-21,1628961,Kostas Antetokounmpo,LAL,11,12,0.5,0.587,0.08699999999999997,-0.087
2020-21,204025,Tim Frazier,MEM,4,11,0.455,0.585,0.12999999999999995,-0.13
2020-21,1630199,Cassius Stanley,IND,16,11,0.545,0.617,0.07199999999999995,-0.072
2020-21,1626245,Cristiano Felicio,CHI,13,10,0.5,0.606,0.10599999999999998,-0.106
2020-21,1629244,Cam Reynolds,HOU,3,10,0.4,0.607,0.20699999999999996,-0.207
2020-21,1629620,Justin Robinson,OKC,7,10,0.7,0.576,-0.124,0.124
2020-21,1629738,Vincent Poirier,PHI,8,10,0.6,0.544,-0.05599999999999994,0.056
2020-21,203460,Andre Roberson,BKN,5,9,0.556,0.619,0.06299999999999994,-0.064
2020-21,1630190,Elijah Hughes,UTA,12,8,0.5,0.598,0.09799999999999998,-0.098
2020-21,1628962,Udoka Azubuike,UTA,12,8,0.75,0.595,-0.15500000000000003,0.155
2020-21,1629962,Devin Cannady,ORL,4,8,0.5,0.634,0.134,-0.134
2020-21,203915,Spencer Dinwiddie,BKN,3,8,0.625,0.622,-0.0030000000000000027,0.003
2020-21,1629712,Didi Louzada,NOP,3,8,0.75,0.603,-0.14700000000000002,0.147
2020-21,1627737,Marquese Chriss,GSW,2,8,0.625,0.599,-0.026000000000000023,0.026
2020-21,1627780,Gary Payton II,GSW,7,7,0.571,0.59,0.019000000000000017,-0.019
2020-21,1630218,Robert Woodard II,SAC,7,7,0.429,0.648,0.21900000000000003,-0.219
2020-21,1629091,Elijah Bryant,MIL,1,7,0.857,0.704,-0.15300000000000002,0.153
2020-21,1628388,T.J. Leaf,POR,7,6,0.333,0.613,0.27999999999999997,-0.279
2020-21,1627740,Henry Ellenson,TOR,2,6,0.833,0.593,-0.24,0.24
2020-21,1629730,Rayjon Tucker,PHI,10,6,0.833,0.582,-0.251,0.251
2020-21,1630179,Tyrell Terry,DAL,8,6,0.5,0.63,0.13,-0.13
2020-21,1629033,Theo Pinson,NYK,12,6,0.667,0.57,-0.09700000000000009,0.097
2020-21,1629034,Ray Spalding,HOU,2,6,0.5,0.626,0.126,-0.126
2020-21,1626253,Axel Toupane,MIL,5,6,0.5,0.48,-0.020000000000000018,0.02
2020-21,1627739,Kris Dunn,ATL,4,6,0.833,0.64,-0.19299999999999995,0.194
2020-21,1629690,Adam Mokoka,CHI,6,5,0.6,0.642,0.04200000000000004,-0.042
2020-21,1628390,Terrance Ferguson,PHI,6,5,0.8,0.607,-0.19300000000000006,0.193
2020-21,1629833,Keljin Blevins,POR,14,5,0.6,0.628,0.028000000000000025,-0.028
2020-21,203086,Meyers Leonard,MIA,3,4,0.75,0.637,-0.11299999999999999,0.113
2020-21,1628412,Frank Mason III,ORL,4,4,1.0,0.688,-0.31200000000000006,0.312
2020-21,202738,Isaiah Thomas,NOP,3,4,0.5,0.572,0.07199999999999995,-0.072
2020-21,1629653,Devon Dotson,CHI,7,3,0.0,0.653,0.653,-0.653
2020-21,1627775,Patrick McCaw,TOR,5,3,0.667,0.628,-0.039000000000000035,0.039
2020-21,1629665,Jalen Lecque,IND,4,3,0.333,0.638,0.305,-0.304
2020-21,1630268,Nate Darling,CHA,4,3,0.667,0.588,-0.07900000000000007,0.078
2020-21,203263,James Nunnally,NOP,4,3,1.0,0.573,-0.42700000000000005,0.427
2020-21,202697,Iman Shumpert,BKN,2,3,0.333,0.629,0.296,-0.296
2020-21,1628394,Anžejs Pasečņiks,WAS,1,3,1.0,0.578,-0.42200000000000004,0.422
2020-21,1629121,Jaylen Adams,MIL,2,2,1.0,0.591,-0.40900000000000003,0.41
2020-21,1630203,Grant Riller,CHA,5,2,1.0,0.591,-0.40900000000000003,0.409
2020-21,1629607,Jared Harper,NYK,4,2,1.0,0.665,-0.33499999999999996,0.335
2020-21,1628968,Brian Bowen II,IND,1,2,0.5,0.495,-0.0050000000000000044,0.005
2020-21,203943,Noah Vonleh,BKN,4,2,1.0,0.562,-0.43799999999999994,0.439
2020-21,1630238,Malik Fitts,LAC,1,1,1.0,0.711,-0.28900000000000003,0.289
2021-22,203999,Nikola Jokić,DEN,74,623,0.615,0.641,0.026000000000000023,-0.026
2021-22,202696,Nikola Vučević,CHI,73,616,0.635,0.64,0.0050000000000000044,-0.005
2021-22,1627751,Jakob Poeltl,SAS,68,583,0.552,0.637,0.08499999999999996,-0.085
2021-22,203954,Joel Embiid,PHI,68,565,0.575,0.641,0.06600000000000006,-0.066
2021-22,1630596,Evan Mobley,CLE,69,562,0.53,0.636,0.10599999999999998,-0.105
2021-22,1630567,Scottie Barnes,TOR,74,499,0.595,0.629,0.03400000000000003,-0.034
2021-22,203497,Rudy Gobert,UTA,66,472,0.506,0.638,0.132,-0.131
2021-22,1627741,Buddy Hield,IND,81,460,0.652,0.628,-0.02400000000000002,0.024
2021-22,203486,Mason Plumlee,CHA,73,455,0.607,0.647,0.040000000000000036,-0.04
2021-22,1627783,Pascal Siakam,TOR,68,446,0.576,0.626,0.050000000000000044,-0.05
2021-22,1628970,Miles Bridges,CHA,80,442,0.611,0.637,0.026000000000000023,-0.026
2021-22,203500,Steven Adams,MEM,76,440,0.605,0.644,0.039000000000000035,-0.04
2021-22,1627826,Ivica Zubac,LAC,76,434,0.567,0.644,0.07700000000000007,-0.077
2021-22,203991,Clint Capela,ATL,74,420,0.607,0.648,0.041000000000000036,-0.041
2021-22,202685,Jonas Valančiūnas,NOP,74,416,0.647,0.652,0.0050000000000000044,-0.005
2021-22,1626157,Karl-Anthony Towns,MIN,74,411,0.613,0.644,0.031000000000000028,-0.031
2021-22,1630578,Alperen Sengun,HOU,72,409,0.614,0.633,0.019000000000000017,-0.019
2021-22,1627749,Dejounte Murray,SAS,68,409,0.604,0.631,0.027000000000000024,-0.028
2021-22,1627734,Domantas Sabonis,SAC,62,405,0.62,0.639,0.019000000000000017,-0.019
2021-22,203939,Dwight Powell,DAL,82,403,0.635,0.638,0.0030000000000000027,-0.003
2021-22,1628964,Mo Bamba,ORL,71,402,0.577,0.638,0.061000000000000054,-0.061
2021-22,1629655,Daniel Gafford,WAS,72,399,0.554,0.638,0.08399999999999996,-0.084
2021-22,1628991,Jaren Jackson Jr.,MEM,78,399,0.499,0.641,0.14200000000000002,-0.143
2021-22,1628386,Jarrett Allen,CLE,56,396,0.485,0.638,0.15300000000000002,-0.153
2021-22,1630166,Deni Avdija,WAS,81,391,0.568,0.628,0.06000000000000005,-0.06
2021-22,1630595,Cade Cunningham,DET,64,391,0.591,0.641,0.050000000000000044,-0.051
2021-22,1629647,Darius Bazley,OKC,69,381,0.651,0.642,-0.009000000000000008,0.009
2021-22,1626174,Christian Wood,HOU,68,376,0.609,0.636,0.027000000000000024,-0.027
2021-22,1628401,Derrick White,BOS,75,372,0.562,0.634,0.07199999999999995,-0.073
2021-22,1628969,Mikal Bridges,PHX,82,371,0.636,0.625,-0.01100000000000001,0.011
2021-22,1630169,Tyrese Haliburton,IND,77,368,0.698,0.619,-0.07899999999999996,0.079
2021-22,203952,Andrew Wiggins,GSW,73,368,0.592,0.636,0.04400000000000004,-0.044
2021-22,1630191,Isaiah Stewart,DET,71,367,0.531,0.644,0.11299999999999999,-0.113
2021-22,1626171,Bobby Portis,MIL,72,366,0.582,0.642,0.06000000000000005,-0.06
2021-22,1627832,Fred VanVleet,TOR,65,366,0.574,0.62,0.04600000000000004,-0.046
2021-22,1628374,Lauri Markkanen,CLE,61,363,0.62,0.63,0.010000000000000009,-0.01
2021-22,1627827,Dorian Finney-Smith,DAL,80,361,0.601,0.633,0.03200000000000003,-0.032
2021-22,1628392,Isaiah Hartenstein,LAC,68,359,0.526,0.629,0.10299999999999998,-0.103
2021-22,1630173,Precious Achiuwa,TOR,73,359,0.546,0.636,0.08999999999999997,-0.09
2021-22,1629029,Luka Dončić,DAL,65,359,0.627,0.63,0.0030000000000000027,-0.004
2021-22,1630162,Anthony Edwards,MIN,72,349,0.625,0.635,0.010000000000000009,-0.011
2021-22,1626172,Kevon Looney,GSW,82,349,0.576,0.638,0.062000000000000055,-0.062
2021-22,1629640,Keldon Johnson,SAS,75,347,0.565,0.631,0.06600000000000006,-0.066
2021-22,203507,Giannis Antetokounmpo,MIL,67,344,0.529,0.642,0.11299999999999999,-0.112
2021-22,1628369,Jayson Tatum,BOS,76,343,0.56,0.625,0.06499999999999995,-0.066
2021-22,1628398,Kyle Kuzma,WAS,66,343,0.569,0.622,0.05300000000000005,-0.053
2021-22,202704,Reggie Jackson,LAC,75,342,0.573,0.626,0.05300000000000005,-0.053
2021-22,1626220,Royce O'Neale,UTA,77,342,0.602,0.628,0.026000000000000023,-0.026
2021-22,201935,James Harden,PHI,65,340,0.626,0.633,0.007000000000000006,-0.006
2021-22,202699,Tobias Harris,PHI,73,338,0.675,0.628,-0.04700000000000004,0.046
2021-22,203084,Harrison Barnes,SAC,77,338,0.645,0.639,-0.006000000000000005,0.006
2021-22,201143,Al Horford,BOS,69,332,0.548,0.631,0.08299999999999996,-0.083
2021-22,1626179,Terry Rozier,CHA,73,331,0.656,0.629,-0.027000000000000024,0.027
2021-22,1626156,D'Angelo Russell,MIN,65,331,0.65,0.629,-0.02100000000000002,0.021
2021-22,203994,Jusuf Nurkić,POR,56,331,0.637,0.645,0.008000000000000007,-0.007
2021-22,1629611,Terance Mann,LAC,81,330,0.585,0.622,0.03700000000000003,-0.037
2021-22,1628370,Malik Monk,LAL,76,330,0.664,0.63,-0.03400000000000003,0.033
2021-22,1629628,RJ Barrett,NYK,70,329,0.647,0.633,-0.014000000000000012,0.014
2021-22,1628976,Wendell Carter Jr.,ORL,62,328,0.53,0.643,0.11299999999999999,-0.113
2021-22,1626164,Devin Booker,PHX,68,327,0.575,0.628,0.05300000000000005,-0.053
2021-22,1629028,Deandre Ayton,PHX,58,324,0.58,0.638,0.05800000000000005,-0.058
2021-22,203496,Robert Covington,LAC,71,324,0.596,0.635,0.039000000000000035,-0.039
2021-22,201942,DeMar DeRozan,CHI,76,322,0.649,0.631,-0.018000000000000016,0.018
2021-22,203944,Julius Randle,NYK,72,321,0.586,0.642,0.05600000000000005,-0.057
2021-22,1629001,De'Anthony Melton,MEM,73,319,0.646,0.628,-0.018000000000000016,0.018
2021-22,1629023,P.J. Washington,CHA,65,317,0.625,0.636,0.01100000000000001,-0.012
2021-22,1629645,Kevin Porter Jr.,HOU,61,317,0.703,0.631,-0.07199999999999995,0.072
2021-22,203932,Aaron Gordon,DEN,75,315,0.603,0.628,0.025000000000000022,-0.024
2021-22,1630256,Jae'Sean Tate,HOU,78,312,0.603,0.633,0.030000000000000027,-0.03
2021-22,202357,Nemanja Bjelica,GSW,71,312,0.622,0.626,0.0040000000000000036,-0.004
2021-22,1626168,Trey Lyles,SAC,73,311,0.637,0.635,-0.0020000000000000018,0.002
2021-22,1630163,LaMelo Ball,CHA,75,311,0.621,0.632,0.01100000000000001,-0.011
2021-22,1630245,Ayo Dosunmu,CHI,77,310,0.619,0.613,-0.006000000000000005,0.006
2021-22,204001,Kristaps Porziņģis,WAS,51,310,0.571,0.639,0.06800000000000006,-0.068
2021-22,203083,Andre Drummond,BKN,73,309,0.595,0.642,0.04700000000000004,-0.047
2021-22,1630532,Franz Wagner,ORL,77,308,0.545,0.63,0.08499999999999996,-0.085
2021-22,201580,JaVale McGee,PHX,74,307,0.518,0.627,0.10899999999999999,-0.109
2021-22,1630224,Jalen Green,HOU,67,306,0.69,0.641,-0.04899999999999993,0.049
2021-22,201566,Russell Westbrook,LAL,78,300,0.68,0.631,-0.049000000000000044,0.049
2021-22,1629020,Jarred Vanderbilt,MIN,74,297,0.599,0.648,0.049000000000000044,-0.049
2021-22,1628449,Chris Boucher,TOR,80,297,0.596,0.634,0.038000000000000034,-0.038
2021-22,1629011,Mitchell Robinson,NYK,72,297,0.539,0.639,0.09999999999999998,-0.1
2021-22,1628983,Shai Gilgeous-Alexander,OKC,56,296,0.601,0.633,0.03200000000000003,-0.031
2021-22,1628368,De'Aaron Fox,SAC,59,296,0.666,0.619,-0.04700000000000004,0.047
2021-22,1630529,Herbert Jones,NOP,78,295,0.607,0.634,0.027000000000000024,-0.027
2021-22,1630581,Josh Giddey,OKC,54,292,0.592,0.631,0.039000000000000035,-0.038
2021-22,1628381,John Collins,ATL,54,292,0.606,0.641,0.03500000000000003,-0.035
2021-22,1628989,Kevin Huerter,ATL,74,291,0.646,0.617,-0.029000000000000026,0.029
2021-22,202355,Hassan Whiteside,UTA,65,291,0.584,0.639,0.05500000000000005,-0.055
2021-22,1630170,Devin Vassell,SAS,71,290,0.593,0.625,0.03200000000000003,-0.032
2021-22,1626162,Kelly Oubre Jr.,CHA,76,290,0.634,0.632,-0.0020000000000000018,0.003
2021-22,1630178,Tyrese Maxey,PHI,75,290,0.6,0.614,0.014000000000000012,-0.014
2021-22,1629675,Naz Reid,MIN,77,289,0.536,0.64,0.10399999999999998,-0.103
2021-22,1629234,Drew Eubanks,POR,70,288,0.615,0.631,0.016000000000000014,-0.016
2021-22,1629684,Grant Williams,BOS,77,287,0.617,0.629,0.01200000000000001,-0.013
2021-22,201567,Kevin Love,CLE,74,287,0.561,0.63,0.06899999999999995,-0.069
2021-22,1628971,Bruce Brown,BKN,72,284,0.567,0.634,0.06700000000000006,-0.068
2021-22,1626167,Myles Turner,IND,42,284,0.556,0.647,0.09099999999999997,-0.09
2021-22,1629630,Ja Morant,MEM,57,284,0.546,0.629,0.08299999999999996,-0.084
2021-22,1630183,Jaden McDaniels,MIN,70,283,0.512,0.632,0.12,-0.119
2021-22,1630217,Desmond Bane,MEM,76,283,0.583,0.63,0.04700000000000004,-0.047
2021-22,203095,Evan Fournier,NYK,80,283,0.664,0.624,-0.040000000000000036,0.04
2021-22,203076,Anthony Davis,LAL,40,281,0.566,0.635,0.06900000000000006,-0.069
2021-22,1629052,Oshae Brissett,IND,67,280,0.654,0.634,-0.020000000000000018,0.019
2021-22,1627759,Jaylen Brown,BOS,66,279,0.616,0.629,0.013000000000000012,-0.013
2021-22,203115,Will Barton,DEN,71,279,0.656,0.631,-0.025000000000000022,0.025
2021-22,1629639,Tyler Herro,MIA,66,277,0.617,0.619,0.0020000000000000018,-0.002
2021-22,201950,Jrue Holiday,MIL,66,274,0.602,0.622,0.020000000000000018,-0.02
2021-22,203484,Kentavious Caldwell-Pope,WAS,77,274,0.657,0.628,-0.029000000000000026,0.029
2021-22,203114,Khris Middleton,MIL,66,274,0.631,0.634,0.0030000000000000027,-0.002
2021-22,1629643,Chuma Okeke,ORL,70,272,0.632,0.629,-0.0030000000000000027,0.003
2021-22,203200,Justin Holiday,SAC,74,271,0.664,0.627,-0.03700000000000003,0.037
2021-22,202692,Alec Burks,NYK,81,271,0.664,0.636,-0.028000000000000025,0.028
2021-22,201145,Jeff Green,DEN,75,270,0.652,0.634,-0.018000000000000016,0.018
2021-22,1629027,Trae Young,ATL,76,270,0.67,0.622,-0.04800000000000004,0.049
2021-22,203109,Jae Crowder,PHX,67,268,0.653,0.631,-0.02200000000000002,0.022
2021-22,2544,LeBron James,LAL,56,267,0.543,0.63,0.08699999999999997,-0.087
2021-22,2546,Carmelo Anthony,LAL,69,266,0.647,0.632,-0.015000000000000013,0.015
2021-22,1629636,Darius Garland,CLE,68,265,0.664,0.614,-0.050000000000000044,0.05
2021-22,1629726,Garrison Mathews,HOU,65,265,0.6,0.625,0.025000000000000022,-0.025
2021-22,201142,Kevin Durant,BKN,55,264,0.549,0.632,0.08299999999999996,-0.083
2021-22,203468,CJ McCollum,NOP,62,261,0.644,0.631,-0.013000000000000012,0.013
2021-22,1630559,Austin Reaves,LAL,61,259,0.618,0.611,-0.007000000000000006,0.006
2021-22,200768,Kyle Lowry,MIA,63,259,0.66,0.625,-0.03500000000000003,0.035
2021-22,1630180,Saddiq Bey,DET,82,257,0.599,0.636,0.03700000000000003,-0.037
2021-22,202709,Cory Joseph,DET,65,256,0.617,0.627,0.010000000000000009,-0.01
2021-22,1628467,Maxi Kleber,DAL,59,256,0.563,0.628,0.06500000000000006,-0.065
2021-22,1628379,Luke Kennard,LAC,70,256,0.59,0.622,0.03200000000000003,-0.032
2021-22,1629632,Coby White,CHI,61,253,0.628,0.623,-0.0050000000000000044,0.005
2021-22,203992,Bogdan Bogdanović,ATL,63,252,0.651,0.627,-0.02400000000000002,0.023
2021-22,1627777,Georges Niang,PHI,76,252,0.603,0.635,0.03200000000000003,-0.032
2021-22,1628389,Bam Adebayo,MIA,56,251,0.614,0.643,0.029000000000000026,-0.029
2021-22,1628998,Cody Martin,CHA,71,251,0.629,0.63,0.0010000000000000009,0.0
2021-22,1626149,Montrezl Harrell,CHA,71,251,0.653,0.646,-0.007000000000000006,0.008
2021-22,1628470,Torrey Craig,PHX,78,250,0.608,0.627,0.019000000000000017,-0.019
2021-22,203493,Reggie Bullock Jr.,DAL,68,247,0.648,0.625,-0.02300000000000002,0.023
2021-22,1630165,Killian Hayes,DET,66,247,0.623,0.621,-0.0020000000000000018,0.003
2021-22,1628404,Josh Hart,POR,54,246,0.667,0.636,-0.031000000000000028,0.03
2021-22,1629057,Robert Williams III,BOS,61,245,0.518,0.631,0.11299999999999999,-0.112
2021-22,201587,Nicolas Batum,LAC,59,244,0.602,0.641,0.039000000000000035,-0.039
2021-22,1630537,Chris Duarte,IND,55,244,0.602,0.628,0.026000000000000023,-0.025
2021-22,201988,Patty Mills,BKN,81,244,0.66,0.626,-0.03400000000000003,0.034
2021-22,1630197,Aleksej Pokusevski,OKC,61,242,0.607,0.641,0.03400000000000003,-0.033
2021-22,1630526,Jeremiah Robinson-Earl,OKC,49,242,0.591,0.644,0.05300000000000005,-0.053
2021-22,1628973,Jalen Brunson,DAL,79,242,0.678,0.623,-0.05500000000000005,0.055
2021-22,1630175,Cole Anthony,ORL,64,241,0.631,0.627,-0.0040000000000000036,0.004
2021-22,1628420,Monte Morris,DEN,75,240,0.667,0.621,-0.04600000000000004,0.046
2021-22,203471,Dennis Schröder,HOU,64,240,0.608,0.618,0.010000000000000009,-0.01
2021-22,1629018,Gary Trent Jr.,TOR,70,239,0.669,0.622,-0.04700000000000004,0.048
2021-22,203937,Kyle Anderson,MEM,69,239,0.586,0.637,0.051000000000000045,-0.051
2021-22,1630558,Davion Mitchell,SAC,75,238,0.609,0.622,0.013000000000000012,-0.013
2021-22,203897,Zach LaVine,CHI,67,237,0.62,0.627,0.007000000000000006,-0.006
2021-22,200782,P.J. Tucker,MIA,71,237,0.62,0.626,0.006000000000000005,-0.006
2021-22,1629676,Isaiah Roby,OKC,45,237,0.629,0.647,0.018000000000000016,-0.018
2021-22,201939,Stephen Curry,GSW,64,235,0.613,0.631,0.018000000000000016,-0.019
2021-22,203903,Jordan Clarkson,UTA,79,235,0.621,0.618,-0.0030000000000000027,0.003
2021-22,1627745,Damian Jones,SAC,53,233,0.592,0.635,0.04300000000000004,-0.043
2021-22,1629130,Duncan Robinson,MIA,79,232,0.642,0.631,-0.01100000000000001,0.012
2021-22,1626192,Pat Connaughton,MIL,65,232,0.655,0.631,-0.02400000000000002,0.024
2021-22,1630171,Isaac Okoro,CLE,67,230,0.617,0.614,-0.0030000000000000027,0.003
2021-22,1629723,John Konchar,MEM,72,230,0.6,0.627,0.027000000000000024,-0.027
2021-22,1630193,Immanuel Quickley,NYK,78,230,0.557,0.607,0.04999999999999993,-0.051
2021-22,101108,Chris Paul,PHX,65,229,0.655,0.63,-0.025000000000000022,0.025
2021-22,1629680,Matisse Thybulle,PHI,66,229,0.59,0.613,0.02300000000000002,-0.023
2021-22,1630557,Corey Kispert,WAS,75,228,0.618,0.618,0.0,0.0
2021-22,203915,Spencer Dinwiddie,DAL,67,228,0.662,0.624,-0.038000000000000034,0.038
2021-22,201568,Danilo Gallinari,ATL,66,228,0.667,0.633,-0.03400000000000003,0.034
2021-22,1629661,Cameron Johnson,PHX,66,227,0.599,0.618,0.019000000000000017,-0.019
2021-22,202711,Bojan Bogdanovic,UTA,69,226,0.611,0.637,0.026000000000000023,-0.026
2021-22,201144,Mike Conley,UTA,72,226,0.611,0.619,0.008000000000000007,-0.008
2021-22,1629002,Chimezie Metu,SAC,59,226,0.588,0.625,0.03700000000000003,-0.037
2021-22,203490,Otto Porter Jr.,GSW,63,226,0.624,0.638,0.014000000000000012,-0.014
2021-22,1626158,Richaun Holmes,SAC,45,225,0.533,0.626,0.09299999999999997,-0.093
2021-22,1629673,Jordan Poole,GSW,76,223,0.628,0.621,-0.007000000000000006,0.007
2021-22,1628464,Daniel Theis,BOS,47,220,0.632,0.644,0.01200000000000001,-0.012
2021-22,1626169,Stanley Johnson,LAL,48,218,0.661,0.62,-0.041000000000000036,0.041
2021-22,1630231,KJ Martin,HOU,78,217,0.599,0.623,0.02400000000000002,-0.024
2021-22,1628984,Devonte' Graham,NOP,76,217,0.691,0.621,-0.06999999999999995,0.07
2021-22,1628997,Caleb Martin,MIA,59,216,0.593,0.622,0.029000000000000026,-0.029
2021-22,1630528,Josh Christopher,HOU,72,216,0.699,0.623,-0.07599999999999996,0.076
2021-22,1628378,Donovan Mitchell,UTA,67,216,0.699,0.636,-0.06299999999999994,0.063
2021-22,201976,Patrick Beverley,MIN,58,216,0.644,0.636,-0.008000000000000007,0.007
2021-22,203526,Raul Neto,WAS,68,215,0.665,0.616,-0.049000000000000044,0.049
2021-22,203935,Marcus Smart,BOS,71,215,0.642,0.624,-0.018000000000000016,0.018
2021-22,1630168,Onyeka Okongwu,ATL,48,215,0.567,0.629,0.062000000000000055,-0.062
2021-22,1629014,Anfernee Simons,POR,57,214,0.743,0.632,-0.11099999999999999,0.111
2021-22,1629634,Brandon Clarke,MEM,64,213,0.535,0.617,0.08199999999999996,-0.082
2021-22,1626195,Willy Hernangomez,NOP,49,213,0.662,0.655,-0.007000000000000006,0.007
2021-22,1629659,Talen Horton-Tucker,LAL,60,212,0.627,0.626,-0.0010000000000000009,0.001
2021-22,203552,Seth Curry,BKN,64,211,0.645,0.621,-0.02400000000000002,0.024
2021-22,1629637,Jaxson Hayes,NOP,70,209,0.579,0.626,0.04700000000000004,-0.047
2021-22,1629631,De'Andre Hunter,ATL,53,208,0.625,0.633,0.008000000000000007,-0.008
2021-22,1628960,Grayson Allen,MIL,66,207,0.594,0.628,0.03400000000000003,-0.034
2021-22,1629750,Javonte Green,CHI,65,207,0.589,0.63,0.041000000000000036,-0.04
2021-22,1626196,Josh Richardson,SAS,65,206,0.607,0.609,0.0020000000000000018,-0.002
2021-22,1627742,Brandon Ingram,NOP,55,204,0.657,0.634,-0.02300000000000002,0.023
2021-22,1628366,Lonzo Ball,CHI,35,204,0.554,0.615,0.06099999999999994,-0.061
2021-22,1627747,Caris LeVert,CLE,58,202,0.683,0.628,-0.05500000000000005,0.055
2021-22,1630228,Jonathan Kuminga,GSW,65,201,0.617,0.621,0.0040000000000000036,-0.004
2021-22,1630556,Kessler Edwards,BKN,44,200,0.665,0.632,-0.03300000000000003,0.033
2021-22,1627736,Malik Beasley,MIN,79,198,0.631,0.627,-0.0040000000000000036,0.005
2021-22,201980,Danny Green,PHI,62,197,0.645,0.623,-0.02200000000000002,0.021
2021-22,1629622,Max Strus,MIA,68,197,0.64,0.631,-0.009000000000000008,0.009
2021-22,201586,Serge Ibaka,MIL,54,195,0.595,0.652,0.05700000000000005,-0.057
2021-22,200746,LaMarcus Aldridge,BKN,47,194,0.557,0.634,0.07699999999999996,-0.077
2021-22,1630560,Cam Thomas,BKN,63,193,0.648,0.62,-0.028000000000000025,0.027
2021-22,1629638,Nickeil Alexander-Walker,UTA,64,193,0.699,0.631,-0.06799999999999995,0.069
2021-22,203920,Khem Birch,TOR,55,190,0.626,0.633,0.007000000000000006,-0.007
2021-22,1626153,Delon Wright,ATL,76,188,0.681,0.617,-0.06400000000000006,0.064
2021-22,1629022,Lonnie Walker IV,SAS,70,187,0.572,0.62,0.04800000000000004,-0.048
2021-22,1629048,Goga Bitadze,IND,44,187,0.647,0.646,-0.0010000000000000009,0.001
2021-22,1630544,Tre Mann,OKC,60,186,0.618,0.621,0.0030000000000000027,-0.003
2021-22,1630598,Aaron Wiggins,OKC,50,185,0.654,0.633,-0.02100000000000002,0.021
2021-22,203482,Kelly Olynyk,DET,40,185,0.589,0.631,0.04200000000000004,-0.042
2021-22,1628384,OG Anunoby,TOR,48,184,0.625,0.634,0.009000000000000008,-0.009
2021-22,1630538,Bones Hyland,DEN,68,184,0.63,0.624,-0.006000000000000005,0.007
2021-22,1630570,Trendon Watford,POR,48,183,0.65,0.636,-0.014000000000000012,0.014
2021-22,203473,Dewayne Dedmon,MIA,67,183,0.59,0.643,0.05300000000000005,-0.052
2021-22,1630533,Ziaire Williams,MEM,62,183,0.628,0.621,-0.007000000000000006,0.007
2021-22,2730,Dwight Howard,LAL,58,182,0.692,0.647,-0.04499999999999993,0.045
2021-22,202710,Jimmy Butler III,MIA,57,181,0.663,0.643,-0.020000000000000018,0.02
2021-22,1627752,Taurean Prince,MIN,67,180,0.739,0.629,-0.10999999999999999,0.11
2021-22,1630200,Tre Jones,SAS,64,179,0.615,0.61,-0.0050000000000000044,0.004
2021-22,201933,Blake Griffin,BKN,55,178,0.624,0.646,0.02200000000000002,-0.022
2021-22,1630188,Jalen Smith,IND,49,178,0.584,0.639,0.05500000000000005,-0.055
2021-22,202340,Avery Bradley,LAL,62,178,0.758,0.62,-0.138,0.138
2021-22,202339,Eric Bledsoe,POR,54,177,0.621,0.621,0.0,0.001
2021-22,1629652,Luguentz Dort,OKC,51,176,0.631,0.617,-0.014000000000000012,0.014
2021-22,202694,Marcus Morris Sr.,LAC,54,176,0.67,0.645,-0.025000000000000022,0.026
2021-22,203110,Draymond Green,GSW,45,176,0.551,0.639,0.08799999999999997,-0.088
2021-22,1629642,Nassir Little,POR,42,176,0.574,0.626,0.052000000000000046,-0.052
2021-22,1629651,Nic Claxton,BKN,47,173,0.52,0.628,0.10799999999999998,-0.108
2021-22,203924,Jerami Grant,DET,47,171,0.608,0.648,0.040000000000000036,-0.039
2021-22,1628972,Troy Brown Jr.,CHI,61,171,0.649,0.619,-0.030000000000000027,0.03
2021-22,1630181,R.J. Hampton,ORL,64,171,0.725,0.607,-0.118,0.118
2021-22,203914,Gary Harris,ORL,61,171,0.643,0.622,-0.02100000000000002,0.022
2021-22,1630591,Jalen Suggs,ORL,48,170,0.588,0.637,0.049000000000000044,-0.049
2021-22,1628963,Marvin Bagley III,DET,48,170,0.624,0.651,0.027000000000000024,-0.027
2021-22,1627780,Gary Payton II,GSW,69,170,0.612,0.629,0.017000000000000015,-0.017
2021-22,1627814,Damion Lee,GSW,63,169,0.651,0.618,-0.03300000000000003,0.033
2021-22,1628977,Hamidou Diallo,DET,58,169,0.586,0.64,0.05400000000000005,-0.054
2021-22,1630563,Joshua Primo,SAS,48,169,0.58,0.625,0.04500000000000004,-0.045
2021-22,203085,Austin Rivers,DEN,67,169,0.669,0.616,-0.05300000000000005,0.052
2021-22,1629667,Jalen McDaniels,CHA,51,169,0.586,0.632,0.04600000000000004,-0.046
2021-22,1629604,CJ Elleby,POR,52,168,0.577,0.618,0.041000000000000036,-0.041
2021-22,202330,Gordon Hayward,CHA,49,167,0.611,0.642,0.031000000000000028,-0.032
2021-22,203078,Bradley Beal,WAS,40,166,0.669,0.633,-0.03600000000000003,0.036
2021-22,203210,JaMychal Green,DEN,67,165,0.691,0.631,-0.05999999999999994,0.06
2021-22,202326,DeMarcus Cousins,DEN,48,163,0.601,0.631,0.030000000000000027,-0.03
2021-22,1629021,Moritz Wagner,ORL,60,162,0.648,0.62,-0.028000000000000025,0.029
2021-22,202684,Tristan Thompson,CHI,57,161,0.609,0.64,0.031000000000000028,-0.031
2021-22,202331,Paul George,LAC,31,161,0.571,0.626,0.05500000000000005,-0.054
2021-22,1627788,Furkan Korkmaz,PHI,63,161,0.627,0.625,-0.0020000000000000018,0.003
2021-22,1629599,Amir Coffey,LAC,63,160,0.575,0.633,0.05800000000000005,-0.058
2021-22,201949,James Johnson,BKN,61,159,0.56,0.635,0.07499999999999996,-0.075
2021-22,203458,Alex Len,SAC,38,159,0.585,0.647,0.062000000000000055,-0.062
2021-22,1630177,Theo Maledon,OKC,47,159,0.597,0.619,0.02200000000000002,-0.021
2021-22,1629670,Jordan Nwora,MIL,60,158,0.646,0.622,-0.02400000000000002,0.024
2021-22,1626204,Larry Nance Jr.,NOP,46,158,0.722,0.632,-0.08999999999999997,0.09
2021-22,1626145,Tyus Jones,MEM,72,158,0.633,0.624,-0.009000000000000008,0.009
2021-22,1629731,Dean Wade,CLE,49,156,0.538,0.63,0.09199999999999997,-0.092
2021-22,1628966,Keita Bates-Diop,SAS,57,155,0.587,0.621,0.03400000000000003,-0.034
2021-22,1627763,Malcolm Brogdon,IND,36,155,0.6,0.622,0.02200000000000002,-0.022
2021-22,202066,Garrett Temple,NOP,59,153,0.595,0.635,0.040000000000000036,-0.041
2021-22,1629013,Landry Shamet,PHX,68,153,0.569,0.614,0.04500000000000004,-0.046
2021-22,201152,Thaddeus Young,TOR,51,153,0.667,0.641,-0.026000000000000023,0.026
2021-22,1630543,Isaiah Jackson,IND,36,151,0.629,0.631,0.0020000000000000018,-0.002
2021-22,1629308,Juan Toscano-Anderson,GSW,64,151,0.616,0.631,0.015000000000000013,-0.015
2021-22,203087,Jeremy Lamb,SAC,54,150,0.687,0.631,-0.05600000000000005,0.056
2021-22,1628978,Donte DiVincenzo,SAC,42,150,0.633,0.628,-0.0050000000000000044,0.005
2021-22,1627936,Alex Caruso,CHI,41,149,0.671,0.615,-0.05600000000000005,0.057
2021-22,1626166,Cameron Payne,PHX,58,149,0.685,0.629,-0.05600000000000005,0.055
2021-22,202689,Kemba Walker,NYK,37,148,0.676,0.628,-0.04800000000000004,0.048
2021-22,203926,Doug McDermott,SAS,51,148,0.682,0.629,-0.05300000000000005,0.053
2021-22,1627761,DeAndre' Bembry,MIL,55,148,0.588,0.624,0.03600000000000003,-0.036
2021-22,1630205,Lamar Stevens,CLE,62,146,0.589,0.63,0.041000000000000036,-0.041
2021-22,1626181,Norman Powell,LAC,44,145,0.724,0.65,-0.07399999999999995,0.074
2021-22,203082,Terrence Ross,ORL,63,145,0.669,0.632,-0.03700000000000003,0.037
2021-22,1630209,Omer Yurtseven,MIA,48,144,0.576,0.641,0.06500000000000006,-0.065
2021-22,1630214,Xavier Tillman,MEM,52,144,0.576,0.629,0.05300000000000005,-0.052
2021-22,1626224,Cedi Osman,CLE,66,144,0.639,0.619,-0.020000000000000018,0.02
2021-22,203501,Tim Hardaway Jr.,DAL,42,143,0.643,0.624,-0.019000000000000017,0.02
2021-22,1629216,Gabe Vincent,MIA,64,143,0.678,0.632,-0.04600000000000004,0.046
2021-22,202681,Kyrie Irving,BKN,29,143,0.559,0.625,0.06599999999999995,-0.065
2021-22,1630613,Duane Washington Jr.,IND,46,142,0.662,0.619,-0.04300000000000004,0.043
2021-22,1630167,Obi Toppin,NYK,71,142,0.57,0.63,0.06000000000000005,-0.059
2021-22,201569,Eric Gordon,HOU,57,142,0.641,0.625,-0.016000000000000014,0.016
2021-22,203463,Ben McLemore,POR,62,142,0.732,0.628,-0.10399999999999998,0.104
2021-22,1629111,Jock Landale,SAS,48,141,0.518,0.632,0.11399999999999999,-0.114
2021-22,201588,George Hill,MIL,54,140,0.621,0.616,-0.0050000000000000044,0.005
2021-22,1628396,Tony Bradley,CHI,53,139,0.453,0.632,0.179,-0.178
2021-22,201577,Robin Lopez,ORL,36,139,0.59,0.63,0.040000000000000036,-0.04
2021-22,201959,Taj Gibson,NYK,51,138,0.594,0.63,0.03600000000000003,-0.036
2021-22,1628402,Frank Jackson,DET,52,137,0.628,0.619,-0.009000000000000008,0.009
2021-22,1629629,Cam Reddish,NYK,48,136,0.684,0.627,-0.05700000000000005,0.057
2021-22,1627884,Derrick Jones Jr.,CHI,49,136,0.61,0.64,0.030000000000000027,-0.03
2021-22,200752,Rudy Gay,UTA,55,133,0.594,0.634,0.040000000000000036,-0.04
2021-22,203457,Nerlens Noel,NYK,25,132,0.553,0.656,0.10299999999999998,-0.103
2021-22,1630267,Facundo Campazzo,DEN,58,131,0.588,0.607,0.019000000000000017,-0.02
2021-22,1627854,Bryn Forbes,DEN,73,130,0.646,0.622,-0.02400000000000002,0.025
2021-22,1626159,Justise Winslow,POR,42,130,0.569,0.628,0.05900000000000005,-0.059
2021-22,202397,Ish Smith,WAS,64,130,0.669,0.615,-0.05400000000000005,0.054
2021-22,1629003,Shake Milton,PHI,55,128,0.586,0.621,0.03500000000000003,-0.035
2021-22,1628367,Josh Jackson,SAC,49,126,0.619,0.63,0.01100000000000001,-0.011
2021-22,1628415,Dillon Brooks,MEM,32,125,0.584,0.613,0.029000000000000026,-0.029
2021-22,1629026,Kenrich Williams,OKC,49,124,0.556,0.628,0.07199999999999995,-0.072
2021-22,1628380,Zach Collins,SAS,28,124,0.565,0.634,0.06900000000000006,-0.07
2021-22,1628988,Aaron Holiday,PHX,60,124,0.581,0.615,0.03400000000000003,-0.034
2021-22,202722,Davis Bertans,DAL,56,122,0.648,0.622,-0.026000000000000023,0.026
2021-22,1629669,Jaylen Nowell,MIN,61,121,0.694,0.628,-0.06599999999999995,0.066
2021-22,1628975,Jevon Carter,MIL,59,121,0.62,0.611,-0.009000000000000008,0.008
2021-22,1628021,David Nwaba,HOU,44,120,0.65,0.634,-0.016000000000000014,0.016
2021-22,1630553,Keon Johnson,POR,34,120,0.667,0.627,-0.040000000000000036,0.04
2021-22,201571,D.J. Augustin,LAL,54,119,0.756,0.621,-0.135,0.135
2021-22,203488,Mike Muscala,OKC,42,119,0.479,0.632,0.15300000000000002,-0.153
2021-22,1629060,Rui Hachimura,WAS,42,119,0.655,0.642,-0.013000000000000012,0.013
2021-22,1629162,Jordan McLaughlin,MIN,60,117,0.607,0.616,0.009000000000000008,-0.009
2021-22,203107,Tomas Satoransky,WAS,54,116,0.647,0.623,-0.02400000000000002,0.024
2021-22,202691,Klay Thompson,GSW,32,115,0.574,0.636,0.062000000000000055,-0.062
2021-22,203081,Damian Lillard,POR,29,115,0.67,0.63,-0.040000000000000036,0.039
2021-22,1630192,Zeke Nnaji,DEN,38,115,0.661,0.63,-0.031000000000000028,0.03
2021-22,203503,Tony Snell,NOP,51,115,0.67,0.631,-0.039000000000000035,0.039
2021-22,201599,DeAndre Jordan,PHI,48,115,0.609,0.624,0.015000000000000013,-0.015
2021-22,1630678,Terry Taylor,IND,31,114,0.64,0.639,-0.0010000000000000009,0.001
2021-22,1630202,Payton Pritchard,BOS,66,113,0.619,0.602,-0.017000000000000015,0.017
2021-22,201937,Ricky Rubio,IND,34,112,0.554,0.625,0.07099999999999995,-0.071
2021-22,203090,Maurice Harkless,SAC,46,112,0.652,0.629,-0.02300000000000002,0.022
2021-22,1630182,Josh Green,DAL,61,109,0.624,0.611,-0.013000000000000012,0.013
2021-22,1630249,Vít Krejčí,OKC,29,109,0.697,0.631,-0.06599999999999995,0.067
2021-22,1630568,Luka Garza,DET,31,108,0.685,0.649,-0.03600000000000003,0.036
2021-22,1630235,Trent Forrest,UTA,54,107,0.645,0.633,-0.01200000000000001,0.012
2021-22,203585,Rodney McGruder,DET,48,106,0.575,0.626,0.051000000000000045,-0.051
2021-22,202687,Bismack Biyombo,PHX,35,106,0.575,0.638,0.06300000000000006,-0.062
2021-22,202083,Wesley Matthews,MIL,49,106,0.613,0.637,0.02400000000000002,-0.023
2021-22,1630530,Trey Murphy III,NOP,56,104,0.644,0.631,-0.013000000000000012,0.013
2021-22,200794,Paul Millsap,PHI,33,104,0.615,0.639,0.02400000000000002,-0.024
2021-22,1630535,Greg Brown III,POR,42,104,0.692,0.634,-0.05799999999999994,0.059
2021-22,202324,Derrick Favors,OKC,39,104,0.587,0.641,0.05400000000000005,-0.055
2021-22,1628432,Davon Reed,DEN,37,102,0.696,0.619,-0.07699999999999996,0.077
2021-22,203145,Kent Bazemore,LAL,37,101,0.564,0.623,0.05900000000000005,-0.058
2021-22,1630240,Saben Lee,DET,34,101,0.723,0.618,-0.10499999999999998,0.105
2021-22,1630572,Sandro Mamukelashvili,MIL,34,97,0.732,0.648,-0.08399999999999996,0.084
2021-22,1630198,Isaiah Joe,PHI,48,96,0.583,0.591,0.008000000000000007,-0.007
2021-22,200765,Rajon Rondo,CLE,38,96,0.667,0.623,-0.04400000000000004,0.043
2021-22,1628418,Thomas Bryant,WAS,27,93,0.591,0.633,0.04200000000000004,-0.041
2021-22,1630527,Brandon Boston,LAC,49,93,0.634,0.628,-0.006000000000000005,0.006
2021-22,101150,Lou Williams,ATL,55,92,0.652,0.614,-0.038000000000000034,0.038
2021-22,203918,Rodney Hood,LAC,50,91,0.67,0.616,-0.05400000000000005,0.055
2021-22,1628425,Sterling Brown,DAL,46,91,0.648,0.629,-0.019000000000000017,0.019
2021-22,1630314,Brandon Williams,POR,24,91,0.615,0.61,-0.0050000000000000044,0.006
2021-22,203648,Thanasis Antetokounmpo,MIL,39,91,0.582,0.634,0.052000000000000046,-0.052
2021-22,1628373,Frank Ntilikina,DAL,51,91,0.582,0.627,0.04500000000000004,-0.044
2021-22,1630208,Nick Richards,CHA,46,90,0.567,0.642,0.07500000000000007,-0.075
2021-22,1629650,Moses Brown,CLE,38,89,0.573,0.66,0.08700000000000008,-0.087
2021-22,1630625,Dalano Banton,TOR,62,89,0.584,0.602,0.018000000000000016,-0.017
2021-22,1630579,Jericho Sims,NYK,36,89,0.697,0.647,-0.04999999999999993,0.049
2021-22,204060,Joe Ingles,POR,45,88,0.739,0.636,-0.10299999999999998,0.103
2021-22,203469,Cody Zeller,POR,27,87,0.678,0.644,-0.03400000000000003,0.035
2021-22,201961,Wayne Ellington,LAL,43,87,0.644,0.625,-0.019000000000000017,0.018
2021-22,1630631,Jose Alvarado,NOP,49,86,0.686,0.63,-0.05600000000000005,0.056
2021-22,1629717,Armoni Brooks,TOR,49,85,0.624,0.627,0.0030000000000000027,-0.003
2021-22,1629056,Terence Davis,SAC,30,84,0.607,0.618,0.01100000000000001,-0.011
2021-22,1629672,Eric Paschall,UTA,56,83,0.735,0.626,-0.10899999999999999,0.109
2021-22,1629004,Svi Mykhailiuk,TOR,47,82,0.585,0.631,0.04600000000000004,-0.045
2021-22,1630230,Naji Marshall,NOP,49,82,0.634,0.64,0.006000000000000005,-0.006
2021-22,1629656,Quentin Grimes,NYK,42,82,0.646,0.627,-0.019000000000000017,0.019
2021-22,2738,Andre Iguodala,GSW,31,82,0.573,0.626,0.05300000000000005,-0.053
2021-22,1629660,Ty Jerome,OKC,45,81,0.654,0.615,-0.039000000000000035,0.04
2021-22,203901,Elfrid Payton,PHX,46,81,0.543,0.604,0.06099999999999994,-0.061
2021-22,201565,Derrick Rose,NYK,26,81,0.531,0.619,0.08799999999999997,-0.088
2021-22,1627863,Danuel House Jr.,UTA,40,80,0.625,0.634,0.009000000000000008,-0.009
2021-22,1627737,Marquese Chriss,DAL,32,80,0.663,0.625,-0.038000000000000034,0.037
2021-22,1630549,Day'Ron Sharpe,BKN,28,80,0.563,0.638,0.07500000000000007,-0.075
2021-22,1630846,Olivier Sarr,OKC,21,79,0.633,0.608,-0.025000000000000022,0.025
2021-22,1629139,Yuta Watanabe,TOR,34,79,0.519,0.622,0.10299999999999998,-0.103
2021-22,1630174,Aaron Nesmith,BOS,51,79,0.595,0.581,-0.014000000000000012,0.014
2021-22,204456,T.J. McConnell,IND,27,77,0.662,0.606,-0.05600000000000005,0.056
2021-22,1629641,Romeo Langford,SAS,46,76,0.5,0.625,0.125,-0.125
2021-22,1629117,Wenyen Gabriel,LAL,24,75,0.653,0.618,-0.03500000000000003,0.035
2021-22,1628372,Dennis Smith Jr.,POR,35,74,0.595,0.609,0.014000000000000012,-0.015
2021-22,1629006,Josh Okogie,MIN,43,74,0.527,0.61,0.08299999999999996,-0.083
2021-22,1627789,Timothe Luwawu-Cabarrot,ATL,42,73,0.603,0.618,0.015000000000000013,-0.015
2021-22,203476,Gorgui Dieng,ATL,41,71,0.62,0.648,0.028000000000000025,-0.028
2021-22,1627823,Juancho Hernangomez,UTA,35,70,0.6,0.605,0.0050000000000000044,-0.005
2021-22,1630541,Moses Moody,GSW,45,69,0.551,0.612,0.06099999999999994,-0.061
2021-22,1630201,Malachi Flynn,TOR,38,66,0.545,0.626,0.08099999999999996,-0.08
2021-22,1629744,Matt Thomas,CHI,33,66,0.576,0.615,0.039000000000000035,-0.04
2021-22,202683,Enes Freedom,BOS,35,66,0.545,0.631,0.08599999999999997,-0.085
2021-22,1629678,Admiral Schofield,ORL,35,64,0.578,0.633,0.05500000000000005,-0.055
2021-22,1627739,Kris Dunn,POR,14,64,0.625,0.601,-0.02400000000000002,0.024
2021-22,2772,Trevor Ariza,LAL,24,64,0.703,0.645,-0.05799999999999994,0.058
2021-22,1629633,Jarrett Culver,MEM,33,63,0.667,0.614,-0.05300000000000005,0.053
2021-22,1629681,Killian Tillie,MEM,32,63,0.587,0.634,0.04700000000000004,-0.047
2021-22,1629103,Kelan Martin,BOS,29,62,0.774,0.63,-0.14400000000000002,0.144
2021-22,202362,Lance Stephenson,IND,45,62,0.79,0.634,-0.15600000000000003,0.156
2021-22,1630583,Santi Aldama,MEM,29,62,0.581,0.623,0.04200000000000004,-0.042
2021-22,1630322,Lindy Waters III,OKC,24,62,0.532,0.629,0.09699999999999998,-0.096
2021-22,201572,Brook Lopez,MIL,13,60,0.467,0.652,0.185,-0.186
2021-22,1630194,Paul Reed,PHI,33,59,0.661,0.639,-0.02200000000000002,0.022
2021-22,1630587,Isaiah Livers,DET,18,59,0.593,0.615,0.02200000000000002,-0.022
2021-22,1629164,Brandon Goodwin,CLE,32,59,0.593,0.618,0.025000000000000022,-0.025
2021-22,1630172,Patrick Williams,CHI,17,58,0.586,0.609,0.02300000000000002,-0.023
2021-22,201609,Goran Dragic,BKN,21,58,0.603,0.6,-0.0030000000000000027,0.004
2021-22,203925,Joe Harris,BKN,14,58,0.603,0.634,0.031000000000000028,-0.03
2021-22,1626163,Frank Kaminsky,PHX,9,57,0.544,0.605,0.06099999999999994,-0.062
2021-22,1629685,Dylan Windler,CLE,36,55,0.545,0.614,0.06899999999999995,-0.069
2021-22,1630215,Jared Butler,UTA,35,54,0.556,0.626,0.06999999999999995,-0.07
2021-22,1630190,Elijah Hughes,POR,29,53,0.811,0.628,-0.18300000000000005,0.183
2021-22,202328,Greg Monroe,MIN,14,53,0.66,0.642,-0.018000000000000016,0.018
2021-22,1630233,Nathan Knight,MIN,32,52,0.615,0.621,0.006000000000000005,-0.006
2021-22,1630540,Miles McBride,NYK,29,52,0.712,0.608,-0.10399999999999998,0.104
2021-22,1629649,Ignas Brazdeikis,ORL,37,52,0.519,0.624,0.10499999999999998,-0.105
2021-22,1630550,JT Thor,CHA,29,51,0.608,0.611,0.0030000000000000027,-0.003
2021-22,1628365,Markelle Fultz,ORL,18,50,0.64,0.61,-0.030000000000000027,0.03
2021-22,1628962,Udoka Azubuike,UTA,15,50,0.54,0.641,0.10099999999999998,-0.101
2021-22,1629185,Chris Chiozza,GSW,30,50,0.62,0.607,-0.013000000000000012,0.013
2021-22,1626147,Justin Anderson,IND,16,49,0.633,0.647,0.014000000000000012,-0.014
2021-22,1626208,Keifer Sykes,IND,29,48,0.667,0.617,-0.050000000000000044,0.05
2021-22,1630264,Anthony Gill,WAS,37,47,0.532,0.616,0.08399999999999996,-0.084
2021-22,1629076,Tyler Cook,CHI,20,47,0.617,0.63,0.013000000000000012,-0.013
2021-22,1629109,Gary Clark,NOP,31,47,0.681,0.644,-0.03700000000000003,0.037
2021-22,1629603,Mamadi Diakite,OKC,13,47,0.638,0.647,0.009000000000000008,-0.009
2021-22,1626161,Willie Cauley-Stein,PHI,19,45,0.689,0.654,-0.03499999999999992,0.034
2021-22,203504,Trey Burke,DAL,33,45,0.622,0.622,0.0,0.0
2021-22,1629833,Keljin Blevins,POR,30,44,0.705,0.629,-0.07599999999999996,0.076
2021-22,1628981,Bruno Fernando,HOU,27,44,0.523,0.609,0.08599999999999997,-0.086
2021-22,1630184,Kira Lewis Jr.,NOP,24,43,0.605,0.626,0.02100000000000002,-0.021
2021-22,202334,Ed Davis,CLE,24,43,0.558,0.628,0.06999999999999995,-0.07
2021-22,1630547,James Bouknight,CHA,25,42,0.786,0.594,-0.19200000000000006,0.192
2021-22,202954,Brad Wanamaker,WAS,22,41,0.732,0.623,-0.10899999999999999,0.109
2021-22,1630688,Ish Wainright,PHX,35,41,0.561,0.629,0.06799999999999995,-0.068
2021-22,1630551,Justin Champagnie,TOR,30,40,0.7,0.605,-0.09499999999999997,0.095
2021-22,1630586,Usman Garuba,HOU,23,39,0.718,0.635,-0.08299999999999996,0.083
2021-22,1628408,PJ Dozier,DEN,18,39,0.641,0.641,0.0,0.0
2021-22,1630561,David Duke Jr.,BKN,19,39,0.667,0.64,-0.027000000000000024,0.027
2021-22,1630691,Jamorko Pickett,DET,10,39,0.59,0.65,0.06000000000000005,-0.06
2021-22,1629008,Michael Porter Jr.,DEN,9,38,0.816,0.655,-0.16099999999999992,0.161
2021-22,1630195,Leandro Bolmaro,MIN,23,38,0.579,0.61,0.031000000000000028,-0.031
2021-22,1629620,Justin Robinson,DET,20,38,0.684,0.61,-0.07400000000000007,0.074
2021-22,1628400,Semi Ojeleye,LAC,27,38,0.737,0.647,-0.08999999999999997,0.09
2021-22,1630227,Daishen Nix,HOU,22,38,0.763,0.642,-0.121,0.121
2021-22,1629617,Reggie Perry,POR,10,37,0.703,0.608,-0.09499999999999997,0.095
2021-22,1630273,Freddie Gillespie,ORL,9,36,0.556,0.622,0.06599999999999995,-0.067
2021-22,1630296,Braxton Key,DET,11,36,0.583,0.617,0.03400000000000003,-0.033
2021-22,1629644,KZ Okpala,MIA,15,35,0.571,0.613,0.04200000000000004,-0.042
2021-22,202693,Markieff Morris,MIA,17,33,0.667,0.617,-0.050000000000000044,0.049
2021-22,1629658,Jaylen Hoard,OKC,6,32,0.594,0.61,0.016000000000000014,-0.016
2021-22,1630792,Malcolm Hill,CHI,14,31,0.806,0.622,-0.18400000000000005,0.184
2021-22,1629012,Collin Sexton,CLE,11,31,0.645,0.624,-0.02100000000000002,0.021
2021-22,1628427,Vlatko Čančar,DEN,14,31,0.613,0.631,0.018000000000000016,-0.018
2021-22,1626246,Boban Marjanovic,DAL,20,30,0.633,0.599,-0.03400000000000003,0.034
2021-22,202738,Isaiah Thomas,CHA,20,30,0.533,0.614,0.08099999999999996,-0.08
2021-22,1629674,Neemias Queta,SAC,12,29,0.483,0.627,0.14400000000000002,-0.144
2021-22,1628993,Alize Johnson,NOP,21,29,0.69,0.6,-0.08999999999999997,0.09
2021-22,1627774,Jake Layman,MIN,28,29,0.621,0.586,-0.03500000000000003,0.034
2021-22,1627756,Denzel Valentine,UTA,18,29,0.552,0.627,0.07499999999999996,-0.076
2021-22,1630606,Javonte Smart,MIA,12,28,0.571,0.605,0.03400000000000003,-0.033
2021-22,1629646,Charles Bassey,PHI,20,28,0.571,0.636,0.06500000000000006,-0.065
2021-22,203524,Solomon Hill,ATL,12,28,0.679,0.644,-0.03500000000000003,0.034
2021-22,1629657,Kyle Guy,MIA,14,27,0.667,0.647,-0.020000000000000018,0.02
2021-22,204025,Tim Frazier,CLE,11,27,0.593,0.592,-0.0010000000000000009,0.001
2021-22,1629718,Charlie Brown Jr.,PHI,10,27,0.519,0.632,0.11299999999999999,-0.114
2021-22,1629033,Theo Pinson,DAL,14,25,0.64,0.651,0.01100000000000001,-0.011
2021-22,1629875,Xavier Moon,LAC,10,25,0.48,0.617,0.137,-0.137
2021-22,1628035,Alfonzo McKinnie,CHI,13,25,0.56,0.629,0.06899999999999995,-0.069
2021-22,1629663,Louis King,SAC,9,24,0.542,0.624,0.08199999999999996,-0.082
2021-22,1630219,Skylar Mays,ATL,20,24,0.625,0.606,-0.019000000000000017,0.019
2021-22,1629962,Devin Cannady,ORL,5,24,0.667,0.605,-0.062000000000000055,0.062
2021-22,1627846,Abdel Nader,PHX,14,23,0.652,0.612,-0.040000000000000036,0.04
2021-22,1629755,Hassani Gravett,ORL,8,23,0.652,0.564,-0.08800000000000008,0.088
2021-22,1629719,Devontae Cacok,SAS,12,23,0.609,0.594,-0.015000000000000013,0.015
2021-22,1630686,Georgios Kalaitzakis,OKC,9,23,0.652,0.613,-0.039000000000000035,0.039
2021-22,1628436,Luke Kornet,BOS,12,23,0.478,0.633,0.15500000000000003,-0.155
2021-22,1629623,Lindell Wigginton,MIL,16,23,0.696,0.617,-0.07899999999999996,0.079
2021-22,1630206,Jay Scrubb,LAC,11,22,0.5,0.608,0.10799999999999998,-0.108
2021-22,203953,Jabari Parker,BOS,12,21,0.619,0.637,0.018000000000000016,-0.018
2021-22,1628995,Kevin Knox II,ATL,20,21,0.81,0.592,-0.21800000000000008,0.217
2021-22,1628539,Mychal Mulder,MIA,13,20,0.65,0.622,-0.028000000000000025,0.028
2021-22,1630698,Kevin Pangos,CLE,17,20,0.55,0.612,0.061999999999999944,-0.062
2021-22,1628778,Paul Watson,OKC,8,20,0.8,0.648,-0.15200000000000002,0.152
2021-22,203506,Victor Oladipo,MIA,8,20,0.5,0.654,0.15400000000000003,-0.154
2021-22,1630285,Zavier Simpson,OKC,4,19,0.684,0.644,-0.040000000000000036,0.04
2021-22,1629067,Isaac Bonga,TOR,11,19,0.526,0.587,0.06099999999999994,-0.06
2021-22,1629312,Haywood Highsmith,MIA,14,19,0.526,0.64,0.11399999999999999,-0.114
2021-22,1629735,Chris Silva,MIA,8,18,0.667,0.642,-0.025000000000000022,0.025
2021-22,1630552,Jalen Johnson,ATL,15,17,0.471,0.612,0.14100000000000001,-0.141
2021-22,1630186,Jahmi'us Ramsey,SAC,16,17,0.765,0.61,-0.15500000000000003,0.155
2021-22,1630580,Joe Wieskamp,SAS,19,17,0.824,0.649,-0.17499999999999993,0.174
2021-22,1628391,D.J. Wilson,TOR,4,15,0.6,0.641,0.041000000000000036,-0.041
2021-22,1629712,Didi Louzada,POR,8,15,0.667,0.653,-0.014000000000000012,0.013
2021-22,1630199,Cassius Stanley,DET,8,14,0.5,0.572,0.07199999999999995,-0.072
2021-22,204020,Tyler Johnson,SAS,6,13,0.846,0.613,-0.23299999999999998,0.233
2021-22,1629168,BJ Johnson,ORL,3,13,0.462,0.586,0.12399999999999994,-0.124
2021-22,1628476,Derrick Walton Jr.,DET,3,13,0.385,0.603,0.21799999999999997,-0.218
2021-22,1628411,Wes Iwundu,ATL,3,13,0.769,0.671,-0.09799999999999998,0.098
2021-22,1630288,Jeff Dowtin Jr.,ORL,6,13,0.538,0.576,0.03799999999999992,-0.037
2021-22,1627820,Tyrone Wallace,NOP,5,12,0.667,0.597,-0.07000000000000006,0.07
2021-22,1630573,Sam Hauser,BOS,16,12,0.25,0.631,0.381,-0.381
2021-22,1630582,Yves Pons,MEM,9,12,0.417,0.618,0.201,-0.201
2021-22,1630241,Sam Merrill,MEM,6,12,0.667,0.63,-0.03700000000000003,0.037
2021-22,1630585,Marcus Garrett,MIA,9,12,0.667,0.541,-0.126,0.126
2021-22,1630602,Chaundee Brown Jr.,ATL,5,11,0.636,0.653,0.017000000000000015,-0.016
2021-22,1630176,Vernon Carey Jr.,WAS,4,11,0.545,0.65,0.10499999999999998,-0.104
2021-22,204038,Langston Galloway,MIL,7,11,0.545,0.605,0.05999999999999994,-0.06
2021-22,1628982,Melvin Frazier Jr.,OKC,3,11,0.727,0.623,-0.10399999999999998,0.104
2021-22,1629683,Quinndary Weatherspoon,GSW,8,11,0.818,0.631,-0.18699999999999994,0.188
2021-22,1630758,Aleem Ford,ORL,5,11,0.727,0.556,-0.17099999999999993,0.171
2021-22,1627853,Ryan Arcidiacono,NYK,8,10,0.5,0.559,0.05900000000000005,-0.059
2021-22,1630225,Isaiah Todd,WAS,8,10,0.8,0.601,-0.19900000000000007,0.199
2021-22,1630210,Markus Howard,DEN,18,10,0.6,0.623,0.02300000000000002,-0.023
2021-22,1630218,Robert Woodard II,SAS,6,10,0.5,0.603,0.10299999999999998,-0.103
2021-22,1629730,Rayjon Tucker,MIL,5,10,1.0,0.6,-0.4,0.4
2021-22,1630250,Marko Simonovic,CHI,8,9,0.333,0.611,0.27799999999999997,-0.277
2021-22,1629653,Devon Dotson,CHI,8,9,0.667,0.58,-0.08700000000000008,0.086
2021-22,1629626,Bol Bol,ORL,11,9,0.778,0.679,-0.09899999999999998,0.099
2021-22,1628419,Cameron Oliver,ATL,2,9,0.556,0.695,0.1389999999999999,-0.139
2021-22,1630466,Gabriel Deck,OKC,7,9,0.556,0.631,0.07499999999999996,-0.075
2021-22,1630539,Kai Jones,CHA,12,8,0.625,0.443,-0.182,0.182
2021-22,1629035,Carsen Edwards,DET,4,8,0.875,0.675,-0.19999999999999996,0.2
2021-22,1630243,Trevelin Queen,HOU,9,8,0.625,0.551,-0.07399999999999995,0.075
2021-22,2617,Udonis Haslem,MIA,11,8,1.0,0.582,-0.41800000000000004,0.418
2021-22,203516,James Ennis III,DEN,7,8,0.5,0.625,0.125,-0.125
2021-22,1627822,Petr Cornelie,DEN,10,7,0.571,0.6,0.029000000000000026,-0.029
2021-22,1629605,Tacko Fall,CLE,8,7,0.429,0.683,0.25400000000000006,-0.254
2021-22,1630695,Micah Potter,DET,3,6,0.667,0.671,0.0040000000000000036,-0.004
2021-22,1630644,Mac McClung,LAL,1,6,0.833,0.638,-0.19499999999999995,0.196
2021-22,1629619,Myles Powell,PHI,8,6,0.167,0.258,0.091,-0.092
2021-22,202688,Brandon Knight,DAL,4,5,0.8,0.632,-0.16800000000000004,0.168
2021-22,1630536,Sharife Cooper,ATL,9,5,1.0,0.61,-0.39,0.39
2021-22,1629686,Deividas Sirvydis,DET,3,5,0.6,0.656,0.05600000000000005,-0.056
2021-22,1627767,Cheick Diallo,DET,3,5,1.0,0.617,-0.383,0.383
2021-22,1630271,Brodric Thomas,BOS,6,5,0.6,0.55,-0.04999999999999993,0.05
2021-22,1628994,George King,DAL,4,5,0.8,0.76,-0.040000000000000036,0.04
2021-22,1630643,Jay Huff,LAL,4,5,0.2,0.554,0.35400000000000004,-0.354
2021-22,1630565,Aaron Henry,PHI,5,5,0.2,0.447,0.247,-0.247
2021-22,1629671,Miye Oni,UTA,7,5,0.6,0.59,-0.010000000000000009,0.01
2021-22,1630994,Gabriel Lundberg,PHX,3,5,0.8,0.654,-0.14600000000000002,0.146
2021-22,1628382,Justin Jackson,PHX,4,4,0.5,0.602,0.10199999999999998,-0.102
2021-22,1630787,Cameron McGriff,POR,3,4,0.75,0.66,-0.08999999999999997,0.09
2021-22,1629752,Juwan Morgan,BOS,2,4,0.75,0.625,-0.125,0.125
2021-22,203658,Norvel Pelle,UTA,2,4,1.0,0.61,-0.39,0.391
2021-22,1630216,Cassius Winston,WAS,7,4,1.0,0.649,-0.351,0.351
2021-22,1630187,Daniel Oturu,TOR,2,4,0.25,0.676,0.42600000000000005,-0.426
2021-22,1627885,Shaquille Harrison,BKN,2,4,0.75,0.619,-0.131,0.132
2021-22,203917,Nik Stauskas,BOS,5,4,1.0,0.601,-0.399,0.399
2021-22,1629751,Dakota Mathias,MEM,3,3,1.0,0.526,-0.474,0.474
2021-22,1629150,Emanuel Terry,PHX,2,3,0.667,0.665,-0.0020000000000000018,0.002
2021-22,1630238,Malik Fitts,BOS,11,3,1.0,0.61,-0.39,0.39
2021-22,1630306,Rob Edwards,OKC,2,3,0.333,0.167,-0.166,0.166
2021-22,1630605,JaQuori McLaughlin,DAL,2,3,0.667,0.623,-0.04400000000000004,0.043
2021-22,1629682,Tremont Waters,WAS,3,3,0.667,0.727,0.05999999999999994,-0.061
2021-22,1630270,Xavier Sneed,UTA,7,3,0.667,0.694,0.026999999999999913,-0.027
2021-22,1630531,Jaden Springer,PHI,2,3,0.333,0.191,-0.14200000000000002,0.142
2021-22,1630222,Mason Jones,LAL,4,2,0.5,0.582,0.08199999999999996,-0.082
2021-22,1630593,McKinley Wright IV,MIN,3,2,1.0,0.541,-0.45899999999999996,0.459
2021-22,1628990,Chandler Hutchison,PHX,3,2,1.0,0.603,-0.397,0.397
2021-22,1627782,Wayne Selden,NYK,3,2,1.0,0.635,-0.365,0.365
2021-22,1630286,Trevon Scott,CLE,2,2,0.5,0.693,0.19299999999999995,-0.193
2021-22,1630237,Anthony Lamb,HOU,2,2,0.5,0.687,0.18700000000000006,-0.187
2021-22,1629309,Trayvon Palmer,DET,1,2,1.0,0.572,-0.42800000000000005,0.429
2021-22,1630589,Moses Wright,DAL,3,2,1.0,0.646,-0.354,0.355
2021-22,201954,Darren Collison,LAL,3,2,0.5,0.644,0.14400000000000002,-0.144
2021-22,1629607,Jared Harper,NOP,4,2,0.0,0.471,0.471,-0.471
2021-22,1628395,Jordan Bell,CHI,1,2,1.0,0.639,-0.361,0.361
2021-22,1629600,Jarron Cumberland,POR,1,2,0.0,0.598,0.598,-0.598
2021-22,1626144,Emmanuel Mudiay,SAC,1,2,0.5,0.557,0.05700000000000005,-0.057
2021-22,1629203,Jemerrio Jones,LAL,1,2,0.5,0.697,0.19699999999999995,-0.197
2021-22,1630648,Jordan Schakel,WAS,4,1,0.0,0.556,0.556,-0.556
2021-22,1626155,Sam Dekker,TOR,1,1,0.0,0.528,0.528,-0.528
2021-22,1630575,Scottie Lewis,CHA,1,1,1.0,0.697,-0.30300000000000005,0.303
2021-22,1628537,Jaylen Morris,SAS,3,1,1.0,0.543,-0.45699999999999996,0.457
2021-22,1629602,Javin DeLaurier,MIL,1,1,1.0,0.723,-0.277,0.277
2021-22,1630647,Eugene Omoruyi,DAL,2,1,1.0,0.589,-0.41100000000000003,0.411
2021-22,1630637,Carlik Jones,DEN,5,1,0.0,0.592,0.592,-0.592
2021-22,1630257,Jon Teske,MEM,2,1,1.0,0.613,-0.387,0.387
2021-22,1629083,Arnoldas Kulboka,CHA,1,1,1.0,0.75,-0.25,0.25
2021-22,203816,Scotty Hopson,OKC,1,1,0.0,0.502,0.502,-0.502
2021-22,1629635,Sekou Doumbouya,LAL,2,1,0.0,0.597,0.597,-0.597
2021-22,1629610,DaQuan Jeffries,MEM,2,1,1.0,0.514,-0.486,0.486
2021-22,1628422,Damyean Dotson,NYK,1,1,0.0,0.532,0.532,-0.532
2021-22,1627760,Cat Barber,ATL,2,1,1.0,0.618,-0.382,0.382
2022-23,1627734,Domantas Sabonis,SAC,79,690,0.617,0.651,0.03400000000000003,-0.034
2022-23,1630596,Evan Mobley,CLE,79,638,0.575,0.637,0.062000000000000055,-0.061
2022-23,201572,Brook Lopez,MIL,78,629,0.517,0.649,0.132,-0.132
2022-23,202696,Nikola Vučević,CHI,82,628,0.669,0.652,-0.017000000000000015,0.017
2022-23,203999,Nikola Jokić,DEN,69,595,0.652,0.647,-0.0050000000000000044,0.005
2022-23,1630578,Alperen Sengun,HOU,75,549,0.616,0.648,0.03200000000000003,-0.032
2022-23,1627751,Jakob Poeltl,TOR,72,537,0.605,0.644,0.039000000000000035,-0.039
2022-23,203954,Joel Embiid,PHI,66,535,0.632,0.645,0.013000000000000012,-0.014
2022-23,1629651,Nic Claxton,BKN,76,533,0.561,0.64,0.07899999999999996,-0.079
2022-23,203497,Rudy Gobert,MIN,70,526,0.567,0.644,0.07700000000000007,-0.078
2022-23,204001,Kristaps Porziņģis,WAS,65,524,0.536,0.645,0.10899999999999999,-0.109
2022-23,1630567,Scottie Barnes,TOR,77,523,0.621,0.64,0.019000000000000017,-0.018
2022-23,1626167,Myles Turner,IND,62,512,0.584,0.65,0.06600000000000006,-0.066
2022-23,1627826,Ivica Zubac,LAC,76,506,0.542,0.652,0.10999999999999999,-0.11
2022-23,1631117,Walker Kessler,UTA,74,497,0.515,0.646,0.131,-0.131
2022-23,203486,Mason Plumlee,LAC,79,481,0.624,0.647,0.02300000000000002,-0.023
2022-23,1631095,Jabari Smith Jr.,HOU,79,473,0.63,0.644,0.014000000000000012,-0.014
2022-23,1629234,Drew Eubanks,POR,78,471,0.59,0.641,0.051000000000000045,-0.051
2022-23,203482,Kelly Olynyk,UTA,68,470,0.606,0.641,0.03500000000000003,-0.035
2022-23,202685,Jonas Valančiūnas,NOP,79,463,0.657,0.653,-0.0040000000000000036,0.004
2022-23,1628386,Jarrett Allen,CLE,68,462,0.554,0.641,0.08699999999999997,-0.086
2022-23,1627741,Buddy Hield,IND,80,460,0.6,0.634,0.03400000000000003,-0.034
2022-23,1630168,Onyeka Okongwu,ATL,80,458,0.598,0.639,0.041000000000000036,-0.04
2022-23,1629655,Daniel Gafford,WAS,78,456,0.55,0.651,0.10099999999999998,-0.101
2022-23,1630581,Josh Giddey,OKC,76,446,0.603,0.642,0.039000000000000035,-0.039
2022-23,1628380,Zach Collins,SAS,63,442,0.575,0.646,0.07100000000000006,-0.072
2022-23,1626220,Royce O'Neale,BKN,76,438,0.594,0.636,0.04200000000000004,-0.043
2022-23,1628401,Derrick White,BOS,80,425,0.56,0.625,0.06499999999999995,-0.065
2022-23,1628381,John Collins,ATL,71,422,0.633,0.648,0.015000000000000013,-0.016
2022-23,1626172,Kevon Looney,GSW,82,421,0.601,0.643,0.04200000000000004,-0.042
2022-23,1627749,Dejounte Murray,ATL,74,419,0.647,0.63,-0.017000000000000015,0.017
2022-23,1629023,P.J. Washington,CHA,73,412,0.597,0.641,0.04400000000000004,-0.044
2022-23,1628991,Jaren Jackson Jr.,MEM,63,411,0.511,0.64,0.129,-0.129
2022-23,203084,Harrison Barnes,SAC,82,405,0.615,0.643,0.028000000000000025,-0.029
2022-23,1627783,Pascal Siakam,TOR,71,404,0.653,0.642,-0.01100000000000001,0.012
2022-23,1630183,Jaden McDaniels,MIN,79,404,0.559,0.631,0.07199999999999995,-0.072
2022-23,1627832,Fred VanVleet,TOR,69,403,0.63,0.63,0.0,0.0
2022-23,1628404,Josh Hart,NYK,76,398,0.643,0.638,-0.0050000000000000044,0.005
2022-23,203991,Clint Capela,ATL,65,398,0.588,0.649,0.061000000000000054,-0.061
2022-23,1631094,Paolo Banchero,ORL,72,395,0.61,0.639,0.029000000000000026,-0.029
2022-23,203076,Anthony Davis,LAL,56,394,0.589,0.655,0.06600000000000006,-0.066
2022-23,1628983,Shai Gilgeous-Alexander,OKC,68,389,0.617,0.63,0.013000000000000012,-0.013
2022-23,1629029,Luka Dončić,DAL,65,388,0.675,0.636,-0.039000000000000035,0.04
2022-23,203110,Draymond Green,GSW,73,387,0.527,0.642,0.11499999999999999,-0.115
2022-23,1630583,Santi Aldama,MEM,77,386,0.619,0.632,0.013000000000000012,-0.012
2022-23,203944,Julius Randle,NYK,77,386,0.653,0.633,-0.020000000000000018,0.02
2022-23,203994,Jusuf Nurkić,POR,52,384,0.617,0.653,0.03600000000000003,-0.036
2022-23,1631105,Jalen Duren,DET,67,379,0.588,0.649,0.061000000000000054,-0.061
2022-23,1628389,Bam Adebayo,MIA,75,379,0.67,0.654,-0.016000000000000014,0.016
2022-23,1630166,Deni Avdija,WAS,76,377,0.605,0.639,0.03400000000000003,-0.034
2022-23,1628374,Lauri Markkanen,UTA,66,377,0.517,0.641,0.124,-0.124
2022-23,1630162,Anthony Edwards,MIN,79,375,0.632,0.625,-0.007000000000000006,0.007
2022-23,201143,Al Horford,BOS,63,365,0.586,0.641,0.05500000000000005,-0.054
2022-23,1629020,Jarred Vanderbilt,LAL,78,362,0.63,0.642,0.01200000000000001,-0.012
2022-23,1630165,Killian Hayes,DET,76,361,0.651,0.636,-0.015000000000000013,0.015
2022-23,1631093,Jaden Ivey,DET,74,360,0.683,0.629,-0.05400000000000005,0.055
2022-23,1626174,Christian Wood,DAL,67,359,0.557,0.631,0.07399999999999995,-0.074
2022-23,1630172,Patrick Williams,CHI,82,357,0.611,0.637,0.026000000000000023,-0.026
2022-23,1631097,Bennedict Mathurin,IND,78,355,0.592,0.636,0.04400000000000004,-0.045
2022-23,1630530,Trey Murphy III,NOP,79,354,0.667,0.636,-0.031000000000000028,0.031
2022-23,1630193,Immanuel Quickley,NYK,81,352,0.574,0.623,0.049000000000000044,-0.049
2022-23,1628989,Kevin Huerter,SAC,75,352,0.665,0.634,-0.031000000000000028,0.031
2022-23,1628971,Bruce Brown,DEN,80,351,0.632,0.626,-0.006000000000000005,0.006
2022-23,1628976,Wendell Carter Jr.,ORL,57,351,0.601,0.64,0.039000000000000035,-0.039
2022-23,1627827,Dorian Finney-Smith,BKN,66,350,0.574,0.645,0.07100000000000006,-0.071
2022-23,1629014,Anfernee Simons,POR,62,350,0.669,0.632,-0.03700000000000003,0.036
2022-23,1629028,Deandre Ayton,PHX,67,348,0.615,0.644,0.029000000000000026,-0.029
2022-23,1628997,Caleb Martin,MIA,71,346,0.662,0.628,-0.03400000000000003,0.034
2022-23,1629675,Naz Reid,MIN,68,345,0.623,0.639,0.016000000000000014,-0.016
2022-23,203939,Dwight Powell,DAL,76,344,0.622,0.642,0.020000000000000018,-0.02
2022-23,1630200,Tre Jones,SAS,68,343,0.647,0.626,-0.02100000000000002,0.021
2022-23,1628369,Jayson Tatum,BOS,74,341,0.625,0.63,0.0050000000000000044,-0.006
2022-23,201942,DeMar DeRozan,CHI,74,338,0.66,0.642,-0.018000000000000016,0.018
2022-23,203468,CJ McCollum,NOP,75,338,0.707,0.634,-0.07299999999999995,0.073
2022-23,1629001,De'Anthony Melton,PHI,77,335,0.636,0.623,-0.013000000000000012,0.013
2022-23,1628392,Isaiah Hartenstein,NYK,82,332,0.578,0.641,0.06300000000000006,-0.063
2022-23,1631114,Jalen Williams,OKC,75,330,0.633,0.635,0.0020000000000000018,-0.001
2022-23,1629628,RJ Barrett,NYK,72,328,0.564,0.619,0.05500000000000005,-0.055
2022-23,203915,Spencer Dinwiddie,BKN,79,328,0.607,0.632,0.025000000000000022,-0.025
2022-23,1630224,Jalen Green,HOU,76,327,0.624,0.636,0.01200000000000001,-0.012
2022-23,1627759,Jaylen Brown,BOS,67,326,0.592,0.634,0.04200000000000004,-0.042
2022-23,1629640,Keldon Johnson,SAS,63,325,0.634,0.64,0.006000000000000005,-0.006
2022-23,1630208,Nick Richards,CHA,65,324,0.58,0.657,0.07700000000000007,-0.077
2022-23,1628368,De'Aaron Fox,SAC,73,323,0.69,0.631,-0.05899999999999994,0.059
2022-23,1628978,Donte DiVincenzo,GSW,72,321,0.604,0.626,0.02200000000000002,-0.022
2022-23,1631099,Keegan Murray,SAC,80,320,0.628,0.631,0.0030000000000000027,-0.003
2022-23,1630174,Aaron Nesmith,IND,73,317,0.628,0.646,0.018000000000000016,-0.019
2022-23,1630557,Corey Kispert,WAS,74,315,0.61,0.63,0.020000000000000018,-0.02
2022-23,203903,Jordan Clarkson,UTA,61,314,0.586,0.626,0.040000000000000036,-0.04
2022-23,201950,Jrue Holiday,MIL,67,314,0.602,0.636,0.03400000000000003,-0.035
2022-23,201587,Nicolas Batum,LAC,78,310,0.59,0.636,0.04600000000000004,-0.046
2022-23,1626156,D'Angelo Russell,LAL,71,310,0.613,0.619,0.006000000000000005,-0.006
2022-23,1627747,Caris LeVert,CLE,74,309,0.589,0.627,0.038000000000000034,-0.038
2022-23,1628972,Troy Brown Jr.,LAL,76,309,0.67,0.633,-0.03700000000000003,0.037
2022-23,203493,Reggie Bullock Jr.,DAL,78,309,0.631,0.637,0.006000000000000005,-0.006
2022-23,203897,Zach LaVine,CHI,77,306,0.601,0.631,0.030000000000000027,-0.029
2022-23,1626171,Bobby Portis,MIL,70,305,0.63,0.641,0.01100000000000001,-0.012
2022-23,1628398,Kyle Kuzma,WAS,64,305,0.574,0.637,0.06300000000000006,-0.064
2022-23,1630559,Austin Reaves,LAL,64,304,0.615,0.623,0.008000000000000007,-0.008
2022-23,1629027,Trae Young,ATL,73,303,0.634,0.614,-0.020000000000000018,0.02
2022-23,202681,Kyrie Irving,DAL,60,303,0.604,0.631,0.027000000000000024,-0.027
2022-23,1629614,Andrew Nembhard,IND,75,301,0.578,0.631,0.05300000000000005,-0.053
2022-23,1629667,Jalen McDaniels,PHI,80,299,0.625,0.629,0.0040000000000000036,-0.003
2022-23,1628415,Dillon Brooks,MEM,73,299,0.582,0.627,0.04500000000000004,-0.045
2022-23,1630532,Franz Wagner,ORL,80,299,0.686,0.642,-0.04400000000000004,0.043
2022-23,1629631,De'Andre Hunter,ATL,67,299,0.622,0.638,0.016000000000000014,-0.016
2022-23,1629639,Tyler Herro,MIA,67,298,0.648,0.63,-0.018000000000000016,0.018
2022-23,1629645,Kevin Porter Jr.,HOU,59,297,0.714,0.636,-0.07799999999999996,0.078
2022-23,202331,Paul George,LAC,56,297,0.64,0.639,-0.0010000000000000009,0.001
2022-23,203937,Kyle Anderson,MIN,68,295,0.586,0.63,0.04400000000000004,-0.044
2022-23,203507,Giannis Antetokounmpo,MIL,62,294,0.48,0.646,0.16600000000000004,-0.167
2022-23,1628470,Torrey Craig,PHX,79,293,0.577,0.636,0.05900000000000005,-0.059
2022-23,201144,Mike Conley,MIN,67,293,0.628,0.63,0.0020000000000000018,-0.002
2022-23,1629630,Ja Morant,MEM,61,292,0.572,0.628,0.05600000000000005,-0.056
2022-23,1630543,Isaiah Jackson,IND,63,289,0.581,0.641,0.06000000000000005,-0.059
2022-23,1627736,Malik Beasley,LAL,81,289,0.64,0.63,-0.010000000000000009,0.01
2022-23,1630188,Jalen Smith,IND,67,287,0.606,0.641,0.03500000000000003,-0.035
2022-23,203932,Aaron Gordon,DEN,68,286,0.612,0.636,0.02400000000000002,-0.024
2022-23,1627750,Jamal Murray,DEN,65,286,0.689,0.624,-0.06499999999999995,0.065
2022-23,1629652,Luguentz Dort,OKC,74,284,0.651,0.628,-0.02300000000000002,0.023
2022-23,1628384,OG Anunoby,TOR,67,281,0.577,0.642,0.06500000000000006,-0.066
2022-23,1630529,Herbert Jones,NOP,66,280,0.671,0.636,-0.03500000000000003,0.036
2022-23,1629656,Quentin Grimes,NYK,70,280,0.618,0.624,0.006000000000000005,-0.006
2022-23,1630245,Ayo Dosunmu,CHI,80,280,0.629,0.622,-0.007000000000000006,0.007
2022-23,1629723,John Konchar,MEM,71,276,0.605,0.62,0.015000000000000013,-0.015
2022-23,1628969,Mikal Bridges,BKN,56,276,0.616,0.629,0.013000000000000012,-0.013
2022-23,1631110,Jeremy Sochan,SAS,56,275,0.585,0.637,0.052000000000000046,-0.052
2022-23,201976,Patrick Beverley,CHI,67,274,0.697,0.64,-0.05699999999999994,0.057
2022-23,1629622,Max Strus,MIA,80,274,0.69,0.631,-0.05899999999999994,0.059
2022-23,1629611,Terance Mann,LAC,81,274,0.672,0.633,-0.039000000000000035,0.039
2022-23,203924,Jerami Grant,POR,63,274,0.599,0.638,0.039000000000000035,-0.039
2022-23,1631101,Shaedon Sharpe,POR,80,273,0.641,0.627,-0.014000000000000012,0.014
2022-23,203501,Tim Hardaway Jr.,DAL,71,272,0.643,0.631,-0.01200000000000001,0.012
2022-23,1626179,Terry Rozier,CHA,63,269,0.654,0.624,-0.030000000000000027,0.031
2022-23,203471,Dennis Schröder,LAL,66,268,0.66,0.618,-0.04200000000000004,0.042
2022-23,1630570,Trendon Watford,POR,60,267,0.652,0.636,-0.016000000000000014,0.016
2022-23,1630214,Xavier Tillman,MEM,59,265,0.555,0.631,0.07599999999999996,-0.076
2022-23,203081,Damian Lillard,POR,58,264,0.682,0.629,-0.05300000000000005,0.053
2022-23,202699,Tobias Harris,PHI,74,263,0.654,0.637,-0.017000000000000015,0.017
2022-23,1628418,Thomas Bryant,DEN,58,263,0.688,0.646,-0.041999999999999926,0.043
2022-23,203992,Bogdan Bogdanović,ATL,54,262,0.634,0.631,-0.0030000000000000027,0.003
2022-23,1629011,Mitchell Robinson,NYK,59,262,0.573,0.644,0.07100000000000006,-0.072
2022-23,203500,Steven Adams,MEM,42,261,0.525,0.643,0.118,-0.118
2022-23,1630191,Isaiah Stewart,DET,50,260,0.608,0.654,0.04600000000000004,-0.046
2022-23,1629673,Jordan Poole,GSW,82,260,0.646,0.629,-0.017000000000000015,0.018
2022-23,1629636,Darius Garland,CLE,69,259,0.637,0.625,-0.01200000000000001,0.012
2022-23,1629684,Grant Williams,BOS,79,259,0.645,0.633,-0.01200000000000001,0.012
2022-23,201566,Russell Westbrook,LAC,73,258,0.624,0.631,0.007000000000000006,-0.007
2022-23,1631106,Tari Eason,HOU,82,257,0.658,0.633,-0.025000000000000022,0.024
2022-23,201142,Kevin Durant,PHX,47,255,0.549,0.636,0.08699999999999997,-0.087
2022-23,1628973,Jalen Brunson,NYK,68,254,0.665,0.617,-0.04800000000000004,0.049
2022-23,1628960,Grayson Allen,MIL,72,251,0.665,0.631,-0.03400000000000003,0.034
2022-23,202694,Marcus Morris Sr.,LAC,65,251,0.645,0.634,-0.01100000000000001,0.011
2022-23,1628378,Donovan Mitchell,CLE,68,249,0.675,0.625,-0.050000000000000044,0.05
2022-23,203484,Kentavious Caldwell-Pope,DEN,76,249,0.707,0.62,-0.08699999999999997,0.087
2022-23,101108,Chris Paul,PHX,59,248,0.601,0.634,0.03300000000000003,-0.033
2022-23,1629111,Jock Landale,PHX,68,248,0.569,0.645,0.07600000000000007,-0.076
2022-23,201935,James Harden,PHI,58,248,0.677,0.634,-0.04300000000000004,0.044
2022-23,1630598,Aaron Wiggins,OKC,68,247,0.607,0.622,0.015000000000000013,-0.015
2022-23,202711,Bojan Bogdanovic,DET,59,245,0.694,0.642,-0.051999999999999935,0.052
2022-23,1630237,Anthony Lamb,GSW,62,243,0.58,0.621,0.041000000000000036,-0.04
2022-23,1627936,Alex Caruso,CHI,67,243,0.609,0.625,0.016000000000000014,-0.016
2022-23,2544,LeBron James,LAL,55,242,0.587,0.643,0.05600000000000005,-0.057
2022-23,1630228,Jonathan Kuminga,GSW,66,241,0.589,0.636,0.04700000000000004,-0.047
2022-23,1629117,Wenyen Gabriel,LAL,66,240,0.571,0.636,0.06500000000000006,-0.066
2022-23,1630231,KJ Martin,HOU,82,240,0.629,0.648,0.019000000000000017,-0.019
2022-23,1628420,Monte Morris,WAS,62,238,0.643,0.626,-0.017000000000000015,0.017
2022-23,1629626,Bol Bol,ORL,70,238,0.655,0.644,-0.01100000000000001,0.011
2022-23,1631109,Mark Williams,CHA,42,238,0.626,0.648,0.02200000000000002,-0.021
2022-23,1631100,AJ Griffin,ATL,70,237,0.641,0.635,-0.006000000000000005,0.007
2022-23,1630173,Precious Achiuwa,TOR,55,237,0.616,0.645,0.029000000000000026,-0.029
2022-23,1628966,Keita Bates-Diop,SAS,66,234,0.628,0.642,0.014000000000000012,-0.013
2022-23,1630169,Tyrese Haliburton,IND,56,233,0.644,0.631,-0.013000000000000012,0.013
2022-23,202687,Bismack Biyombo,PHX,60,230,0.504,0.647,0.14300000000000002,-0.143
2022-23,1628449,Chris Boucher,TOR,76,229,0.607,0.637,0.030000000000000027,-0.03
2022-23,202691,Klay Thompson,GSW,69,228,0.684,0.639,-0.04500000000000004,0.045
2022-23,202695,Kawhi Leonard,LAC,52,228,0.566,0.641,0.07500000000000007,-0.075
2022-23,1626204,Larry Nance Jr.,NOP,65,226,0.681,0.652,-0.029000000000000026,0.03
2022-23,1626164,Devin Booker,PHX,53,226,0.65,0.633,-0.017000000000000015,0.018
2022-23,1629632,Coby White,CHI,74,226,0.655,0.635,-0.020000000000000018,0.02
2022-23,1630180,Saddiq Bey,ATL,76,225,0.738,0.64,-0.09799999999999998,0.098
2022-23,1630230,Naji Marshall,NOP,77,225,0.653,0.636,-0.017000000000000015,0.017
2022-23,1627814,Damion Lee,PHX,72,223,0.646,0.63,-0.016000000000000014,0.015
2022-23,1627763,Malcolm Brogdon,BOS,67,222,0.617,0.632,0.015000000000000013,-0.015
2022-23,202704,Reggie Jackson,DEN,67,221,0.606,0.621,0.015000000000000013,-0.015
2022-23,1630217,Desmond Bane,MEM,58,221,0.579,0.627,0.04800000000000004,-0.048
2022-23,1629021,Moritz Wagner,ORL,57,220,0.727,0.653,-0.07399999999999995,0.074
2022-23,1629008,Michael Porter Jr.,DEN,62,220,0.641,0.634,-0.007000000000000006,0.007
2022-23,1628370,Malik Monk,SAC,76,214,0.603,0.627,0.02400000000000002,-0.024
2022-23,1630197,Aleksej Pokusevski,OKC,34,213,0.596,0.649,0.05300000000000005,-0.053
2022-23,201939,Stephen Curry,GSW,56,212,0.632,0.623,-0.009000000000000008,0.009
2022-23,1629018,Gary Trent Jr.,TOR,66,212,0.618,0.63,0.01200000000000001,-0.012
2022-23,202710,Jimmy Butler III,MIA,64,212,0.684,0.634,-0.050000000000000044,0.05
2022-23,1628365,Markelle Fultz,ORL,60,212,0.698,0.63,-0.06799999999999995,0.068
2022-23,203488,Mike Muscala,BOS,63,210,0.61,0.643,0.03300000000000003,-0.034
2022-23,1629006,Josh Okogie,PHX,65,210,0.595,0.629,0.03400000000000003,-0.034
2022-23,1626162,Kelly Oubre Jr.,CHA,48,210,0.629,0.63,0.0010000000000000009,-0.002
2022-23,201567,Kevin Love,MIA,62,209,0.646,0.644,-0.0020000000000000018,0.002
2022-23,1626168,Trey Lyles,SAC,74,208,0.582,0.629,0.04700000000000004,-0.047
2022-23,1630586,Usman Garuba,HOU,75,206,0.641,0.638,-0.0030000000000000027,0.003
2022-23,1626153,Delon Wright,WAS,50,206,0.641,0.628,-0.013000000000000012,0.013
2022-23,1630587,Isaiah Livers,DET,52,205,0.551,0.624,0.07299999999999995,-0.073
2022-23,1629634,Brandon Clarke,MEM,56,204,0.534,0.633,0.09899999999999998,-0.099
2022-23,1626196,Josh Richardson,NOP,65,203,0.675,0.626,-0.049000000000000044,0.049
2022-23,200768,Kyle Lowry,MIA,55,201,0.667,0.635,-0.03200000000000003,0.032
2022-23,200782,P.J. Tucker,PHI,74,200,0.655,0.645,-0.010000000000000009,0.01
2022-23,1630550,JT Thor,CHA,65,200,0.64,0.634,-0.006000000000000005,0.006
2022-23,1631103,Malaki Branham,SAS,66,200,0.645,0.635,-0.010000000000000009,0.01
2022-23,1630573,Sam Hauser,BOS,77,200,0.59,0.618,0.028000000000000025,-0.028
2022-23,1627777,Georges Niang,PHI,78,200,0.665,0.631,-0.03400000000000003,0.034
2022-23,1630552,Jalen Johnson,ATL,68,199,0.593,0.639,0.04600000000000004,-0.046
2022-23,1626192,Pat Connaughton,MIL,61,199,0.548,0.645,0.09699999999999998,-0.097
2022-23,1626145,Tyus Jones,MEM,79,199,0.603,0.619,0.016000000000000014,-0.016
2022-23,1628436,Luke Kornet,BOS,65,199,0.573,0.638,0.06500000000000006,-0.065
2022-23,1630164,James Wiseman,DET,44,199,0.673,0.649,-0.02400000000000002,0.025
2022-23,1630198,Isaiah Joe,OKC,70,198,0.631,0.63,-0.0010000000000000009,0.002
2022-23,1630175,Cole Anthony,ORL,60,198,0.677,0.633,-0.04400000000000004,0.044
2022-23,1628372,Dennis Smith Jr.,CHA,54,198,0.535,0.612,0.07699999999999996,-0.077
2022-23,1630558,Davion Mitchell,SAC,80,197,0.68,0.616,-0.06400000000000006,0.064
2022-23,1630700,Dyson Daniels,NOP,57,196,0.622,0.639,0.017000000000000015,-0.016
2022-23,1629139,Yuta Watanabe,BKN,55,196,0.628,0.624,-0.0040000000000000036,0.004
2022-23,203083,Andre Drummond,CHI,67,195,0.631,0.654,0.02300000000000002,-0.024
2022-23,1630692,Jordan Goodwin,WAS,60,193,0.58,0.625,0.04500000000000004,-0.045
2022-23,1630194,Paul Reed,PHI,63,193,0.601,0.632,0.031000000000000028,-0.031
2022-23,1628975,Jevon Carter,MIL,81,192,0.635,0.619,-0.016000000000000014,0.017
2022-23,203935,Marcus Smart,BOS,61,192,0.672,0.634,-0.038000000000000034,0.038
2022-23,1631119,Jaylin Williams,OKC,49,189,0.709,0.648,-0.06099999999999994,0.061
2022-23,203925,Joe Harris,BKN,74,188,0.638,0.641,0.0030000000000000027,-0.003
2022-23,1631223,David Roddy,MEM,69,187,0.567,0.622,0.05500000000000005,-0.055
2022-23,1627732,Ben Simmons,BKN,42,187,0.615,0.644,0.029000000000000026,-0.029
2022-23,1630163,LaMelo Ball,CHA,36,187,0.636,0.625,-0.01100000000000001,0.012
2022-23,1631132,Christian Koloko,TOR,55,186,0.543,0.64,0.09699999999999998,-0.097
2022-23,1629060,Rui Hachimura,LAL,63,185,0.557,0.634,0.07699999999999996,-0.077
2022-23,1630544,Tre Mann,OKC,65,184,0.625,0.63,0.0050000000000000044,-0.005
2022-23,1628467,Maxi Kleber,DAL,37,184,0.663,0.627,-0.03600000000000003,0.036
2022-23,1628963,Marvin Bagley III,DET,42,184,0.592,0.656,0.06400000000000006,-0.063
2022-23,1629659,Talen Horton-Tucker,UTA,63,182,0.615,0.627,0.01200000000000001,-0.012
2022-23,1630171,Isaac Okoro,CLE,76,180,0.55,0.628,0.07799999999999996,-0.078
2022-23,1630526,Jeremiah Robinson-Earl,OKC,42,178,0.618,0.646,0.028000000000000025,-0.028
2022-23,204456,T.J. McConnell,IND,75,178,0.612,0.623,0.01100000000000001,-0.01
2022-23,202709,Cory Joseph,DET,61,176,0.676,0.621,-0.05500000000000005,0.055
2022-23,1630178,Tyrese Maxey,PHI,60,175,0.651,0.631,-0.020000000000000018,0.021
2022-23,1627742,Brandon Ingram,NOP,45,175,0.617,0.639,0.02200000000000002,-0.022
2022-23,1630170,Devin Vassell,SAS,38,175,0.634,0.63,-0.0040000000000000036,0.005
2022-23,203082,Terrence Ross,PHX,62,174,0.684,0.631,-0.05300000000000005,0.053
2022-23,203078,Bradley Beal,WAS,50,174,0.603,0.636,0.03300000000000003,-0.032
2022-23,1629216,Gabe Vincent,MIA,68,172,0.674,0.622,-0.052000000000000046,0.053
2022-23,1630537,Chris Duarte,IND,46,169,0.633,0.62,-0.013000000000000012,0.013
2022-23,1628984,Devonte' Graham,SAS,73,169,0.722,0.628,-0.09399999999999997,0.094
2022-23,1629669,Jaylen Nowell,MIN,65,169,0.716,0.626,-0.08999999999999997,0.09
2022-23,1629002,Chimezie Metu,SAC,62,169,0.586,0.638,0.052000000000000046,-0.053
2022-23,1631128,Christian Braun,DEN,66,168,0.649,0.641,-0.008000000000000007,0.008
2022-23,1630182,Josh Green,DAL,60,168,0.702,0.625,-0.07699999999999996,0.077
2022-23,203952,Andrew Wiggins,GSW,37,168,0.613,0.638,0.025000000000000022,-0.025
2022-23,1630538,Bones Hyland,LAC,56,166,0.657,0.614,-0.04300000000000004,0.043
2022-23,1629052,Oshae Brissett,IND,64,165,0.606,0.637,0.031000000000000028,-0.031
2022-23,1629026,Kenrich Williams,OKC,53,165,0.612,0.626,0.014000000000000012,-0.014
2022-23,202692,Alec Burks,DET,51,165,0.606,0.63,0.02400000000000002,-0.024
2022-23,1629022,Lonnie Walker IV,LAL,54,164,0.646,0.633,-0.013000000000000012,0.014
2022-23,1628969,Mikal Bridges,BKN,26,164,0.567,0.633,0.06600000000000006,-0.066
2022-23,1630591,Jalen Suggs,ORL,53,164,0.616,0.633,0.017000000000000015,-0.017
2022-23,1628379,Luke Kennard,MEM,59,163,0.632,0.624,-0.008000000000000007,0.008
2022-23,201569,Eric Gordon,LAC,68,163,0.712,0.628,-0.08399999999999996,0.084
2022-23,1629647,Darius Bazley,PHX,42,162,0.562,0.643,0.08099999999999996,-0.081
2022-23,1629661,Cameron Johnson,BKN,42,162,0.605,0.636,0.031000000000000028,-0.031
2022-23,203926,Doug McDermott,SAS,64,161,0.596,0.632,0.03600000000000003,-0.035
2022-23,1629670,Jordan Nwora,IND,59,160,0.65,0.626,-0.02400000000000002,0.024
2022-23,1630205,Lamar Stevens,CLE,60,159,0.572,0.631,0.05900000000000005,-0.059
2022-23,1628964,Mo Bamba,LAL,47,156,0.609,0.636,0.027000000000000024,-0.027
2022-23,1626181,Norman Powell,LAC,60,156,0.667,0.622,-0.04500000000000004,0.045
2022-23,203496,Robert Covington,LAC,47,156,0.622,0.629,0.007000000000000006,-0.007
2022-23,1629680,Matisse Thybulle,POR,67,155,0.645,0.626,-0.019000000000000017,0.019
2022-23,201145,Jeff Green,DEN,56,155,0.639,0.63,-0.009000000000000008,0.008
2022-23,1629642,Nassir Little,POR,54,152,0.632,0.626,-0.006000000000000005,0.005
2022-23,1627752,Taurean Prince,MIN,53,152,0.605,0.622,0.017000000000000015,-0.017
2022-23,1630560,Cam Thomas,BKN,53,149,0.604,0.632,0.028000000000000025,-0.028
2022-23,1628977,Hamidou Diallo,DET,56,149,0.584,0.644,0.06000000000000005,-0.06
2022-23,202330,Gordon Hayward,CHA,50,149,0.611,0.642,0.031000000000000028,-0.031
2022-23,1630579,Jericho Sims,NYK,50,148,0.655,0.653,-0.0020000000000000018,0.003
2022-23,1629003,Shake Milton,PHI,75,147,0.66,0.62,-0.040000000000000036,0.04
2022-23,1630534,Ochai Agbaji,UTA,56,147,0.599,0.624,0.025000000000000022,-0.025
2022-23,1630631,Jose Alvarado,NOP,61,146,0.685,0.631,-0.05400000000000005,0.054
2022-23,1629134,Kendrick Nunn,WAS,63,145,0.634,0.626,-0.008000000000000007,0.008
2022-23,1629629,Cam Reddish,POR,40,144,0.646,0.633,-0.013000000000000012,0.012
2022-23,1629638,Nickeil Alexander-Walker,MIN,54,144,0.556,0.624,0.06799999999999995,-0.069
2022-23,1626224,Cedi Osman,CLE,76,142,0.641,0.618,-0.02300000000000002,0.022
2022-23,203967,Dario Saric,OKC,56,141,0.645,0.641,-0.0040000000000000036,0.005
2022-23,1629731,Dean Wade,CLE,42,141,0.596,0.632,0.03600000000000003,-0.036
2022-23,201152,Thaddeus Young,TOR,53,140,0.75,0.645,-0.10499999999999998,0.105
2022-23,1630177,Theo Maledon,CHA,44,140,0.629,0.62,-0.009000000000000008,0.009
2022-23,200752,Rudy Gay,UTA,56,139,0.568,0.627,0.05900000000000005,-0.059
2022-23,1631133,Jabari Walker,POR,51,139,0.554,0.625,0.07099999999999995,-0.071
2022-23,1626157,Karl-Anthony Towns,MIN,29,138,0.58,0.627,0.04700000000000004,-0.048
2022-23,1627884,Derrick Jones Jr.,CHI,61,138,0.623,0.631,0.008000000000000007,-0.008
2022-23,203552,Seth Curry,BKN,60,136,0.691,0.624,-0.06699999999999995,0.067
2022-23,1626149,Montrezl Harrell,PHI,54,136,0.64,0.638,-0.0020000000000000018,0.002
2022-23,1630192,Zeke Nnaji,DEN,50,136,0.588,0.637,0.049000000000000044,-0.049
2022-23,1629056,Terence Davis,SAC,60,134,0.649,0.62,-0.029000000000000026,0.029
2022-23,1630572,Sandro Mamukelashvili,SAS,38,134,0.657,0.635,-0.02200000000000002,0.021
2022-23,203210,JaMychal Green,GSW,57,134,0.679,0.641,-0.038000000000000034,0.039
2022-23,203506,Victor Oladipo,MIA,42,133,0.699,0.62,-0.07899999999999996,0.079
2022-23,1630227,Daishen Nix,HOU,55,133,0.654,0.629,-0.025000000000000022,0.026
2022-23,1629312,Haywood Highsmith,MIA,50,131,0.573,0.622,0.049000000000000044,-0.049
2022-23,1630541,Moses Moody,GSW,60,131,0.626,0.623,-0.0030000000000000027,0.003
2022-23,1629012,Collin Sexton,UTA,48,127,0.63,0.621,-0.009000000000000008,0.009
2022-23,1626195,Willy Hernangomez,NOP,35,124,0.685,0.649,-0.03600000000000003,0.037
2022-23,1630181,R.J. Hampton,DET,43,122,0.615,0.622,0.007000000000000006,-0.008
2022-23,203115,Will Barton,TOR,53,120,0.708,0.64,-0.06799999999999995,0.068
2022-23,1630549,Day'Ron Sharpe,BKN,46,119,0.597,0.647,0.050000000000000044,-0.05
2022-23,203200,Justin Holiday,DAL,44,118,0.653,0.643,-0.010000000000000009,0.01
2022-23,1629646,Charles Bassey,SAS,33,118,0.568,0.645,0.07700000000000007,-0.077
2022-23,1630528,Josh Christopher,HOU,58,114,0.658,0.63,-0.028000000000000025,0.028
2022-23,1630540,Miles McBride,NYK,58,114,0.544,0.618,0.07399999999999995,-0.074
2022-23,1629627,Zion Williamson,NOP,29,114,0.605,0.631,0.026000000000000023,-0.026
2022-23,1627863,Danuel House Jr.,PHI,51,113,0.646,0.624,-0.02200000000000002,0.022
2022-23,1629660,Ty Jerome,GSW,43,113,0.646,0.623,-0.02300000000000002,0.023
2022-23,201599,DeAndre Jordan,DEN,39,113,0.646,0.648,0.0020000000000000018,-0.002
2022-23,1628995,Kevin Knox II,POR,59,112,0.625,0.629,0.0040000000000000036,-0.004
2022-23,1626166,Cameron Payne,PHX,47,112,0.652,0.63,-0.02200000000000002,0.022
2022-23,1628988,Aaron Holiday,ATL,60,111,0.712,0.622,-0.08999999999999997,0.09
2022-23,203914,Gary Harris,ORL,48,111,0.658,0.644,-0.014000000000000012,0.014
2022-23,203085,Austin Rivers,MIN,48,111,0.676,0.62,-0.05600000000000005,0.056
2022-23,1628427,Vlatko Čančar,DEN,51,110,0.718,0.635,-0.08299999999999996,0.083
2022-23,1631230,Dominick Barlow,SAS,28,110,0.555,0.644,0.08899999999999997,-0.09
2022-23,1629308,Juan Toscano-Anderson,UTA,48,110,0.645,0.643,-0.0020000000000000018,0.003
2022-23,1629057,Robert Williams III,BOS,35,109,0.55,0.629,0.07899999999999996,-0.078
2022-23,1630167,Obi Toppin,NYK,66,109,0.615,0.634,0.019000000000000017,-0.02
2022-23,1629013,Landry Shamet,PHX,39,109,0.624,0.623,-0.0010000000000000009,0.001
2022-23,203933,T.J. Warren,PHX,40,108,0.667,0.651,-0.016000000000000014,0.015
2022-23,1627823,Juancho Hernangomez,TOR,40,107,0.626,0.635,0.009000000000000008,-0.009
2022-23,201580,JaVale McGee,DAL,41,107,0.645,0.643,-0.0020000000000000018,0.001
2022-23,204060,Joe Ingles,MIL,46,105,0.619,0.623,0.0040000000000000036,-0.004
2022-23,202322,John Wall,LAC,34,103,0.65,0.62,-0.030000000000000027,0.031
2022-23,1630699,MarJon Beauchamp,MIL,48,102,0.637,0.616,-0.02100000000000002,0.021
2022-23,1630264,Anthony Gill,WAS,48,101,0.584,0.641,0.05700000000000005,-0.057
2022-23,201588,George Hill,IND,46,101,0.574,0.609,0.03500000000000003,-0.034
2022-23,1631172,Ousmane Dieng,OKC,38,100,0.53,0.61,0.07999999999999996,-0.08
2022-23,1630533,Ziaire Williams,MEM,35,99,0.515,0.623,0.10799999999999998,-0.108
2022-23,1628373,Frank Ntilikina,DAL,41,99,0.636,0.628,-0.008000000000000007,0.008
2022-23,201933,Blake Griffin,BOS,40,98,0.673,0.635,-0.038000000000000034,0.038
2022-23,1631216,Caleb Houstan,ORL,48,98,0.541,0.637,0.09599999999999997,-0.097
2022-23,201609,Goran Dragic,MIL,58,97,0.649,0.616,-0.03300000000000003,0.034
2022-23,1631121,Bryce McGowens,CHA,41,96,0.594,0.606,0.01200000000000001,-0.012
2022-23,1630539,Kai Jones,CHA,41,95,0.453,0.631,0.178,-0.178
2022-23,1626159,Justise Winslow,POR,29,93,0.581,0.642,0.061000000000000054,-0.062
2022-23,1630702,Jaden Hardy,DAL,45,92,0.707,0.628,-0.07899999999999996,0.078
2022-23,1631115,Orlando Robinson,MIA,30,91,0.615,0.64,0.025000000000000022,-0.025
2022-23,202083,Wesley Matthews,MIL,50,91,0.703,0.643,-0.05999999999999994,0.06
2022-23,202722,Davis Bertans,DAL,45,90,0.567,0.633,0.06600000000000006,-0.066
2022-23,1628981,Bruno Fernando,ATL,37,90,0.6,0.641,0.041000000000000036,-0.041
2022-23,1629676,Isaiah Roby,NYK,41,90,0.622,0.638,0.016000000000000014,-0.016
2022-23,203476,Gorgui Dieng,SAS,29,90,0.656,0.636,-0.020000000000000018,0.02
2022-23,1629048,Goga Bitadze,ORL,36,89,0.562,0.655,0.09299999999999997,-0.094
2022-23,1629641,Romeo Langford,SAS,41,89,0.663,0.631,-0.03200000000000003,0.032
2022-23,203114,Khris Middleton,MIL,33,89,0.674,0.62,-0.05400000000000005,0.054
2022-23,1631104,Blake Wesley,SAS,37,88,0.602,0.608,0.006000000000000005,-0.005
2022-23,201577,Robin Lopez,CLE,34,87,0.632,0.652,0.020000000000000018,-0.02
2022-23,201959,Taj Gibson,WAS,45,87,0.713,0.649,-0.06399999999999995,0.064
2022-23,1629643,Chuma Okeke,ORL,25,87,0.644,0.641,-0.0030000000000000027,0.003
2022-23,1630688,Ish Wainright,PHX,54,86,0.616,0.627,0.01100000000000001,-0.011
2022-23,203473,Dewayne Dedmon,PHI,38,86,0.57,0.654,0.08400000000000007,-0.084
2022-23,1631323,Simone Fontecchio,UTA,45,86,0.698,0.629,-0.06899999999999995,0.068
2022-23,1627745,Damian Jones,UTA,34,85,0.529,0.646,0.11699999999999999,-0.117
2022-23,1630322,Lindy Waters III,OKC,40,85,0.612,0.641,0.029000000000000026,-0.029
2022-23,1629162,Jordan McLaughlin,MIN,43,84,0.69,0.62,-0.06999999999999995,0.07
2022-23,1630647,Eugene Omoruyi,DET,39,84,0.512,0.637,0.125,-0.125
2022-23,1630256,Jae'Sean Tate,HOU,31,83,0.482,0.621,0.139,-0.139
2022-23,1630201,Malachi Flynn,TOR,48,82,0.671,0.63,-0.041000000000000036,0.041
2022-23,1628410,Edmond Sumner,BKN,50,81,0.679,0.637,-0.04200000000000004,0.042
2022-23,1630547,James Bouknight,CHA,31,78,0.628,0.627,-0.0010000000000000009,0.001
2022-23,1629637,Jaxson Hayes,NOP,42,78,0.628,0.636,0.008000000000000007,-0.008
2022-23,1629726,Garrison Mathews,ATL,52,77,0.727,0.634,-0.09299999999999997,0.093
2022-23,1631108,Max Christie,LAL,34,76,0.526,0.627,0.10099999999999998,-0.101
2022-23,1629750,Javonte Green,CHI,32,76,0.553,0.642,0.08899999999999997,-0.089
2022-23,1627739,Kris Dunn,UTA,22,75,0.667,0.633,-0.03400000000000003,0.033
2022-23,1629130,Duncan Robinson,MIA,41,75,0.68,0.631,-0.049000000000000044,0.049
2022-23,1630202,Payton Pritchard,BOS,42,74,0.635,0.61,-0.025000000000000022,0.025
2022-23,1631222,Jake LaRavia,MEM,33,73,0.575,0.616,0.041000000000000036,-0.041
2022-23,1629650,Moses Brown,LAC,35,73,0.534,0.64,0.10599999999999998,-0.106
2022-23,1630595,Cade Cunningham,DET,12,71,0.634,0.655,0.02100000000000002,-0.021
2022-23,201937,Ricky Rubio,CLE,33,71,0.606,0.613,0.007000000000000006,-0.007
2022-23,1629599,Amir Coffey,LAC,39,70,0.671,0.624,-0.04700000000000004,0.047
2022-23,1630556,Kessler Edwards,SAC,32,70,0.543,0.647,0.10399999999999998,-0.104
2022-23,1626169,Stanley Johnson,UTA,29,69,0.522,0.619,0.09699999999999998,-0.098
2022-23,202693,Markieff Morris,DAL,35,67,0.627,0.625,-0.0020000000000000018,0.002
2022-23,1629004,Svi Mykhailiuk,CHA,25,65,0.662,0.622,-0.040000000000000036,0.039
2022-23,1626158,Richaun Holmes,SAC,38,64,0.609,0.643,0.03400000000000003,-0.033
2022-23,1628962,Udoka Azubuike,UTA,34,64,0.578,0.651,0.07300000000000006,-0.073
2022-23,1630553,Keon Johnson,POR,32,64,0.625,0.607,-0.018000000000000016,0.018
2022-23,203109,Jae Crowder,MIL,18,64,0.547,0.618,0.07099999999999995,-0.072
2022-23,1630568,Luka Garza,MIN,24,63,0.683,0.651,-0.03200000000000003,0.032
2022-23,1630613,Duane Washington Jr.,NYK,28,63,0.651,0.645,-0.006000000000000005,0.006
2022-23,203526,Raul Neto,CLE,43,61,0.607,0.608,0.0010000000000000009,-0.001
2022-23,1630577,Julian Champagnie,SAS,16,60,0.617,0.627,0.010000000000000009,-0.01
2022-23,1630593,McKinley Wright IV,DAL,23,59,0.627,0.62,-0.007000000000000006,0.007
2022-23,1629033,Theo Pinson,DAL,28,59,0.746,0.621,-0.125,0.124
2022-23,201988,Patty Mills,BKN,39,59,0.729,0.633,-0.09599999999999997,0.096
2022-23,1631102,TyTy Washington Jr.,HOU,30,57,0.702,0.611,-0.09099999999999997,0.091
2022-23,1629678,Admiral Schofield,ORL,35,56,0.661,0.635,-0.026000000000000023,0.026
2022-23,1626163,Frank Kaminsky,HOU,32,56,0.696,0.651,-0.04499999999999993,0.045
2022-23,1627780,Gary Payton II,GSW,22,56,0.607,0.643,0.03600000000000003,-0.036
2022-23,203585,Rodney McGruder,DET,30,56,0.75,0.641,-0.10899999999999999,0.109
2022-23,1631098,Johnny Davis,WAS,24,55,0.691,0.631,-0.05999999999999994,0.06
2022-23,1630284,Kevon Harris,ORL,32,53,0.623,0.636,0.013000000000000012,-0.013
2022-23,203457,Nerlens Noel,BKN,14,53,0.698,0.651,-0.04699999999999993,0.047
2022-23,1630346,Matt Ryan,MIN,29,51,0.588,0.614,0.026000000000000023,-0.026
2022-23,203095,Evan Fournier,NYK,24,49,0.776,0.615,-0.16100000000000003,0.161
2022-23,1627788,Furkan Korkmaz,PHI,26,48,0.667,0.605,-0.062000000000000055,0.061
2022-23,202397,Ish Smith,DEN,33,48,0.771,0.614,-0.15700000000000003,0.157
2022-23,203469,Cody Zeller,MIA,15,48,0.688,0.662,-0.025999999999999912,0.025
2022-23,201565,Derrick Rose,NYK,27,47,0.553,0.61,0.05699999999999994,-0.056
2022-23,1631217,Moussa Diabaté,LAC,21,47,0.617,0.637,0.020000000000000018,-0.02
2022-23,1630240,Saben Lee,PHX,22,47,0.681,0.614,-0.06700000000000006,0.067
2022-23,1631260,AJ Green,MIL,27,47,0.638,0.635,-0.0030000000000000027,0.003
2022-23,1631219,John Butler Jr.,POR,18,47,0.574,0.629,0.05500000000000005,-0.054
2022-23,1629644,KZ Okpala,SAC,30,44,0.523,0.631,0.10799999999999998,-0.108
2022-23,1630233,Nathan Knight,MIN,32,44,0.568,0.639,0.07100000000000006,-0.071
2022-23,1630625,Dalano Banton,TOR,28,44,0.636,0.644,0.008000000000000007,-0.008
2022-23,1630235,Trent Forrest,ATL,22,44,0.614,0.629,0.015000000000000013,-0.015
2022-23,1629603,Mamadi Diakite,CLE,19,43,0.698,0.63,-0.06799999999999995,0.068
2022-23,1628432,Davon Reed,DEN,35,42,0.667,0.599,-0.06800000000000006,0.068
2022-23,1631116,Patrick Baldwin Jr.,GSW,25,41,0.732,0.628,-0.10399999999999998,0.103
2022-23,1630527,Brandon Boston,LAC,19,40,0.6,0.61,0.010000000000000009,-0.01
2022-23,1631107,Nikola Jović,MIA,12,40,0.7,0.656,-0.04399999999999993,0.044
2022-23,203648,Thanasis Antetokounmpo,MIL,22,39,0.667,0.628,-0.039000000000000035,0.039
2022-23,1631212,Peyton Watson,DEN,13,39,0.641,0.634,-0.007000000000000006,0.007
2022-23,203458,Alex Len,SAC,21,37,0.514,0.664,0.15000000000000002,-0.15
2022-23,1630561,David Duke Jr.,BKN,17,36,0.639,0.628,-0.01100000000000001,0.011
2022-23,201586,Serge Ibaka,MIL,16,34,0.529,0.624,0.09499999999999997,-0.095
2022-23,1631113,Kennedy Chandler,MEM,26,33,0.727,0.599,-0.128,0.128
2022-23,1631111,Wendell Moore Jr.,MIN,22,31,0.71,0.612,-0.09799999999999998,0.098
2022-23,1630184,Kira Lewis Jr.,NOP,22,31,0.677,0.658,-0.019000000000000017,0.019
2022-23,203943,Noah Vonleh,BOS,19,31,0.548,0.645,0.09699999999999998,-0.096
2022-23,202066,Garrett Temple,NOP,21,31,0.581,0.621,0.040000000000000036,-0.04
2022-23,203490,Otto Porter Jr.,TOR,8,31,0.677,0.618,-0.05900000000000005,0.059
2022-23,1630219,Skylar Mays,POR,6,31,0.742,0.624,-0.118,0.118
2022-23,1630696,Dru Smith,BKN,13,30,0.6,0.625,0.025000000000000022,-0.025
2022-23,1630288,Jeff Dowtin Jr.,TOR,21,30,0.6,0.642,0.04200000000000004,-0.042
2022-23,1630548,Johnny Juzang,UTA,18,29,0.655,0.637,-0.018000000000000016,0.018
2022-23,1629633,Jarrett Culver,ATL,8,29,0.655,0.636,-0.019000000000000017,0.019
2022-23,1641645,Xavier Cooks,WAS,9,29,0.621,0.663,0.04200000000000004,-0.042
2022-23,1630678,Terry Taylor,CHI,21,28,0.643,0.638,-0.0050000000000000044,0.005
2022-23,203920,Khem Birch,SAS,19,28,0.679,0.632,-0.04700000000000004,0.046
2022-23,1626246,Boban Marjanovic,HOU,27,27,0.667,0.651,-0.016000000000000014,0.016
2022-23,1631288,Jamal Cain,MIA,17,27,0.778,0.613,-0.16500000000000004,0.164
2022-23,1631254,Kenneth Lofton Jr.,MEM,18,27,0.704,0.612,-0.09199999999999997,0.092
2022-23,1631245,Quenton Jackson,WAS,8,26,0.692,0.624,-0.06799999999999995,0.068
2022-23,1631207,Dalen Terry,CHI,26,26,0.654,0.65,-0.0040000000000000036,0.004
2022-23,203086,Meyers Leonard,MIL,8,26,0.731,0.628,-0.10299999999999998,0.103
2022-23,1627854,Bryn Forbes,MIN,24,26,0.615,0.619,0.0040000000000000036,-0.003
2022-23,1629677,Luka Samanic,UTA,7,26,0.654,0.654,0.0,0.0
2022-23,1630643,Jay Huff,WAS,6,24,0.583,0.659,0.07600000000000007,-0.075
2022-23,1628464,Daniel Theis,IND,7,23,0.652,0.685,0.03300000000000003,-0.033
2022-23,202689,Kemba Walker,DAL,9,21,0.714,0.632,-0.08199999999999996,0.082
2022-23,1631466,Nate Williams,POR,5,21,0.667,0.621,-0.04600000000000004,0.045
2022-23,203521,Matthew Dellavedova,SAC,22,20,0.65,0.617,-0.03300000000000003,0.033
2022-23,1627853,Ryan Arcidiacono,NYK,14,20,0.55,0.611,0.06099999999999994,-0.061
2022-23,1631197,Jared Rhoden,DET,11,20,0.4,0.584,0.18399999999999994,-0.184
2022-23,1630249,Vít Krejčí,ATL,20,20,0.55,0.59,0.039999999999999925,-0.04
2022-23,1631169,Josh Minott,MIN,12,20,0.45,0.571,0.12099999999999994,-0.121
2022-23,2738,Andre Iguodala,GSW,8,20,0.65,0.612,-0.038000000000000034,0.038
2022-23,1631303,Justin Minaya,POR,4,20,0.65,0.622,-0.028000000000000025,0.028
2022-23,1630563,Joshua Primo,SAS,4,19,0.579,0.602,0.02300000000000002,-0.023
2022-23,1630846,Olivier Sarr,OKC,6,18,0.611,0.66,0.049000000000000044,-0.049
2022-23,1627885,Shaquille Harrison,LAL,5,18,0.667,0.616,-0.051000000000000045,0.051
2022-23,201980,Danny Green,CLE,10,16,0.813,0.636,-0.17699999999999994,0.176
2022-23,1631246,Vince Williams Jr.,MEM,11,16,0.563,0.634,0.07100000000000006,-0.071
2022-23,1630695,Micah Potter,UTA,6,15,0.8,0.625,-0.17500000000000004,0.175
2022-23,1628371,Jonathan Isaac,ORL,11,14,0.643,0.617,-0.026000000000000023,0.026
2022-23,1630639,A.J. Lawson,DAL,8,14,0.786,0.631,-0.15500000000000003,0.155
2022-23,1628408,PJ Dozier,SAC,9,14,0.286,0.66,0.37400000000000005,-0.374
2022-23,1631205,Buddy Boeheim,DET,9,14,0.857,0.658,-0.19899999999999995,0.199
2022-23,2617,Udonis Haslem,MIA,7,14,0.571,0.651,0.08000000000000007,-0.08
2022-23,1628998,Cody Martin,CHA,6,13,0.692,0.618,-0.07399999999999995,0.074
2022-23,1628382,Justin Jackson,BOS,13,13,0.385,0.598,0.21299999999999997,-0.213
2022-23,201949,James Johnson,IND,16,13,0.769,0.651,-0.118,0.119
2022-23,1630531,Jaden Springer,PHI,11,12,0.583,0.635,0.052000000000000046,-0.051
2022-23,1630600,Isaiah Mobley,CLE,9,12,0.583,0.671,0.08800000000000008,-0.087
2022-23,1630209,Omer Yurtseven,MIA,7,12,0.583,0.651,0.06800000000000006,-0.068
2022-23,1630554,Jason Preston,LAC,11,12,0.667,0.643,-0.02400000000000002,0.024
2022-23,1629623,Lindell Wigginton,MIL,4,12,0.583,0.628,0.04500000000000004,-0.044
2022-23,1630270,Xavier Sneed,CHA,4,12,0.5,0.59,0.08999999999999997,-0.09
2022-23,1631165,Keon Ellis,SAC,8,11,0.545,0.638,0.09299999999999997,-0.093
2022-23,1628221,Gabe York,IND,3,11,0.727,0.657,-0.06999999999999995,0.07
2022-23,1631298,Jack White,DEN,11,10,0.5,0.693,0.19299999999999995,-0.193
2022-23,1629674,Neemias Queta,SAC,5,10,0.7,0.636,-0.06399999999999995,0.064
2022-23,1628396,Tony Bradley,CHI,11,10,0.7,0.659,-0.040999999999999925,0.041
2022-23,1631160,Jordan Hall,SAS,8,9,1.0,0.594,-0.406,0.406
2022-23,1631123,Jamaree Bouyea,MIA,5,9,0.889,0.615,-0.274,0.274
2022-23,1630243,Trevelin Queen,PHI,6,8,0.625,0.616,-0.009000000000000008,0.009
2022-23,1631213,Tyrese Martin,ATL,10,8,0.75,0.663,-0.08699999999999997,0.087
2022-23,1630225,Isaiah Todd,WAS,3,8,0.375,0.617,0.242,-0.242
2022-23,1630535,Greg Brown III,POR,10,7,0.286,0.611,0.325,-0.326
2022-23,1630195,Leandro Bolmaro,UTA,10,7,0.429,0.62,0.191,-0.191
2022-23,1631367,Jacob Gilyard,MEM,1,7,0.857,0.578,-0.279,0.28
2022-23,1631112,Kendall Brown,IND,4,6,0.833,0.621,-0.21199999999999997,0.213
2022-23,1631199,Ron Harper Jr.,TOR,6,6,0.5,0.574,0.07399999999999995,-0.074
2022-23,1629714,Jarrell Brantley,UTA,4,6,0.167,0.648,0.481,-0.481
2022-23,1631120,JD Davison,BOS,7,6,0.667,0.649,-0.018000000000000016,0.017
2022-23,1630637,Carlik Jones,CHI,3,6,1.0,0.648,-0.352,0.353
2022-23,1629663,Louis King,PHI,1,6,0.5,0.607,0.10699999999999998,-0.107
2022-23,1631157,Ryan Rollins,GSW,7,5,0.8,0.559,-0.241,0.241
2022-23,1630590,Scotty Pippen Jr.,LAL,5,5,0.4,0.482,0.08199999999999996,-0.082
2022-23,1628424,Kobi Simmons,CHA,5,5,0.6,0.552,-0.04799999999999993,0.048
2022-23,1629875,Xavier Moon,LAC,4,5,0.8,0.614,-0.18600000000000005,0.186
2022-23,1631306,Cole Swider,LAL,5,5,1.0,0.618,-0.382,0.382
2022-23,1630241,Sam Merrill,CLE,4,5,0.6,0.599,-0.0010000000000000009,0.001
2022-23,1628993,Alize Johnson,SAS,4,5,0.0,0.545,0.545,-0.545
2022-23,1630215,Jared Butler,OKC,3,5,0.6,0.625,0.025000000000000022,-0.025
2022-23,1629662,Mfiondu Kabengele,BOS,4,4,0.75,0.655,-0.09499999999999997,0.095
2022-23,203487,Michael Carter-Williams,ORL,3,4,1.0,0.533,-0.46699999999999997,0.467
2022-23,1629653,Devon Dotson,WAS,4,3,1.0,0.631,-0.369,0.369
2022-23,1630580,Joe Wieskamp,TOR,8,3,0.0,0.701,0.701,-0.701
2022-23,1630176,Vernon Carey Jr.,UTA,6,3,0.0,0.53,0.53,-0.53
2022-23,1631309,Trevor Hudgins,HOU,3,3,0.667,0.581,-0.08600000000000008,0.086
2022-23,1630644,Mac McClung,PHI,2,3,0.667,0.629,-0.038000000000000034,0.037
2022-23,1630564,RaiQuan Gray,BKN,1,3,0.333,0.673,0.34,-0.339
2022-23,1630250,Marko Simonovic,CHI,3,3,0.667,0.607,-0.06000000000000005,0.06
2022-23,1630267,Facundo Campazzo,DAL,5,2,1.0,0.586,-0.41400000000000003,0.414
2022-23,1631220,Dereon Seabron,NOP,5,2,0.5,0.68,0.18000000000000005,-0.18
2022-23,1628416,Tyler Dorsey,DAL,2,2,1.0,0.596,-0.404,0.404
2022-23,1630206,Jay Scrubb,ORL,1,2,0.5,0.529,0.029000000000000026,-0.029
2022-23,1630551,Justin Champagnie,BOS,3,2,1.0,0.703,-0.29700000000000004,0.297
2022-23,1631311,Lester Quinones,GSW,3,2,0.5,0.523,0.02300000000000002,-0.023
2022-23,1630620,Darius Days,HOU,3,2,0.5,0.576,0.07599999999999996,-0.076
2022-23,1628425,Sterling Brown,LAL,4,1,0.0,0.619,0.619,-0.619
2022-23,1628435,Chance Comanche,POR,1,1,1.0,0.692,-0.30800000000000005,0.308
2022-23,1629685,Dylan Windler,CLE,2,1,1.0,0.561,-0.43899999999999995,0.439
2022-23,1629126,Deonte Burton,SAC,1,1,1.0,0.592,-0.40800000000000003,0.408
2022-23,1631320,Chima Moneke,SAC,1,1,1.0,0.754,-0.246,0.246
2023-24,201572,Brook Lopez,MIL,79,673,0.557,0.639,0.08199999999999996,-0.082
2023-24,1631096,Chet Holmgren,OKC,82,666,0.529,0.642,0.11299999999999999,-0.114
2023-24,203999,Nikola Jokić,DEN,78,657,0.647,0.643,-0.0040000000000000036,0.004
2023-24,1628386,Jarrett Allen,CLE,76,630,0.568,0.643,0.07500000000000007,-0.075
2023-24,1627734,Domantas Sabonis,SAC,82,621,0.586,0.639,0.05300000000000005,-0.053
2023-24,203497,Rudy Gobert,MIN,76,591,0.494,0.628,0.134,-0.134
2023-24,1641705,Victor Wembanyama,SAS,71,587,0.537,0.643,0.10599999999999998,-0.107
2023-24,1626167,Myles Turner,IND,77,576,0.595,0.642,0.04700000000000004,-0.047
2023-24,203076,Anthony Davis,LAL,76,576,0.564,0.638,0.07400000000000007,-0.074
2023-24,1630166,Deni Avdija,WAS,75,544,0.608,0.628,0.020000000000000018,-0.02
2023-24,1629655,Daniel Gafford,DAL,73,540,0.585,0.644,0.05900000000000005,-0.059
2023-24,202696,Nikola Vučević,CHI,75,537,0.637,0.639,0.0020000000000000018,-0.002
2023-24,1630578,Alperen Sengun,HOU,63,527,0.596,0.643,0.04700000000000004,-0.047
2023-24,203994,Jusuf Nurkić,PHX,76,512,0.549,0.635,0.08599999999999997,-0.086
2023-24,1629651,Nic Claxton,BKN,70,510,0.559,0.63,0.07099999999999995,-0.072
2023-24,1631094,Paolo Banchero,ORL,80,493,0.602,0.636,0.03400000000000003,-0.034
2023-24,1641706,Brandon Miller,CHA,74,492,0.63,0.627,-0.0030000000000000027,0.003
2023-24,1628392,Isaiah Hartenstein,NYK,75,467,0.531,0.643,0.11199999999999999,-0.112
2023-24,1630208,Nick Richards,CHA,67,459,0.608,0.641,0.03300000000000003,-0.033
2023-24,1627826,Ivica Zubac,LAC,68,448,0.518,0.633,0.11499999999999999,-0.115
2023-24,1630567,Scottie Barnes,TOR,60,446,0.626,0.632,0.006000000000000005,-0.006
2023-24,204001,Kristaps Porziņģis,BOS,57,445,0.497,0.633,0.136,-0.137
2023-24,1627749,Dejounte Murray,ATL,78,443,0.652,0.631,-0.02100000000000002,0.022
2023-24,1627783,Pascal Siakam,IND,80,437,0.629,0.629,0.0,0.0
2023-24,203991,Clint Capela,ATL,73,436,0.587,0.641,0.05400000000000005,-0.053
2023-24,1628380,Zach Collins,SAS,69,425,0.598,0.635,0.03700000000000003,-0.037
2023-24,1629029,Luka Dončić,DAL,70,424,0.632,0.631,-0.0010000000000000009,0.001
2023-24,1630559,Austin Reaves,LAL,82,421,0.627,0.628,0.0010000000000000009,-0.001
2023-24,202685,Jonas Valančiūnas,NOP,82,418,0.644,0.643,-0.0010000000000000009,0.001
2023-24,202331,Paul George,LAC,74,417,0.564,0.622,0.05800000000000005,-0.058
2023-24,1630596,Evan Mobley,CLE,50,416,0.538,0.635,0.09699999999999998,-0.096
2023-24,1628983,Shai Gilgeous-Alexander,OKC,75,415,0.617,0.624,0.007000000000000006,-0.007
2023-24,1631110,Jeremy Sochan,SAS,74,409,0.628,0.634,0.006000000000000005,-0.006
2023-24,1629023,P.J. Washington,DAL,72,408,0.61,0.632,0.02200000000000002,-0.021
2023-24,1629632,Coby White,CHI,78,407,0.705,0.629,-0.07599999999999996,0.077
2023-24,1631095,Jabari Smith Jr.,HOU,76,406,0.594,0.636,0.04200000000000004,-0.043
2023-24,1631099,Keegan Murray,SAC,77,403,0.586,0.628,0.04200000000000004,-0.042
2023-24,1627741,Buddy Hield,PHI,84,403,0.615,0.621,0.006000000000000005,-0.006
2023-24,1631117,Walker Kessler,UTA,64,402,0.51,0.63,0.12,-0.12
2023-24,1630194,Paul Reed,PHI,82,402,0.607,0.633,0.026000000000000023,-0.026
2023-24,1628404,Josh Hart,NYK,81,397,0.597,0.636,0.039000000000000035,-0.039
2023-24,1628991,Jaren Jackson Jr.,MEM,66,395,0.554,0.635,0.08099999999999996,-0.081
2023-24,1630173,Precious Achiuwa,NYK,74,394,0.589,0.631,0.04200000000000004,-0.042
2023-24,1628960,Grayson Allen,PHX,75,394,0.629,0.628,-0.0010000000000000009,0.001
2023-24,1630552,Jalen Johnson,ATL,56,391,0.616,0.637,0.02100000000000002,-0.02
2023-24,1628398,Kyle Kuzma,WAS,70,388,0.637,0.639,0.0020000000000000018,-0.003
2023-24,201942,DeMar DeRozan,CHI,78,383,0.614,0.63,0.016000000000000014,-0.016
2023-24,203482,Kelly Olynyk,TOR,78,383,0.655,0.636,-0.019000000000000017,0.019
2023-24,1628401,Derrick White,BOS,73,382,0.573,0.625,0.052000000000000046,-0.051
2023-24,1627751,Jakob Poeltl,TOR,50,374,0.58,0.64,0.06000000000000005,-0.06
2023-24,203992,Bogdan Bogdanović,ATL,79,369,0.612,0.624,0.01200000000000001,-0.012
2023-24,201950,Jrue Holiday,BOS,69,368,0.573,0.632,0.05900000000000005,-0.059
2023-24,201935,James Harden,LAC,72,365,0.638,0.633,-0.0050000000000000044,0.005
2023-24,1628969,Mikal Bridges,BKN,81,359,0.604,0.625,0.02100000000000002,-0.02
2023-24,203507,Giannis Antetokounmpo,MIL,73,358,0.536,0.63,0.09399999999999997,-0.094
2023-24,1626171,Bobby Portis,MIL,82,357,0.647,0.629,-0.018000000000000016,0.018
2023-24,1628381,John Collins,UTA,68,355,0.623,0.639,0.016000000000000014,-0.016
2023-24,1630174,Aaron Nesmith,IND,72,354,0.525,0.637,0.11199999999999999,-0.111
2023-24,1630581,Josh Giddey,OKC,80,353,0.575,0.619,0.04400000000000004,-0.044
2023-24,1629028,Deandre Ayton,POR,55,353,0.623,0.637,0.014000000000000012,-0.014
2023-24,1631105,Jalen Duren,DET,61,351,0.632,0.646,0.014000000000000012,-0.013
2023-24,203954,Joel Embiid,PHI,39,351,0.536,0.641,0.10499999999999998,-0.105
2023-24,1629675,Naz Reid,MIN,81,349,0.573,0.63,0.05700000000000005,-0.057
2023-24,1628971,Bruce Brown,TOR,67,349,0.662,0.63,-0.03200000000000003,0.032
2023-24,1630595,Cade Cunningham,DET,62,349,0.65,0.62,-0.030000000000000027,0.031
2023-24,1628970,Miles Bridges,CHA,69,345,0.655,0.635,-0.020000000000000018,0.02
2023-24,1631093,Jaden Ivey,DET,77,344,0.584,0.62,0.03600000000000003,-0.036
2023-24,1626156,D'Angelo Russell,LAL,76,343,0.665,0.627,-0.038000000000000034,0.037
2023-24,1627832,Fred VanVleet,HOU,73,343,0.603,0.622,0.019000000000000017,-0.018
2023-24,1629622,Max Strus,CLE,69,342,0.556,0.624,0.06799999999999995,-0.068
2023-24,1641726,Dereck Lively II,DAL,55,341,0.587,0.638,0.051000000000000045,-0.052
2023-24,1628374,Lauri Markkanen,UTA,55,341,0.604,0.632,0.028000000000000025,-0.028
2023-24,202699,Tobias Harris,PHI,70,340,0.618,0.638,0.020000000000000018,-0.021
2023-24,201142,Kevin Durant,PHX,75,340,0.585,0.634,0.049000000000000044,-0.049
2023-24,1628978,Donte DiVincenzo,NYK,81,337,0.665,0.631,-0.03400000000000003,0.033
2023-24,1628389,Bam Adebayo,MIA,71,336,0.58,0.637,0.05700000000000005,-0.056
2023-24,203471,Dennis Schröder,BKN,80,336,0.673,0.621,-0.052000000000000046,0.051
2023-24,1628415,Dillon Brooks,HOU,72,335,0.639,0.632,-0.007000000000000006,0.007
2023-24,1627827,Dorian Finney-Smith,BKN,67,334,0.581,0.627,0.04600000000000004,-0.047
2023-24,1629008,Michael Porter Jr.,DEN,80,332,0.599,0.626,0.027000000000000024,-0.027
2023-24,1628368,De'Aaron Fox,SAC,74,332,0.645,0.628,-0.017000000000000015,0.017
2023-24,1630224,Jalen Green,HOU,82,327,0.596,0.625,0.029000000000000026,-0.029
2023-24,1626162,Kelly Oubre Jr.,PHI,68,326,0.592,0.622,0.030000000000000027,-0.03
2023-24,1626164,Devin Booker,PHX,68,322,0.634,0.623,-0.01100000000000001,0.01
2023-24,1628973,Jalen Brunson,NYK,77,321,0.679,0.631,-0.04800000000000004,0.048
2023-24,1630583,Santi Aldama,MEM,61,321,0.542,0.626,0.08399999999999996,-0.084
2023-24,1630560,Cam Thomas,BKN,65,320,0.653,0.63,-0.02300000000000002,0.024
2023-24,1630183,Jaden McDaniels,MIN,72,320,0.55,0.618,0.06799999999999995,-0.068
2023-24,1630557,Corey Kispert,WAS,80,320,0.641,0.62,-0.02100000000000002,0.021
2023-24,1630169,Tyrese Haliburton,IND,69,319,0.705,0.623,-0.08199999999999996,0.082
2023-24,1629673,Jordan Poole,WAS,78,319,0.677,0.621,-0.05600000000000005,0.056
2023-24,1627777,Georges Niang,CLE,81,317,0.609,0.632,0.02300000000000002,-0.023
2023-24,203084,Harrison Barnes,SAC,82,315,0.638,0.641,0.0030000000000000027,-0.003
2023-24,1629684,Grant Williams,CHA,76,314,0.666,0.63,-0.03600000000000003,0.036
2023-24,1626220,Royce O'Neale,PHX,78,313,0.61,0.627,0.017000000000000015,-0.016
2023-24,201143,Al Horford,BOS,65,311,0.633,0.625,-0.008000000000000007,0.009
2023-24,1631218,Trayce Jackson-Davis,GSW,67,310,0.545,0.629,0.08399999999999996,-0.083
2023-24,1631114,Jalen Williams,OKC,71,309,0.537,0.632,0.09499999999999997,-0.094
2023-24,1641871,Duop Reath,POR,68,309,0.615,0.629,0.014000000000000012,-0.014
2023-24,202695,Kawhi Leonard,LAC,68,307,0.629,0.631,0.0020000000000000018,-0.002
2023-24,1630532,Franz Wagner,ORL,72,306,0.595,0.629,0.03400000000000003,-0.034
2023-24,1627936,Alex Caruso,CHI,70,299,0.582,0.637,0.05500000000000005,-0.055
2023-24,1630703,Scoot Henderson,POR,62,299,0.736,0.624,-0.11199999999999999,0.112
2023-24,1631212,Peyton Watson,DEN,79,298,0.483,0.619,0.136,-0.136
2023-24,1629640,Keldon Johnson,SAS,69,298,0.648,0.625,-0.02300000000000002,0.023
2023-24,203932,Aaron Gordon,DEN,72,296,0.591,0.637,0.04600000000000004,-0.046
2023-24,1630193,Immanuel Quickley,TOR,68,296,0.655,0.631,-0.02400000000000002,0.024
2023-24,1627752,Taurean Prince,LAL,77,294,0.599,0.635,0.03600000000000003,-0.037
2023-24,1630168,Onyeka Okongwu,ATL,55,294,0.599,0.631,0.03200000000000003,-0.032
2023-24,202691,Klay Thompson,GSW,76,293,0.621,0.632,0.01100000000000001,-0.011
2023-24,1630245,Ayo Dosunmu,CHI,75,291,0.605,0.633,0.028000000000000025,-0.029
2023-24,1629628,RJ Barrett,TOR,58,290,0.607,0.629,0.02200000000000002,-0.023
2023-24,203967,Dario Saric,GSW,63,289,0.567,0.633,0.06600000000000006,-0.066
2023-24,1630529,Herbert Jones,NOP,76,289,0.626,0.631,0.0050000000000000044,-0.004
2023-24,1627750,Jamal Murray,DEN,58,289,0.64,0.63,-0.010000000000000009,0.01
2023-24,1630591,Jalen Suggs,ORL,75,288,0.569,0.618,0.049000000000000044,-0.048
2023-24,1630162,Anthony Edwards,MIN,79,288,0.59,0.627,0.03700000000000003,-0.037
2023-24,1631170,Jaime Jaquez Jr.,MIA,75,287,0.631,0.624,-0.007000000000000006,0.006
2023-24,1629060,Rui Hachimura,LAL,68,286,0.619,0.646,0.027000000000000024,-0.027
2023-24,1629234,Drew Eubanks,PHX,74,284,0.567,0.636,0.06900000000000006,-0.069
2023-24,1641731,Bilal Coulibaly,WAS,62,283,0.608,0.62,0.01200000000000001,-0.012
2023-24,1630178,Tyrese Maxey,PHI,70,283,0.615,0.63,0.015000000000000013,-0.015
2023-24,1628369,Jayson Tatum,BOS,74,283,0.625,0.632,0.007000000000000006,-0.007
2023-24,203081,Damian Lillard,MIL,73,282,0.617,0.623,0.006000000000000005,-0.006
2023-24,203468,CJ McCollum,NOP,66,281,0.694,0.626,-0.06799999999999995,0.068
2023-24,1641739,Toumani Camara,POR,70,280,0.643,0.63,-0.013000000000000012,0.013
2023-24,1629027,Trae Young,ATL,54,279,0.674,0.626,-0.04800000000000004,0.047
2023-24,1630228,Jonathan Kuminga,GSW,74,279,0.606,0.632,0.026000000000000023,-0.026
2023-24,203952,Andrew Wiggins,GSW,71,278,0.655,0.633,-0.02200000000000002,0.022
2023-24,1629627,Zion Williamson,NOP,70,277,0.621,0.631,0.010000000000000009,-0.01
2023-24,1641764,Brandin Podziemski,GSW,72,274,0.65,0.628,-0.02200000000000002,0.022
2023-24,203937,Kyle Anderson,MIN,79,273,0.608,0.632,0.02400000000000002,-0.024
2023-24,1627759,Jaylen Brown,BOS,70,271,0.568,0.627,0.05900000000000005,-0.059
2023-24,1629652,Luguentz Dort,OKC,79,271,0.601,0.631,0.030000000000000027,-0.03
2023-24,203501,Tim Hardaway Jr.,DAL,79,269,0.651,0.624,-0.027000000000000024,0.026
2023-24,1627736,Malik Beasley,MIL,79,265,0.683,0.627,-0.05600000000000005,0.056
2023-24,1626179,Terry Rozier,MIA,61,265,0.706,0.619,-0.08699999999999997,0.086
2023-24,1631133,Jabari Walker,POR,72,263,0.62,0.633,0.013000000000000012,-0.013
2023-24,1626157,Karl-Anthony Towns,MIN,62,263,0.631,0.627,-0.0040000000000000036,0.004
2023-24,1628997,Caleb Martin,MIA,64,262,0.576,0.617,0.041000000000000036,-0.041
2023-24,1641709,Ausar Thompson,DET,63,262,0.584,0.624,0.040000000000000036,-0.04
2023-24,1626145,Tyus Jones,WAS,66,261,0.69,0.616,-0.07399999999999995,0.073
2023-24,1627884,Derrick Jones Jr.,DAL,76,261,0.563,0.622,0.05900000000000005,-0.059
2023-24,1630573,Sam Hauser,BOS,79,261,0.556,0.619,0.06299999999999994,-0.064
2023-24,201939,Stephen Curry,GSW,74,261,0.667,0.635,-0.03200000000000003,0.032
2023-24,1629614,Andrew Nembhard,IND,67,260,0.612,0.619,0.007000000000000006,-0.007
2023-24,1631246,Vince Williams Jr.,MEM,50,259,0.575,0.62,0.04500000000000004,-0.045
2023-24,1630170,Devin Vassell,SAS,68,257,0.673,0.623,-0.050000000000000044,0.05
2023-24,1641718,Keyonte George,UTA,75,256,0.672,0.624,-0.04800000000000004,0.048
2023-24,1628989,Kevin Huerter,SAC,63,256,0.684,0.622,-0.062000000000000055,0.062
2023-24,1628976,Wendell Carter Jr.,ORL,55,255,0.596,0.642,0.04600000000000004,-0.046
2023-24,1628464,Daniel Theis,LAC,60,255,0.604,0.629,0.025000000000000022,-0.025
2023-24,1629638,Nickeil Alexander-Walker,MIN,82,255,0.565,0.613,0.04800000000000004,-0.048
2023-24,1630175,Cole Anthony,ORL,81,254,0.61,0.613,0.0030000000000000027,-0.002
2023-24,1627747,Caris LeVert,CLE,68,254,0.543,0.627,0.08399999999999996,-0.084
2023-24,1626172,Kevon Looney,GSW,74,253,0.609,0.638,0.029000000000000026,-0.029
2023-24,1630534,Ochai Agbaji,TOR,78,252,0.548,0.619,0.07099999999999995,-0.072
2023-24,1630577,Julian Champagnie,SAS,74,252,0.575,0.626,0.051000000000000045,-0.051
2023-24,1630200,Tre Jones,SAS,77,251,0.665,0.616,-0.049000000000000044,0.05
2023-24,203083,Andre Drummond,CHI,78,250,0.612,0.644,0.03200000000000003,-0.032
2023-24,1641717,Cason Wallace,OKC,82,250,0.636,0.623,-0.013000000000000012,0.013
2023-24,1629631,De'Andre Hunter,ATL,57,248,0.657,0.628,-0.029000000000000026,0.029
2023-24,1629014,Anfernee Simons,POR,46,247,0.725,0.63,-0.09499999999999997,0.095
2023-24,1627742,Brandon Ingram,NOP,64,247,0.644,0.633,-0.01100000000000001,0.011
2023-24,1630188,Jalen Smith,IND,61,247,0.571,0.633,0.062000000000000055,-0.062
2023-24,1626192,Pat Connaughton,MIL,76,247,0.623,0.605,-0.018000000000000016,0.019
2023-24,1631128,Christian Braun,DEN,81,246,0.537,0.615,0.07799999999999996,-0.079
2023-24,1629021,Moritz Wagner,ORL,80,246,0.638,0.631,-0.007000000000000006,0.007
2023-24,203110,Draymond Green,GSW,55,246,0.61,0.638,0.028000000000000025,-0.029
2023-24,2544,LeBron James,LAL,70,244,0.615,0.621,0.006000000000000005,-0.006
2023-24,1630700,Dyson Daniels,NOP,61,241,0.622,0.626,0.0040000000000000036,-0.004
2023-24,1628963,Marvin Bagley III,WAS,50,240,0.596,0.636,0.040000000000000036,-0.04
2023-24,1628384,OG Anunoby,NYK,50,238,0.58,0.634,0.05400000000000005,-0.054
2023-24,202704,Reggie Jackson,DEN,81,237,0.662,0.62,-0.04200000000000004,0.042
2023-24,1631097,Bennedict Mathurin,IND,59,236,0.686,0.628,-0.05800000000000005,0.058
2023-24,200768,Kyle Lowry,PHI,60,234,0.684,0.631,-0.05300000000000005,0.052
2023-24,203924,Jerami Grant,POR,54,234,0.688,0.645,-0.04299999999999993,0.043
2023-24,1630164,James Wiseman,DET,63,234,0.564,0.635,0.07100000000000006,-0.071
2023-24,203915,Spencer Dinwiddie,LAL,75,234,0.671,0.624,-0.04700000000000004,0.047
2023-24,201976,Patrick Beverley,MIL,72,233,0.597,0.624,0.027000000000000024,-0.027
2023-24,1630598,Aaron Wiggins,OKC,78,233,0.528,0.625,0.09699999999999998,-0.097
2023-24,1628370,Malik Monk,SAC,71,233,0.571,0.617,0.04600000000000004,-0.046
2023-24,201144,Mike Conley,MIN,76,233,0.609,0.619,0.010000000000000009,-0.009
2023-24,1626204,Larry Nance Jr.,NOP,61,232,0.642,0.643,0.0010000000000000009,-0.001
2023-24,1629048,Goga Bitadze,ORL,58,231,0.623,0.64,0.017000000000000015,-0.017
2023-24,1629012,Collin Sexton,UTA,78,230,0.661,0.629,-0.03200000000000003,0.032
2023-24,1628436,Luke Kornet,BOS,63,229,0.524,0.608,0.08399999999999996,-0.084
2023-24,1631323,Simone Fontecchio,DET,66,228,0.627,0.627,0.0,0.0
2023-24,1630214,Xavier Tillman,BOS,54,227,0.546,0.633,0.08699999999999997,-0.087
2023-24,1626181,Norman Powell,LAC,76,225,0.627,0.627,0.0,0.0
2023-24,1630180,Saddiq Bey,ATL,63,225,0.671,0.629,-0.04200000000000004,0.042
2023-24,1629680,Matisse Thybulle,POR,65,223,0.709,0.633,-0.07599999999999996,0.076
2023-24,1630549,Day'Ron Sharpe,BKN,60,222,0.635,0.633,-0.0020000000000000018,0.002
2023-24,1629611,Terance Mann,LAC,75,220,0.641,0.62,-0.02100000000000002,0.021
2023-24,202681,Kyrie Irving,DAL,58,219,0.717,0.623,-0.09399999999999997,0.094
2023-24,201587,Nicolas Batum,PHI,59,218,0.592,0.627,0.03500000000000003,-0.035
2023-24,1630167,Obi Toppin,IND,82,216,0.565,0.631,0.06600000000000006,-0.067
2023-24,203078,Bradley Beal,PHX,53,215,0.595,0.628,0.03300000000000003,-0.032
2023-24,203484,Kentavious Caldwell-Pope,DEN,74,215,0.66,0.629,-0.031000000000000028,0.031
2023-24,1630191,Isaiah Stewart,DET,46,214,0.523,0.644,0.121,-0.121
2023-24,1629723,John Konchar,MEM,53,214,0.598,0.622,0.02400000000000002,-0.024
2023-24,1629130,Duncan Robinson,MIA,68,213,0.634,0.618,-0.016000000000000014,0.015
2023-24,1629661,Cameron Johnson,BKN,57,212,0.547,0.62,0.07299999999999995,-0.073
2023-24,203486,Mason Plumlee,LAC,44,211,0.583,0.645,0.062000000000000055,-0.062
2023-24,1629639,Tyler Herro,MIA,42,209,0.603,0.628,0.025000000000000022,-0.025
2023-24,1626168,Trey Lyles,SAC,58,209,0.603,0.63,0.027000000000000024,-0.027
2023-24,203114,Khris Middleton,MIL,55,208,0.615,0.624,0.009000000000000008,-0.009
2023-24,203903,Jordan Clarkson,UTA,55,208,0.606,0.628,0.02200000000000002,-0.023
2023-24,101108,Chris Paul,GSW,58,206,0.631,0.626,-0.0050000000000000044,0.006
2023-24,1630530,Trey Murphy III,NOP,57,206,0.617,0.629,0.01200000000000001,-0.012
2023-24,1629312,Haywood Highsmith,MIA,64,206,0.573,0.623,0.050000000000000044,-0.05
2023-24,203944,Julius Randle,NYK,46,204,0.618,0.643,0.025000000000000022,-0.025
2023-24,1631223,David Roddy,PHX,61,200,0.575,0.629,0.05400000000000005,-0.054
2023-24,203939,Dwight Powell,DAL,58,196,0.577,0.63,0.05300000000000005,-0.053
2023-24,202710,Jimmy Butler III,MIA,60,194,0.701,0.626,-0.07499999999999996,0.075
2023-24,1630198,Isaiah Joe,OKC,77,192,0.609,0.633,0.02400000000000002,-0.024
2023-24,1630543,Isaiah Jackson,IND,55,190,0.537,0.632,0.09499999999999997,-0.096
2023-24,1629018,Gary Trent Jr.,TOR,71,190,0.637,0.628,-0.009000000000000008,0.009
2023-24,1630540,Miles McBride,NYK,64,189,0.561,0.615,0.05399999999999994,-0.054
2023-24,1630202,Payton Pritchard,BOS,82,188,0.66,0.613,-0.04700000000000004,0.046
2023-24,1628964,Mo Bamba,PHI,55,186,0.624,0.642,0.018000000000000016,-0.019
2023-24,202711,Bojan Bogdanovic,NYK,57,186,0.758,0.635,-0.123,0.123
2023-24,1630165,Killian Hayes,DET,42,185,0.681,0.619,-0.062000000000000055,0.062
2023-24,202687,Bismack Biyombo,OKC,38,184,0.576,0.629,0.05300000000000005,-0.053
2023-24,1641707,Taylor Hendricks,UTA,40,183,0.601,0.63,0.029000000000000026,-0.029
2023-24,1631119,Jaylin Williams,OKC,69,183,0.661,0.635,-0.026000000000000023,0.027
2023-24,1629637,Jaxson Hayes,LAL,67,182,0.654,0.629,-0.025000000000000022,0.025
2023-24,201569,Eric Gordon,PHX,68,181,0.663,0.628,-0.03500000000000003,0.035
2023-24,1628467,Maxi Kleber,DAL,43,181,0.58,0.633,0.05300000000000005,-0.052
2023-24,201145,Jeff Green,HOU,77,181,0.591,0.625,0.03400000000000003,-0.034
2023-24,1641708,Amen Thompson,HOU,61,181,0.575,0.623,0.04800000000000004,-0.048
2023-24,1629731,Dean Wade,CLE,52,180,0.589,0.64,0.051000000000000045,-0.051
2023-24,1630182,Josh Green,DAL,57,179,0.642,0.626,-0.016000000000000014,0.016
2023-24,1631103,Malaki Branham,SAS,74,179,0.62,0.616,-0.0040000000000000036,0.004
2023-24,201567,Kevin Love,MIA,55,178,0.618,0.642,0.02400000000000002,-0.024
2023-24,1629636,Darius Garland,CLE,57,178,0.685,0.622,-0.06300000000000006,0.063
2023-24,1629111,Jock Landale,HOU,55,178,0.528,0.612,0.08399999999999996,-0.084
2023-24,1641711,Gradey Dick,TOR,58,178,0.713,0.633,-0.07999999999999996,0.08
2023-24,1631200,Kris Murray,POR,54,175,0.56,0.621,0.06099999999999994,-0.061
2023-24,1641713,GG Jackson,MEM,46,175,0.589,0.628,0.039000000000000035,-0.039
2023-24,204456,T.J. McConnell,IND,71,173,0.688,0.613,-0.07499999999999996,0.075
2023-24,1628378,Donovan Mitchell,CLE,55,173,0.659,0.631,-0.028000000000000025,0.028
2023-24,1630692,Jordan Goodwin,MEM,55,172,0.593,0.627,0.03400000000000003,-0.034
2023-24,1629001,De'Anthony Melton,PHI,38,171,0.626,0.626,0.0,0.0
2023-24,1630230,Naji Marshall,NOP,66,171,0.632,0.624,-0.008000000000000007,0.007
2023-24,1630171,Isaac Okoro,CLE,68,171,0.655,0.632,-0.02300000000000002,0.023
2023-24,1627739,Kris Dunn,UTA,63,169,0.592,0.632,0.040000000000000036,-0.04
2023-24,1631165,Keon Ellis,SAC,55,168,0.607,0.615,0.008000000000000007,-0.008
2023-24,202692,Alec Burks,NYK,64,166,0.542,0.614,0.07199999999999995,-0.071
2023-24,1631107,Nikola Jović,MIA,44,164,0.64,0.631,-0.009000000000000008,0.01
2023-24,1629599,Amir Coffey,LAC,66,164,0.622,0.614,-0.008000000000000007,0.008
2023-24,201566,Russell Westbrook,LAC,68,163,0.571,0.614,0.04300000000000004,-0.043
2023-24,1641710,Anthony Black,ORL,60,163,0.546,0.619,0.07299999999999995,-0.073
2023-24,1626224,Cedi Osman,SAS,72,160,0.606,0.621,0.015000000000000013,-0.015
2023-24,1631101,Shaedon Sharpe,POR,32,160,0.675,0.624,-0.051000000000000045,0.051
2023-24,1628988,Aaron Holiday,HOU,77,159,0.654,0.612,-0.04200000000000004,0.042
2023-24,1630172,Patrick Williams,CHI,42,158,0.671,0.644,-0.027000000000000024,0.027
2023-24,1630217,Desmond Bane,MEM,42,157,0.631,0.635,0.0040000000000000036,-0.004
2023-24,1630541,Moses Moody,GSW,64,157,0.541,0.628,0.08699999999999997,-0.087
2023-24,1628470,Torrey Craig,CHI,53,156,0.654,0.645,-0.009000000000000008,0.009
2023-24,1628972,Troy Brown Jr.,DET,56,156,0.679,0.622,-0.05700000000000005,0.058
2023-24,1629002,Chimezie Metu,DET,47,155,0.639,0.615,-0.02400000000000002,0.024
2023-24,1628981,Bruno Fernando,ATL,42,155,0.626,0.631,0.0050000000000000044,-0.005
2023-24,1631204,Marcus Sasser,DET,69,155,0.703,0.614,-0.08899999999999997,0.09
2023-24,1628371,Jonathan Isaac,ORL,58,154,0.474,0.626,0.15200000000000002,-0.152
2023-24,1628379,Luke Kennard,MEM,39,153,0.686,0.628,-0.05800000000000005,0.058
2023-24,1626166,Cameron Payne,PHI,77,153,0.627,0.618,-0.009000000000000008,0.009
2023-24,1631222,Jake LaRavia,MEM,34,150,0.633,0.617,-0.016000000000000014,0.016
2023-24,1630533,Ziaire Williams,MEM,48,150,0.613,0.622,0.009000000000000008,-0.008
2023-24,1630192,Zeke Nnaji,DEN,52,148,0.459,0.612,0.15299999999999997,-0.153
2023-24,1629011,Mitchell Robinson,NYK,31,148,0.703,0.648,-0.05499999999999994,0.054
2023-24,1641722,Jordan Hawkins,NOP,62,147,0.605,0.611,0.006000000000000005,-0.005
2023-24,1631108,Max Christie,LAL,61,146,0.596,0.615,0.019000000000000017,-0.019
2023-24,1630544,Tre Mann,CHA,36,146,0.637,0.611,-0.026000000000000023,0.026
2023-24,203914,Gary Harris,ORL,54,146,0.63,0.615,-0.015000000000000013,0.015
2023-24,203488,Mike Muscala,OKC,47,144,0.618,0.631,0.013000000000000012,-0.013
2023-24,1627763,Malcolm Brogdon,POR,39,142,0.676,0.64,-0.03600000000000003,0.036
2023-24,203957,Dante Exum,DAL,54,142,0.676,0.623,-0.05300000000000005,0.053
2023-24,1630550,JT Thor,CHA,57,141,0.681,0.633,-0.04800000000000004,0.048
2023-24,1629026,Kenrich Williams,OKC,69,140,0.671,0.625,-0.04600000000000004,0.047
2023-24,1630201,Malachi Flynn,DET,63,140,0.643,0.614,-0.029000000000000026,0.029
2023-24,203995,Vasilije Micic,CHA,60,137,0.686,0.622,-0.06400000000000006,0.064
2023-24,1626174,Christian Wood,LAL,49,137,0.555,0.622,0.06699999999999995,-0.067
2023-24,1630537,Chris Duarte,SAC,55,136,0.588,0.613,0.025000000000000022,-0.025
2023-24,1629659,Talen Horton-Tucker,UTA,51,136,0.632,0.616,-0.016000000000000014,0.017
2023-24,1630256,Jae'Sean Tate,HOU,65,136,0.603,0.634,0.031000000000000028,-0.031
2023-24,1629670,Jordan Nwora,TOR,46,136,0.625,0.626,0.0010000000000000009,-0.001
2023-24,1629006,Josh Okogie,PHX,58,134,0.619,0.634,0.015000000000000013,-0.015
2023-24,1626196,Josh Richardson,MIA,42,132,0.644,0.622,-0.02200000000000002,0.022
2023-24,1631230,Dominick Barlow,SAS,30,130,0.631,0.632,0.0010000000000000009,-0.001
2023-24,1628372,Dennis Smith Jr.,BKN,55,130,0.608,0.628,0.020000000000000018,-0.02
2023-24,203926,Doug McDermott,IND,63,128,0.609,0.62,0.01100000000000001,-0.011
2023-24,203109,Jae Crowder,MIL,50,127,0.567,0.624,0.05700000000000005,-0.057
2023-24,202330,Gordon Hayward,OKC,51,126,0.675,0.63,-0.04500000000000004,0.045
2023-24,1631109,Mark Williams,CHA,19,126,0.651,0.645,-0.006000000000000005,0.006
2023-24,1629022,Lonnie Walker IV,BKN,56,126,0.579,0.609,0.030000000000000027,-0.03
2023-24,1630625,Dalano Banton,POR,49,124,0.565,0.614,0.049000000000000044,-0.049
2023-24,1628975,Jevon Carter,CHI,70,124,0.605,0.622,0.017000000000000015,-0.017
2023-24,1629656,Quentin Grimes,DET,51,123,0.683,0.617,-0.06600000000000006,0.065
2023-24,1631121,Bryce McGowens,CHA,54,122,0.607,0.63,0.02300000000000002,-0.024
2023-24,1630558,Davion Mitchell,SAC,68,122,0.738,0.619,-0.119,0.119
2023-24,201568,Danilo Gallinari,MIL,47,122,0.656,0.638,-0.018000000000000016,0.018
2023-24,1628449,Chris Boucher,TOR,49,122,0.639,0.628,-0.01100000000000001,0.011
2023-24,1629629,Cam Reddish,LAL,47,120,0.692,0.624,-0.06799999999999995,0.068
2023-24,1630631,Jose Alvarado,NOP,55,120,0.6,0.627,0.027000000000000024,-0.027
2023-24,1630209,Omer Yurtseven,UTA,42,116,0.672,0.627,-0.04500000000000004,0.046
2023-24,1630579,Jericho Sims,NYK,39,116,0.56,0.644,0.08399999999999996,-0.084
2023-24,1630241,Sam Merrill,CLE,57,116,0.552,0.616,0.06399999999999995,-0.064
2023-24,1641767,Ben Sheppard,IND,52,115,0.67,0.633,-0.03700000000000003,0.037
2023-24,1630570,Trendon Watford,BKN,55,114,0.649,0.638,-0.01100000000000001,0.011
2023-24,1629726,Garrison Mathews,ATL,66,114,0.64,0.615,-0.025000000000000022,0.026
2023-24,1631104,Blake Wesley,SAS,59,113,0.664,0.608,-0.05600000000000005,0.056
2023-24,202694,Marcus Morris Sr.,CLE,47,113,0.646,0.626,-0.020000000000000018,0.02
2023-24,1628418,Thomas Bryant,MIA,37,112,0.652,0.637,-0.015000000000000013,0.015
2023-24,1628966,Keita Bates-Diop,BKN,48,111,0.577,0.626,0.049000000000000044,-0.049
2023-24,1629013,Landry Shamet,WAS,46,111,0.631,0.636,0.0050000000000000044,-0.005
2023-24,1630702,Jaden Hardy,DAL,66,111,0.721,0.617,-0.10399999999999998,0.104
2023-24,1626153,Delon Wright,MIA,45,109,0.642,0.614,-0.028000000000000025,0.028
2023-24,1641854,Craig Porter Jr.,CLE,47,105,0.619,0.605,-0.014000000000000012,0.014
2023-24,1641998,Trey Jemison III,MEM,23,105,0.648,0.659,0.01100000000000001,-0.011
2023-24,203200,Justin Holiday,DEN,52,105,0.619,0.605,-0.014000000000000012,0.015
2023-24,1628998,Cody Martin,CHA,28,101,0.653,0.626,-0.027000000000000024,0.028
2023-24,1626158,Richaun Holmes,WAS,38,101,0.693,0.635,-0.05799999999999994,0.058
2023-24,1629007,Jontay Porter,DET,24,101,0.564,0.633,0.06900000000000006,-0.069
2023-24,1630205,Lamar Stevens,MEM,36,100,0.52,0.616,0.09599999999999997,-0.096
2023-24,203458,Alex Len,SAC,43,98,0.51,0.596,0.08599999999999997,-0.086
2023-24,1629667,Jalen McDaniels,TOR,46,97,0.639,0.633,-0.006000000000000005,0.006
2023-24,204060,Joe Ingles,ORL,68,97,0.701,0.615,-0.08599999999999997,0.086
2023-24,202397,Ish Smith,CHA,43,97,0.711,0.623,-0.08799999999999997,0.089
2023-24,202722,Davis Bertans,CHA,38,95,0.621,0.617,-0.0040000000000000036,0.004
2023-24,203897,Zach LaVine,CHI,25,94,0.628,0.617,-0.01100000000000001,0.01
2023-24,1628365,Markelle Fultz,ORL,43,93,0.753,0.612,-0.14100000000000001,0.141
2023-24,1631367,Jacob Gilyard,BKN,39,92,0.75,0.623,-0.127,0.127
2023-24,1630572,Sandro Mamukelashvili,SAS,44,92,0.652,0.626,-0.026000000000000023,0.027
2023-24,1628426,Sasha Vezenkov,SAC,41,90,0.544,0.625,0.08099999999999996,-0.081
2023-24,1631098,Johnny Davis,WAS,44,89,0.674,0.63,-0.04400000000000004,0.045
2023-24,1630699,MarJon Beauchamp,MIL,45,89,0.584,0.604,0.020000000000000018,-0.019
2023-24,1627780,Gary Payton II,GSW,44,89,0.674,0.631,-0.04300000000000004,0.043
2023-24,1641730,Noah Clowney,BKN,21,88,0.511,0.601,0.08999999999999997,-0.09
2023-24,1630231,KJ Martin,PHI,50,88,0.659,0.628,-0.031000000000000028,0.031
2023-24,202684,Tristan Thompson,CLE,42,86,0.488,0.631,0.14300000000000002,-0.143
2023-24,1630163,LaMelo Ball,CHA,22,86,0.698,0.64,-0.05799999999999994,0.058
2023-24,1641715,Cam Whitmore,HOU,44,86,0.651,0.628,-0.02300000000000002,0.023
2023-24,1629139,Yuta Watanabe,MEM,32,85,0.612,0.637,0.025000000000000022,-0.025
2023-24,1629052,Oshae Brissett,BOS,53,84,0.548,0.606,0.05799999999999994,-0.058
2023-24,1631116,Patrick Baldwin Jr.,WAS,36,82,0.598,0.618,0.020000000000000018,-0.021
2023-24,1641733,Nick Smith Jr.,CHA,48,82,0.585,0.612,0.027000000000000024,-0.027
2023-24,1631207,Dalen Terry,CHI,52,81,0.531,0.622,0.09099999999999997,-0.091
2023-24,201152,Thaddeus Young,PHX,32,81,0.679,0.631,-0.04800000000000004,0.048
2023-24,1630197,Aleksej Pokusevski,CHA,28,81,0.667,0.613,-0.05400000000000005,0.053
2023-24,1641712,Rayan Rupert,POR,36,81,0.642,0.615,-0.027000000000000024,0.027
2023-24,1641748,Andre Jackson Jr.,MIL,48,81,0.654,0.634,-0.020000000000000018,0.02
2023-24,203095,Evan Fournier,DET,32,79,0.658,0.613,-0.04500000000000004,0.045
2023-24,1630590,Scotty Pippen Jr.,MEM,21,79,0.658,0.628,-0.030000000000000027,0.03
2023-24,1630526,Jeremiah Robinson-Earl,NOP,30,78,0.679,0.614,-0.06500000000000006,0.065
2023-24,1631216,Caleb Houstan,ORL,52,76,0.605,0.625,0.020000000000000018,-0.02
2023-24,1629626,Bol Bol,PHX,39,76,0.447,0.622,0.175,-0.175
2023-24,1630538,Bones Hyland,LAC,34,75,0.733,0.601,-0.132,0.132
2023-24,203496,Robert Covington,PHI,27,75,0.587,0.618,0.031000000000000028,-0.031
2023-24,1641787,Tosan Evbuomwan,DET,17,74,0.622,0.637,0.015000000000000013,-0.016
2023-24,1630264,Anthony Gill,WAS,40,74,0.676,0.646,-0.030000000000000027,0.03
2023-24,1629642,Nassir Little,PHX,38,74,0.662,0.635,-0.027000000000000024,0.027
2023-24,1629020,Jarred Vanderbilt,LAL,29,74,0.676,0.637,-0.039000000000000035,0.039
2023-24,1641729,Brice Sensabaugh,UTA,29,74,0.662,0.621,-0.041000000000000036,0.041
2023-24,203469,Cody Zeller,NOP,38,74,0.649,0.634,-0.015000000000000013,0.015
2023-24,1629674,Neemias Queta,BOS,27,74,0.527,0.625,0.09799999999999998,-0.098
2023-24,1630531,Jaden Springer,BOS,39,73,0.589,0.598,0.009000000000000008,-0.009
2023-24,201580,JaVale McGee,SAC,44,72,0.528,0.635,0.10699999999999998,-0.107
2023-24,1641877,Nathan Mensah,CHA,25,72,0.667,0.629,-0.038000000000000034,0.037
2023-24,203552,Seth Curry,CHA,39,72,0.792,0.615,-0.17700000000000005,0.177
2023-24,1630215,Jared Butler,WAS,36,71,0.577,0.601,0.02400000000000002,-0.023
2023-24,1631260,AJ Green,MIL,48,70,0.614,0.625,0.01100000000000001,-0.011
2023-24,1629003,Shake Milton,NYK,45,70,0.643,0.622,-0.02100000000000002,0.021
2023-24,1628995,Kevin Knox II,POR,31,69,0.638,0.621,-0.017000000000000015,0.017
2023-24,1631115,Orlando Robinson,MIA,29,68,0.603,0.657,0.05400000000000005,-0.054
2023-24,201599,DeAndre Jordan,DEN,33,67,0.642,0.627,-0.015000000000000013,0.015
2023-24,1628420,Monte Morris,MIN,32,67,0.582,0.615,0.03300000000000003,-0.033
2023-24,1630592,Jalen Wilson,BKN,38,67,0.642,0.612,-0.030000000000000027,0.03
2023-24,1630249,Vít Krejčí,ATL,22,67,0.642,0.633,-0.009000000000000008,0.009
2023-24,1629162,Jordan McLaughlin,MIN,52,66,0.606,0.614,0.008000000000000007,-0.008
2023-24,1630346,Matt Ryan,NOP,25,66,0.621,0.616,-0.0050000000000000044,0.005
2023-24,1627863,Danuel House Jr.,PHI,34,65,0.646,0.615,-0.031000000000000028,0.031
2023-24,1630527,Brandon Boston,LAC,28,64,0.75,0.614,-0.136,0.136
2023-24,1631124,Julian Strawther,DEN,44,64,0.563,0.599,0.03600000000000003,-0.037
2023-24,202083,Wesley Matthews,ATL,36,64,0.516,0.619,0.10299999999999998,-0.103
2023-24,203493,Reggie Bullock Jr.,HOU,39,63,0.73,0.616,-0.11399999999999999,0.115
2023-24,1629630,Ja Morant,MEM,9,63,0.651,0.621,-0.030000000000000027,0.03
2023-24,1630235,Trent Forrest,ATL,37,62,0.597,0.604,0.007000000000000006,-0.007
2023-24,1631241,Javon Freeman-Liberty,TOR,19,62,0.677,0.616,-0.061000000000000054,0.061
2023-24,1630587,Isaiah Livers,DET,23,62,0.629,0.642,0.013000000000000012,-0.013
2023-24,200782,P.J. Tucker,LAC,31,61,0.623,0.626,0.0030000000000000027,-0.003
2023-24,1631311,Lester Quinones,GSW,31,61,0.623,0.605,-0.018000000000000016,0.018
2023-24,1629677,Luka Samanic,UTA,35,60,0.7,0.62,-0.07999999999999996,0.08
2023-24,1630548,Johnny Juzang,UTA,18,59,0.644,0.607,-0.03700000000000003,0.037
2023-24,1631303,Justin Minaya,POR,27,59,0.542,0.617,0.07499999999999996,-0.075
2023-24,1631106,Tari Eason,HOU,22,59,0.542,0.613,0.07099999999999995,-0.07
2023-24,1630647,Eugene Omoruyi,WAS,37,59,0.61,0.642,0.03200000000000003,-0.031
2023-24,1641716,Jarace Walker,IND,28,59,0.627,0.6,-0.027000000000000024,0.028
2023-24,1630219,Skylar Mays,LAL,31,58,0.638,0.637,-0.0010000000000000009,0.001
2023-24,1641778,Leaky Black,CHA,25,57,0.614,0.637,0.02300000000000002,-0.023
2023-24,1630641,Ibou Badji,POR,19,56,0.625,0.65,0.025000000000000022,-0.025
2023-24,1631172,Ousmane Dieng,OKC,31,54,0.593,0.599,0.006000000000000005,-0.007
2023-24,1641738,Kobe Brown,LAC,34,54,0.574,0.614,0.040000000000000036,-0.04
2023-24,1631338,Mouhamadou Gueye,TOR,11,54,0.574,0.613,0.039000000000000035,-0.039
2023-24,1641765,Olivier-Maxence Prosper,DAL,29,53,0.642,0.593,-0.049000000000000044,0.049
2023-24,1630556,Kessler Edwards,SAC,41,51,0.686,0.592,-0.09400000000000008,0.095
2023-24,202066,Garrett Temple,TOR,25,51,0.549,0.634,0.08499999999999996,-0.085
2023-24,1627745,Damian Jones,CLE,33,50,0.52,0.628,0.10799999999999998,-0.108
2023-24,1627732,Ben Simmons,BKN,15,49,0.776,0.643,-0.133,0.132
2023-24,1629650,Moses Brown,POR,22,47,0.553,0.627,0.07399999999999995,-0.074
2023-24,1630639,A.J. Lawson,DAL,29,47,0.638,0.601,-0.03700000000000003,0.038
2023-24,1630551,Justin Champagnie,WAS,15,47,0.617,0.611,-0.006000000000000005,0.006
2023-24,1641763,Julian Phillips,CHI,30,46,0.652,0.631,-0.02100000000000002,0.022
2023-24,1630695,Micah Potter,UTA,14,46,0.5,0.637,0.137,-0.137
2023-24,203935,Marcus Smart,MEM,20,46,0.609,0.631,0.02200000000000002,-0.022
2023-24,1629643,Chuma Okeke,ORL,40,45,0.644,0.612,-0.03200000000000003,0.033
2023-24,1641741,Ricky Council IV,PHI,28,45,0.622,0.628,0.006000000000000005,-0.006
2023-24,201565,Derrick Rose,MEM,24,43,0.721,0.614,-0.10699999999999998,0.107
2023-24,1630611,Gui Santos,GSW,21,42,0.548,0.595,0.04699999999999993,-0.048
2023-24,1629646,Charles Bassey,SAS,18,41,0.585,0.646,0.061000000000000054,-0.061
2023-24,1630649,Stanley Umude,DET,19,41,0.634,0.611,-0.02300000000000002,0.023
2023-24,1641774,Tristan Vukcevic,WAS,8,40,0.525,0.631,0.10599999999999998,-0.106
2023-24,1641723,Kobe Bufkin,ATL,16,40,0.575,0.611,0.03600000000000003,-0.036
2023-24,202709,Cory Joseph,GSW,24,40,0.675,0.622,-0.05300000000000005,0.053
2023-24,202693,Markieff Morris,DAL,24,40,0.725,0.597,-0.128,0.128
2023-24,201988,Patty Mills,MIA,30,39,0.718,0.605,-0.11299999999999999,0.113
2023-24,1631288,Jamal Cain,MIA,19,39,0.641,0.591,-0.050000000000000044,0.05
2023-24,1629647,Darius Bazley,UTA,8,38,0.5,0.57,0.06999999999999995,-0.07
2023-24,1629669,Jaylen Nowell,SAC,11,37,0.514,0.625,0.11099999999999999,-0.111
2023-24,1630322,Lindy Waters III,OKC,29,37,0.541,0.602,0.06099999999999994,-0.062
2023-24,1628984,Devonte' Graham,SAS,21,35,0.6,0.625,0.025000000000000022,-0.025
2023-24,1631254,Kenneth Lofton Jr.,UTA,18,35,0.543,0.585,0.041999999999999926,-0.042
2023-24,1627788,Furkan Korkmaz,PHI,26,35,0.743,0.638,-0.10499999999999998,0.104
2023-24,1631221,Collin Gillespie,DEN,18,35,0.6,0.574,-0.026000000000000023,0.026
2023-24,1630204,Ashton Hagans,POR,18,34,0.5,0.609,0.10899999999999999,-0.109
2023-24,1630243,Trevelin Queen,ORL,13,34,0.324,0.621,0.297,-0.298
2023-24,1631100,AJ Griffin,ATL,19,33,0.788,0.598,-0.19000000000000006,0.19
2023-24,1630177,Theo Maledon,PHX,16,33,0.515,0.621,0.10599999999999998,-0.106
2023-24,1629716,Marques Bolden,CHA,10,32,0.594,0.637,0.04300000000000004,-0.043
2023-24,201959,Taj Gibson,DET,17,31,0.548,0.646,0.09799999999999998,-0.098
2023-24,1629004,Svi Mykhailiuk,BOS,36,30,0.567,0.619,0.052000000000000046,-0.052
2023-24,1631197,Jared Rhoden,DET,16,30,0.5,0.598,0.09799999999999998,-0.098
2023-24,1630562,Matt Hurt,MEM,7,28,0.571,0.597,0.026000000000000023,-0.025
2023-24,1629057,Robert Williams III,POR,6,28,0.679,0.627,-0.052000000000000046,0.051
2023-24,1630240,Saben Lee,PHX,18,28,0.679,0.619,-0.06000000000000005,0.059
2023-24,1630568,Luka Garza,MIN,19,27,0.667,0.636,-0.031000000000000028,0.031
2023-24,1631262,Jules Bernard,WAS,15,27,0.741,0.637,-0.10399999999999998,0.104
2023-24,1630184,Kira Lewis Jr.,UTA,22,26,0.615,0.628,0.013000000000000012,-0.013
2023-24,1629875,Xavier Moon,LAC,11,26,0.769,0.594,-0.17500000000000004,0.175
2023-24,1630678,Terry Taylor,CHI,21,26,0.538,0.613,0.07499999999999996,-0.074
2023-24,1628385,Harry Giles III,LAL,18,25,0.72,0.601,-0.119,0.119
2023-24,1628962,Udoka Azubuike,PHX,15,25,0.52,0.626,0.10599999999999998,-0.106
2023-24,203925,Joe Harris,DET,14,24,0.708,0.607,-0.10099999999999998,0.101
2023-24,1630285,Zavier Simpson,DET,7,24,0.583,0.622,0.039000000000000035,-0.039
2023-24,1641931,Onuralp Bitim,CHI,20,24,0.833,0.611,-0.22199999999999998,0.223
2023-24,1629750,Javonte Green,CHI,9,23,0.652,0.649,-0.0030000000000000027,0.003
2023-24,203490,Otto Porter Jr.,TOR,14,22,0.5,0.635,0.135,-0.135
2023-24,1630696,Dru Smith,MIA,8,20,0.75,0.639,-0.11099999999999999,0.111
2023-24,1630186,Jahmi'us Ramsey,TOR,7,20,0.55,0.648,0.09799999999999998,-0.098
2023-24,1630314,Brandon Williams,DAL,15,19,0.632,0.591,-0.041000000000000036,0.041
2023-24,1629634,Brandon Clarke,MEM,6,19,0.579,0.67,0.09100000000000008,-0.091
2023-24,1641970,Maozinha Pereira,MEM,6,19,0.474,0.655,0.18100000000000005,-0.181
2023-24,1642013,Malik Williams,TOR,7,19,0.684,0.685,0.0010000000000000009,-0.001
2023-24,1631466,Nate Williams,HOU,19,18,0.556,0.602,0.04599999999999993,-0.046
2023-24,1631321,Sidy Cissoko,SAS,8,18,0.778,0.652,-0.126,0.126
2023-24,1631123,Jamaree Bouyea,SAS,7,18,0.5,0.579,0.07899999999999996,-0.079
2023-24,1629685,Dylan Windler,ATL,12,18,0.667,0.582,-0.08500000000000008,0.085
2023-24,1641721,Maxwell Lewis,LAL,19,18,0.722,0.636,-0.08599999999999997,0.086
2023-24,1630610,DeJon Jarreau,MEM,9,17,0.529,0.648,0.119,-0.119
2023-24,1641732,Colby Jones,SAC,20,16,0.75,0.582,-0.16800000000000004,0.168
2023-24,203648,Thanasis Antetokounmpo,MIL,24,16,0.438,0.568,0.12999999999999995,-0.13
2023-24,1629216,Gabe Vincent,LAL,11,16,0.563,0.593,0.030000000000000027,-0.03
2023-24,1631205,Buddy Boeheim,DET,7,15,0.6,0.644,0.04400000000000004,-0.044
2023-24,1629618,Jalen Pickett,DEN,18,15,0.733,0.576,-0.15700000000000003,0.158
2023-24,1631173,Terquavion Smith,PHI,9,15,0.867,0.624,-0.243,0.243
2023-24,1630658,Colin Castleton,LAL,11,15,0.667,0.6,-0.06700000000000006,0.067
2023-24,1641720,Jalen Hood-Schifino,LAL,15,15,0.667,0.629,-0.038000000000000034,0.037
2023-24,1630181,R.J. Hampton,MIA,6,15,0.733,0.638,-0.09499999999999997,0.095
2023-24,1631306,Cole Swider,MIA,12,14,0.5,0.587,0.08699999999999997,-0.087
2023-24,1630288,Jeff Dowtin Jr.,PHI,10,14,0.786,0.584,-0.20200000000000007,0.201
2023-24,1641734,Emoni Bates,CLE,12,13,0.769,0.623,-0.14600000000000002,0.147
2023-24,201577,Robin Lopez,MIL,8,13,0.615,0.648,0.03300000000000003,-0.032
2023-24,1631157,Ryan Rollins,MIL,9,13,0.385,0.568,0.18299999999999994,-0.184
2023-24,1641754,Seth Lundy,ATL,8,13,0.692,0.553,-0.1389999999999999,0.139
2023-24,1631298,Jack White,OKC,4,13,0.538,0.614,0.07599999999999996,-0.076
2023-24,1631169,Josh Minott,MIN,22,13,0.923,0.597,-0.32600000000000007,0.326
2023-24,1629717,Armoni Brooks,BKN,8,12,0.75,0.624,-0.126,0.126
2023-24,1630846,Olivier Sarr,OKC,11,12,0.583,0.58,-0.0030000000000000027,0.004
2023-24,1630618,D.J. Carton,TOR,4,12,0.5,0.615,0.11499999999999999,-0.115
2023-24,1631159,Leonard Miller,MIN,11,12,0.583,0.569,-0.014000000000000012,0.014
2023-24,1629117,Wenyen Gabriel,BOS,5,12,0.583,0.634,0.051000000000000045,-0.051
2023-24,1641775,Jordan Walsh,BOS,7,12,0.75,0.612,-0.138,0.139
2023-24,1631217,Moussa Diabaté,LAC,10,12,0.5,0.614,0.11399999999999999,-0.114
2023-24,1630296,Braxton Key,DEN,13,11,0.727,0.586,-0.14100000000000001,0.141
2023-24,1641851,Timmy Allen,MEM,5,11,0.909,0.625,-0.28400000000000003,0.284
2023-24,1630207,Nate Hinton,HOU,9,11,0.636,0.714,0.07799999999999996,-0.077
2023-24,1630554,Jason Preston,UTA,7,10,0.6,0.544,-0.05599999999999994,0.056
2023-24,1641753,Chris Livingston,MIL,12,10,0.5,0.614,0.11399999999999999,-0.114
2023-24,1631120,JD Davison,BOS,6,10,0.6,0.594,-0.006000000000000005,0.006
2023-24,1630547,James Bouknight,CHA,12,9,0.444,0.693,0.24899999999999994,-0.249
2023-24,1629010,Jerome Robinson,GSW,12,9,0.333,0.522,0.189,-0.189
2023-24,203933,T.J. Warren,MIN,9,9,0.889,0.637,-0.252,0.252
2023-24,1631131,Oscar Tshiebwe,IND,8,9,0.778,0.61,-0.16800000000000004,0.168
2023-24,1631257,Jermaine Samuels Jr.,HOU,10,9,0.444,0.581,0.13699999999999996,-0.137
2023-24,1631243,Mouhamed Gueye,ATL,4,9,0.778,0.653,-0.125,0.125
2023-24,1628424,Kobi Simmons,TOR,4,9,0.444,0.613,0.16899999999999998,-0.169
2023-24,1626246,Boban Marjanovic,HOU,13,8,0.25,0.583,0.33299999999999996,-0.333
2023-24,1641735,Amari Bailey,CHA,7,8,0.375,0.553,0.17800000000000005,-0.178
2023-24,1630643,Jay Huff,DEN,11,8,0.625,0.607,-0.018000000000000016,0.018
2023-24,1641771,Jalen Slawson,SAC,8,8,0.5,0.618,0.118,-0.118
2023-24,1641926,Dexter Dennis,DAL,3,7,0.857,0.638,-0.21899999999999997,0.219
2023-24,1630311,Pat Spencer,GSW,4,7,0.429,0.604,0.175,-0.176
2023-24,1641724,Jett Howard,ORL,10,7,0.857,0.61,-0.247,0.247
2023-24,1630561,David Duke Jr.,SAS,3,7,0.429,0.566,0.13699999999999996,-0.137
2023-24,1641757,Jordan Miller,LAC,6,7,0.714,0.648,-0.06599999999999995,0.066
2023-24,201949,James Johnson,IND,8,6,0.667,0.463,-0.20400000000000001,0.204
2023-24,1630600,Isaiah Mobley,CLE,8,6,0.833,0.573,-0.26,0.26
2023-24,1631111,Wendell Moore Jr.,MIN,15,6,0.667,0.571,-0.09600000000000009,0.096
2023-24,1630553,Keon Johnson,BKN,4,6,0.833,0.648,-0.18499999999999994,0.185
2023-24,1629308,Juan Toscano-Anderson,SAC,8,6,0.667,0.528,-0.139,0.138
2023-24,1641766,Adama Sanogo,CHI,5,6,0.667,0.611,-0.05600000000000005,0.056
2023-24,1641727,Dariq Whitehead,BKN,2,6,0.833,0.704,-0.129,0.13
2023-24,1627853,Ryan Arcidiacono,NYK,11,5,0.6,0.62,0.020000000000000018,-0.02
2023-24,1630222,Mason Jones,SAC,3,5,0.4,0.616,0.21599999999999997,-0.216
2023-24,1641749,Keyontae Johnson,OKC,7,5,0.8,0.553,-0.247,0.247
2023-24,1630535,Greg Brown III,DAL,4,5,0.6,0.523,-0.07699999999999996,0.077
2023-24,1641816,Hunter Tyson,DEN,11,5,0.8,0.603,-0.19700000000000006,0.197
2023-24,1631112,Kendall Brown,IND,6,5,0.4,0.512,0.11199999999999999,-0.112
2023-24,1631220,Dereon Seabron,NOP,6,5,0.4,0.656,0.256,-0.256
2023-24,1631102,TyTy Washington Jr.,MIL,5,5,0.4,0.628,0.22799999999999998,-0.228
2023-24,1629678,Admiral Schofield,ORL,15,4,0.75,0.613,-0.137,0.137
2023-24,1629610,DaQuan Jeffries,NYK,9,4,0.5,0.572,0.07199999999999995,-0.072
2023-24,1630586,Usman Garuba,GSW,6,4,0.5,0.536,0.03600000000000003,-0.036
2023-24,1631386,Taze Moore,POR,4,4,0.75,0.645,-0.10499999999999998,0.105
2023-24,1628391,D.J. Wilson,ORL,2,4,0.5,0.642,0.14200000000000002,-0.142
2023-24,1631245,Quenton Jackson,IND,3,4,0.5,0.475,-0.025000000000000022,0.025
2023-24,1628373,Frank Ntilikina,CHA,5,4,0.25,0.613,0.363,-0.363
2023-24,1629660,Ty Jerome,CLE,2,4,0.75,0.638,-0.11199999999999999,0.112
2023-24,1630564,RaiQuan Gray,SAS,3,4,0.25,0.572,0.32199999999999995,-0.322
2023-24,1630227,Daishen Nix,MIN,3,4,0.75,0.592,-0.15800000000000003,0.158
2023-24,1631210,Jacob Toppin,NYK,2,4,0.75,0.646,-0.10399999999999998,0.104
2023-24,1641793,D'Moi Hodge,LAL,3,3,0.667,0.59,-0.07700000000000007,0.076
2023-24,1629603,Mamadi Diakite,NYK,5,3,0.667,0.546,-0.121,0.121
2023-24,1641788,Alex Fudge,DAL,4,3,0.667,0.7,0.03299999999999992,-0.033
2023-24,1630563,Joshua Primo,LAC,2,3,0.667,0.566,-0.10100000000000009,0.101
2023-24,1630284,Kevon Harris,ORL,2,2,0.5,0.596,0.09599999999999997,-0.096
2023-24,201980,Danny Green,PHI,2,2,1.0,0.649,-0.351,0.351
2023-24,1641847,Andrew Funk,CHI,2,2,0.5,0.61,0.10999999999999999,-0.11
2023-24,1629718,Charlie Brown Jr.,NYK,3,2,1.0,0.688,-0.31200000000000006,0.313
2023-24,1630688,Ish Wainright,PHX,6,2,0.0,0.586,0.586,-0.586
2023-24,1631250,Pete Nance,CLE,3,2,0.5,0.572,0.07199999999999995,-0.072
2023-24,1630929,Henri Drell,CHI,1,2,0.5,0.61,0.10999999999999999,-0.11
2023-24,202738,Isaiah Thomas,PHX,4,2,0.5,0.584,0.08399999999999996,-0.084
2023-24,1627885,Shaquille Harrison,MEM,2,2,1.0,0.584,-0.41600000000000004,0.417
2023-24,1630604,E.J. Liddell,NOP,5,2,0.5,0.584,0.08399999999999996,-0.084
2023-24,1630196,Filip Petrusev,PHI,2,2,0.0,0.517,0.517,-0.517
2023-24,1629232,Kaiser Gates,NOP,1,2,0.5,0.622,0.122,-0.122
2023-24,1631167,Izaiah Brockington,NOP,1,2,0.5,0.642,0.14200000000000002,-0.142
2023-24,1630259,Jordan Ford,SAC,4,1,1.0,0.701,-0.29900000000000004,0.299
2023-24,1641745,Adam Flagler,OKC,2,1,1.0,0.833,-0.16700000000000004,0.167
2023-24,1628977,Hamidou Diallo,WAS,1,1,1.0,0.61,-0.39,0.39
2023-24,1641809,Drew Peterson,BOS,2,1,1.0,0.833,-0.16700000000000004,0.167
2024-25,1630578,Alperen Sengun,HOU,76,604,0.588,0.633,0.04500000000000004,-0.045
2024-25,1642259,Alex Sarr,WAS,67,583,0.619,0.646,0.027000000000000024,-0.026
2024-25,201572,Brook Lopez,MIL,80,568,0.586,0.64,0.05400000000000005,-0.054
2024-25,203999,Nikola Jokić,DEN,70,553,0.655,0.646,-0.009000000000000008,0.008
2024-25,202696,Nikola Vučević,CHI,73,532,0.639,0.649,0.010000000000000009,-0.01
2024-25,1628386,Jarrett Allen,CLE,81,521,0.564,0.638,0.07400000000000007,-0.073
2024-25,1626167,Myles Turner,IND,72,520,0.556,0.636,0.07999999999999996,-0.081
2024-25,1630596,Evan Mobley,CLE,71,504,0.544,0.63,0.08599999999999997,-0.086
2024-25,1627826,Ivica Zubac,LAC,80,500,0.55,0.637,0.08699999999999997,-0.087
2024-25,1642274,Yves Missi,NOP,73,489,0.638,0.643,0.0050000000000000044,-0.005
2024-25,1627734,Domantas Sabonis,SAC,70,478,0.609,0.641,0.03200000000000003,-0.032
2024-25,203497,Rudy Gobert,MIN,72,475,0.537,0.634,0.09699999999999998,-0.097
2024-25,1628404,Josh Hart,NYK,76,464,0.636,0.634,-0.0020000000000000018,0.002
2024-25,1626157,Karl-Anthony Towns,NYK,71,446,0.657,0.636,-0.02100000000000002,0.021
2024-25,1630700,Dyson Daniels,ATL,76,442,0.609,0.627,0.018000000000000016,-0.018
2024-25,1631117,Walker Kessler,UTA,58,438,0.537,0.641,0.10399999999999998,-0.104
2024-25,1630559,Austin Reaves,LAL,73,427,0.66,0.621,-0.039000000000000035,0.04
2024-25,1627783,Pascal Siakam,IND,78,418,0.591,0.629,0.038000000000000034,-0.039
2024-25,1631105,Jalen Duren,DET,78,402,0.629,0.642,0.013000000000000012,-0.013
2024-25,1627751,Jakob Poeltl,TOR,57,400,0.588,0.644,0.05600000000000005,-0.056
2024-25,1630581,Josh Giddey,CHI,70,399,0.622,0.626,0.0040000000000000036,-0.004
2024-25,201935,James Harden,LAC,79,399,0.657,0.628,-0.029000000000000026,0.029
2024-25,1630183,Jaden McDaniels,MIN,82,397,0.582,0.625,0.04300000000000004,-0.043
2024-25,1630169,Tyrese Haliburton,IND,73,396,0.596,0.614,0.018000000000000016,-0.018
2024-25,1628969,Mikal Bridges,NYK,80,394,0.609,0.617,0.008000000000000007,-0.007
2024-25,1630168,Onyeka Okongwu,ATL,74,394,0.652,0.649,-0.0030000000000000027,0.004
2024-25,1628401,Derrick White,BOS,76,393,0.583,0.619,0.03600000000000003,-0.037
2024-25,1630567,Scottie Barnes,TOR,65,390,0.562,0.628,0.06599999999999995,-0.066
2024-25,1627750,Jamal Murray,DEN,67,390,0.667,0.629,-0.038000000000000034,0.038
2024-25,1628415,Dillon Brooks,HOU,75,386,0.588,0.63,0.04200000000000004,-0.042
2024-25,1641739,Toumani Camara,POR,78,384,0.641,0.635,-0.006000000000000005,0.006
2024-25,1629651,Nic Claxton,BKN,70,380,0.597,0.642,0.04500000000000004,-0.045
2024-25,1631099,Keegan Murray,SAC,76,379,0.536,0.627,0.09099999999999997,-0.091
2024-25,1629675,Naz Reid,MIN,80,375,0.587,0.633,0.04600000000000004,-0.046
2024-25,1627824,Guerschon Yabusele,PHI,70,372,0.64,0.636,-0.0040000000000000036,0.004
2024-25,1630595,Cade Cunningham,DET,70,368,0.563,0.631,0.06800000000000006,-0.069
2024-25,1629639,Tyler Herro,MIA,77,367,0.61,0.619,0.009000000000000008,-0.009
2024-25,1630224,Jalen Green,HOU,82,365,0.616,0.623,0.007000000000000006,-0.007
2024-25,1629655,Daniel Gafford,DAL,57,364,0.486,0.629,0.14300000000000002,-0.143
2024-25,1642271,Kyle Filipowski,UTA,72,363,0.672,0.631,-0.041000000000000036,0.041
2024-25,1630208,Nick Richards,PHX,57,362,0.602,0.638,0.03600000000000003,-0.036
2024-25,1641705,Victor Wembanyama,SAS,46,362,0.508,0.642,0.134,-0.133
2024-25,1628389,Bam Adebayo,MIA,78,358,0.668,0.643,-0.025000000000000022,0.024
2024-25,1628983,Shai Gilgeous-Alexander,OKC,76,355,0.603,0.627,0.02400000000000002,-0.025
2024-25,1630577,Julian Champagnie,SAS,82,348,0.618,0.622,0.0040000000000000036,-0.004
2024-25,1626164,Devin Booker,PHX,75,347,0.62,0.628,0.008000000000000007,-0.009
2024-25,1631108,Max Christie,DAL,77,346,0.621,0.623,0.0020000000000000018,-0.002
2024-25,1628991,Jaren Jackson Jr.,MEM,73,346,0.497,0.635,0.138,-0.138
2024-25,1626162,Kelly Oubre Jr.,PHI,60,344,0.625,0.635,0.010000000000000009,-0.01
2024-25,1631165,Keon Ellis,SAC,79,343,0.671,0.624,-0.04700000000000004,0.046
2024-25,1629008,Michael Porter Jr.,DEN,77,340,0.635,0.635,0.0,0.0
2024-25,1631097,Bennedict Mathurin,IND,72,339,0.673,0.617,-0.05600000000000005,0.055
2024-25,1630166,Deni Avdija,POR,72,335,0.624,0.637,0.013000000000000012,-0.013
2024-25,1629023,P.J. Washington,DAL,57,334,0.611,0.634,0.02300000000000002,-0.023
2024-25,1630162,Anthony Edwards,MIN,79,333,0.616,0.625,0.009000000000000008,-0.009
2024-25,203076,Anthony Davis,DAL,51,332,0.521,0.644,0.123,-0.123
2024-25,1642276,Kel'el Ware,MIA,63,330,0.624,0.64,0.016000000000000014,-0.015
2024-25,1629638,Nickeil Alexander-Walker,MIN,82,328,0.61,0.615,0.0050000000000000044,-0.006
2024-25,1641744,Zach Edey,MEM,65,325,0.575,0.636,0.061000000000000054,-0.06
2024-25,1641824,Matas Buzelis,CHI,77,323,0.539,0.625,0.08599999999999997,-0.086
2024-25,202685,Jonas Valančiūnas,SAC,81,323,0.697,0.656,-0.040999999999999925,0.041
2024-25,201942,DeMar DeRozan,SAC,77,322,0.621,0.633,0.01200000000000001,-0.012
2024-25,101108,Chris Paul,SAS,82,320,0.622,0.63,0.008000000000000007,-0.008
2024-25,1642264,Stephon Castle,SAS,81,319,0.649,0.628,-0.02100000000000002,0.021
2024-25,1642273,Kyshawn George,WAS,67,319,0.564,0.632,0.06800000000000006,-0.067
2024-25,1642258,Zaccharie Risacher,ATL,75,318,0.613,0.63,0.017000000000000015,-0.016
2024-25,1628436,Luke Kornet,BOS,71,317,0.505,0.623,0.118,-0.118
2024-25,203110,Draymond Green,GSW,68,316,0.544,0.633,0.08899999999999997,-0.088
2024-25,1630530,Trey Murphy III,NOP,52,312,0.673,0.632,-0.041000000000000036,0.041
2024-25,202699,Tobias Harris,DET,73,307,0.612,0.631,0.019000000000000017,-0.018
2024-25,1642270,Donovan Clingan,POR,67,307,0.508,0.636,0.128,-0.128
2024-25,1628392,Isaiah Hartenstein,OKC,57,306,0.592,0.634,0.04200000000000004,-0.043
2024-25,1630583,Santi Aldama,MEM,64,306,0.598,0.635,0.03700000000000003,-0.037
2024-25,1628384,OG Anunoby,NYK,73,306,0.621,0.628,0.007000000000000006,-0.007
2024-25,1629014,Anfernee Simons,POR,70,303,0.64,0.63,-0.010000000000000009,0.01
2024-25,203944,Julius Randle,MIN,69,303,0.594,0.633,0.039000000000000035,-0.039
2024-25,203897,Zach LaVine,SAC,74,302,0.699,0.629,-0.06999999999999995,0.069
2024-25,1629632,Coby White,CHI,74,301,0.681,0.62,-0.061000000000000054,0.061
2024-25,1631114,Jalen Williams,OKC,69,301,0.515,0.623,0.10799999999999998,-0.108
2024-25,1628369,Jayson Tatum,BOS,72,300,0.633,0.639,0.006000000000000005,-0.006
2024-25,1628973,Jalen Brunson,NYK,64,300,0.653,0.617,-0.03600000000000003,0.036
2024-25,203486,Mason Plumlee,PHX,74,300,0.623,0.643,0.020000000000000018,-0.02
2024-25,1631128,Christian Braun,DEN,79,298,0.584,0.626,0.04200000000000004,-0.042
2024-25,1631101,Shaedon Sharpe,POR,72,298,0.641,0.626,-0.015000000000000013,0.015
2024-25,1627741,Buddy Hield,GSW,82,298,0.621,0.628,0.007000000000000006,-0.007
2024-25,1628976,Wendell Carter Jr.,ORL,68,298,0.564,0.637,0.07300000000000006,-0.073
2024-25,1641718,Keyonte George,UTA,67,298,0.691,0.628,-0.06299999999999994,0.063
2024-25,203471,Dennis Schröder,DET,75,294,0.619,0.624,0.0050000000000000044,-0.005
2024-25,1629640,Keldon Johnson,SAS,77,294,0.605,0.632,0.027000000000000024,-0.027
2024-25,1630598,Aaron Wiggins,OKC,76,291,0.656,0.62,-0.03600000000000003,0.037
2024-25,1630553,Keon Johnson,BKN,78,291,0.68,0.619,-0.061000000000000054,0.062
2024-25,1627752,Taurean Prince,MIL,80,290,0.624,0.626,0.0020000000000000018,-0.002
2024-25,1631212,Peyton Watson,DEN,68,290,0.559,0.629,0.06999999999999995,-0.07
2024-25,1630191,Isaiah Stewart,DET,72,290,0.524,0.633,0.10899999999999999,-0.109
2024-25,1629027,Trae Young,ATL,76,289,0.661,0.619,-0.04200000000000004,0.042
2024-25,1629048,Goga Bitadze,ORL,69,289,0.609,0.642,0.03300000000000003,-0.033
2024-25,203507,Giannis Antetokounmpo,MIL,67,288,0.569,0.643,0.07400000000000007,-0.074
2024-25,1642267,Bub Carrington,WAS,82,284,0.644,0.627,-0.017000000000000015,0.017
2024-25,1630170,Devin Vassell,SAS,64,283,0.59,0.631,0.041000000000000036,-0.041
2024-25,1629656,Quentin Grimes,PHI,75,282,0.613,0.62,0.007000000000000006,-0.006
2024-25,1627832,Fred VanVleet,HOU,60,280,0.6,0.621,0.02100000000000002,-0.021
2024-25,1626156,D'Angelo Russell,BKN,58,278,0.637,0.622,-0.015000000000000013,0.015
2024-25,203084,Harrison Barnes,SAS,82,277,0.646,0.634,-0.01200000000000001,0.012
2024-25,1630230,Naji Marshall,DAL,69,276,0.623,0.621,-0.0020000000000000018,0.003
2024-25,1631217,Moussa Diabaté,CHA,68,276,0.609,0.635,0.026000000000000023,-0.026
2024-25,1631109,Mark Williams,CHA,44,275,0.655,0.651,-0.0040000000000000036,0.003
2024-25,1626220,Royce O'Neale,PHX,75,275,0.633,0.632,-0.0010000000000000009,0.0
2024-25,1629312,Haywood Highsmith,MIA,74,273,0.612,0.618,0.006000000000000005,-0.006
2024-25,1627827,Dorian Finney-Smith,LAL,63,270,0.596,0.634,0.038000000000000034,-0.038
2024-25,1629636,Darius Garland,CLE,75,270,0.615,0.625,0.010000000000000009,-0.011
2024-25,1642367,Jonathan Mogbo,TOR,62,270,0.626,0.623,-0.0030000000000000027,0.003
2024-25,1631110,Jeremy Sochan,SAS,54,269,0.587,0.622,0.03500000000000003,-0.035
2024-25,1630703,Scoot Henderson,POR,66,268,0.66,0.624,-0.03600000000000003,0.037
2024-25,203915,Spencer Dinwiddie,DAL,78,267,0.614,0.62,0.006000000000000005,-0.005
2024-25,1628368,De'Aaron Fox,SAS,62,266,0.673,0.625,-0.04800000000000004,0.048
2024-25,201950,Jrue Holiday,BOS,62,266,0.613,0.634,0.02100000000000002,-0.021
2024-25,1631095,Jabari Smith Jr.,HOU,57,265,0.574,0.623,0.049000000000000044,-0.049
2024-25,1629029,Luka Dončić,LAL,50,264,0.602,0.632,0.030000000000000027,-0.03
2024-25,1641731,Bilal Coulibaly,WAS,59,263,0.597,0.628,0.031000000000000028,-0.032
2024-25,203952,Andrew Wiggins,MIA,60,262,0.584,0.632,0.04800000000000004,-0.048
2024-25,1627777,Georges Niang,ATL,79,262,0.626,0.624,-0.0020000000000000018,0.002
2024-25,1628970,Miles Bridges,CHA,64,262,0.565,0.637,0.07200000000000006,-0.072
2024-25,1629614,Andrew Nembhard,IND,65,261,0.609,0.619,0.010000000000000009,-0.01
2024-25,1641717,Cason Wallace,OKC,68,260,0.588,0.623,0.03500000000000003,-0.034
2024-25,1641708,Amen Thompson,HOU,69,259,0.529,0.624,0.09499999999999997,-0.096
2024-25,1642377,Jaylen Wells,MEM,78,258,0.605,0.626,0.02100000000000002,-0.022
2024-25,201143,Al Horford,BOS,60,258,0.597,0.638,0.041000000000000036,-0.041
2024-25,1628370,Malik Monk,SAC,65,257,0.619,0.628,0.009000000000000008,-0.009
2024-25,204001,Kristaps Porziņģis,BOS,42,257,0.479,0.631,0.15200000000000002,-0.153
2024-25,1641710,Anthony Black,ORL,78,251,0.689,0.62,-0.06899999999999995,0.07
2024-25,1629628,RJ Barrett,TOR,58,248,0.597,0.63,0.03300000000000003,-0.033
2024-25,1630172,Patrick Williams,CHI,63,247,0.692,0.635,-0.05699999999999994,0.057
2024-25,1630592,Jalen Wilson,BKN,79,247,0.652,0.63,-0.02200000000000002,0.022
2024-25,1628989,Kevin Huerter,CHI,69,246,0.602,0.627,0.025000000000000022,-0.026
2024-25,1630217,Desmond Bane,ORL,68,246,0.561,0.623,0.061999999999999944,-0.062
2024-25,1641764,Brandin Podziemski,GSW,63,244,0.639,0.621,-0.018000000000000016,0.018
2024-25,1630534,Ochai Agbaji,TOR,64,244,0.598,0.628,0.030000000000000027,-0.03
2024-25,1627759,Jaylen Brown,BOS,63,243,0.642,0.634,-0.008000000000000007,0.008
2024-25,1630558,Davion Mitchell,MIA,73,242,0.64,0.628,-0.01200000000000001,0.013
2024-25,2544,LeBron James,LAL,70,241,0.647,0.628,-0.019000000000000017,0.019
2024-25,1628418,Thomas Bryant,IND,65,240,0.567,0.629,0.062000000000000055,-0.062
2024-25,1630533,Ziaire Williams,BKN,63,238,0.647,0.623,-0.02400000000000002,0.024
2024-25,1629661,Cameron Johnson,BKN,57,238,0.63,0.645,0.015000000000000013,-0.014
2024-25,203484,Kentavious Caldwell-Pope,MEM,77,236,0.614,0.626,0.01200000000000001,-0.011
2024-25,1626172,Kevon Looney,GSW,76,236,0.513,0.623,0.10999999999999999,-0.111
2024-25,1629060,Rui Hachimura,LAL,59,235,0.617,0.63,0.013000000000000012,-0.013
2024-25,1626168,Trey Lyles,SAC,68,234,0.658,0.632,-0.026000000000000023,0.027
2024-25,1631260,AJ Green,MIL,72,234,0.637,0.617,-0.020000000000000018,0.02
2024-25,1630551,Justin Champagnie,WAS,58,234,0.534,0.63,0.09599999999999997,-0.096
2024-25,1641722,Jordan Hawkins,NOP,55,234,0.641,0.626,-0.015000000000000013,0.015
2024-25,1630173,Precious Achiuwa,NYK,56,233,0.635,0.628,-0.007000000000000006,0.007
2024-25,1626145,Tyus Jones,PHX,81,233,0.712,0.622,-0.08999999999999997,0.09
2024-25,1626171,Bobby Portis,MIL,49,231,0.61,0.631,0.02100000000000002,-0.02
2024-25,1630643,Jay Huff,MEM,60,231,0.545,0.628,0.08299999999999996,-0.082
2024-25,1629652,Luguentz Dort,OKC,71,230,0.565,0.628,0.06300000000000006,-0.063
2024-25,1631094,Paolo Banchero,ORL,46,230,0.591,0.634,0.04300000000000004,-0.042
2024-25,1631222,Jake LaRavia,SAC,66,229,0.664,0.62,-0.04400000000000004,0.043
2024-25,1630202,Payton Pritchard,BOS,80,229,0.603,0.617,0.014000000000000012,-0.015
2024-25,1630552,Jalen Johnson,ATL,36,228,0.561,0.631,0.06999999999999995,-0.069
2024-25,1627736,Malik Beasley,DET,82,228,0.61,0.623,0.013000000000000012,-0.013
2024-25,1628380,Zach Collins,CHI,63,228,0.566,0.637,0.07100000000000006,-0.071
2024-25,203468,CJ McCollum,NOP,56,227,0.674,0.631,-0.04300000000000004,0.043
2024-25,203501,Tim Hardaway Jr.,DET,76,227,0.634,0.631,-0.0030000000000000027,0.003
2024-25,201142,Kevin Durant,PHX,62,225,0.56,0.628,0.06799999999999995,-0.068
2024-25,1641730,Noah Clowney,BKN,46,225,0.564,0.642,0.07800000000000007,-0.078
2024-25,1641726,Dereck Lively II,DAL,36,225,0.556,0.634,0.07799999999999996,-0.078
2024-25,203078,Bradley Beal,PHX,53,223,0.659,0.623,-0.03600000000000003,0.036
2024-25,1631096,Chet Holmgren,OKC,32,222,0.45,0.632,0.182,-0.181
2024-25,1630167,Obi Toppin,IND,79,221,0.67,0.638,-0.03200000000000003,0.032
2024-25,1630541,Moses Moody,GSW,74,221,0.629,0.625,-0.0040000000000000036,0.004
2024-25,1629645,Kevin Porter Jr.,MIL,75,221,0.665,0.624,-0.041000000000000036,0.042
2024-25,1627747,Caris LeVert,ATL,64,220,0.618,0.623,0.0050000000000000044,-0.005
2024-25,1629673,Jordan Poole,WAS,68,219,0.694,0.634,-0.05999999999999994,0.06
2024-25,203991,Clint Capela,ATL,55,218,0.541,0.646,0.10499999999999998,-0.104
2024-25,1629631,De'Andre Hunter,CLE,64,218,0.583,0.63,0.04700000000000004,-0.048
2024-25,203932,Aaron Gordon,DEN,51,217,0.654,0.626,-0.028000000000000025,0.028
2024-25,202691,Klay Thompson,DAL,72,216,0.579,0.623,0.04400000000000004,-0.045
2024-25,1642268,Isaiah Collier,UTA,71,216,0.694,0.623,-0.07099999999999995,0.071
2024-25,1627884,Derrick Jones Jr.,LAC,77,215,0.707,0.634,-0.07299999999999995,0.073
2024-25,203081,Damian Lillard,MIL,58,215,0.623,0.621,-0.0020000000000000018,0.002
2024-25,1642346,Ryan Dunn,PHX,72,214,0.584,0.627,0.04300000000000004,-0.043
2024-25,1630548,Johnny Juzang,UTA,64,213,0.643,0.633,-0.010000000000000009,0.01
2024-25,1630178,Tyrese Maxey,PHI,52,212,0.651,0.627,-0.02400000000000002,0.024
2024-25,1628978,Donte DiVincenzo,MIN,62,211,0.611,0.62,0.009000000000000008,-0.009
2024-25,1629634,Brandon Clarke,MEM,63,211,0.521,0.627,0.10599999999999998,-0.106
2024-25,1630532,Franz Wagner,ORL,60,211,0.645,0.633,-0.01200000000000001,0.011
2024-25,1630540,Miles McBride,NYK,63,210,0.586,0.615,0.029000000000000026,-0.029
2024-25,1630590,Scotty Pippen Jr.,MEM,77,210,0.614,0.617,0.0030000000000000027,-0.003
2024-25,1641737,Adem Bona,PHI,51,209,0.579,0.636,0.05700000000000005,-0.057
2024-25,1629674,Neemias Queta,BOS,58,209,0.56,0.619,0.05899999999999994,-0.059
2024-25,1642345,Oso Ighodaro,PHX,57,209,0.603,0.63,0.027000000000000024,-0.027
2024-25,201939,Stephen Curry,GSW,70,209,0.584,0.634,0.050000000000000044,-0.05
2024-25,1628997,Caleb Martin,DAL,45,209,0.67,0.619,-0.051000000000000045,0.051
2024-25,201587,Nicolas Batum,LAC,78,208,0.563,0.635,0.07200000000000006,-0.072
2024-25,1641783,Tristan da Silva,ORL,74,208,0.553,0.633,0.07999999999999996,-0.08
2024-25,1630573,Sam Hauser,BOS,70,207,0.623,0.615,-0.008000000000000007,0.008
2024-25,1641711,Gradey Dick,TOR,54,206,0.665,0.634,-0.031000000000000028,0.031
2024-25,1629637,Jaxson Hayes,LAL,56,206,0.534,0.628,0.09399999999999997,-0.094
2024-25,1631106,Tari Eason,HOU,57,205,0.605,0.635,0.030000000000000027,-0.031
2024-25,1628398,Kyle Kuzma,MIL,65,204,0.627,0.631,0.0040000000000000036,-0.004
2024-25,201566,Russell Westbrook,DEN,75,204,0.686,0.625,-0.061000000000000054,0.061
2024-25,1629018,Gary Trent Jr.,MIL,73,204,0.691,0.622,-0.06899999999999995,0.069
2024-25,202681,Kyrie Irving,DAL,50,202,0.639,0.624,-0.015000000000000013,0.014
2024-25,201144,Mike Conley,MIN,71,202,0.609,0.623,0.014000000000000012,-0.014
2024-25,1629130,Duncan Robinson,MIA,74,201,0.711,0.625,-0.08599999999999997,0.086
2024-25,1641729,Brice Sensabaugh,UTA,70,201,0.652,0.629,-0.02300000000000002,0.023
2024-25,203994,Jusuf Nurkić,CHA,51,200,0.55,0.647,0.09699999999999998,-0.097
2024-25,202710,Jimmy Butler III,GSW,55,200,0.65,0.627,-0.02300000000000002,0.023
2024-25,1631115,Orlando Robinson,TOR,43,200,0.6,0.626,0.026000000000000023,-0.026
2024-25,1629611,Terance Mann,ATL,67,198,0.621,0.622,0.0010000000000000009,-0.001
2024-25,1642261,Dalton Knecht,LAL,75,198,0.646,0.636,-0.010000000000000009,0.01
2024-25,1630198,Isaiah Joe,OKC,74,197,0.645,0.624,-0.02100000000000002,0.021
2024-25,1631218,Trayce Jackson-Davis,GSW,59,196,0.607,0.633,0.026000000000000023,-0.026
2024-25,1631170,Jaime Jaquez Jr.,MIA,65,195,0.564,0.632,0.06800000000000006,-0.068
2024-25,1642275,Tidjane Salaün,CHA,59,195,0.636,0.617,-0.019000000000000017,0.019
2024-25,1629731,Dean Wade,CLE,59,195,0.585,0.63,0.04500000000000004,-0.045
2024-25,1630188,Jalen Smith,CHI,63,194,0.572,0.634,0.062000000000000055,-0.062
2024-25,1642348,Justin Edwards,PHI,44,193,0.668,0.624,-0.04400000000000004,0.044
2024-25,1631107,Nikola Jović,MIA,46,192,0.604,0.622,0.018000000000000016,-0.018
2024-25,1628374,Lauri Markkanen,UTA,47,192,0.615,0.633,0.018000000000000016,-0.018
2024-25,1629750,Javonte Green,CLE,67,191,0.597,0.628,0.031000000000000028,-0.031
2024-25,1642266,Ja'Kobe Walter,TOR,52,191,0.649,0.622,-0.027000000000000024,0.028
2024-25,1627749,Dejounte Murray,NOP,31,190,0.658,0.628,-0.030000000000000027,0.03
2024-25,1626179,Terry Rozier,MIA,63,189,0.63,0.627,-0.0030000000000000027,0.003
2024-25,1630526,Jeremiah Robinson-Earl,NOP,65,189,0.619,0.629,0.010000000000000009,-0.01
2024-25,1628378,Donovan Mitchell,CLE,71,189,0.587,0.632,0.04500000000000004,-0.045
2024-25,202331,Paul George,PHI,41,188,0.617,0.632,0.015000000000000013,-0.015
2024-25,1629630,Ja Morant,MEM,49,187,0.636,0.626,-0.010000000000000009,0.01
2024-25,1628998,Cody Martin,PHX,53,187,0.61,0.632,0.02200000000000002,-0.022
2024-25,1628960,Grayson Allen,PHX,64,186,0.613,0.624,0.01100000000000001,-0.011
2024-25,1629622,Max Strus,CLE,50,185,0.643,0.627,-0.016000000000000014,0.016
2024-25,1642347,Jamal Shead,TOR,75,184,0.663,0.611,-0.052000000000000046,0.052
2024-25,1631213,Tyrese Martin,BKN,57,183,0.607,0.625,0.018000000000000016,-0.018
2024-25,1628371,Jonathan Isaac,ORL,71,181,0.519,0.635,0.11599999999999999,-0.116
2024-25,203992,Bogdan Bogdanović,LAC,54,181,0.575,0.629,0.05400000000000005,-0.055
2024-25,203482,Kelly Olynyk,NOP,44,180,0.594,0.628,0.03400000000000003,-0.034
2024-25,1630557,Corey Kispert,WAS,61,180,0.633,0.623,-0.010000000000000009,0.01
2024-25,1630549,Day'Ron Sharpe,BKN,50,180,0.572,0.631,0.05900000000000005,-0.058
2024-25,1630182,Josh Green,CHA,68,180,0.661,0.628,-0.03300000000000003,0.034
2024-25,1641709,Ausar Thompson,DET,59,178,0.539,0.633,0.09399999999999997,-0.094
2024-25,1628381,John Collins,UTA,40,178,0.629,0.632,0.0030000000000000027,-0.003
2024-25,203924,Jerami Grant,POR,47,177,0.548,0.625,0.07699999999999996,-0.077
2024-25,1629028,Deandre Ayton,POR,40,177,0.593,0.649,0.05600000000000005,-0.056
2024-25,1630175,Cole Anthony,MEM,67,176,0.591,0.627,0.03600000000000003,-0.036
2024-25,204456,T.J. McConnell,IND,79,176,0.625,0.602,-0.02300000000000002,0.023
2024-25,1629216,Gabe Vincent,LAL,72,176,0.642,0.626,-0.016000000000000014,0.016
2024-25,1627739,Kris Dunn,LAC,74,175,0.634,0.631,-0.0030000000000000027,0.003
2024-25,1630245,Ayo Dosunmu,CHI,46,173,0.642,0.616,-0.026000000000000023,0.026
2024-25,1628379,Luke Kennard,MEM,64,172,0.576,0.623,0.04700000000000004,-0.047
2024-25,1629599,Amir Coffey,LAC,72,172,0.645,0.629,-0.016000000000000014,0.017
2024-25,1629234,Drew Eubanks,LAC,60,172,0.576,0.638,0.062000000000000055,-0.062
2024-25,1631200,Kris Murray,POR,61,169,0.521,0.623,0.10199999999999998,-0.103
2024-25,1631255,Karlo Matković,NOP,42,168,0.613,0.635,0.02200000000000002,-0.022
2024-25,1627936,Alex Caruso,OKC,54,167,0.497,0.626,0.129,-0.129
2024-25,1641733,Nick Smith Jr.,CHA,57,166,0.681,0.628,-0.05300000000000005,0.053
2024-25,1629012,Collin Sexton,UTA,63,165,0.673,0.636,-0.03700000000000003,0.037
2024-25,1629660,Ty Jerome,CLE,70,165,0.655,0.621,-0.03400000000000003,0.033
2024-25,1630163,LaMelo Ball,CHA,47,162,0.66,0.62,-0.040000000000000036,0.04
2024-25,1630249,Vít Krejčí,ATL,55,161,0.584,0.616,0.03200000000000003,-0.032
2024-25,1631323,Simone Fontecchio,DET,75,160,0.644,0.62,-0.02400000000000002,0.024
2024-25,1630625,Dalano Banton,POR,65,160,0.613,0.625,0.01200000000000001,-0.012
2024-25,1630527,Brandon Boston,NOP,42,158,0.684,0.621,-0.06300000000000006,0.062
2024-25,1630241,Sam Merrill,CLE,71,158,0.576,0.619,0.04300000000000004,-0.043
2024-25,1641716,Jarace Walker,IND,70,155,0.755,0.615,-0.14,0.14
2024-25,1641763,Julian Phillips,CHI,76,154,0.643,0.64,-0.0030000000000000027,0.003
2024-25,203937,Kyle Anderson,MIA,58,154,0.63,0.637,0.007000000000000006,-0.007
2024-25,1641741,Ricky Council IV,PHI,64,153,0.614,0.62,0.006000000000000005,-0.006
2024-25,1626181,Norman Powell,LAC,60,152,0.717,0.624,-0.09299999999999997,0.093
2024-25,1630570,Trendon Watford,BKN,43,152,0.599,0.629,0.030000000000000027,-0.03
2024-25,1641842,Ronald Holland II,DET,81,152,0.651,0.619,-0.03200000000000003,0.032
2024-25,1630556,Kessler Edwards,DAL,34,151,0.556,0.629,0.07299999999999995,-0.072
2024-25,1630695,Micah Potter,UTA,38,151,0.583,0.635,0.052000000000000046,-0.053
2024-25,1631119,Jaylin Williams,OKC,47,150,0.607,0.628,0.02100000000000002,-0.021
2024-25,1642354,KJ Simpson,CHA,36,150,0.66,0.624,-0.03600000000000003,0.036
2024-25,1642262,Cody Williams,UTA,50,148,0.615,0.621,0.006000000000000005,-0.006
2024-25,1642419,Jamison Battle,TOR,55,148,0.588,0.616,0.028000000000000025,-0.028
2024-25,1642366,Quinten Post,GSW,40,148,0.574,0.631,0.05700000000000005,-0.057
2024-25,1630174,Aaron Nesmith,IND,45,148,0.5,0.613,0.11299999999999999,-0.113
2024-25,1641774,Tristan Vukcevic,WAS,31,148,0.635,0.618,-0.017000000000000015,0.017
2024-25,1630591,Jalen Suggs,ORL,35,147,0.633,0.628,-0.0050000000000000044,0.005
2024-25,1627732,Ben Simmons,LAC,51,146,0.651,0.641,-0.010000000000000009,0.009
2024-25,1630631,Jose Alvarado,NOP,56,144,0.639,0.631,-0.008000000000000007,0.008
2024-25,203083,Andre Drummond,PHI,39,143,0.699,0.638,-0.06099999999999994,0.061
2024-25,1642263,Reed Sheppard,HOU,49,143,0.608,0.613,0.0050000000000000044,-0.004
2024-25,1630572,Sandro Mamukelashvili,SAS,57,142,0.648,0.625,-0.02300000000000002,0.022
2024-25,203903,Jordan Clarkson,UTA,37,141,0.631,0.642,0.01100000000000001,-0.011
2024-25,1641767,Ben Sheppard,IND,62,140,0.593,0.619,0.026000000000000023,-0.026
2024-25,1630215,Jared Butler,PHI,58,140,0.55,0.627,0.07699999999999996,-0.077
2024-25,203500,Steven Adams,HOU,56,140,0.6,0.644,0.04400000000000004,-0.044
2024-25,1630192,Zeke Nnaji,DEN,49,139,0.511,0.62,0.10899999999999999,-0.11
2024-25,1641706,Brandon Miller,CHA,27,139,0.547,0.632,0.08499999999999996,-0.085
2024-25,1631124,Julian Strawther,DEN,64,139,0.619,0.623,0.0040000000000000036,-0.004
2024-25,1630611,Gui Santos,GSW,55,131,0.534,0.614,0.07999999999999996,-0.08
2024-25,1641748,Andre Jackson Jr.,MIL,61,131,0.595,0.62,0.025000000000000022,-0.025
2024-25,1628449,Chris Boucher,TOR,50,129,0.62,0.63,0.010000000000000009,-0.01
2024-25,1627780,Gary Payton II,GSW,61,129,0.574,0.613,0.039000000000000035,-0.04
2024-25,1631133,Jabari Walker,POR,51,129,0.597,0.623,0.026000000000000023,-0.026
2024-25,202695,Kawhi Leonard,LAC,37,128,0.633,0.633,0.0,0.0
2024-25,1626166,Cameron Payne,NYK,71,128,0.602,0.617,0.015000000000000013,-0.016
2024-25,1629111,Jock Landale,HOU,40,127,0.63,0.623,-0.007000000000000006,0.007
2024-25,1628971,Bruce Brown,NOP,41,127,0.638,0.63,-0.008000000000000007,0.008
2024-25,1628988,Aaron Holiday,HOU,58,125,0.56,0.606,0.04599999999999993,-0.046
2024-25,203939,Dwight Powell,DAL,46,124,0.613,0.632,0.019000000000000017,-0.019
2024-25,1630560,Cam Thomas,BKN,25,123,0.699,0.637,-0.061999999999999944,0.063
2024-25,1631207,Dalen Terry,CHI,72,122,0.525,0.619,0.09399999999999997,-0.094
2024-25,1629026,Kenrich Williams,OKC,69,121,0.603,0.622,0.019000000000000017,-0.019
2024-25,1628467,Maxi Kleber,LAL,34,120,0.642,0.629,-0.013000000000000012,0.013
2024-25,1630539,Kai Jones,DAL,36,119,0.588,0.634,0.04600000000000004,-0.046
2024-25,1630322,Lindy Waters III,DET,48,118,0.644,0.624,-0.020000000000000018,0.02
2024-25,202687,Bismack Biyombo,SAS,27,118,0.576,0.645,0.06900000000000006,-0.069
2024-25,1630228,Jonathan Kuminga,GSW,47,116,0.603,0.64,0.03700000000000003,-0.036
2024-25,1631093,Jaden Ivey,DET,30,115,0.548,0.623,0.07499999999999996,-0.076
2024-25,1629610,DaQuan Jeffries,CHA,46,115,0.609,0.641,0.03200000000000003,-0.032
2024-25,1641796,Pelle Larsson,MIA,49,114,0.719,0.618,-0.10099999999999998,0.101
2024-25,1629004,Svi Mykhailiuk,UTA,37,114,0.667,0.629,-0.038000000000000034,0.038
2024-25,203954,Joel Embiid,PHI,19,111,0.604,0.636,0.03200000000000003,-0.032
2024-25,203114,Khris Middleton,WAS,37,110,0.609,0.616,0.007000000000000006,-0.007
2024-25,1630702,Jaden Hardy,DAL,54,110,0.591,0.618,0.027000000000000024,-0.027
2024-25,1628464,Daniel Theis,NOP,38,110,0.6,0.632,0.03200000000000003,-0.032
2024-25,1630200,Tre Jones,CHI,46,108,0.676,0.62,-0.05600000000000005,0.056
2024-25,1630193,Immanuel Quickley,TOR,33,108,0.639,0.624,-0.015000000000000013,0.015
2024-25,1630194,Paul Reed,DET,44,107,0.523,0.636,0.11299999999999999,-0.112
2024-25,1626153,Delon Wright,NYK,37,107,0.589,0.609,0.020000000000000018,-0.02
2024-25,1628366,Lonzo Ball,CHI,35,107,0.626,0.63,0.0040000000000000036,-0.004
2024-25,1641765,Olivier-Maxence Prosper,DAL,48,105,0.581,0.629,0.04800000000000004,-0.048
2024-25,1630171,Isaac Okoro,CLE,54,104,0.538,0.624,0.08599999999999997,-0.085
2024-25,1630579,Jericho Sims,MIL,47,104,0.51,0.625,0.11499999999999999,-0.115
2024-25,1629684,Grant Williams,CHA,16,104,0.654,0.627,-0.027000000000000024,0.027
2024-25,1626158,Richaun Holmes,WAS,30,104,0.529,0.633,0.10399999999999998,-0.104
2024-25,1630231,KJ Martin,UTA,41,103,0.573,0.632,0.05900000000000005,-0.059
2024-25,1642272,Jared McCain,PHI,23,102,0.686,0.634,-0.052000000000000046,0.053
2024-25,1642358,AJ Johnson,WAS,26,102,0.667,0.609,-0.05800000000000005,0.058
2024-25,1629020,Jarred Vanderbilt,LAL,35,102,0.608,0.626,0.018000000000000016,-0.018
2024-25,201599,DeAndre Jordan,DEN,53,101,0.574,0.626,0.052000000000000046,-0.052
2024-25,1629723,John Konchar,MEM,41,99,0.586,0.621,0.03500000000000003,-0.036
2024-25,202692,Alec Burks,MIA,49,99,0.616,0.619,0.0030000000000000027,-0.003
2024-25,1631204,Marcus Sasser,DET,54,99,0.586,0.608,0.02200000000000002,-0.023
2024-25,1629627,Zion Williamson,NOP,30,98,0.571,0.626,0.05500000000000005,-0.055
2024-25,1629646,Charles Bassey,SAS,31,97,0.577,0.637,0.06000000000000005,-0.059
2024-25,1631157,Ryan Rollins,MIL,52,97,0.577,0.622,0.04500000000000004,-0.045
2024-25,203552,Seth Curry,CHA,67,97,0.67,0.63,-0.040000000000000036,0.04
2024-25,1641787,Tosan Evbuomwan,BKN,28,96,0.563,0.631,0.06800000000000006,-0.069
2024-25,203995,Vasilije Micic,PHX,41,95,0.653,0.627,-0.026000000000000023,0.026
2024-25,1629726,Garrison Mathews,ATL,43,95,0.663,0.629,-0.03400000000000003,0.034
2024-25,1628964,Mo Bamba,NOP,32,94,0.543,0.622,0.07899999999999996,-0.08
2024-25,1629003,Shake Milton,LAL,47,93,0.677,0.62,-0.05700000000000005,0.058
2024-25,1626192,Pat Connaughton,MIL,41,93,0.602,0.632,0.030000000000000027,-0.03
2024-25,1641871,Duop Reath,POR,42,93,0.624,0.631,0.007000000000000006,-0.007
2024-25,1630692,Jordan Goodwin,LAL,28,91,0.714,0.638,-0.07599999999999996,0.076
2024-25,1629013,Landry Shamet,NYK,47,90,0.678,0.62,-0.05800000000000005,0.058
2024-25,1631243,Mouhamed Gueye,ATL,33,90,0.544,0.628,0.08399999999999996,-0.084
2024-25,1629021,Moritz Wagner,ORL,29,89,0.618,0.643,0.025000000000000022,-0.025
2024-25,1630529,Herbert Jones,NOP,20,88,0.648,0.605,-0.04300000000000004,0.042
2024-25,202709,Cory Joseph,ORL,48,88,0.693,0.628,-0.06499999999999995,0.065
2024-25,1629659,Talen Horton-Tucker,CHI,55,87,0.644,0.608,-0.03600000000000003,0.036
2024-25,203914,Gary Harris,ORL,47,87,0.575,0.61,0.03500000000000003,-0.036
2024-25,200768,Kyle Lowry,PHI,35,85,0.635,0.635,0.0,0.0
2024-25,1629006,Josh Okogie,CHA,39,85,0.718,0.635,-0.08299999999999996,0.083
2024-25,1641715,Cam Whitmore,HOU,48,84,0.619,0.621,0.0020000000000000018,-0.002
2024-25,1626204,Larry Nance Jr.,ATL,23,82,0.646,0.634,-0.01200000000000001,0.012
2024-25,1630288,Jeff Dowtin Jr.,PHI,39,82,0.634,0.624,-0.010000000000000009,0.01
2024-25,1631230,Dominick Barlow,ATL,33,82,0.585,0.622,0.03700000000000003,-0.037
2024-25,1641732,Colby Jones,WAS,29,81,0.654,0.616,-0.038000000000000034,0.038
2024-25,1631288,Jamal Cain,NOP,34,81,0.642,0.622,-0.020000000000000018,0.02
2024-25,1629629,Cam Reddish,LAL,32,81,0.556,0.633,0.07699999999999996,-0.078
2024-25,1630658,Colin Castleton,TOR,23,81,0.531,0.626,0.09499999999999997,-0.095
2024-25,1630314,Brandon Williams,DAL,28,80,0.713,0.624,-0.08899999999999997,0.088
2024-25,1641810,Antonio Reeves,NOP,37,79,0.646,0.625,-0.02100000000000002,0.021
2024-25,1631221,Collin Gillespie,PHX,31,79,0.658,0.626,-0.03200000000000003,0.032
2024-25,1631223,David Roddy,HOU,32,78,0.538,0.617,0.07899999999999996,-0.078
2024-25,1641854,Craig Porter Jr.,CLE,48,77,0.597,0.601,0.0040000000000000036,-0.004
2024-25,203458,Alex Len,LAL,40,77,0.701,0.624,-0.07699999999999996,0.077
2024-25,1641724,Jett Howard,ORL,55,76,0.645,0.607,-0.038000000000000034,0.038
2024-25,1627742,Brandon Ingram,TOR,18,76,0.632,0.642,0.010000000000000009,-0.01
2024-25,1627763,Malcolm Brogdon,WAS,24,75,0.72,0.624,-0.09599999999999997,0.096
2024-25,1629626,Bol Bol,PHX,34,74,0.608,0.615,0.007000000000000006,-0.007
2024-25,1631111,Wendell Moore Jr.,CHA,30,74,0.649,0.636,-0.013000000000000012,0.013
2024-25,201959,Taj Gibson,CHA,36,73,0.479,0.616,0.137,-0.137
2024-25,1630256,Jae'Sean Tate,HOU,47,73,0.548,0.621,0.07299999999999995,-0.073
2024-25,1629022,Lonnie Walker IV,PHI,18,71,0.732,0.62,-0.11199999999999999,0.112
2024-25,1630639,A.J. Lawson,TOR,24,70,0.614,0.607,-0.007000000000000006,0.007
2024-25,1631132,Christian Koloko,LAL,36,70,0.543,0.645,0.10199999999999998,-0.102
2024-25,1642281,Jaylon Tyson,CLE,41,70,0.7,0.612,-0.08799999999999997,0.088
2024-25,1631104,Blake Wesley,SAS,53,69,0.652,0.61,-0.04200000000000004,0.042
2024-25,1628420,Monte Morris,PHX,43,69,0.609,0.608,-0.0010000000000000009,0.001
2024-25,1631246,Vince Williams Jr.,MEM,26,69,0.667,0.635,-0.03200000000000003,0.032
2024-25,1642265,Rob Dillingham,MIN,42,68,0.618,0.604,-0.014000000000000012,0.014
2024-25,1642024,Alex Reese,PHI,15,68,0.647,0.627,-0.020000000000000018,0.02
2024-25,1641998,Trey Jemison III,LAL,34,67,0.567,0.632,0.06500000000000006,-0.065
2024-25,1641794,Dillon Jones,OKC,47,67,0.552,0.624,0.07199999999999995,-0.072
2024-25,203901,Elfrid Payton,NOP,24,67,0.582,0.62,0.038000000000000034,-0.038
2024-25,1631216,Caleb Houstan,ORL,54,64,0.672,0.61,-0.062000000000000055,0.061
2024-25,201569,Eric Gordon,PHI,37,64,0.688,0.634,-0.05399999999999994,0.054
2024-25,1641757,Jordan Miller,LAC,31,64,0.766,0.627,-0.139,0.138
2024-25,1631172,Ousmane Dieng,OKC,34,63,0.587,0.618,0.031000000000000028,-0.031
2024-25,1641740,Jaylen Clark,MIN,37,63,0.667,0.625,-0.04200000000000004,0.041
2024-25,1642349,Ajay Mitchell,OKC,36,61,0.59,0.605,0.015000000000000013,-0.015
2024-25,203957,Dante Exum,DAL,20,61,0.639,0.618,-0.02100000000000002,0.021
2024-25,1642403,Isaac Jones,SAC,33,60,0.55,0.619,0.06899999999999995,-0.069
2024-25,1630574,Ariel Hukporti,NYK,22,60,0.533,0.629,0.09599999999999997,-0.095
2024-25,1641878,Damion Baugh,CHA,15,59,0.729,0.624,-0.10499999999999998,0.105
2024-25,201145,Jeff Green,HOU,32,59,0.746,0.633,-0.11299999999999999,0.113
2024-25,1629011,Mitchell Robinson,NYK,16,59,0.695,0.649,-0.04599999999999993,0.046
2024-25,203935,Marcus Smart,WAS,33,58,0.552,0.617,0.06499999999999995,-0.066
2024-25,1631245,Quenton Jackson,IND,23,58,0.621,0.608,-0.013000000000000012,0.012
2024-25,1642382,Branden Carlson,OKC,24,58,0.5,0.62,0.12,-0.12
2024-25,1629618,Jalen Pickett,DEN,43,57,0.544,0.622,0.07799999999999996,-0.078
2024-25,1630243,Trevelin Queen,ORL,28,57,0.649,0.632,-0.017000000000000015,0.017
2024-25,1631131,Oscar Tshiebwe,UTA,14,56,0.714,0.645,-0.06899999999999995,0.069
2024-25,1641720,Jalen Hood-Schifino,PHI,15,55,0.545,0.596,0.050999999999999934,-0.051
2024-25,1641712,Rayan Rupert,POR,39,55,0.527,0.604,0.07699999999999996,-0.077
2024-25,202684,Tristan Thompson,CLE,38,55,0.509,0.616,0.10699999999999998,-0.107
2024-25,1642277,Johnny Furphy,IND,36,54,0.63,0.613,-0.017000000000000015,0.017
2024-25,1641775,Jordan Walsh,BOS,40,54,0.556,0.607,0.050999999999999934,-0.051
2024-25,1631248,Baylor Scheierman,BOS,28,53,0.547,0.612,0.06499999999999995,-0.065
2024-25,1641816,Hunter Tyson,DEN,45,53,0.66,0.628,-0.03200000000000003,0.033
2024-25,201567,Kevin Love,MIA,21,53,0.623,0.646,0.02300000000000002,-0.024
2024-25,1641713,GG Jackson,MEM,27,53,0.623,0.63,0.007000000000000006,-0.008
2024-25,1628963,Marvin Bagley III,MEM,27,52,0.5,0.663,0.16300000000000003,-0.163
2024-25,1641736,Reece Beekman,BKN,33,50,0.8,0.617,-0.18300000000000005,0.183
2024-25,1631232,Keion Brooks Jr.,NOP,13,50,0.62,0.631,0.01100000000000001,-0.011
2024-25,1629057,Robert Williams III,POR,20,49,0.408,0.611,0.203,-0.203
2024-25,1630568,Luka Garza,MIN,35,49,0.694,0.639,-0.05499999999999994,0.055
2024-25,203967,Dario Saric,DEN,14,49,0.694,0.627,-0.06699999999999995,0.066
2024-25,1628975,Jevon Carter,CHI,30,48,0.729,0.608,-0.121,0.121
2024-25,1628470,Torrey Craig,BOS,26,47,0.532,0.64,0.10799999999999998,-0.108
2024-25,1630811,Keaton Wallace,ATL,29,47,0.617,0.635,0.018000000000000016,-0.018
2024-25,1630214,Xavier Tillman,BOS,28,47,0.596,0.618,0.02200000000000002,-0.022
2024-25,1641721,Maxwell Lewis,BKN,20,46,0.717,0.639,-0.07799999999999996,0.078
2024-25,203926,Doug McDermott,SAC,39,45,0.556,0.603,0.04699999999999993,-0.047
2024-25,1631166,Drew Timme,BKN,9,44,0.636,0.641,0.0050000000000000044,-0.005
2024-25,1630544,Tre Mann,CHA,13,42,0.595,0.596,0.0010000000000000009,-0.001
2024-25,201988,Patty Mills,LAC,26,42,0.667,0.625,-0.04200000000000004,0.042
2024-25,1641738,Kobe Brown,LAC,26,41,0.683,0.623,-0.06000000000000005,0.06
2024-25,1631103,Malaki Branham,SAS,36,41,0.463,0.612,0.14899999999999997,-0.149
2024-25,1630542,Marcus Bagley,PHI,10,41,0.537,0.613,0.07599999999999996,-0.076
2024-25,1631197,Jared Rhoden,TOR,11,40,0.8,0.619,-0.18100000000000005,0.181
2024-25,1630264,Anthony Gill,WAS,38,40,0.65,0.631,-0.019000000000000017,0.019
2024-25,1629680,Matisse Thybulle,POR,15,40,0.675,0.618,-0.05700000000000005,0.057
2024-25,1641798,Jaylen Martin,WAS,13,40,0.675,0.606,-0.06900000000000006,0.069
2024-25,202704,Reggie Jackson,PHI,30,38,0.737,0.626,-0.11099999999999999,0.111
2024-25,1630311,Pat Spencer,GSW,26,38,0.684,0.651,-0.03300000000000003,0.033
2024-25,1642278,Tyler Kolek,NYK,25,38,0.684,0.63,-0.05400000000000005,0.055
2024-25,1629650,Moses Brown,DAL,11,38,0.579,0.64,0.061000000000000054,-0.061
2024-25,1642269,Devin Carter,SAC,33,36,0.75,0.604,-0.14600000000000002,0.146
2024-25,1629643,Chuma Okeke,CLE,8,35,0.686,0.608,-0.07800000000000007,0.078
2024-25,1631169,Josh Minott,MIN,38,34,0.618,0.626,0.008000000000000007,-0.008
2024-25,1630545,Terrence Shannon Jr.,MIN,28,33,0.606,0.625,0.019000000000000017,-0.019
2024-25,1629162,Jordan McLaughlin,SAS,39,33,0.697,0.608,-0.08899999999999997,0.089
2024-25,1630283,Kylor Kelley,LAL,11,33,0.636,0.667,0.031000000000000028,-0.03
2024-25,1631306,Cole Swider,IND,10,33,0.636,0.569,-0.06700000000000006,0.067
2024-25,1630538,Bones Hyland,MIN,23,32,0.719,0.627,-0.09199999999999997,0.092
2024-25,1642402,Enrique Freeman,IND,17,32,0.656,0.641,-0.015000000000000013,0.015
2024-25,202066,Garrett Temple,TOR,22,31,0.613,0.636,0.02300000000000002,-0.023
2024-25,1631250,Pete Nance,MIL,10,31,0.742,0.659,-0.08299999999999996,0.082
2024-25,1630550,JT Thor,WAS,18,30,0.567,0.635,0.06800000000000006,-0.068
2024-25,1642285,Cam Spencer,MEM,19,30,0.8,0.616,-0.18400000000000005,0.184
2024-25,1630696,Dru Smith,MIA,14,30,0.533,0.609,0.07599999999999996,-0.075
2024-25,1631311,Lester Quinones,NOP,11,29,0.621,0.619,-0.0020000000000000018,0.002
2024-25,1642355,Bronny James,LAL,19,29,0.621,0.613,-0.008000000000000007,0.008
2024-25,1630531,Jaden Springer,UTA,31,27,0.852,0.637,-0.21499999999999997,0.215
2024-25,1631209,Isaiah Wong,CHA,17,27,0.593,0.641,0.04800000000000004,-0.048
2024-25,1641727,Dariq Whitehead,BKN,14,27,0.741,0.595,-0.14600000000000002,0.145
2024-25,1641809,Drew Peterson,BOS,19,27,0.37,0.599,0.22899999999999998,-0.229
2024-25,1628981,Bruno Fernando,TOR,16,27,0.704,0.639,-0.06499999999999995,0.064
2024-25,1629669,Jaylen Nowell,WAS,7,27,0.704,0.625,-0.07899999999999996,0.079
2024-25,202693,Markieff Morris,LAL,15,27,0.667,0.619,-0.04800000000000004,0.048
2024-25,1631098,Johnny Davis,WAS,25,26,0.385,0.634,0.249,-0.249
2024-25,1628365,Markelle Fultz,SAC,16,26,0.615,0.625,0.010000000000000009,-0.009
2024-25,1630543,Isaiah Jackson,IND,5,26,0.423,0.629,0.20600000000000002,-0.206
2024-25,1630699,MarJon Beauchamp,NYK,28,25,0.44,0.605,0.16499999999999998,-0.165
2024-25,1641745,Adam Flagler,OKC,22,25,0.56,0.585,0.02499999999999991,-0.025
2024-25,1630165,Killian Hayes,BKN,6,25,0.68,0.631,-0.049000000000000044,0.049
2024-25,1641753,Chris Livingston,MIL,14,24,0.625,0.619,-0.006000000000000005,0.006
2024-25,1628396,Tony Bradley,IND,11,24,0.583,0.621,0.038000000000000034,-0.038
2024-25,1631303,Justin Minaya,POR,14,24,0.75,0.636,-0.11399999999999999,0.114
2024-25,1630205,Lamar Stevens,MEM,16,23,0.696,0.653,-0.04299999999999993,0.043
2024-25,1630537,Chris Duarte,CHI,13,23,0.522,0.643,0.121,-0.122
2024-25,1627814,Damion Lee,PHX,18,22,0.591,0.612,0.02100000000000002,-0.021
2024-25,1631466,Nate Williams,HOU,13,20,0.7,0.622,-0.07799999999999996,0.078
2024-25,1629052,Oshae Brissett,PHI,6,20,0.75,0.608,-0.14200000000000002,0.142
2024-25,1626196,Josh Richardson,MIA,8,19,0.947,0.628,-0.31899999999999995,0.319
2024-25,1631247,Luke Travers,CLE,9,19,0.632,0.599,-0.03300000000000003,0.033
2024-25,1642359,Pacôme Dadiet,NYK,16,18,0.667,0.602,-0.06500000000000006,0.065
2024-25,1642352,Keshad Johnson,MIA,12,18,0.333,0.592,0.25899999999999995,-0.259
2024-25,1641707,Taylor Hendricks,UTA,3,18,0.5,0.662,0.16200000000000003,-0.162
2024-25,1628427,Vlatko Čančar,DEN,10,17,0.588,0.61,0.02200000000000002,-0.021
2024-25,1641890,Tyler Smith,MIL,16,17,0.529,0.653,0.124,-0.123
2024-25,1641989,Elijah Harkless,UTA,10,17,0.765,0.63,-0.135,0.135
2024-25,1642530,Yuki Kawamura,MEM,14,17,0.765,0.614,-0.15100000000000002,0.151
2024-25,1631342,Daeqwon Plowden,ATL,5,16,0.688,0.601,-0.08699999999999997,0.087
2024-25,1631116,Patrick Baldwin Jr.,LAC,17,15,0.4,0.634,0.23399999999999999,-0.234
2024-25,1641723,Kobe Bufkin,ATL,9,15,0.467,0.633,0.16599999999999998,-0.167
2024-25,1641725,Trey Alexander,DEN,12,14,0.714,0.653,-0.06099999999999994,0.061
2024-25,1641734,Emoni Bates,CLE,5,13,0.462,0.596,0.13399999999999995,-0.135
2024-25,1630623,Tyson Etienne,BKN,7,12,0.75,0.619,-0.131,0.131
2024-25,1628995,Kevin Knox II,GSW,10,12,0.5,0.618,0.118,-0.118
2024-25,1629001,De'Anthony Melton,BKN,6,12,0.667,0.62,-0.04700000000000004,0.046
2024-25,1642505,Alex Ducas,OKC,13,12,0.75,0.562,-0.18799999999999994,0.188
2024-25,1631321,Sidy Cissoko,POR,13,12,0.75,0.565,-0.18500000000000005,0.185
2024-25,1631210,Jacob Toppin,ATL,10,12,0.417,0.614,0.197,-0.198
2024-25,1641789,Jazian Gortman,DAL,10,12,0.667,0.632,-0.03500000000000003,0.034
2024-25,1630604,E.J. Liddell,CHI,9,11,0.545,0.624,0.07899999999999996,-0.079
2024-25,1642422,Armel Traore,LAL,8,11,0.455,0.651,0.196,-0.197
2024-25,1642368,N'Faly Dante,HOU,4,11,0.455,0.628,0.173,-0.173
2024-25,1641772,Nae'Qwan Tomlin,CLE,5,11,0.364,0.595,0.23099999999999998,-0.232
2024-25,1631120,JD Davison,BOS,11,10,0.5,0.608,0.10799999999999998,-0.108
2024-25,203109,Jae Crowder,SAC,8,10,0.6,0.632,0.03200000000000003,-0.032
2024-25,1630600,Isaiah Mobley,PHI,1,10,0.6,0.608,0.008000000000000007,-0.008
2024-25,1642279,Ulrich Chomche,TOR,6,9,0.889,0.585,-0.30400000000000005,0.304
2024-25,1630585,Marcus Garrett,CHA,4,9,0.222,0.623,0.401,-0.401
2024-25,1642461,Spencer Jones,DEN,13,9,0.333,0.548,0.21500000000000002,-0.215
2024-25,1631102,TyTy Washington Jr.,PHX,9,8,0.75,0.611,-0.139,0.139
2024-25,1642353,Cam Christie,LAC,7,8,0.625,0.682,0.05700000000000005,-0.057
2024-25,1630346,Matt Ryan,NOP,12,7,0.571,0.606,0.03500000000000003,-0.035
2024-25,1631301,Jaylen Sims,CHA,6,7,0.714,0.644,-0.06999999999999995,0.07
2024-25,1641790,PJ Hall,DEN,12,7,0.429,0.609,0.18,-0.18
2024-25,1642484,RayJ Dennis,IND,7,7,0.571,0.608,0.03700000000000003,-0.037
2024-25,1630649,Stanley Umude,MIL,16,7,0.571,0.657,0.08600000000000008,-0.085
2024-25,1631123,Jamaree Bouyea,MIL,4,7,0.714,0.677,-0.03699999999999992,0.037
2024-25,200782,P.J. Tucker,NYK,3,7,0.714,0.592,-0.122,0.123
2024-25,1629098,Jack McVeigh,HOU,8,7,0.571,0.612,0.041000000000000036,-0.041
2024-25,1642384,Isaiah Crawford,SAC,7,6,0.167,0.607,0.43999999999999995,-0.44
2024-25,201949,James Johnson,IND,8,6,0.333,0.615,0.282,-0.281
2024-25,1641766,Adama Sanogo,CHI,3,6,0.5,0.612,0.11199999999999999,-0.112
2024-25,1641755,Kevin McCullar Jr.,NYK,3,5,0.8,0.61,-0.19000000000000006,0.19
2024-25,1630762,Phillip Wheeler,PHI,4,5,0.6,0.625,0.025000000000000022,-0.025
2024-25,1630618,D.J. Carton,TOR,3,5,0.4,0.647,0.247,-0.247
2024-25,1630561,David Duke Jr.,SAS,4,5,0.6,0.464,-0.13599999999999995,0.136
2024-25,1642449,Tolu Smith,DET,1,5,0.4,0.562,0.16200000000000003,-0.162
2024-25,204060,Joe Ingles,MIN,11,4,0.75,0.574,-0.17600000000000005,0.176
2024-25,1641817,Anton Watson,NYK,6,4,1.0,0.595,-0.405,0.406
2024-25,1630222,Mason Jones,SAC,7,4,0.25,0.653,0.403,-0.403
2024-25,1641857,Liam Robbins,MIL,10,4,0.75,0.649,-0.10099999999999998,0.101
2024-25,1628408,PJ Dozier,MIN,5,4,0.75,0.586,-0.16400000000000003,0.165
2024-25,1642280,Trentyn Flowers,LAC,4,4,0.75,0.612,-0.138,0.138
2024-25,1630528,Josh Christopher,MIA,9,4,0.75,0.628,-0.122,0.122
2024-25,1631159,Leonard Miller,MIN,7,3,1.0,0.604,-0.396,0.396
2024-25,1641936,Miles Norris,BOS,3,3,0.333,0.588,0.25499999999999995,-0.255
2024-25,1642050,Jackson Rowe,GSW,5,3,0.667,0.587,-0.08000000000000007,0.08
2024-25,1642385,Cui Cui,BKN,2,3,0.667,0.576,-0.09100000000000008,0.091
2024-25,1630164,James Wiseman,IND,1,3,0.667,0.654,-0.013000000000000012,0.013
2024-25,1642443,Jahmir Young,CHI,4,3,1.0,0.653,-0.347,0.347
2024-25,1641752,Bobi Klintman,DET,5,2,0.5,0.538,0.038000000000000034,-0.038
2024-25,1631199,Ron Harper Jr.,DET,1,2,0.0,0.473,0.473,-0.473
2024-25,1630201,Malachi Flynn,SAS,3,2,0.5,0.557,0.05700000000000005,-0.057
2024-25,1631121,Bryce McGowens,POR,11,2,1.0,0.591,-0.40900000000000003,0.41
2024-25,1642502,Malevy Leons,OKC,4,2,0.5,0.585,0.08499999999999996,-0.085
2024-25,1642389,Zyon Pullin,MEM,2,2,0.5,0.599,0.09899999999999998,-0.099
2024-25,1631127,Harrison Ingram,SAS,4,2,0.5,0.665,0.16500000000000004,-0.165
2024-25,1641879,Yuri Collins,GSW,2,2,1.0,0.75,-0.25,0.25
2024-25,1629056,Terence Davis,SAC,1,2,0.5,0.619,0.119,-0.119
2024-25,1641803,Tristen Newton,MIN,3,1,0.0,0.636,0.636,-0.636
2024-25,1641779,Jalen Bridges,PHX,4,1,1.0,0.586,-0.41400000000000003,0.414
2024-25,1630644,Mac McClung,ORL,2,1,1.0,0.578,-0.42200000000000004,0.422
2024-25,1626143,Jahlil Okafor,IND,1,1,0.0,0.731,0.731,-0.731
2024-25,1642450,Daniss Jenkins,DET,5,1,1.0,0.75,-0.25,0.25
2024-25,1630296,Braxton Key,GSW,1,1,1.0,0.568,-0.43200000000000005,0.432
2024-25,1631386,Taze Moore,POR,2,1,0.0,0.662,0.662,-0.662
2024-25,1642439,Quincy Olivari,LAL,2,1,1.0,0.713,-0.28700000000000003,0.287
2024-25,1629667,Jalen McDaniels,SAC,1,1,0.0,0.54,0.54,-0.54
2024-25,1642399,Jesse Edwards,MIN,1,1,1.0,0.669,-0.33099999999999996,0.331
2025-26,1642852,Derik Queen,NOP,71,468,0.592,0.65,0.05800000000000005,-0.058
2025-26,1642259,Alex Sarr,WAS,47,462,0.554,0.641,0.08699999999999997,-0.086
2025-26,1642270,Donovan Clingan,POR,66,451,0.539,0.646,0.10699999999999998,-0.107
2025-26,203497,Rudy Gobert,MIN,68,434,0.548,0.637,0.08899999999999997,-0.088
2025-26,1630578,Alperen Sengun,HOU,60,431,0.617,0.647,0.030000000000000027,-0.03
2025-26,1630596,Evan Mobley,CLE,56,427,0.525,0.641,0.11599999999999999,-0.116
2025-26,1630567,Scottie Barnes,TOR,67,422,0.602,0.635,0.03300000000000003,-0.033
2025-26,1641824,Matas Buzelis,CHI,69,419,0.57,0.632,0.062000000000000055,-0.062
2025-26,203999,Nikola Jokić,DEN,55,404,0.644,0.645,0.0010000000000000009,-0.002
2025-26,1626167,Myles Turner,MIL,65,398,0.595,0.637,0.04200000000000004,-0.042
2025-26,1630643,Jay Huff,IND,70,393,0.573,0.642,0.06900000000000006,-0.07
2025-26,1642875,Maxime Raynaud,SAC,63,389,0.638,0.651,0.013000000000000012,-0.014
2025-26,1631096,Chet Holmgren,OKC,61,386,0.495,0.641,0.14600000000000002,-0.146
2025-26,1630183,Jaden McDaniels,MIN,69,384,0.526,0.634,0.10799999999999998,-0.108
2025-26,1630168,Onyeka Okongwu,ATL,65,383,0.642,0.639,-0.0030000000000000027,0.003
2025-26,1631217,Moussa Diabaté,CHA,63,382,0.634,0.646,0.01200000000000001,-0.013
2025-26,1630552,Jalen Johnson,ATL,63,380,0.621,0.635,0.014000000000000012,-0.014
2025-26,1629651,Nic Claxton,BKN,63,375,0.581,0.637,0.05600000000000005,-0.056
2025-26,1642843,Cooper Flagg,DAL,59,374,0.586,0.635,0.049000000000000044,-0.049
2025-26,202696,Nikola Vučević,BOS,59,370,0.635,0.647,0.01200000000000001,-0.012
2025-26,1642276,Kel'el Ware,MIA,66,361,0.609,0.654,0.04500000000000004,-0.045
2025-26,1641730,Noah Clowney,BKN,61,361,0.668,0.637,-0.031000000000000028,0.031
2025-26,1628401,Derrick White,BOS,67,355,0.527,0.624,0.09699999999999998,-0.097
2025-26,1630530,Trey Murphy III,NOP,63,354,0.655,0.648,-0.007000000000000006,0.008
2025-26,1629638,Nickeil Alexander-Walker,ATL,68,349,0.662,0.626,-0.03600000000000003,0.036
2025-26,1641739,Toumani Camara,POR,71,348,0.658,0.633,-0.025000000000000022,0.025
2025-26,1630700,Dyson Daniels,ATL,67,345,0.603,0.63,0.027000000000000024,-0.027
2025-26,1629029,Luka Dončić,LAL,59,344,0.669,0.636,-0.03300000000000003,0.032
2025-26,1641705,Victor Wembanyama,SAS,56,343,0.554,0.649,0.09499999999999997,-0.095
2025-26,1631109,Mark Williams,PHX,56,338,0.654,0.647,-0.007000000000000006,0.007
2025-26,1642271,Kyle Filipowski,UTA,68,335,0.675,0.638,-0.03700000000000003,0.037
2025-26,1629674,Neemias Queta,BOS,65,331,0.517,0.634,0.11699999999999999,-0.118
2025-26,1631094,Paolo Banchero,ORL,60,328,0.616,0.637,0.02100000000000002,-0.022
2025-26,1642851,Kon Knueppel,CHA,70,327,0.572,0.638,0.06600000000000006,-0.066
2025-26,1629028,Deandre Ayton,LAL,62,325,0.597,0.637,0.040000000000000036,-0.04
2025-26,1631095,Jabari Smith Jr.,HOU,66,324,0.559,0.633,0.07399999999999995,-0.075
2025-26,1628978,Donte DiVincenzo,MIN,71,323,0.598,0.627,0.029000000000000026,-0.03
2025-26,1629023,P.J. Washington,DAL,52,320,0.575,0.644,0.06900000000000006,-0.069
2025-26,1642263,Reed Sheppard,HOU,70,320,0.65,0.625,-0.025000000000000022,0.025
2025-26,1642847,Jeremiah Fears,NOP,72,319,0.696,0.639,-0.05699999999999994,0.056
2025-26,1642845,VJ Edgecombe,PHI,63,317,0.631,0.634,0.0030000000000000027,-0.003
2025-26,1628389,Bam Adebayo,MIA,62,315,0.619,0.645,0.026000000000000023,-0.026
2025-26,1631157,Ryan Rollins,MIL,68,313,0.597,0.62,0.02300000000000002,-0.022
2025-26,1628436,Luke Kornet,SAS,60,308,0.565,0.645,0.08000000000000007,-0.08
2025-26,1627750,Jamal Murray,DEN,66,307,0.671,0.63,-0.041000000000000036,0.041
2025-26,1627783,Pascal Siakam,IND,56,306,0.644,0.644,0.0,-0.001
2025-26,1642345,Oso Ighodaro,PHX,71,305,0.567,0.632,0.06500000000000006,-0.064
2025-26,203944,Julius Randle,MIN,71,304,0.625,0.642,0.017000000000000015,-0.017
2025-26,1628969,Mikal Bridges,NYK,70,302,0.626,0.636,0.010000000000000009,-0.01
2025-26,1629675,Naz Reid,MIN,68,300,0.583,0.641,0.05800000000000005,-0.057
2025-26,1630595,Cade Cunningham,DET,61,299,0.562,0.624,0.061999999999999944,-0.062
2025-26,1628976,Wendell Carter Jr.,ORL,66,299,0.589,0.649,0.06000000000000005,-0.061
2025-26,1631222,Jake LaRavia,LAL,71,296,0.659,0.63,-0.029000000000000026,0.029
2025-26,1626220,Royce O'Neale,PHX,69,295,0.634,0.642,0.008000000000000007,-0.008
2025-26,1631108,Max Christie,DAL,66,292,0.644,0.632,-0.01200000000000001,0.012
2025-26,1630572,Sandro Mamukelashvili,TOR,67,290,0.603,0.63,0.027000000000000024,-0.027
2025-26,1641710,Anthony Black,ORL,59,289,0.657,0.625,-0.03200000000000003,0.032
2025-26,1626157,Karl-Anthony Towns,NYK,65,288,0.625,0.649,0.02400000000000002,-0.024
2025-26,1641750,Ryan Kalkbrenner,CHA,58,286,0.545,0.643,0.09799999999999998,-0.098
2025-26,1631105,Jalen Duren,DET,60,284,0.588,0.644,0.05600000000000005,-0.056
2025-26,1631170,Jaime Jaquez Jr.,MIA,64,284,0.595,0.632,0.03700000000000003,-0.037
2025-26,201935,James Harden,CLE,61,283,0.668,0.633,-0.03500000000000003,0.035
2025-26,201572,Brook Lopez,LAC,64,282,0.55,0.643,0.09299999999999997,-0.093
2025-26,1628983,Shai Gilgeous-Alexander,OKC,59,278,0.561,0.634,0.07299999999999995,-0.073
2025-26,1631221,Collin Gillespie,PHX,70,277,0.643,0.635,-0.008000000000000007,0.008
2025-26,1641764,Brandin Podziemski,GSW,71,276,0.62,0.636,0.016000000000000014,-0.016
2025-26,1628386,Jarrett Allen,CLE,51,274,0.566,0.648,0.08200000000000007,-0.082
2025-26,1626171,Bobby Portis,MIL,66,272,0.702,0.64,-0.061999999999999944,0.062
2025-26,1627826,Ivica Zubac,IND,48,272,0.526,0.648,0.122,-0.122
2025-26,201942,DeMar DeRozan,SAC,70,272,0.669,0.647,-0.02200000000000002,0.022
2025-26,1628404,Josh Hart,NYK,56,270,0.656,0.643,-0.013000000000000012,0.013
2025-26,1630173,Precious Achiuwa,SAC,62,268,0.608,0.646,0.038000000000000034,-0.037
2025-26,1642273,Kyshawn George,WAS,48,268,0.616,0.641,0.025000000000000022,-0.025
2025-26,203468,CJ McCollum,ATL,66,267,0.64,0.629,-0.01100000000000001,0.012
2025-26,1628970,Miles Bridges,CHA,66,267,0.599,0.639,0.040000000000000036,-0.04
2025-26,203110,Draymond Green,GSW,58,266,0.583,0.644,0.061000000000000054,-0.061
2025-26,1628991,Jaren Jackson Jr.,UTA,48,265,0.562,0.63,0.06799999999999995,-0.068
2025-26,1641716,Jarace Walker,IND,70,264,0.644,0.629,-0.015000000000000013,0.015
2025-26,1630193,Immanuel Quickley,TOR,66,264,0.621,0.63,0.009000000000000008,-0.009
2025-26,201142,Kevin Durant,HOU,67,263,0.551,0.64,0.08899999999999997,-0.088
2025-26,1630230,Naji Marshall,DAL,68,262,0.645,0.639,-0.006000000000000005,0.006
2025-26,1642366,Quinten Post,GSW,66,258,0.574,0.634,0.06000000000000005,-0.061
2025-26,1630581,Josh Giddey,CHI,48,258,0.659,0.635,-0.02400000000000002,0.024
2025-26,1641706,Brandon Miller,CHA,54,256,0.555,0.63,0.07499999999999996,-0.076
2025-26,1629111,Jock Landale,ATL,64,255,0.627,0.645,0.018000000000000016,-0.018
2025-26,1631230,Dominick Barlow,PHI,59,255,0.545,0.633,0.08799999999999997,-0.088
2025-26,1628973,Jalen Brunson,NYK,63,254,0.713,0.628,-0.08499999999999996,0.085
2025-26,1627742,Brandon Ingram,TOR,67,252,0.567,0.63,0.06300000000000006,-0.063
2025-26,203952,Andrew Wiggins,MIA,57,250,0.672,0.635,-0.03700000000000003,0.037
2025-26,201566,Russell Westbrook,SAC,64,249,0.695,0.644,-0.050999999999999934,0.051
2025-26,1630178,Tyrese Maxey,PHI,61,249,0.663,0.63,-0.03300000000000003,0.033
2025-26,1630166,Deni Avdija,POR,55,249,0.598,0.628,0.030000000000000027,-0.03
2025-26,1630551,Justin Champagnie,WAS,59,247,0.656,0.632,-0.02400000000000002,0.024
2025-26,1642377,Jaylen Wells,MEM,68,247,0.632,0.634,0.0020000000000000018,-0.003
2025-26,1629655,Daniel Gafford,DAL,50,245,0.551,0.65,0.09899999999999998,-0.099
2025-26,1631212,Peyton Watson,DEN,49,243,0.63,0.634,0.0040000000000000036,-0.005
2025-26,1641717,Cason Wallace,OKC,68,243,0.588,0.632,0.04400000000000004,-0.044
2025-26,1629008,Michael Porter Jr.,BKN,52,242,0.674,0.639,-0.03500000000000003,0.035
2025-26,1630583,Santi Aldama,MEM,43,241,0.614,0.638,0.02400000000000002,-0.023
2025-26,1630577,Julian Champagnie,SAS,71,239,0.607,0.629,0.02200000000000002,-0.022
2025-26,1630162,Anthony Edwards,MIN,58,238,0.643,0.638,-0.0050000000000000044,0.005
2025-26,1642363,Nique Clifford,SAC,66,237,0.629,0.629,0.0,0.0
2025-26,1629130,Duncan Robinson,DET,68,236,0.551,0.622,0.07099999999999995,-0.071
2025-26,1641718,Keyonte George,UTA,53,234,0.786,0.638,-0.14800000000000002,0.149
2025-26,1631260,AJ Green,MIL,66,234,0.637,0.629,-0.008000000000000007,0.008
2025-26,1630559,Austin Reaves,LAL,45,234,0.671,0.634,-0.03700000000000003,0.037
2025-26,1630541,Moses Moody,GSW,59,231,0.597,0.634,0.03700000000000003,-0.036
2025-26,1628384,OG Anunoby,NYK,56,230,0.652,0.639,-0.013000000000000012,0.013
2025-26,1630543,Isaiah Jackson,LAC,52,229,0.62,0.639,0.019000000000000017,-0.019
2025-26,203954,Joel Embiid,PHI,33,229,0.598,0.643,0.04500000000000004,-0.045
2025-26,1630249,Vít Krejčí,POR,64,229,0.594,0.614,0.020000000000000018,-0.021
2025-26,1642285,Cam Spencer,MEM,67,228,0.654,0.628,-0.026000000000000023,0.025
2025-26,1642267,Bub Carrington,WAS,70,227,0.661,0.631,-0.030000000000000027,0.03
2025-26,1641708,Amen Thompson,HOU,68,226,0.619,0.632,0.013000000000000012,-0.012
2025-26,1630611,Gui Santos,GSW,57,226,0.673,0.629,-0.04400000000000004,0.044
2025-26,1630217,Desmond Bane,ORL,70,225,0.649,0.635,-0.014000000000000012,0.014
2025-26,1630573,Sam Hauser,BOS,67,224,0.612,0.628,0.016000000000000014,-0.017
2025-26,1642883,Sion James,CHA,71,224,0.567,0.637,0.07000000000000006,-0.07
2025-26,1642856,Egor Dëmin,BKN,52,224,0.621,0.629,0.008000000000000007,-0.008
2025-26,1627739,Kris Dunn,LAC,71,222,0.635,0.631,-0.0040000000000000036,0.004
2025-26,1630191,Isaiah Stewart,DET,55,220,0.491,0.633,0.14200000000000002,-0.142
2025-26,1642874,Danny Wolf,BKN,54,219,0.58,0.63,0.050000000000000044,-0.05
2025-26,1629614,Andrew Nembhard,IND,53,219,0.689,0.632,-0.05699999999999994,0.058
2025-26,1628971,Bruce Brown,DEN,71,218,0.688,0.631,-0.05699999999999994,0.057
2025-26,1628398,Kyle Kuzma,MIL,65,218,0.569,0.632,0.06300000000000006,-0.063
2025-26,1626164,Devin Booker,PHX,55,217,0.576,0.634,0.05800000000000005,-0.058
2025-26,1642846,Ace Bailey,UTA,61,217,0.631,0.634,0.0030000000000000027,-0.003
2025-26,1642281,Jaylon Tyson,CLE,64,216,0.583,0.621,0.038000000000000034,-0.038
2025-26,1629656,Quentin Grimes,PHI,64,216,0.634,0.624,-0.010000000000000009,0.01
2025-26,1642274,Yves Missi,NOP,59,215,0.516,0.643,0.127,-0.126
2025-26,1630549,Day'Ron Sharpe,BKN,62,213,0.629,0.63,0.0010000000000000009,-0.001
2025-26,1642258,Zaccharie Risacher,ATL,57,209,0.665,0.633,-0.03200000000000003,0.032
2025-26,1642264,Stephon Castle,SAS,59,209,0.593,0.637,0.04400000000000004,-0.044
2025-26,1631165,Keon Ellis,CLE,62,209,0.603,0.632,0.029000000000000026,-0.029
2025-26,202695,Kawhi Leonard,LAC,55,208,0.731,0.645,-0.08599999999999997,0.086
2025-26,203083,Andre Drummond,PHI,52,206,0.704,0.661,-0.04299999999999993,0.043
2025-26,1630202,Payton Pritchard,BOS,68,205,0.649,0.624,-0.025000000000000022,0.025
2025-26,1630558,Davion Mitchell,MIA,60,205,0.649,0.631,-0.018000000000000016,0.018
2025-26,1629628,RJ Barrett,TOR,45,205,0.595,0.638,0.04300000000000004,-0.042
2025-26,1629014,Anfernee Simons,CHI,55,205,0.629,0.624,-0.0050000000000000044,0.005
2025-26,1641737,Adem Bona,PHI,60,205,0.561,0.65,0.08899999999999997,-0.089
2025-26,1628963,Marvin Bagley III,DAL,53,204,0.593,0.646,0.05300000000000005,-0.053
2025-26,1642907,Cedric Coward,MEM,54,203,0.562,0.636,0.07399999999999995,-0.074
2025-26,203501,Tim Hardaway Jr.,DEN,70,201,0.711,0.629,-0.08199999999999996,0.082
2025-26,1641783,Tristan da Silva,ORL,65,201,0.622,0.627,0.0050000000000000044,-0.005
2025-26,1630200,Tre Jones,CHI,53,200,0.67,0.624,-0.04600000000000004,0.046
2025-26,1641709,Ausar Thompson,DET,60,200,0.55,0.628,0.07799999999999996,-0.078
2025-26,1630591,Jalen Suggs,ORL,47,200,0.66,0.639,-0.02100000000000002,0.021
2025-26,1627751,Jakob Poeltl,TOR,34,200,0.64,0.64,0.0,0.0
2025-26,1630180,Saddiq Bey,NOP,65,199,0.683,0.65,-0.03300000000000003,0.034
2025-26,1630170,Devin Vassell,SAS,56,199,0.623,0.64,0.017000000000000015,-0.017
2025-26,1628381,John Collins,LAC,59,199,0.568,0.644,0.07600000000000007,-0.076
2025-26,203994,Jusuf Nurkić,UTA,41,199,0.603,0.659,0.05600000000000005,-0.056
2025-26,1629611,Terance Mann,BKN,57,199,0.623,0.624,0.0010000000000000009,-0.001
2025-26,1629060,Rui Hachimura,LAL,59,198,0.692,0.639,-0.052999999999999936,0.053
2025-26,1628989,Kevin Huerter,DET,58,198,0.596,0.629,0.03300000000000003,-0.033
2025-26,1630171,Isaac Okoro,CHI,54,198,0.566,0.635,0.06900000000000006,-0.069
2025-26,1631119,Jaylin Williams,OKC,56,198,0.571,0.636,0.06500000000000006,-0.065
2025-26,1627759,Jaylen Brown,BOS,63,197,0.558,0.62,0.061999999999999944,-0.062
2025-26,1629731,Dean Wade,CLE,55,197,0.594,0.632,0.038000000000000034,-0.038
2025-26,1641854,Craig Porter Jr.,CLE,57,194,0.577,0.619,0.04200000000000004,-0.041
2025-26,1642266,Ja'Kobe Walter,TOR,59,194,0.613,0.633,0.020000000000000018,-0.019
2025-26,1641765,Olivier-Maxence Prosper,MEM,41,194,0.634,0.644,0.010000000000000009,-0.01
2025-26,1630163,LaMelo Ball,CHA,61,193,0.642,0.617,-0.025000000000000022,0.025
2025-26,1642848,Tre Johnson,WAS,55,193,0.637,0.617,-0.020000000000000018,0.021
2025-26,1628379,Luke Kennard,LAL,66,192,0.677,0.623,-0.05400000000000005,0.054
2025-26,1628415,Dillon Brooks,PHX,50,191,0.644,0.635,-0.009000000000000008,0.009
2025-26,1628368,De'Aaron Fox,SAS,62,190,0.663,0.626,-0.03700000000000003,0.038
2025-26,1642867,Collin Murray-Boyles,TOR,47,190,0.621,0.644,0.02300000000000002,-0.023
2025-26,201143,Al Horford,GSW,43,189,0.582,0.636,0.05400000000000005,-0.054
2025-26,1630245,Ayo Dosunmu,MIN,62,189,0.582,0.626,0.04400000000000004,-0.044
2025-26,1641707,Taylor Hendricks,MEM,50,187,0.61,0.637,0.027000000000000024,-0.028
2025-26,1630568,Luka Garza,BOS,58,187,0.642,0.643,0.0010000000000000009,-0.001
2025-26,1629627,Zion Williamson,NOP,55,186,0.624,0.64,0.016000000000000014,-0.016
2025-26,1641757,Jordan Miller,LAC,49,186,0.586,0.622,0.03600000000000003,-0.036
2025-26,1641796,Pelle Larsson,MIA,59,185,0.616,0.626,0.010000000000000009,-0.01
2025-26,202699,Tobias Harris,DET,53,185,0.595,0.628,0.03300000000000003,-0.034
2025-26,2544,LeBron James,LAL,50,185,0.616,0.633,0.017000000000000015,-0.016
2025-26,1641729,Brice Sensabaugh,UTA,64,185,0.714,0.632,-0.08199999999999996,0.082
2025-26,1629011,Mitchell Robinson,NYK,50,185,0.616,0.638,0.02200000000000002,-0.022
2025-26,1631101,Shaedon Sharpe,POR,48,184,0.717,0.629,-0.08799999999999997,0.089
2025-26,1630314,Brandon Williams,DAL,60,184,0.641,0.622,-0.019000000000000017,0.019
2025-26,1630188,Jalen Smith,CHI,50,183,0.525,0.638,0.11299999999999999,-0.113
2025-26,1641774,Tristan Vukcevic,WAS,44,183,0.612,0.644,0.03200000000000003,-0.032
2025-26,1631255,Karlo Matković,NOP,57,182,0.549,0.64,0.09099999999999997,-0.09
2025-26,1630174,Aaron Nesmith,IND,42,181,0.569,0.642,0.07300000000000006,-0.073
2025-26,1629640,Keldon Johnson,SAS,71,180,0.606,0.642,0.03600000000000003,-0.036
2025-26,1630529,Herbert Jones,NOP,49,180,0.6,0.646,0.04600000000000004,-0.046
2025-26,1641731,Bilal Coulibaly,WAS,48,179,0.598,0.643,0.04500000000000004,-0.045
2025-26,1626162,Kelly Oubre Jr.,PHI,41,179,0.642,0.635,-0.007000000000000006,0.008
2025-26,1629652,Luguentz Dort,OKC,58,177,0.576,0.633,0.05700000000000005,-0.057
2025-26,1642860,Will Riley,WAS,59,177,0.655,0.62,-0.03500000000000003,0.035
2025-26,1628378,Donovan Mitchell,CLE,62,176,0.602,0.638,0.03600000000000003,-0.035
2025-26,1630598,Aaron Wiggins,OKC,56,175,0.611,0.639,0.028000000000000025,-0.028
2025-26,1642268,Isaiah Collier,UTA,58,174,0.701,0.639,-0.061999999999999944,0.062
2025-26,1642346,Ryan Dunn,PHX,62,174,0.563,0.632,0.06900000000000006,-0.069
2025-26,1629048,Goga Bitadze,ORL,51,173,0.566,0.633,0.06700000000000006,-0.067
2025-26,1630172,Patrick Williams,CHI,60,173,0.659,0.642,-0.017000000000000015,0.017
2025-26,1630696,Dru Smith,MIA,67,173,0.613,0.623,0.010000000000000009,-0.01
2025-26,1630695,Micah Potter,IND,34,173,0.653,0.636,-0.017000000000000015,0.017
2025-26,1631107,Nikola Jović,MIA,44,172,0.605,0.631,0.026000000000000023,-0.026
2025-26,1628374,Lauri Markkanen,UTA,42,172,0.634,0.64,0.006000000000000005,-0.006
2025-26,1641842,Ronald Holland II,DET,66,170,0.588,0.627,0.039000000000000035,-0.039
2025-26,203924,Jerami Grant,POR,55,170,0.659,0.63,-0.029000000000000026,0.028
2025-26,1629645,Kevin Porter Jr.,MIL,38,170,0.582,0.632,0.050000000000000044,-0.049
2025-26,1642954,Will Richard,GSW,59,170,0.635,0.616,-0.019000000000000017,0.019
2025-26,203471,Dennis Schröder,CLE,60,169,0.675,0.627,-0.04800000000000004,0.047
2025-26,203114,Khris Middleton,DAL,53,168,0.583,0.638,0.05500000000000005,-0.054
2025-26,1631097,Bennedict Mathurin,LAC,44,167,0.593,0.641,0.04800000000000004,-0.048
2025-26,1629750,Javonte Green,DET,69,166,0.572,0.64,0.06800000000000006,-0.067
2025-26,1630311,Pat Spencer,GSW,49,165,0.648,0.631,-0.017000000000000015,0.018
2025-26,1642262,Cody Williams,UTA,54,164,0.604,0.637,0.03300000000000003,-0.033
2025-26,203084,Harrison Barnes,SAS,66,164,0.64,0.642,0.0020000000000000018,-0.002
2025-26,1630533,Ziaire Williams,BKN,49,162,0.648,0.627,-0.02100000000000002,0.021
2025-26,1630208,Nick Richards,CHI,45,162,0.667,0.653,-0.014000000000000012,0.013
2025-26,1641775,Jordan Walsh,BOS,55,161,0.571,0.614,0.04300000000000004,-0.043
2025-26,1631248,Baylor Scheierman,BOS,62,161,0.565,0.621,0.05600000000000005,-0.056
2025-26,1641713,GG Jackson,MEM,43,161,0.621,0.634,0.013000000000000012,-0.012
2025-26,1631099,Keegan Murray,SAC,23,160,0.613,0.638,0.025000000000000022,-0.026
2025-26,203935,Marcus Smart,LAL,60,160,0.638,0.625,-0.013000000000000012,0.012
2025-26,1642364,Jamir Watkins,WAS,35,159,0.635,0.637,0.0020000000000000018,-0.002
2025-26,1629637,Jaxson Hayes,LAL,59,159,0.635,0.639,0.0040000000000000036,-0.004
2025-26,1629057,Robert Williams III,POR,49,159,0.478,0.645,0.16700000000000004,-0.167
2025-26,1630692,Jordan Goodwin,PHX,61,158,0.652,0.624,-0.028000000000000025,0.028
2025-26,1631128,Christian Braun,DEN,35,157,0.669,0.642,-0.027000000000000024,0.027
2025-26,1642383,Walter Clayton Jr.,MEM,60,157,0.682,0.622,-0.06000000000000005,0.06
2025-26,1628960,Grayson Allen,PHX,44,157,0.656,0.625,-0.031000000000000028,0.031
2025-26,1630194,Paul Reed,DET,51,157,0.548,0.634,0.08599999999999997,-0.086
2025-26,1628997,Caleb Martin,DAL,57,156,0.583,0.628,0.04500000000000004,-0.045
2025-26,1630538,Bones Hyland,MIN,60,156,0.635,0.622,-0.013000000000000012,0.013
2025-26,1626181,Norman Powell,MIA,51,156,0.705,0.635,-0.06999999999999995,0.07
2025-26,201587,Nicolas Batum,LAC,63,155,0.606,0.623,0.017000000000000015,-0.016
2025-26,1642272,Jared McCain,OKC,55,154,0.604,0.627,0.02300000000000002,-0.023
2025-26,1629006,Josh Okogie,HOU,64,153,0.601,0.625,0.02400000000000002,-0.024
2025-26,203991,Clint Capela,HOU,62,153,0.49,0.636,0.14600000000000002,-0.146
2025-26,1630198,Isaiah Joe,OKC,62,152,0.625,0.64,0.015000000000000013,-0.015
2025-26,1629001,De'Anthony Melton,GSW,40,152,0.678,0.636,-0.04200000000000004,0.041
2025-26,1629723,John Konchar,UTA,43,152,0.691,0.641,-0.04999999999999993,0.05
2025-26,1631243,Mouhamed Gueye,ATL,66,150,0.58,0.64,0.06000000000000005,-0.06
2025-26,1627824,Guerschon Yabusele,CHI,58,149,0.631,0.638,0.007000000000000006,-0.007
2025-26,203500,Steven Adams,HOU,32,149,0.651,0.646,-0.0050000000000000044,0.005
2025-26,1642849,Nolan Traore,BKN,46,148,0.662,0.631,-0.031000000000000028,0.031
2025-26,1629631,De'Andre Hunter,SAC,45,148,0.628,0.646,0.018000000000000016,-0.018
2025-26,1631323,Simone Fontecchio,MIA,61,147,0.571,0.627,0.05600000000000005,-0.056
2025-26,1629661,Cameron Johnson,DEN,45,147,0.673,0.636,-0.03700000000000003,0.038
2025-26,203939,Dwight Powell,DAL,47,147,0.605,0.647,0.04200000000000004,-0.042
2025-26,1631106,Tari Eason,HOU,48,145,0.662,0.637,-0.025000000000000022,0.025
2025-26,202685,Jonas Valančiūnas,DEN,57,143,0.566,0.634,0.06800000000000006,-0.068
2025-26,1631200,Kris Murray,POR,46,141,0.56,0.623,0.06299999999999994,-0.063
2025-26,1631321,Sidy Cissoko,POR,61,141,0.624,0.638,0.014000000000000012,-0.014
2025-26,1628418,Thomas Bryant,CLE,49,141,0.589,0.631,0.04200000000000004,-0.042
2025-26,203897,Zach LaVine,SAC,39,141,0.752,0.657,-0.09499999999999997,0.094
2025-26,1631121,Bryce McGowens,NOP,40,141,0.73,0.655,-0.07499999999999996,0.076
2025-26,1627741,Buddy Hield,ATL,48,141,0.596,0.61,0.014000000000000012,-0.015
2025-26,1629012,Collin Sexton,CHI,56,140,0.6,0.621,0.02100000000000002,-0.021
2025-26,201950,Jrue Holiday,POR,42,140,0.6,0.631,0.031000000000000028,-0.031
2025-26,1629020,Jarred Vanderbilt,LAL,54,140,0.657,0.639,-0.018000000000000016,0.018
2025-26,1628370,Malik Monk,SAC,54,139,0.647,0.615,-0.03200000000000003,0.032
2025-26,1642450,Daniss Jenkins,DET,57,139,0.669,0.623,-0.04600000000000004,0.046
2025-26,1630241,Sam Merrill,CLE,45,139,0.655,0.642,-0.013000000000000012,0.012
2025-26,1642928,Dylan Cardwell,SAC,33,139,0.547,0.632,0.08499999999999996,-0.085
2025-26,1642347,Jamal Shead,TOR,69,139,0.719,0.621,-0.09799999999999998,0.099
2025-26,1642869,Noah Penda,ORL,49,138,0.623,0.638,0.015000000000000013,-0.015
2025-26,1628392,Isaiah Hartenstein,OKC,39,138,0.5,0.643,0.14300000000000002,-0.143
2025-26,202691,Klay Thompson,DAL,61,138,0.543,0.623,0.07999999999999996,-0.079
2025-26,1629632,Coby White,CHA,40,136,0.588,0.626,0.038000000000000034,-0.038
2025-26,1627734,Domantas Sabonis,SAC,19,136,0.676,0.646,-0.030000000000000027,0.03
2025-26,1627780,Gary Payton II,GSW,61,135,0.622,0.631,0.009000000000000008,-0.009
2025-26,1629636,Darius Garland,LAC,35,135,0.681,0.632,-0.049000000000000044,0.049
2025-26,1630631,Jose Alvarado,NYK,59,134,0.701,0.634,-0.06699999999999995,0.068
2025-26,1642864,Hugo González,BOS,64,133,0.541,0.633,0.09199999999999997,-0.092
2025-26,1642461,Spencer Jones,DEN,57,132,0.614,0.633,0.019000000000000017,-0.019
2025-26,1641767,Ben Sheppard,IND,59,132,0.636,0.631,-0.0050000000000000044,0.006
2025-26,1642920,Kobe Sanders,LAC,58,132,0.576,0.628,0.052000000000000046,-0.053
2025-26,201939,Stephen Curry,GSW,39,131,0.603,0.625,0.02200000000000002,-0.022
2025-26,203903,Jordan Clarkson,NYK,58,131,0.58,0.623,0.04300000000000004,-0.043
2025-26,202710,Jimmy Butler III,GSW,38,131,0.695,0.636,-0.05899999999999994,0.059
2025-26,204001,Kristaps Porziņģis,GSW,24,130,0.546,0.648,0.10199999999999998,-0.102
2025-26,1642844,Dylan Harper,SAS,58,127,0.583,0.624,0.041000000000000036,-0.041
2025-26,1627747,Caris LeVert,DET,50,126,0.579,0.623,0.04400000000000004,-0.044
2025-26,1642948,Ryan Nembhard,DAL,50,126,0.587,0.624,0.03700000000000003,-0.036
2025-26,1642962,Drake Powell,BKN,51,125,0.672,0.622,-0.050000000000000044,0.05
2025-26,1630192,Zeke Nnaji,DEN,41,125,0.512,0.636,0.124,-0.124
2025-26,203507,Giannis Antetokounmpo,MIL,36,125,0.504,0.638,0.134,-0.134
2025-26,201567,Kevin Love,UTA,35,123,0.699,0.654,-0.04499999999999993,0.046
2025-26,1641711,Gradey Dick,TOR,61,123,0.707,0.615,-0.09199999999999997,0.093
2025-26,1642857,Kasparas Jakučionis,MIA,41,122,0.656,0.633,-0.02300000000000002,0.023
2025-26,1629004,Svi Mykhailiuk,UTA,48,120,0.692,0.638,-0.05399999999999994,0.053
2025-26,1631218,Trayce Jackson-Davis,TOR,41,120,0.483,0.628,0.14500000000000002,-0.145
2025-26,203076,Anthony Davis,WAS,20,120,0.55,0.646,0.09599999999999997,-0.096
2025-26,1630570,Trendon Watford,PHI,46,119,0.647,0.636,-0.01100000000000001,0.012
2025-26,1627884,Derrick Jones Jr.,LAC,39,118,0.593,0.641,0.04800000000000004,-0.047
2025-26,1642277,Johnny Furphy,IND,34,118,0.653,0.634,-0.019000000000000017,0.018
2025-26,1631246,Vince Williams Jr.,UTA,40,118,0.602,0.64,0.038000000000000034,-0.038
2025-26,1630557,Corey Kispert,ATL,50,118,0.559,0.625,0.06599999999999995,-0.066
2025-26,202331,Paul George,PHI,27,117,0.598,0.62,0.02200000000000002,-0.021
2025-26,1641712,Rayan Rupert,MEM,54,117,0.607,0.618,0.01100000000000001,-0.012
2025-26,1642348,Justin Edwards,PHI,46,115,0.687,0.618,-0.06900000000000006,0.069
2025-26,1630560,Cam Thomas,MIL,42,115,0.722,0.641,-0.08099999999999996,0.081
2025-26,1629673,Jordan Poole,NOP,35,115,0.626,0.623,-0.0030000000000000027,0.003
2025-26,1631245,Quenton Jackson,IND,36,114,0.553,0.639,0.08599999999999997,-0.086
2025-26,1630540,Miles McBride,NYK,35,113,0.619,0.626,0.007000000000000006,-0.007
2025-26,1626145,Tyus Jones,DEN,62,113,0.735,0.618,-0.11699999999999999,0.116
2025-26,1642949,Yanic Konan Niederhäuser,LAC,34,113,0.584,0.631,0.04700000000000004,-0.047
2025-26,201144,Mike Conley,MIN,46,113,0.628,0.624,-0.0040000000000000036,0.004
2025-26,1629234,Drew Eubanks,SAC,41,113,0.602,0.658,0.05600000000000005,-0.056
2025-26,1631169,Josh Minott,BKN,41,112,0.554,0.637,0.08299999999999996,-0.084
2025-26,1629639,Tyler Herro,MIA,24,112,0.616,0.615,-0.0010000000000000009,0.001
2025-26,203932,Aaron Gordon,DEN,29,112,0.652,0.646,-0.006000000000000005,0.006
2025-26,1642265,Rob Dillingham,CHI,50,111,0.64,0.631,-0.009000000000000008,0.009
2025-26,1630264,Anthony Gill,WAS,35,111,0.631,0.634,0.0030000000000000027,-0.003
2025-26,1630532,Franz Wagner,ORL,28,108,0.611,0.636,0.025000000000000022,-0.025
2025-26,1629018,Gary Trent Jr.,MIL,51,108,0.639,0.623,-0.016000000000000014,0.016
2025-26,1630534,Ochai Agbaji,BKN,54,107,0.598,0.619,0.02100000000000002,-0.021
2025-26,1631133,Jabari Walker,PHI,57,105,0.648,0.652,0.0040000000000000036,-0.005
2025-26,1630702,Jaden Hardy,WAS,43,102,0.608,0.619,0.01100000000000001,-0.011
2025-26,1642879,Ben Saraf,BKN,32,101,0.713,0.622,-0.09099999999999997,0.091
2025-26,1627936,Alex Caruso,OKC,48,101,0.653,0.64,-0.013000000000000012,0.013
2025-26,1641772,Nae'Qwan Tomlin,CLE,52,101,0.545,0.63,0.08499999999999996,-0.086
2025-26,1642942,Jahmai Mashack,MEM,22,101,0.703,0.64,-0.06299999999999994,0.063
2025-26,1631172,Ousmane Dieng,MIL,45,101,0.634,0.629,-0.0050000000000000044,0.005
2025-26,1642349,Ajay Mitchell,OKC,49,100,0.55,0.617,0.06699999999999995,-0.067
2025-26,1630619,Moussa Cisse,DAL,32,98,0.571,0.644,0.07300000000000006,-0.073
2025-26,1642275,Tidjane Salaün,CHA,34,97,0.536,0.614,0.07799999999999996,-0.078
2025-26,1631093,Jaden Ivey,CHI,37,97,0.629,0.615,-0.014000000000000012,0.014
2025-26,1630579,Jericho Sims,MIL,52,96,0.656,0.648,-0.008000000000000007,0.008
2025-26,203484,Kentavious Caldwell-Pope,MEM,50,96,0.771,0.636,-0.135,0.135
2025-26,204456,T.J. McConnell,IND,52,96,0.615,0.618,0.0030000000000000027,-0.004
2025-26,1641740,Jaylen Clark,MIN,57,96,0.573,0.633,0.06000000000000005,-0.06
2025-26,1641738,Kobe Brown,IND,48,95,0.579,0.626,0.04700000000000004,-0.047
2025-26,1629013,Landry Shamet,NYK,44,94,0.596,0.61,0.014000000000000012,-0.015
2025-26,1631126,Caleb Love,POR,43,94,0.745,0.623,-0.122,0.122
2025-26,1642914,Javon Small,MEM,33,94,0.606,0.612,0.006000000000000005,-0.006
2025-26,1631213,Tyrese Martin,PHI,43,91,0.582,0.629,0.04700000000000004,-0.047
2025-26,1626156,D'Angelo Russell,WAS,26,90,0.5,0.614,0.11399999999999999,-0.114
2025-26,1630544,Tre Mann,CHA,43,90,0.7,0.633,-0.06699999999999995,0.067
2025-26,1628366,Lonzo Ball,CLE,35,88,0.568,0.631,0.06300000000000006,-0.062
2025-26,1630574,Ariel Hukporti,NYK,44,88,0.534,0.63,0.09599999999999997,-0.096
2025-26,1642854,Asa Newell,ATL,36,87,0.552,0.638,0.08599999999999997,-0.086
2025-26,1631207,Dalen Terry,PHI,38,87,0.586,0.608,0.02200000000000002,-0.022
2025-26,1631114,Jalen Williams,OKC,26,87,0.54,0.641,0.10099999999999998,-0.101
2025-26,1630592,Jalen Wilson,BKN,42,87,0.644,0.623,-0.02100000000000002,0.021
2025-26,203937,Kyle Anderson,MIN,33,86,0.791,0.633,-0.15800000000000003,0.158
2025-26,1641722,Jordan Hawkins,NOP,42,86,0.663,0.625,-0.038000000000000034,0.038
2025-26,1631132,Christian Koloko,ATL,23,84,0.56,0.635,0.07499999999999996,-0.076
2025-26,203914,Gary Harris,MIL,44,82,0.695,0.628,-0.06699999999999995,0.067
2025-26,1628975,Jevon Carter,ORL,37,81,0.617,0.626,0.009000000000000008,-0.008
2025-26,1642868,Carter Bryant,SAS,57,81,0.481,0.623,0.14200000000000002,-0.141
2025-26,1642877,Micah Peavy,NOP,48,81,0.531,0.639,0.10799999999999998,-0.108
2025-26,1629026,Kenrich Williams,OKC,46,80,0.65,0.653,0.0030000000000000027,-0.003
2025-26,1628371,Jonathan Isaac,ORL,45,79,0.519,0.638,0.119,-0.119
2025-26,1642278,Tyler Kolek,NYK,48,79,0.57,0.614,0.04400000000000004,-0.045
2025-26,1642382,Branden Carlson,OKC,32,78,0.603,0.628,0.025000000000000022,-0.025
2025-26,1629630,Ja Morant,MEM,20,76,0.539,0.635,0.09599999999999997,-0.095
2025-26,1631123,Jamaree Bouyea,PHX,35,76,0.618,0.63,0.01200000000000001,-0.011
2025-26,1628467,Maxi Kleber,LAL,33,76,0.684,0.624,-0.06000000000000005,0.06
2025-26,1631124,Julian Strawther,DEN,42,75,0.68,0.641,-0.039000000000000035,0.039
2025-26,1642261,Dalton Knecht,LAL,40,74,0.689,0.627,-0.061999999999999944,0.063
2025-26,1630228,Jonathan Kuminga,ATL,27,72,0.639,0.632,-0.007000000000000006,0.007
2025-26,1630703,Scoot Henderson,POR,19,72,0.569,0.643,0.07400000000000007,-0.074
2025-26,1629618,Jalen Pickett,DEN,39,72,0.542,0.618,0.07599999999999996,-0.076
2025-26,1627827,Dorian Finney-Smith,HOU,33,71,0.718,0.649,-0.06899999999999995,0.07
2025-26,1629216,Gabe Vincent,ATL,43,70,0.629,0.625,-0.0040000000000000036,0.003
2025-26,1642863,Khaman Maluach,PHX,34,70,0.457,0.638,0.181,-0.18
2025-26,1630224,Jalen Green,PHX,23,70,0.471,0.623,0.15200000000000002,-0.152
2025-26,1631250,Pete Nance,MIL,29,70,0.671,0.611,-0.06000000000000005,0.06
2025-26,1629684,Grant Williams,CHA,27,69,0.638,0.626,-0.01200000000000001,0.011
2025-26,203482,Kelly Olynyk,SAS,36,68,0.618,0.637,0.019000000000000017,-0.019
2025-26,1628396,Tony Bradley,IND,32,68,0.544,0.648,0.10399999999999998,-0.104
2025-26,1642853,Rasheer Fleming,PHX,39,67,0.507,0.617,0.10999999999999999,-0.11
2025-26,1630182,Josh Green,CHA,47,67,0.627,0.639,0.01200000000000001,-0.012
2025-26,1629021,Moritz Wagner,ORL,28,66,0.636,0.663,0.027000000000000024,-0.026
2025-26,1641724,Jett Howard,ORL,44,65,0.6,0.631,0.031000000000000028,-0.031
2025-26,203992,Bogdan Bogdanović,LAC,19,65,0.708,0.633,-0.07499999999999996,0.075
2025-26,1630175,Cole Anthony,MIL,33,65,0.662,0.626,-0.03600000000000003,0.036
2025-26,1631110,Jeremy Sochan,NYK,33,65,0.631,0.631,0.0,0.0
2025-26,1641989,Elijah Harkless,UTA,20,65,0.738,0.636,-0.10199999999999998,0.102
2025-26,1642866,Joan Beringer,MIN,30,64,0.516,0.62,0.10399999999999998,-0.105
2025-26,1631342,Daeqwon Plowden,SAC,22,62,0.548,0.635,0.08699999999999997,-0.086
2025-26,1642419,Jamison Battle,TOR,42,61,0.541,0.629,0.08799999999999997,-0.088
2025-26,1628988,Aaron Holiday,HOU,40,61,0.721,0.632,-0.08899999999999997,0.09
2025-26,1629027,Trae Young,WAS,15,59,0.729,0.612,-0.11699999999999999,0.117
2025-26,1642878,Tyrese Proctor,CLE,36,58,0.586,0.62,0.03400000000000003,-0.034
2025-26,1643007,Taelon Peter,IND,27,58,0.69,0.627,-0.06299999999999994,0.063
2025-26,1642905,Yang Hansen,POR,38,58,0.586,0.624,0.038000000000000034,-0.038
2025-26,1642880,Kam Jones,IND,25,57,0.632,0.627,-0.0050000000000000044,0.005
2025-26,1630536,Sharife Cooper,WAS,27,57,0.684,0.616,-0.06800000000000006,0.069
2025-26,1642885,Mohamed Diawara,NYK,51,56,0.679,0.628,-0.051000000000000045,0.05
2025-26,1630811,Keaton Wallace,ATL,40,55,0.691,0.633,-0.05799999999999994,0.058
2025-26,1642859,Jase Richardson,ORL,39,55,0.618,0.627,0.009000000000000008,-0.009
2025-26,1641871,Duop Reath,POR,28,55,0.527,0.603,0.07599999999999996,-0.076
2025-26,1630526,Jeremiah Robinson-Earl,DAL,21,54,0.778,0.659,-0.119,0.119
2025-26,1642353,Cam Christie,LAC,42,54,0.574,0.624,0.050000000000000044,-0.05
2025-26,1629660,Ty Jerome,MEM,14,52,0.654,0.658,0.0040000000000000036,-0.004
2025-26,1631159,Leonard Miller,CHI,25,51,0.627,0.635,0.008000000000000007,-0.007
2025-26,1641790,PJ Hall,CHA,16,51,0.529,0.636,0.10699999999999998,-0.107
2025-26,1642066,Myron Gardner,MIA,32,49,0.673,0.629,-0.04400000000000004,0.045
2025-26,1626172,Kevon Looney,NOP,18,47,0.766,0.665,-0.10099999999999998,0.101
2025-26,1629599,Amir Coffey,PHX,37,46,0.457,0.613,0.15599999999999997,-0.157
2025-26,1626204,Larry Nance Jr.,CLE,27,46,0.652,0.639,-0.013000000000000012,0.013
2025-26,1642269,Devin Carter,SAC,26,45,0.8,0.626,-0.17400000000000004,0.174
2025-26,1630587,Isaiah Livers,PHX,32,45,0.622,0.623,0.0010000000000000009,-0.001
2025-26,1641733,Nick Smith Jr.,LAL,22,43,0.698,0.641,-0.05699999999999994,0.056
2025-26,1631117,Walker Kessler,UTA,5,43,0.605,0.641,0.03600000000000003,-0.036
2025-26,1642358,AJ Johnson,DAL,33,42,0.548,0.589,0.040999999999999925,-0.041
2025-26,1627749,Dejounte Murray,NOP,10,42,0.738,0.653,-0.08499999999999996,0.085
2025-26,1642862,Liam McNeeley,CHA,26,42,0.619,0.646,0.027000000000000024,-0.027
2025-26,1642352,Keshad Johnson,MIA,18,41,0.439,0.62,0.181,-0.181
2025-26,1641744,Zach Edey,MEM,11,41,0.439,0.651,0.21200000000000002,-0.212
2025-26,1642354,KJ Simpson,DEN,14,41,0.585,0.624,0.039000000000000035,-0.039
2025-26,1641747,DaRon Holmes II,DEN,17,40,0.6,0.621,0.02100000000000002,-0.021
2025-26,1630256,Jae'Sean Tate,HOU,29,40,0.6,0.619,0.019000000000000017,-0.019
2025-26,1641715,Cam Whitmore,WAS,21,39,0.718,0.634,-0.08399999999999996,0.084
2025-26,1641778,Leaky Black,WAS,5,38,0.632,0.624,-0.008000000000000007,0.007
2025-26,1626192,Pat Connaughton,CHA,30,38,0.553,0.635,0.08199999999999996,-0.083
2025-26,1631131,Oscar Tshiebwe,UTA,15,38,0.711,0.65,-0.06099999999999994,0.06
2025-26,1641763,Julian Phillips,MIN,34,37,0.568,0.616,0.04800000000000004,-0.048
2025-26,1642367,Jonathan Mogbo,TOR,22,37,0.541,0.604,0.06299999999999994,-0.063
2025-26,1626166,Cameron Payne,PHI,15,37,0.622,0.62,-0.0020000000000000018,0.002
2025-26,1630590,Scotty Pippen Jr.,MEM,10,36,0.75,0.616,-0.134,0.134
2025-26,1631166,Drew Timme,LAL,17,36,0.667,0.651,-0.016000000000000014,0.016
2025-26,1642355,Bronny James,LAL,26,35,0.829,0.64,-0.18899999999999995,0.188
2025-26,1630545,Terrence Shannon Jr.,MIN,32,35,0.714,0.658,-0.05599999999999994,0.056
2025-26,1628380,Zach Collins,CHI,10,35,0.571,0.622,0.051000000000000045,-0.051
2025-26,1641748,Andre Jackson Jr.,MIL,29,35,0.629,0.619,-0.010000000000000009,0.009
2025-26,203926,Doug McDermott,SAC,18,35,0.6,0.602,0.0020000000000000018,-0.002
2025-26,1630679,Ethan Thompson,IND,21,35,0.714,0.604,-0.10999999999999999,0.11
2025-26,1642964,Brooks Barnhizer,OKC,31,34,0.559,0.622,0.06299999999999994,-0.064
2025-26,1631104,Blake Wesley,POR,21,34,0.706,0.628,-0.07799999999999996,0.078
2025-26,1631174,Tyler Burton,MEM,6,34,0.765,0.66,-0.10499999999999998,0.105
2025-26,1631103,Malaki Branham,WAS,25,34,0.676,0.637,-0.039000000000000035,0.04
2025-26,1631288,Jamal Cain,ORL,23,34,0.647,0.624,-0.02300000000000002,0.024
2025-26,1631204,Marcus Sasser,DET,23,34,0.676,0.644,-0.03200000000000003,0.032
2025-26,1641771,Jalen Slawson,IND,5,33,0.606,0.646,0.040000000000000036,-0.04
2025-26,1643016,Bez Mbeng,UTA,5,32,0.5,0.616,0.11599999999999999,-0.116
2025-26,1629680,Matisse Thybulle,POR,19,32,0.656,0.632,-0.02400000000000002,0.024
2025-26,101108,Chris Paul,LAC,16,31,0.677,0.614,-0.06300000000000006,0.063
2025-26,1629726,Garrison Mathews,IND,14,31,0.71,0.611,-0.09899999999999998,0.098
2025-26,1631120,JD Davison,HOU,20,30,0.567,0.628,0.061000000000000054,-0.061
2025-26,1642882,Julian Reese,WAS,5,29,0.655,0.6,-0.05500000000000005,0.055
2025-26,1642502,Malevy Leons,GSW,18,28,0.571,0.615,0.04400000000000004,-0.043
2025-26,1641726,Dereck Lively II,DAL,7,28,0.643,0.637,-0.006000000000000005,0.006
2025-26,1627752,Taurean Prince,MIL,15,28,0.679,0.623,-0.05600000000000005,0.056
2025-26,1630699,MarJon Beauchamp,PHI,8,28,0.571,0.619,0.04800000000000004,-0.048
2025-26,1630167,Obi Toppin,IND,13,27,0.667,0.641,-0.026000000000000023,0.026
2025-26,1629162,Jordan McLaughlin,SAS,29,27,0.778,0.581,-0.19700000000000006,0.197
2025-26,1630214,Xavier Tillman,CHA,21,27,0.63,0.627,-0.0030000000000000027,0.002
2025-26,203486,Mason Plumlee,SAS,16,27,0.667,0.639,-0.028000000000000025,0.028
2025-26,201599,DeAndre Jordan,NOP,10,26,0.5,0.656,0.15600000000000003,-0.156
2025-26,1641816,Hunter Tyson,DEN,20,25,0.64,0.627,-0.013000000000000012,0.013
2025-26,1631199,Ron Harper Jr.,BOS,18,24,0.583,0.594,0.01100000000000001,-0.01
2025-26,1643158,Andersson Garcia,UTA,4,24,0.5,0.622,0.122,-0.122
2025-26,1642950,Lachlan Olbrich,CHI,19,24,0.625,0.612,-0.013000000000000012,0.013
2025-26,1628502,Nigel Hayes-Davis,PHX,18,24,0.542,0.653,0.11099999999999999,-0.111
2025-26,1628449,Chris Boucher,BOS,8,23,0.478,0.631,0.15300000000000002,-0.152
2025-26,1630610,DeJon Jarreau,MEM,5,23,0.652,0.659,0.007000000000000006,-0.007
2025-26,1643052,Chaney Johnson,BKN,6,22,0.545,0.637,0.09199999999999997,-0.092
2025-26,1630165,Killian Hayes,SAC,13,21,0.714,0.625,-0.08899999999999997,0.089
2025-26,1641755,Kevin McCullar Jr.,NYK,14,21,0.762,0.641,-0.121,0.121
2025-26,1642484,RayJ Dennis,ATL,13,21,0.81,0.611,-0.19900000000000007,0.199
2025-26,1630322,Lindy Waters III,SAS,30,20,0.6,0.643,0.04300000000000004,-0.043
2025-26,202687,Bismack Biyombo,SAS,18,20,0.85,0.623,-0.22699999999999998,0.227
2025-26,1642530,Yuki Kawamura,CHI,9,20,0.45,0.602,0.15199999999999997,-0.152
2025-26,1642404,Chaz Lanier,DET,16,19,0.368,0.59,0.22199999999999998,-0.222
2025-26,1631466,Nate Williams,GSW,10,19,0.684,0.645,-0.039000000000000035,0.039
2025-26,1631247,Luke Travers,CLE,11,18,0.611,0.641,0.030000000000000027,-0.03
2025-26,1642939,Miles Kelly,DAL,9,18,0.667,0.624,-0.04300000000000004,0.043
2025-26,1631451,Javonte Cooke,POR,17,18,0.667,0.623,-0.04400000000000004,0.044
2025-26,1642959,Chris Youngblood,POR,21,18,0.556,0.63,0.07399999999999995,-0.074
2025-26,1642873,Amari Williams,BOS,12,17,0.353,0.645,0.29200000000000004,-0.293
2025-26,1629622,Max Strus,CLE,4,17,0.588,0.606,0.018000000000000016,-0.018
2025-26,1628369,Jayson Tatum,BOS,7,17,0.706,0.621,-0.08499999999999996,0.085
2025-26,1630604,E.J. Liddell,BKN,13,16,0.688,0.613,-0.07499999999999996,0.075
2025-26,1642449,Tolu Smith,DET,8,16,0.625,0.623,-0.0020000000000000018,0.002
2025-26,1642918,Alijah Martin,TOR,10,16,0.75,0.641,-0.10899999999999999,0.109
2025-26,1642396,Blake Hinson,UTA,10,15,0.6,0.633,0.03300000000000003,-0.033
2025-26,1641780,Johni Broome,PHI,7,15,0.733,0.609,-0.124,0.124
2025-26,201145,Jeff Green,HOU,20,15,0.8,0.619,-0.18100000000000005,0.181
2025-26,1643133,Lawson Lovering,MEM,2,15,0.667,0.639,-0.028000000000000025,0.028
2025-26,1642876,Adou Thiero,LAL,16,14,0.857,0.642,-0.21499999999999997,0.215
2025-26,1641723,Kobe Bufkin,LAL,8,14,0.786,0.65,-0.136,0.135
2025-26,1642357,David Jones Garcia,SAS,8,14,0.429,0.578,0.14899999999999997,-0.15
2025-26,1630209,Omer Yurtseven,GSW,4,14,0.643,0.633,-0.010000000000000009,0.01
2025-26,1642359,Pacôme Dadiet,NYK,15,13,0.462,0.602,0.13999999999999996,-0.141
2025-26,1643018,LJ Cryer,GSW,9,12,0.667,0.639,-0.028000000000000025,0.028
2025-26,1631116,Patrick Baldwin Jr.,SAC,6,11,0.455,0.637,0.182,-0.182
2025-26,1630639,A.J. Lawson,TOR,11,11,0.455,0.609,0.15399999999999997,-0.154
2025-26,1630644,Mac McClung,CHI,3,11,0.455,0.6,0.14499999999999996,-0.146
2025-26,1631102,TyTy Washington Jr.,LAC,7,11,0.727,0.592,-0.135,0.136
2025-26,200768,Kyle Lowry,PHI,9,11,0.455,0.635,0.18,-0.18
2025-26,1630164,James Wiseman,IND,4,11,0.545,0.638,0.09299999999999997,-0.092
2025-26,1641809,Drew Peterson,CHA,6,11,0.455,0.621,0.16599999999999998,-0.166
2025-26,1630548,Johnny Juzang,MIN,16,11,0.636,0.646,0.010000000000000009,-0.009
2025-26,204060,Joe Ingles,MIN,13,11,0.818,0.672,-0.1459999999999999,0.147
2025-26,201959,Taj Gibson,MEM,4,11,0.636,0.636,0.0,0.0
2025-26,203967,Dario Saric,SAC,5,11,0.727,0.605,-0.122,0.123
2025-26,1627746,Skal Labissiere,WAS,3,10,0.8,0.632,-0.16800000000000004,0.168
2025-26,1631111,Wendell Moore Jr.,DET,5,10,0.4,0.605,0.20499999999999996,-0.205
2025-26,1631115,Orlando Robinson,ORL,4,10,0.9,0.589,-0.31100000000000005,0.311
2025-26,1631214,Alondes Williams,WAS,4,10,0.7,0.613,-0.08699999999999997,0.087
2025-26,203648,Thanasis Antetokounmpo,MIL,15,9,0.778,0.648,-0.13,0.13
2025-26,1641761,Grant Nelson,BKN,4,9,0.111,0.61,0.499,-0.499
2025-26,203078,Bradley Beal,LAC,6,9,0.778,0.645,-0.133,0.132
2025-26,1628998,Cody Martin,IND,4,9,0.556,0.601,0.04499999999999993,-0.046
2025-26,1628420,Monte Morris,IND,5,9,0.667,0.661,-0.006000000000000005,0.006
2025-26,1629312,Haywood Highsmith,PHX,5,9,0.556,0.613,0.05699999999999994,-0.057
2025-26,1641752,Bobi Klintman,DET,9,8,0.5,0.582,0.08199999999999996,-0.082
2025-26,1628964,Mo Bamba,UTA,4,8,0.375,0.634,0.259,-0.259
2025-26,1642260,Nikola Topić,OKC,3,8,0.5,0.63,0.13,-0.13
2025-26,1642443,Jahmir Young,MIA,9,7,0.857,0.61,-0.247,0.247
2025-26,1630623,Tyson Etienne,BKN,9,7,0.571,0.617,0.04600000000000004,-0.046
2025-26,1642933,Keshon Gilbert,ATL,3,7,0.714,0.607,-0.10699999999999998,0.107
2025-26,1642955,Kadary Richmond,WAS,3,6,0.5,0.598,0.09799999999999998,-0.098
2025-26,1641801,Emanuel Miller,SAS,5,6,0.667,0.629,-0.038000000000000034,0.038
2025-26,1643024,Chris Mañon,LAL,5,6,0.667,0.592,-0.07500000000000007,0.075
2025-26,203552,Seth Curry,GSW,4,6,0.833,0.611,-0.22199999999999998,0.223
2025-26,1642911,Rocco Zikarsky,MIN,4,5,0.8,0.722,-0.07800000000000007,0.078
2025-26,1629646,Charles Bassey,BOS,3,5,0.4,0.664,0.264,-0.264
2025-26,201569,Eric Gordon,PHI,6,5,0.4,0.601,0.20099999999999996,-0.201
2025-26,1642384,Isaiah Crawford,HOU,6,5,0.8,0.612,-0.18800000000000006,0.188
2025-26,1642282,Hunter Sallis,PHI,4,5,0.8,0.611,-0.18900000000000006,0.189
2025-26,1641998,Trey Jemison III,NYK,7,5,1.0,0.594,-0.406,0.406
2025-26,1642967,John Poulakidas,DAL,3,5,0.6,0.574,-0.026000000000000023,0.026
2025-26,1631113,Kennedy Chandler,UTA,1,5,0.4,0.637,0.237,-0.237
2025-26,202066,Garrett Temple,TOR,10,4,0.5,0.557,0.05700000000000005,-0.057
2025-26,1642434,Riley Minix,CLE,5,4,0.75,0.604,-0.14600000000000002,0.146
2025-26,1641725,Trey Alexander,NOP,4,4,0.75,0.583,-0.16700000000000004,0.168
2025-26,1642403,Isaac Jones,DET,4,4,0.75,0.503,-0.247,0.247
2025-26,1642389,Zyon Pullin,MIN,1,4,0.5,0.633,0.133,-0.133
2025-26,1642886,Koby Brea,PHX,4,4,0.25,0.59,0.33999999999999997,-0.34
2025-26,1629634,Brandon Clarke,MEM,2,4,0.5,0.657,0.15700000000000003,-0.157
2025-26,1642884,Vladislav Goldin,MIA,3,4,0.5,0.541,0.041000000000000036,-0.041
2025-26,1642402,Enrique Freeman,MIN,2,3,0.667,0.568,-0.09900000000000009,0.099
2025-26,1631205,Buddy Boeheim,OKC,2,3,0.667,0.647,-0.020000000000000018,0.019
2025-26,1641869,Malachi Smith,BKN,3,3,0.667,0.555,-0.11199999999999999,0.112
2025-26,1642368,N'Faly Dante,ATL,3,3,0.333,0.605,0.27199999999999996,-0.271
2025-26,1641813,Mark Sears,MIL,5,3,0.0,0.551,0.551,-0.551
2025-26,1631216,Caleb Houstan,ATL,6,3,1.0,0.667,-0.33299999999999996,0.333
2025-26,1641810,Antonio Reeves,CHA,7,3,0.667,0.548,-0.119,0.119
2025-26,1641794,Dillon Jones,NYK,5,3,0.667,0.515,-0.15200000000000002,0.152
2025-26,1630621,Hunter Dickinson,NOP,1,3,0.667,0.619,-0.04800000000000004,0.048
2025-26,1643141,Jahmyl Telfort,LAC,3,3,0.333,0.617,0.284,-0.283
2025-26,1642400,Tristan Enaruna,CLE,5,3,1.0,0.575,-0.42500000000000004,0.425
2025-26,1641815,Isaiah Stevens,SAC,2,3,1.0,0.553,-0.44699999999999995,0.447
2025-26,1630625,Dalano Banton,BOS,3,2,0.5,0.589,0.08899999999999997,-0.089
2025-26,1642938,Curtis Jones,DEN,5,2,0.0,0.59,0.59,-0.59
2025-26,1642935,Chucky Hepburn,TOR,2,2,1.0,0.618,-0.382,0.382
2025-26,1631223,David Roddy,DEN,2,2,0.5,0.509,0.009000000000000008,-0.009
2025-26,1642910,John Tonje,BOS,2,2,1.0,0.532,-0.46799999999999997,0.469
2025-26,1631127,Harrison Ingram,SAS,4,1,1.0,1.0,0.0,0.0
2025-26,1631210,Jacob Toppin,ATL,2,1,0.0,0.539,0.539,-0.539
2025-26,1641807,Norchad Omier,LAC,3,1,1.0,0.5,-0.5,0.5
2025-26,1641890,Tyler Smith,DAL,2,1,1.0,0.5,-0.5,0.5
2025-26,1641753,Chris Livingston,CLE,1,1,1.0,0.628,-0.372,0.372
2025-26,1643257,Jayson Kent,POR,1,1,1.0,0.917,-0.08299999999999996,0.083
2025-26,1641732,Colby Jones,DET,1,1,1.0,0.683,-0.31699999999999995,0.317
2025-26,1641787,Tosan Evbuomwan,CHA,2,1,0.0,0.542,0.542,-0.542
2025-26,1642468,Darius Brown,CLE,1,1,1.0,0.618,-0.382,0.382
