player_id,player_name,games,minutes_on_total,minutes_on_avg,on_diff_total,off_diff_total,on_off_diff_total,on_diff_avg,off_diff_avg,on_off_diff_avg,on_diff_adj_total,off_diff_adj_total,on_off_diff_adj_total,on_diff_adj_avg,off_diff_adj_avg,on_off_diff_adj_avg,first_game_date,last_game_date,latest_team_id
1629004,Mykhailiuk,1,9.2,9.2,13.0,-38.0,51.0,13.0,-38.0,51.0,1.261,-38.834,40.095,1.261,-38.834,40.095,2026-03-28,2026-03-28,1610612762
1642364,Jamir Watkins,1,0.0,0.0,0.0,-21.0,21.0,0.0,-21.0,21.0,0.0,-35.001,35.001,0.0,-35.001,35.001,2026-03-10,2026-03-10,1610612764
1628386,Allen,1,18.25,18.25,17.0,4.0,13.0,17.0,4.0,13.0,19.759,-11.843,31.602,19.759,-11.843,31.602,2026-03-27,2026-03-27,1610612739
203903,Jordan Clarkson,1,26.35,26.35,19.0,-2.0,21.0,19.0,-2.0,21.0,28.525,-1.24,29.765,28.525,-1.24,29.765,2026-03-11,2026-03-11,1610612752
1628964,Mo Bamba,1,0.0,0.0,0.0,-17.0,17.0,0.0,-17.0,17.0,0.0,-27.286,27.286,0.0,-27.286,27.286,2026-03-11,2026-03-11,1610612762
1629027,Trae Young,5,0.0,0.0,0.0,-109.0,109.0,0.0,-21.8,21.8,0.0,-135.271,135.271,0.0,-27.054,27.054,2026-03-10,2026-03-22,1610612764
1641778,Leaky Black,6,0.0,0.0,0.0,-96.0,96.0,0.0,-16.0,16.0,0.0,-160.453,160.453,0.0,-26.742,26.742,2026-03-10,2026-03-21,1610612764
1631159,Leonard Miller,1,37.68,37.68,14.0,-8.0,22.0,14.0,-8.0,22.0,18.894,-7.789,26.683,18.894,-7.789,26.683,2026-03-10,2026-03-10,1610612741
203114,Khris Middleton,1,23.77,23.77,7.0,-19.0,26.0,7.0,-19.0,26.0,7.324,-18.966,26.289,7.324,-18.966,26.289,2026-03-10,2026-03-10,1610612742
1630581,Josh Giddey,1,43.2,43.2,14.0,-8.0,22.0,14.0,-8.0,22.0,17.998,-6.893,24.891,17.998,-6.893,24.891,2026-03-10,2026-03-10,1610612741
1630311,Pat Spencer,1,30.17,30.17,18.0,-24.0,42.0,18.0,-24.0,42.0,6.832,-17.937,24.77,6.832,-17.937,24.77,2026-03-10,2026-03-10,1610612744
1642879,Ben Saraf,2,20.03,10.015,-13.0,-54.0,41.0,-6.5,-27.0,20.5,0.836,-48.265,49.101,0.418,-24.132,24.55,2026-03-10,2026-03-18,1610612751
1630168,Onyeka Okongwu,1,32.53,32.53,25.0,-13.0,38.0,25.0,-13.0,38.0,17.607,-5.965,23.572,17.607,-5.965,23.572,2026-03-10,2026-03-10,1610612737
1643052,Chaney Johnson,1,22.2,22.2,-3.0,-35.0,32.0,-3.0,-35.0,32.0,-0.154,-23.124,22.97,-0.154,-23.124,22.97,2026-03-10,2026-03-10,1610612751
1642352,Johnson,3,27.67,9.223,-2.0,-74.0,72.0,-0.667,-24.667,24.0,14.887,-54.008,68.895,4.962,-18.003,22.965,2026-03-17,2026-03-27,1610612748
1642882,Julian Reese,7,0.0,0.0,0.0,-125.0,125.0,0.0,-17.857,17.857,0.0,-158.065,158.065,0.0,-22.581,22.581,2026-03-10,2026-03-22,1610612764
1630541,Moody,1,34.18,34.18,7.0,-1.0,8.0,7.0,-1.0,8.0,18.86,-3.463,22.323,18.86,-3.463,22.323,2026-03-23,2026-03-23,1610612744
203076,Anthony Davis,8,0.0,0.0,0.0,-133.0,133.0,0.0,-16.625,16.625,0.0,-175.1,175.1,0.0,-21.888,21.888,2026-03-10,2026-03-22,1610612764
1626156,D'Angelo Russell,8,0.0,0.0,0.0,-133.0,133.0,0.0,-16.625,16.625,0.0,-175.1,175.1,0.0,-21.888,21.888,2026-03-10,2026-03-22,1610612764
1641715,Cam Whitmore,8,0.0,0.0,0.0,-133.0,133.0,0.0,-16.625,16.625,0.0,-175.1,175.1,0.0,-21.888,21.888,2026-03-10,2026-03-22,1610612764
1642273,Kyshawn George,8,0.0,0.0,0.0,-133.0,133.0,0.0,-16.625,16.625,0.0,-175.1,175.1,0.0,-21.888,21.888,2026-03-10,2026-03-22,1610612764
1630534,Ochai Agbaji,3,0.0,0.0,0.0,-56.0,56.0,0.0,-18.667,18.667,0.0,-63.659,63.659,0.0,-21.22,21.22,2026-03-10,2026-03-14,1610612751
1627739,Kris Dunn,1,23.72,23.72,17.0,8.0,9.0,17.0,8.0,9.0,18.695,-2.515,21.21,18.695,-2.515,21.21,2026-03-11,2026-03-11,1610612746
1629638,Nickeil Alexander-Walker,1,36.73,36.73,19.0,-7.0,26.0,19.0,-7.0,26.0,16.383,-4.74,21.123,16.383,-4.74,21.123,2026-03-10,2026-03-10,1610612737
201567,Love,1,14.78,14.78,-4.0,-32.0,28.0,-4.0,-32.0,28.0,-2.931,-23.995,21.063,-2.931,-23.995,21.063,2026-03-18,2026-03-18,1610612762
1629008,Porter Jr.,1,0.0,0.0,0.0,-7.0,7.0,0.0,-7.0,7.0,0.0,-20.95,20.95,0.0,-20.95,20.95,2026-03-14,2026-03-14,1610612751
1630533,Ziaire Williams,2,0.0,0.0,0.0,-49.0,49.0,0.0,-24.5,24.5,0.0,-41.64,41.64,0.0,-20.82,20.82,2026-03-10,2026-03-12,1610612751
1629627,Zion Williamson,1,31.82,31.82,20.0,-9.0,29.0,20.0,-9.0,29.0,8.549,-12.01,20.56,8.549,-12.01,20.56,2026-03-11,2026-03-11,1610612740
1630643,Jay Huff,1,31.88,31.88,3.0,-8.0,11.0,3.0,-8.0,11.0,11.379,-9.074,20.453,11.379,-9.074,20.453,2026-03-10,2026-03-10,1610612754
1628389,Bam Adebayo,2,41.9,20.95,20.0,-29.0,49.0,10.0,-14.5,24.5,31.438,-8.3,39.738,15.719,-4.15,19.869,2026-03-10,2026-03-17,1610612748
1627780,Gary Payton II,2,21.83,10.915,4.0,-26.0,30.0,2.0,-13.0,15.0,4.465,-35.167,39.631,2.232,-17.584,19.816,2026-03-10,2026-03-21,1610612744
1629011,Mitchell Robinson,1,22.3,22.3,16.0,1.0,15.0,16.0,1.0,15.0,23.543,3.743,19.8,23.543,3.743,19.8,2026-03-11,2026-03-11,1610612752
1642911,Zikarsky,1,1.77,1.77,3.0,-16.0,19.0,3.0,-16.0,19.0,-1.061,-20.403,19.342,-1.061,-20.403,19.342,2026-03-15,2026-03-15,1610612750
1631165,Keon Ellis,1,31.13,31.13,1.0,-7.0,8.0,1.0,-7.0,8.0,6.106,-12.867,18.973,6.106,-12.867,18.973,2026-03-11,2026-03-11,1610612739
1630551,Justin Champagnie,4,18.0,4.5,-7.0,-76.0,69.0,-1.75,-19.0,17.25,-14.903,-90.263,75.36,-3.726,-22.566,18.84,2026-03-10,2026-03-22,1610612764
203468,CJ McCollum,1,28.0,28.0,17.0,-5.0,22.0,17.0,-5.0,22.0,15.109,-3.467,18.576,15.109,-3.467,18.576,2026-03-10,2026-03-10,1610612737
201959,Gibson,7,65.44,9.349,-5.0,-126.0,121.0,-0.714,-18.0,17.286,2.17,-126.704,128.872,0.31,-18.101,18.41,2026-03-13,2026-03-27,1610612763
1642848,Tre Johnson,3,22.63,7.543,-14.0,-60.0,46.0,-4.667,-20.0,15.333,-16.139,-70.785,54.645,-5.38,-23.595,18.215,2026-03-10,2026-03-22,1610612764
1630217,Desmond Bane,1,35.73,35.73,3.0,3.0,0.0,3.0,3.0,0.0,12.096,-5.336,17.432,12.096,-5.336,17.432,2026-03-11,2026-03-11,1610612753
1629660,Ty Jerome,4,24.5,6.125,8.0,-74.0,82.0,2.0,-18.5,20.5,6.212,-63.275,69.487,1.553,-15.819,17.372,2026-03-10,2026-03-21,1610612763
202695,Kawhi Leonard,3,31.52,10.507,41.0,-26.0,67.0,13.667,-8.667,22.333,27.393,-24.322,51.715,9.131,-8.107,17.238,2026-03-11,2026-03-19,1610612746
1641705,Wembanyama,8,232.1,29.012,135.0,8.0,127.0,16.875,1.0,15.875,128.362,-8.024,136.387,16.045,-1.003,17.048,2026-03-14,2026-03-28,1610612759
1630658,Castleton,1,10.32,10.32,12.0,-31.0,43.0,12.0,-31.0,43.0,5.625,-11.239,16.864,5.625,-11.239,16.864,2026-03-19,2026-03-19,1610612753
1631457,Morales,1,12.0,12.0,14.0,-33.0,47.0,14.0,-33.0,47.0,5.564,-11.177,16.741,5.564,-11.177,16.741,2026-03-19,2026-03-19,1610612753
201950,Jrue Holiday,1,31.88,31.88,1.0,-3.0,4.0,1.0,-3.0,4.0,5.097,-11.479,16.577,5.097,-11.479,16.577,2026-03-10,2026-03-10,1610612757
1630534,Agbaji,7,129.73,18.533,-2.0,-86.0,84.0,-0.286,-12.286,12.0,26.172,-88.241,114.412,3.739,-12.606,16.345,2026-03-16,2026-03-29,1610612751
1626172,Looney,1,3.65,3.65,-5.0,-27.0,22.0,-5.0,-27.0,22.0,-3.441,-19.544,16.103,-3.441,-19.544,16.103,2026-03-29,2026-03-29,1610612740
1642377,Jaylen Wells,2,21.92,10.96,1.0,-27.0,28.0,0.5,-13.5,14.0,0.446,-31.046,31.492,0.223,-15.523,15.746,2026-03-10,2026-03-13,1610612763
1642396,Blake Hinson,5,0.0,0.0,0.0,-89.0,89.0,0.0,-17.8,17.8,0.0,-76.251,76.251,0.0,-15.25,15.25,2026-03-11,2026-03-23,1610612762
1630549,Day'Ron Sharpe,8,0.0,0.0,0.0,-144.0,144.0,0.0,-18.0,18.0,0.0,-121.278,121.278,0.0,-15.16,15.16,2026-03-10,2026-03-23,1610612751
1642856,Egor Dëmin,8,0.0,0.0,0.0,-144.0,144.0,0.0,-18.0,18.0,0.0,-121.278,121.278,0.0,-15.16,15.16,2026-03-10,2026-03-23,1610612751
1641824,Matas Buzelis,1,45.2,45.2,8.0,-2.0,10.0,8.0,-2.0,10.0,13.026,-1.921,14.947,13.026,-1.921,14.947,2026-03-10,2026-03-10,1610612741
1629684,Grant Williams,2,13.63,6.815,8.0,2.0,6.0,4.0,1.0,3.0,15.35,-14.46,29.809,7.675,-7.23,14.904,2026-03-10,2026-03-11,1610612766
1642363,Nique Clifford,4,79.2,19.8,13.0,-81.0,94.0,3.25,-20.25,23.5,12.318,-47.06,59.379,3.08,-11.765,14.845,2026-03-10,2026-03-24,1610612758
1642271,Kyle Filipowski,2,27.8,13.9,-10.0,-12.0,2.0,-5.0,-6.0,1.0,-4.942,-34.418,29.477,-2.471,-17.209,14.738,2026-03-11,2026-03-15,1610612762
1642907,Cedric Coward,5,23.78,4.756,2.0,-87.0,89.0,0.4,-17.4,17.8,0.557,-72.038,72.596,0.111,-14.408,14.519,2026-03-10,2026-03-23,1610612763
203507,Giannis Antetokounmpo,6,31.97,5.328,-12.0,-95.0,83.0,-2.0,-15.833,13.833,-2.361,-88.696,86.336,-0.394,-14.783,14.389,2026-03-10,2026-03-23,1610612749
1631169,Minott,7,170.37,24.339,-8.0,-95.0,87.0,-1.143,-13.571,12.429,0.048,-100.549,100.599,0.007,-14.364,14.371,2026-03-12,2026-03-27,1610612751
1628971,Bruce Brown,1,19.73,19.73,17.0,19.0,-2.0,17.0,19.0,-2.0,7.714,-6.621,14.335,7.714,-6.621,14.335,2026-03-11,2026-03-11,1610612743
1642259,Alex Sarr,4,19.67,4.918,-9.0,-65.0,56.0,-2.25,-16.25,14.0,-17.15,-74.398,57.248,-4.288,-18.6,14.312,2026-03-10,2026-03-22,1610612764
1629611,Terance Mann,4,0.0,0.0,0.0,-93.0,93.0,0.0,-23.25,23.25,0.0,-56.945,56.945,0.0,-14.236,14.236,2026-03-10,2026-03-23,1610612751
1641774,Tristan Vukcevic,1,6.68,6.68,-11.0,-10.0,-1.0,-11.0,-10.0,-1.0,-10.392,-24.609,14.217,-10.392,-24.609,14.217,2026-03-10,2026-03-10,1610612764
1630249,Krejčí,2,28.35,14.175,20.0,-16.0,36.0,10.0,-8.0,18.0,21.166,-7.135,28.301,10.583,-3.568,14.151,2026-03-13,2026-03-15,1610612757
201572,Brook Lopez,1,24.12,24.12,17.0,8.0,9.0,17.0,8.0,9.0,15.051,1.129,13.922,15.051,1.129,13.922,2026-03-11,2026-03-11,1610612746
201935,Harden,8,281.84,35.23,79.0,-30.0,109.0,9.875,-3.75,13.625,81.006,-29.59,110.599,10.126,-3.699,13.825,2026-03-13,2026-03-27,1610612739
1642396,Hinson,3,46.97,15.657,40.0,-36.0,76.0,13.333,-12.0,25.333,17.471,-23.86,41.331,5.824,-7.953,13.777,2026-03-15,2026-03-25,1610612762
1642443,Young,1,3.87,3.87,-4.0,-26.0,22.0,-4.0,-26.0,22.0,0.833,-12.924,13.757,0.833,-12.924,13.757,2026-03-17,2026-03-17,1610612748
1630538,Bones Hyland,2,31.17,15.585,-7.0,-32.0,25.0,-3.5,-16.0,12.5,1.364,-26.05,27.414,0.682,-13.025,13.707,2026-03-10,2026-03-11,1610612750
1629661,Cameron Johnson,1,24.77,24.77,23.0,13.0,10.0,23.0,13.0,10.0,7.32,-6.228,13.548,7.32,-6.228,13.548,2026-03-11,2026-03-11,1610612743
1630567,Barnes,9,280.7,31.189,83.0,-7.0,90.0,9.222,-0.778,10.0,94.741,-25.661,120.402,10.527,-2.851,13.378,2026-03-13,2026-03-29,1610612761
1626166,Cameron Payne,1,30.23,30.23,22.0,-12.0,34.0,22.0,-12.0,34.0,12.918,-0.335,13.252,12.918,-0.335,13.252,2026-03-10,2026-03-10,1610612755
203484,Kentavious Caldwell-Pope,8,0.0,0.0,0.0,-119.0,119.0,0.0,-14.875,14.875,0.0,-103.821,103.821,0.0,-12.978,12.978,2026-03-10,2026-03-23,1610612763
1629630,Ja Morant,8,0.0,0.0,0.0,-119.0,119.0,0.0,-14.875,14.875,0.0,-103.821,103.821,0.0,-12.978,12.978,2026-03-10,2026-03-23,1610612763
1629634,Brandon Clarke,8,0.0,0.0,0.0,-119.0,119.0,0.0,-14.875,14.875,0.0,-103.821,103.821,0.0,-12.978,12.978,2026-03-10,2026-03-23,1610612763
1630583,Santi Aldama,8,0.0,0.0,0.0,-119.0,119.0,0.0,-14.875,14.875,0.0,-103.821,103.821,0.0,-12.978,12.978,2026-03-10,2026-03-23,1610612763
1630590,Scotty Pippen Jr.,8,0.0,0.0,0.0,-119.0,119.0,0.0,-14.875,14.875,0.0,-103.821,103.821,0.0,-12.978,12.978,2026-03-10,2026-03-23,1610612763
1641744,Zach Edey,8,0.0,0.0,0.0,-119.0,119.0,0.0,-14.875,14.875,0.0,-103.821,103.821,0.0,-12.978,12.978,2026-03-10,2026-03-23,1610612763
1629614,Andrew Nembhard,4,0.0,0.0,0.0,-50.0,50.0,0.0,-12.5,12.5,0.0,-51.336,51.336,0.0,-12.834,12.834,2026-03-10,2026-03-18,1610612754
1630178,Maxey,1,43.01,43.01,13.0,-9.0,22.0,13.0,-9.0,22.0,-1.523,-14.172,12.649,-1.523,-14.172,12.649,2026-03-28,2026-03-28,1610612755
1629638,Alexander-Walker,10,332.87,33.287,136.0,-38.0,174.0,13.6,-3.8,17.4,111.157,-12.445,123.602,11.116,-1.244,12.36,2026-03-12,2026-03-28,1610612737
1630679,Ethan Thompson,7,0.0,0.0,0.0,-72.0,72.0,0.0,-10.286,10.286,0.0,-85.772,85.772,0.0,-12.253,12.253,2026-03-10,2026-03-23,1610612754
1642461,Spencer Jones,1,19.68,19.68,17.0,19.0,-2.0,17.0,19.0,-2.0,6.653,-5.56,12.214,6.653,-5.56,12.214,2026-03-11,2026-03-11,1610612743
1630165,Killian Hayes,3,53.7,17.9,-3.0,-44.0,41.0,-1.0,-14.667,13.667,6.151,-30.368,36.52,2.05,-10.123,12.173,2026-03-10,2026-03-24,1610612758
1630559,Austin Reaves,1,38.47,38.47,18.0,-4.0,22.0,18.0,-4.0,22.0,10.313,-1.807,12.12,10.313,-1.807,12.12,2026-03-10,2026-03-10,1610612747
1630559,Reaves,9,360.39,40.043,98.0,-38.0,136.0,10.889,-4.222,15.111,73.813,-35.24,109.055,8.201,-3.916,12.117,2026-03-12,2026-03-27,1610612747
2544,James,9,323.85,35.983,74.0,-14.0,88.0,8.222,-1.556,9.778,73.584,-35.01,108.595,8.176,-3.89,12.066,2026-03-12,2026-03-27,1610612747
204001,Kristaps Porziņģis,3,20.22,6.74,4.0,-29.0,33.0,1.333,-9.667,11.0,-2.99,-38.688,35.698,-0.997,-12.896,11.899,2026-03-10,2026-03-21,1610612744
1642948,Ryan Nembhard,1,8.98,8.98,5.0,-17.0,22.0,5.0,-17.0,22.0,0.104,-11.746,11.85,0.104,-11.746,11.85,2026-03-10,2026-03-10,1610612742
1631094,Paolo Banchero,1,37.0,37.0,11.0,-5.0,16.0,11.0,-5.0,16.0,9.24,-2.48,11.721,9.24,-2.48,11.721,2026-03-11,2026-03-11,1610612753
1631096,Holmgren,8,230.96,28.87,98.0,-7.0,105.0,12.25,-0.875,13.125,109.55,15.845,93.707,13.694,1.981,11.713,2026-03-12,2026-03-29,1610612760
203914,Gary Harris,5,0.0,0.0,0.0,-59.0,59.0,0.0,-11.8,11.8,0.0,-58.379,58.379,0.0,-11.676,11.676,2026-03-10,2026-03-23,1610612749
1641869,Smith,8,151.35,18.919,-1.0,-80.0,79.0,-0.125,-10.0,9.875,2.875,-89.925,92.803,0.359,-11.241,11.6,2026-03-14,2026-03-29,1610612751
1630169,Tyrese Haliburton,8,0.0,0.0,0.0,-87.0,87.0,0.0,-10.875,10.875,0.0,-92.483,92.483,0.0,-11.56,11.56,2026-03-10,2026-03-23,1610612754
1642277,Johnny Furphy,8,0.0,0.0,0.0,-87.0,87.0,0.0,-10.875,10.875,0.0,-92.483,92.483,0.0,-11.56,11.56,2026-03-10,2026-03-23,1610612754
1631222,Jake LaRavia,1,24.78,24.78,13.0,1.0,12.0,13.0,1.0,12.0,10.007,-1.501,11.507,10.007,-1.501,11.507,2026-03-10,2026-03-10,1610612747
1641731,Bilal Coulibaly,3,34.65,11.55,-19.0,-37.0,18.0,-6.333,-12.333,6.0,-24.506,-58.842,34.337,-8.169,-19.614,11.446,2026-03-10,2026-03-19,1610612764
1642383,Walter Clayton Jr.,3,0.0,0.0,0.0,-34.0,34.0,0.0,-11.333,11.333,0.0,-33.694,33.694,0.0,-11.231,11.231,2026-03-10,2026-03-13,1610612763
1628983,Gilgeous-Alexander,9,297.63,33.07,88.0,21.0,67.0,9.778,2.333,7.444,123.229,22.417,100.81,13.692,2.491,11.201,2026-03-12,2026-03-29,1610612760
1631105,Duren,10,292.33,29.233,111.0,10.0,101.0,11.1,1.0,10.1,98.54,-13.028,111.567,9.854,-1.303,11.157,2026-03-12,2026-03-28,1610612765
1630631,Jose Alvarado,1,15.45,15.45,28.0,-11.0,39.0,28.0,-11.0,39.0,19.185,8.101,11.084,19.185,8.101,11.084,2026-03-11,2026-03-11,1610612752
1628997,Caleb Martin,5,0.0,0.0,0.0,-58.0,58.0,0.0,-11.6,11.6,0.0,-55.381,55.381,0.0,-11.076,11.076,2026-03-10,2026-03-23,1610612742
1630604,Liddell,8,128.82,16.102,0.0,-91.0,91.0,0.0,-11.375,11.375,-3.23,-91.614,88.382,-0.404,-11.452,11.048,2026-03-12,2026-03-29,1610612751
1630536,Sharife Cooper,1,14.68,14.68,-2.0,-19.0,17.0,-2.0,-19.0,17.0,-11.978,-23.023,11.045,-11.978,-23.023,11.045,2026-03-10,2026-03-10,1610612764
1629001,De'Anthony Melton,2,0.0,0.0,0.0,-9.0,9.0,0.0,-4.5,4.5,0.0,-22.081,22.081,0.0,-11.041,11.041,2026-03-10,2026-03-15,1610612744
1642270,Clingan,10,270.4,27.04,81.0,32.0,49.0,8.1,3.2,4.9,98.702,-11.563,110.266,9.87,-1.156,11.027,2026-03-13,2026-03-29,1610612757
1630700,Daniels,8,255.82,31.978,75.0,2.0,73.0,9.375,0.25,9.125,79.107,-8.768,87.874,9.888,-1.096,10.984,2026-03-14,2026-03-27,1610612737
1641771,Jalen Slawson,4,10.85,2.712,14.0,-41.0,55.0,3.5,-10.25,13.75,5.736,-37.867,43.603,1.434,-9.467,10.901,2026-03-10,2026-03-23,1610612754
1630828,Alex Antetokounmpo,8,0.0,0.0,0.0,-103.0,103.0,0.0,-12.875,12.875,0.0,-87.094,87.094,0.0,-10.887,10.887,2026-03-10,2026-03-23,1610612749
1629655,Gafford,4,106.48,26.62,8.0,-28.0,36.0,2.0,-7.0,9.0,11.602,-31.428,43.031,2.901,-7.857,10.758,2026-03-12,2026-03-23,1610612742
1642857,Jakučionis,9,162.14,18.016,26.0,-108.0,134.0,2.889,-12.0,14.889,35.119,-61.524,96.644,3.902,-6.836,10.738,2026-03-12,2026-03-29,1610612748
1630182,Josh Green,2,31.58,15.79,4.0,6.0,-2.0,2.0,3.0,-1.0,11.125,-10.235,21.36,5.562,-5.118,10.68,2026-03-10,2026-03-11,1610612766
1642364,Watkins,10,209.47,20.947,-31.0,-98.0,67.0,-3.1,-9.8,6.7,-27.205,-133.497,106.291,-2.721,-13.35,10.629,2026-03-12,2026-03-29,1610612764
1627783,Pascal Siakam,6,0.0,0.0,0.0,-74.0,74.0,0.0,-12.333,12.333,0.0,-63.601,63.601,0.0,-10.6,10.6,2026-03-10,2026-03-18,1610612754
201950,Holiday,10,286.45,28.645,110.0,3.0,107.0,11.0,0.3,10.7,96.464,-9.325,105.789,9.646,-0.932,10.579,2026-03-13,2026-03-29,1610612757
1642884,Goldin,1,2.35,2.35,-4.0,-26.0,22.0,-4.0,-26.0,22.0,-0.764,-11.326,10.561,-0.764,-11.326,10.561,2026-03-17,2026-03-17,1610612748
1630529,Herbert Jones,1,35.6,35.6,21.0,-10.0,31.0,21.0,-10.0,31.0,3.536,-6.997,10.534,3.536,-6.997,10.534,2026-03-11,2026-03-11,1610612740
1630578,Sengun,7,246.29,35.184,30.0,17.0,13.0,4.286,2.429,1.857,65.957,-7.619,73.575,9.422,-1.088,10.511,2026-03-18,2026-03-29,1610612745
1642874,Danny Wolf,2,27.63,13.815,-12.0,-61.0,49.0,-6.0,-30.5,24.5,-8.926,-29.777,20.851,-4.463,-14.888,10.426,2026-03-10,2026-03-23,1610612751
1626162,Oubre Jr.,1,27.67,27.67,-1.0,5.0,-6.0,-1.0,5.0,-6.0,-2.643,-13.052,10.409,-2.643,-13.052,10.409,2026-03-28,2026-03-28,1610612755
1642914,Javon Small,3,25.85,8.617,-11.0,-63.0,52.0,-3.667,-21.0,17.333,-14.029,-45.206,31.177,-4.676,-15.069,10.392,2026-03-10,2026-03-23,1610612763
201959,Taj Gibson,3,0.0,0.0,0.0,-23.0,23.0,0.0,-7.667,7.667,0.0,-31.132,31.132,0.0,-10.377,10.377,2026-03-10,2026-03-20,1610612763
1642345,Oso Ighodaro,1,20.98,20.98,17.0,-2.0,19.0,17.0,-2.0,19.0,8.774,-1.601,10.375,8.774,-1.601,10.375,2026-03-10,2026-03-10,1610612756
1630245,Ayo Dosunmu,2,19.5,9.75,-12.0,-27.0,15.0,-6.0,-13.5,7.5,-2.087,-22.599,20.513,-1.044,-11.3,10.256,2026-03-10,2026-03-11,1610612750
1630592,Jalen Wilson,5,25.05,5.01,-4.0,-65.0,61.0,-0.8,-13.0,12.2,-6.136,-57.205,51.069,-1.227,-11.441,10.214,2026-03-10,2026-03-22,1610612751
1642962,Drake Powell,3,23.35,7.783,-32.0,-48.0,16.0,-10.667,-16.0,5.333,-15.099,-45.624,30.525,-5.033,-15.208,10.175,2026-03-10,2026-03-23,1610612751
1630167,Toppin,8,143.62,17.952,12.0,-62.0,74.0,1.5,-7.75,9.25,3.168,-77.895,81.062,0.396,-9.737,10.133,2026-03-13,2026-03-29,1610612754
1628398,Kyle Kuzma,2,38.03,19.015,-16.0,-32.0,16.0,-8.0,-16.0,8.0,-6.885,-27.127,20.241,-3.442,-13.564,10.12,2026-03-10,2026-03-23,1610612749
1642358,Johnson,5,39.18,7.836,-5.0,-46.0,41.0,-1.0,-9.2,8.2,6.281,-44.221,50.502,1.256,-8.844,10.1,2026-03-12,2026-03-27,1610612742
1628989,Huerter,9,206.35,22.928,79.0,28.0,51.0,8.778,3.111,5.667,77.676,-12.826,90.5,8.631,-1.425,10.056,2026-03-12,2026-03-28,1610612765
1641739,Toumani Camara,1,35.87,35.87,-3.0,1.0,-4.0,-3.0,1.0,-4.0,1.806,-8.188,9.993,1.806,-8.188,9.993,2026-03-10,2026-03-10,1610612757
1630174,Aaron Nesmith,2,34.6,17.3,6.0,-26.0,32.0,3.0,-13.0,16.0,7.773,-12.179,19.952,3.886,-6.09,9.976,2026-03-10,2026-03-12,1610612754
1642504,Ryan,4,39.77,9.942,-5.0,-104.0,99.0,-1.25,-26.0,24.75,-14.712,-54.571,39.859,-3.678,-13.643,9.965,2026-03-19,2026-03-29,1610612749
1631288,Cain,9,168.83,18.759,26.0,-114.0,140.0,2.889,-12.667,15.556,17.658,-71.881,89.537,1.962,-7.987,9.949,2026-03-14,2026-03-29,1610612753
1641712,Rayan Rupert,5,22.28,4.456,2.0,-49.0,51.0,0.4,-9.8,10.2,-2.276,-51.799,49.524,-0.455,-10.36,9.905,2026-03-10,2026-03-21,1610612763
1630560,Cam Thomas,4,14.92,3.73,-9.0,-35.0,26.0,-2.25,-8.75,6.5,-1.676,-41.132,39.457,-0.419,-10.283,9.864,2026-03-10,2026-03-23,1610612749
1643007,Taelon Peter,5,4.82,0.964,-11.0,-42.0,31.0,-2.2,-8.4,6.2,-5.573,-54.769,49.196,-1.115,-10.954,9.839,2026-03-10,2026-03-23,1610612754
1641718,Keyonte George,7,20.05,2.864,8.0,-70.0,78.0,1.143,-10.0,11.143,1.462,-67.029,68.491,0.209,-9.576,9.784,2026-03-11,2026-03-23,1610612762
1630200,Tre Jones,1,33.48,33.48,11.0,-5.0,16.0,11.0,-5.0,16.0,10.434,0.671,9.763,10.434,0.671,9.763,2026-03-10,2026-03-10,1610612741
1630551,Champagnie,6,130.82,21.803,-4.0,-86.0,82.0,-0.667,-14.333,13.667,-23.009,-81.505,58.496,-3.835,-13.584,9.749,2026-03-12,2026-03-29,1610612764
1631221,Collin Gillespie,1,31.43,31.43,11.0,4.0,7.0,11.0,4.0,7.0,8.451,-1.278,9.73,8.451,-1.278,9.73,2026-03-10,2026-03-10,1610612756
1628973,Brunson,7,256.71,36.673,49.0,-21.0,70.0,7.0,-3.0,10.0,49.789,-18.123,67.915,7.113,-2.589,9.702,2026-03-13,2026-03-29,1610612752
1642859,Richardson,5,63.46,12.692,6.0,-87.0,93.0,1.2,-17.4,18.6,4.573,-43.834,48.407,0.915,-8.767,9.681,2026-03-16,2026-03-29,1610612753
1629656,Quentin Grimes,2,35.48,17.74,11.0,-21.0,32.0,5.5,-10.5,16.0,8.371,-10.982,19.353,4.186,-5.491,9.676,2026-03-10,2026-03-23,1610612755
1630241,Merrill,6,179.7,29.95,34.0,-8.0,42.0,5.667,-1.333,7.0,47.39,-9.767,57.157,7.898,-1.628,9.526,2026-03-17,2026-03-27,1610612739
203648,Antetokounmpo,5,28.64,5.728,-1.0,-107.0,106.0,-0.2,-21.4,21.2,-8.592,-55.991,47.399,-1.718,-11.198,9.48,2026-03-14,2026-03-25,1610612749
1641705,Victor Wembanyama,2,36.57,18.285,5.0,-1.0,6.0,2.5,-0.5,3.0,1.11,-17.741,18.851,0.555,-8.87,9.426,2026-03-10,2026-03-12,1610612759
1631323,Fontecchio,7,118.53,16.933,-23.0,-72.0,49.0,-3.286,-10.286,7.0,17.543,-48.218,65.761,2.506,-6.888,9.394,2026-03-12,2026-03-29,1610612748
203994,Jusuf Nurkić,7,0.0,0.0,0.0,-62.0,62.0,0.0,-8.857,8.857,0.0,-65.567,65.567,0.0,-9.367,9.367,2026-03-11,2026-03-23,1610612762
1628374,Lauri Markkanen,7,0.0,0.0,0.0,-62.0,62.0,0.0,-8.857,8.857,0.0,-65.567,65.567,0.0,-9.367,9.367,2026-03-11,2026-03-23,1610612762
1628991,Jaren Jackson Jr.,7,0.0,0.0,0.0,-62.0,62.0,0.0,-8.857,8.857,0.0,-65.567,65.567,0.0,-9.367,9.367,2026-03-11,2026-03-23,1610612762
1629004,Svi Mykhailiuk,7,0.0,0.0,0.0,-62.0,62.0,0.0,-8.857,8.857,0.0,-65.567,65.567,0.0,-9.367,9.367,2026-03-11,2026-03-23,1610612762
1631117,Walker Kessler,7,0.0,0.0,0.0,-62.0,62.0,0.0,-8.857,8.857,0.0,-65.567,65.567,0.0,-9.367,9.367,2026-03-11,2026-03-23,1610612762
1629008,Michael Porter Jr.,7,22.28,3.183,-31.0,-106.0,75.0,-4.429,-15.143,10.714,-16.847,-82.411,65.564,-2.407,-11.773,9.366,2026-03-10,2026-03-23,1610612751
1630545,Shannon Jr.,6,61.62,10.27,24.0,-15.0,39.0,4.0,-2.5,6.5,24.301,-31.372,55.672,4.05,-5.229,9.279,2026-03-15,2026-03-28,1610612750
1627751,Poeltl,8,206.23,25.779,50.0,10.0,40.0,6.25,1.25,5.0,70.758,-3.131,73.889,8.845,-0.391,9.236,2026-03-13,2026-03-29,1610612761
1642504,Cormac Ryan,7,0.0,0.0,0.0,-71.0,71.0,0.0,-10.143,10.143,0.0,-64.336,64.336,0.0,-9.191,9.191,2026-03-10,2026-03-23,1610612749
203999,Nikola Jokić,1,30.42,30.42,27.0,9.0,18.0,27.0,9.0,18.0,5.078,-3.986,9.064,5.078,-3.986,9.064,2026-03-11,2026-03-11,1610612743
1631095,Smith Jr.,9,344.14,38.238,43.0,-2.0,45.0,4.778,-0.222,5.0,70.929,-10.452,81.382,7.881,-1.161,9.042,2026-03-13,2026-03-29,1610612745
1628371,Isaac,1,1.42,1.42,-2.0,7.0,-9.0,-2.0,7.0,-9.0,0.719,-8.287,9.006,0.719,-8.287,9.006,2026-03-12,2026-03-12,1610612753
1627826,Ivica Zubac,3,0.0,0.0,0.0,-18.0,18.0,0.0,-6.0,6.0,0.0,-26.577,26.577,0.0,-8.859,8.859,2026-03-10,2026-03-23,1610612754
1630245,Dosunmu,6,195.09,32.515,58.0,-7.0,65.0,9.667,-1.167,10.833,31.562,-21.261,52.823,5.26,-3.544,8.804,2026-03-13,2026-03-22,1610612750
1630695,Micah Potter,3,16.08,5.36,-6.0,-33.0,27.0,-2.0,-11.0,9.0,-7.074,-33.419,26.345,-2.358,-11.14,8.782,2026-03-10,2026-03-18,1610612754
1629645,Kevin Porter Jr.,5,0.0,0.0,0.0,-66.0,66.0,0.0,-13.2,13.2,0.0,-43.775,43.775,0.0,-8.755,8.755,2026-03-10,2026-03-23,1610612749
1641767,Sheppard,9,168.4,18.711,9.0,-71.0,80.0,1.0,-7.889,8.889,-4.568,-82.999,78.431,-0.508,-9.222,8.715,2026-03-12,2026-03-29,1610612754
1641778,Black,5,148.99,29.798,14.0,-68.0,82.0,2.8,-13.6,16.4,4.518,-38.656,43.174,0.904,-7.731,8.635,2026-03-12,2026-03-29,1610612764
1641767,Ben Sheppard,2,23.28,11.64,0.0,-16.0,16.0,0.0,-8.0,8.0,4.359,-12.897,17.256,2.18,-6.448,8.628,2026-03-10,2026-03-15,1610612754
1641765,Olivier-Maxence Prosper,1,20.88,20.88,8.0,-18.0,26.0,8.0,-18.0,26.0,-1.989,-10.595,8.606,-1.989,-10.595,8.606,2026-03-10,2026-03-10,1610612763
1641713,GG Jackson,4,24.83,6.208,-26.0,-30.0,4.0,-6.5,-7.5,1.0,-17.805,-52.095,34.29,-4.451,-13.024,8.572,2026-03-10,2026-03-20,1610612763
1642880,Kam Jones,4,26.57,6.642,-8.0,-19.0,11.0,-2.0,-4.75,2.75,1.012,-33.143,34.155,0.253,-8.286,8.539,2026-03-10,2026-03-23,1610612754
1630552,Johnson,8,292.38,36.548,57.0,-14.0,71.0,7.125,-1.75,8.875,60.294,-7.968,68.262,7.537,-0.996,8.533,2026-03-12,2026-03-28,1610612737
1629018,Trent Jr.,7,167.38,23.911,-39.0,-123.0,84.0,-5.571,-17.571,12.0,-24.712,-84.416,59.702,-3.53,-12.059,8.529,2026-03-14,2026-03-29,1610612749
1642880,Jones,4,53.47,13.368,-15.0,-45.0,30.0,-3.75,-11.25,7.5,-12.049,-46.028,33.979,-3.012,-11.507,8.495,2026-03-12,2026-03-18,1610612754
1642849,Nolan Traore,2,15.97,7.985,-19.0,-30.0,11.0,-9.5,-15.0,5.5,-12.367,-29.273,16.906,-6.184,-14.637,8.453,2026-03-10,2026-03-12,1610612751
1642967,Poulakidas,4,53.68,13.42,0.0,-21.0,21.0,0.0,-5.25,5.25,1.664,-31.659,33.322,0.416,-7.915,8.33,2026-03-15,2026-03-25,1610612742
202681,Kyrie Irving,8,0.0,0.0,0.0,-73.0,73.0,0.0,-9.125,9.125,0.0,-65.985,65.985,0.0,-8.248,8.248,2026-03-10,2026-03-23,1610612742
1630619,Moussa Cisse,8,0.0,0.0,0.0,-73.0,73.0,0.0,-9.125,9.125,0.0,-65.985,65.985,0.0,-8.248,8.248,2026-03-10,2026-03-23,1610612742
1641726,Dereck Lively II,8,0.0,0.0,0.0,-73.0,73.0,0.0,-9.125,9.125,0.0,-65.985,65.985,0.0,-8.248,8.248,2026-03-10,2026-03-23,1610612742
204001,Porziņģis,8,194.93,24.366,1.0,-47.0,48.0,0.125,-5.875,6.0,36.882,-29.008,65.89,4.61,-3.626,8.236,2026-03-13,2026-03-29,1610612744
1629029,Dončić,9,347.77,38.641,68.0,-8.0,76.0,7.556,-0.889,8.444,56.097,-17.52,73.616,6.233,-1.947,8.18,2026-03-12,2026-03-27,1610612747
1631169,Josh Minott,3,21.02,7.007,-13.0,-48.0,35.0,-4.333,-16.0,11.667,-2.681,-27.101,24.42,-0.894,-9.034,8.14,2026-03-10,2026-03-22,1610612751
1630314,Brandon Williams,4,17.6,4.4,4.0,-44.0,48.0,1.0,-11.0,12.0,-0.532,-32.939,32.406,-0.133,-8.235,8.102,2026-03-10,2026-03-23,1610612742
1629723,John Konchar,4,0.0,0.0,0.0,0.0,0.0,0.0,0.0,0.0,0.0,-32.394,32.394,0.0,-8.099,8.099,2026-03-11,2026-03-19,1610612762
1629130,Robinson,9,238.75,26.528,114.0,-14.0,128.0,12.667,-1.556,14.222,75.222,2.533,72.689,8.358,0.281,8.077,2026-03-12,2026-03-28,1610612765
1630188,Jalen Smith,3,33.88,11.293,1.0,-11.0,12.0,0.333,-3.667,4.0,7.871,-16.256,24.126,2.624,-5.419,8.042,2026-03-10,2026-03-19,1610612741
1630596,Mobley,8,251.41,31.426,35.0,14.0,21.0,4.375,1.75,2.625,57.828,-6.411,64.238,7.228,-0.801,8.03,2026-03-13,2026-03-27,1610612739
1630193,Quickley,5,156.97,31.394,19.0,1.0,18.0,3.8,0.2,3.6,41.267,1.235,40.032,8.253,0.247,8.006,2026-03-13,2026-03-22,1610612761
1642846,Ace Bailey,2,35.85,17.925,3.0,-25.0,28.0,1.5,-12.5,14.0,-11.684,-27.676,15.993,-5.842,-13.838,7.996,2026-03-11,2026-03-15,1610612762
1630541,Moses Moody,7,0.0,0.0,0.0,-62.0,62.0,0.0,-8.857,8.857,0.0,-55.459,55.459,0.0,-7.923,7.923,2026-03-10,2026-03-21,1610612744
1642270,Donovan Clingan,1,26.45,26.45,-1.0,-1.0,0.0,-1.0,-1.0,0.0,0.77,-7.152,7.922,0.77,-7.152,7.922,2026-03-10,2026-03-10,1610612757
1642844,Harper,7,166.11,23.73,84.0,37.0,47.0,12.0,5.286,6.714,70.373,14.959,55.417,10.053,2.137,7.917,2026-03-12,2026-03-28,1610612759
1628384,Anunoby,8,268.68,33.585,65.0,-11.0,76.0,8.125,-1.375,9.5,60.319,-2.898,63.219,7.54,-0.362,7.902,2026-03-13,2026-03-29,1610612752
1642950,Olbrich,7,48.68,6.954,24.0,-91.0,115.0,3.429,-13.0,16.429,9.204,-45.991,55.193,1.315,-6.57,7.885,2026-03-12,2026-03-28,1610612741
203648,Thanasis Antetokounmpo,4,0.0,0.0,0.0,-26.0,26.0,0.0,-6.5,6.5,0.0,-31.54,31.54,0.0,-7.885,7.885,2026-03-10,2026-03-21,1610612749
1642866,Joan Beringer,6,3.92,0.653,5.0,-39.0,44.0,0.833,-6.5,7.333,2.646,-44.548,47.195,0.441,-7.425,7.866,2026-03-10,2026-03-20,1610612750
1642264,Castle,7,200.65,28.664,100.0,22.0,78.0,14.286,3.143,11.143,69.187,14.521,54.666,9.884,2.074,7.809,2026-03-12,2026-03-28,1610612759
1642348,Edwards,9,215.87,23.986,56.0,-58.0,114.0,6.222,-6.444,12.667,38.568,-31.342,69.91,4.285,-3.482,7.768,2026-03-12,2026-03-28,1610612755
1630264,Anthony Gill,1,25.13,25.13,-5.0,-16.0,11.0,-5.0,-16.0,11.0,-13.676,-21.325,7.649,-13.676,-21.325,7.649,2026-03-10,2026-03-10,1610612764
1630167,Obi Toppin,3,14.7,4.9,1.0,-29.0,30.0,0.333,-9.667,10.0,1.963,-20.956,22.919,0.654,-6.985,7.64,2026-03-10,2026-03-18,1610612754
1629599,Coffey,3,22.27,7.423,19.0,-13.0,32.0,6.333,-4.333,10.667,15.452,-7.4,22.853,5.151,-2.467,7.618,2026-03-12,2026-03-19,1610612756
1641890,Smith,5,33.66,6.732,-5.0,-52.0,47.0,-1.0,-10.4,9.4,-0.255,-38.164,37.91,-0.051,-7.633,7.582,2026-03-13,2026-03-27,1610612742
1630180,Saddiq Bey,1,27.77,27.77,5.0,6.0,-1.0,5.0,6.0,-1.0,2.055,-5.516,7.572,2.055,-5.516,7.572,2026-03-11,2026-03-11,1610612740
1643018,LJ Cryer,3,20.63,6.877,18.0,-37.0,55.0,6.0,-12.333,18.333,9.943,-12.761,22.704,3.314,-4.254,7.568,2026-03-10,2026-03-18,1610612744
1630558,Davion Mitchell,1,24.1,24.1,16.0,5.0,11.0,16.0,5.0,11.0,21.279,13.721,7.558,21.279,13.721,7.558,2026-03-10,2026-03-10,1610612748
1642942,Jahmai Mashack,5,27.12,5.424,-18.0,-52.0,34.0,-3.6,-10.4,6.8,-10.595,-48.272,37.677,-2.119,-9.654,7.535,2026-03-10,2026-03-23,1610612763
1641748,Andre Jackson Jr.,4,0.45,0.112,1.0,-27.0,28.0,0.25,-6.75,7.0,-0.737,-30.802,30.065,-0.184,-7.7,7.516,2026-03-10,2026-03-21,1610612749
1629029,Luka Dončić,1,34.93,34.93,20.0,-6.0,26.0,20.0,-6.0,26.0,7.983,0.523,7.46,7.983,0.523,7.46,2026-03-10,2026-03-10,1610612747
1630188,Smith,5,106.25,21.25,15.0,-44.0,59.0,3.0,-8.8,11.8,4.812,-31.591,36.403,0.962,-6.318,7.281,2026-03-12,2026-03-25,1610612741
1630530,Trey Murphy III,1,33.7,33.7,18.0,-7.0,25.0,18.0,-7.0,25.0,1.908,-5.369,7.276,1.908,-5.369,7.276,2026-03-11,2026-03-11,1610612740
203999,Jokić,10,365.92,36.592,75.0,9.0,66.0,7.5,0.9,6.6,43.078,-29.63,72.708,4.308,-2.963,7.271,2026-03-12,2026-03-29,1610612743
1631230,Dominick Barlow,1,33.52,33.52,4.0,6.0,-2.0,4.0,6.0,-2.0,9.881,2.703,7.178,9.881,2.703,7.178,2026-03-10,2026-03-10,1610612755
1630579,Jericho Sims,1,0.0,0.0,0.0,-15.0,15.0,0.0,-15.0,15.0,0.0,-7.173,7.173,0.0,-7.173,7.173,2026-03-10,2026-03-10,1610612749
1641706,Miller,8,243.74,30.468,85.0,10.0,75.0,10.625,1.25,9.375,69.138,12.303,56.835,8.642,1.538,7.104,2026-03-14,2026-03-29,1610612766
203939,Dwight Powell,3,0.0,0.0,0.0,-25.0,25.0,0.0,-8.333,8.333,0.0,-21.147,21.147,0.0,-7.049,7.049,2026-03-10,2026-03-23,1610612742
1642389,Zyon Pullin,6,0.0,0.0,0.0,-34.0,34.0,0.0,-5.667,5.667,0.0,-41.902,41.902,0.0,-6.984,6.984,2026-03-10,2026-03-20,1610612750
1642066,Gardner,7,62.89,8.984,-31.0,-60.0,29.0,-4.429,-8.571,4.143,5.806,-42.98,48.785,0.829,-6.14,6.969,2026-03-12,2026-03-29,1610612748
1628418,Thomas Bryant,1,18.62,18.62,1.0,-7.0,8.0,1.0,-7.0,8.0,0.047,-6.807,6.854,0.047,-6.807,6.854,2026-03-11,2026-03-11,1610612739
1628369,Jayson Tatum,2,26.77,13.385,-1.0,-10.0,9.0,-0.5,-5.0,4.5,2.518,-11.175,13.693,1.259,-5.587,6.846,2026-03-10,2026-03-12,1610612738
1630165,Hayes,8,135.7,16.962,17.0,-79.0,96.0,2.125,-9.875,12.0,20.547,-34.051,54.597,2.568,-4.256,6.825,2026-03-14,2026-03-29,1610612758
1627759,Brown,7,258.11,36.873,38.0,5.0,33.0,5.429,0.714,4.714,40.924,-6.808,47.734,5.846,-0.973,6.819,2026-03-12,2026-03-25,1610612738
1643052,Johnson,10,204.87,20.487,-36.0,-73.0,37.0,-3.6,-7.3,3.7,-20.255,-88.207,67.949,-2.026,-8.821,6.795,2026-03-12,2026-03-29,1610612751
1642879,Saraf,9,240.67,26.741,-31.0,-49.0,18.0,-3.444,-5.444,2.0,-12.346,-72.627,60.279,-1.372,-8.07,6.698,2026-03-12,2026-03-29,1610612751
1642530,Kawamura,4,33.22,8.305,14.0,-42.0,56.0,3.5,-10.5,14.0,4.966,-21.613,26.58,1.242,-5.403,6.645,2026-03-12,2026-03-18,1610612741
1642914,Small,8,197.54,24.692,-1.0,-78.0,77.0,-0.125,-9.75,9.625,-21.448,-73.936,52.49,-2.681,-9.242,6.561,2026-03-12,2026-03-28,1610612763
1629655,Daniel Gafford,4,25.35,6.338,-22.0,-31.0,9.0,-5.5,-7.75,2.25,-10.66,-36.591,25.931,-2.665,-9.148,6.483,2026-03-10,2026-03-16,1610612742
1631260,Green,10,225.13,22.513,-69.0,-96.0,27.0,-6.9,-9.6,2.7,-30.258,-94.876,64.619,-3.026,-9.488,6.462,2026-03-12,2026-03-29,1610612749
1641713,Jackson,7,191.76,27.394,-9.0,-88.0,79.0,-1.286,-12.571,11.286,-20.648,-65.379,44.728,-2.95,-9.34,6.39,2026-03-12,2026-03-28,1610612763
1629640,Keldon Johnson,1,23.53,23.53,6.0,3.0,3.0,6.0,3.0,3.0,2.557,-3.831,6.388,2.557,-3.831,6.388,2026-03-10,2026-03-10,1610612759
1631321,Sidy Cissoko,1,0.0,0.0,0.0,-2.0,2.0,0.0,-2.0,2.0,0.0,-6.382,6.382,0.0,-6.382,6.382,2026-03-10,2026-03-10,1610612757
1630168,Okongwu,9,255.07,28.341,77.0,11.0,66.0,8.556,1.222,7.333,73.605,16.658,56.948,8.178,1.851,6.328,2026-03-12,2026-03-27,1610612737
1642967,John Poulakidas,5,0.0,0.0,0.0,-59.0,59.0,0.0,-11.8,11.8,0.0,-31.088,31.088,0.0,-6.218,6.218,2026-03-10,2026-03-21,1610612742
1642851,Knueppel,8,227.33,28.416,60.0,35.0,25.0,7.5,4.375,3.125,65.453,15.988,49.466,8.182,1.998,6.183,2026-03-14,2026-03-29,1610612766
1629628,Barrett,9,272.45,30.272,55.0,21.0,34.0,6.111,2.333,3.778,61.931,7.15,54.781,6.881,0.794,6.087,2026-03-13,2026-03-29,1610612761
1631128,Braun,10,313.24,31.324,55.0,29.0,26.0,5.5,2.9,2.6,37.128,-23.68,60.812,3.713,-2.368,6.081,2026-03-12,2026-03-29,1610612743
1629750,Javonte Green,1,23.17,23.17,19.0,19.0,0.0,19.0,19.0,0.0,14.655,8.624,6.032,14.655,8.624,6.032,2026-03-10,2026-03-10,1610612765
1641740,Jaylen Clark,5,9.92,1.984,11.0,-32.0,43.0,2.2,-6.4,8.6,4.355,-25.51,29.866,0.871,-5.102,5.973,2026-03-10,2026-03-20,1610612750
1628963,Marvin Bagley III,1,20.65,20.65,8.0,-20.0,28.0,8.0,-20.0,28.0,-2.849,-8.793,5.944,-2.849,-8.793,5.944,2026-03-10,2026-03-10,1610612742
1627749,Murray,6,176.04,29.34,8.0,-58.0,66.0,1.333,-9.667,11.0,-11.165,-46.782,35.619,-1.861,-7.797,5.936,2026-03-13,2026-03-29,1610612740
1629028,Deandre Ayton,1,34.13,34.13,10.0,4.0,6.0,10.0,4.0,6.0,7.208,1.298,5.91,7.208,1.298,5.91,2026-03-10,2026-03-10,1610612747
201567,Kevin Love,6,9.78,1.63,13.0,-39.0,52.0,2.167,-6.5,8.667,-2.684,-37.828,35.144,-0.447,-6.305,5.857,2026-03-11,2026-03-23,1610612762
1629610,Jeffries,3,59.9,19.967,1.0,-32.0,33.0,0.333,-10.667,11.0,3.392,-13.963,17.355,1.131,-4.654,5.785,2026-03-26,2026-03-29,1610612758
1630224,Jalen Green,1,32.75,32.75,8.0,7.0,1.0,8.0,7.0,1.0,6.472,0.701,5.771,6.472,0.701,5.771,2026-03-10,2026-03-10,1610612756
1630568,Garza,9,150.01,16.668,59.0,6.0,53.0,6.556,0.667,5.889,43.509,-8.337,51.845,4.834,-0.926,5.761,2026-03-12,2026-03-29,1610612738
201144,Mike Conley,7,0.0,0.0,0.0,-24.0,24.0,0.0,-3.429,3.429,0.0,-40.318,40.318,0.0,-5.76,5.76,2026-03-10,2026-03-22,1610612750
203552,Seth Curry,7,0.0,0.0,0.0,-46.0,46.0,0.0,-6.571,6.571,0.0,-40.243,40.243,0.0,-5.749,5.749,2026-03-10,2026-03-23,1610612744
1629018,Gary Trent Jr.,4,0.0,0.0,0.0,-18.0,18.0,0.0,-4.5,4.5,0.0,-22.849,22.849,0.0,-5.712,5.712,2026-03-10,2026-03-17,1610612749
1642853,Fleming,9,185.54,20.616,39.0,-10.0,49.0,4.333,-1.111,5.444,41.571,-9.633,51.202,4.619,-1.07,5.689,2026-03-12,2026-03-28,1610612756
1631095,Jabari Smith Jr.,2,63.07,31.535,-3.0,-19.0,16.0,-1.5,-9.5,8.0,4.868,-6.498,11.365,2.434,-3.249,5.682,2026-03-10,2026-03-11,1610612745
1629234,Drew Eubanks,8,29.06,3.633,12.0,-90.0,102.0,1.5,-11.25,12.75,5.475,-39.974,45.449,0.684,-4.997,5.681,2026-03-10,2026-03-24,1610612758
1630595,Cunningham,4,101.1,25.275,37.0,3.0,34.0,9.25,0.75,8.5,24.385,1.725,22.659,6.096,0.431,5.665,2026-03-12,2026-03-17,1610612765
1630604,E.J. Liddell,2,12.0,6.0,-6.0,-33.0,27.0,-3.0,-16.5,13.5,-11.747,-23.07,11.323,-5.874,-11.535,5.662,2026-03-10,2026-03-20,1610612751
1630623,Tyson Etienne,2,12.0,6.0,-6.0,-33.0,27.0,-3.0,-16.5,13.5,-11.747,-23.07,11.323,-5.874,-11.535,5.662,2026-03-10,2026-03-20,1610612751
1629673,Jordan Poole,5,0.0,0.0,0.0,14.0,-14.0,0.0,2.8,-2.8,0.0,-28.179,28.179,0.0,-5.636,5.636,2026-03-11,2026-03-24,1610612740
1631248,Baylor Scheierman,1,35.38,35.38,-10.0,1.0,-11.0,-10.0,1.0,-11.0,3.429,-2.156,5.585,3.429,-2.156,5.585,2026-03-10,2026-03-10,1610612738
1630592,Wilson,5,105.42,21.084,-44.0,-51.0,7.0,-8.8,-10.2,1.4,-19.784,-47.636,27.852,-3.957,-9.527,5.57,2026-03-12,2026-03-27,1610612751
1629661,Johnson,10,296.48,29.648,68.0,16.0,52.0,6.8,1.6,5.2,34.468,-21.019,55.486,3.447,-2.102,5.549,2026-03-12,2026-03-29,1610612743
1642263,Reed Sheppard,2,50.68,25.34,-15.0,-7.0,-8.0,-7.5,-3.5,-4.0,4.709,-6.338,11.047,2.354,-3.169,5.524,2026-03-10,2026-03-11,1610612745
1631213,Martin,3,17.42,5.807,2.0,-38.0,40.0,0.667,-12.667,13.333,-1.658,-17.676,16.016,-0.553,-5.892,5.339,2026-03-12,2026-03-23,1610612755
1628976,Wendell Carter Jr.,2,35.38,17.69,7.0,-20.0,27.0,3.5,-10.0,13.5,6.329,-4.32,10.649,3.164,-2.16,5.324,2026-03-11,2026-03-19,1610612753
202691,Klay Thompson,4,28.03,7.008,-10.0,-2.0,-8.0,-2.5,-0.5,-2.0,-4.22,-25.48,21.26,-1.055,-6.37,5.315,2026-03-10,2026-03-16,1610612742
1627884,Derrick Jones Jr.,1,28.63,28.63,19.0,6.0,13.0,19.0,6.0,13.0,10.735,5.445,5.29,10.735,5.445,5.29,2026-03-11,2026-03-11,1610612746
203914,Harris,3,34.61,11.537,-10.0,-34.0,24.0,-3.333,-11.333,8.0,-6.789,-22.656,15.868,-2.263,-7.552,5.289,2026-03-14,2026-03-19,1610612749
204456,McConnell,9,171.01,19.001,-45.0,-13.0,-32.0,-5.0,-1.444,-3.556,-21.054,-68.492,47.438,-2.339,-7.61,5.271,2026-03-13,2026-03-29,1610612754
202699,Harris,9,250.12,27.791,90.0,15.0,75.0,10.0,1.667,8.333,56.365,9.094,47.269,6.263,1.01,5.252,2026-03-12,2026-03-28,1610612765
203932,Gordon,6,168.05,28.008,34.0,22.0,12.0,5.667,3.667,2.0,18.246,-13.096,31.342,3.041,-2.183,5.224,2026-03-14,2026-03-27,1610612743
201939,Stephen Curry,8,0.0,0.0,0.0,-56.0,56.0,0.0,-7.0,7.0,0.0,-41.714,41.714,0.0,-5.214,5.214,2026-03-10,2026-03-23,1610612744
202710,Jimmy Butler III,8,0.0,0.0,0.0,-56.0,56.0,0.0,-7.0,7.0,0.0,-41.714,41.714,0.0,-5.214,5.214,2026-03-10,2026-03-23,1610612744
1641774,Vukcevic,8,144.1,18.012,-51.0,-96.0,45.0,-6.375,-12.0,5.625,-63.065,-104.709,41.643,-7.883,-13.089,5.205,2026-03-12,2026-03-29,1610612764
1642265,Dillingham,9,199.08,22.12,-8.0,-56.0,48.0,-0.889,-6.222,5.333,-8.37,-54.7,46.328,-0.93,-6.078,5.148,2026-03-12,2026-03-28,1610612741
1626167,Myles Turner,2,32.05,16.025,-2.0,-20.0,18.0,-1.0,-10.0,9.0,-8.29,-18.522,10.231,-4.145,-9.261,5.116,2026-03-10,2026-03-17,1610612749
1642863,Maluach,9,119.52,13.28,27.0,2.0,25.0,3.0,0.222,2.778,38.914,-6.977,45.89,4.324,-0.775,5.099,2026-03-12,2026-03-28,1610612756
1642358,AJ Johnson,4,0.0,0.0,0.0,-15.0,15.0,0.0,-3.75,3.75,0.0,-20.389,20.389,0.0,-5.097,5.097,2026-03-10,2026-03-23,1610612742
1642530,Yuki Kawamura,3,0.0,0.0,0.0,9.0,-9.0,0.0,3.0,-3.0,0.0,-15.209,15.209,0.0,-5.07,5.07,2026-03-10,2026-03-23,1610612741
1642950,Lachlan Olbrich,3,0.0,0.0,0.0,9.0,-9.0,0.0,3.0,-3.0,0.0,-15.209,15.209,0.0,-5.07,5.07,2026-03-10,2026-03-23,1610612741
203991,Clint Capela,3,37.25,12.417,-16.0,-5.0,-11.0,-5.333,-1.667,-3.667,4.632,-10.412,15.044,1.544,-3.471,5.015,2026-03-10,2026-03-21,1610612745
1631131,Tshiebwe,9,153.18,17.02,-39.0,-60.0,21.0,-4.333,-6.667,2.333,-27.956,-72.839,44.883,-3.106,-8.093,4.987,2026-03-13,2026-03-28,1610612762
1630170,Vassell,7,205.09,29.299,76.0,19.0,57.0,10.857,2.714,8.143,56.057,21.307,34.751,8.008,3.044,4.964,2026-03-12,2026-03-28,1610612759
1641730,Noah Clowney,5,17.77,3.554,-25.0,-72.0,47.0,-5.0,-14.4,9.4,-16.171,-40.576,24.405,-3.234,-8.115,4.881,2026-03-10,2026-03-23,1610612751
1629627,Williamson,9,276.34,30.704,6.0,-45.0,51.0,0.667,-5.0,5.667,-0.466,-44.315,43.848,-0.052,-4.924,4.872,2026-03-13,2026-03-29,1610612740
1642869,Penda,9,115.6,12.844,-21.0,-66.0,45.0,-2.333,-7.333,5.0,-9.091,-52.885,43.795,-1.01,-5.876,4.866,2026-03-12,2026-03-29,1610612753
1630623,Etienne,8,157.52,19.69,-20.0,-71.0,51.0,-2.5,-8.875,6.375,-28.169,-66.676,38.506,-3.521,-8.334,4.813,2026-03-12,2026-03-29,1610612751
1627752,Taurean Prince,1,17.82,17.82,-6.0,-9.0,3.0,-6.0,-9.0,3.0,-1.185,-5.988,4.803,-1.185,-5.988,4.803,2026-03-10,2026-03-10,1610612749
1629651,Nic Claxton,3,20.7,6.9,-26.0,-23.0,-3.0,-8.667,-7.667,-1.0,-15.352,-29.747,14.395,-5.117,-9.916,4.798,2026-03-10,2026-03-22,1610612751
1631250,Pete Nance,2,12.32,6.16,-5.0,-17.0,12.0,-2.5,-8.5,6.0,-2.254,-11.799,9.544,-1.127,-5.9,4.772,2026-03-10,2026-03-12,1610612749
1642377,Wells,6,144.85,24.142,-60.0,-33.0,-27.0,-10.0,-5.5,-4.5,-27.161,-55.763,28.602,-4.527,-9.294,4.767,2026-03-12,2026-03-23,1610612763
1630696,Dru Smith,3,22.77,7.59,7.0,-15.0,22.0,2.333,-5.0,7.333,15.721,1.502,14.219,5.24,0.501,4.74,2026-03-10,2026-03-23,1610612748
204060,Joe Ingles,6,9.92,1.653,11.0,-22.0,33.0,1.833,-3.667,5.5,4.355,-23.926,28.282,0.726,-3.988,4.714,2026-03-10,2026-03-22,1610612750
1641796,Pelle Larsson,1,24.43,24.43,13.0,8.0,5.0,13.0,8.0,5.0,19.833,15.168,4.665,19.833,15.168,4.665,2026-03-10,2026-03-10,1610612748
1630695,Potter,8,117.68,14.71,-19.0,-20.0,1.0,-2.375,-2.5,0.125,-9.779,-46.956,37.177,-1.222,-5.87,4.647,2026-03-12,2026-03-29,1610612754
1628380,Zach Collins,7,0.0,0.0,0.0,-19.0,19.0,0.0,-2.714,2.714,0.0,-32.436,32.436,0.0,-4.634,4.634,2026-03-10,2026-03-23,1610612741
1629014,Anfernee Simons,7,0.0,0.0,0.0,-19.0,19.0,0.0,-2.714,2.714,0.0,-32.436,32.436,0.0,-4.634,4.634,2026-03-10,2026-03-23,1610612741
1630171,Isaac Okoro,7,0.0,0.0,0.0,-19.0,19.0,0.0,-2.714,2.714,0.0,-32.436,32.436,0.0,-4.634,4.634,2026-03-10,2026-03-23,1610612741
1630644,Mac McClung,7,0.0,0.0,0.0,-19.0,19.0,0.0,-2.714,2.714,0.0,-32.436,32.436,0.0,-4.634,4.634,2026-03-10,2026-03-23,1610612741
1631093,Jaden Ivey,7,0.0,0.0,0.0,-19.0,19.0,0.0,-2.714,2.714,0.0,-32.436,32.436,0.0,-4.634,4.634,2026-03-10,2026-03-23,1610612741
1642855,Noa Essengue,7,0.0,0.0,0.0,-19.0,19.0,0.0,-2.714,2.714,0.0,-32.436,32.436,0.0,-4.634,4.634,2026-03-10,2026-03-23,1610612741
1641737,Bona,8,153.99,19.249,4.0,16.0,-12.0,0.5,2.0,-1.5,26.274,-10.553,36.827,3.284,-1.319,4.603,2026-03-14,2026-03-28,1610612755
203939,Powell,7,76.76,10.966,-35.0,-13.0,-22.0,-5.0,-1.857,-3.143,0.442,-31.462,31.903,0.063,-4.495,4.558,2026-03-12,2026-03-27,1610612742
1642276,Ware,9,186.55,20.728,-15.0,-67.0,52.0,-1.667,-7.444,5.778,7.272,-33.678,40.951,0.808,-3.742,4.55,2026-03-12,2026-03-29,1610612748
1630543,Jackson,9,164.84,18.316,49.0,-6.0,55.0,5.444,-0.667,6.111,42.662,1.961,40.703,4.74,0.218,4.523,2026-03-13,2026-03-27,1610612746
1630162,Edwards,2,74.59,37.295,3.0,-6.0,9.0,1.5,-3.0,4.5,-5.881,-14.927,9.046,-2.94,-7.464,4.523,2026-03-13,2026-03-15,1610612750
1628369,Tatum,8,259.86,32.482,56.0,11.0,45.0,7.0,1.375,5.625,41.155,5.514,35.641,5.144,0.689,4.455,2026-03-14,2026-03-29,1610612738
1627750,Murray,10,366.23,36.623,78.0,6.0,72.0,7.8,0.6,7.2,28.446,-14.997,43.441,2.845,-1.5,4.344,2026-03-12,2026-03-29,1610612743
203897,Zach LaVine,8,0.0,0.0,0.0,-78.0,78.0,0.0,-9.75,9.75,0.0,-34.499,34.499,0.0,-4.312,4.312,2026-03-10,2026-03-24,1610612758
1627734,Domantas Sabonis,8,0.0,0.0,0.0,-78.0,78.0,0.0,-9.75,9.75,0.0,-34.499,34.499,0.0,-4.312,4.312,2026-03-10,2026-03-24,1610612758
1629631,De'Andre Hunter,8,0.0,0.0,0.0,-78.0,78.0,0.0,-9.75,9.75,0.0,-34.499,34.499,0.0,-4.312,4.312,2026-03-10,2026-03-24,1610612758
1631099,Keegan Murray,8,0.0,0.0,0.0,-78.0,78.0,0.0,-9.75,9.75,0.0,-34.499,34.499,0.0,-4.312,4.312,2026-03-10,2026-03-24,1610612758
1641815,Isaiah Stevens,8,0.0,0.0,0.0,-78.0,78.0,0.0,-9.75,9.75,0.0,-34.499,34.499,0.0,-4.312,4.312,2026-03-10,2026-03-24,1610612758
1629048,Bitadze,9,108.81,12.09,-23.0,-64.0,41.0,-2.556,-7.111,4.556,-12.56,-51.244,38.682,-1.396,-5.694,4.298,2026-03-12,2026-03-29,1610612753
1642269,Devin Carter,6,16.25,2.708,21.0,-59.0,80.0,3.5,-9.833,13.333,9.413,-16.31,25.722,1.569,-2.718,4.287,2026-03-10,2026-03-19,1610612758
1641750,Ryan Kalkbrenner,2,17.08,8.54,0.0,10.0,-10.0,0.0,5.0,-5.0,4.729,-3.839,8.568,2.364,-1.92,4.284,2026-03-10,2026-03-11,1610612766
1628401,Derrick White,2,39.98,19.99,-14.0,3.0,-17.0,-7.0,1.5,-8.5,-0.092,-8.565,8.473,-0.046,-4.282,4.236,2026-03-10,2026-03-12,1610612738
1630163,Ball,8,226.52,28.315,43.0,52.0,-9.0,5.375,6.5,-1.125,57.582,23.857,33.725,7.198,2.982,4.216,2026-03-14,2026-03-29,1610612766
1641748,Jackson Jr.,7,98.45,14.064,-33.0,-121.0,88.0,-4.714,-17.286,12.571,-36.532,-65.447,28.915,-5.219,-9.35,4.131,2026-03-14,2026-03-29,1610612749
1642942,Mashack,4,110.57,27.642,-2.0,-46.0,44.0,-0.5,-11.5,11.0,-19.132,-35.64,16.506,-4.783,-8.91,4.126,2026-03-12,2026-03-28,1610612763
1642864,Hugo González,1,9.73,9.73,2.0,-11.0,13.0,2.0,-11.0,13.0,2.687,-1.414,4.101,2.687,-1.414,4.101,2026-03-10,2026-03-10,1610612738
1628970,Bridges,8,229.33,28.666,44.0,51.0,-7.0,5.5,6.375,-0.875,56.948,24.492,32.456,7.118,3.062,4.057,2026-03-14,2026-03-29,1610612766
1629312,Highsmith,3,46.27,15.423,-12.0,-15.0,3.0,-4.0,-5.0,1.0,-2.127,-14.056,11.93,-0.709,-4.685,3.977,2026-03-13,2026-03-17,1610612756
1630173,Achiuwa,8,250.18,31.272,-21.0,-41.0,20.0,-2.625,-5.125,2.5,9.112,-22.616,31.727,1.139,-2.827,3.966,2026-03-14,2026-03-29,1610612758
202695,Leonard,8,236.05,29.506,74.0,-7.0,81.0,9.25,-0.875,10.125,54.352,22.683,31.671,6.794,2.835,3.959,2026-03-13,2026-03-29,1610612746
1630540,McBride,1,10.82,10.82,-1.0,-10.0,9.0,-1.0,-10.0,9.0,-6.086,-10.044,3.959,-6.086,-10.044,3.959,2026-03-29,2026-03-29,1610612752
201143,Al Horford,7,34.07,4.867,-7.0,-39.0,32.0,-1.0,-5.571,4.571,-6.331,-33.912,27.581,-0.904,-4.845,3.94,2026-03-10,2026-03-23,1610612744
1629028,Ayton,8,232.05,29.006,37.0,16.0,21.0,4.625,2.0,2.625,30.967,-0.311,31.276,3.871,-0.039,3.91,2026-03-12,2026-03-27,1610612747
1631217,Diabaté,8,213.69,26.711,56.0,39.0,17.0,7.0,4.875,2.125,56.12,25.32,30.804,7.015,3.165,3.851,2026-03-14,2026-03-29,1610612766
1628988,Holiday,6,102.54,17.09,74.0,-19.0,93.0,12.333,-3.167,15.5,39.776,16.675,23.101,6.629,2.779,3.85,2026-03-20,2026-03-29,1610612745
1641708,Thompson,9,353.58,39.287,33.0,8.0,25.0,3.667,0.889,2.778,47.529,12.947,34.581,5.281,1.439,3.842,2026-03-13,2026-03-29,1610612745
1631342,Daeqwon Plowden,3,61.05,20.35,11.0,-10.0,21.0,3.667,-3.333,7.0,7.224,-4.235,11.46,2.408,-1.412,3.82,2026-03-10,2026-03-22,1610612758
1629636,Garland,8,239.51,29.939,69.0,-17.0,86.0,8.625,-2.125,10.75,40.677,10.302,30.372,5.085,1.288,3.796,2026-03-14,2026-03-29,1610612746
1631157,Ryan Rollins,1,40.75,40.75,-6.0,-9.0,3.0,-6.0,-9.0,3.0,-1.704,-5.469,3.766,-1.704,-5.469,3.766,2026-03-10,2026-03-10,1610612749
1626145,Tyus Jones,4,7.55,1.888,3.0,26.0,-23.0,0.75,6.5,-5.75,-1.58,-16.383,14.803,-0.395,-4.096,3.701,2026-03-11,2026-03-24,1610612743
203507,Antetokounmpo,2,52.31,26.155,9.0,-5.0,14.0,4.5,-2.5,7.0,4.959,-2.429,7.388,2.48,-1.214,3.694,2026-03-12,2026-03-15,1610612749
1627742,Ingram,7,235.33,33.619,36.0,-28.0,64.0,5.143,-4.0,9.143,30.296,4.598,25.695,4.328,0.657,3.671,2026-03-13,2026-03-27,1610612761
1641763,Julian Phillips,7,9.92,1.417,11.0,-9.0,20.0,1.571,-1.286,2.857,4.355,-21.202,25.558,0.622,-3.029,3.651,2026-03-10,2026-03-20,1610612750
1642845,Edgecombe,9,299.48,33.276,42.0,-44.0,86.0,4.667,-4.889,9.556,20.033,-12.807,32.841,2.226,-1.423,3.649,2026-03-12,2026-03-28,1610612755
203935,Smart,6,163.25,27.208,42.0,-8.0,50.0,7.0,-1.333,8.333,20.835,-0.988,21.824,3.472,-0.165,3.637,2026-03-14,2026-03-25,1610612747
1641783,Tristan da Silva,1,34.28,34.28,5.0,1.0,4.0,5.0,1.0,4.0,5.185,1.575,3.609,5.185,1.575,3.609,2026-03-11,2026-03-11,1610612753
1630573,Hauser,9,228.26,25.362,37.0,28.0,9.0,4.111,3.111,1.0,33.473,1.698,31.777,3.719,0.189,3.531,2026-03-12,2026-03-29,1610612738
1641775,Walsh,3,73.71,24.57,29.0,-9.0,38.0,9.667,-3.0,12.667,-0.053,-10.39,10.337,-0.018,-3.463,3.446,2026-03-12,2026-03-29,1610612738
1630568,Luka Garza,1,23.55,23.55,3.0,-12.0,15.0,3.0,-12.0,15.0,2.337,-1.063,3.4,2.337,-1.063,3.4,2026-03-10,2026-03-10,1610612738
1641739,Camara,10,299.14,29.914,70.0,43.0,27.0,7.0,4.3,2.7,60.527,26.614,33.913,6.053,2.661,3.391,2026-03-13,2026-03-29,1610612757
1629656,Grimes,8,258.79,32.349,20.0,-2.0,22.0,2.5,-0.25,2.75,24.712,-2.415,27.126,3.089,-0.302,3.391,2026-03-12,2026-03-28,1610612755
1630572,Mamukelashvili,9,175.08,19.453,75.0,1.0,74.0,8.333,0.111,8.222,49.478,19.601,29.878,5.498,2.178,3.32,2026-03-13,2026-03-29,1610612761
1641707,Taylor Hendricks,1,25.33,25.33,2.0,-12.0,14.0,2.0,-12.0,14.0,-4.643,-7.94,3.297,-4.643,-7.94,3.297,2026-03-10,2026-03-10,1610612763
1641722,Jordan Hawkins,6,1.4,0.233,-6.0,26.0,-32.0,-1.0,4.333,-5.333,-4.349,-23.928,19.578,-0.725,-3.988,3.263,2026-03-11,2026-03-24,1610612740
1642877,Micah Peavy,6,1.4,0.233,-6.0,26.0,-32.0,-1.0,4.333,-5.333,-4.349,-23.928,19.578,-0.725,-3.988,3.263,2026-03-11,2026-03-24,1610612740
1630696,Smith,4,52.13,13.032,-23.0,-9.0,-14.0,-5.75,-2.25,-3.5,7.797,-4.971,12.769,1.949,-1.243,3.192,2026-03-12,2026-03-21,1610612748
1641890,Tyler Smith,5,0.0,0.0,0.0,-16.0,16.0,0.0,-3.2,3.2,0.0,-15.874,15.874,0.0,-3.175,3.175,2026-03-10,2026-03-21,1610612742
1642266,Walter,9,206.19,22.91,69.0,7.0,62.0,7.667,0.778,6.889,48.657,20.424,28.234,5.406,2.269,3.137,2026-03-13,2026-03-29,1610612761
1641717,Wallace,9,213.72,23.747,73.0,36.0,37.0,8.111,4.0,4.111,86.602,59.044,27.56,9.622,6.56,3.062,2026-03-12,2026-03-29,1610612760
203926,Doug McDermott,2,32.22,16.11,1.0,-4.0,5.0,0.5,-2.0,2.5,4.638,-1.451,6.09,2.319,-0.726,3.045,2026-03-10,2026-03-11,1610612758
1642419,Jamison Battle,3,18.97,6.323,21.0,-35.0,56.0,7.0,-11.667,18.667,16.144,7.113,9.032,5.381,2.371,3.011,2026-03-10,2026-03-15,1610612761
1631245,Jackson,7,109.37,15.624,-17.0,-34.0,17.0,-2.429,-4.857,2.429,-29.788,-50.84,21.051,-4.255,-7.263,3.007,2026-03-15,2026-03-29,1610612754
1641783,da Silva,10,302.13,30.213,-21.0,-62.0,41.0,-2.1,-6.2,4.1,-15.999,-45.795,29.796,-1.6,-4.58,2.98,2026-03-12,2026-03-29,1610612753
1630166,Avdija,10,315.81,31.581,36.0,77.0,-41.0,3.6,7.7,-4.1,58.464,28.674,29.791,5.846,2.867,2.979,2026-03-13,2026-03-29,1610612757
1642353,Christie,5,43.16,8.632,2.0,31.0,-29.0,0.4,6.2,-5.8,21.05,6.184,14.866,4.21,1.237,2.973,2026-03-16,2026-03-25,1610612746
1641764,Podziemski,10,324.55,32.455,-14.0,-51.0,37.0,-1.4,-5.1,3.7,3.751,-25.915,29.667,0.375,-2.592,2.967,2026-03-13,2026-03-29,1610612744
1641709,Thompson,8,225.98,28.248,48.0,35.0,13.0,6.0,4.375,1.625,40.145,16.821,23.325,5.018,2.103,2.916,2026-03-15,2026-03-28,1610612765
1642948,Nembhard,9,189.19,21.021,5.0,-66.0,71.0,0.556,-7.333,7.889,-8.269,-34.263,25.994,-0.919,-3.807,2.888,2026-03-12,2026-03-27,1610612742
1641738,Brown,9,204.95,22.772,-13.0,-62.0,49.0,-1.444,-6.889,5.444,-33.127,-59.07,25.943,-3.681,-6.563,2.883,2026-03-12,2026-03-29,1610612754
1627884,Jones Jr.,10,292.76,29.276,35.0,22.0,13.0,3.5,2.2,1.3,45.849,17.047,28.8,4.585,1.705,2.88,2026-03-13,2026-03-29,1610612746
1642859,Jase Richardson,6,0.0,0.0,0.0,4.0,-4.0,0.0,0.667,-0.667,0.0,-17.267,17.267,0.0,-2.878,2.878,2026-03-11,2026-03-24,1610612753
1642928,Cardwell,9,155.43,17.27,-28.0,-78.0,50.0,-3.111,-8.667,5.556,-7.145,-32.616,25.47,-0.794,-3.624,2.83,2026-03-14,2026-03-29,1610612758
1630545,Terrence Shannon Jr.,4,20.0,5.0,0.0,-17.0,17.0,0.0,-4.25,4.25,0.808,-10.429,11.238,0.202,-2.607,2.81,2026-03-10,2026-03-17,1610612750
1630577,Champagnie,9,239.42,26.602,93.0,45.0,48.0,10.333,5.0,5.333,65.413,41.19,24.224,7.268,4.577,2.692,2026-03-12,2026-03-28,1610612759
203083,Drummond,7,137.5,19.643,0.0,13.0,-13.0,0.0,1.857,-1.857,6.648,-11.879,18.526,0.95,-1.697,2.647,2026-03-15,2026-03-28,1610612755
1630536,Cooper,10,180.04,18.004,-73.0,-56.0,-17.0,-7.3,-5.6,-1.7,-67.119,-93.579,26.462,-6.712,-9.358,2.646,2026-03-12,2026-03-29,1610612764
1643007,Peter,3,50.01,16.67,-14.0,-20.0,6.0,-4.667,-6.667,2.0,-12.237,-20.086,7.849,-4.079,-6.695,2.616,2026-03-12,2026-03-18,1610612754
201942,DeMar DeRozan,2,64.57,32.285,-6.0,3.0,-9.0,-3.0,1.5,-4.5,4.141,-0.954,5.094,2.07,-0.477,2.547,2026-03-10,2026-03-11,1610612758
1626171,Portis,6,155.41,25.902,-45.0,-46.0,1.0,-7.5,-7.667,0.167,-32.738,-47.93,15.193,-5.456,-7.988,2.532,2026-03-12,2026-03-23,1610612749
1626171,Bobby Portis,2,0.0,0.0,0.0,-12.0,12.0,0.0,-6.0,6.0,0.0,-5.021,5.021,0.0,-2.51,2.51,2026-03-10,2026-03-21,1610612749
1631124,Julian Strawther,3,7.55,2.517,3.0,37.0,-34.0,1.0,12.333,-11.333,-1.58,-8.937,7.357,-0.527,-2.979,2.452,2026-03-11,2026-03-20,1610612743
201142,Kevin Durant,2,58.68,29.34,-11.0,-11.0,0.0,-5.5,-5.5,0.0,1.607,-3.237,4.844,0.804,-1.618,2.422,2026-03-10,2026-03-11,1610612745
1641729,Brice Sensabaugh,3,29.83,9.943,-8.0,13.0,-21.0,-2.667,4.333,-7.0,-3.001,-10.26,7.259,-1.0,-3.42,2.42,2026-03-11,2026-03-21,1610612762
1630579,Sims,10,212.78,21.278,-90.0,-75.0,-15.0,-9.0,-7.5,-1.5,-50.63,-74.506,23.876,-5.063,-7.451,2.388,2026-03-12,2026-03-29,1610612749
203926,McDermott,8,179.72,22.465,-31.0,-65.0,34.0,-3.875,-8.125,4.25,-6.107,-25.208,19.1,-0.763,-3.151,2.387,2026-03-14,2026-03-29,1610612758
1631172,Ousmane Dieng,3,36.67,12.223,-8.0,-19.0,11.0,-2.667,-6.333,3.667,-3.05,-10.08,7.03,-1.017,-3.36,2.343,2026-03-10,2026-03-15,1610612749
1629162,Jordan McLaughlin,3,0.68,0.227,0.0,17.0,-17.0,0.0,5.667,-5.667,-0.933,-7.955,7.022,-0.311,-2.652,2.341,2026-03-10,2026-03-14,1610612759
1642347,Jamal Shead,2,38.85,19.425,-2.0,-23.0,21.0,-1.0,-11.5,10.5,4.3,-0.302,4.603,2.15,-0.151,2.302,2026-03-10,2026-03-11,1610612761
1630532,Franz Wagner,9,0.0,0.0,0.0,-29.0,29.0,0.0,-3.222,3.222,0.0,-20.657,20.657,0.0,-2.295,2.295,2026-03-11,2026-03-24,1610612753
1641710,Anthony Black,9,0.0,0.0,0.0,-29.0,29.0,0.0,-3.222,3.222,0.0,-20.657,20.657,0.0,-2.295,2.295,2026-03-11,2026-03-24,1610612753
1630544,Tre Mann,3,0.0,0.0,0.0,-3.0,3.0,0.0,-1.0,1.0,0.0,-6.852,6.852,0.0,-2.284,2.284,2026-03-10,2026-03-14,1610612766
1631245,Quenton Jackson,4,18.05,4.512,0.0,-27.0,27.0,0.0,-6.75,6.75,-3.67,-12.799,9.129,-0.918,-3.2,2.282,2026-03-10,2026-03-23,1610612754
1628401,White,7,235.1,33.586,32.0,20.0,12.0,4.571,2.857,1.714,31.981,16.374,15.606,4.569,2.339,2.229,2026-03-14,2026-03-27,1610612738
204456,T.J. McConnell,2,0.0,0.0,0.0,-20.0,20.0,0.0,-10.0,10.0,0.0,-4.406,4.406,0.0,-2.203,2.203,2026-03-10,2026-03-12,1610612754
1631170,Jaime Jaquez Jr.,3,27.88,9.293,15.0,-3.0,18.0,5.0,-1.0,6.0,24.907,18.402,6.506,8.302,6.134,2.169,2026-03-10,2026-03-21,1610612748
1630529,Jones,9,273.1,30.344,0.0,-39.0,39.0,0.0,-4.333,4.333,-12.666,-32.118,19.452,-1.407,-3.569,2.161,2026-03-13,2026-03-29,1610612740
1627827,Dorian Finney-Smith,3,21.15,7.05,14.0,-14.0,28.0,4.667,-4.667,9.333,4.443,-2.017,6.46,1.481,-0.672,2.153,2026-03-10,2026-03-20,1610612745
1631204,Sasser,7,122.35,17.479,59.0,46.0,13.0,8.429,6.571,1.857,40.732,26.094,14.637,5.819,3.728,2.091,2026-03-12,2026-03-28,1610612765
203937,Anderson,8,153.55,19.194,39.0,-8.0,47.0,4.875,-1.0,5.875,12.281,-3.801,16.081,1.535,-0.475,2.01,2026-03-13,2026-03-28,1610612750
203468,McCollum,10,291.83,29.183,91.0,7.0,84.0,9.1,0.7,8.4,59.398,39.315,20.086,5.94,3.932,2.009,2026-03-12,2026-03-28,1610612737
203084,Barnes,9,196.25,21.806,82.0,56.0,26.0,9.111,6.222,2.889,62.306,44.297,18.011,6.923,4.922,2.001,2026-03-12,2026-03-28,1610612759
1628368,Fox,8,230.04,28.755,78.0,35.0,43.0,9.75,4.375,5.375,46.715,30.814,15.9,5.839,3.852,1.988,2026-03-12,2026-03-28,1610612759
1630658,Colin Castleton,8,0.0,0.0,0.0,-10.0,10.0,0.0,-1.25,1.25,0.0,-15.905,15.905,0.0,-1.988,1.988,2026-03-11,2026-03-24,1610612753
1631457,Alex Morales,8,0.0,0.0,0.0,-10.0,10.0,0.0,-1.25,1.25,0.0,-15.905,15.905,0.0,-1.988,1.988,2026-03-11,2026-03-24,1610612753
1642402,Enrique Freeman,8,0.0,0.0,0.0,12.0,-12.0,0.0,1.5,-1.5,0.0,-15.263,15.263,0.0,-1.908,1.908,2026-03-10,2026-03-22,1610612750
1629673,Poole,4,64.94,16.235,-16.0,-5.0,-11.0,-4.0,-1.25,-2.75,-1.168,-8.654,7.485,-0.292,-2.164,1.871,2026-03-16,2026-03-29,1610612740
203501,Hardaway Jr.,10,247.49,24.749,78.0,6.0,72.0,7.8,0.6,7.2,16.068,-2.621,18.69,1.607,-0.262,1.869,2026-03-12,2026-03-29,1610612743
1627827,Finney-Smith,6,88.42,14.737,6.0,-29.0,35.0,1.0,-4.833,5.833,15.868,4.764,11.106,2.645,0.794,1.851,2026-03-13,2026-03-25,1610612745
1642502,Leons,8,86.15,10.769,-5.0,-69.0,64.0,-0.625,-8.625,8.0,-14.381,-28.698,14.316,-1.798,-3.587,1.789,2026-03-13,2026-03-29,1610612744
202691,Thompson,6,121.79,20.298,-13.0,-48.0,35.0,-2.167,-8.0,5.833,-7.572,-18.226,10.653,-1.262,-3.038,1.775,2026-03-13,2026-03-27,1610612742
1628976,Carter Jr.,9,273.29,30.366,-21.0,-43.0,22.0,-2.333,-4.778,2.444,-20.144,-36.035,15.892,-2.238,-4.004,1.766,2026-03-12,2026-03-29,1610612753
204060,Ingles,3,12.37,4.123,4.0,-3.0,7.0,1.333,-1.0,2.333,4.874,-0.403,5.278,1.625,-0.134,1.759,2026-03-15,2026-03-28,1610612750
1627752,Prince,10,222.72,22.272,-57.0,-108.0,51.0,-5.7,-10.8,5.1,-54.147,-70.988,16.84,-5.415,-7.099,1.684,2026-03-12,2026-03-29,1610612749
1630596,Evan Mobley,1,31.65,31.65,-5.0,-1.0,-4.0,-5.0,-1.0,-4.0,-2.549,-4.212,1.663,-2.549,-4.212,1.663,2026-03-11,2026-03-11,1610612739
1630643,Huff,10,205.55,20.555,-5.0,-68.0,63.0,-0.5,-6.8,6.3,-40.388,-56.92,16.529,-4.039,-5.692,1.653,2026-03-12,2026-03-29,1610612754
1628371,Jonathan Isaac,8,0.0,0.0,0.0,-34.0,34.0,0.0,-4.25,4.25,0.0,-13.156,13.156,0.0,-1.644,1.644,2026-03-11,2026-03-24,1610612753
1631105,Jalen Duren,1,22.6,22.6,23.0,15.0,8.0,23.0,15.0,8.0,12.43,10.849,1.581,12.43,10.849,1.581,2026-03-10,2026-03-10,1610612765
1630538,Hyland,8,184.92,23.115,40.0,-9.0,49.0,5.0,-1.125,6.125,10.245,-1.766,12.01,1.281,-0.221,1.501,2026-03-13,2026-03-28,1610612750
1631466,Nate Williams,4,10.97,2.742,-13.0,-11.0,-2.0,-3.25,-2.75,-0.5,-6.822,-12.606,5.784,-1.706,-3.152,1.446,2026-03-10,2026-03-23,1610612744
1631131,Oscar Tshiebwe,1,14.98,14.98,5.0,-22.0,27.0,5.0,-22.0,27.0,-12.929,-14.357,1.428,-12.929,-14.357,1.428,2026-03-11,2026-03-11,1610612762
201142,Durant,9,328.27,36.474,0.0,41.0,-41.0,0.0,4.556,-4.556,36.545,23.931,12.614,4.061,2.659,1.402,2026-03-13,2026-03-29,1610612745
203084,Harrison Barnes,1,0.0,0.0,0.0,9.0,-9.0,0.0,9.0,-9.0,0.0,-1.274,1.274,0.0,-1.274,1.274,2026-03-10,2026-03-10,1610612759
1629011,Robinson,8,171.37,21.421,39.0,15.0,24.0,4.875,1.875,3.0,33.768,23.652,10.115,4.221,2.956,1.264,2026-03-13,2026-03-29,1610612752
1628368,De'Aaron Fox,1,35.08,35.08,2.0,7.0,-5.0,2.0,7.0,-5.0,-0.038,-1.235,1.197,-0.038,-1.235,1.197,2026-03-10,2026-03-10,1610612759
1631116,Patrick Baldwin Jr.,6,0.0,0.0,0.0,-38.0,38.0,0.0,-6.333,6.333,0.0,-6.897,6.897,0.0,-1.15,1.15,2026-03-10,2026-03-19,1610612758
1643018,Cryer,8,146.24,18.28,-2.0,-50.0,48.0,-0.25,-6.25,6.0,-12.066,-20.966,8.9,-1.508,-2.621,1.113,2026-03-13,2026-03-29,1610612744
1630173,Precious Achiuwa,3,49.03,16.343,-29.0,-18.0,-11.0,-9.667,-6.0,-3.667,-10.448,-13.769,3.322,-3.483,-4.59,1.107,2026-03-10,2026-03-24,1610612758
1642846,Bailey,8,225.34,28.168,-27.0,-67.0,40.0,-3.375,-8.375,5.0,-38.494,-47.022,8.529,-4.812,-5.878,1.066,2026-03-13,2026-03-28,1610612762
1629023,Washington,8,256.43,32.054,-19.0,-9.0,-10.0,-2.375,-1.125,-1.25,-10.075,-18.348,8.272,-1.259,-2.294,1.034,2026-03-12,2026-03-27,1610612742
1630163,LaMelo Ball,2,52.82,26.41,12.0,-2.0,14.0,6.0,-1.0,7.0,1.463,-0.573,2.037,0.732,-0.287,1.018,2026-03-10,2026-03-11,1610612766
1631255,Matković,9,173.56,19.284,-6.0,-33.0,27.0,-0.667,-3.667,3.0,-17.852,-26.93,9.077,-1.984,-2.992,1.009,2026-03-13,2026-03-29,1610612740
1643158,Garcia,4,143.7,35.925,-6.0,-13.0,7.0,-1.5,-3.25,1.75,-17.188,-21.057,3.869,-4.297,-5.264,0.967,2026-03-13,2026-03-19,1610612762
1642274,Yves Missi,1,19.28,19.28,8.0,3.0,5.0,8.0,3.0,5.0,-1.25,-2.211,0.961,-1.25,-2.211,0.961,2026-03-11,2026-03-11,1610612740
1631159,Miller,9,226.88,25.209,-9.0,-55.0,46.0,-1.0,-6.111,5.111,-27.399,-35.674,8.277,-3.044,-3.964,0.92,2026-03-12,2026-03-28,1610612741
1631116,Baldwin Jr.,2,44.31,22.155,-27.0,-13.0,-14.0,-13.5,-6.5,-7.0,-11.23,-13.062,1.832,-5.615,-6.531,0.916,2026-03-22,2026-03-24,1610612758
1626172,Kevon Looney,7,0.0,0.0,0.0,38.0,-38.0,0.0,5.429,-5.429,0.0,-6.367,6.367,0.0,-0.91,0.91,2026-03-11,2026-03-24,1610612740
1630621,Hunter Dickinson,7,0.0,0.0,0.0,38.0,-38.0,0.0,5.429,-5.429,0.0,-6.367,6.367,0.0,-0.91,0.91,2026-03-11,2026-03-24,1610612740
1631121,Bryce McGowens,7,0.0,0.0,0.0,38.0,-38.0,0.0,5.429,-5.429,0.0,-6.367,6.367,0.0,-0.91,0.91,2026-03-11,2026-03-24,1610612740
1641725,Trey Alexander,7,0.0,0.0,0.0,38.0,-38.0,0.0,5.429,-5.429,0.0,-6.367,6.367,0.0,-0.91,0.91,2026-03-11,2026-03-24,1610612740
1642490,Josh Oduro,7,0.0,0.0,0.0,38.0,-38.0,0.0,5.429,-5.429,0.0,-6.367,6.367,0.0,-0.91,0.91,2026-03-11,2026-03-24,1610612740
1629674,Queta,9,250.13,27.792,36.0,29.0,7.0,4.0,3.222,0.778,21.635,13.538,8.095,2.404,1.504,0.899,2026-03-12,2026-03-29,1610612738
1629628,RJ Barrett,2,60.49,30.245,-12.0,-13.0,1.0,-6.0,-6.5,0.5,2.897,1.102,1.795,1.449,0.551,0.898,2026-03-10,2026-03-11,1610612761
1629012,Sexton,6,141.97,23.662,-48.0,-18.0,-30.0,-8.0,-3.0,-5.0,-30.964,-35.971,5.006,-5.161,-5.995,0.834,2026-03-18,2026-03-28,1610612741
1630692,Goodwin,9,219.75,24.417,-17.0,46.0,-63.0,-1.889,5.111,-7.0,19.653,12.285,7.366,2.184,1.365,0.818,2026-03-12,2026-03-28,1610612756
1631207,Dalen Terry,2,21.97,10.985,23.0,-7.0,30.0,11.5,-3.5,15.0,9.558,8.004,1.554,4.779,4.002,0.777,2026-03-10,2026-03-15,1610612755
1628379,Luke Kennard,1,26.37,26.37,2.0,12.0,-10.0,2.0,12.0,-10.0,4.634,3.872,0.763,4.634,3.872,0.763,2026-03-10,2026-03-10,1610612747
1631212,Peyton Watson,7,0.0,0.0,0.0,68.0,-68.0,0.0,9.714,-9.714,0.0,-5.121,5.121,0.0,-0.732,0.732,2026-03-11,2026-03-24,1610612743
1641747,DaRon Holmes II,7,0.0,0.0,0.0,68.0,-68.0,0.0,9.714,-9.714,0.0,-5.121,5.121,0.0,-0.732,0.732,2026-03-11,2026-03-24,1610612743
1642450,Daniss Jenkins,2,22.17,11.085,1.0,26.0,-25.0,0.5,13.0,-12.5,2.705,1.315,1.39,1.352,0.658,0.695,2026-03-10,2026-03-15,1610612765
203114,Middleton,8,147.74,18.468,-42.0,-26.0,-16.0,-5.25,-3.25,-2.0,-21.491,-27.039,5.547,-2.686,-3.38,0.693,2026-03-12,2026-03-25,1610612742
1631221,Gillespie,9,257.1,28.567,31.0,-2.0,33.0,3.444,-0.222,3.667,19.081,12.855,6.225,2.12,1.428,0.692,2026-03-12,2026-03-28,1610612756
1630172,Williams,8,168.91,21.114,-42.0,-10.0,-32.0,-5.25,-1.25,-4.0,-23.742,-29.019,5.276,-2.968,-3.627,0.66,2026-03-13,2026-03-28,1610612741
1642285,Spencer,7,173.43,24.776,-48.0,-49.0,1.0,-6.857,-7.0,0.143,-54.797,-59.037,4.238,-7.828,-8.434,0.605,2026-03-13,2026-03-27,1610612763
1642868,Carter Bryant,1,13.37,13.37,-3.0,12.0,-15.0,-3.0,12.0,-15.0,-0.338,-0.936,0.598,-0.338,-0.936,0.598,2026-03-10,2026-03-10,1610612759
1641707,Hendricks,9,236.56,26.284,-59.0,-85.0,26.0,-6.556,-9.444,2.889,-69.665,-74.932,5.266,-7.741,-8.326,0.585,2026-03-12,2026-03-27,1610612763
1627936,Caruso,9,162.78,18.087,62.0,47.0,15.0,6.889,5.222,1.667,75.451,70.195,5.256,8.383,7.799,0.584,2026-03-12,2026-03-29,1610612760
1630560,Thomas,4,57.57,14.392,-29.0,-30.0,1.0,-7.25,-7.5,0.25,-20.8,-23.008,2.209,-5.2,-5.752,0.552,2026-03-12,2026-03-21,1610612749
1641724,Jett Howard,2,21.98,10.99,8.0,2.0,6.0,4.0,1.0,3.0,4.76,3.655,1.105,2.38,1.828,0.552,2026-03-11,2026-03-14,1610612753
201599,DeAndre Jordan,7,13.13,1.876,1.0,37.0,-36.0,0.143,5.286,-5.143,-1.723,-4.644,2.921,-0.246,-0.663,0.417,2026-03-11,2026-03-24,1610612740
203944,Randle,8,261.01,32.626,15.0,16.0,-1.0,1.875,2.0,-0.125,5.784,2.695,3.089,0.723,0.337,0.386,2026-03-13,2026-03-28,1610612750
1628960,Grayson Allen,6,25.97,4.328,13.0,23.0,-10.0,2.167,3.833,-1.667,4.03,1.741,2.289,0.672,0.29,0.382,2026-03-10,2026-03-22,1610612756
1641729,Sensabaugh,6,179.52,29.92,-54.0,-44.0,-10.0,-9.0,-7.333,-1.667,-48.851,-51.09,2.238,-8.142,-8.515,0.373,2026-03-13,2026-03-28,1610612762
1631288,Jamal Cain,2,0.0,0.0,0.0,11.0,-11.0,0.0,5.5,-5.5,0.0,-0.741,0.741,0.0,-0.371,0.371,2026-03-11,2026-03-12,1610612753
1642285,Cam Spencer,3,23.5,7.833,-18.0,-39.0,21.0,-6.0,-13.0,7.0,-18.796,-19.69,0.894,-6.265,-6.563,0.298,2026-03-10,2026-03-23,1610612763
1629023,P.J. Washington,2,28.82,14.41,-9.0,-36.0,27.0,-4.5,-18.0,13.5,-12.752,-13.346,0.594,-6.376,-6.673,0.297,2026-03-10,2026-03-13,1610612742
1642366,Quinten Post,4,0.0,0.0,0.0,-6.0,6.0,0.0,-1.5,1.5,0.0,-0.922,0.922,0.0,-0.231,0.231,2026-03-10,2026-03-23,1610612744
1642920,Sanders,7,119.92,17.131,18.0,40.0,-22.0,2.571,5.714,-3.143,29.687,28.231,1.457,4.241,4.033,0.208,2026-03-13,2026-03-29,1610612746
1642886,Koby Brea,8,0.0,0.0,0.0,-3.0,3.0,0.0,-0.375,0.375,0.0,-1.322,1.322,0.0,-0.165,0.165,2026-03-10,2026-03-24,1610612756
1643047,CJ Huntley,8,0.0,0.0,0.0,-3.0,3.0,0.0,-0.375,0.375,0.0,-1.322,1.322,0.0,-0.165,0.165,2026-03-10,2026-03-24,1610612756
203903,Clarkson,8,165.36,20.67,24.0,30.0,-6.0,3.0,3.75,-0.75,29.367,28.053,1.311,3.671,3.507,0.164,2026-03-13,2026-03-29,1610612752
1629130,Duncan Robinson,1,16.15,16.15,13.0,25.0,-12.0,13.0,25.0,-12.0,11.705,11.574,0.131,11.705,11.574,0.131,2026-03-10,2026-03-10,1610612765
1629021,Wagner,8,91.83,11.479,-52.0,-28.0,-24.0,-6.5,-3.5,-3.0,-30.379,-31.396,1.018,-3.797,-3.924,0.127,2026-03-12,2026-03-29,1610612753
1631097,Mathurin,6,180.9,30.15,2.0,36.0,-34.0,0.333,6.0,-5.667,21.548,20.806,0.744,3.591,3.468,0.124,2026-03-13,2026-03-29,1610612746
1629675,Naz Reid,4,50.72,12.68,-23.0,16.0,-39.0,-5.75,4.0,-9.75,-5.35,-5.815,0.464,-1.338,-1.454,0.116,2026-03-10,2026-03-20,1610612750
1629680,Thybulle,10,176.74,17.674,51.0,62.0,-11.0,5.1,6.2,-1.1,44.138,43.002,1.138,4.414,4.3,0.114,2026-03-13,2026-03-29,1610612757
1642066,Myron Gardner,2,25.72,12.86,15.0,-2.0,17.0,7.5,-1.0,8.5,19.678,19.482,0.196,9.839,9.741,0.098,2026-03-10,2026-03-19,1610612748
1631217,Moussa Diabaté,2,64.71,32.355,16.0,-6.0,22.0,8.0,-3.0,11.0,0.523,0.367,0.156,0.262,0.184,0.078,2026-03-10,2026-03-11,1610612766
1627824,Guerschon Yabusele,3,23.22,7.74,-11.0,13.0,-24.0,-3.667,4.333,-8.0,-8.755,-8.764,0.009,-2.918,-2.921,0.003,2026-03-10,2026-03-23,1610612741
1630209,Yurtseven,8,75.23,9.404,-15.0,-46.0,31.0,-1.875,-5.75,3.875,-18.601,-18.308,-0.295,-2.325,-2.288,-0.037,2026-03-15,2026-03-29,1610612744
1627780,Payton II,9,207.3,23.033,-38.0,-11.0,-27.0,-4.222,-1.222,-3.0,-1.336,-0.735,-0.6,-0.148,-0.082,-0.067,2026-03-13,2026-03-29,1610612744
1629599,Amir Coffey,6,0.0,0.0,0.0,13.0,-13.0,0.0,2.167,-2.167,0.0,0.507,-0.507,0.0,0.084,-0.084,2026-03-10,2026-03-24,1610612756
1642271,Filipowski,7,174.74,24.963,5.0,-76.0,81.0,0.714,-10.857,11.571,-36.629,-35.555,-1.073,-5.233,-5.079,-0.153,2026-03-13,2026-03-28,1610612762
1630200,Jones,9,256.72,28.524,-39.0,-25.0,-14.0,-4.333,-2.778,-1.556,-32.305,-30.767,-1.536,-3.589,-3.419,-0.171,2026-03-12,2026-03-28,1610612741
1641708,Amen Thompson,2,68.87,34.435,-5.0,-17.0,12.0,-2.5,-8.5,6.0,-1.007,-0.623,-0.384,-0.504,-0.312,-0.192,2026-03-10,2026-03-11,1610612745
1642885,Diawara,8,101.81,12.726,17.0,37.0,-20.0,2.125,4.625,-2.5,27.754,29.667,-1.912,3.469,3.708,-0.239,2026-03-13,2026-03-29,1610612752
1642907,Coward,6,149.19,24.865,-25.0,-43.0,18.0,-4.167,-7.167,3.0,-42.848,-41.394,-1.453,-7.141,-6.899,-0.242,2026-03-13,2026-03-28,1610612763
1642366,Post,5,86.46,17.292,-23.0,-50.0,27.0,-4.6,-10.0,5.4,-23.822,-22.593,-1.228,-4.764,-4.519,-0.246,2026-03-13,2026-03-29,1610612744
1629675,Reid,6,153.61,25.602,7.0,-8.0,15.0,1.167,-1.333,2.5,-3.526,-1.977,-1.548,-0.588,-0.33,-0.258,2026-03-13,2026-03-28,1610612750
1629618,Jalen Pickett,6,5.85,0.975,2.0,38.0,-36.0,0.333,6.333,-6.0,-4.388,-2.786,-1.602,-0.731,-0.464,-0.267,2026-03-11,2026-03-24,1610612743
1630192,Zeke Nnaji,6,5.85,0.975,2.0,38.0,-36.0,0.333,6.333,-6.0,-4.388,-2.786,-1.602,-0.731,-0.464,-0.267,2026-03-11,2026-03-24,1610612743
1642857,Kasparas Jakučionis,1,29.75,29.75,10.0,11.0,-1.0,10.0,11.0,-1.0,17.357,17.643,-0.286,17.357,17.643,-0.286,2026-03-10,2026-03-10,1610612748
1631157,Rollins,9,273.88,30.431,-64.0,-87.0,23.0,-7.111,-9.667,2.556,-54.728,-52.131,-2.597,-6.081,-5.792,-0.289,2026-03-12,2026-03-28,1610612749
1631466,Williams,5,58.48,11.696,-6.0,-49.0,43.0,-1.2,-9.8,8.6,-14.732,-13.287,-1.446,-2.946,-2.657,-0.289,2026-03-15,2026-03-29,1610612744
1642911,Rocco Zikarsky,7,6.0,0.857,6.0,19.0,-13.0,0.857,2.714,-1.857,1.709,3.775,-2.066,0.244,0.539,-0.295,2026-03-10,2026-03-22,1610612750
1642910,Tonje,1,1.05,1.05,-1.0,16.0,-17.0,-1.0,16.0,-17.0,-1.0,-0.688,-0.312,-1.0,-0.688,-0.312,2026-03-29,2026-03-29,1610612738
1629001,Melton,8,197.51,24.689,-54.0,-13.0,-41.0,-6.75,-1.625,-5.125,-10.498,-7.978,-2.519,-1.312,-0.997,-0.315,2026-03-13,2026-03-29,1610612744
1630702,Jaden Hardy,2,23.0,11.5,-8.0,-18.0,10.0,-4.0,-9.0,5.0,-14.077,-13.422,-0.655,-7.038,-6.711,-0.328,2026-03-10,2026-03-12,1610612764
1642954,Richard,9,231.04,25.671,-45.0,3.0,-48.0,-5.0,0.333,-5.333,-8.35,-4.968,-3.383,-0.928,-0.552,-0.376,2026-03-13,2026-03-27,1610612744
203954,Embiid,2,63.9,31.95,38.0,-14.0,52.0,19.0,-7.0,26.0,-6.447,-5.691,-0.756,-3.223,-2.846,-0.378,2026-03-25,2026-03-28,1610612755
201599,Jordan,2,35.95,17.975,-3.0,-31.0,28.0,-1.5,-15.5,14.0,-8.686,-7.922,-0.763,-4.343,-3.961,-0.382,2026-03-26,2026-03-27,1610612740
1628378,Mitchell,7,239.38,34.197,-21.0,65.0,-86.0,-3.0,9.286,-12.286,20.682,23.436,-2.757,2.955,3.348,-0.394,2026-03-13,2026-03-27,1610612739
1629632,White,8,168.86,21.108,50.0,45.0,5.0,6.25,5.625,0.625,39.053,42.387,-3.334,4.882,5.298,-0.417,2026-03-14,2026-03-29,1610612766
1630172,Patrick Williams,2,0.0,0.0,0.0,-6.0,6.0,0.0,-3.0,3.0,0.0,1.019,-1.019,0.0,0.51,-0.51,2026-03-10,2026-03-12,1610612741
1626164,Booker,9,303.05,33.672,36.0,-7.0,43.0,4.0,-0.778,4.778,13.669,18.267,-4.597,1.519,2.03,-0.511,2026-03-12,2026-03-28,1610612756
201566,Russell Westbrook,5,25.48,5.096,-7.0,-31.0,24.0,-1.4,-6.2,4.8,-7.491,-4.85,-2.642,-1.498,-0.97,-0.528,2026-03-10,2026-03-24,1610612758
203924,Jerami Grant,3,35.35,11.783,0.0,17.0,-17.0,0.0,5.667,-5.667,-1.97,-0.376,-1.595,-0.657,-0.125,-0.532,2026-03-10,2026-03-23,1610612757
1629646,Bassey,3,5.03,1.677,0.0,26.0,-26.0,0.0,8.667,-8.667,0.631,2.32,-1.689,0.21,0.773,-0.563,2026-03-18,2026-03-29,1610612738
1642347,Shead,9,218.76,24.307,50.0,26.0,24.0,5.556,2.889,2.667,31.802,37.277,-5.475,3.534,4.142,-0.608,2026-03-13,2026-03-29,1610612761
1630567,Scottie Barnes,2,71.43,35.715,-14.0,-11.0,-3.0,-7.0,-5.5,-1.5,1.351,2.648,-1.298,0.676,1.324,-0.649,2026-03-10,2026-03-11,1610612761
1630256,Jae'Sean Tate,6,0.0,0.0,0.0,-14.0,14.0,0.0,-2.333,2.333,0.0,4.063,-4.063,0.0,0.677,-0.677,2026-03-10,2026-03-20,1610612745
201566,Westbrook,3,88.03,29.343,-38.0,-2.0,-36.0,-12.667,-0.667,-12.0,-11.145,-9.033,-2.113,-3.715,-3.011,-0.704,2026-03-14,2026-03-19,1610612758
1631123,Bouyea,7,52.06,7.437,17.0,27.0,-10.0,2.429,3.857,-1.429,14.148,19.079,-4.932,2.021,2.726,-0.705,2026-03-12,2026-03-28,1610612756
1630578,Alperen Sengun,4,54.12,13.53,-3.0,-25.0,22.0,-0.75,-6.25,5.5,-2.349,0.53,-2.88,-0.587,0.133,-0.72,2026-03-10,2026-03-16,1610612745
1630702,Hardy,8,171.3,21.412,-40.0,-49.0,9.0,-5.0,-6.125,1.125,-72.557,-66.744,-5.813,-9.07,-8.343,-0.727,2026-03-14,2026-03-27,1610612764
1630699,Beauchamp,8,146.62,18.328,-13.0,7.0,-20.0,-1.625,0.875,-2.5,8.543,14.378,-5.836,1.068,1.797,-0.73,2026-03-12,2026-03-25,1610612755
1628398,Kuzma,6,139.93,23.322,-41.0,-14.0,-27.0,-6.833,-2.333,-4.5,-28.489,-24.111,-4.378,-4.748,-4.019,-0.73,2026-03-12,2026-03-21,1610612749
1627739,Dunn,10,269.49,26.949,42.0,15.0,27.0,4.2,1.5,2.7,27.697,35.198,-7.5,2.77,3.52,-0.75,2026-03-13,2026-03-29,1610612746
1641706,Brandon Miller,2,69.57,34.785,9.0,1.0,8.0,4.5,0.5,4.0,-0.336,1.226,-1.562,-0.168,0.613,-0.781,2026-03-10,2026-03-11,1610612766
1642843,Flagg,9,314.4,34.933,-23.0,-38.0,15.0,-2.556,-4.222,1.667,-24.788,-17.742,-7.046,-2.754,-1.971,-0.783,2026-03-12,2026-03-27,1610612742
1642354,KJ Simpson,8,0.0,0.0,0.0,84.0,-84.0,0.0,10.5,-10.5,0.0,6.268,-6.268,0.0,0.783,-0.783,2026-03-11,2026-03-24,1610612743
1642938,Curtis Jones,8,0.0,0.0,0.0,84.0,-84.0,0.0,10.5,-10.5,0.0,6.268,-6.268,0.0,0.783,-0.783,2026-03-11,2026-03-24,1610612743
1630256,Tate,5,40.81,8.162,22.0,11.0,11.0,4.4,2.2,2.2,24.109,28.027,-3.918,4.822,5.605,-0.784,2026-03-21,2026-03-29,1610612745
1630611,Santos,10,311.92,31.192,-25.0,-40.0,15.0,-2.5,-4.0,1.5,-15.031,-7.133,-7.897,-1.503,-0.713,-0.79,2026-03-13,2026-03-29,1610612744
1626220,O'Neale,6,154.15,25.692,17.0,-6.0,23.0,2.833,-1.0,3.833,12.197,17.246,-5.047,2.033,2.874,-0.841,2026-03-12,2026-03-28,1610612756
1630166,Deni Avdija,1,34.38,34.38,-2.0,0.0,-2.0,-2.0,0.0,-2.0,-3.622,-2.76,-0.862,-3.622,-2.76,-0.862,2026-03-10,2026-03-10,1610612757
1629652,Dort,7,154.41,22.059,-3.0,62.0,-65.0,-0.429,8.857,-9.286,43.488,49.557,-6.068,6.213,7.08,-0.867,2026-03-12,2026-03-29,1610612760
1642349,Mitchell,8,198.33,24.791,23.0,66.0,-43.0,2.875,8.25,-5.375,61.817,68.757,-6.942,7.727,8.595,-0.868,2026-03-12,2026-03-29,1610612760
1627751,Jakob Poeltl,3,29.57,9.857,-8.0,-1.0,-7.0,-2.667,-0.333,-2.333,0.355,3.029,-2.674,0.118,1.01,-0.891,2026-03-10,2026-03-23,1610612761
1628415,Dillon Brooks,9,0.0,0.0,0.0,19.0,-19.0,0.0,2.111,-2.111,0.0,8.125,-8.125,0.0,0.903,-0.903,2026-03-10,2026-03-24,1610612756
1631109,Mark Williams,9,0.0,0.0,0.0,19.0,-19.0,0.0,2.111,-2.111,0.0,8.125,-8.125,0.0,0.903,-0.903,2026-03-10,2026-03-24,1610612756
1641771,Slawson,6,137.58,22.93,-16.0,-28.0,12.0,-2.667,-4.667,2.0,-32.8,-27.298,-5.5,-5.467,-4.55,-0.917,2026-03-12,2026-03-29,1610612754
1627826,Zubac,5,118.24,23.648,-44.0,-25.0,-19.0,-8.8,-5.0,-3.8,-33.234,-28.651,-4.583,-6.647,-5.73,-0.917,2026-03-12,2026-03-18,1610612754
1642917,Max Shulga,4,0.95,0.238,1.0,1.0,0.0,0.25,0.25,0.0,0.192,3.884,-3.692,0.048,0.971,-0.923,2026-03-10,2026-03-20,1610612738
1631165,Ellis,8,212.51,26.564,25.0,24.0,1.0,3.125,3.0,0.125,21.924,29.494,-7.567,2.74,3.687,-0.946,2026-03-13,2026-03-27,1610612739
1628378,Donovan Mitchell,2,36.12,18.06,0.0,-1.0,1.0,0.0,-0.5,0.5,-0.443,1.458,-1.901,-0.222,0.729,-0.95,2026-03-11,2026-03-19,1610612739
1642847,Fears,9,194.91,21.657,-42.0,3.0,-45.0,-4.667,0.333,-5.0,-26.827,-17.954,-8.874,-2.981,-1.995,-0.986,2026-03-13,2026-03-29,1610612740
1630202,Pritchard,9,300.41,33.379,67.0,-2.0,69.0,7.444,-0.222,7.667,13.035,22.135,-9.099,1.448,2.459,-1.011,2026-03-12,2026-03-29,1610612738
203937,Kyle Anderson,2,32.06,16.03,-8.0,-31.0,23.0,-4.0,-15.5,11.5,-13.37,-11.316,-2.055,-6.685,-5.658,-1.027,2026-03-10,2026-03-11,1610612750
1628978,DiVincenzo,8,246.19,30.774,8.0,23.0,-15.0,1.0,2.875,-1.875,0.083,8.396,-8.312,0.01,1.049,-1.039,2026-03-13,2026-03-28,1610612750
1629660,Jerome,4,98.25,24.562,-22.0,-31.0,9.0,-5.5,-7.75,2.25,-29.294,-24.974,-4.318,-7.324,-6.244,-1.08,2026-03-13,2026-03-23,1610612763
1631128,Christian Braun,1,26.1,26.1,20.0,16.0,4.0,20.0,16.0,4.0,-0.014,1.107,-1.121,-0.014,1.107,-1.121,2026-03-11,2026-03-11,1610612743
1629680,Matisse Thybulle,1,11.2,11.2,7.0,-9.0,16.0,7.0,-9.0,16.0,-3.764,-2.618,-1.146,-3.764,-2.618,-1.146,2026-03-10,2026-03-10,1610612757
202685,Jonas Valančiūnas,4,11.72,2.93,7.0,53.0,-46.0,1.75,13.25,-11.5,0.403,5.018,-4.615,0.101,1.254,-1.154,2026-03-11,2026-03-24,1610612743
1642263,Sheppard,9,265.34,29.482,-1.0,42.0,-43.0,-0.111,4.667,-4.778,24.841,35.634,-10.793,2.76,3.959,-1.199,2026-03-13,2026-03-29,1610612745
1641796,Larsson,9,283.59,31.51,-45.0,-37.0,-8.0,-5.0,-4.111,-0.889,-18.665,-7.742,-10.924,-2.074,-0.86,-1.214,2026-03-12,2026-03-29,1610612748
1642266,Ja'Kobe Walter,2,31.15,15.575,-19.0,-6.0,-13.0,-9.5,-3.0,-6.5,0.781,3.217,-2.437,0.39,1.609,-1.218,2026-03-10,2026-03-11,1610612761
1630264,Gill,10,224.09,22.409,-82.0,-47.0,-35.0,-8.2,-4.7,-3.5,-86.444,-74.257,-12.189,-8.644,-7.426,-1.219,2026-03-12,2026-03-29,1610612764
202687,Bismack Biyombo,5,0.0,0.0,0.0,22.0,-22.0,0.0,4.4,-4.4,0.0,6.133,-6.133,0.0,1.227,-1.227,2026-03-10,2026-03-19,1610612759
203482,Kelly Olynyk,5,0.0,0.0,0.0,22.0,-22.0,0.0,4.4,-4.4,0.0,6.133,-6.133,0.0,1.227,-1.227,2026-03-10,2026-03-19,1610612759
1630322,Lindy Waters III,5,0.0,0.0,0.0,22.0,-22.0,0.0,4.4,-4.4,0.0,6.133,-6.133,0.0,1.227,-1.227,2026-03-10,2026-03-19,1610612759
1630202,Payton Pritchard,1,0.0,0.0,0.0,-9.0,9.0,0.0,-9.0,9.0,0.0,1.274,-1.274,0.0,1.274,-1.274,2026-03-10,2026-03-10,1610612738
1641722,Hawkins,4,50.78,12.695,-18.0,-30.0,12.0,-4.5,-7.5,3.0,-11.59,-6.485,-5.105,-2.898,-1.621,-1.276,2026-03-16,2026-03-29,1610612740
1642259,Sarr,5,111.13,22.226,-52.0,-12.0,-40.0,-10.4,-2.4,-8.0,-47.903,-41.498,-6.404,-9.581,-8.3,-1.281,2026-03-12,2026-03-27,1610612764
1642274,Missi,9,206.43,22.937,-61.0,22.0,-83.0,-6.778,2.444,-9.222,-28.241,-16.542,-11.699,-3.138,-1.838,-1.3,2026-03-13,2026-03-29,1610612740
1641989,Harkless,9,290.25,32.25,-50.0,-49.0,-1.0,-5.556,-5.444,-0.111,-56.275,-44.521,-11.755,-6.253,-4.947,-1.306,2026-03-13,2026-03-28,1610612762
1641738,Kobe Brown,2,20.55,10.275,-11.0,8.0,-19.0,-5.5,4.0,-9.5,-3.449,-0.755,-2.695,-1.724,-0.378,-1.348,2026-03-10,2026-03-23,1610612754
1631323,Simone Fontecchio,2,22.28,11.14,6.0,11.0,-5.0,3.0,5.5,-2.5,15.323,18.023,-2.7,7.662,9.012,-1.35,2026-03-10,2026-03-14,1610612748
1631170,Jaquez Jr.,7,167.61,23.944,-28.0,-45.0,17.0,-4.0,-6.429,2.429,-21.831,-12.278,-9.551,-3.119,-1.754,-1.364,2026-03-12,2026-03-29,1610612748
1642877,Peavy,4,23.7,5.925,-9.0,-39.0,30.0,-2.25,-9.75,7.5,-11.769,-6.306,-5.464,-2.942,-1.576,-1.366,2026-03-16,2026-03-29,1610612740
1628969,Bridges,8,254.36,31.795,24.0,30.0,-6.0,3.0,3.75,-0.75,23.159,34.262,-11.101,2.895,4.283,-1.388,2026-03-13,2026-03-29,1610612752
1631204,Marcus Sasser,3,20.55,6.85,31.0,24.0,7.0,10.333,8.0,2.333,14.775,19.005,-4.23,4.925,6.335,-1.41,2026-03-10,2026-03-23,1610612765
1642272,McCain,9,160.39,17.821,53.0,56.0,-3.0,5.889,6.222,-0.333,66.421,79.226,-12.806,7.38,8.803,-1.423,2026-03-12,2026-03-29,1610612760
1627749,Dejounte Murray,3,31.45,10.483,23.0,12.0,11.0,7.667,4.0,3.667,7.026,11.325,-4.3,2.342,3.775,-1.433,2026-03-11,2026-03-19,1610612740
1631106,Eason,9,214.56,23.84,30.0,11.0,19.0,3.333,1.222,2.111,23.752,36.724,-12.971,2.639,4.08,-1.441,2026-03-13,2026-03-29,1610612745
1631102,TyTy Washington Jr.,6,0.0,0.0,0.0,18.0,-18.0,0.0,3.0,-3.0,0.0,9.208,-9.208,0.0,1.535,-1.535,2026-03-11,2026-03-21,1610612746
1630587,Isaiah Livers,5,0.0,0.0,0.0,-3.0,3.0,0.0,-0.6,0.6,0.0,7.713,-7.713,0.0,1.543,-1.543,2026-03-10,2026-03-24,1610612756
1630587,Livers,4,16.78,4.195,-11.0,33.0,-44.0,-2.75,8.25,-11.0,-4.18,2.063,-6.243,-1.045,0.516,-1.561,2026-03-12,2026-03-22,1610612756
1631243,Gueye,9,134.45,14.939,25.0,58.0,-33.0,2.778,6.444,-3.667,35.932,49.998,-14.067,3.992,5.555,-1.563,2026-03-12,2026-03-28,1610612737
1642928,Dylan Cardwell,2,0.0,0.0,0.0,-3.0,3.0,0.0,-1.5,1.5,0.0,3.187,-3.187,0.0,1.594,-1.594,2026-03-10,2026-03-11,1610612758
203471,Dennis Schröder,1,17.8,17.8,-5.0,-1.0,-4.0,-5.0,-1.0,-4.0,-4.184,-2.577,-1.607,-4.184,-2.577,-1.607,2026-03-11,2026-03-11,1610612739
1629013,Shamet,4,100.79,25.197,20.0,19.0,1.0,5.0,4.75,0.25,22.539,29.101,-6.562,5.635,7.275,-1.64,2026-03-13,2026-03-20,1610612752
1626157,Karl-Anthony Towns,2,30.02,15.01,20.0,6.0,14.0,10.0,3.0,7.0,14.779,18.061,-3.281,7.39,9.03,-1.64,2026-03-11,2026-03-13,1610612752
1642905,Yang Hansen,6,0.0,0.0,0.0,7.0,-7.0,0.0,1.167,-1.167,0.0,10.073,-10.073,0.0,1.679,-1.679,2026-03-10,2026-03-22,1610612757
1642346,Ryan Dunn,4,4.82,1.205,-6.0,4.0,-10.0,-1.5,1.0,-2.5,1.369,8.158,-6.788,0.342,2.04,-1.697,2026-03-10,2026-03-24,1610612756
1629731,Wade,6,131.57,21.928,23.0,22.0,1.0,3.833,3.667,0.167,19.788,29.99,-10.202,3.298,4.998,-1.7,2026-03-13,2026-03-24,1610612739
1631106,Tari Eason,2,52.73,26.365,0.0,-22.0,22.0,0.0,-11.0,11.0,-2.534,0.904,-3.438,-1.267,0.452,-1.719,2026-03-10,2026-03-11,1610612745
1642367,Jonathan Mogbo,3,10.53,3.51,-1.0,-30.0,29.0,-0.333,-10.0,9.667,1.669,6.897,-5.228,0.556,2.299,-1.743,2026-03-10,2026-03-20,1610612761
1641842,Ronald Holland II,1,29.72,29.72,13.0,25.0,-12.0,13.0,25.0,-12.0,10.756,12.522,-1.766,10.756,12.522,-1.766,2026-03-10,2026-03-10,1610612765
1630180,Bey,9,291.97,32.441,-10.0,-29.0,19.0,-1.111,-3.222,2.111,-30.416,-14.367,-16.05,-3.38,-1.596,-1.783,2026-03-13,2026-03-29,1610612740
1642873,Amari Williams,6,0.95,0.158,1.0,12.0,-11.0,0.167,2.0,-1.833,0.192,11.048,-10.856,0.032,1.841,-1.809,2026-03-10,2026-03-22,1610612738
1631230,Barlow,9,205.69,22.854,13.0,-15.0,28.0,1.444,-1.667,3.111,-4.583,11.81,-16.393,-0.509,1.312,-1.821,2026-03-12,2026-03-28,1610612755
1628404,Hart,6,195.3,32.55,18.0,26.0,-8.0,3.0,4.333,-1.333,15.249,26.233,-10.984,2.541,4.372,-1.831,2026-03-15,2026-03-29,1610612752
1631223,David Roddy,8,5.85,0.731,2.0,82.0,-80.0,0.25,10.25,-10.0,-4.388,10.656,-15.044,-0.548,1.332,-1.88,2026-03-11,2026-03-24,1610612743
1628971,Brown,10,205.87,20.587,10.0,74.0,-64.0,1.0,7.4,-6.4,-2.744,16.192,-18.936,-0.274,1.619,-1.894,2026-03-12,2026-03-29,1610612743
1641765,Prosper,10,248.22,24.822,-97.0,-46.0,-51.0,-9.7,-4.6,-5.1,-83.765,-64.5,-19.264,-8.376,-6.45,-1.926,2026-03-12,2026-03-28,1610612763
1630530,Murphy III,6,220.0,36.667,11.0,16.0,-5.0,1.833,2.667,-0.833,-8.396,3.204,-11.6,-1.399,0.534,-1.933,2026-03-13,2026-03-24,1610612740
1626162,Kelly Oubre Jr.,8,37.65,4.706,-2.0,-14.0,12.0,-0.25,-1.75,1.5,9.67,25.185,-15.515,1.209,3.148,-1.939,2026-03-10,2026-03-23,1610612755
1630591,Jalen Suggs,3,31.8,10.6,3.0,-4.0,7.0,1.0,-1.333,2.333,1.666,7.595,-5.929,0.555,2.532,-1.976,2026-03-11,2026-03-24,1610612753
1630311,Spencer,10,209.24,20.924,-32.0,-33.0,1.0,-3.2,-3.3,0.1,-20.998,-1.167,-19.832,-2.1,-0.117,-1.983,2026-03-13,2026-03-29,1610612744
1630700,Dyson Daniels,2,35.95,17.975,20.0,3.0,17.0,10.0,1.5,8.5,12.991,17.012,-4.022,6.496,8.506,-2.011,2026-03-10,2026-03-12,1610612737
1631222,LaRavia,9,162.68,18.076,10.0,50.0,-40.0,1.111,5.556,-4.444,10.206,28.368,-18.163,1.134,3.152,-2.018,2026-03-12,2026-03-27,1610612747
1628988,Aaron Holiday,5,18.64,3.728,-21.0,-15.0,-6.0,-4.2,-3.0,-1.2,-5.14,5.148,-10.288,-1.028,1.03,-2.058,2026-03-10,2026-03-18,1610612745
201145,Jeff Green,6,10.17,1.695,-7.0,-38.0,31.0,-1.167,-6.333,5.167,-3.438,9.39,-12.828,-0.573,1.565,-2.138,2026-03-10,2026-03-23,1610612745
1629020,Jarred Vanderbilt,6,14.72,2.453,-1.0,42.0,-43.0,-0.167,7.0,-7.167,5.497,18.538,-13.041,0.916,3.09,-2.174,2026-03-10,2026-03-21,1610612747
1629637,Hayes,8,166.78,20.848,4.0,44.0,-40.0,0.5,5.5,-5.0,5.429,22.834,-17.405,0.679,2.854,-2.176,2026-03-14,2026-03-27,1610612747
1629021,Moritz Wagner,3,12.62,4.207,-1.0,4.0,-5.0,-0.333,1.333,-1.667,0.432,6.999,-6.567,0.144,2.333,-2.189,2026-03-11,2026-03-23,1610612753
1627759,Jaylen Brown,1,14.7,14.7,1.0,-10.0,11.0,1.0,-10.0,11.0,-0.48,1.753,-2.233,-0.48,1.753,-2.233,2026-03-10,2026-03-10,1610612738
1629312,Haywood Highsmith,6,12.8,2.133,-1.0,47.0,-48.0,-0.167,7.833,-8.0,4.215,17.643,-13.428,0.702,2.94,-2.238,2026-03-10,2026-03-24,1610612756
1628960,Allen,4,94.85,23.712,-13.0,21.0,-34.0,-3.25,5.25,-8.5,13.774,22.8,-9.027,3.444,5.7,-2.257,2026-03-13,2026-03-28,1610612756
1628975,Carter,10,204.38,20.438,-55.0,-28.0,-27.0,-5.5,-2.8,-2.7,-42.251,-19.542,-22.71,-4.225,-1.954,-2.271,2026-03-12,2026-03-29,1610612753
203992,Bogdan Bogdanović,5,0.0,0.0,0.0,30.0,-30.0,0.0,6.0,-6.0,0.0,11.425,-11.425,0.0,2.285,-2.285,2026-03-11,2026-03-21,1610612746
1642267,Carrington,10,265.97,26.597,-73.0,-56.0,-17.0,-7.3,-5.6,-1.7,-91.808,-68.891,-22.918,-9.181,-6.889,-2.292,2026-03-12,2026-03-29,1610612764
203500,Steven Adams,8,0.0,0.0,0.0,-21.0,21.0,0.0,-2.625,2.625,0.0,18.452,-18.452,0.0,2.306,-2.306,2026-03-10,2026-03-23,1610612745
1627832,Fred VanVleet,8,0.0,0.0,0.0,-21.0,21.0,0.0,-2.625,2.625,0.0,18.452,-18.452,0.0,2.306,-2.306,2026-03-10,2026-03-23,1610612745
1631120,JD Davison,8,0.0,0.0,0.0,-21.0,21.0,0.0,-2.625,2.625,0.0,18.452,-18.452,0.0,2.306,-2.306,2026-03-10,2026-03-23,1610612745
1641803,Tristen Newton,8,0.0,0.0,0.0,-21.0,21.0,0.0,-2.625,2.625,0.0,18.452,-18.452,0.0,2.306,-2.306,2026-03-10,2026-03-23,1610612745
1631250,Nance,9,220.07,24.452,-79.0,-79.0,0.0,-8.778,-8.778,0.0,-69.423,-48.498,-20.923,-7.714,-5.389,-2.325,2026-03-14,2026-03-29,1610612749
1631123,Jamaree Bouyea,3,0.0,0.0,0.0,0.0,0.0,0.0,0.0,0.0,0.0,7.034,-7.034,0.0,2.345,-2.345,2026-03-10,2026-03-16,1610612756
1629640,Johnson,9,199.09,22.121,77.0,61.0,16.0,8.556,6.778,1.778,42.708,63.894,-21.187,4.745,7.099,-2.354,2026-03-12,2026-03-28,1610612759
1628997,Martin,3,37.68,12.56,-30.0,15.0,-45.0,-10.0,5.0,-15.0,-8.276,-1.049,-7.228,-2.759,-0.35,-2.409,2026-03-12,2026-03-15,1610612742
1626181,Powell,6,183.41,30.568,-49.0,-22.0,-27.0,-8.167,-3.667,-4.5,-22.523,-7.839,-14.684,-3.754,-1.307,-2.447,2026-03-14,2026-03-27,1610612748
1627824,Yabusele,6,125.63,20.938,-49.0,-10.0,-39.0,-8.167,-1.667,-6.5,-26.109,-11.333,-14.776,-4.352,-1.889,-2.463,2026-03-13,2026-03-27,1610612741
1629622,Strus,6,143.68,23.947,23.0,10.0,13.0,3.833,1.667,2.167,14.393,29.193,-14.8,2.399,4.866,-2.467,2026-03-15,2026-03-27,1610612739
1629111,Landale,9,181.75,20.194,47.0,58.0,-11.0,5.222,6.444,-1.222,39.589,61.865,-22.276,4.399,6.874,-2.475,2026-03-12,2026-03-28,1610612737
1631119,Williams,9,145.89,16.21,45.0,64.0,-19.0,5.0,7.111,-2.111,61.666,83.981,-22.314,6.852,9.331,-2.479,2026-03-12,2026-03-29,1610612760
1631113,Chandler,5,153.59,30.718,-52.0,-28.0,-24.0,-10.4,-5.6,-4.8,-37.485,-25.065,-12.422,-7.497,-5.013,-2.484,2026-03-21,2026-03-28,1610612762
203924,Grant,7,205.82,29.403,9.0,50.0,-41.0,1.286,7.143,-5.857,17.989,35.403,-17.416,2.57,5.058,-2.488,2026-03-13,2026-03-27,1610612757
1642951,Sean Pedulla,6,6.0,1.0,-6.0,30.0,-36.0,-1.0,5.0,-6.0,-1.709,13.232,-14.941,-0.285,2.205,-2.49,2026-03-11,2026-03-21,1610612746
203110,Draymond Green,3,29.5,9.833,-19.0,0.0,-19.0,-6.333,0.0,-6.333,-15.599,-7.953,-7.646,-5.2,-2.651,-2.549,2026-03-10,2026-03-15,1610612744
1630182,Green,8,118.1,14.763,46.0,49.0,-3.0,5.75,6.125,-0.375,30.52,50.919,-20.399,3.815,6.365,-2.55,2026-03-14,2026-03-29,1610612766
1631342,Plowden,8,246.56,30.82,-79.0,-31.0,-48.0,-9.875,-3.875,-6.0,-31.172,-10.558,-20.614,-3.897,-1.32,-2.577,2026-03-14,2026-03-29,1610612758
1642918,Alijah Martin,8,4.7,0.587,10.0,1.0,9.0,1.25,0.125,1.125,9.364,30.53,-21.165,1.17,3.816,-2.646,2026-03-10,2026-03-23,1610612761
203110,Green,8,242.68,30.335,-60.0,8.0,-68.0,-7.5,1.0,-8.5,-16.68,5.12,-21.8,-2.085,0.64,-2.725,2026-03-16,2026-03-29,1610612744
201587,Batum,7,110.27,15.753,33.0,54.0,-21.0,4.714,7.714,-3.0,22.221,41.35,-19.129,3.174,5.907,-2.733,2026-03-13,2026-03-29,1610612746
1631107,Nikola Jović,6,0.0,0.0,0.0,-39.0,39.0,0.0,-6.5,6.5,0.0,16.401,-16.401,0.0,2.733,-2.733,2026-03-10,2026-03-23,1610612748
1630533,Williams,8,180.26,22.532,-55.0,-60.0,5.0,-6.875,-7.5,0.625,-56.271,-34.207,-22.064,-7.034,-4.276,-2.758,2026-03-14,2026-03-27,1610612751
201572,Lopez,10,276.84,27.684,26.0,31.0,-5.0,2.6,3.1,-0.5,17.464,45.429,-27.964,1.746,4.543,-2.796,2026-03-13,2026-03-29,1610612746
1626179,Terry Rozier,7,0.0,0.0,0.0,-40.0,40.0,0.0,-5.714,5.714,0.0,20.55,-20.55,0.0,2.936,-2.936,2026-03-10,2026-03-23,1610612748
1641711,Gradey Dick,5,15.35,3.07,8.0,-21.0,29.0,1.6,-4.2,5.8,7.975,22.71,-14.735,1.595,4.542,-2.947,2026-03-10,2026-03-20,1610612761
202331,George,2,62.7,31.35,9.0,15.0,-6.0,4.5,7.5,-3.0,-9.067,-3.071,-5.996,-4.534,-1.535,-2.998,2026-03-25,2026-03-28,1610612755
1630679,Thompson,2,48.09,24.045,-9.0,11.0,-20.0,-4.5,5.5,-10.0,-3.648,2.359,-6.008,-1.824,1.18,-3.004,2026-03-12,2026-03-29,1610612754
1631199,Ron Harper Jr.,2,33.18,16.59,-12.0,11.0,-23.0,-6.0,5.5,-11.5,-3.75,2.303,-6.053,-1.875,1.152,-3.026,2026-03-10,2026-03-16,1610612738
1642853,Rasheer Fleming,1,16.62,16.62,11.0,4.0,7.0,11.0,4.0,7.0,2.053,5.12,-3.068,2.053,5.12,-3.068,2026-03-10,2026-03-10,1610612756
1641740,Clark,4,41.89,10.472,-4.0,15.0,-19.0,-1.0,3.75,-4.75,-2.817,9.523,-12.34,-0.704,2.381,-3.085,2026-03-15,2026-03-28,1610612750
1630703,Henderson,10,246.26,24.626,66.0,47.0,19.0,6.6,4.7,1.9,28.135,59.007,-30.874,2.814,5.901,-3.087,2026-03-13,2026-03-29,1610612757
203932,Aaron Gordon,3,22.48,7.493,17.0,17.0,0.0,5.667,5.667,0.0,-1.172,8.101,-9.273,-0.391,2.7,-3.091,2026-03-11,2026-03-18,1610612743
1630639,Lawson,2,24.55,12.275,23.0,42.0,-19.0,11.5,21.0,-9.5,17.697,23.885,-6.188,8.849,11.942,-3.094,2026-03-27,2026-03-29,1610612761
1641724,Howard,9,139.85,15.539,-69.0,-18.0,-51.0,-7.667,-2.0,-5.667,-45.839,-17.962,-27.876,-5.093,-1.996,-3.097,2026-03-12,2026-03-29,1610612753
201942,DeRozan,8,244.27,30.534,-72.0,-17.0,-55.0,-9.0,-2.125,-6.875,-31.518,-6.306,-25.214,-3.94,-0.788,-3.152,2026-03-14,2026-03-28,1610612758
1642845,VJ Edgecombe,1,34.53,34.53,-7.0,17.0,-24.0,-7.0,17.0,-24.0,4.707,7.876,-3.169,4.707,7.876,-3.169,2026-03-10,2026-03-10,1610612755
1642883,Sion James,2,48.73,24.365,-9.0,19.0,-28.0,-4.5,9.5,-14.0,-2.756,3.646,-6.403,-1.378,1.823,-3.202,2026-03-10,2026-03-11,1610612766
1630611,Gui Santos,1,36.67,36.67,-5.0,-1.0,-4.0,-5.0,-1.0,-4.0,-7.158,-3.947,-3.211,-7.158,-3.947,-3.211,2026-03-10,2026-03-10,1610612744
203497,Gobert,8,254.47,31.809,-1.0,32.0,-33.0,-0.125,4.0,-4.125,-8.831,17.31,-26.139,-1.104,2.164,-3.267,2026-03-13,2026-03-28,1610612750
1629012,Collin Sexton,4,0.0,0.0,0.0,8.0,-8.0,0.0,2.0,-2.0,0.0,13.149,-13.149,0.0,3.287,-3.287,2026-03-10,2026-03-16,1610612741
203992,Bogdanović,3,39.61,13.203,-9.0,21.0,-30.0,-3.0,7.0,-10.0,7.263,17.163,-9.9,2.421,5.721,-3.3,2026-03-18,2026-03-23,1610612746
202066,Garrett Temple,6,3.3,0.55,4.0,-1.0,5.0,0.667,-0.167,0.833,5.015,25.055,-20.04,0.836,4.176,-3.34,2026-03-10,2026-03-23,1610612761
1629060,Hachimura,7,168.07,24.01,12.0,44.0,-32.0,1.714,6.286,-4.571,0.103,23.626,-23.524,0.015,3.375,-3.361,2026-03-12,2026-03-27,1610612747
1631133,Walker,5,59.65,11.93,-22.0,31.0,-53.0,-4.4,6.2,-10.6,-8.068,8.748,-16.815,-1.614,1.75,-3.363,2026-03-12,2026-03-25,1610612755
1628370,Monk,5,135.19,27.038,-48.0,-27.0,-21.0,-9.6,-5.4,-4.2,-30.465,-13.401,-17.064,-6.093,-2.68,-3.413,2026-03-19,2026-03-28,1610612758
1629674,Neemias Queta,1,19.3,19.3,-10.0,1.0,-11.0,-10.0,1.0,-11.0,-1.087,2.361,-3.449,-1.087,2.361,-3.449,2026-03-10,2026-03-10,1610612738
1641824,Buzelis,9,303.03,33.67,-56.0,-8.0,-48.0,-6.222,-0.889,-5.333,-47.117,-15.953,-31.165,-5.235,-1.773,-3.463,2026-03-12,2026-03-28,1610612741
1641750,Kalkbrenner,8,141.67,17.709,48.0,47.0,1.0,6.0,5.875,0.125,26.853,54.588,-27.737,3.357,6.824,-3.467,2026-03-14,2026-03-29,1610612766
1642384,Isaiah Crawford,7,14.62,2.089,-16.0,-27.0,11.0,-2.286,-3.857,1.571,-4.996,19.392,-24.388,-0.714,2.77,-3.484,2026-03-10,2026-03-23,1610612745
1631211,Trevor Keels,7,1.13,0.161,-2.0,-38.0,36.0,-0.286,-5.429,5.143,-2.0,22.55,-24.55,-0.286,3.221,-3.507,2026-03-10,2026-03-23,1610612748
1631094,Banchero,10,357.89,35.789,-71.0,-12.0,-59.0,-7.1,-1.2,-5.9,-48.711,-13.082,-35.629,-4.871,-1.308,-3.563,2026-03-12,2026-03-29,1610612753
1630577,Julian Champagnie,1,26.8,26.8,0.0,9.0,-9.0,0.0,9.0,-9.0,-2.419,1.145,-3.564,-2.419,1.145,-3.564,2026-03-10,2026-03-10,1610612759
1630198,Joe,9,168.43,18.714,64.0,45.0,19.0,7.111,5.0,2.111,56.709,88.935,-32.225,6.301,9.882,-3.581,2026-03-12,2026-03-29,1610612760
1626166,Payne,9,172.07,19.119,-58.0,56.0,-114.0,-6.444,6.222,-12.667,-12.632,19.858,-32.489,-1.404,2.206,-3.61,2026-03-12,2026-03-28,1610612755
1629611,Mann,7,143.82,20.546,-43.0,-11.0,-32.0,-6.143,-1.571,-4.571,-48.459,-22.936,-25.526,-6.923,-3.277,-3.647,2026-03-12,2026-03-29,1610612751
1642269,Carter,5,132.87,26.574,-53.0,-18.0,-35.0,-10.6,-3.6,-7.0,-26.641,-8.222,-18.419,-5.328,-1.644,-3.684,2026-03-22,2026-03-29,1610612758
1631104,Blake Wesley,4,0.0,0.0,0.0,4.0,-4.0,0.0,1.0,-1.0,0.0,14.76,-14.76,0.0,3.69,-3.69,2026-03-10,2026-03-20,1610612757
1642959,Chris Youngblood,7,0.0,0.0,0.0,17.0,-17.0,0.0,2.429,-2.429,0.0,25.865,-25.865,0.0,3.695,-3.695,2026-03-10,2026-03-22,1610612757
1628381,Collins,8,204.09,25.511,-25.0,38.0,-63.0,-3.125,4.75,-7.875,-2.466,27.478,-29.945,-0.308,3.435,-3.743,2026-03-14,2026-03-29,1610612746
1631108,Christie,9,255.93,28.437,-30.0,-31.0,1.0,-3.333,-3.444,0.111,-38.197,-4.334,-33.862,-4.244,-0.482,-3.762,2026-03-12,2026-03-27,1610612742
1628978,Donte DiVincenzo,2,56.18,28.09,-27.0,-12.0,-15.0,-13.5,-6.0,-7.5,-16.11,-8.576,-7.536,-8.055,-4.288,-3.768,2026-03-10,2026-03-11,1610612750
201587,Nicolas Batum,4,11.9,2.975,9.0,-14.0,23.0,2.25,-3.5,5.75,0.423,15.498,-15.075,0.106,3.874,-3.769,2026-03-11,2026-03-19,1610612746
1628370,Malik Monk,5,10.82,2.164,-12.0,-5.0,-7.0,-2.4,-1.0,-1.4,-7.607,11.235,-18.843,-1.521,2.247,-3.769,2026-03-10,2026-03-17,1610612758
1629622,Max Strus,2,0.0,0.0,0.0,27.0,-27.0,0.0,13.5,-13.5,0.0,7.696,-7.696,0.0,3.848,-3.848,2026-03-11,2026-03-13,1610612739
1630191,Stewart,2,40.81,20.405,7.0,31.0,-24.0,3.5,15.5,-12.0,10.378,18.17,-7.793,5.189,9.085,-3.897,2026-03-12,2026-03-13,1610612765
1626220,Royce O'Neale,4,31.72,7.93,8.0,25.0,-17.0,2.0,6.25,-4.25,-1.725,14.378,-16.103,-0.431,3.594,-4.026,2026-03-10,2026-03-22,1610612756
1630241,Sam Merrill,3,30.2,10.067,-1.0,18.0,-19.0,-0.333,6.0,-6.333,-2.577,9.514,-12.091,-0.859,3.171,-4.03,2026-03-11,2026-03-15,1610612739
1642860,Riley,10,312.61,31.261,-55.0,-74.0,19.0,-5.5,-7.4,1.9,-100.843,-59.858,-40.987,-10.084,-5.986,-4.099,2026-03-12,2026-03-29,1610612764
1641716,Jarace Walker,1,38.62,38.62,-13.0,8.0,-21.0,-13.0,8.0,-21.0,-0.931,3.236,-4.166,-0.931,3.236,-4.166,2026-03-10,2026-03-10,1610612754
1630570,Watford,8,157.45,19.681,-42.0,36.0,-78.0,-5.25,4.5,-9.75,-5.25,28.172,-33.42,-0.656,3.522,-4.177,2026-03-12,2026-03-25,1610612755
1629048,Goga Bitadze,2,0.0,0.0,0.0,10.0,-10.0,0.0,5.0,-5.0,0.0,8.415,-8.415,0.0,4.208,-4.208,2026-03-11,2026-03-14,1610612753
1641772,Tomlin,7,74.25,10.607,8.0,34.0,-26.0,1.143,4.857,-3.714,1.528,31.352,-29.825,0.218,4.479,-4.261,2026-03-13,2026-03-27,1610612739
1626164,Devin Booker,1,33.88,33.88,12.0,3.0,9.0,12.0,3.0,9.0,1.455,5.718,-4.262,1.455,5.718,-4.262,2026-03-10,2026-03-10,1610612756
1630314,Williams,6,117.85,19.642,-45.0,12.0,-57.0,-7.5,2.0,-9.5,-22.024,3.786,-25.809,-3.671,0.631,-4.302,2026-03-12,2026-03-27,1610612742
1642352,Keshad Johnson,5,18.9,3.78,7.0,8.0,-1.0,1.4,1.6,-0.2,13.466,35.067,-21.601,2.693,7.013,-4.32,2026-03-10,2026-03-21,1610612748
202331,Paul George,8,0.0,0.0,0.0,-16.0,16.0,0.0,-2.0,2.0,0.0,34.854,-34.854,0.0,4.357,-4.357,2026-03-10,2026-03-23,1610612755
203954,Joel Embiid,8,0.0,0.0,0.0,-16.0,16.0,0.0,-2.0,2.0,0.0,34.854,-34.854,0.0,4.357,-4.357,2026-03-10,2026-03-23,1610612755
1630178,Tyrese Maxey,8,0.0,0.0,0.0,-16.0,16.0,0.0,-2.0,2.0,0.0,34.854,-34.854,0.0,4.357,-4.357,2026-03-10,2026-03-23,1610612755
1641780,Johni Broome,8,0.0,0.0,0.0,-16.0,16.0,0.0,-2.0,2.0,0.0,34.854,-34.854,0.0,4.357,-4.357,2026-03-10,2026-03-23,1610612755
1642863,Khaman Maluach,1,15.43,15.43,-2.0,17.0,-19.0,-2.0,17.0,-19.0,1.392,5.781,-4.388,1.392,5.781,-4.388,2026-03-10,2026-03-10,1610612756
1628418,Bryant,8,118.87,14.859,1.0,48.0,-47.0,0.125,6.0,-5.875,8.044,43.373,-35.329,1.006,5.422,-4.416,2026-03-13,2026-03-27,1610612739
1630573,Sam Hauser,1,34.33,34.33,-9.0,0.0,-9.0,-9.0,0.0,-9.0,-1.578,2.852,-4.43,-1.578,2.852,-4.43,2026-03-10,2026-03-10,1610612738
1642268,Collier,3,82.4,27.467,-37.0,-14.0,-23.0,-12.333,-4.667,-7.667,-36.919,-23.548,-13.37,-12.306,-7.849,-4.457,2026-03-13,2026-03-18,1610612762
1630591,Suggs,8,245.47,30.684,-63.0,-13.0,-50.0,-7.875,-1.625,-6.25,-49.283,-12.974,-36.31,-6.16,-1.622,-4.539,2026-03-12,2026-03-29,1610612753
202066,Temple,4,21.56,5.39,6.0,29.0,-23.0,1.5,7.25,-5.75,5.491,23.691,-18.201,1.373,5.923,-4.55,2026-03-18,2026-03-29,1610612761
1642862,Liam McNeeley,6,0.0,0.0,0.0,69.0,-69.0,0.0,11.5,-11.5,0.0,27.303,-27.303,0.0,4.55,-4.55,2026-03-10,2026-03-21,1610612766
1642419,Battle,7,85.18,12.169,-9.0,22.0,-31.0,-1.286,3.143,-4.429,-8.204,23.998,-32.202,-1.172,3.428,-4.6,2026-03-13,2026-03-27,1610612761
203486,Plumlee,3,23.89,7.963,-1.0,25.0,-26.0,-0.333,8.333,-8.667,7.586,21.398,-13.812,2.529,7.133,-4.604,2026-03-12,2026-03-25,1610612759
1630230,Marshall,9,278.47,30.941,-36.0,-25.0,-11.0,-4.0,-2.778,-1.222,-42.059,-0.472,-41.588,-4.673,-0.052,-4.621,2026-03-12,2026-03-27,1610612742
203078,Bradley Beal,8,0.0,0.0,0.0,42.0,-42.0,0.0,5.25,-5.25,0.0,37.026,-37.026,0.0,4.628,-4.628,2026-03-11,2026-03-23,1610612746
1642949,Yanic Konan Niederhäuser,8,0.0,0.0,0.0,42.0,-42.0,0.0,5.25,-5.25,0.0,37.026,-37.026,0.0,4.628,-4.628,2026-03-11,2026-03-23,1610612746
1642281,Jaylon Tyson,4,17.68,4.42,-4.0,-2.0,-2.0,-1.0,-0.5,-0.5,-8.185,10.532,-18.717,-2.046,2.633,-4.679,2026-03-11,2026-03-24,1610612739
1642404,Chaz Lanier,5,6.27,1.254,-3.0,62.0,-65.0,-0.6,12.4,-13.0,2.931,26.374,-23.443,0.586,5.275,-4.689,2026-03-10,2026-03-23,1610612765
1630610,Jarreau,9,177.76,19.751,-82.0,-53.0,-29.0,-9.111,-5.889,-3.222,-93.102,-50.695,-42.407,-10.345,-5.633,-4.712,2026-03-13,2026-03-28,1610612763
1626157,Towns,7,197.23,28.176,3.0,42.0,-39.0,0.429,6.0,-5.571,10.215,43.398,-33.179,1.459,6.2,-4.74,2026-03-15,2026-03-29,1610612752
1630570,Trendon Watford,1,15.45,15.45,-4.0,14.0,-18.0,-4.0,14.0,-18.0,3.915,8.668,-4.753,3.915,8.668,-4.753,2026-03-10,2026-03-10,1610612755
1631218,Trayce Jackson-Davis,5,3.22,0.644,2.0,-15.0,17.0,0.4,-3.0,3.4,3.442,27.243,-23.8,0.688,5.449,-4.76,2026-03-10,2026-03-20,1610612761
1631199,Harper Jr.,6,36.58,6.097,15.0,25.0,-10.0,2.5,4.167,-1.667,3.991,32.69,-28.697,0.665,5.448,-4.783,2026-03-12,2026-03-29,1610612738
1628467,Maxi Kleber,7,0.0,0.0,0.0,53.0,-53.0,0.0,7.571,-7.571,0.0,34.121,-34.121,0.0,4.874,-4.874,2026-03-10,2026-03-21,1610612747
1631200,Kris Murray,2,12.63,6.315,-6.0,-2.0,-4.0,-3.0,-1.0,-2.0,-10.565,-0.796,-9.77,-5.282,-0.398,-4.885,2026-03-10,2026-03-15,1610612757
1627750,Jamal Murray,1,31.4,31.4,25.0,11.0,14.0,25.0,11.0,14.0,-1.903,2.996,-4.899,-1.903,2.996,-4.899,2026-03-11,2026-03-11,1610612743
1641731,Coulibaly,8,218.79,27.349,-60.0,-34.0,-26.0,-7.5,-4.25,-3.25,-75.1,-35.522,-39.579,-9.388,-4.44,-4.947,2026-03-12,2026-03-29,1610612764
1626204,Larry Nance Jr.,6,0.0,0.0,0.0,6.0,-6.0,0.0,1.0,-1.0,0.0,29.763,-29.763,0.0,4.96,-4.96,2026-03-11,2026-03-24,1610612739
1641854,Craig Porter Jr.,6,0.0,0.0,0.0,6.0,-6.0,0.0,1.0,-1.0,0.0,29.763,-29.763,0.0,4.96,-4.96,2026-03-11,2026-03-24,1610612739
1642400,Tristan Enaruna,6,0.0,0.0,0.0,6.0,-6.0,0.0,1.0,-1.0,0.0,29.763,-29.763,0.0,4.96,-4.96,2026-03-11,2026-03-24,1610612739
1642434,Riley Minix,6,0.0,0.0,0.0,6.0,-6.0,0.0,1.0,-1.0,0.0,29.763,-29.763,0.0,4.96,-4.96,2026-03-11,2026-03-24,1610612739
1630639,A.J. Lawson,8,0.0,0.0,0.0,11.0,-11.0,0.0,1.375,-1.375,0.0,39.894,-39.894,0.0,4.987,-4.987,2026-03-10,2026-03-23,1610612761
1642935,Chucky Hepburn,8,0.0,0.0,0.0,11.0,-11.0,0.0,1.375,-1.375,0.0,39.894,-39.894,0.0,4.987,-4.987,2026-03-10,2026-03-23,1610612761
1631207,Terry,7,96.84,13.834,-29.0,17.0,-46.0,-4.143,2.429,-6.571,-8.205,26.893,-35.097,-1.172,3.842,-5.014,2026-03-12,2026-03-25,1610612755
1641807,Norchad Omier,8,6.0,0.75,-6.0,48.0,-54.0,-0.75,6.0,-6.75,-1.709,38.735,-40.444,-0.214,4.842,-5.055,2026-03-11,2026-03-23,1610612746
1629614,Nembhard,7,213.86,30.551,-3.0,-25.0,22.0,-0.429,-3.571,3.143,-41.297,-5.693,-35.605,-5.9,-0.813,-5.086,2026-03-12,2026-03-29,1610612754
1630572,Sandro Mamukelashvili,2,51.22,25.61,-28.0,3.0,-31.0,-14.0,1.5,-15.5,-3.121,7.119,-10.24,-1.56,3.56,-5.12,2026-03-10,2026-03-11,1610612761
1642851,Kon Knueppel,2,69.85,34.925,8.0,2.0,6.0,4.0,1.0,3.0,-4.704,5.594,-10.297,-2.352,2.797,-5.148,2026-03-10,2026-03-11,1610612766
203081,Damian Lillard,8,0.0,0.0,0.0,52.0,-52.0,0.0,6.5,-6.5,0.0,41.29,-41.29,0.0,5.161,-5.161,2026-03-10,2026-03-23,1610612757
1631101,Shaedon Sharpe,8,0.0,0.0,0.0,52.0,-52.0,0.0,6.5,-6.5,0.0,41.29,-41.29,0.0,5.161,-5.161,2026-03-10,2026-03-23,1610612757
1631126,Caleb Love,8,0.0,0.0,0.0,52.0,-52.0,0.0,6.5,-6.5,0.0,41.29,-41.29,0.0,5.161,-5.161,2026-03-10,2026-03-23,1610612757
1642346,Dunn,6,124.11,20.685,3.0,43.0,-40.0,0.5,7.167,-6.667,0.781,32.155,-31.372,0.13,5.359,-5.229,2026-03-12,2026-03-28,1610612756
1631166,Drew Timme,7,2.92,0.417,-1.0,39.0,-40.0,-0.143,5.571,-5.714,-1.34,35.471,-36.811,-0.191,5.067,-5.259,2026-03-10,2026-03-23,1610612747
1631097,Bennedict Mathurin,5,25.4,5.08,17.0,27.0,-10.0,3.4,5.4,-2.0,5.589,31.952,-26.363,1.118,6.39,-5.273,2026-03-11,2026-03-23,1610612746
1629632,Coby White,2,19.9,9.95,-4.0,14.0,-18.0,-2.0,7.0,-9.0,-4.859,5.749,-10.608,-2.43,2.874,-5.304,2026-03-10,2026-03-11,1610612766
1642443,Jahmir Young,6,0.0,0.0,0.0,-10.0,10.0,0.0,-1.667,1.667,0.0,32.412,-32.412,0.0,5.402,-5.402,2026-03-10,2026-03-23,1610612748
1642450,Jenkins,9,278.21,30.912,48.0,84.0,-36.0,5.333,9.333,-4.0,28.66,77.403,-48.745,3.184,8.6,-5.416,2026-03-12,2026-03-28,1610612765
1630217,Bane,10,338.47,33.847,-69.0,-14.0,-55.0,-6.9,-1.4,-5.5,-58.059,-3.736,-54.323,-5.806,-0.374,-5.432,2026-03-12,2026-03-29,1610612753
1642920,Kobe Sanders,3,6.0,2.0,-6.0,29.0,-35.0,-2.0,9.667,-11.667,-1.709,14.628,-16.337,-0.57,4.876,-5.446,2026-03-11,2026-03-21,1610612746
1641737,Adem Bona,2,15.78,7.89,-8.0,-4.0,-4.0,-4.0,-2.0,-2.0,-2.587,8.432,-11.019,-1.294,4.216,-5.51,2026-03-10,2026-03-12,1610612755
1630558,Mitchell,9,261.44,29.049,-57.0,-25.0,-32.0,-6.333,-2.778,-3.556,-38.023,11.613,-49.636,-4.225,1.29,-5.515,2026-03-12,2026-03-29,1610612748
1628389,Adebayo,8,281.75,35.219,-52.0,0.0,-52.0,-6.5,0.0,-6.5,-29.244,14.929,-44.172,-3.656,1.866,-5.522,2026-03-12,2026-03-29,1610612748
1641733,Nick Smith Jr.,8,0.0,0.0,0.0,50.0,-50.0,0.0,6.25,-6.25,0.0,44.217,-44.217,0.0,5.527,-5.527,2026-03-10,2026-03-23,1610612747
1643024,Chris Mañon,8,0.0,0.0,0.0,50.0,-50.0,0.0,6.25,-6.25,0.0,44.217,-44.217,0.0,5.527,-5.527,2026-03-10,2026-03-23,1610612747
1630581,Giddey,9,315.73,35.081,-62.0,-2.0,-60.0,-6.889,-0.222,-6.667,-56.411,-6.661,-49.752,-6.268,-0.74,-5.528,2026-03-12,2026-03-28,1610612741
1642876,Adou Thiero,7,1.97,0.281,-2.0,55.0,-57.0,-0.286,7.857,-8.143,-2.34,36.461,-38.801,-0.334,5.209,-5.543,2026-03-10,2026-03-21,1610612747
1642345,Ighodaro,9,269.42,29.936,8.0,21.0,-13.0,0.889,2.333,-1.444,-9.026,40.962,-49.983,-1.003,4.551,-5.554,2026-03-12,2026-03-28,1610612756
1642355,James,2,17.8,8.9,-1.0,25.0,-26.0,-0.5,12.5,-13.0,-0.968,10.371,-11.339,-0.484,5.185,-5.67,2026-03-25,2026-03-27,1610612747
203501,Tim Hardaway Jr.,1,21.05,21.05,15.0,21.0,-6.0,15.0,21.0,-6.0,-2.29,3.383,-5.674,-2.29,3.383,-5.674,2026-03-11,2026-03-11,1610612743
203935,Marcus Smart,3,31.33,10.443,14.0,9.0,5.0,4.667,3.0,1.667,5.783,22.905,-17.122,1.928,7.635,-5.707,2026-03-10,2026-03-23,1610612747
201935,James Harden,1,36.83,36.83,-7.0,1.0,-8.0,-7.0,1.0,-8.0,-6.24,-0.52,-5.721,-6.24,-0.52,-5.721,2026-03-11,2026-03-11,1610612739
1630214,Xavier Tillman,4,14.02,3.505,-7.0,27.0,-34.0,-1.75,6.75,-8.5,-6.16,16.849,-23.009,-1.54,4.212,-5.752,2026-03-10,2026-03-21,1610612766
1631200,Murray,9,181.63,20.181,65.0,54.0,11.0,7.222,6.0,1.222,19.717,71.655,-51.94,2.191,7.962,-5.771,2026-03-13,2026-03-29,1610612757
1642867,Collin Murray-Boyles,7,0.0,0.0,0.0,-5.0,5.0,0.0,-0.714,0.714,0.0,40.509,-40.509,0.0,5.787,-5.787,2026-03-10,2026-03-22,1610612761
1641716,Walker,9,259.73,28.859,-80.0,-10.0,-70.0,-8.889,-1.111,-7.778,-78.138,-25.639,-52.498,-8.682,-2.849,-5.833,2026-03-12,2026-03-27,1610612754
1630595,Cade Cunningham,4,25.83,6.458,37.0,40.0,-3.0,9.25,10.0,-0.75,20.574,44.188,-23.614,5.144,11.047,-5.904,2026-03-10,2026-03-23,1610612765
202696,Nikola Vučević,7,0.0,0.0,0.0,24.0,-24.0,0.0,3.429,-3.429,0.0,41.536,-41.536,0.0,5.934,-5.934,2026-03-10,2026-03-22,1610612738
1642910,John Tonje,7,0.0,0.0,0.0,24.0,-24.0,0.0,3.429,-3.429,0.0,41.536,-41.536,0.0,5.934,-5.934,2026-03-10,2026-03-22,1610612738
1629639,Herro,8,257.44,32.18,-54.0,-35.0,-19.0,-6.75,-4.375,-2.375,-40.641,7.022,-47.663,-5.08,0.878,-5.958,2026-03-14,2026-03-29,1610612748
1630249,Vít Krejčí,6,11.58,1.93,-1.0,49.0,-50.0,-0.167,8.167,-8.333,-2.659,33.136,-35.795,-0.443,5.523,-5.966,2026-03-10,2026-03-23,1610612757
1642449,Tolu Smith,6,0.0,0.0,0.0,81.0,-81.0,0.0,13.5,-13.5,0.0,36.044,-36.044,0.0,6.007,-6.007,2026-03-10,2026-03-23,1610612765
1630557,Kispert,10,138.2,13.82,-11.0,109.0,-120.0,-1.1,10.9,-12.0,19.307,79.406,-60.099,1.931,7.941,-6.01,2026-03-12,2026-03-28,1610612737
1642884,Vladislav Goldin,6,1.13,0.188,-2.0,-8.0,6.0,-0.333,-1.333,1.0,-2.0,34.412,-36.412,-0.333,5.735,-6.069,2026-03-10,2026-03-23,1610612748
1630183,McDaniels,7,218.75,31.25,-23.0,76.0,-99.0,-3.286,10.857,-14.143,-16.561,26.033,-42.593,-2.366,3.719,-6.085,2026-03-13,2026-03-25,1610612750
1626192,Pat Connaughton,4,13.47,3.368,2.0,39.0,-37.0,0.5,9.75,-9.25,-1.912,22.464,-24.377,-0.478,5.616,-6.094,2026-03-10,2026-03-24,1610612766
1641723,Kobe Bufkin,8,1.97,0.246,-2.0,52.0,-54.0,-0.25,6.5,-6.75,-2.34,46.557,-48.897,-0.292,5.82,-6.112,2026-03-10,2026-03-23,1610612747
1642261,Dalton Knecht,8,1.97,0.246,-2.0,52.0,-54.0,-0.25,6.5,-6.75,-2.34,46.557,-48.897,-0.292,5.82,-6.112,2026-03-10,2026-03-23,1610612747
1642355,Bronny James,8,1.97,0.246,-2.0,52.0,-54.0,-0.25,6.5,-6.75,-2.34,46.557,-48.897,-0.292,5.82,-6.112,2026-03-10,2026-03-23,1610612747
203952,Andrew Wiggins,6,0.0,0.0,0.0,-15.0,15.0,0.0,-2.5,2.5,0.0,36.672,-36.672,0.0,6.112,-6.112,2026-03-10,2026-03-21,1610612748
1630557,Corey Kispert,1,14.83,14.83,-1.0,13.0,-14.0,-1.0,13.0,-14.0,2.764,8.878,-6.114,2.764,8.878,-6.114,2026-03-10,2026-03-10,1610612737
1642262,Williams,8,258.14,32.268,-85.0,2.0,-87.0,-10.625,0.25,-10.875,-74.292,-25.053,-49.238,-9.286,-3.132,-6.155,2026-03-13,2026-03-28,1610612762
1627747,LeVert,8,155.12,19.39,-11.0,89.0,-100.0,-1.375,11.125,-12.5,9.819,59.442,-49.62,1.227,7.43,-6.202,2026-03-13,2026-03-28,1610612765
1630224,Green,9,280.53,31.17,12.0,17.0,-5.0,1.333,1.889,-0.556,-12.309,44.247,-56.556,-1.368,4.916,-6.284,2026-03-12,2026-03-28,1610612756
202685,Valančiūnas,5,38.64,7.728,0.0,47.0,-47.0,0.0,9.4,-9.4,-9.436,22.057,-31.493,-1.887,4.411,-6.299,2026-03-12,2026-03-29,1610612743
1628963,Bagley III,9,180.76,20.084,-35.0,-26.0,-9.0,-3.889,-2.889,-1.0,-49.641,7.109,-56.749,-5.516,0.79,-6.305,2026-03-12,2026-03-27,1610612742
1628386,Jarrett Allen,7,0.0,0.0,0.0,39.0,-39.0,0.0,5.571,-5.571,0.0,44.219,-44.219,0.0,6.317,-6.317,2026-03-11,2026-03-24,1610612739
1630846,Olivier Sarr,7,0.0,0.0,0.0,39.0,-39.0,0.0,5.571,-5.571,0.0,44.219,-44.219,0.0,6.317,-6.317,2026-03-11,2026-03-24,1610612739
1642878,Tyrese Proctor,7,0.0,0.0,0.0,39.0,-39.0,0.0,5.571,-5.571,0.0,44.219,-44.219,0.0,6.317,-6.317,2026-03-11,2026-03-24,1610612739
1642258,Risacher,10,187.59,18.759,15.0,83.0,-68.0,1.5,8.3,-6.8,17.662,81.052,-63.389,1.766,8.105,-6.339,2026-03-12,2026-03-28,1610612737
1629646,Charles Bassey,2,0.0,0.0,0.0,13.0,-13.0,0.0,6.5,-6.5,0.0,12.734,-12.734,0.0,6.367,-6.367,2026-03-16,2026-03-20,1610612738
1629216,Vincent,10,145.49,14.549,-2.0,100.0,-102.0,-0.2,10.0,-10.2,17.439,81.273,-63.831,1.744,8.127,-6.383,2026-03-12,2026-03-28,1610612737
1642852,Queen,9,168.62,18.736,-50.0,11.0,-61.0,-5.556,1.222,-6.778,-51.229,6.447,-57.677,-5.692,0.716,-6.409,2026-03-13,2026-03-29,1610612740
1631248,Scheierman,9,236.61,26.29,-5.0,70.0,-75.0,-0.556,7.778,-8.333,-11.306,46.48,-57.785,-1.256,5.164,-6.421,2026-03-12,2026-03-29,1610612738
1641772,Nae'Qwan Tomlin,2,0.0,0.0,0.0,1.0,-1.0,0.0,0.5,-0.5,0.0,12.879,-12.879,0.0,6.44,-6.44,2026-03-11,2026-03-17,1610612739
1643047,Huntley,1,4.73,4.73,-4.0,26.0,-30.0,-4.0,26.0,-30.0,0.508,7.1,-6.592,0.508,7.1,-6.592,2026-03-22,2026-03-22,1610612756
1643016,Mbeng,9,276.97,30.774,-102.0,3.0,-105.0,-11.333,0.333,-11.667,-80.554,-20.242,-60.313,-8.95,-2.249,-6.701,2026-03-13,2026-03-28,1610612762
1629750,Green,10,148.23,14.823,48.0,73.0,-25.0,4.8,7.3,-2.5,9.206,76.307,-67.102,0.921,7.631,-6.71,2026-03-12,2026-03-28,1610612765
1628392,Hartenstein,7,154.38,22.054,39.0,39.0,0.0,5.571,5.571,0.0,31.615,79.045,-47.431,4.516,11.292,-6.776,2026-03-15,2026-03-29,1610612760
1629723,Konchar,6,151.23,25.205,-97.0,-19.0,-78.0,-16.167,-3.167,-13.0,-65.136,-24.341,-40.794,-10.856,-4.057,-6.799,2026-03-18,2026-03-28,1610612762
1631174,Burton,10,256.34,25.634,-108.0,-35.0,-73.0,-10.8,-3.5,-7.3,-108.275,-39.988,-68.289,-10.828,-3.999,-6.829,2026-03-12,2026-03-28,1610612763
1642264,Stephon Castle,3,34.17,11.39,12.0,13.0,-1.0,4.0,4.333,-0.333,1.21,21.703,-20.493,0.403,7.234,-6.831,2026-03-10,2026-03-21,1610612759
1631127,Harrison Ingram,8,0.0,0.0,0.0,90.0,-90.0,0.0,11.25,-11.25,0.0,55.282,-55.282,0.0,6.91,-6.91,2026-03-10,2026-03-23,1610612759
1641801,Emanuel Miller,8,0.0,0.0,0.0,90.0,-90.0,0.0,11.25,-11.25,0.0,55.282,-55.282,0.0,6.91,-6.91,2026-03-10,2026-03-23,1610612759
1642357,David Jones Garcia,8,0.0,0.0,0.0,90.0,-90.0,0.0,11.25,-11.25,0.0,55.282,-55.282,0.0,6.91,-6.91,2026-03-10,2026-03-23,1610612759
203552,Curry,2,14.3,7.15,-13.0,-20.0,7.0,-6.5,-10.0,3.5,-11.684,2.183,-13.867,-5.842,1.092,-6.934,2026-03-13,2026-03-29,1610612744
1642353,Cam Christie,4,6.0,1.5,-6.0,40.0,-46.0,-1.5,10.0,-11.5,-1.709,26.342,-28.051,-0.427,6.586,-7.013,2026-03-11,2026-03-21,1610612746
1631124,Strawther,8,82.35,10.294,3.0,77.0,-74.0,0.375,9.625,-9.25,-16.295,39.915,-56.21,-2.037,4.989,-7.026,2026-03-12,2026-03-29,1610612743
200768,Kyle Lowry,4,0.0,0.0,0.0,7.0,-7.0,0.0,1.75,-1.75,0.0,28.141,-28.141,0.0,7.035,-7.035,2026-03-10,2026-03-23,1610612755
1642875,Raynaud,9,302.54,33.616,-112.0,6.0,-118.0,-12.444,0.667,-13.111,-52.073,12.311,-64.382,-5.786,1.368,-7.154,2026-03-14,2026-03-29,1610612758
1642502,Malevy Leons,2,2.3,1.15,-6.0,6.0,-12.0,-3.0,3.0,-6.0,-5.86,8.5,-14.36,-2.93,4.25,-7.18,2026-03-10,2026-03-23,1610612744
1631133,Jabari Walker,4,9.28,2.32,5.0,-10.0,15.0,1.25,-2.5,3.75,4.4,33.128,-28.728,1.1,8.282,-7.182,2026-03-10,2026-03-17,1610612755
1629684,Williams,7,133.74,19.106,33.0,77.0,-44.0,4.714,11.0,-6.286,14.459,65.293,-50.835,2.066,9.328,-7.262,2026-03-14,2026-03-28,1610612766
1643257,Kent,3,19.42,6.473,2.0,36.0,-34.0,0.667,12.0,-11.333,1.424,23.257,-21.833,0.475,7.752,-7.278,2026-03-16,2026-03-29,1610612757
1642848,Johnson,6,141.08,23.513,-70.0,6.0,-76.0,-11.667,1.0,-12.667,-70.174,-25.966,-44.208,-11.696,-4.328,-7.368,2026-03-12,2026-03-27,1610612764
1628384,OG Anunoby,1,30.82,30.82,11.0,6.0,5.0,11.0,6.0,5.0,9.943,17.343,-7.4,9.943,17.343,-7.4,2026-03-11,2026-03-11,1610612752
1628436,Luke Kornet,2,11.1,5.55,6.0,7.0,-1.0,3.0,3.5,-0.5,-1.45,13.385,-14.835,-0.725,6.692,-7.418,2026-03-10,2026-03-16,1610612759
1641763,Phillips,2,7.1,3.55,-8.0,-4.0,-4.0,-4.0,-2.0,-2.0,-6.795,8.04,-14.836,-3.398,4.02,-7.418,2026-03-22,2026-03-28,1610612750
1629645,Porter Jr.,3,90.4,30.133,-40.0,3.0,-43.0,-13.333,1.0,-14.333,-32.51,-10.202,-22.308,-10.837,-3.401,-7.436,2026-03-12,2026-03-17,1610612749
1641730,Clowney,5,90.14,18.028,-25.0,-22.0,-3.0,-5.0,-4.4,-0.6,-50.547,-13.365,-37.182,-10.109,-2.673,-7.436,2026-03-12,2026-03-29,1610612751
1629636,Darius Garland,3,23.47,7.823,5.0,25.0,-20.0,1.667,8.333,-6.667,2.842,25.15,-22.308,0.947,8.383,-7.436,2026-03-11,2026-03-19,1610612746
1629060,Rui Hachimura,2,24.48,12.24,3.0,8.0,-5.0,1.5,4.0,-2.5,1.805,16.797,-14.992,0.902,8.398,-7.496,2026-03-10,2026-03-23,1610612747
201143,Horford,1,4.92,4.92,-3.0,-7.0,4.0,-3.0,-7.0,4.0,-4.135,3.48,-7.614,-4.135,3.48,-7.614,2026-03-13,2026-03-13,1610612744
1630162,Anthony Edwards,6,65.78,10.963,-40.0,55.0,-95.0,-6.667,9.167,-15.833,-20.946,24.959,-45.904,-3.491,4.16,-7.651,2026-03-10,2026-03-22,1610612750
1643257,Jayson Kent,6,0.0,0.0,0.0,49.0,-49.0,0.0,8.167,-8.167,0.0,45.977,-45.977,0.0,7.663,-7.663,2026-03-10,2026-03-23,1610612757
1642363,Clifford,6,185.25,30.875,-39.0,2.0,-41.0,-6.5,0.333,-6.833,-24.369,21.988,-46.356,-4.061,3.665,-7.726,2026-03-14,2026-03-29,1610612758
1641787,Tosan Evbuomwan,7,0.0,0.0,0.0,113.0,-113.0,0.0,16.143,-16.143,0.0,54.707,-54.707,0.0,7.815,-7.815,2026-03-10,2026-03-24,1610612766
1641790,PJ Hall,7,0.0,0.0,0.0,113.0,-113.0,0.0,16.143,-16.143,0.0,54.707,-54.707,0.0,7.815,-7.815,2026-03-10,2026-03-24,1610612766
1641810,Antonio Reeves,7,0.0,0.0,0.0,113.0,-113.0,0.0,16.143,-16.143,0.0,54.707,-54.707,0.0,7.815,-7.815,2026-03-10,2026-03-24,1610612766
1642275,Tidjane Salaün,7,0.0,0.0,0.0,113.0,-113.0,0.0,16.143,-16.143,0.0,54.707,-54.707,0.0,7.815,-7.815,2026-03-10,2026-03-24,1610612766
1641757,Jordan Miller,1,29.37,29.37,10.0,15.0,-5.0,10.0,15.0,-5.0,4.172,12.009,-7.837,4.172,12.009,-7.837,2026-03-11,2026-03-11,1610612746
1630192,Nnaji,3,18.95,6.317,14.0,53.0,-39.0,4.667,17.667,-13.0,0.144,23.866,-23.721,0.048,7.955,-7.907,2026-03-17,2026-03-29,1610612743
1641775,Jordan Walsh,6,1.17,0.195,3.0,23.0,-20.0,0.5,3.833,-3.333,2.0,49.467,-47.467,0.333,8.244,-7.911,2026-03-10,2026-03-22,1610612738
1630174,Nesmith,8,241.61,30.201,-70.0,-5.0,-65.0,-8.75,-0.625,-8.125,-79.888,-16.129,-63.76,-9.986,-2.016,-7.97,2026-03-13,2026-03-27,1610612754
1641757,Miller,9,216.44,24.049,-11.0,43.0,-54.0,-1.222,4.778,-6.0,-13.146,59.586,-72.732,-1.461,6.621,-8.081,2026-03-13,2026-03-29,1610612746
1642866,Beringer,3,14.47,4.823,-2.0,26.0,-28.0,-0.667,8.667,-9.333,1.921,26.25,-24.328,0.64,8.75,-8.109,2026-03-18,2026-03-28,1610612750
201144,Conley,3,57.39,19.13,-4.0,20.0,-24.0,-1.333,6.667,-8.0,0.381,24.721,-24.34,0.127,8.24,-8.113,2026-03-18,2026-03-28,1610612750
1629006,Josh Okogie,2,30.03,15.015,-27.0,5.0,-32.0,-13.5,2.5,-16.0,-8.943,7.313,-16.256,-4.472,3.656,-8.128,2026-03-10,2026-03-11,1610612745
1630228,Jonathan Kuminga,3,0.0,0.0,0.0,13.0,-13.0,0.0,4.333,-4.333,0.0,24.386,-24.386,0.0,8.129,-8.129,2026-03-10,2026-03-20,1610612737
1642262,Cody Williams,2,37.52,18.76,-14.0,-19.0,5.0,-7.0,-9.5,2.5,-21.487,-5.184,-16.303,-10.744,-2.592,-8.152,2026-03-11,2026-03-23,1610612762
1642278,Kolek,4,32.53,8.132,2.0,46.0,-44.0,0.5,11.5,-11.0,7.472,40.165,-32.693,1.868,10.041,-8.173,2026-03-17,2026-03-26,1610612752
1642860,Will Riley,1,39.58,39.58,-10.0,-11.0,1.0,-10.0,-11.0,1.0,-21.607,-13.393,-8.214,-21.607,-13.393,-8.214,2026-03-10,2026-03-10,1610612764
1631260,AJ Green,1,15.03,15.03,-12.0,-3.0,-9.0,-12.0,-3.0,-9.0,-7.722,0.549,-8.272,-7.722,0.549,-8.272,2026-03-10,2026-03-10,1610612749
1642878,Proctor,2,12.1,6.05,-1.0,5.0,-6.0,-0.5,2.5,-3.0,-7.473,9.11,-16.584,-3.737,4.555,-8.292,2026-03-25,2026-03-27,1610612739
1642400,Enaruna,1,6.88,6.88,5.0,28.0,-23.0,5.0,28.0,-23.0,2.899,11.209,-8.31,2.899,11.209,-8.31,2026-03-13,2026-03-13,1610612739
1642348,Justin Edwards,1,6.1,6.1,6.0,4.0,2.0,6.0,4.0,2.0,2.084,10.499,-8.415,2.084,10.499,-8.415,2026-03-10,2026-03-10,1610612755
1630692,Jordan Goodwin,1,13.6,13.6,4.0,11.0,-7.0,4.0,11.0,-7.0,-0.622,7.795,-8.417,-0.622,7.795,-8.417,2026-03-10,2026-03-10,1610612756
1628970,Miles Bridges,2,64.63,32.315,11.0,-1.0,12.0,5.5,-0.5,6.0,-8.013,8.903,-16.916,-4.006,4.452,-8.458,2026-03-10,2026-03-11,1610612766
2544,LeBron James,1,0.0,0.0,0.0,14.0,-14.0,0.0,14.0,-14.0,0.0,8.506,-8.506,0.0,8.506,-8.506,2026-03-10,2026-03-10,1610612747
1631321,Cissoko,10,152.81,15.281,40.0,73.0,-33.0,4.0,7.3,-3.3,0.847,86.294,-85.45,0.085,8.629,-8.545,2026-03-13,2026-03-29,1610612757
203471,Schröder,8,151.7,18.962,3.0,46.0,-43.0,0.375,5.75,-5.375,-8.616,60.033,-68.645,-1.077,7.504,-8.581,2026-03-13,2026-03-27,1610612739
1630208,Richards,7,149.71,21.387,-18.0,-27.0,9.0,-2.571,-3.857,1.286,-53.631,7.146,-60.776,-7.662,1.021,-8.682,2026-03-12,2026-03-25,1610612741
1626167,Turner,7,162.51,23.216,-95.0,-18.0,-77.0,-13.571,-2.571,-11.0,-69.776,-8.887,-60.891,-9.968,-1.27,-8.699,2026-03-12,2026-03-28,1610612749
1630191,Isaiah Stewart,6,22.42,3.737,14.0,65.0,-51.0,2.333,10.833,-8.5,5.025,57.843,-52.818,0.838,9.641,-8.803,2026-03-10,2026-03-23,1610612765
1630703,Scoot Henderson,1,19.33,19.33,1.0,-3.0,4.0,1.0,-3.0,4.0,-7.648,1.266,-8.914,-7.648,1.266,-8.914,2026-03-10,2026-03-10,1610612757
1642461,Jones,10,198.14,19.814,-9.0,93.0,-102.0,-0.9,9.3,-10.2,-38.039,51.488,-89.528,-3.804,5.149,-8.953,2026-03-12,2026-03-29,1610612743
1629057,Williams III,8,128.76,16.095,15.0,69.0,-54.0,1.875,8.625,-6.75,-5.346,66.288,-71.635,-0.668,8.286,-8.954,2026-03-15,2026-03-29,1610612757
1631108,Max Christie,1,24.8,24.8,-12.0,0.0,-12.0,-12.0,0.0,-12.0,-10.389,-1.253,-9.136,-10.389,-1.253,-9.136,2026-03-10,2026-03-10,1610612742
203991,Capela,8,109.55,13.694,2.0,38.0,-36.0,0.25,4.75,-4.5,-4.808,68.499,-73.307,-0.601,8.562,-9.163,2026-03-13,2026-03-29,1610612745
1631172,Dieng,8,218.44,27.305,-137.0,-16.0,-121.0,-17.125,-2.0,-15.125,-95.797,-22.115,-73.682,-11.975,-2.764,-9.21,2026-03-12,2026-03-29,1610612749
203083,Andre Drummond,3,0.0,0.0,0.0,-5.0,5.0,0.0,-1.667,1.667,0.0,27.864,-27.864,0.0,9.288,-9.288,2026-03-10,2026-03-14,1610612755
1629637,Jaxson Hayes,2,0.0,0.0,0.0,26.0,-26.0,0.0,13.0,-13.0,0.0,18.592,-18.592,0.0,9.296,-9.296,2026-03-10,2026-03-12,1610612747
1631114,Williams,4,99.4,24.85,13.0,26.0,-13.0,3.25,6.5,-3.25,7.788,45.104,-37.315,1.947,11.276,-9.329,2026-03-23,2026-03-29,1610612760
1642954,Will Richard,1,31.73,31.73,-4.0,-2.0,-2.0,-4.0,-2.0,-2.0,-10.228,-0.878,-9.35,-10.228,-0.878,-9.35,2026-03-10,2026-03-10,1610612744
1642864,González,9,113.21,12.579,-27.0,92.0,-119.0,-3.0,10.222,-13.222,-24.635,59.807,-84.443,-2.737,6.645,-9.383,2026-03-12,2026-03-29,1610612738
1629651,Claxton,8,173.76,21.72,-64.0,-34.0,-30.0,-8.0,-4.25,-3.75,-80.356,-5.192,-75.164,-10.044,-0.649,-9.396,2026-03-12,2026-03-29,1610612751
1642875,Maxime Raynaud,2,58.62,29.31,-16.0,13.0,-29.0,-8.0,6.5,-14.5,-7.88,11.067,-18.945,-3.94,5.534,-9.472,2026-03-10,2026-03-11,1610612758
1642868,Bryant,9,141.95,15.772,-4.0,142.0,-146.0,-0.444,15.778,-16.222,10.602,96.001,-85.399,1.178,10.667,-9.489,2026-03-12,2026-03-28,1610612759
1642268,Isaiah Collier,4,19.38,4.845,-20.0,9.0,-29.0,-5.0,2.25,-7.25,-25.409,12.764,-38.173,-6.352,3.191,-9.543,2026-03-11,2026-03-23,1610612762
1629027,Young,3,66.88,22.293,-33.0,9.0,-42.0,-11.0,3.0,-14.0,-34.234,-5.568,-28.665,-11.411,-1.856,-9.555,2026-03-12,2026-03-16,1610612764
1628436,Kornet,7,141.21,20.173,17.0,92.0,-75.0,2.429,13.143,-10.714,-1.845,65.728,-67.572,-0.264,9.39,-9.653,2026-03-12,2026-03-28,1610612759
1642883,James,8,139.65,17.456,28.0,67.0,-39.0,3.5,8.375,-4.875,1.907,79.534,-77.628,0.238,9.942,-9.704,2026-03-14,2026-03-29,1610612766
1642844,Dylan Harper,3,25.95,8.65,4.0,22.0,-18.0,1.333,7.333,-6.0,-4.719,24.395,-29.114,-1.573,8.132,-9.705,2026-03-10,2026-03-16,1610612759
1630631,Alvarado,8,115.79,14.474,-12.0,66.0,-78.0,-1.5,8.25,-9.75,-10.147,67.569,-77.716,-1.268,8.446,-9.714,2026-03-13,2026-03-29,1610612752
1626192,Connaughton,4,15.93,3.982,-5.0,62.0,-67.0,-1.25,15.5,-16.75,-0.957,38.008,-38.964,-0.239,9.502,-9.741,2026-03-17,2026-03-29,1610612766
203486,Mason Plumlee,6,0.68,0.113,0.0,91.0,-91.0,0.0,15.167,-15.167,-0.933,58.365,-59.298,-0.156,9.728,-9.883,2026-03-10,2026-03-23,1610612759
1627741,Hield,4,21.22,5.305,1.0,47.0,-46.0,0.25,11.75,-11.5,7.594,47.264,-39.67,1.898,11.816,-9.918,2026-03-18,2026-03-23,1610612737
1641752,Klintman,1,2.53,2.53,0.0,21.0,-21.0,0.0,21.0,-21.0,-1.087,8.846,-9.933,-1.087,8.846,-9.933,2026-03-26,2026-03-26,1610612765
1642403,Isaac Jones,7,0.0,0.0,0.0,101.0,-101.0,0.0,14.429,-14.429,0.0,69.606,-69.606,0.0,9.944,-9.944,2026-03-10,2026-03-23,1610612765
1630552,Jalen Johnson,3,37.77,12.59,14.0,53.0,-39.0,4.667,17.667,-13.0,12.056,41.991,-29.935,4.019,13.997,-9.978,2026-03-10,2026-03-23,1610612737
1642849,Traore,8,182.1,22.762,-67.0,-28.0,-39.0,-8.375,-3.5,-4.875,-81.601,-1.417,-80.186,-10.2,-0.177,-10.023,2026-03-14,2026-03-29,1610612751
202699,Tobias Harris,2,21.88,10.94,23.0,31.0,-8.0,11.5,15.5,-4.0,10.609,30.687,-20.078,5.304,15.343,-10.039,2026-03-10,2026-03-13,1610612765
1641854,Porter Jr.,1,14.75,14.75,12.0,21.0,-9.0,12.0,21.0,-9.0,2.006,12.102,-10.096,2.006,12.102,-10.096,2026-03-13,2026-03-13,1610612739
1631107,Jović,1,3.7,3.7,-1.0,0.0,-1.0,-1.0,0.0,-1.0,-3.457,6.67,-10.127,-3.457,6.67,-10.127,2026-03-21,2026-03-21,1610612748
1631213,Tyrese Martin,5,0.0,0.0,0.0,20.0,-20.0,0.0,4.0,-4.0,0.0,51.807,-51.807,0.0,10.361,-10.361,2026-03-10,2026-03-21,1610612755
1626145,Jones,5,20.24,4.048,-4.0,82.0,-86.0,-0.8,16.4,-17.2,-9.81,42.609,-52.418,-1.962,8.522,-10.484,2026-03-12,2026-03-29,1610612743
1631132,Christian Koloko,6,0.0,0.0,0.0,44.0,-44.0,0.0,7.333,-7.333,0.0,63.015,-63.015,0.0,10.502,-10.502,2026-03-10,2026-03-21,1610612737
1630543,Isaiah Jackson,1,17.88,17.88,14.0,11.0,3.0,14.0,11.0,3.0,2.838,13.342,-10.504,2.838,13.342,-10.504,2026-03-11,2026-03-11,1610612746
1642380,Bal,1,27.56,27.56,-7.0,8.0,-15.0,-7.0,8.0,-15.0,-7.095,3.429,-10.524,-7.095,3.429,-10.524,2026-03-28,2026-03-28,1610612763
1629013,Landry Shamet,3,30.53,10.177,21.0,33.0,-12.0,7.0,11.0,-4.0,14.791,46.395,-31.603,4.93,15.465,-10.534,2026-03-11,2026-03-24,1610612752
1642383,Clayton Jr.,8,197.08,24.635,-122.0,3.0,-125.0,-15.25,0.375,-15.625,-104.156,-19.585,-84.572,-13.019,-2.448,-10.572,2026-03-16,2026-03-28,1610612763
1642885,Mohamed Diawara,1,15.28,15.28,-12.0,29.0,-41.0,-12.0,29.0,-41.0,8.264,19.022,-10.758,8.264,19.022,-10.758,2026-03-11,2026-03-11,1610612752
1641711,Dick,6,82.46,13.743,10.0,54.0,-44.0,1.667,9.0,-7.333,-12.557,52.037,-64.596,-2.093,8.673,-10.766,2026-03-18,2026-03-29,1610612761
1630170,Devin Vassell,3,32.07,10.69,13.0,39.0,-26.0,4.333,13.0,-8.667,-0.415,32.168,-32.583,-0.138,10.723,-10.861,2026-03-10,2026-03-21,1610612759
1630193,Immanuel Quickley,3,67.33,22.443,-43.0,34.0,-77.0,-14.333,11.333,-25.667,-14.648,18.031,-32.678,-4.883,6.01,-10.893,2026-03-10,2026-03-23,1610612761
1631111,Wendell Moore Jr.,8,0.0,0.0,0.0,117.0,-117.0,0.0,14.625,-14.625,0.0,87.623,-87.623,0.0,10.953,-10.953,2026-03-10,2026-03-23,1610612765
1641752,Bobi Klintman,8,0.0,0.0,0.0,117.0,-117.0,0.0,14.625,-14.625,0.0,87.623,-87.623,0.0,10.953,-10.953,2026-03-10,2026-03-23,1610612765
1631110,Sochan,2,13.23,6.615,11.0,47.0,-36.0,5.5,23.5,-18.0,11.739,33.827,-22.087,5.87,16.914,-11.044,2026-03-17,2026-03-22,1610612752
1642876,Thiero,1,2.4,2.4,-4.0,1.0,-5.0,-4.0,1.0,-5.0,-2.059,8.989,-11.048,-2.059,8.989,-11.048,2026-03-23,2026-03-23,1610612747
203944,Julius Randle,2,53.96,26.98,-23.0,-16.0,-7.0,-11.5,-8.0,-3.5,-23.618,-1.068,-22.55,-11.809,-0.534,-11.275,2026-03-10,2026-03-11,1610612750
1627742,Brandon Ingram,3,73.9,24.633,-43.0,34.0,-77.0,-14.333,11.333,-25.667,-15.534,18.917,-34.451,-5.178,6.306,-11.484,2026-03-10,2026-03-23,1610612761
1641842,Holland II,10,168.87,16.887,-17.0,138.0,-155.0,-1.7,13.8,-15.5,-14.788,100.302,-115.09,-1.479,10.03,-11.509,2026-03-12,2026-03-28,1610612765
1642918,Martin,2,15.17,7.585,11.0,54.0,-43.0,5.5,27.0,-21.5,9.242,32.34,-23.098,4.621,16.17,-11.549,2026-03-27,2026-03-29,1610612761
1629057,Robert Williams III,3,21.32,7.107,-6.0,33.0,-39.0,-2.0,11.0,-13.0,-9.355,25.466,-34.821,-3.118,8.489,-11.607,2026-03-10,2026-03-16,1610612757
1630194,Reed,10,142.18,14.218,3.0,118.0,-115.0,0.3,11.8,-11.5,-15.661,101.174,-116.834,-1.566,10.117,-11.683,2026-03-12,2026-03-28,1610612765
1642869,Noah Penda,1,11.0,11.0,-5.0,11.0,-16.0,-5.0,11.0,-16.0,-2.48,9.24,-11.721,-2.48,9.24,-11.721,2026-03-11,2026-03-11,1610612753
1642281,Tyson,3,56.34,18.78,12.0,33.0,-21.0,4.0,11.0,-7.0,2.164,37.778,-35.615,0.721,12.593,-11.872,2026-03-13,2026-03-19,1610612739
1642917,Shulga,4,7.96,1.99,-5.0,42.0,-47.0,-1.25,10.5,-11.75,-7.927,40.507,-48.434,-1.982,10.127,-12.108,2026-03-14,2026-03-29,1610612738
1630171,Okoro,3,84.2,28.067,-42.0,3.0,-45.0,-14.0,1.0,-15.0,-28.292,8.15,-36.442,-9.431,2.717,-12.147,2026-03-25,2026-03-28,1610612741
1642843,Cooper Flagg,1,32.1,32.1,-13.0,1.0,-14.0,-13.0,1.0,-14.0,-11.944,0.301,-12.245,-11.944,0.301,-12.245,2026-03-10,2026-03-10,1610612742
1642484,RayJ Dennis,7,0.0,0.0,0.0,83.0,-83.0,0.0,11.857,-11.857,0.0,85.823,-85.823,0.0,12.26,-12.26,2026-03-10,2026-03-23,1610612737
1642938,Jones,1,1.93,1.93,2.0,21.0,-19.0,2.0,21.0,-19.0,-1.762,10.61,-12.371,-1.762,10.61,-12.371,2026-03-29,2026-03-29,1610612743
1631243,Mouhamed Gueye,2,10.28,5.14,-2.0,29.0,-31.0,-1.0,14.5,-15.5,-0.414,24.38,-24.794,-0.207,12.19,-12.397,2026-03-10,2026-03-18,1610612737
1630214,Tillman,4,15.63,3.908,0.0,78.0,-78.0,0.0,19.5,-19.5,-2.135,47.784,-49.918,-0.534,11.946,-12.48,2026-03-17,2026-03-29,1610612766
1630699,MarJon Beauchamp,1,0.0,0.0,0.0,10.0,-10.0,0.0,10.0,-10.0,0.0,12.583,-12.583,0.0,12.583,-12.583,2026-03-10,2026-03-10,1610612755
1642962,Powell,8,203.35,25.419,-82.0,15.0,-97.0,-10.25,1.875,-12.125,-85.919,15.405,-101.323,-10.74,1.926,-12.665,2026-03-12,2026-03-29,1610612751
1642359,Dadiet,3,14.0,4.667,4.0,63.0,-59.0,1.333,21.0,-19.667,5.612,43.76,-38.147,1.871,14.587,-12.716,2026-03-13,2026-03-22,1610612752
1631104,Wesley,6,59.4,9.9,1.0,113.0,-112.0,0.167,18.833,-18.667,-3.515,73.123,-76.639,-0.586,12.187,-12.773,2026-03-13,2026-03-29,1610612757
1642854,Asa Newell,8,0.0,0.0,0.0,106.0,-106.0,0.0,13.25,-13.25,0.0,102.623,-102.623,0.0,12.828,-12.828,2026-03-10,2026-03-23,1610612737
1642933,Keshon Gilbert,8,0.0,0.0,0.0,106.0,-106.0,0.0,13.25,-13.25,0.0,102.623,-102.623,0.0,12.828,-12.828,2026-03-10,2026-03-23,1610612737
1631218,Jackson-Davis,5,31.93,6.386,-22.0,73.0,-95.0,-4.4,14.6,-19.0,-16.864,47.496,-64.362,-3.373,9.499,-12.872,2026-03-18,2026-03-29,1610612761
200768,Lowry,5,41.35,8.27,-42.0,39.0,-81.0,-8.4,7.8,-16.2,-28.572,35.871,-64.443,-5.714,7.174,-12.889,2026-03-12,2026-03-25,1610612755
1630230,Naji Marshall,1,29.9,29.9,-18.0,6.0,-24.0,-18.0,6.0,-24.0,-12.293,0.651,-12.944,-12.293,0.651,-12.944,2026-03-10,2026-03-10,1610612742
1627741,Buddy Hield,4,0.0,0.0,0.0,58.0,-58.0,0.0,14.5,-14.5,0.0,51.95,-51.95,0.0,12.988,-12.988,2026-03-10,2026-03-16,1610612737
1629026,Kenrich Williams,3,0.0,0.0,0.0,20.0,-20.0,0.0,6.667,-6.667,0.0,39.012,-39.012,0.0,13.004,-13.004,2026-03-12,2026-03-17,1610612760
1642964,Brooks Barnhizer,3,0.0,0.0,0.0,20.0,-20.0,0.0,6.667,-6.667,0.0,39.012,-39.012,0.0,13.004,-13.004,2026-03-12,2026-03-17,1610612760
1641747,Holmes II,2,3.88,1.94,2.0,37.0,-35.0,1.0,18.5,-17.5,-2.481,23.551,-26.03,-1.24,11.776,-13.015,2026-03-22,2026-03-29,1610612743
1629006,Okogie,8,64.91,8.114,-19.0,50.0,-69.0,-2.375,6.25,-8.625,-28.283,76.214,-104.499,-3.535,9.527,-13.062,2026-03-13,2026-03-29,1610612745
1631255,Karlo Matković,1,13.45,13.45,-8.0,19.0,-27.0,-8.0,19.0,-27.0,-8.283,4.822,-13.105,-8.283,4.822,-13.105,2026-03-11,2026-03-11,1610612740
1642951,Pedulla,3,17.3,5.767,-8.0,51.0,-59.0,-2.667,17.0,-19.667,0.92,40.453,-39.533,0.307,13.484,-13.178,2026-03-18,2026-03-25,1610612746
1629162,McLaughlin,7,66.28,9.469,1.0,129.0,-128.0,0.143,18.429,-18.286,9.878,102.835,-92.958,1.411,14.691,-13.28,2026-03-16,2026-03-28,1610612759
1631212,Watson,4,86.48,21.62,14.0,38.0,-24.0,3.5,9.5,-6.0,-19.207,34.123,-53.329,-4.802,8.531,-13.332,2026-03-22,2026-03-29,1610612743
1628379,Kennard,9,177.16,19.684,-31.0,91.0,-122.0,-3.444,10.111,-13.556,-41.357,79.932,-121.291,-4.595,8.881,-13.477,2026-03-12,2026-03-27,1610612747
1631110,Jeremy Sochan,5,2.85,0.57,-2.0,37.0,-39.0,-0.4,7.4,-7.8,-0.288,67.395,-67.683,-0.058,13.479,-13.537,2026-03-11,2026-03-24,1610612752
1628975,Jevon Carter,1,20.2,20.2,-1.0,7.0,-8.0,-1.0,7.0,-8.0,-3.427,10.187,-13.614,-3.427,10.187,-13.614,2026-03-11,2026-03-11,1610612753
1642862,McNeeley,2,21.2,10.6,-4.0,33.0,-37.0,-2.0,16.5,-18.5,0.342,27.604,-27.262,0.171,13.802,-13.631,2026-03-24,2026-03-29,1610612766
1630811,Keaton Wallace,4,0.0,0.0,0.0,51.0,-51.0,0.0,12.75,-12.75,0.0,54.747,-54.747,0.0,13.687,-13.687,2026-03-10,2026-03-21,1610612737
1631216,Caleb Houstan,4,0.0,0.0,0.0,51.0,-51.0,0.0,12.75,-12.75,0.0,54.747,-54.747,0.0,13.687,-13.687,2026-03-10,2026-03-21,1610612737
1642265,Rob Dillingham,1,20.22,20.22,-2.0,8.0,-10.0,-2.0,8.0,-10.0,-1.31,12.415,-13.724,-1.31,12.415,-13.724,2026-03-10,2026-03-10,1610612741
1630209,Omer Yurtseven,1,0.0,0.0,0.0,6.0,-6.0,0.0,6.0,-6.0,0.0,13.745,-13.745,0.0,13.745,-13.745,2026-03-23,2026-03-23,1610612744
1642874,Wolf,6,137.81,22.968,-67.0,-4.0,-63.0,-11.167,-0.667,-10.5,-84.469,-1.93,-82.539,-14.078,-0.322,-13.756,2026-03-12,2026-03-22,1610612751
1642367,Mogbo,8,54.43,6.804,-29.0,111.0,-140.0,-3.625,13.875,-17.5,-23.695,87.825,-111.519,-2.962,10.978,-13.94,2026-03-13,2026-03-29,1610612761
1642867,Murray-Boyles,3,53.0,17.667,-12.0,16.0,-28.0,-4.0,5.333,-9.333,-24.047,17.891,-41.938,-8.016,5.964,-13.979,2026-03-23,2026-03-27,1610612761
1642278,Tyler Kolek,4,2.85,0.712,-2.0,36.0,-38.0,-0.5,9.0,-9.5,-0.288,55.856,-56.144,-0.072,13.964,-14.036,2026-03-11,2026-03-24,1610612752
203952,Wiggins,4,100.69,25.172,-44.0,-2.0,-42.0,-11.0,-0.5,-10.5,-41.685,14.462,-56.149,-10.421,3.616,-14.037,2026-03-23,2026-03-29,1610612748
1630228,Kuminga,7,136.37,19.481,-3.0,90.0,-93.0,-0.429,12.857,-13.286,-10.64,88.253,-98.893,-1.52,12.608,-14.128,2026-03-12,2026-03-27,1610612737
1631216,Houstan,4,14.87,3.718,-2.0,57.0,-59.0,-0.5,14.25,-14.75,-2.517,54.247,-56.764,-0.629,13.562,-14.191,2026-03-14,2026-03-23,1610612737
1631102,Washington Jr.,2,13.81,6.905,-12.0,36.0,-48.0,-6.0,18.0,-24.0,-1.302,27.149,-28.452,-0.651,13.574,-14.226,2026-03-14,2026-03-23,1610612746
1629026,Williams,4,40.55,10.138,10.0,78.0,-68.0,2.5,19.5,-17.0,15.459,72.467,-57.01,3.865,18.117,-14.252,2026-03-18,2026-03-27,1610612760
1641755,Kevin McCullar Jr.,6,1.63,0.272,2.0,65.0,-63.0,0.333,10.833,-10.5,1.787,87.468,-85.682,0.298,14.578,-14.28,2026-03-11,2026-03-24,1610612752
1630811,Wallace,4,15.98,3.995,-8.0,63.0,-71.0,-2.0,15.75,-17.75,-2.806,54.536,-57.341,-0.701,13.634,-14.335,2026-03-14,2026-03-23,1610612737
1642359,Pacôme Dadiet,4,2.0,0.5,0.0,26.0,-26.0,0.0,6.5,-6.5,1.712,59.841,-58.129,0.428,14.96,-14.532,2026-03-11,2026-03-24,1610612752
1641794,Jones,1,3.45,3.45,6.0,26.0,-20.0,6.0,26.0,-20.0,2.578,17.233,-14.654,2.578,17.233,-14.654,2026-03-22,2026-03-22,1610612752
1628404,Josh Hart,3,0.0,0.0,0.0,27.0,-27.0,0.0,9.0,-9.0,0.0,44.379,-44.379,0.0,14.793,-14.793,2026-03-11,2026-03-20,1610612752
1630194,Paul Reed,1,7.65,7.65,0.0,38.0,-38.0,0.0,38.0,-38.0,4.227,19.052,-14.825,4.227,19.052,-14.825,2026-03-10,2026-03-10,1610612765
1627747,Caris LeVert,2,0.0,0.0,0.0,60.0,-60.0,0.0,30.0,-30.0,0.0,30.017,-30.017,0.0,15.008,-15.008,2026-03-10,2026-03-12,1610612765
1629618,Pickett,3,11.1,3.7,0.0,67.0,-67.0,0.0,22.333,-22.333,-10.564,34.575,-45.137,-3.521,11.525,-15.046,2026-03-17,2026-03-29,1610612743
1631166,Timme,1,3.8,3.8,-7.0,19.0,-26.0,-7.0,19.0,-26.0,-2.433,12.744,-15.177,-2.433,12.744,-15.177,2026-03-12,2026-03-12,1610612747
1642349,Ajay Mitchell,1,0.0,0.0,0.0,20.0,-20.0,0.0,20.0,-20.0,0.0,15.194,-15.194,0.0,15.194,-15.194,2026-03-23,2026-03-23,1610612760
1626181,Norman Powell,3,0.0,0.0,0.0,27.0,-27.0,0.0,9.0,-9.0,0.0,46.03,-46.03,0.0,15.343,-15.343,2026-03-10,2026-03-21,1610612748
1628467,Kleber,2,11.53,5.765,4.0,0.0,4.0,2.0,0.0,2.0,-8.237,23.085,-31.323,-4.118,11.542,-15.662,2026-03-23,2026-03-25,1610612747
1642882,Reese,3,92.66,30.887,-26.0,6.0,-32.0,-8.667,2.0,-10.667,-40.303,6.927,-47.232,-13.434,2.309,-15.744,2026-03-16,2026-03-29,1610612764
1630183,Jaden McDaniels,2,57.66,28.83,-50.0,11.0,-61.0,-25.0,5.5,-30.5,-28.119,3.432,-31.552,-14.06,1.716,-15.776,2026-03-10,2026-03-11,1610612750
1641712,Rupert,4,125.4,31.35,-68.0,-3.0,-65.0,-17.0,-0.75,-16.25,-62.101,1.086,-63.185,-15.525,0.271,-15.796,2026-03-12,2026-03-28,1610612763
1641794,Dillon Jones,6,0.0,0.0,0.0,61.0,-61.0,0.0,10.167,-10.167,0.0,95.318,-95.318,0.0,15.886,-15.886,2026-03-11,2026-03-24,1610612752
1630544,Mann,5,24.61,4.922,-9.0,110.0,-119.0,-1.8,22.0,-23.8,-8.084,71.394,-79.478,-1.617,14.279,-15.896,2026-03-17,2026-03-29,1610612766
1631126,Love,1,8.4,8.4,-1.0,32.0,-33.0,-1.0,32.0,-33.0,-3.136,12.799,-15.934,-3.136,12.799,-15.934,2026-03-25,2026-03-25,1610612757
1628989,Kevin Huerter,2,21.6,10.8,19.0,33.0,-14.0,9.5,16.5,-7.0,6.002,37.873,-31.871,3.001,18.937,-15.936,2026-03-10,2026-03-20,1610612765
1627783,Siakam,5,156.84,31.368,-36.0,32.0,-68.0,-7.2,6.4,-13.6,-57.711,22.288,-79.996,-11.542,4.458,-15.999,2026-03-21,2026-03-29,1610612754
1641709,Ausar Thompson,3,0.0,0.0,0.0,76.0,-76.0,0.0,25.333,-25.333,0.0,48.034,-48.034,0.0,16.011,-16.011,2026-03-10,2026-03-13,1610612765
1642403,Jones,2,7.9,3.95,-3.0,40.0,-43.0,-1.5,20.0,-21.5,-2.41,30.224,-32.635,-1.205,15.112,-16.318,2026-03-13,2026-03-26,1610612765
1630208,Nick Richards,1,28.12,28.12,-5.0,11.0,-16.0,-5.0,11.0,-16.0,-2.633,13.738,-16.371,-2.633,13.738,-16.371,2026-03-10,2026-03-10,1610612741
1642852,Derik Queen,1,14.45,14.45,-9.0,20.0,-29.0,-9.0,20.0,-29.0,-9.938,6.477,-16.416,-9.938,6.477,-16.416,2026-03-11,2026-03-11,1610612740
1630574,Hukporti,2,16.97,8.485,-2.0,43.0,-45.0,-1.0,21.5,-22.5,-4.848,28.466,-33.313,-2.424,14.233,-16.656,2026-03-13,2026-03-22,1610612752
1630540,Miles McBride,7,0.0,0.0,0.0,93.0,-93.0,0.0,13.286,-13.286,0.0,117.466,-117.466,0.0,16.781,-16.781,2026-03-11,2026-03-24,1610612752
1641998,Trey Jemison III,7,0.0,0.0,0.0,93.0,-93.0,0.0,13.286,-13.286,0.0,117.466,-117.466,0.0,16.781,-16.781,2026-03-11,2026-03-24,1610612752
1642362,Payton Sandfort,5,0.0,0.0,0.0,61.0,-61.0,0.0,12.2,-12.2,0.0,83.981,-83.981,0.0,16.796,-16.796,2026-03-12,2026-03-23,1610612760
1628973,Jalen Brunson,2,32.85,16.425,-3.0,46.0,-49.0,-1.5,23.0,-24.5,10.876,44.621,-33.745,5.438,22.31,-16.872,2026-03-11,2026-03-17,1610612752
201145,Green,3,16.94,5.647,-9.0,65.0,-74.0,-3.0,21.667,-24.667,-6.641,44.032,-50.672,-2.214,14.677,-16.891,2026-03-13,2026-03-29,1610612745
1642959,Youngblood,1,9.02,9.02,2.0,33.0,-31.0,2.0,33.0,-31.0,0.011,16.99,-16.98,0.011,16.99,-16.98,2026-03-23,2026-03-23,1610612757
1628392,Isaiah Hartenstein,2,0.0,0.0,0.0,31.0,-31.0,0.0,15.5,-15.5,0.0,34.082,-34.082,0.0,17.041,-17.041,2026-03-12,2026-03-18,1610612760
1630598,Wiggins,7,102.63,14.661,1.0,107.0,-106.0,0.143,15.286,-15.143,3.653,124.423,-120.77,0.522,17.775,-17.253,2026-03-12,2026-03-27,1610612760
1642404,Lanier,5,31.47,6.294,-4.0,105.0,-109.0,-0.8,21.0,-21.8,-8.794,78.667,-87.461,-1.759,15.733,-17.492,2026-03-12,2026-03-28,1610612765
1642847,Jeremiah Fears,1,16.55,16.55,-12.0,23.0,-35.0,-12.0,23.0,-35.0,-10.487,7.026,-17.512,-10.487,7.026,-17.512,2026-03-11,2026-03-11,1610612740
1630574,Ariel Hukporti,5,0.0,0.0,0.0,52.0,-52.0,0.0,10.4,-10.4,0.0,89.764,-89.764,0.0,17.953,-17.953,2026-03-11,2026-03-24,1610612752
1642260,Nikola Topić,6,0.0,0.0,0.0,90.0,-90.0,0.0,15.0,-15.0,0.0,108.132,-108.132,0.0,18.022,-18.022,2026-03-12,2026-03-23,1610612760
1642850,Thomas Sorber,6,0.0,0.0,0.0,90.0,-90.0,0.0,15.0,-15.0,0.0,108.132,-108.132,0.0,18.022,-18.022,2026-03-12,2026-03-23,1610612760
1642389,Pullin,2,6.24,3.12,-4.0,50.0,-54.0,-2.0,25.0,-27.0,-3.569,32.73,-36.299,-1.784,16.365,-18.15,2026-03-18,2026-03-22,1610612750
1628381,John Collins,3,0.0,0.0,0.0,69.0,-69.0,0.0,23.0,-23.0,0.0,54.733,-54.733,0.0,18.244,-18.244,2026-03-11,2026-03-23,1610612746
1641755,McCullar Jr.,1,2.9,2.9,-1.0,27.0,-28.0,-1.0,27.0,-28.0,3.745,22.01,-18.265,3.745,22.01,-18.265,2026-03-17,2026-03-17,1610612752
1631114,Jalen Williams,5,0.0,0.0,0.0,70.0,-70.0,0.0,14.0,-14.0,0.0,92.938,-92.938,0.0,18.588,-18.588,2026-03-12,2026-03-21,1610612760
1642382,Branden Carlson,5,0.0,0.0,0.0,70.0,-70.0,0.0,14.0,-14.0,0.0,92.938,-92.938,0.0,18.588,-18.588,2026-03-12,2026-03-21,1610612760
1626204,Nance Jr.,2,11.06,5.53,-2.0,56.0,-58.0,-1.0,28.0,-29.0,-7.758,29.782,-37.54,-3.879,14.891,-18.77,2026-03-13,2026-03-27,1610612739
1629020,Vanderbilt,4,47.55,11.888,-8.0,41.0,-49.0,-2.0,10.25,-12.25,-24.231,50.875,-75.106,-6.058,12.719,-18.776,2026-03-12,2026-03-27,1610612747
1642434,Minix,2,11.53,5.765,-1.0,55.0,-56.0,-0.5,27.5,-28.0,-7.821,29.845,-37.666,-3.911,14.922,-18.833,2026-03-13,2026-03-27,1610612739
1642449,Smith,4,10.35,2.588,-4.0,83.0,-87.0,-1.0,20.75,-21.75,-7.15,68.529,-75.679,-1.787,17.132,-18.92,2026-03-19,2026-03-28,1610612765
1630322,Waters III,5,57.97,11.594,-1.0,126.0,-127.0,-0.2,25.2,-25.4,-0.428,96.975,-97.403,-0.086,19.395,-19.481,2026-03-17,2026-03-28,1610612759
1628969,Mikal Bridges,1,27.07,27.07,-13.0,30.0,-43.0,-13.0,30.0,-43.0,3.601,23.685,-20.084,3.601,23.685,-20.084,2026-03-11,2026-03-11,1610612752
1642384,Crawford,2,9.62,4.81,-6.0,60.0,-66.0,-3.0,30.0,-33.0,-7.191,34.488,-41.678,-3.596,17.244,-20.839,2026-03-20,2026-03-29,1610612745
1629639,Tyler Herro,2,0.0,0.0,0.0,28.0,-28.0,0.0,14.0,-14.0,0.0,41.881,-41.881,0.0,20.94,-20.94,2026-03-10,2026-03-12,1610612748
203497,Rudy Gobert,2,53.28,26.64,-49.0,10.0,-59.0,-24.5,5.0,-29.5,-33.425,8.738,-42.162,-16.712,4.369,-21.081,2026-03-10,2026-03-11,1610612750
1642905,Hansen,3,20.59,6.863,0.0,80.0,-80.0,0.0,26.667,-26.667,0.126,64.106,-63.981,0.042,21.369,-21.327,2026-03-13,2026-03-29,1610612757
1628365,Fultz,4,34.39,8.598,-36.0,92.0,-128.0,-9.0,23.0,-32.0,-30.521,57.099,-87.619,-7.63,14.275,-21.905,2026-03-23,2026-03-29,1610612761
1629216,Gabe Vincent,1,11.03,11.03,-8.0,20.0,-28.0,-8.0,20.0,-28.0,-5.154,16.796,-21.95,-5.154,16.796,-21.95,2026-03-10,2026-03-10,1610612737
1642484,Dennis,1,2.92,2.92,0.0,23.0,-23.0,0.0,23.0,-23.0,-2.494,19.457,-21.951,-2.494,19.457,-21.951,2026-03-14,2026-03-14,1610612737
1642382,Carlson,2,4.6,2.3,-4.0,42.0,-46.0,-2.0,21.0,-23.0,-4.359,39.682,-44.04,-2.18,19.841,-22.02,2026-03-23,2026-03-27,1610612760
1642873,Williams,2,3.98,1.99,-6.0,32.0,-38.0,-3.0,16.0,-19.0,-9.558,37.499,-47.057,-4.779,18.75,-23.528,2026-03-14,2026-03-29,1610612738
1629111,Jock Landale,1,15.47,15.47,-13.0,25.0,-38.0,-13.0,25.0,-38.0,-5.965,17.607,-23.572,-5.965,17.607,-23.572,2026-03-10,2026-03-10,1610612737
1642964,Barnhizer,3,18.96,6.32,-6.0,76.0,-82.0,-2.0,25.333,-27.333,-2.648,70.322,-72.97,-0.883,23.441,-24.323,2026-03-18,2026-03-23,1610612760
203482,Olynyk,5,35.46,7.092,-17.0,142.0,-159.0,-3.4,28.4,-31.8,-13.049,109.595,-122.643,-2.61,21.919,-24.529,2026-03-17,2026-03-28,1610612759
1631132,Koloko,3,20.55,6.85,-11.0,83.0,-94.0,-3.667,27.667,-31.333,-11.026,62.734,-73.761,-3.675,20.911,-24.587,2026-03-14,2026-03-28,1610612737
1629731,Dean Wade,1,19.97,19.97,-10.0,4.0,-14.0,-10.0,4.0,-14.0,-15.778,9.018,-24.796,-15.778,9.018,-24.796,2026-03-11,2026-03-11,1610612739
1642886,Brea,2,9.88,4.94,-7.0,54.0,-61.0,-3.5,27.0,-30.5,-2.421,47.602,-50.023,-1.21,23.801,-25.011,2026-03-22,2026-03-28,1610612756
1641989,Elijah Harkless,1,19.75,19.75,-31.0,14.0,-45.0,-31.0,14.0,-45.0,-26.628,-0.658,-25.97,-26.628,-0.658,-25.97,2026-03-11,2026-03-11,1610612762
1642258,Zaccharie Risacher,1,17.4,17.4,-11.0,23.0,-34.0,-11.0,23.0,-34.0,-7.167,18.809,-25.975,-7.167,18.809,-25.975,2026-03-10,2026-03-10,1610612737
1642267,Bub Carrington,1,35.97,35.97,-20.0,-1.0,-19.0,-20.0,-1.0,-19.0,-30.576,-4.425,-26.151,-30.576,-4.425,-26.151,2026-03-10,2026-03-10,1610612764
1629652,Luguentz Dort,2,0.0,0.0,0.0,50.0,-50.0,0.0,25.0,-25.0,0.0,53.926,-53.926,0.0,26.963,-26.963,2026-03-18,2026-03-21,1610612760
1630846,Sarr,1,4.18,4.18,-7.0,28.0,-35.0,-7.0,28.0,-35.0,-10.657,18.573,-29.23,-10.657,18.573,-29.23,2026-03-27,2026-03-27,1610612739
202687,Biyombo,4,24.48,6.12,-30.0,123.0,-153.0,-7.5,30.75,-38.25,-20.858,98.281,-119.139,-5.214,24.57,-29.785,2026-03-17,2026-03-25,1610612759
1642362,Sandfort,2,6.93,3.465,-11.0,58.0,-69.0,-5.5,29.0,-34.5,-8.21,51.95,-60.159,-4.105,25.975,-30.08,2026-03-18,2026-03-27,1610612760
1643158,Andersson Garcia,1,25.05,25.05,-31.0,14.0,-45.0,-31.0,14.0,-45.0,-29.128,1.842,-30.97,-29.128,1.842,-30.97,2026-03-11,2026-03-11,1610612762
1641764,Brandin Podziemski,1,26.92,26.92,-20.0,14.0,-34.0,-20.0,14.0,-34.0,-21.777,10.672,-32.449,-21.777,10.672,-32.449,2026-03-10,2026-03-10,1610612744
1642276,Kel'el Ware,1,0.0,0.0,0.0,21.0,-21.0,0.0,21.0,-21.0,0.0,35.001,-35.001,0.0,35.001,-35.001,2026-03-10,2026-03-10,1610612748
