{
  "overall": {
    "intercept": 0.20734264829689567,
    "slope": 0.1927465203020702,
    "r_squared": 0.11248895472941822,
    "kappa": 437.27338329858964
  },
  "catch_shoot": {
    "intercept": 0.19887805427924687,
    "slope": 0.22056370530159974,
    "r_squared": 0.11755905353003593,
    "kappa": 417.9590239739075
  },
  "pullup": {
    "intercept": 0.17361654264729837,
    "slope": 0.20692457522309157,
    "r_squared": 0.03414545496383026,
    "kappa": 270.23575807655317
  },
  "population": {
    "n_player_seasons": 3073,
    "seasons": [
      "2015-16",
      "2016-17",
      "2017-18",
      "2018-19",
      "2019-20",
      "2020-21",
      "2021-22",
      "2022-23",
      "2023-24",
      "2024-25"
    ],
    "mean_ft_pct": 0.7780514155548325,
    "mean_3pt_pct": 0.34746436706801165,
    "mean_cs_3pt_pct": 0.3608510012356283,
    "mean_pullup_3pt_pct": 0.29885153444139767,
    "mean_cs_rate": 0.675108385664168
  },
  "filters": {
    "min_3pa": 20,
    "min_fta": 30,
    "min_cs_3pa": 15,
    "min_pu_3pa": 15
  }
}